[2026-07-17T20:08:46.861+0530] {processor.py:186} INFO - Started process (PID=87141) to work on /Users/bhavishyachallagolla/Desktop/RetailSense/.venv/lib/python3.12/site-packages/airflow/example_dags/plugins/event_listener.py
[2026-07-17T20:08:46.861+0530] {processor.py:914} INFO - Processing file /Users/bhavishyachallagolla/Desktop/RetailSense/.venv/lib/python3.12/site-packages/airflow/example_dags/plugins/event_listener.py for tasks to queue
[2026-07-17T20:08:46.861+0530] {logging_mixin.py:190} INFO - [2026-07-17T20:08:46.861+0530] {dagbag.py:588} INFO - Filling up the DagBag from /Users/bhavishyachallagolla/Desktop/RetailSense/.venv/lib/python3.12/site-packages/airflow/example_dags/plugins/event_listener.py
[2026-07-17T20:08:46.862+0530] {processor.py:927} WARNING - No viable dags retrieved from /Users/bhavishyachallagolla/Desktop/RetailSense/.venv/lib/python3.12/site-packages/airflow/example_dags/plugins/event_listener.py
[2026-07-17T20:08:46.883+0530] {processor.py:208} INFO - Processing /Users/bhavishyachallagolla/Desktop/RetailSense/.venv/lib/python3.12/site-packages/airflow/example_dags/plugins/event_listener.py took 0.024 seconds
[2026-07-17T20:09:44.471+0530] {processor.py:186} INFO - Started process (PID=87246) to work on /Users/bhavishyachallagolla/Desktop/RetailSense/.venv/lib/python3.12/site-packages/airflow/example_dags/plugins/event_listener.py
[2026-07-17T20:09:44.472+0530] {processor.py:914} INFO - Processing file /Users/bhavishyachallagolla/Desktop/RetailSense/.venv/lib/python3.12/site-packages/airflow/example_dags/plugins/event_listener.py for tasks to queue
[2026-07-17T20:09:44.473+0530] {logging_mixin.py:190} INFO - [2026-07-17T20:09:44.473+0530] {dagbag.py:588} INFO - Filling up the DagBag from /Users/bhavishyachallagolla/Desktop/RetailSense/.venv/lib/python3.12/site-packages/airflow/example_dags/plugins/event_listener.py
[2026-07-17T20:09:44.473+0530] {processor.py:927} WARNING - No viable dags retrieved from /Users/bhavishyachallagolla/Desktop/RetailSense/.venv/lib/python3.12/site-packages/airflow/example_dags/plugins/event_listener.py
[2026-07-17T20:09:44.496+0530] {processor.py:208} INFO - Processing /Users/bhavishyachallagolla/Desktop/RetailSense/.venv/lib/python3.12/site-packages/airflow/example_dags/plugins/event_listener.py took 0.025 seconds
[2026-07-17T20:11:04.697+0530] {processor.py:186} INFO - Started process (PID=87371) to work on /Users/bhavishyachallagolla/Desktop/RetailSense/.venv/lib/python3.12/site-packages/airflow/example_dags/plugins/event_listener.py
[2026-07-17T20:11:04.698+0530] {processor.py:914} INFO - Processing file /Users/bhavishyachallagolla/Desktop/RetailSense/.venv/lib/python3.12/site-packages/airflow/example_dags/plugins/event_listener.py for tasks to queue
[2026-07-17T20:11:04.698+0530] {logging_mixin.py:190} INFO - [2026-07-17T20:11:04.698+0530] {dagbag.py:588} INFO - Filling up the DagBag from /Users/bhavishyachallagolla/Desktop/RetailSense/.venv/lib/python3.12/site-packages/airflow/example_dags/plugins/event_listener.py
[2026-07-17T20:11:04.698+0530] {processor.py:927} WARNING - No viable dags retrieved from /Users/bhavishyachallagolla/Desktop/RetailSense/.venv/lib/python3.12/site-packages/airflow/example_dags/plugins/event_listener.py
[2026-07-17T20:11:04.720+0530] {processor.py:208} INFO - Processing /Users/bhavishyachallagolla/Desktop/RetailSense/.venv/lib/python3.12/site-packages/airflow/example_dags/plugins/event_listener.py took 0.025 seconds
[2026-07-17T20:11:54.520+0530] {processor.py:186} INFO - Started process (PID=87446) to work on /Users/bhavishyachallagolla/Desktop/RetailSense/.venv/lib/python3.12/site-packages/airflow/example_dags/plugins/event_listener.py
[2026-07-17T20:11:54.520+0530] {processor.py:914} INFO - Processing file /Users/bhavishyachallagolla/Desktop/RetailSense/.venv/lib/python3.12/site-packages/airflow/example_dags/plugins/event_listener.py for tasks to queue
[2026-07-17T20:11:54.520+0530] {logging_mixin.py:190} INFO - [2026-07-17T20:11:54.520+0530] {dagbag.py:588} INFO - Filling up the DagBag from /Users/bhavishyachallagolla/Desktop/RetailSense/.venv/lib/python3.12/site-packages/airflow/example_dags/plugins/event_listener.py
[2026-07-17T20:11:54.521+0530] {processor.py:927} WARNING - No viable dags retrieved from /Users/bhavishyachallagolla/Desktop/RetailSense/.venv/lib/python3.12/site-packages/airflow/example_dags/plugins/event_listener.py
[2026-07-17T20:11:54.543+0530] {processor.py:208} INFO - Processing /Users/bhavishyachallagolla/Desktop/RetailSense/.venv/lib/python3.12/site-packages/airflow/example_dags/plugins/event_listener.py took 0.024 seconds
[2026-07-17T20:12:44.699+0530] {processor.py:186} INFO - Started process (PID=87521) to work on /Users/bhavishyachallagolla/Desktop/RetailSense/.venv/lib/python3.12/site-packages/airflow/example_dags/plugins/event_listener.py
[2026-07-17T20:12:44.700+0530] {processor.py:914} INFO - Processing file /Users/bhavishyachallagolla/Desktop/RetailSense/.venv/lib/python3.12/site-packages/airflow/example_dags/plugins/event_listener.py for tasks to queue
[2026-07-17T20:12:44.700+0530] {logging_mixin.py:190} INFO - [2026-07-17T20:12:44.700+0530] {dagbag.py:588} INFO - Filling up the DagBag from /Users/bhavishyachallagolla/Desktop/RetailSense/.venv/lib/python3.12/site-packages/airflow/example_dags/plugins/event_listener.py
[2026-07-17T20:12:44.700+0530] {processor.py:927} WARNING - No viable dags retrieved from /Users/bhavishyachallagolla/Desktop/RetailSense/.venv/lib/python3.12/site-packages/airflow/example_dags/plugins/event_listener.py
[2026-07-17T20:12:44.723+0530] {processor.py:208} INFO - Processing /Users/bhavishyachallagolla/Desktop/RetailSense/.venv/lib/python3.12/site-packages/airflow/example_dags/plugins/event_listener.py took 0.025 seconds
[2026-07-17T20:13:33.576+0530] {processor.py:186} INFO - Started process (PID=87598) to work on /Users/bhavishyachallagolla/Desktop/RetailSense/.venv/lib/python3.12/site-packages/airflow/example_dags/plugins/event_listener.py
[2026-07-17T20:13:33.577+0530] {processor.py:914} INFO - Processing file /Users/bhavishyachallagolla/Desktop/RetailSense/.venv/lib/python3.12/site-packages/airflow/example_dags/plugins/event_listener.py for tasks to queue
[2026-07-17T20:13:33.578+0530] {logging_mixin.py:190} INFO - [2026-07-17T20:13:33.578+0530] {dagbag.py:588} INFO - Filling up the DagBag from /Users/bhavishyachallagolla/Desktop/RetailSense/.venv/lib/python3.12/site-packages/airflow/example_dags/plugins/event_listener.py
[2026-07-17T20:13:33.578+0530] {processor.py:927} WARNING - No viable dags retrieved from /Users/bhavishyachallagolla/Desktop/RetailSense/.venv/lib/python3.12/site-packages/airflow/example_dags/plugins/event_listener.py
[2026-07-17T20:13:33.601+0530] {processor.py:208} INFO - Processing /Users/bhavishyachallagolla/Desktop/RetailSense/.venv/lib/python3.12/site-packages/airflow/example_dags/plugins/event_listener.py took 0.025 seconds
[2026-07-17T20:14:23.904+0530] {processor.py:186} INFO - Started process (PID=87674) to work on /Users/bhavishyachallagolla/Desktop/RetailSense/.venv/lib/python3.12/site-packages/airflow/example_dags/plugins/event_listener.py
[2026-07-17T20:14:23.905+0530] {processor.py:914} INFO - Processing file /Users/bhavishyachallagolla/Desktop/RetailSense/.venv/lib/python3.12/site-packages/airflow/example_dags/plugins/event_listener.py for tasks to queue
[2026-07-17T20:14:23.905+0530] {logging_mixin.py:190} INFO - [2026-07-17T20:14:23.905+0530] {dagbag.py:588} INFO - Filling up the DagBag from /Users/bhavishyachallagolla/Desktop/RetailSense/.venv/lib/python3.12/site-packages/airflow/example_dags/plugins/event_listener.py
[2026-07-17T20:14:23.905+0530] {processor.py:927} WARNING - No viable dags retrieved from /Users/bhavishyachallagolla/Desktop/RetailSense/.venv/lib/python3.12/site-packages/airflow/example_dags/plugins/event_listener.py
[2026-07-17T20:14:23.928+0530] {processor.py:208} INFO - Processing /Users/bhavishyachallagolla/Desktop/RetailSense/.venv/lib/python3.12/site-packages/airflow/example_dags/plugins/event_listener.py took 0.024 seconds
[2026-07-17T20:15:13.976+0530] {processor.py:186} INFO - Started process (PID=87763) to work on /Users/bhavishyachallagolla/Desktop/RetailSense/.venv/lib/python3.12/site-packages/airflow/example_dags/plugins/event_listener.py
[2026-07-17T20:15:13.977+0530] {processor.py:914} INFO - Processing file /Users/bhavishyachallagolla/Desktop/RetailSense/.venv/lib/python3.12/site-packages/airflow/example_dags/plugins/event_listener.py for tasks to queue
[2026-07-17T20:15:13.977+0530] {logging_mixin.py:190} INFO - [2026-07-17T20:15:13.977+0530] {dagbag.py:588} INFO - Filling up the DagBag from /Users/bhavishyachallagolla/Desktop/RetailSense/.venv/lib/python3.12/site-packages/airflow/example_dags/plugins/event_listener.py
[2026-07-17T20:15:13.978+0530] {processor.py:927} WARNING - No viable dags retrieved from /Users/bhavishyachallagolla/Desktop/RetailSense/.venv/lib/python3.12/site-packages/airflow/example_dags/plugins/event_listener.py
[2026-07-17T20:15:14.000+0530] {processor.py:208} INFO - Processing /Users/bhavishyachallagolla/Desktop/RetailSense/.venv/lib/python3.12/site-packages/airflow/example_dags/plugins/event_listener.py took 0.025 seconds
[2026-07-17T20:16:04.619+0530] {processor.py:186} INFO - Started process (PID=87842) to work on /Users/bhavishyachallagolla/Desktop/RetailSense/.venv/lib/python3.12/site-packages/airflow/example_dags/plugins/event_listener.py
[2026-07-17T20:16:04.621+0530] {processor.py:914} INFO - Processing file /Users/bhavishyachallagolla/Desktop/RetailSense/.venv/lib/python3.12/site-packages/airflow/example_dags/plugins/event_listener.py for tasks to queue
[2026-07-17T20:16:04.621+0530] {logging_mixin.py:190} INFO - [2026-07-17T20:16:04.621+0530] {dagbag.py:588} INFO - Filling up the DagBag from /Users/bhavishyachallagolla/Desktop/RetailSense/.venv/lib/python3.12/site-packages/airflow/example_dags/plugins/event_listener.py
[2026-07-17T20:16:04.621+0530] {processor.py:927} WARNING - No viable dags retrieved from /Users/bhavishyachallagolla/Desktop/RetailSense/.venv/lib/python3.12/site-packages/airflow/example_dags/plugins/event_listener.py
[2026-07-17T20:16:04.643+0530] {processor.py:208} INFO - Processing /Users/bhavishyachallagolla/Desktop/RetailSense/.venv/lib/python3.12/site-packages/airflow/example_dags/plugins/event_listener.py took 0.025 seconds
[2026-07-17T20:16:54.333+0530] {processor.py:186} INFO - Started process (PID=87915) to work on /Users/bhavishyachallagolla/Desktop/RetailSense/.venv/lib/python3.12/site-packages/airflow/example_dags/plugins/event_listener.py
[2026-07-17T20:16:54.334+0530] {processor.py:914} INFO - Processing file /Users/bhavishyachallagolla/Desktop/RetailSense/.venv/lib/python3.12/site-packages/airflow/example_dags/plugins/event_listener.py for tasks to queue
[2026-07-17T20:16:54.334+0530] {logging_mixin.py:190} INFO - [2026-07-17T20:16:54.334+0530] {dagbag.py:588} INFO - Filling up the DagBag from /Users/bhavishyachallagolla/Desktop/RetailSense/.venv/lib/python3.12/site-packages/airflow/example_dags/plugins/event_listener.py
[2026-07-17T20:16:54.334+0530] {processor.py:927} WARNING - No viable dags retrieved from /Users/bhavishyachallagolla/Desktop/RetailSense/.venv/lib/python3.12/site-packages/airflow/example_dags/plugins/event_listener.py
[2026-07-17T20:16:54.356+0530] {processor.py:208} INFO - Processing /Users/bhavishyachallagolla/Desktop/RetailSense/.venv/lib/python3.12/site-packages/airflow/example_dags/plugins/event_listener.py took 0.024 seconds
[2026-07-17T20:17:42.984+0530] {processor.py:186} INFO - Started process (PID=87989) to work on /Users/bhavishyachallagolla/Desktop/RetailSense/.venv/lib/python3.12/site-packages/airflow/example_dags/plugins/event_listener.py
[2026-07-17T20:17:42.984+0530] {processor.py:914} INFO - Processing file /Users/bhavishyachallagolla/Desktop/RetailSense/.venv/lib/python3.12/site-packages/airflow/example_dags/plugins/event_listener.py for tasks to queue
[2026-07-17T20:17:42.984+0530] {logging_mixin.py:190} INFO - [2026-07-17T20:17:42.984+0530] {dagbag.py:588} INFO - Filling up the DagBag from /Users/bhavishyachallagolla/Desktop/RetailSense/.venv/lib/python3.12/site-packages/airflow/example_dags/plugins/event_listener.py
[2026-07-17T20:17:42.985+0530] {processor.py:927} WARNING - No viable dags retrieved from /Users/bhavishyachallagolla/Desktop/RetailSense/.venv/lib/python3.12/site-packages/airflow/example_dags/plugins/event_listener.py
[2026-07-17T20:17:43.007+0530] {processor.py:208} INFO - Processing /Users/bhavishyachallagolla/Desktop/RetailSense/.venv/lib/python3.12/site-packages/airflow/example_dags/plugins/event_listener.py took 0.024 seconds
[2026-07-17T20:18:33.023+0530] {processor.py:186} INFO - Started process (PID=88068) to work on /Users/bhavishyachallagolla/Desktop/RetailSense/.venv/lib/python3.12/site-packages/airflow/example_dags/plugins/event_listener.py
[2026-07-17T20:18:33.023+0530] {processor.py:914} INFO - Processing file /Users/bhavishyachallagolla/Desktop/RetailSense/.venv/lib/python3.12/site-packages/airflow/example_dags/plugins/event_listener.py for tasks to queue
[2026-07-17T20:18:33.023+0530] {logging_mixin.py:190} INFO - [2026-07-17T20:18:33.023+0530] {dagbag.py:588} INFO - Filling up the DagBag from /Users/bhavishyachallagolla/Desktop/RetailSense/.venv/lib/python3.12/site-packages/airflow/example_dags/plugins/event_listener.py
[2026-07-17T20:18:33.024+0530] {processor.py:927} WARNING - No viable dags retrieved from /Users/bhavishyachallagolla/Desktop/RetailSense/.venv/lib/python3.12/site-packages/airflow/example_dags/plugins/event_listener.py
[2026-07-17T20:18:33.045+0530] {processor.py:208} INFO - Processing /Users/bhavishyachallagolla/Desktop/RetailSense/.venv/lib/python3.12/site-packages/airflow/example_dags/plugins/event_listener.py took 0.024 seconds
[2026-07-17T20:19:23.634+0530] {processor.py:186} INFO - Started process (PID=88142) to work on /Users/bhavishyachallagolla/Desktop/RetailSense/.venv/lib/python3.12/site-packages/airflow/example_dags/plugins/event_listener.py
[2026-07-17T20:19:23.635+0530] {processor.py:914} INFO - Processing file /Users/bhavishyachallagolla/Desktop/RetailSense/.venv/lib/python3.12/site-packages/airflow/example_dags/plugins/event_listener.py for tasks to queue
[2026-07-17T20:19:23.635+0530] {logging_mixin.py:190} INFO - [2026-07-17T20:19:23.635+0530] {dagbag.py:588} INFO - Filling up the DagBag from /Users/bhavishyachallagolla/Desktop/RetailSense/.venv/lib/python3.12/site-packages/airflow/example_dags/plugins/event_listener.py
[2026-07-17T20:19:23.635+0530] {processor.py:927} WARNING - No viable dags retrieved from /Users/bhavishyachallagolla/Desktop/RetailSense/.venv/lib/python3.12/site-packages/airflow/example_dags/plugins/event_listener.py
[2026-07-17T20:19:23.658+0530] {processor.py:208} INFO - Processing /Users/bhavishyachallagolla/Desktop/RetailSense/.venv/lib/python3.12/site-packages/airflow/example_dags/plugins/event_listener.py took 0.025 seconds
[2026-07-17T20:20:12.809+0530] {processor.py:186} INFO - Started process (PID=88233) to work on /Users/bhavishyachallagolla/Desktop/RetailSense/.venv/lib/python3.12/site-packages/airflow/example_dags/plugins/event_listener.py
[2026-07-17T20:20:12.810+0530] {processor.py:914} INFO - Processing file /Users/bhavishyachallagolla/Desktop/RetailSense/.venv/lib/python3.12/site-packages/airflow/example_dags/plugins/event_listener.py for tasks to queue
[2026-07-17T20:20:12.811+0530] {logging_mixin.py:190} INFO - [2026-07-17T20:20:12.811+0530] {dagbag.py:588} INFO - Filling up the DagBag from /Users/bhavishyachallagolla/Desktop/RetailSense/.venv/lib/python3.12/site-packages/airflow/example_dags/plugins/event_listener.py
[2026-07-17T20:20:12.811+0530] {processor.py:927} WARNING - No viable dags retrieved from /Users/bhavishyachallagolla/Desktop/RetailSense/.venv/lib/python3.12/site-packages/airflow/example_dags/plugins/event_listener.py
[2026-07-17T20:20:12.834+0530] {processor.py:208} INFO - Processing /Users/bhavishyachallagolla/Desktop/RetailSense/.venv/lib/python3.12/site-packages/airflow/example_dags/plugins/event_listener.py took 0.026 seconds
[2026-07-17T20:21:02.654+0530] {processor.py:186} INFO - Started process (PID=88309) to work on /Users/bhavishyachallagolla/Desktop/RetailSense/.venv/lib/python3.12/site-packages/airflow/example_dags/plugins/event_listener.py
[2026-07-17T20:21:02.655+0530] {processor.py:914} INFO - Processing file /Users/bhavishyachallagolla/Desktop/RetailSense/.venv/lib/python3.12/site-packages/airflow/example_dags/plugins/event_listener.py for tasks to queue
[2026-07-17T20:21:02.655+0530] {logging_mixin.py:190} INFO - [2026-07-17T20:21:02.655+0530] {dagbag.py:588} INFO - Filling up the DagBag from /Users/bhavishyachallagolla/Desktop/RetailSense/.venv/lib/python3.12/site-packages/airflow/example_dags/plugins/event_listener.py
[2026-07-17T20:21:02.656+0530] {processor.py:927} WARNING - No viable dags retrieved from /Users/bhavishyachallagolla/Desktop/RetailSense/.venv/lib/python3.12/site-packages/airflow/example_dags/plugins/event_listener.py
[2026-07-17T20:21:02.680+0530] {processor.py:208} INFO - Processing /Users/bhavishyachallagolla/Desktop/RetailSense/.venv/lib/python3.12/site-packages/airflow/example_dags/plugins/event_listener.py took 0.028 seconds
[2026-07-17T20:21:53.056+0530] {processor.py:186} INFO - Started process (PID=88386) to work on /Users/bhavishyachallagolla/Desktop/RetailSense/.venv/lib/python3.12/site-packages/airflow/example_dags/plugins/event_listener.py
[2026-07-17T20:21:53.057+0530] {processor.py:914} INFO - Processing file /Users/bhavishyachallagolla/Desktop/RetailSense/.venv/lib/python3.12/site-packages/airflow/example_dags/plugins/event_listener.py for tasks to queue
[2026-07-17T20:21:53.057+0530] {logging_mixin.py:190} INFO - [2026-07-17T20:21:53.057+0530] {dagbag.py:588} INFO - Filling up the DagBag from /Users/bhavishyachallagolla/Desktop/RetailSense/.venv/lib/python3.12/site-packages/airflow/example_dags/plugins/event_listener.py
[2026-07-17T20:21:53.057+0530] {processor.py:927} WARNING - No viable dags retrieved from /Users/bhavishyachallagolla/Desktop/RetailSense/.venv/lib/python3.12/site-packages/airflow/example_dags/plugins/event_listener.py
[2026-07-17T20:21:53.080+0530] {processor.py:208} INFO - Processing /Users/bhavishyachallagolla/Desktop/RetailSense/.venv/lib/python3.12/site-packages/airflow/example_dags/plugins/event_listener.py took 0.025 seconds
[2026-07-17T20:22:43.635+0530] {processor.py:186} INFO - Started process (PID=88462) to work on /Users/bhavishyachallagolla/Desktop/RetailSense/.venv/lib/python3.12/site-packages/airflow/example_dags/plugins/event_listener.py
[2026-07-17T20:22:43.635+0530] {processor.py:914} INFO - Processing file /Users/bhavishyachallagolla/Desktop/RetailSense/.venv/lib/python3.12/site-packages/airflow/example_dags/plugins/event_listener.py for tasks to queue
[2026-07-17T20:22:43.635+0530] {logging_mixin.py:190} INFO - [2026-07-17T20:22:43.635+0530] {dagbag.py:588} INFO - Filling up the DagBag from /Users/bhavishyachallagolla/Desktop/RetailSense/.venv/lib/python3.12/site-packages/airflow/example_dags/plugins/event_listener.py
[2026-07-17T20:22:43.636+0530] {processor.py:927} WARNING - No viable dags retrieved from /Users/bhavishyachallagolla/Desktop/RetailSense/.venv/lib/python3.12/site-packages/airflow/example_dags/plugins/event_listener.py
[2026-07-17T20:22:43.658+0530] {processor.py:208} INFO - Processing /Users/bhavishyachallagolla/Desktop/RetailSense/.venv/lib/python3.12/site-packages/airflow/example_dags/plugins/event_listener.py took 0.024 seconds
[2026-07-17T20:23:33.576+0530] {processor.py:186} INFO - Started process (PID=88542) to work on /Users/bhavishyachallagolla/Desktop/RetailSense/.venv/lib/python3.12/site-packages/airflow/example_dags/plugins/event_listener.py
[2026-07-17T20:23:33.577+0530] {processor.py:914} INFO - Processing file /Users/bhavishyachallagolla/Desktop/RetailSense/.venv/lib/python3.12/site-packages/airflow/example_dags/plugins/event_listener.py for tasks to queue
[2026-07-17T20:23:33.578+0530] {logging_mixin.py:190} INFO - [2026-07-17T20:23:33.577+0530] {dagbag.py:588} INFO - Filling up the DagBag from /Users/bhavishyachallagolla/Desktop/RetailSense/.venv/lib/python3.12/site-packages/airflow/example_dags/plugins/event_listener.py
[2026-07-17T20:23:33.578+0530] {processor.py:927} WARNING - No viable dags retrieved from /Users/bhavishyachallagolla/Desktop/RetailSense/.venv/lib/python3.12/site-packages/airflow/example_dags/plugins/event_listener.py
[2026-07-17T20:23:33.600+0530] {processor.py:208} INFO - Processing /Users/bhavishyachallagolla/Desktop/RetailSense/.venv/lib/python3.12/site-packages/airflow/example_dags/plugins/event_listener.py took 0.025 seconds
[2026-07-17T20:24:24.839+0530] {processor.py:186} INFO - Started process (PID=88619) to work on /Users/bhavishyachallagolla/Desktop/RetailSense/.venv/lib/python3.12/site-packages/airflow/example_dags/plugins/event_listener.py
[2026-07-17T20:24:24.840+0530] {processor.py:914} INFO - Processing file /Users/bhavishyachallagolla/Desktop/RetailSense/.venv/lib/python3.12/site-packages/airflow/example_dags/plugins/event_listener.py for tasks to queue
[2026-07-17T20:24:24.840+0530] {logging_mixin.py:190} INFO - [2026-07-17T20:24:24.840+0530] {dagbag.py:588} INFO - Filling up the DagBag from /Users/bhavishyachallagolla/Desktop/RetailSense/.venv/lib/python3.12/site-packages/airflow/example_dags/plugins/event_listener.py
[2026-07-17T20:24:24.841+0530] {processor.py:927} WARNING - No viable dags retrieved from /Users/bhavishyachallagolla/Desktop/RetailSense/.venv/lib/python3.12/site-packages/airflow/example_dags/plugins/event_listener.py
[2026-07-17T20:24:24.863+0530] {processor.py:208} INFO - Processing /Users/bhavishyachallagolla/Desktop/RetailSense/.venv/lib/python3.12/site-packages/airflow/example_dags/plugins/event_listener.py took 0.025 seconds
[2026-07-17T20:25:15.192+0530] {processor.py:186} INFO - Started process (PID=88694) to work on /Users/bhavishyachallagolla/Desktop/RetailSense/.venv/lib/python3.12/site-packages/airflow/example_dags/plugins/event_listener.py
[2026-07-17T20:25:15.192+0530] {processor.py:914} INFO - Processing file /Users/bhavishyachallagolla/Desktop/RetailSense/.venv/lib/python3.12/site-packages/airflow/example_dags/plugins/event_listener.py for tasks to queue
[2026-07-17T20:25:15.192+0530] {logging_mixin.py:190} INFO - [2026-07-17T20:25:15.192+0530] {dagbag.py:588} INFO - Filling up the DagBag from /Users/bhavishyachallagolla/Desktop/RetailSense/.venv/lib/python3.12/site-packages/airflow/example_dags/plugins/event_listener.py
[2026-07-17T20:25:15.193+0530] {processor.py:927} WARNING - No viable dags retrieved from /Users/bhavishyachallagolla/Desktop/RetailSense/.venv/lib/python3.12/site-packages/airflow/example_dags/plugins/event_listener.py
[2026-07-17T20:25:15.215+0530] {processor.py:208} INFO - Processing /Users/bhavishyachallagolla/Desktop/RetailSense/.venv/lib/python3.12/site-packages/airflow/example_dags/plugins/event_listener.py took 0.024 seconds
[2026-07-17T20:26:05.746+0530] {processor.py:186} INFO - Started process (PID=88782) to work on /Users/bhavishyachallagolla/Desktop/RetailSense/.venv/lib/python3.12/site-packages/airflow/example_dags/plugins/event_listener.py
[2026-07-17T20:26:05.747+0530] {processor.py:914} INFO - Processing file /Users/bhavishyachallagolla/Desktop/RetailSense/.venv/lib/python3.12/site-packages/airflow/example_dags/plugins/event_listener.py for tasks to queue
[2026-07-17T20:26:05.747+0530] {logging_mixin.py:190} INFO - [2026-07-17T20:26:05.747+0530] {dagbag.py:588} INFO - Filling up the DagBag from /Users/bhavishyachallagolla/Desktop/RetailSense/.venv/lib/python3.12/site-packages/airflow/example_dags/plugins/event_listener.py
[2026-07-17T20:26:05.748+0530] {processor.py:927} WARNING - No viable dags retrieved from /Users/bhavishyachallagolla/Desktop/RetailSense/.venv/lib/python3.12/site-packages/airflow/example_dags/plugins/event_listener.py
[2026-07-17T20:26:05.769+0530] {processor.py:208} INFO - Processing /Users/bhavishyachallagolla/Desktop/RetailSense/.venv/lib/python3.12/site-packages/airflow/example_dags/plugins/event_listener.py took 0.025 seconds
[2026-07-17T20:26:56.184+0530] {processor.py:186} INFO - Started process (PID=88862) to work on /Users/bhavishyachallagolla/Desktop/RetailSense/.venv/lib/python3.12/site-packages/airflow/example_dags/plugins/event_listener.py
[2026-07-17T20:26:56.184+0530] {processor.py:914} INFO - Processing file /Users/bhavishyachallagolla/Desktop/RetailSense/.venv/lib/python3.12/site-packages/airflow/example_dags/plugins/event_listener.py for tasks to queue
[2026-07-17T20:26:56.185+0530] {logging_mixin.py:190} INFO - [2026-07-17T20:26:56.184+0530] {dagbag.py:588} INFO - Filling up the DagBag from /Users/bhavishyachallagolla/Desktop/RetailSense/.venv/lib/python3.12/site-packages/airflow/example_dags/plugins/event_listener.py
[2026-07-17T20:26:56.185+0530] {processor.py:927} WARNING - No viable dags retrieved from /Users/bhavishyachallagolla/Desktop/RetailSense/.venv/lib/python3.12/site-packages/airflow/example_dags/plugins/event_listener.py
[2026-07-17T20:26:56.209+0530] {processor.py:208} INFO - Processing /Users/bhavishyachallagolla/Desktop/RetailSense/.venv/lib/python3.12/site-packages/airflow/example_dags/plugins/event_listener.py took 0.026 seconds
[2026-07-17T20:27:46.629+0530] {processor.py:186} INFO - Started process (PID=88936) to work on /Users/bhavishyachallagolla/Desktop/RetailSense/.venv/lib/python3.12/site-packages/airflow/example_dags/plugins/event_listener.py
[2026-07-17T20:27:46.629+0530] {processor.py:914} INFO - Processing file /Users/bhavishyachallagolla/Desktop/RetailSense/.venv/lib/python3.12/site-packages/airflow/example_dags/plugins/event_listener.py for tasks to queue
[2026-07-17T20:27:46.630+0530] {logging_mixin.py:190} INFO - [2026-07-17T20:27:46.630+0530] {dagbag.py:588} INFO - Filling up the DagBag from /Users/bhavishyachallagolla/Desktop/RetailSense/.venv/lib/python3.12/site-packages/airflow/example_dags/plugins/event_listener.py
[2026-07-17T20:27:46.630+0530] {processor.py:927} WARNING - No viable dags retrieved from /Users/bhavishyachallagolla/Desktop/RetailSense/.venv/lib/python3.12/site-packages/airflow/example_dags/plugins/event_listener.py
[2026-07-17T20:27:46.653+0530] {processor.py:208} INFO - Processing /Users/bhavishyachallagolla/Desktop/RetailSense/.venv/lib/python3.12/site-packages/airflow/example_dags/plugins/event_listener.py took 0.024 seconds
[2026-07-17T20:28:35.252+0530] {processor.py:186} INFO - Started process (PID=89013) to work on /Users/bhavishyachallagolla/Desktop/RetailSense/.venv/lib/python3.12/site-packages/airflow/example_dags/plugins/event_listener.py
[2026-07-17T20:28:35.252+0530] {processor.py:914} INFO - Processing file /Users/bhavishyachallagolla/Desktop/RetailSense/.venv/lib/python3.12/site-packages/airflow/example_dags/plugins/event_listener.py for tasks to queue
[2026-07-17T20:28:35.252+0530] {logging_mixin.py:190} INFO - [2026-07-17T20:28:35.252+0530] {dagbag.py:588} INFO - Filling up the DagBag from /Users/bhavishyachallagolla/Desktop/RetailSense/.venv/lib/python3.12/site-packages/airflow/example_dags/plugins/event_listener.py
[2026-07-17T20:28:35.253+0530] {processor.py:927} WARNING - No viable dags retrieved from /Users/bhavishyachallagolla/Desktop/RetailSense/.venv/lib/python3.12/site-packages/airflow/example_dags/plugins/event_listener.py
[2026-07-17T20:28:35.275+0530] {processor.py:208} INFO - Processing /Users/bhavishyachallagolla/Desktop/RetailSense/.venv/lib/python3.12/site-packages/airflow/example_dags/plugins/event_listener.py took 0.024 seconds
[2026-07-17T20:29:23.261+0530] {processor.py:186} INFO - Started process (PID=89085) to work on /Users/bhavishyachallagolla/Desktop/RetailSense/.venv/lib/python3.12/site-packages/airflow/example_dags/plugins/event_listener.py
[2026-07-17T20:29:23.261+0530] {processor.py:914} INFO - Processing file /Users/bhavishyachallagolla/Desktop/RetailSense/.venv/lib/python3.12/site-packages/airflow/example_dags/plugins/event_listener.py for tasks to queue
[2026-07-17T20:29:23.261+0530] {logging_mixin.py:190} INFO - [2026-07-17T20:29:23.261+0530] {dagbag.py:588} INFO - Filling up the DagBag from /Users/bhavishyachallagolla/Desktop/RetailSense/.venv/lib/python3.12/site-packages/airflow/example_dags/plugins/event_listener.py
[2026-07-17T20:29:23.262+0530] {processor.py:927} WARNING - No viable dags retrieved from /Users/bhavishyachallagolla/Desktop/RetailSense/.venv/lib/python3.12/site-packages/airflow/example_dags/plugins/event_listener.py
[2026-07-17T20:29:23.285+0530] {processor.py:208} INFO - Processing /Users/bhavishyachallagolla/Desktop/RetailSense/.venv/lib/python3.12/site-packages/airflow/example_dags/plugins/event_listener.py took 0.025 seconds
[2026-07-17T20:30:12.275+0530] {processor.py:186} INFO - Started process (PID=89168) to work on /Users/bhavishyachallagolla/Desktop/RetailSense/.venv/lib/python3.12/site-packages/airflow/example_dags/plugins/event_listener.py
[2026-07-17T20:30:12.277+0530] {processor.py:914} INFO - Processing file /Users/bhavishyachallagolla/Desktop/RetailSense/.venv/lib/python3.12/site-packages/airflow/example_dags/plugins/event_listener.py for tasks to queue
[2026-07-17T20:30:12.277+0530] {logging_mixin.py:190} INFO - [2026-07-17T20:30:12.277+0530] {dagbag.py:588} INFO - Filling up the DagBag from /Users/bhavishyachallagolla/Desktop/RetailSense/.venv/lib/python3.12/site-packages/airflow/example_dags/plugins/event_listener.py
[2026-07-17T20:30:12.277+0530] {processor.py:927} WARNING - No viable dags retrieved from /Users/bhavishyachallagolla/Desktop/RetailSense/.venv/lib/python3.12/site-packages/airflow/example_dags/plugins/event_listener.py
[2026-07-17T20:30:12.300+0530] {processor.py:208} INFO - Processing /Users/bhavishyachallagolla/Desktop/RetailSense/.venv/lib/python3.12/site-packages/airflow/example_dags/plugins/event_listener.py took 0.025 seconds
[2026-07-17T20:31:02.278+0530] {processor.py:186} INFO - Started process (PID=89242) to work on /Users/bhavishyachallagolla/Desktop/RetailSense/.venv/lib/python3.12/site-packages/airflow/example_dags/plugins/event_listener.py
[2026-07-17T20:31:02.278+0530] {processor.py:914} INFO - Processing file /Users/bhavishyachallagolla/Desktop/RetailSense/.venv/lib/python3.12/site-packages/airflow/example_dags/plugins/event_listener.py for tasks to queue
[2026-07-17T20:31:02.278+0530] {logging_mixin.py:190} INFO - [2026-07-17T20:31:02.278+0530] {dagbag.py:588} INFO - Filling up the DagBag from /Users/bhavishyachallagolla/Desktop/RetailSense/.venv/lib/python3.12/site-packages/airflow/example_dags/plugins/event_listener.py
[2026-07-17T20:31:02.279+0530] {processor.py:927} WARNING - No viable dags retrieved from /Users/bhavishyachallagolla/Desktop/RetailSense/.venv/lib/python3.12/site-packages/airflow/example_dags/plugins/event_listener.py
[2026-07-17T20:31:02.301+0530] {processor.py:208} INFO - Processing /Users/bhavishyachallagolla/Desktop/RetailSense/.venv/lib/python3.12/site-packages/airflow/example_dags/plugins/event_listener.py took 0.024 seconds
[2026-07-17T20:31:53.377+0530] {processor.py:186} INFO - Started process (PID=89317) to work on /Users/bhavishyachallagolla/Desktop/RetailSense/.venv/lib/python3.12/site-packages/airflow/example_dags/plugins/event_listener.py
[2026-07-17T20:31:53.378+0530] {processor.py:914} INFO - Processing file /Users/bhavishyachallagolla/Desktop/RetailSense/.venv/lib/python3.12/site-packages/airflow/example_dags/plugins/event_listener.py for tasks to queue
[2026-07-17T20:31:53.378+0530] {logging_mixin.py:190} INFO - [2026-07-17T20:31:53.378+0530] {dagbag.py:588} INFO - Filling up the DagBag from /Users/bhavishyachallagolla/Desktop/RetailSense/.venv/lib/python3.12/site-packages/airflow/example_dags/plugins/event_listener.py
[2026-07-17T20:31:53.378+0530] {processor.py:927} WARNING - No viable dags retrieved from /Users/bhavishyachallagolla/Desktop/RetailSense/.venv/lib/python3.12/site-packages/airflow/example_dags/plugins/event_listener.py
[2026-07-17T20:31:53.401+0530] {processor.py:208} INFO - Processing /Users/bhavishyachallagolla/Desktop/RetailSense/.venv/lib/python3.12/site-packages/airflow/example_dags/plugins/event_listener.py took 0.024 seconds
[2026-07-17T20:32:43.971+0530] {processor.py:186} INFO - Started process (PID=89392) to work on /Users/bhavishyachallagolla/Desktop/RetailSense/.venv/lib/python3.12/site-packages/airflow/example_dags/plugins/event_listener.py
[2026-07-17T20:32:43.971+0530] {processor.py:914} INFO - Processing file /Users/bhavishyachallagolla/Desktop/RetailSense/.venv/lib/python3.12/site-packages/airflow/example_dags/plugins/event_listener.py for tasks to queue
[2026-07-17T20:32:43.971+0530] {logging_mixin.py:190} INFO - [2026-07-17T20:32:43.971+0530] {dagbag.py:588} INFO - Filling up the DagBag from /Users/bhavishyachallagolla/Desktop/RetailSense/.venv/lib/python3.12/site-packages/airflow/example_dags/plugins/event_listener.py
[2026-07-17T20:32:43.972+0530] {processor.py:927} WARNING - No viable dags retrieved from /Users/bhavishyachallagolla/Desktop/RetailSense/.venv/lib/python3.12/site-packages/airflow/example_dags/plugins/event_listener.py
[2026-07-17T20:32:43.994+0530] {processor.py:208} INFO - Processing /Users/bhavishyachallagolla/Desktop/RetailSense/.venv/lib/python3.12/site-packages/airflow/example_dags/plugins/event_listener.py took 0.025 seconds
[2026-07-17T20:33:34.319+0530] {processor.py:186} INFO - Started process (PID=89468) to work on /Users/bhavishyachallagolla/Desktop/RetailSense/.venv/lib/python3.12/site-packages/airflow/example_dags/plugins/event_listener.py
[2026-07-17T20:33:34.320+0530] {processor.py:914} INFO - Processing file /Users/bhavishyachallagolla/Desktop/RetailSense/.venv/lib/python3.12/site-packages/airflow/example_dags/plugins/event_listener.py for tasks to queue
[2026-07-17T20:33:34.320+0530] {logging_mixin.py:190} INFO - [2026-07-17T20:33:34.320+0530] {dagbag.py:588} INFO - Filling up the DagBag from /Users/bhavishyachallagolla/Desktop/RetailSense/.venv/lib/python3.12/site-packages/airflow/example_dags/plugins/event_listener.py
[2026-07-17T20:33:34.320+0530] {processor.py:927} WARNING - No viable dags retrieved from /Users/bhavishyachallagolla/Desktop/RetailSense/.venv/lib/python3.12/site-packages/airflow/example_dags/plugins/event_listener.py
[2026-07-17T20:33:34.342+0530] {processor.py:208} INFO - Processing /Users/bhavishyachallagolla/Desktop/RetailSense/.venv/lib/python3.12/site-packages/airflow/example_dags/plugins/event_listener.py took 0.024 seconds
[2026-07-17T20:34:24.866+0530] {processor.py:186} INFO - Started process (PID=89542) to work on /Users/bhavishyachallagolla/Desktop/RetailSense/.venv/lib/python3.12/site-packages/airflow/example_dags/plugins/event_listener.py
[2026-07-17T20:34:24.866+0530] {processor.py:914} INFO - Processing file /Users/bhavishyachallagolla/Desktop/RetailSense/.venv/lib/python3.12/site-packages/airflow/example_dags/plugins/event_listener.py for tasks to queue
[2026-07-17T20:34:24.867+0530] {logging_mixin.py:190} INFO - [2026-07-17T20:34:24.867+0530] {dagbag.py:588} INFO - Filling up the DagBag from /Users/bhavishyachallagolla/Desktop/RetailSense/.venv/lib/python3.12/site-packages/airflow/example_dags/plugins/event_listener.py
[2026-07-17T20:34:24.867+0530] {processor.py:927} WARNING - No viable dags retrieved from /Users/bhavishyachallagolla/Desktop/RetailSense/.venv/lib/python3.12/site-packages/airflow/example_dags/plugins/event_listener.py
[2026-07-17T20:34:24.890+0530] {processor.py:208} INFO - Processing /Users/bhavishyachallagolla/Desktop/RetailSense/.venv/lib/python3.12/site-packages/airflow/example_dags/plugins/event_listener.py took 0.024 seconds
[2026-07-17T20:35:14.832+0530] {processor.py:186} INFO - Started process (PID=89617) to work on /Users/bhavishyachallagolla/Desktop/RetailSense/.venv/lib/python3.12/site-packages/airflow/example_dags/plugins/event_listener.py
[2026-07-17T20:35:14.832+0530] {processor.py:914} INFO - Processing file /Users/bhavishyachallagolla/Desktop/RetailSense/.venv/lib/python3.12/site-packages/airflow/example_dags/plugins/event_listener.py for tasks to queue
[2026-07-17T20:35:14.832+0530] {logging_mixin.py:190} INFO - [2026-07-17T20:35:14.832+0530] {dagbag.py:588} INFO - Filling up the DagBag from /Users/bhavishyachallagolla/Desktop/RetailSense/.venv/lib/python3.12/site-packages/airflow/example_dags/plugins/event_listener.py
[2026-07-17T20:35:14.833+0530] {processor.py:927} WARNING - No viable dags retrieved from /Users/bhavishyachallagolla/Desktop/RetailSense/.venv/lib/python3.12/site-packages/airflow/example_dags/plugins/event_listener.py
[2026-07-17T20:35:14.855+0530] {processor.py:208} INFO - Processing /Users/bhavishyachallagolla/Desktop/RetailSense/.venv/lib/python3.12/site-packages/airflow/example_dags/plugins/event_listener.py took 0.025 seconds
[2026-07-17T20:36:04.748+0530] {processor.py:186} INFO - Started process (PID=89691) to work on /Users/bhavishyachallagolla/Desktop/RetailSense/.venv/lib/python3.12/site-packages/airflow/example_dags/plugins/event_listener.py
[2026-07-17T20:36:04.748+0530] {processor.py:914} INFO - Processing file /Users/bhavishyachallagolla/Desktop/RetailSense/.venv/lib/python3.12/site-packages/airflow/example_dags/plugins/event_listener.py for tasks to queue
[2026-07-17T20:36:04.748+0530] {logging_mixin.py:190} INFO - [2026-07-17T20:36:04.748+0530] {dagbag.py:588} INFO - Filling up the DagBag from /Users/bhavishyachallagolla/Desktop/RetailSense/.venv/lib/python3.12/site-packages/airflow/example_dags/plugins/event_listener.py
[2026-07-17T20:36:04.749+0530] {processor.py:927} WARNING - No viable dags retrieved from /Users/bhavishyachallagolla/Desktop/RetailSense/.venv/lib/python3.12/site-packages/airflow/example_dags/plugins/event_listener.py
[2026-07-17T20:36:04.771+0530] {processor.py:208} INFO - Processing /Users/bhavishyachallagolla/Desktop/RetailSense/.venv/lib/python3.12/site-packages/airflow/example_dags/plugins/event_listener.py took 0.024 seconds
[2026-07-17T20:36:55.799+0530] {processor.py:186} INFO - Started process (PID=89768) to work on /Users/bhavishyachallagolla/Desktop/RetailSense/.venv/lib/python3.12/site-packages/airflow/example_dags/plugins/event_listener.py
[2026-07-17T20:36:55.799+0530] {processor.py:914} INFO - Processing file /Users/bhavishyachallagolla/Desktop/RetailSense/.venv/lib/python3.12/site-packages/airflow/example_dags/plugins/event_listener.py for tasks to queue
[2026-07-17T20:36:55.799+0530] {logging_mixin.py:190} INFO - [2026-07-17T20:36:55.799+0530] {dagbag.py:588} INFO - Filling up the DagBag from /Users/bhavishyachallagolla/Desktop/RetailSense/.venv/lib/python3.12/site-packages/airflow/example_dags/plugins/event_listener.py
[2026-07-17T20:36:55.800+0530] {processor.py:927} WARNING - No viable dags retrieved from /Users/bhavishyachallagolla/Desktop/RetailSense/.venv/lib/python3.12/site-packages/airflow/example_dags/plugins/event_listener.py
[2026-07-17T20:36:55.822+0530] {processor.py:208} INFO - Processing /Users/bhavishyachallagolla/Desktop/RetailSense/.venv/lib/python3.12/site-packages/airflow/example_dags/plugins/event_listener.py took 0.025 seconds
[2026-07-17T20:37:46.117+0530] {processor.py:186} INFO - Started process (PID=89843) to work on /Users/bhavishyachallagolla/Desktop/RetailSense/.venv/lib/python3.12/site-packages/airflow/example_dags/plugins/event_listener.py
[2026-07-17T20:37:46.118+0530] {processor.py:914} INFO - Processing file /Users/bhavishyachallagolla/Desktop/RetailSense/.venv/lib/python3.12/site-packages/airflow/example_dags/plugins/event_listener.py for tasks to queue
[2026-07-17T20:37:46.118+0530] {logging_mixin.py:190} INFO - [2026-07-17T20:37:46.118+0530] {dagbag.py:588} INFO - Filling up the DagBag from /Users/bhavishyachallagolla/Desktop/RetailSense/.venv/lib/python3.12/site-packages/airflow/example_dags/plugins/event_listener.py
[2026-07-17T20:37:46.118+0530] {processor.py:927} WARNING - No viable dags retrieved from /Users/bhavishyachallagolla/Desktop/RetailSense/.venv/lib/python3.12/site-packages/airflow/example_dags/plugins/event_listener.py
[2026-07-17T20:37:46.140+0530] {processor.py:208} INFO - Processing /Users/bhavishyachallagolla/Desktop/RetailSense/.venv/lib/python3.12/site-packages/airflow/example_dags/plugins/event_listener.py took 0.024 seconds
[2026-07-17T20:38:37.589+0530] {processor.py:186} INFO - Started process (PID=89927) to work on /Users/bhavishyachallagolla/Desktop/RetailSense/.venv/lib/python3.12/site-packages/airflow/example_dags/plugins/event_listener.py
[2026-07-17T20:38:37.591+0530] {processor.py:914} INFO - Processing file /Users/bhavishyachallagolla/Desktop/RetailSense/.venv/lib/python3.12/site-packages/airflow/example_dags/plugins/event_listener.py for tasks to queue
[2026-07-17T20:38:37.591+0530] {logging_mixin.py:190} INFO - [2026-07-17T20:38:37.591+0530] {dagbag.py:588} INFO - Filling up the DagBag from /Users/bhavishyachallagolla/Desktop/RetailSense/.venv/lib/python3.12/site-packages/airflow/example_dags/plugins/event_listener.py
[2026-07-17T20:38:37.591+0530] {processor.py:927} WARNING - No viable dags retrieved from /Users/bhavishyachallagolla/Desktop/RetailSense/.venv/lib/python3.12/site-packages/airflow/example_dags/plugins/event_listener.py
[2026-07-17T20:38:37.614+0530] {processor.py:208} INFO - Processing /Users/bhavishyachallagolla/Desktop/RetailSense/.venv/lib/python3.12/site-packages/airflow/example_dags/plugins/event_listener.py took 0.025 seconds
[2026-07-17T20:39:29.265+0530] {processor.py:186} INFO - Started process (PID=90027) to work on /Users/bhavishyachallagolla/Desktop/RetailSense/.venv/lib/python3.12/site-packages/airflow/example_dags/plugins/event_listener.py
[2026-07-17T20:39:29.266+0530] {processor.py:914} INFO - Processing file /Users/bhavishyachallagolla/Desktop/RetailSense/.venv/lib/python3.12/site-packages/airflow/example_dags/plugins/event_listener.py for tasks to queue
[2026-07-17T20:39:29.266+0530] {logging_mixin.py:190} INFO - [2026-07-17T20:39:29.266+0530] {dagbag.py:588} INFO - Filling up the DagBag from /Users/bhavishyachallagolla/Desktop/RetailSense/.venv/lib/python3.12/site-packages/airflow/example_dags/plugins/event_listener.py
[2026-07-17T20:39:29.267+0530] {processor.py:927} WARNING - No viable dags retrieved from /Users/bhavishyachallagolla/Desktop/RetailSense/.venv/lib/python3.12/site-packages/airflow/example_dags/plugins/event_listener.py
[2026-07-17T20:39:29.290+0530] {processor.py:208} INFO - Processing /Users/bhavishyachallagolla/Desktop/RetailSense/.venv/lib/python3.12/site-packages/airflow/example_dags/plugins/event_listener.py took 0.026 seconds
[2026-07-17T20:40:19.250+0530] {processor.py:186} INFO - Started process (PID=90161) to work on /Users/bhavishyachallagolla/Desktop/RetailSense/.venv/lib/python3.12/site-packages/airflow/example_dags/plugins/event_listener.py
[2026-07-17T20:40:19.252+0530] {processor.py:914} INFO - Processing file /Users/bhavishyachallagolla/Desktop/RetailSense/.venv/lib/python3.12/site-packages/airflow/example_dags/plugins/event_listener.py for tasks to queue
[2026-07-17T20:40:19.252+0530] {logging_mixin.py:190} INFO - [2026-07-17T20:40:19.252+0530] {dagbag.py:588} INFO - Filling up the DagBag from /Users/bhavishyachallagolla/Desktop/RetailSense/.venv/lib/python3.12/site-packages/airflow/example_dags/plugins/event_listener.py
[2026-07-17T20:40:19.252+0530] {processor.py:927} WARNING - No viable dags retrieved from /Users/bhavishyachallagolla/Desktop/RetailSense/.venv/lib/python3.12/site-packages/airflow/example_dags/plugins/event_listener.py
[2026-07-17T20:40:19.275+0530] {processor.py:208} INFO - Processing /Users/bhavishyachallagolla/Desktop/RetailSense/.venv/lib/python3.12/site-packages/airflow/example_dags/plugins/event_listener.py took 0.025 seconds
[2026-07-17T20:41:08.868+0530] {processor.py:186} INFO - Started process (PID=90260) to work on /Users/bhavishyachallagolla/Desktop/RetailSense/.venv/lib/python3.12/site-packages/airflow/example_dags/plugins/event_listener.py
[2026-07-17T20:41:08.869+0530] {processor.py:914} INFO - Processing file /Users/bhavishyachallagolla/Desktop/RetailSense/.venv/lib/python3.12/site-packages/airflow/example_dags/plugins/event_listener.py for tasks to queue
[2026-07-17T20:41:08.870+0530] {logging_mixin.py:190} INFO - [2026-07-17T20:41:08.869+0530] {dagbag.py:588} INFO - Filling up the DagBag from /Users/bhavishyachallagolla/Desktop/RetailSense/.venv/lib/python3.12/site-packages/airflow/example_dags/plugins/event_listener.py
[2026-07-17T20:41:08.870+0530] {processor.py:927} WARNING - No viable dags retrieved from /Users/bhavishyachallagolla/Desktop/RetailSense/.venv/lib/python3.12/site-packages/airflow/example_dags/plugins/event_listener.py
[2026-07-17T20:41:08.892+0530] {processor.py:208} INFO - Processing /Users/bhavishyachallagolla/Desktop/RetailSense/.venv/lib/python3.12/site-packages/airflow/example_dags/plugins/event_listener.py took 0.025 seconds
[2026-07-17T20:41:58.664+0530] {processor.py:186} INFO - Started process (PID=90352) to work on /Users/bhavishyachallagolla/Desktop/RetailSense/.venv/lib/python3.12/site-packages/airflow/example_dags/plugins/event_listener.py
[2026-07-17T20:41:58.665+0530] {processor.py:914} INFO - Processing file /Users/bhavishyachallagolla/Desktop/RetailSense/.venv/lib/python3.12/site-packages/airflow/example_dags/plugins/event_listener.py for tasks to queue
[2026-07-17T20:41:58.665+0530] {logging_mixin.py:190} INFO - [2026-07-17T20:41:58.665+0530] {dagbag.py:588} INFO - Filling up the DagBag from /Users/bhavishyachallagolla/Desktop/RetailSense/.venv/lib/python3.12/site-packages/airflow/example_dags/plugins/event_listener.py
[2026-07-17T20:41:58.665+0530] {processor.py:927} WARNING - No viable dags retrieved from /Users/bhavishyachallagolla/Desktop/RetailSense/.venv/lib/python3.12/site-packages/airflow/example_dags/plugins/event_listener.py
[2026-07-17T20:41:58.688+0530] {processor.py:208} INFO - Processing /Users/bhavishyachallagolla/Desktop/RetailSense/.venv/lib/python3.12/site-packages/airflow/example_dags/plugins/event_listener.py took 0.025 seconds
[2026-07-17T20:42:48.946+0530] {processor.py:186} INFO - Started process (PID=90427) to work on /Users/bhavishyachallagolla/Desktop/RetailSense/.venv/lib/python3.12/site-packages/airflow/example_dags/plugins/event_listener.py
[2026-07-17T20:42:48.947+0530] {processor.py:914} INFO - Processing file /Users/bhavishyachallagolla/Desktop/RetailSense/.venv/lib/python3.12/site-packages/airflow/example_dags/plugins/event_listener.py for tasks to queue
[2026-07-17T20:42:48.947+0530] {logging_mixin.py:190} INFO - [2026-07-17T20:42:48.947+0530] {dagbag.py:588} INFO - Filling up the DagBag from /Users/bhavishyachallagolla/Desktop/RetailSense/.venv/lib/python3.12/site-packages/airflow/example_dags/plugins/event_listener.py
[2026-07-17T20:42:48.947+0530] {processor.py:927} WARNING - No viable dags retrieved from /Users/bhavishyachallagolla/Desktop/RetailSense/.venv/lib/python3.12/site-packages/airflow/example_dags/plugins/event_listener.py
[2026-07-17T20:42:48.969+0530] {processor.py:208} INFO - Processing /Users/bhavishyachallagolla/Desktop/RetailSense/.venv/lib/python3.12/site-packages/airflow/example_dags/plugins/event_listener.py took 0.024 seconds
[2026-07-17T20:43:37.811+0530] {processor.py:186} INFO - Started process (PID=90500) to work on /Users/bhavishyachallagolla/Desktop/RetailSense/.venv/lib/python3.12/site-packages/airflow/example_dags/plugins/event_listener.py
[2026-07-17T20:43:37.811+0530] {processor.py:914} INFO - Processing file /Users/bhavishyachallagolla/Desktop/RetailSense/.venv/lib/python3.12/site-packages/airflow/example_dags/plugins/event_listener.py for tasks to queue
[2026-07-17T20:43:37.811+0530] {logging_mixin.py:190} INFO - [2026-07-17T20:43:37.811+0530] {dagbag.py:588} INFO - Filling up the DagBag from /Users/bhavishyachallagolla/Desktop/RetailSense/.venv/lib/python3.12/site-packages/airflow/example_dags/plugins/event_listener.py
[2026-07-17T20:43:37.812+0530] {processor.py:927} WARNING - No viable dags retrieved from /Users/bhavishyachallagolla/Desktop/RetailSense/.venv/lib/python3.12/site-packages/airflow/example_dags/plugins/event_listener.py
[2026-07-17T20:43:37.834+0530] {processor.py:208} INFO - Processing /Users/bhavishyachallagolla/Desktop/RetailSense/.venv/lib/python3.12/site-packages/airflow/example_dags/plugins/event_listener.py took 0.024 seconds
[2026-07-17T20:44:28.198+0530] {processor.py:186} INFO - Started process (PID=90575) to work on /Users/bhavishyachallagolla/Desktop/RetailSense/.venv/lib/python3.12/site-packages/airflow/example_dags/plugins/event_listener.py
[2026-07-17T20:44:28.198+0530] {processor.py:914} INFO - Processing file /Users/bhavishyachallagolla/Desktop/RetailSense/.venv/lib/python3.12/site-packages/airflow/example_dags/plugins/event_listener.py for tasks to queue
[2026-07-17T20:44:28.198+0530] {logging_mixin.py:190} INFO - [2026-07-17T20:44:28.198+0530] {dagbag.py:588} INFO - Filling up the DagBag from /Users/bhavishyachallagolla/Desktop/RetailSense/.venv/lib/python3.12/site-packages/airflow/example_dags/plugins/event_listener.py
[2026-07-17T20:44:28.199+0530] {processor.py:927} WARNING - No viable dags retrieved from /Users/bhavishyachallagolla/Desktop/RetailSense/.venv/lib/python3.12/site-packages/airflow/example_dags/plugins/event_listener.py
[2026-07-17T20:44:28.221+0530] {processor.py:208} INFO - Processing /Users/bhavishyachallagolla/Desktop/RetailSense/.venv/lib/python3.12/site-packages/airflow/example_dags/plugins/event_listener.py took 0.024 seconds
[2026-07-17T20:45:17.496+0530] {processor.py:186} INFO - Started process (PID=90659) to work on /Users/bhavishyachallagolla/Desktop/RetailSense/.venv/lib/python3.12/site-packages/airflow/example_dags/plugins/event_listener.py
[2026-07-17T20:45:17.496+0530] {processor.py:914} INFO - Processing file /Users/bhavishyachallagolla/Desktop/RetailSense/.venv/lib/python3.12/site-packages/airflow/example_dags/plugins/event_listener.py for tasks to queue
[2026-07-17T20:45:17.496+0530] {logging_mixin.py:190} INFO - [2026-07-17T20:45:17.496+0530] {dagbag.py:588} INFO - Filling up the DagBag from /Users/bhavishyachallagolla/Desktop/RetailSense/.venv/lib/python3.12/site-packages/airflow/example_dags/plugins/event_listener.py
[2026-07-17T20:45:17.497+0530] {processor.py:927} WARNING - No viable dags retrieved from /Users/bhavishyachallagolla/Desktop/RetailSense/.venv/lib/python3.12/site-packages/airflow/example_dags/plugins/event_listener.py
[2026-07-17T20:45:17.519+0530] {processor.py:208} INFO - Processing /Users/bhavishyachallagolla/Desktop/RetailSense/.venv/lib/python3.12/site-packages/airflow/example_dags/plugins/event_listener.py took 0.024 seconds
[2026-07-17T20:46:07.936+0530] {processor.py:186} INFO - Started process (PID=90735) to work on /Users/bhavishyachallagolla/Desktop/RetailSense/.venv/lib/python3.12/site-packages/airflow/example_dags/plugins/event_listener.py
[2026-07-17T20:46:07.937+0530] {processor.py:914} INFO - Processing file /Users/bhavishyachallagolla/Desktop/RetailSense/.venv/lib/python3.12/site-packages/airflow/example_dags/plugins/event_listener.py for tasks to queue
[2026-07-17T20:46:07.937+0530] {logging_mixin.py:190} INFO - [2026-07-17T20:46:07.937+0530] {dagbag.py:588} INFO - Filling up the DagBag from /Users/bhavishyachallagolla/Desktop/RetailSense/.venv/lib/python3.12/site-packages/airflow/example_dags/plugins/event_listener.py
[2026-07-17T20:46:07.937+0530] {processor.py:927} WARNING - No viable dags retrieved from /Users/bhavishyachallagolla/Desktop/RetailSense/.venv/lib/python3.12/site-packages/airflow/example_dags/plugins/event_listener.py
[2026-07-17T20:46:07.959+0530] {processor.py:208} INFO - Processing /Users/bhavishyachallagolla/Desktop/RetailSense/.venv/lib/python3.12/site-packages/airflow/example_dags/plugins/event_listener.py took 0.024 seconds
[2026-07-17T20:46:58.927+0530] {processor.py:186} INFO - Started process (PID=90810) to work on /Users/bhavishyachallagolla/Desktop/RetailSense/.venv/lib/python3.12/site-packages/airflow/example_dags/plugins/event_listener.py
[2026-07-17T20:46:58.928+0530] {processor.py:914} INFO - Processing file /Users/bhavishyachallagolla/Desktop/RetailSense/.venv/lib/python3.12/site-packages/airflow/example_dags/plugins/event_listener.py for tasks to queue
[2026-07-17T20:46:58.928+0530] {logging_mixin.py:190} INFO - [2026-07-17T20:46:58.928+0530] {dagbag.py:588} INFO - Filling up the DagBag from /Users/bhavishyachallagolla/Desktop/RetailSense/.venv/lib/python3.12/site-packages/airflow/example_dags/plugins/event_listener.py
[2026-07-17T20:46:58.928+0530] {processor.py:927} WARNING - No viable dags retrieved from /Users/bhavishyachallagolla/Desktop/RetailSense/.venv/lib/python3.12/site-packages/airflow/example_dags/plugins/event_listener.py
[2026-07-17T20:46:58.951+0530] {processor.py:208} INFO - Processing /Users/bhavishyachallagolla/Desktop/RetailSense/.venv/lib/python3.12/site-packages/airflow/example_dags/plugins/event_listener.py took 0.025 seconds
[2026-07-17T20:47:49.387+0530] {processor.py:186} INFO - Started process (PID=90885) to work on /Users/bhavishyachallagolla/Desktop/RetailSense/.venv/lib/python3.12/site-packages/airflow/example_dags/plugins/event_listener.py
[2026-07-17T20:47:49.388+0530] {processor.py:914} INFO - Processing file /Users/bhavishyachallagolla/Desktop/RetailSense/.venv/lib/python3.12/site-packages/airflow/example_dags/plugins/event_listener.py for tasks to queue
[2026-07-17T20:47:49.388+0530] {logging_mixin.py:190} INFO - [2026-07-17T20:47:49.388+0530] {dagbag.py:588} INFO - Filling up the DagBag from /Users/bhavishyachallagolla/Desktop/RetailSense/.venv/lib/python3.12/site-packages/airflow/example_dags/plugins/event_listener.py
[2026-07-17T20:47:49.389+0530] {processor.py:927} WARNING - No viable dags retrieved from /Users/bhavishyachallagolla/Desktop/RetailSense/.venv/lib/python3.12/site-packages/airflow/example_dags/plugins/event_listener.py
[2026-07-17T20:47:49.412+0530] {processor.py:208} INFO - Processing /Users/bhavishyachallagolla/Desktop/RetailSense/.venv/lib/python3.12/site-packages/airflow/example_dags/plugins/event_listener.py took 0.026 seconds
[2026-07-17T20:48:39.418+0530] {processor.py:186} INFO - Started process (PID=90964) to work on /Users/bhavishyachallagolla/Desktop/RetailSense/.venv/lib/python3.12/site-packages/airflow/example_dags/plugins/event_listener.py
[2026-07-17T20:48:39.419+0530] {processor.py:914} INFO - Processing file /Users/bhavishyachallagolla/Desktop/RetailSense/.venv/lib/python3.12/site-packages/airflow/example_dags/plugins/event_listener.py for tasks to queue
[2026-07-17T20:48:39.419+0530] {logging_mixin.py:190} INFO - [2026-07-17T20:48:39.419+0530] {dagbag.py:588} INFO - Filling up the DagBag from /Users/bhavishyachallagolla/Desktop/RetailSense/.venv/lib/python3.12/site-packages/airflow/example_dags/plugins/event_listener.py
[2026-07-17T20:48:39.419+0530] {processor.py:927} WARNING - No viable dags retrieved from /Users/bhavishyachallagolla/Desktop/RetailSense/.venv/lib/python3.12/site-packages/airflow/example_dags/plugins/event_listener.py
[2026-07-17T20:48:39.442+0530] {processor.py:208} INFO - Processing /Users/bhavishyachallagolla/Desktop/RetailSense/.venv/lib/python3.12/site-packages/airflow/example_dags/plugins/event_listener.py took 0.025 seconds
[2026-07-17T20:49:29.895+0530] {processor.py:186} INFO - Started process (PID=91053) to work on /Users/bhavishyachallagolla/Desktop/RetailSense/.venv/lib/python3.12/site-packages/airflow/example_dags/plugins/event_listener.py
[2026-07-17T20:49:29.896+0530] {processor.py:914} INFO - Processing file /Users/bhavishyachallagolla/Desktop/RetailSense/.venv/lib/python3.12/site-packages/airflow/example_dags/plugins/event_listener.py for tasks to queue
[2026-07-17T20:49:29.896+0530] {logging_mixin.py:190} INFO - [2026-07-17T20:49:29.896+0530] {dagbag.py:588} INFO - Filling up the DagBag from /Users/bhavishyachallagolla/Desktop/RetailSense/.venv/lib/python3.12/site-packages/airflow/example_dags/plugins/event_listener.py
[2026-07-17T20:49:29.896+0530] {processor.py:927} WARNING - No viable dags retrieved from /Users/bhavishyachallagolla/Desktop/RetailSense/.venv/lib/python3.12/site-packages/airflow/example_dags/plugins/event_listener.py
[2026-07-17T20:49:29.919+0530] {processor.py:208} INFO - Processing /Users/bhavishyachallagolla/Desktop/RetailSense/.venv/lib/python3.12/site-packages/airflow/example_dags/plugins/event_listener.py took 0.025 seconds
[2026-07-17T20:50:17.626+0530] {processor.py:186} INFO - Started process (PID=91131) to work on /Users/bhavishyachallagolla/Desktop/RetailSense/.venv/lib/python3.12/site-packages/airflow/example_dags/plugins/event_listener.py
[2026-07-17T20:50:17.627+0530] {processor.py:914} INFO - Processing file /Users/bhavishyachallagolla/Desktop/RetailSense/.venv/lib/python3.12/site-packages/airflow/example_dags/plugins/event_listener.py for tasks to queue
[2026-07-17T20:50:17.627+0530] {logging_mixin.py:190} INFO - [2026-07-17T20:50:17.627+0530] {dagbag.py:588} INFO - Filling up the DagBag from /Users/bhavishyachallagolla/Desktop/RetailSense/.venv/lib/python3.12/site-packages/airflow/example_dags/plugins/event_listener.py
[2026-07-17T20:50:17.627+0530] {processor.py:927} WARNING - No viable dags retrieved from /Users/bhavishyachallagolla/Desktop/RetailSense/.venv/lib/python3.12/site-packages/airflow/example_dags/plugins/event_listener.py
[2026-07-17T20:50:17.650+0530] {processor.py:208} INFO - Processing /Users/bhavishyachallagolla/Desktop/RetailSense/.venv/lib/python3.12/site-packages/airflow/example_dags/plugins/event_listener.py took 0.024 seconds
[2026-07-17T20:51:07.480+0530] {processor.py:186} INFO - Started process (PID=91205) to work on /Users/bhavishyachallagolla/Desktop/RetailSense/.venv/lib/python3.12/site-packages/airflow/example_dags/plugins/event_listener.py
[2026-07-17T20:51:07.481+0530] {processor.py:914} INFO - Processing file /Users/bhavishyachallagolla/Desktop/RetailSense/.venv/lib/python3.12/site-packages/airflow/example_dags/plugins/event_listener.py for tasks to queue
[2026-07-17T20:51:07.481+0530] {logging_mixin.py:190} INFO - [2026-07-17T20:51:07.481+0530] {dagbag.py:588} INFO - Filling up the DagBag from /Users/bhavishyachallagolla/Desktop/RetailSense/.venv/lib/python3.12/site-packages/airflow/example_dags/plugins/event_listener.py
[2026-07-17T20:51:07.481+0530] {processor.py:927} WARNING - No viable dags retrieved from /Users/bhavishyachallagolla/Desktop/RetailSense/.venv/lib/python3.12/site-packages/airflow/example_dags/plugins/event_listener.py
[2026-07-17T20:51:07.504+0530] {processor.py:208} INFO - Processing /Users/bhavishyachallagolla/Desktop/RetailSense/.venv/lib/python3.12/site-packages/airflow/example_dags/plugins/event_listener.py took 0.024 seconds
[2026-07-17T20:51:59.508+0530] {processor.py:186} INFO - Started process (PID=91283) to work on /Users/bhavishyachallagolla/Desktop/RetailSense/.venv/lib/python3.12/site-packages/airflow/example_dags/plugins/event_listener.py
[2026-07-17T20:51:59.509+0530] {processor.py:914} INFO - Processing file /Users/bhavishyachallagolla/Desktop/RetailSense/.venv/lib/python3.12/site-packages/airflow/example_dags/plugins/event_listener.py for tasks to queue
[2026-07-17T20:51:59.510+0530] {logging_mixin.py:190} INFO - [2026-07-17T20:51:59.510+0530] {dagbag.py:588} INFO - Filling up the DagBag from /Users/bhavishyachallagolla/Desktop/RetailSense/.venv/lib/python3.12/site-packages/airflow/example_dags/plugins/event_listener.py
[2026-07-17T20:51:59.510+0530] {processor.py:927} WARNING - No viable dags retrieved from /Users/bhavishyachallagolla/Desktop/RetailSense/.venv/lib/python3.12/site-packages/airflow/example_dags/plugins/event_listener.py
[2026-07-17T20:51:59.533+0530] {processor.py:208} INFO - Processing /Users/bhavishyachallagolla/Desktop/RetailSense/.venv/lib/python3.12/site-packages/airflow/example_dags/plugins/event_listener.py took 0.025 seconds
[2026-07-17T20:52:49.966+0530] {processor.py:186} INFO - Started process (PID=91358) to work on /Users/bhavishyachallagolla/Desktop/RetailSense/.venv/lib/python3.12/site-packages/airflow/example_dags/plugins/event_listener.py
[2026-07-17T20:52:49.967+0530] {processor.py:914} INFO - Processing file /Users/bhavishyachallagolla/Desktop/RetailSense/.venv/lib/python3.12/site-packages/airflow/example_dags/plugins/event_listener.py for tasks to queue
[2026-07-17T20:52:49.968+0530] {logging_mixin.py:190} INFO - [2026-07-17T20:52:49.968+0530] {dagbag.py:588} INFO - Filling up the DagBag from /Users/bhavishyachallagolla/Desktop/RetailSense/.venv/lib/python3.12/site-packages/airflow/example_dags/plugins/event_listener.py
[2026-07-17T20:52:49.968+0530] {processor.py:927} WARNING - No viable dags retrieved from /Users/bhavishyachallagolla/Desktop/RetailSense/.venv/lib/python3.12/site-packages/airflow/example_dags/plugins/event_listener.py
[2026-07-17T20:52:49.991+0530] {processor.py:208} INFO - Processing /Users/bhavishyachallagolla/Desktop/RetailSense/.venv/lib/python3.12/site-packages/airflow/example_dags/plugins/event_listener.py took 0.026 seconds
[2026-07-17T20:53:40.347+0530] {processor.py:186} INFO - Started process (PID=91433) to work on /Users/bhavishyachallagolla/Desktop/RetailSense/.venv/lib/python3.12/site-packages/airflow/example_dags/plugins/event_listener.py
[2026-07-17T20:53:40.347+0530] {processor.py:914} INFO - Processing file /Users/bhavishyachallagolla/Desktop/RetailSense/.venv/lib/python3.12/site-packages/airflow/example_dags/plugins/event_listener.py for tasks to queue
[2026-07-17T20:53:40.347+0530] {logging_mixin.py:190} INFO - [2026-07-17T20:53:40.347+0530] {dagbag.py:588} INFO - Filling up the DagBag from /Users/bhavishyachallagolla/Desktop/RetailSense/.venv/lib/python3.12/site-packages/airflow/example_dags/plugins/event_listener.py
[2026-07-17T20:53:40.348+0530] {processor.py:927} WARNING - No viable dags retrieved from /Users/bhavishyachallagolla/Desktop/RetailSense/.venv/lib/python3.12/site-packages/airflow/example_dags/plugins/event_listener.py
[2026-07-17T20:53:40.370+0530] {processor.py:208} INFO - Processing /Users/bhavishyachallagolla/Desktop/RetailSense/.venv/lib/python3.12/site-packages/airflow/example_dags/plugins/event_listener.py took 0.024 seconds
[2026-07-17T20:54:31.653+0530] {processor.py:186} INFO - Started process (PID=91510) to work on /Users/bhavishyachallagolla/Desktop/RetailSense/.venv/lib/python3.12/site-packages/airflow/example_dags/plugins/event_listener.py
[2026-07-17T20:54:31.654+0530] {processor.py:914} INFO - Processing file /Users/bhavishyachallagolla/Desktop/RetailSense/.venv/lib/python3.12/site-packages/airflow/example_dags/plugins/event_listener.py for tasks to queue
[2026-07-17T20:54:31.655+0530] {logging_mixin.py:190} INFO - [2026-07-17T20:54:31.654+0530] {dagbag.py:588} INFO - Filling up the DagBag from /Users/bhavishyachallagolla/Desktop/RetailSense/.venv/lib/python3.12/site-packages/airflow/example_dags/plugins/event_listener.py
[2026-07-17T20:54:31.655+0530] {processor.py:927} WARNING - No viable dags retrieved from /Users/bhavishyachallagolla/Desktop/RetailSense/.venv/lib/python3.12/site-packages/airflow/example_dags/plugins/event_listener.py
[2026-07-17T20:54:31.677+0530] {processor.py:208} INFO - Processing /Users/bhavishyachallagolla/Desktop/RetailSense/.venv/lib/python3.12/site-packages/airflow/example_dags/plugins/event_listener.py took 0.025 seconds
[2026-07-17T20:55:21.673+0530] {processor.py:186} INFO - Started process (PID=91600) to work on /Users/bhavishyachallagolla/Desktop/RetailSense/.venv/lib/python3.12/site-packages/airflow/example_dags/plugins/event_listener.py
[2026-07-17T20:55:21.674+0530] {processor.py:914} INFO - Processing file /Users/bhavishyachallagolla/Desktop/RetailSense/.venv/lib/python3.12/site-packages/airflow/example_dags/plugins/event_listener.py for tasks to queue
[2026-07-17T20:55:21.675+0530] {logging_mixin.py:190} INFO - [2026-07-17T20:55:21.674+0530] {dagbag.py:588} INFO - Filling up the DagBag from /Users/bhavishyachallagolla/Desktop/RetailSense/.venv/lib/python3.12/site-packages/airflow/example_dags/plugins/event_listener.py
[2026-07-17T20:55:21.675+0530] {processor.py:927} WARNING - No viable dags retrieved from /Users/bhavishyachallagolla/Desktop/RetailSense/.venv/lib/python3.12/site-packages/airflow/example_dags/plugins/event_listener.py
[2026-07-17T20:55:21.697+0530] {processor.py:208} INFO - Processing /Users/bhavishyachallagolla/Desktop/RetailSense/.venv/lib/python3.12/site-packages/airflow/example_dags/plugins/event_listener.py took 0.025 seconds
[2026-07-17T20:56:11.425+0530] {processor.py:186} INFO - Started process (PID=91674) to work on /Users/bhavishyachallagolla/Desktop/RetailSense/.venv/lib/python3.12/site-packages/airflow/example_dags/plugins/event_listener.py
[2026-07-17T20:56:11.426+0530] {processor.py:914} INFO - Processing file /Users/bhavishyachallagolla/Desktop/RetailSense/.venv/lib/python3.12/site-packages/airflow/example_dags/plugins/event_listener.py for tasks to queue
[2026-07-17T20:56:11.426+0530] {logging_mixin.py:190} INFO - [2026-07-17T20:56:11.426+0530] {dagbag.py:588} INFO - Filling up the DagBag from /Users/bhavishyachallagolla/Desktop/RetailSense/.venv/lib/python3.12/site-packages/airflow/example_dags/plugins/event_listener.py
[2026-07-17T20:56:11.427+0530] {processor.py:927} WARNING - No viable dags retrieved from /Users/bhavishyachallagolla/Desktop/RetailSense/.venv/lib/python3.12/site-packages/airflow/example_dags/plugins/event_listener.py
[2026-07-17T20:56:11.449+0530] {processor.py:208} INFO - Processing /Users/bhavishyachallagolla/Desktop/RetailSense/.venv/lib/python3.12/site-packages/airflow/example_dags/plugins/event_listener.py took 0.025 seconds
[2026-07-17T20:57:01.839+0530] {processor.py:186} INFO - Started process (PID=91748) to work on /Users/bhavishyachallagolla/Desktop/RetailSense/.venv/lib/python3.12/site-packages/airflow/example_dags/plugins/event_listener.py
[2026-07-17T20:57:01.840+0530] {processor.py:914} INFO - Processing file /Users/bhavishyachallagolla/Desktop/RetailSense/.venv/lib/python3.12/site-packages/airflow/example_dags/plugins/event_listener.py for tasks to queue
[2026-07-17T20:57:01.840+0530] {logging_mixin.py:190} INFO - [2026-07-17T20:57:01.840+0530] {dagbag.py:588} INFO - Filling up the DagBag from /Users/bhavishyachallagolla/Desktop/RetailSense/.venv/lib/python3.12/site-packages/airflow/example_dags/plugins/event_listener.py
[2026-07-17T20:57:01.840+0530] {processor.py:927} WARNING - No viable dags retrieved from /Users/bhavishyachallagolla/Desktop/RetailSense/.venv/lib/python3.12/site-packages/airflow/example_dags/plugins/event_listener.py
[2026-07-17T20:57:01.863+0530] {processor.py:208} INFO - Processing /Users/bhavishyachallagolla/Desktop/RetailSense/.venv/lib/python3.12/site-packages/airflow/example_dags/plugins/event_listener.py took 0.024 seconds
[2026-07-17T20:57:50.882+0530] {processor.py:186} INFO - Started process (PID=91821) to work on /Users/bhavishyachallagolla/Desktop/RetailSense/.venv/lib/python3.12/site-packages/airflow/example_dags/plugins/event_listener.py
[2026-07-17T20:57:50.882+0530] {processor.py:914} INFO - Processing file /Users/bhavishyachallagolla/Desktop/RetailSense/.venv/lib/python3.12/site-packages/airflow/example_dags/plugins/event_listener.py for tasks to queue
[2026-07-17T20:57:50.882+0530] {logging_mixin.py:190} INFO - [2026-07-17T20:57:50.882+0530] {dagbag.py:588} INFO - Filling up the DagBag from /Users/bhavishyachallagolla/Desktop/RetailSense/.venv/lib/python3.12/site-packages/airflow/example_dags/plugins/event_listener.py
[2026-07-17T20:57:50.883+0530] {processor.py:927} WARNING - No viable dags retrieved from /Users/bhavishyachallagolla/Desktop/RetailSense/.venv/lib/python3.12/site-packages/airflow/example_dags/plugins/event_listener.py
[2026-07-17T20:57:50.905+0530] {processor.py:208} INFO - Processing /Users/bhavishyachallagolla/Desktop/RetailSense/.venv/lib/python3.12/site-packages/airflow/example_dags/plugins/event_listener.py took 0.024 seconds
[2026-07-17T20:58:39.821+0530] {processor.py:186} INFO - Started process (PID=91893) to work on /Users/bhavishyachallagolla/Desktop/RetailSense/.venv/lib/python3.12/site-packages/airflow/example_dags/plugins/event_listener.py
[2026-07-17T20:58:39.822+0530] {processor.py:914} INFO - Processing file /Users/bhavishyachallagolla/Desktop/RetailSense/.venv/lib/python3.12/site-packages/airflow/example_dags/plugins/event_listener.py for tasks to queue
[2026-07-17T20:58:39.822+0530] {logging_mixin.py:190} INFO - [2026-07-17T20:58:39.822+0530] {dagbag.py:588} INFO - Filling up the DagBag from /Users/bhavishyachallagolla/Desktop/RetailSense/.venv/lib/python3.12/site-packages/airflow/example_dags/plugins/event_listener.py
[2026-07-17T20:58:39.822+0530] {processor.py:927} WARNING - No viable dags retrieved from /Users/bhavishyachallagolla/Desktop/RetailSense/.venv/lib/python3.12/site-packages/airflow/example_dags/plugins/event_listener.py
[2026-07-17T20:58:39.845+0530] {processor.py:208} INFO - Processing /Users/bhavishyachallagolla/Desktop/RetailSense/.venv/lib/python3.12/site-packages/airflow/example_dags/plugins/event_listener.py took 0.024 seconds
[2026-07-17T20:59:30.681+0530] {processor.py:186} INFO - Started process (PID=91969) to work on /Users/bhavishyachallagolla/Desktop/RetailSense/.venv/lib/python3.12/site-packages/airflow/example_dags/plugins/event_listener.py
[2026-07-17T20:59:30.682+0530] {processor.py:914} INFO - Processing file /Users/bhavishyachallagolla/Desktop/RetailSense/.venv/lib/python3.12/site-packages/airflow/example_dags/plugins/event_listener.py for tasks to queue
[2026-07-17T20:59:30.682+0530] {logging_mixin.py:190} INFO - [2026-07-17T20:59:30.682+0530] {dagbag.py:588} INFO - Filling up the DagBag from /Users/bhavishyachallagolla/Desktop/RetailSense/.venv/lib/python3.12/site-packages/airflow/example_dags/plugins/event_listener.py
[2026-07-17T20:59:30.682+0530] {processor.py:927} WARNING - No viable dags retrieved from /Users/bhavishyachallagolla/Desktop/RetailSense/.venv/lib/python3.12/site-packages/airflow/example_dags/plugins/event_listener.py
[2026-07-17T20:59:30.704+0530] {processor.py:208} INFO - Processing /Users/bhavishyachallagolla/Desktop/RetailSense/.venv/lib/python3.12/site-packages/airflow/example_dags/plugins/event_listener.py took 0.024 seconds
[2026-07-17T22:21:39.802+0530] {processor.py:186} INFO - Started process (PID=92053) to work on /Users/bhavishyachallagolla/Desktop/RetailSense/.venv/lib/python3.12/site-packages/airflow/example_dags/plugins/event_listener.py
[2026-07-17T22:21:39.804+0530] {processor.py:914} INFO - Processing file /Users/bhavishyachallagolla/Desktop/RetailSense/.venv/lib/python3.12/site-packages/airflow/example_dags/plugins/event_listener.py for tasks to queue
[2026-07-17T22:21:39.804+0530] {logging_mixin.py:190} INFO - [2026-07-17T22:21:39.804+0530] {dagbag.py:588} INFO - Filling up the DagBag from /Users/bhavishyachallagolla/Desktop/RetailSense/.venv/lib/python3.12/site-packages/airflow/example_dags/plugins/event_listener.py
[2026-07-17T22:21:39.804+0530] {processor.py:927} WARNING - No viable dags retrieved from /Users/bhavishyachallagolla/Desktop/RetailSense/.venv/lib/python3.12/site-packages/airflow/example_dags/plugins/event_listener.py
[2026-07-17T22:21:39.825+0530] {processor.py:208} INFO - Processing /Users/bhavishyachallagolla/Desktop/RetailSense/.venv/lib/python3.12/site-packages/airflow/example_dags/plugins/event_listener.py took 0.025 seconds
[2026-07-17T22:23:27.360+0530] {processor.py:186} INFO - Started process (PID=92195) to work on /Users/bhavishyachallagolla/Desktop/RetailSense/.venv/lib/python3.12/site-packages/airflow/example_dags/plugins/event_listener.py
[2026-07-17T22:23:27.361+0530] {processor.py:914} INFO - Processing file /Users/bhavishyachallagolla/Desktop/RetailSense/.venv/lib/python3.12/site-packages/airflow/example_dags/plugins/event_listener.py for tasks to queue
[2026-07-17T22:23:27.362+0530] {logging_mixin.py:190} INFO - [2026-07-17T22:23:27.362+0530] {dagbag.py:588} INFO - Filling up the DagBag from /Users/bhavishyachallagolla/Desktop/RetailSense/.venv/lib/python3.12/site-packages/airflow/example_dags/plugins/event_listener.py
[2026-07-17T22:23:27.362+0530] {processor.py:927} WARNING - No viable dags retrieved from /Users/bhavishyachallagolla/Desktop/RetailSense/.venv/lib/python3.12/site-packages/airflow/example_dags/plugins/event_listener.py
[2026-07-17T22:23:27.384+0530] {processor.py:208} INFO - Processing /Users/bhavishyachallagolla/Desktop/RetailSense/.venv/lib/python3.12/site-packages/airflow/example_dags/plugins/event_listener.py took 0.025 seconds
[2026-07-17T22:24:18.106+0530] {processor.py:186} INFO - Started process (PID=92273) to work on /Users/bhavishyachallagolla/Desktop/RetailSense/.venv/lib/python3.12/site-packages/airflow/example_dags/plugins/event_listener.py
[2026-07-17T22:24:18.107+0530] {processor.py:914} INFO - Processing file /Users/bhavishyachallagolla/Desktop/RetailSense/.venv/lib/python3.12/site-packages/airflow/example_dags/plugins/event_listener.py for tasks to queue
[2026-07-17T22:24:18.107+0530] {logging_mixin.py:190} INFO - [2026-07-17T22:24:18.107+0530] {dagbag.py:588} INFO - Filling up the DagBag from /Users/bhavishyachallagolla/Desktop/RetailSense/.venv/lib/python3.12/site-packages/airflow/example_dags/plugins/event_listener.py
[2026-07-17T22:24:18.107+0530] {processor.py:927} WARNING - No viable dags retrieved from /Users/bhavishyachallagolla/Desktop/RetailSense/.venv/lib/python3.12/site-packages/airflow/example_dags/plugins/event_listener.py
[2026-07-17T22:24:18.129+0530] {processor.py:208} INFO - Processing /Users/bhavishyachallagolla/Desktop/RetailSense/.venv/lib/python3.12/site-packages/airflow/example_dags/plugins/event_listener.py took 0.025 seconds
[2026-07-17T22:25:08.458+0530] {processor.py:186} INFO - Started process (PID=92347) to work on /Users/bhavishyachallagolla/Desktop/RetailSense/.venv/lib/python3.12/site-packages/airflow/example_dags/plugins/event_listener.py
[2026-07-17T22:25:08.458+0530] {processor.py:914} INFO - Processing file /Users/bhavishyachallagolla/Desktop/RetailSense/.venv/lib/python3.12/site-packages/airflow/example_dags/plugins/event_listener.py for tasks to queue
[2026-07-17T22:25:08.458+0530] {logging_mixin.py:190} INFO - [2026-07-17T22:25:08.458+0530] {dagbag.py:588} INFO - Filling up the DagBag from /Users/bhavishyachallagolla/Desktop/RetailSense/.venv/lib/python3.12/site-packages/airflow/example_dags/plugins/event_listener.py
[2026-07-17T22:25:08.459+0530] {processor.py:927} WARNING - No viable dags retrieved from /Users/bhavishyachallagolla/Desktop/RetailSense/.venv/lib/python3.12/site-packages/airflow/example_dags/plugins/event_listener.py
[2026-07-17T22:25:08.480+0530] {processor.py:208} INFO - Processing /Users/bhavishyachallagolla/Desktop/RetailSense/.venv/lib/python3.12/site-packages/airflow/example_dags/plugins/event_listener.py took 0.023 seconds
[2026-07-17T22:25:57.250+0530] {processor.py:186} INFO - Started process (PID=92423) to work on /Users/bhavishyachallagolla/Desktop/RetailSense/.venv/lib/python3.12/site-packages/airflow/example_dags/plugins/event_listener.py
[2026-07-17T22:25:57.250+0530] {processor.py:914} INFO - Processing file /Users/bhavishyachallagolla/Desktop/RetailSense/.venv/lib/python3.12/site-packages/airflow/example_dags/plugins/event_listener.py for tasks to queue
[2026-07-17T22:25:57.250+0530] {logging_mixin.py:190} INFO - [2026-07-17T22:25:57.250+0530] {dagbag.py:588} INFO - Filling up the DagBag from /Users/bhavishyachallagolla/Desktop/RetailSense/.venv/lib/python3.12/site-packages/airflow/example_dags/plugins/event_listener.py
[2026-07-17T22:25:57.251+0530] {processor.py:927} WARNING - No viable dags retrieved from /Users/bhavishyachallagolla/Desktop/RetailSense/.venv/lib/python3.12/site-packages/airflow/example_dags/plugins/event_listener.py
[2026-07-17T22:25:57.273+0530] {processor.py:208} INFO - Processing /Users/bhavishyachallagolla/Desktop/RetailSense/.venv/lib/python3.12/site-packages/airflow/example_dags/plugins/event_listener.py took 0.024 seconds
[2026-07-17T22:26:47.828+0530] {processor.py:186} INFO - Started process (PID=92497) to work on /Users/bhavishyachallagolla/Desktop/RetailSense/.venv/lib/python3.12/site-packages/airflow/example_dags/plugins/event_listener.py
[2026-07-17T22:26:47.829+0530] {processor.py:914} INFO - Processing file /Users/bhavishyachallagolla/Desktop/RetailSense/.venv/lib/python3.12/site-packages/airflow/example_dags/plugins/event_listener.py for tasks to queue
[2026-07-17T22:26:47.829+0530] {logging_mixin.py:190} INFO - [2026-07-17T22:26:47.829+0530] {dagbag.py:588} INFO - Filling up the DagBag from /Users/bhavishyachallagolla/Desktop/RetailSense/.venv/lib/python3.12/site-packages/airflow/example_dags/plugins/event_listener.py
[2026-07-17T22:26:47.829+0530] {processor.py:927} WARNING - No viable dags retrieved from /Users/bhavishyachallagolla/Desktop/RetailSense/.venv/lib/python3.12/site-packages/airflow/example_dags/plugins/event_listener.py
[2026-07-17T22:26:47.851+0530] {processor.py:208} INFO - Processing /Users/bhavishyachallagolla/Desktop/RetailSense/.venv/lib/python3.12/site-packages/airflow/example_dags/plugins/event_listener.py took 0.025 seconds
[2026-07-17T22:27:37.639+0530] {processor.py:186} INFO - Started process (PID=92573) to work on /Users/bhavishyachallagolla/Desktop/RetailSense/.venv/lib/python3.12/site-packages/airflow/example_dags/plugins/event_listener.py
[2026-07-17T22:27:37.639+0530] {processor.py:914} INFO - Processing file /Users/bhavishyachallagolla/Desktop/RetailSense/.venv/lib/python3.12/site-packages/airflow/example_dags/plugins/event_listener.py for tasks to queue
[2026-07-17T22:27:37.640+0530] {logging_mixin.py:190} INFO - [2026-07-17T22:27:37.640+0530] {dagbag.py:588} INFO - Filling up the DagBag from /Users/bhavishyachallagolla/Desktop/RetailSense/.venv/lib/python3.12/site-packages/airflow/example_dags/plugins/event_listener.py
[2026-07-17T22:27:37.640+0530] {processor.py:927} WARNING - No viable dags retrieved from /Users/bhavishyachallagolla/Desktop/RetailSense/.venv/lib/python3.12/site-packages/airflow/example_dags/plugins/event_listener.py
[2026-07-17T22:27:37.662+0530] {processor.py:208} INFO - Processing /Users/bhavishyachallagolla/Desktop/RetailSense/.venv/lib/python3.12/site-packages/airflow/example_dags/plugins/event_listener.py took 0.024 seconds
[2026-07-17T22:28:28.717+0530] {processor.py:186} INFO - Started process (PID=92647) to work on /Users/bhavishyachallagolla/Desktop/RetailSense/.venv/lib/python3.12/site-packages/airflow/example_dags/plugins/event_listener.py
[2026-07-17T22:28:28.718+0530] {processor.py:914} INFO - Processing file /Users/bhavishyachallagolla/Desktop/RetailSense/.venv/lib/python3.12/site-packages/airflow/example_dags/plugins/event_listener.py for tasks to queue
[2026-07-17T22:28:28.718+0530] {logging_mixin.py:190} INFO - [2026-07-17T22:28:28.718+0530] {dagbag.py:588} INFO - Filling up the DagBag from /Users/bhavishyachallagolla/Desktop/RetailSense/.venv/lib/python3.12/site-packages/airflow/example_dags/plugins/event_listener.py
[2026-07-17T22:28:28.719+0530] {processor.py:927} WARNING - No viable dags retrieved from /Users/bhavishyachallagolla/Desktop/RetailSense/.venv/lib/python3.12/site-packages/airflow/example_dags/plugins/event_listener.py
[2026-07-17T22:28:28.740+0530] {processor.py:208} INFO - Processing /Users/bhavishyachallagolla/Desktop/RetailSense/.venv/lib/python3.12/site-packages/airflow/example_dags/plugins/event_listener.py took 0.025 seconds
[2026-07-17T22:29:16.986+0530] {processor.py:186} INFO - Started process (PID=92722) to work on /Users/bhavishyachallagolla/Desktop/RetailSense/.venv/lib/python3.12/site-packages/airflow/example_dags/plugins/event_listener.py
[2026-07-17T22:29:16.987+0530] {processor.py:914} INFO - Processing file /Users/bhavishyachallagolla/Desktop/RetailSense/.venv/lib/python3.12/site-packages/airflow/example_dags/plugins/event_listener.py for tasks to queue
[2026-07-17T22:29:16.987+0530] {logging_mixin.py:190} INFO - [2026-07-17T22:29:16.987+0530] {dagbag.py:588} INFO - Filling up the DagBag from /Users/bhavishyachallagolla/Desktop/RetailSense/.venv/lib/python3.12/site-packages/airflow/example_dags/plugins/event_listener.py
[2026-07-17T22:29:16.988+0530] {processor.py:927} WARNING - No viable dags retrieved from /Users/bhavishyachallagolla/Desktop/RetailSense/.venv/lib/python3.12/site-packages/airflow/example_dags/plugins/event_listener.py
[2026-07-17T22:29:17.010+0530] {processor.py:208} INFO - Processing /Users/bhavishyachallagolla/Desktop/RetailSense/.venv/lib/python3.12/site-packages/airflow/example_dags/plugins/event_listener.py took 0.025 seconds
[2026-07-17T22:30:05.010+0530] {processor.py:186} INFO - Started process (PID=92795) to work on /Users/bhavishyachallagolla/Desktop/RetailSense/.venv/lib/python3.12/site-packages/airflow/example_dags/plugins/event_listener.py
[2026-07-17T22:30:05.011+0530] {processor.py:914} INFO - Processing file /Users/bhavishyachallagolla/Desktop/RetailSense/.venv/lib/python3.12/site-packages/airflow/example_dags/plugins/event_listener.py for tasks to queue
[2026-07-17T22:30:05.011+0530] {logging_mixin.py:190} INFO - [2026-07-17T22:30:05.011+0530] {dagbag.py:588} INFO - Filling up the DagBag from /Users/bhavishyachallagolla/Desktop/RetailSense/.venv/lib/python3.12/site-packages/airflow/example_dags/plugins/event_listener.py
[2026-07-17T22:30:05.012+0530] {processor.py:927} WARNING - No viable dags retrieved from /Users/bhavishyachallagolla/Desktop/RetailSense/.venv/lib/python3.12/site-packages/airflow/example_dags/plugins/event_listener.py
[2026-07-17T22:30:05.034+0530] {processor.py:208} INFO - Processing /Users/bhavishyachallagolla/Desktop/RetailSense/.venv/lib/python3.12/site-packages/airflow/example_dags/plugins/event_listener.py took 0.025 seconds
[2026-07-17T22:30:55.422+0530] {processor.py:186} INFO - Started process (PID=92871) to work on /Users/bhavishyachallagolla/Desktop/RetailSense/.venv/lib/python3.12/site-packages/airflow/example_dags/plugins/event_listener.py
[2026-07-17T22:30:55.423+0530] {processor.py:914} INFO - Processing file /Users/bhavishyachallagolla/Desktop/RetailSense/.venv/lib/python3.12/site-packages/airflow/example_dags/plugins/event_listener.py for tasks to queue
[2026-07-17T22:30:55.423+0530] {logging_mixin.py:190} INFO - [2026-07-17T22:30:55.423+0530] {dagbag.py:588} INFO - Filling up the DagBag from /Users/bhavishyachallagolla/Desktop/RetailSense/.venv/lib/python3.12/site-packages/airflow/example_dags/plugins/event_listener.py
[2026-07-17T22:30:55.424+0530] {processor.py:927} WARNING - No viable dags retrieved from /Users/bhavishyachallagolla/Desktop/RetailSense/.venv/lib/python3.12/site-packages/airflow/example_dags/plugins/event_listener.py
[2026-07-17T22:30:55.445+0530] {processor.py:208} INFO - Processing /Users/bhavishyachallagolla/Desktop/RetailSense/.venv/lib/python3.12/site-packages/airflow/example_dags/plugins/event_listener.py took 0.025 seconds
[2026-07-17T22:31:47.221+0530] {processor.py:186} INFO - Started process (PID=92956) to work on /Users/bhavishyachallagolla/Desktop/RetailSense/.venv/lib/python3.12/site-packages/airflow/example_dags/plugins/event_listener.py
[2026-07-17T22:31:47.222+0530] {processor.py:914} INFO - Processing file /Users/bhavishyachallagolla/Desktop/RetailSense/.venv/lib/python3.12/site-packages/airflow/example_dags/plugins/event_listener.py for tasks to queue
[2026-07-17T22:31:47.222+0530] {logging_mixin.py:190} INFO - [2026-07-17T22:31:47.222+0530] {dagbag.py:588} INFO - Filling up the DagBag from /Users/bhavishyachallagolla/Desktop/RetailSense/.venv/lib/python3.12/site-packages/airflow/example_dags/plugins/event_listener.py
[2026-07-17T22:31:47.223+0530] {processor.py:927} WARNING - No viable dags retrieved from /Users/bhavishyachallagolla/Desktop/RetailSense/.venv/lib/python3.12/site-packages/airflow/example_dags/plugins/event_listener.py
[2026-07-17T22:31:47.246+0530] {processor.py:208} INFO - Processing /Users/bhavishyachallagolla/Desktop/RetailSense/.venv/lib/python3.12/site-packages/airflow/example_dags/plugins/event_listener.py took 0.026 seconds
[2026-07-17T22:32:37.823+0530] {processor.py:186} INFO - Started process (PID=93032) to work on /Users/bhavishyachallagolla/Desktop/RetailSense/.venv/lib/python3.12/site-packages/airflow/example_dags/plugins/event_listener.py
[2026-07-17T22:32:37.824+0530] {processor.py:914} INFO - Processing file /Users/bhavishyachallagolla/Desktop/RetailSense/.venv/lib/python3.12/site-packages/airflow/example_dags/plugins/event_listener.py for tasks to queue
[2026-07-17T22:32:37.824+0530] {logging_mixin.py:190} INFO - [2026-07-17T22:32:37.824+0530] {dagbag.py:588} INFO - Filling up the DagBag from /Users/bhavishyachallagolla/Desktop/RetailSense/.venv/lib/python3.12/site-packages/airflow/example_dags/plugins/event_listener.py
[2026-07-17T22:32:37.824+0530] {processor.py:927} WARNING - No viable dags retrieved from /Users/bhavishyachallagolla/Desktop/RetailSense/.venv/lib/python3.12/site-packages/airflow/example_dags/plugins/event_listener.py
[2026-07-17T22:32:37.846+0530] {processor.py:208} INFO - Processing /Users/bhavishyachallagolla/Desktop/RetailSense/.venv/lib/python3.12/site-packages/airflow/example_dags/plugins/event_listener.py took 0.024 seconds
[2026-07-17T22:33:27.066+0530] {processor.py:186} INFO - Started process (PID=93105) to work on /Users/bhavishyachallagolla/Desktop/RetailSense/.venv/lib/python3.12/site-packages/airflow/example_dags/plugins/event_listener.py
[2026-07-17T22:33:27.067+0530] {processor.py:914} INFO - Processing file /Users/bhavishyachallagolla/Desktop/RetailSense/.venv/lib/python3.12/site-packages/airflow/example_dags/plugins/event_listener.py for tasks to queue
[2026-07-17T22:33:27.067+0530] {logging_mixin.py:190} INFO - [2026-07-17T22:33:27.067+0530] {dagbag.py:588} INFO - Filling up the DagBag from /Users/bhavishyachallagolla/Desktop/RetailSense/.venv/lib/python3.12/site-packages/airflow/example_dags/plugins/event_listener.py
[2026-07-17T22:33:27.067+0530] {processor.py:927} WARNING - No viable dags retrieved from /Users/bhavishyachallagolla/Desktop/RetailSense/.venv/lib/python3.12/site-packages/airflow/example_dags/plugins/event_listener.py
[2026-07-17T22:33:27.090+0530] {processor.py:208} INFO - Processing /Users/bhavishyachallagolla/Desktop/RetailSense/.venv/lib/python3.12/site-packages/airflow/example_dags/plugins/event_listener.py took 0.025 seconds
[2026-07-17T22:34:16.052+0530] {processor.py:186} INFO - Started process (PID=93177) to work on /Users/bhavishyachallagolla/Desktop/RetailSense/.venv/lib/python3.12/site-packages/airflow/example_dags/plugins/event_listener.py
[2026-07-17T22:34:16.054+0530] {processor.py:914} INFO - Processing file /Users/bhavishyachallagolla/Desktop/RetailSense/.venv/lib/python3.12/site-packages/airflow/example_dags/plugins/event_listener.py for tasks to queue
[2026-07-17T22:34:16.054+0530] {logging_mixin.py:190} INFO - [2026-07-17T22:34:16.054+0530] {dagbag.py:588} INFO - Filling up the DagBag from /Users/bhavishyachallagolla/Desktop/RetailSense/.venv/lib/python3.12/site-packages/airflow/example_dags/plugins/event_listener.py
[2026-07-17T22:34:16.054+0530] {processor.py:927} WARNING - No viable dags retrieved from /Users/bhavishyachallagolla/Desktop/RetailSense/.venv/lib/python3.12/site-packages/airflow/example_dags/plugins/event_listener.py
[2026-07-17T22:34:16.077+0530] {processor.py:208} INFO - Processing /Users/bhavishyachallagolla/Desktop/RetailSense/.venv/lib/python3.12/site-packages/airflow/example_dags/plugins/event_listener.py took 0.025 seconds
[2026-07-17T22:35:06.578+0530] {processor.py:186} INFO - Started process (PID=93253) to work on /Users/bhavishyachallagolla/Desktop/RetailSense/.venv/lib/python3.12/site-packages/airflow/example_dags/plugins/event_listener.py
[2026-07-17T22:35:06.578+0530] {processor.py:914} INFO - Processing file /Users/bhavishyachallagolla/Desktop/RetailSense/.venv/lib/python3.12/site-packages/airflow/example_dags/plugins/event_listener.py for tasks to queue
[2026-07-17T22:35:06.578+0530] {logging_mixin.py:190} INFO - [2026-07-17T22:35:06.578+0530] {dagbag.py:588} INFO - Filling up the DagBag from /Users/bhavishyachallagolla/Desktop/RetailSense/.venv/lib/python3.12/site-packages/airflow/example_dags/plugins/event_listener.py
[2026-07-17T22:35:06.579+0530] {processor.py:927} WARNING - No viable dags retrieved from /Users/bhavishyachallagolla/Desktop/RetailSense/.venv/lib/python3.12/site-packages/airflow/example_dags/plugins/event_listener.py
[2026-07-17T22:35:06.603+0530] {processor.py:208} INFO - Processing /Users/bhavishyachallagolla/Desktop/RetailSense/.venv/lib/python3.12/site-packages/airflow/example_dags/plugins/event_listener.py took 0.026 seconds
[2026-07-17T22:35:57.062+0530] {processor.py:186} INFO - Started process (PID=93328) to work on /Users/bhavishyachallagolla/Desktop/RetailSense/.venv/lib/python3.12/site-packages/airflow/example_dags/plugins/event_listener.py
[2026-07-17T22:35:57.062+0530] {processor.py:914} INFO - Processing file /Users/bhavishyachallagolla/Desktop/RetailSense/.venv/lib/python3.12/site-packages/airflow/example_dags/plugins/event_listener.py for tasks to queue
[2026-07-17T22:35:57.063+0530] {logging_mixin.py:190} INFO - [2026-07-17T22:35:57.063+0530] {dagbag.py:588} INFO - Filling up the DagBag from /Users/bhavishyachallagolla/Desktop/RetailSense/.venv/lib/python3.12/site-packages/airflow/example_dags/plugins/event_listener.py
[2026-07-17T22:35:57.063+0530] {processor.py:927} WARNING - No viable dags retrieved from /Users/bhavishyachallagolla/Desktop/RetailSense/.venv/lib/python3.12/site-packages/airflow/example_dags/plugins/event_listener.py
[2026-07-17T22:35:57.085+0530] {processor.py:208} INFO - Processing /Users/bhavishyachallagolla/Desktop/RetailSense/.venv/lib/python3.12/site-packages/airflow/example_dags/plugins/event_listener.py took 0.024 seconds
[2026-07-17T22:36:47.468+0530] {processor.py:186} INFO - Started process (PID=93403) to work on /Users/bhavishyachallagolla/Desktop/RetailSense/.venv/lib/python3.12/site-packages/airflow/example_dags/plugins/event_listener.py
[2026-07-17T22:36:47.469+0530] {processor.py:914} INFO - Processing file /Users/bhavishyachallagolla/Desktop/RetailSense/.venv/lib/python3.12/site-packages/airflow/example_dags/plugins/event_listener.py for tasks to queue
[2026-07-17T22:36:47.469+0530] {logging_mixin.py:190} INFO - [2026-07-17T22:36:47.469+0530] {dagbag.py:588} INFO - Filling up the DagBag from /Users/bhavishyachallagolla/Desktop/RetailSense/.venv/lib/python3.12/site-packages/airflow/example_dags/plugins/event_listener.py
[2026-07-17T22:36:47.470+0530] {processor.py:927} WARNING - No viable dags retrieved from /Users/bhavishyachallagolla/Desktop/RetailSense/.venv/lib/python3.12/site-packages/airflow/example_dags/plugins/event_listener.py
[2026-07-17T22:36:47.492+0530] {processor.py:208} INFO - Processing /Users/bhavishyachallagolla/Desktop/RetailSense/.venv/lib/python3.12/site-packages/airflow/example_dags/plugins/event_listener.py took 0.025 seconds
[2026-07-17T22:37:37.946+0530] {processor.py:186} INFO - Started process (PID=93488) to work on /Users/bhavishyachallagolla/Desktop/RetailSense/.venv/lib/python3.12/site-packages/airflow/example_dags/plugins/event_listener.py
[2026-07-17T22:37:37.947+0530] {processor.py:914} INFO - Processing file /Users/bhavishyachallagolla/Desktop/RetailSense/.venv/lib/python3.12/site-packages/airflow/example_dags/plugins/event_listener.py for tasks to queue
[2026-07-17T22:37:37.947+0530] {logging_mixin.py:190} INFO - [2026-07-17T22:37:37.947+0530] {dagbag.py:588} INFO - Filling up the DagBag from /Users/bhavishyachallagolla/Desktop/RetailSense/.venv/lib/python3.12/site-packages/airflow/example_dags/plugins/event_listener.py
[2026-07-17T22:37:37.948+0530] {processor.py:927} WARNING - No viable dags retrieved from /Users/bhavishyachallagolla/Desktop/RetailSense/.venv/lib/python3.12/site-packages/airflow/example_dags/plugins/event_listener.py
[2026-07-17T22:37:37.970+0530] {processor.py:208} INFO - Processing /Users/bhavishyachallagolla/Desktop/RetailSense/.venv/lib/python3.12/site-packages/airflow/example_dags/plugins/event_listener.py took 0.025 seconds
[2026-07-17T22:38:27.939+0530] {processor.py:186} INFO - Started process (PID=93563) to work on /Users/bhavishyachallagolla/Desktop/RetailSense/.venv/lib/python3.12/site-packages/airflow/example_dags/plugins/event_listener.py
[2026-07-17T22:38:27.939+0530] {processor.py:914} INFO - Processing file /Users/bhavishyachallagolla/Desktop/RetailSense/.venv/lib/python3.12/site-packages/airflow/example_dags/plugins/event_listener.py for tasks to queue
[2026-07-17T22:38:27.939+0530] {logging_mixin.py:190} INFO - [2026-07-17T22:38:27.939+0530] {dagbag.py:588} INFO - Filling up the DagBag from /Users/bhavishyachallagolla/Desktop/RetailSense/.venv/lib/python3.12/site-packages/airflow/example_dags/plugins/event_listener.py
[2026-07-17T22:38:27.940+0530] {processor.py:927} WARNING - No viable dags retrieved from /Users/bhavishyachallagolla/Desktop/RetailSense/.venv/lib/python3.12/site-packages/airflow/example_dags/plugins/event_listener.py
[2026-07-17T22:38:27.962+0530] {processor.py:208} INFO - Processing /Users/bhavishyachallagolla/Desktop/RetailSense/.venv/lib/python3.12/site-packages/airflow/example_dags/plugins/event_listener.py took 0.024 seconds
[2026-07-17T22:39:16.729+0530] {processor.py:186} INFO - Started process (PID=93636) to work on /Users/bhavishyachallagolla/Desktop/RetailSense/.venv/lib/python3.12/site-packages/airflow/example_dags/plugins/event_listener.py
[2026-07-17T22:39:16.729+0530] {processor.py:914} INFO - Processing file /Users/bhavishyachallagolla/Desktop/RetailSense/.venv/lib/python3.12/site-packages/airflow/example_dags/plugins/event_listener.py for tasks to queue
[2026-07-17T22:39:16.729+0530] {logging_mixin.py:190} INFO - [2026-07-17T22:39:16.729+0530] {dagbag.py:588} INFO - Filling up the DagBag from /Users/bhavishyachallagolla/Desktop/RetailSense/.venv/lib/python3.12/site-packages/airflow/example_dags/plugins/event_listener.py
[2026-07-17T22:39:16.729+0530] {processor.py:927} WARNING - No viable dags retrieved from /Users/bhavishyachallagolla/Desktop/RetailSense/.venv/lib/python3.12/site-packages/airflow/example_dags/plugins/event_listener.py
[2026-07-17T22:39:16.751+0530] {processor.py:208} INFO - Processing /Users/bhavishyachallagolla/Desktop/RetailSense/.venv/lib/python3.12/site-packages/airflow/example_dags/plugins/event_listener.py took 0.024 seconds
[2026-07-17T22:40:07.236+0530] {processor.py:186} INFO - Started process (PID=93711) to work on /Users/bhavishyachallagolla/Desktop/RetailSense/.venv/lib/python3.12/site-packages/airflow/example_dags/plugins/event_listener.py
[2026-07-17T22:40:07.237+0530] {processor.py:914} INFO - Processing file /Users/bhavishyachallagolla/Desktop/RetailSense/.venv/lib/python3.12/site-packages/airflow/example_dags/plugins/event_listener.py for tasks to queue
[2026-07-17T22:40:07.237+0530] {logging_mixin.py:190} INFO - [2026-07-17T22:40:07.237+0530] {dagbag.py:588} INFO - Filling up the DagBag from /Users/bhavishyachallagolla/Desktop/RetailSense/.venv/lib/python3.12/site-packages/airflow/example_dags/plugins/event_listener.py
[2026-07-17T22:40:07.237+0530] {processor.py:927} WARNING - No viable dags retrieved from /Users/bhavishyachallagolla/Desktop/RetailSense/.venv/lib/python3.12/site-packages/airflow/example_dags/plugins/event_listener.py
[2026-07-17T22:40:07.260+0530] {processor.py:208} INFO - Processing /Users/bhavishyachallagolla/Desktop/RetailSense/.venv/lib/python3.12/site-packages/airflow/example_dags/plugins/event_listener.py took 0.025 seconds
[2026-07-17T22:40:57.180+0530] {processor.py:186} INFO - Started process (PID=93786) to work on /Users/bhavishyachallagolla/Desktop/RetailSense/.venv/lib/python3.12/site-packages/airflow/example_dags/plugins/event_listener.py
[2026-07-17T22:40:57.180+0530] {processor.py:914} INFO - Processing file /Users/bhavishyachallagolla/Desktop/RetailSense/.venv/lib/python3.12/site-packages/airflow/example_dags/plugins/event_listener.py for tasks to queue
[2026-07-17T22:40:57.180+0530] {logging_mixin.py:190} INFO - [2026-07-17T22:40:57.180+0530] {dagbag.py:588} INFO - Filling up the DagBag from /Users/bhavishyachallagolla/Desktop/RetailSense/.venv/lib/python3.12/site-packages/airflow/example_dags/plugins/event_listener.py
[2026-07-17T22:40:57.181+0530] {processor.py:927} WARNING - No viable dags retrieved from /Users/bhavishyachallagolla/Desktop/RetailSense/.venv/lib/python3.12/site-packages/airflow/example_dags/plugins/event_listener.py
[2026-07-17T22:40:57.203+0530] {processor.py:208} INFO - Processing /Users/bhavishyachallagolla/Desktop/RetailSense/.venv/lib/python3.12/site-packages/airflow/example_dags/plugins/event_listener.py took 0.024 seconds
[2026-07-17T22:41:47.830+0530] {processor.py:186} INFO - Started process (PID=93861) to work on /Users/bhavishyachallagolla/Desktop/RetailSense/.venv/lib/python3.12/site-packages/airflow/example_dags/plugins/event_listener.py
[2026-07-17T22:41:47.831+0530] {processor.py:914} INFO - Processing file /Users/bhavishyachallagolla/Desktop/RetailSense/.venv/lib/python3.12/site-packages/airflow/example_dags/plugins/event_listener.py for tasks to queue
[2026-07-17T22:41:47.832+0530] {logging_mixin.py:190} INFO - [2026-07-17T22:41:47.831+0530] {dagbag.py:588} INFO - Filling up the DagBag from /Users/bhavishyachallagolla/Desktop/RetailSense/.venv/lib/python3.12/site-packages/airflow/example_dags/plugins/event_listener.py
[2026-07-17T22:41:47.832+0530] {processor.py:927} WARNING - No viable dags retrieved from /Users/bhavishyachallagolla/Desktop/RetailSense/.venv/lib/python3.12/site-packages/airflow/example_dags/plugins/event_listener.py
[2026-07-17T22:41:47.854+0530] {processor.py:208} INFO - Processing /Users/bhavishyachallagolla/Desktop/RetailSense/.venv/lib/python3.12/site-packages/airflow/example_dags/plugins/event_listener.py took 0.025 seconds
[2026-07-17T22:42:38.447+0530] {processor.py:186} INFO - Started process (PID=93938) to work on /Users/bhavishyachallagolla/Desktop/RetailSense/.venv/lib/python3.12/site-packages/airflow/example_dags/plugins/event_listener.py
[2026-07-17T22:42:38.447+0530] {processor.py:914} INFO - Processing file /Users/bhavishyachallagolla/Desktop/RetailSense/.venv/lib/python3.12/site-packages/airflow/example_dags/plugins/event_listener.py for tasks to queue
[2026-07-17T22:42:38.447+0530] {logging_mixin.py:190} INFO - [2026-07-17T22:42:38.447+0530] {dagbag.py:588} INFO - Filling up the DagBag from /Users/bhavishyachallagolla/Desktop/RetailSense/.venv/lib/python3.12/site-packages/airflow/example_dags/plugins/event_listener.py
[2026-07-17T22:42:38.448+0530] {processor.py:927} WARNING - No viable dags retrieved from /Users/bhavishyachallagolla/Desktop/RetailSense/.venv/lib/python3.12/site-packages/airflow/example_dags/plugins/event_listener.py
[2026-07-17T22:42:38.470+0530] {processor.py:208} INFO - Processing /Users/bhavishyachallagolla/Desktop/RetailSense/.venv/lib/python3.12/site-packages/airflow/example_dags/plugins/event_listener.py took 0.024 seconds
[2026-07-17T22:43:28.944+0530] {processor.py:186} INFO - Started process (PID=94013) to work on /Users/bhavishyachallagolla/Desktop/RetailSense/.venv/lib/python3.12/site-packages/airflow/example_dags/plugins/event_listener.py
[2026-07-17T22:43:28.944+0530] {processor.py:914} INFO - Processing file /Users/bhavishyachallagolla/Desktop/RetailSense/.venv/lib/python3.12/site-packages/airflow/example_dags/plugins/event_listener.py for tasks to queue
[2026-07-17T22:43:28.944+0530] {logging_mixin.py:190} INFO - [2026-07-17T22:43:28.944+0530] {dagbag.py:588} INFO - Filling up the DagBag from /Users/bhavishyachallagolla/Desktop/RetailSense/.venv/lib/python3.12/site-packages/airflow/example_dags/plugins/event_listener.py
[2026-07-17T22:43:28.945+0530] {processor.py:927} WARNING - No viable dags retrieved from /Users/bhavishyachallagolla/Desktop/RetailSense/.venv/lib/python3.12/site-packages/airflow/example_dags/plugins/event_listener.py
[2026-07-17T22:43:28.967+0530] {processor.py:208} INFO - Processing /Users/bhavishyachallagolla/Desktop/RetailSense/.venv/lib/python3.12/site-packages/airflow/example_dags/plugins/event_listener.py took 0.024 seconds
[2026-07-17T22:44:19.324+0530] {processor.py:186} INFO - Started process (PID=94088) to work on /Users/bhavishyachallagolla/Desktop/RetailSense/.venv/lib/python3.12/site-packages/airflow/example_dags/plugins/event_listener.py
[2026-07-17T22:44:19.325+0530] {processor.py:914} INFO - Processing file /Users/bhavishyachallagolla/Desktop/RetailSense/.venv/lib/python3.12/site-packages/airflow/example_dags/plugins/event_listener.py for tasks to queue
[2026-07-17T22:44:19.325+0530] {logging_mixin.py:190} INFO - [2026-07-17T22:44:19.325+0530] {dagbag.py:588} INFO - Filling up the DagBag from /Users/bhavishyachallagolla/Desktop/RetailSense/.venv/lib/python3.12/site-packages/airflow/example_dags/plugins/event_listener.py
[2026-07-17T22:44:19.325+0530] {processor.py:927} WARNING - No viable dags retrieved from /Users/bhavishyachallagolla/Desktop/RetailSense/.venv/lib/python3.12/site-packages/airflow/example_dags/plugins/event_listener.py
[2026-07-17T22:44:19.347+0530] {processor.py:208} INFO - Processing /Users/bhavishyachallagolla/Desktop/RetailSense/.venv/lib/python3.12/site-packages/airflow/example_dags/plugins/event_listener.py took 0.024 seconds
[2026-07-17T22:45:09.318+0530] {processor.py:186} INFO - Started process (PID=94162) to work on /Users/bhavishyachallagolla/Desktop/RetailSense/.venv/lib/python3.12/site-packages/airflow/example_dags/plugins/event_listener.py
[2026-07-17T22:45:09.318+0530] {processor.py:914} INFO - Processing file /Users/bhavishyachallagolla/Desktop/RetailSense/.venv/lib/python3.12/site-packages/airflow/example_dags/plugins/event_listener.py for tasks to queue
[2026-07-17T22:45:09.318+0530] {logging_mixin.py:190} INFO - [2026-07-17T22:45:09.318+0530] {dagbag.py:588} INFO - Filling up the DagBag from /Users/bhavishyachallagolla/Desktop/RetailSense/.venv/lib/python3.12/site-packages/airflow/example_dags/plugins/event_listener.py
[2026-07-17T22:45:09.319+0530] {processor.py:927} WARNING - No viable dags retrieved from /Users/bhavishyachallagolla/Desktop/RetailSense/.venv/lib/python3.12/site-packages/airflow/example_dags/plugins/event_listener.py
[2026-07-17T22:45:09.341+0530] {processor.py:208} INFO - Processing /Users/bhavishyachallagolla/Desktop/RetailSense/.venv/lib/python3.12/site-packages/airflow/example_dags/plugins/event_listener.py took 0.024 seconds
[2026-07-17T22:45:58.147+0530] {processor.py:186} INFO - Started process (PID=94237) to work on /Users/bhavishyachallagolla/Desktop/RetailSense/.venv/lib/python3.12/site-packages/airflow/example_dags/plugins/event_listener.py
[2026-07-17T22:45:58.148+0530] {processor.py:914} INFO - Processing file /Users/bhavishyachallagolla/Desktop/RetailSense/.venv/lib/python3.12/site-packages/airflow/example_dags/plugins/event_listener.py for tasks to queue
[2026-07-17T22:45:58.148+0530] {logging_mixin.py:190} INFO - [2026-07-17T22:45:58.148+0530] {dagbag.py:588} INFO - Filling up the DagBag from /Users/bhavishyachallagolla/Desktop/RetailSense/.venv/lib/python3.12/site-packages/airflow/example_dags/plugins/event_listener.py
[2026-07-17T22:45:58.148+0530] {processor.py:927} WARNING - No viable dags retrieved from /Users/bhavishyachallagolla/Desktop/RetailSense/.venv/lib/python3.12/site-packages/airflow/example_dags/plugins/event_listener.py
[2026-07-17T22:45:58.171+0530] {processor.py:208} INFO - Processing /Users/bhavishyachallagolla/Desktop/RetailSense/.venv/lib/python3.12/site-packages/airflow/example_dags/plugins/event_listener.py took 0.024 seconds
[2026-07-17T22:46:45.141+0530] {processor.py:186} INFO - Started process (PID=94308) to work on /Users/bhavishyachallagolla/Desktop/RetailSense/.venv/lib/python3.12/site-packages/airflow/example_dags/plugins/event_listener.py
[2026-07-17T22:46:45.141+0530] {processor.py:914} INFO - Processing file /Users/bhavishyachallagolla/Desktop/RetailSense/.venv/lib/python3.12/site-packages/airflow/example_dags/plugins/event_listener.py for tasks to queue
[2026-07-17T22:46:45.142+0530] {logging_mixin.py:190} INFO - [2026-07-17T22:46:45.142+0530] {dagbag.py:588} INFO - Filling up the DagBag from /Users/bhavishyachallagolla/Desktop/RetailSense/.venv/lib/python3.12/site-packages/airflow/example_dags/plugins/event_listener.py
[2026-07-17T22:46:45.142+0530] {processor.py:927} WARNING - No viable dags retrieved from /Users/bhavishyachallagolla/Desktop/RetailSense/.venv/lib/python3.12/site-packages/airflow/example_dags/plugins/event_listener.py
[2026-07-17T22:46:45.164+0530] {processor.py:208} INFO - Processing /Users/bhavishyachallagolla/Desktop/RetailSense/.venv/lib/python3.12/site-packages/airflow/example_dags/plugins/event_listener.py took 0.024 seconds
[2026-07-17T22:47:35.925+0530] {processor.py:186} INFO - Started process (PID=94383) to work on /Users/bhavishyachallagolla/Desktop/RetailSense/.venv/lib/python3.12/site-packages/airflow/example_dags/plugins/event_listener.py
[2026-07-17T22:47:35.925+0530] {processor.py:914} INFO - Processing file /Users/bhavishyachallagolla/Desktop/RetailSense/.venv/lib/python3.12/site-packages/airflow/example_dags/plugins/event_listener.py for tasks to queue
[2026-07-17T22:47:35.925+0530] {logging_mixin.py:190} INFO - [2026-07-17T22:47:35.925+0530] {dagbag.py:588} INFO - Filling up the DagBag from /Users/bhavishyachallagolla/Desktop/RetailSense/.venv/lib/python3.12/site-packages/airflow/example_dags/plugins/event_listener.py
[2026-07-17T22:47:35.926+0530] {processor.py:927} WARNING - No viable dags retrieved from /Users/bhavishyachallagolla/Desktop/RetailSense/.venv/lib/python3.12/site-packages/airflow/example_dags/plugins/event_listener.py
[2026-07-17T22:47:35.948+0530] {processor.py:208} INFO - Processing /Users/bhavishyachallagolla/Desktop/RetailSense/.venv/lib/python3.12/site-packages/airflow/example_dags/plugins/event_listener.py took 0.024 seconds
[2026-07-17T22:48:25.870+0530] {processor.py:186} INFO - Started process (PID=94459) to work on /Users/bhavishyachallagolla/Desktop/RetailSense/.venv/lib/python3.12/site-packages/airflow/example_dags/plugins/event_listener.py
[2026-07-17T22:48:25.871+0530] {processor.py:914} INFO - Processing file /Users/bhavishyachallagolla/Desktop/RetailSense/.venv/lib/python3.12/site-packages/airflow/example_dags/plugins/event_listener.py for tasks to queue
[2026-07-17T22:48:25.871+0530] {logging_mixin.py:190} INFO - [2026-07-17T22:48:25.871+0530] {dagbag.py:588} INFO - Filling up the DagBag from /Users/bhavishyachallagolla/Desktop/RetailSense/.venv/lib/python3.12/site-packages/airflow/example_dags/plugins/event_listener.py
[2026-07-17T22:48:25.871+0530] {processor.py:927} WARNING - No viable dags retrieved from /Users/bhavishyachallagolla/Desktop/RetailSense/.venv/lib/python3.12/site-packages/airflow/example_dags/plugins/event_listener.py
[2026-07-17T22:48:25.893+0530] {processor.py:208} INFO - Processing /Users/bhavishyachallagolla/Desktop/RetailSense/.venv/lib/python3.12/site-packages/airflow/example_dags/plugins/event_listener.py took 0.024 seconds
[2026-07-17T22:49:32.519+0530] {processor.py:186} INFO - Started process (PID=94535) to work on /Users/bhavishyachallagolla/Desktop/RetailSense/.venv/lib/python3.12/site-packages/airflow/example_dags/plugins/event_listener.py
[2026-07-17T22:49:32.520+0530] {processor.py:914} INFO - Processing file /Users/bhavishyachallagolla/Desktop/RetailSense/.venv/lib/python3.12/site-packages/airflow/example_dags/plugins/event_listener.py for tasks to queue
[2026-07-17T22:49:32.520+0530] {logging_mixin.py:190} INFO - [2026-07-17T22:49:32.520+0530] {dagbag.py:588} INFO - Filling up the DagBag from /Users/bhavishyachallagolla/Desktop/RetailSense/.venv/lib/python3.12/site-packages/airflow/example_dags/plugins/event_listener.py
[2026-07-17T22:49:32.521+0530] {processor.py:927} WARNING - No viable dags retrieved from /Users/bhavishyachallagolla/Desktop/RetailSense/.venv/lib/python3.12/site-packages/airflow/example_dags/plugins/event_listener.py
[2026-07-17T22:49:32.545+0530] {processor.py:208} INFO - Processing /Users/bhavishyachallagolla/Desktop/RetailSense/.venv/lib/python3.12/site-packages/airflow/example_dags/plugins/event_listener.py took 0.027 seconds
[2026-07-17T22:50:21.250+0530] {processor.py:186} INFO - Started process (PID=94613) to work on /Users/bhavishyachallagolla/Desktop/RetailSense/.venv/lib/python3.12/site-packages/airflow/example_dags/plugins/event_listener.py
[2026-07-17T22:50:21.250+0530] {processor.py:914} INFO - Processing file /Users/bhavishyachallagolla/Desktop/RetailSense/.venv/lib/python3.12/site-packages/airflow/example_dags/plugins/event_listener.py for tasks to queue
[2026-07-17T22:50:21.251+0530] {logging_mixin.py:190} INFO - [2026-07-17T22:50:21.250+0530] {dagbag.py:588} INFO - Filling up the DagBag from /Users/bhavishyachallagolla/Desktop/RetailSense/.venv/lib/python3.12/site-packages/airflow/example_dags/plugins/event_listener.py
[2026-07-17T22:50:21.251+0530] {processor.py:927} WARNING - No viable dags retrieved from /Users/bhavishyachallagolla/Desktop/RetailSense/.venv/lib/python3.12/site-packages/airflow/example_dags/plugins/event_listener.py
[2026-07-17T22:50:21.273+0530] {processor.py:208} INFO - Processing /Users/bhavishyachallagolla/Desktop/RetailSense/.venv/lib/python3.12/site-packages/airflow/example_dags/plugins/event_listener.py took 0.024 seconds
[2026-07-17T22:51:10.664+0530] {processor.py:186} INFO - Started process (PID=94690) to work on /Users/bhavishyachallagolla/Desktop/RetailSense/.venv/lib/python3.12/site-packages/airflow/example_dags/plugins/event_listener.py
[2026-07-17T22:51:10.665+0530] {processor.py:914} INFO - Processing file /Users/bhavishyachallagolla/Desktop/RetailSense/.venv/lib/python3.12/site-packages/airflow/example_dags/plugins/event_listener.py for tasks to queue
[2026-07-17T22:51:10.665+0530] {logging_mixin.py:190} INFO - [2026-07-17T22:51:10.665+0530] {dagbag.py:588} INFO - Filling up the DagBag from /Users/bhavishyachallagolla/Desktop/RetailSense/.venv/lib/python3.12/site-packages/airflow/example_dags/plugins/event_listener.py
[2026-07-17T22:51:10.666+0530] {processor.py:927} WARNING - No viable dags retrieved from /Users/bhavishyachallagolla/Desktop/RetailSense/.venv/lib/python3.12/site-packages/airflow/example_dags/plugins/event_listener.py
[2026-07-17T22:51:10.691+0530] {processor.py:208} INFO - Processing /Users/bhavishyachallagolla/Desktop/RetailSense/.venv/lib/python3.12/site-packages/airflow/example_dags/plugins/event_listener.py took 0.028 seconds
[2026-07-17T22:52:00.063+0530] {processor.py:186} INFO - Started process (PID=94766) to work on /Users/bhavishyachallagolla/Desktop/RetailSense/.venv/lib/python3.12/site-packages/airflow/example_dags/plugins/event_listener.py
[2026-07-17T22:52:00.063+0530] {processor.py:914} INFO - Processing file /Users/bhavishyachallagolla/Desktop/RetailSense/.venv/lib/python3.12/site-packages/airflow/example_dags/plugins/event_listener.py for tasks to queue
[2026-07-17T22:52:00.064+0530] {logging_mixin.py:190} INFO - [2026-07-17T22:52:00.064+0530] {dagbag.py:588} INFO - Filling up the DagBag from /Users/bhavishyachallagolla/Desktop/RetailSense/.venv/lib/python3.12/site-packages/airflow/example_dags/plugins/event_listener.py
[2026-07-17T22:52:00.064+0530] {processor.py:927} WARNING - No viable dags retrieved from /Users/bhavishyachallagolla/Desktop/RetailSense/.venv/lib/python3.12/site-packages/airflow/example_dags/plugins/event_listener.py
[2026-07-17T22:52:00.086+0530] {processor.py:208} INFO - Processing /Users/bhavishyachallagolla/Desktop/RetailSense/.venv/lib/python3.12/site-packages/airflow/example_dags/plugins/event_listener.py took 0.024 seconds
[2026-07-17T22:52:49.284+0530] {processor.py:186} INFO - Started process (PID=94840) to work on /Users/bhavishyachallagolla/Desktop/RetailSense/.venv/lib/python3.12/site-packages/airflow/example_dags/plugins/event_listener.py
[2026-07-17T22:52:49.285+0530] {processor.py:914} INFO - Processing file /Users/bhavishyachallagolla/Desktop/RetailSense/.venv/lib/python3.12/site-packages/airflow/example_dags/plugins/event_listener.py for tasks to queue
[2026-07-17T22:52:49.285+0530] {logging_mixin.py:190} INFO - [2026-07-17T22:52:49.285+0530] {dagbag.py:588} INFO - Filling up the DagBag from /Users/bhavishyachallagolla/Desktop/RetailSense/.venv/lib/python3.12/site-packages/airflow/example_dags/plugins/event_listener.py
[2026-07-17T22:52:49.285+0530] {processor.py:927} WARNING - No viable dags retrieved from /Users/bhavishyachallagolla/Desktop/RetailSense/.venv/lib/python3.12/site-packages/airflow/example_dags/plugins/event_listener.py
[2026-07-17T22:52:49.307+0530] {processor.py:208} INFO - Processing /Users/bhavishyachallagolla/Desktop/RetailSense/.venv/lib/python3.12/site-packages/airflow/example_dags/plugins/event_listener.py took 0.024 seconds
[2026-07-17T22:53:39.158+0530] {processor.py:186} INFO - Started process (PID=94918) to work on /Users/bhavishyachallagolla/Desktop/RetailSense/.venv/lib/python3.12/site-packages/airflow/example_dags/plugins/event_listener.py
[2026-07-17T22:53:39.158+0530] {processor.py:914} INFO - Processing file /Users/bhavishyachallagolla/Desktop/RetailSense/.venv/lib/python3.12/site-packages/airflow/example_dags/plugins/event_listener.py for tasks to queue
[2026-07-17T22:53:39.159+0530] {logging_mixin.py:190} INFO - [2026-07-17T22:53:39.159+0530] {dagbag.py:588} INFO - Filling up the DagBag from /Users/bhavishyachallagolla/Desktop/RetailSense/.venv/lib/python3.12/site-packages/airflow/example_dags/plugins/event_listener.py
[2026-07-17T22:53:39.159+0530] {processor.py:927} WARNING - No viable dags retrieved from /Users/bhavishyachallagolla/Desktop/RetailSense/.venv/lib/python3.12/site-packages/airflow/example_dags/plugins/event_listener.py
[2026-07-17T22:53:39.182+0530] {processor.py:208} INFO - Processing /Users/bhavishyachallagolla/Desktop/RetailSense/.venv/lib/python3.12/site-packages/airflow/example_dags/plugins/event_listener.py took 0.025 seconds
[2026-07-17T22:54:29.209+0530] {processor.py:186} INFO - Started process (PID=94991) to work on /Users/bhavishyachallagolla/Desktop/RetailSense/.venv/lib/python3.12/site-packages/airflow/example_dags/plugins/event_listener.py
[2026-07-17T22:54:29.210+0530] {processor.py:914} INFO - Processing file /Users/bhavishyachallagolla/Desktop/RetailSense/.venv/lib/python3.12/site-packages/airflow/example_dags/plugins/event_listener.py for tasks to queue
[2026-07-17T22:54:29.210+0530] {logging_mixin.py:190} INFO - [2026-07-17T22:54:29.210+0530] {dagbag.py:588} INFO - Filling up the DagBag from /Users/bhavishyachallagolla/Desktop/RetailSense/.venv/lib/python3.12/site-packages/airflow/example_dags/plugins/event_listener.py
[2026-07-17T22:54:29.211+0530] {processor.py:927} WARNING - No viable dags retrieved from /Users/bhavishyachallagolla/Desktop/RetailSense/.venv/lib/python3.12/site-packages/airflow/example_dags/plugins/event_listener.py
[2026-07-17T22:54:29.233+0530] {processor.py:208} INFO - Processing /Users/bhavishyachallagolla/Desktop/RetailSense/.venv/lib/python3.12/site-packages/airflow/example_dags/plugins/event_listener.py took 0.025 seconds
[2026-07-17T22:55:18.819+0530] {processor.py:186} INFO - Started process (PID=95064) to work on /Users/bhavishyachallagolla/Desktop/RetailSense/.venv/lib/python3.12/site-packages/airflow/example_dags/plugins/event_listener.py
[2026-07-17T22:55:18.819+0530] {processor.py:914} INFO - Processing file /Users/bhavishyachallagolla/Desktop/RetailSense/.venv/lib/python3.12/site-packages/airflow/example_dags/plugins/event_listener.py for tasks to queue
[2026-07-17T22:55:18.819+0530] {logging_mixin.py:190} INFO - [2026-07-17T22:55:18.819+0530] {dagbag.py:588} INFO - Filling up the DagBag from /Users/bhavishyachallagolla/Desktop/RetailSense/.venv/lib/python3.12/site-packages/airflow/example_dags/plugins/event_listener.py
[2026-07-17T22:55:18.820+0530] {processor.py:927} WARNING - No viable dags retrieved from /Users/bhavishyachallagolla/Desktop/RetailSense/.venv/lib/python3.12/site-packages/airflow/example_dags/plugins/event_listener.py
[2026-07-17T22:55:18.842+0530] {processor.py:208} INFO - Processing /Users/bhavishyachallagolla/Desktop/RetailSense/.venv/lib/python3.12/site-packages/airflow/example_dags/plugins/event_listener.py took 0.024 seconds
[2026-07-17T22:56:08.545+0530] {processor.py:186} INFO - Started process (PID=95141) to work on /Users/bhavishyachallagolla/Desktop/RetailSense/.venv/lib/python3.12/site-packages/airflow/example_dags/plugins/event_listener.py
[2026-07-17T22:56:08.546+0530] {processor.py:914} INFO - Processing file /Users/bhavishyachallagolla/Desktop/RetailSense/.venv/lib/python3.12/site-packages/airflow/example_dags/plugins/event_listener.py for tasks to queue
[2026-07-17T22:56:08.547+0530] {logging_mixin.py:190} INFO - [2026-07-17T22:56:08.547+0530] {dagbag.py:588} INFO - Filling up the DagBag from /Users/bhavishyachallagolla/Desktop/RetailSense/.venv/lib/python3.12/site-packages/airflow/example_dags/plugins/event_listener.py
[2026-07-17T22:56:08.547+0530] {processor.py:927} WARNING - No viable dags retrieved from /Users/bhavishyachallagolla/Desktop/RetailSense/.venv/lib/python3.12/site-packages/airflow/example_dags/plugins/event_listener.py
[2026-07-17T22:56:08.569+0530] {processor.py:208} INFO - Processing /Users/bhavishyachallagolla/Desktop/RetailSense/.venv/lib/python3.12/site-packages/airflow/example_dags/plugins/event_listener.py took 0.025 seconds
[2026-07-17T22:56:57.410+0530] {processor.py:186} INFO - Started process (PID=95213) to work on /Users/bhavishyachallagolla/Desktop/RetailSense/.venv/lib/python3.12/site-packages/airflow/example_dags/plugins/event_listener.py
[2026-07-17T22:56:57.411+0530] {processor.py:914} INFO - Processing file /Users/bhavishyachallagolla/Desktop/RetailSense/.venv/lib/python3.12/site-packages/airflow/example_dags/plugins/event_listener.py for tasks to queue
[2026-07-17T22:56:57.411+0530] {logging_mixin.py:190} INFO - [2026-07-17T22:56:57.411+0530] {dagbag.py:588} INFO - Filling up the DagBag from /Users/bhavishyachallagolla/Desktop/RetailSense/.venv/lib/python3.12/site-packages/airflow/example_dags/plugins/event_listener.py
[2026-07-17T22:56:57.412+0530] {processor.py:927} WARNING - No viable dags retrieved from /Users/bhavishyachallagolla/Desktop/RetailSense/.venv/lib/python3.12/site-packages/airflow/example_dags/plugins/event_listener.py
[2026-07-17T22:56:57.435+0530] {processor.py:208} INFO - Processing /Users/bhavishyachallagolla/Desktop/RetailSense/.venv/lib/python3.12/site-packages/airflow/example_dags/plugins/event_listener.py took 0.026 seconds
[2026-07-17T22:57:48.076+0530] {processor.py:186} INFO - Started process (PID=95291) to work on /Users/bhavishyachallagolla/Desktop/RetailSense/.venv/lib/python3.12/site-packages/airflow/example_dags/plugins/event_listener.py
[2026-07-17T22:57:48.077+0530] {processor.py:914} INFO - Processing file /Users/bhavishyachallagolla/Desktop/RetailSense/.venv/lib/python3.12/site-packages/airflow/example_dags/plugins/event_listener.py for tasks to queue
[2026-07-17T22:57:48.077+0530] {logging_mixin.py:190} INFO - [2026-07-17T22:57:48.077+0530] {dagbag.py:588} INFO - Filling up the DagBag from /Users/bhavishyachallagolla/Desktop/RetailSense/.venv/lib/python3.12/site-packages/airflow/example_dags/plugins/event_listener.py
[2026-07-17T22:57:48.077+0530] {processor.py:927} WARNING - No viable dags retrieved from /Users/bhavishyachallagolla/Desktop/RetailSense/.venv/lib/python3.12/site-packages/airflow/example_dags/plugins/event_listener.py
[2026-07-17T22:57:48.100+0530] {processor.py:208} INFO - Processing /Users/bhavishyachallagolla/Desktop/RetailSense/.venv/lib/python3.12/site-packages/airflow/example_dags/plugins/event_listener.py took 0.025 seconds
[2026-07-17T22:58:37.926+0530] {processor.py:186} INFO - Started process (PID=95379) to work on /Users/bhavishyachallagolla/Desktop/RetailSense/.venv/lib/python3.12/site-packages/airflow/example_dags/plugins/event_listener.py
[2026-07-17T22:58:37.926+0530] {processor.py:914} INFO - Processing file /Users/bhavishyachallagolla/Desktop/RetailSense/.venv/lib/python3.12/site-packages/airflow/example_dags/plugins/event_listener.py for tasks to queue
[2026-07-17T22:58:37.926+0530] {logging_mixin.py:190} INFO - [2026-07-17T22:58:37.926+0530] {dagbag.py:588} INFO - Filling up the DagBag from /Users/bhavishyachallagolla/Desktop/RetailSense/.venv/lib/python3.12/site-packages/airflow/example_dags/plugins/event_listener.py
[2026-07-17T22:58:37.927+0530] {processor.py:927} WARNING - No viable dags retrieved from /Users/bhavishyachallagolla/Desktop/RetailSense/.venv/lib/python3.12/site-packages/airflow/example_dags/plugins/event_listener.py
[2026-07-17T22:58:37.949+0530] {processor.py:208} INFO - Processing /Users/bhavishyachallagolla/Desktop/RetailSense/.venv/lib/python3.12/site-packages/airflow/example_dags/plugins/event_listener.py took 0.024 seconds
[2026-07-17T23:00:08.427+0530] {processor.py:186} INFO - Started process (PID=95473) to work on /Users/bhavishyachallagolla/Desktop/RetailSense/.venv/lib/python3.12/site-packages/airflow/example_dags/plugins/event_listener.py
[2026-07-17T23:00:08.428+0530] {processor.py:914} INFO - Processing file /Users/bhavishyachallagolla/Desktop/RetailSense/.venv/lib/python3.12/site-packages/airflow/example_dags/plugins/event_listener.py for tasks to queue
[2026-07-17T23:00:08.428+0530] {logging_mixin.py:190} INFO - [2026-07-17T23:00:08.428+0530] {dagbag.py:588} INFO - Filling up the DagBag from /Users/bhavishyachallagolla/Desktop/RetailSense/.venv/lib/python3.12/site-packages/airflow/example_dags/plugins/event_listener.py
[2026-07-17T23:00:08.428+0530] {processor.py:927} WARNING - No viable dags retrieved from /Users/bhavishyachallagolla/Desktop/RetailSense/.venv/lib/python3.12/site-packages/airflow/example_dags/plugins/event_listener.py
[2026-07-17T23:00:08.451+0530] {processor.py:208} INFO - Processing /Users/bhavishyachallagolla/Desktop/RetailSense/.venv/lib/python3.12/site-packages/airflow/example_dags/plugins/event_listener.py took 0.025 seconds
[2026-07-17T23:01:24.112+0530] {processor.py:186} INFO - Started process (PID=95611) to work on /Users/bhavishyachallagolla/Desktop/RetailSense/.venv/lib/python3.12/site-packages/airflow/example_dags/plugins/event_listener.py
[2026-07-17T23:01:24.113+0530] {processor.py:914} INFO - Processing file /Users/bhavishyachallagolla/Desktop/RetailSense/.venv/lib/python3.12/site-packages/airflow/example_dags/plugins/event_listener.py for tasks to queue
[2026-07-17T23:01:24.113+0530] {logging_mixin.py:190} INFO - [2026-07-17T23:01:24.113+0530] {dagbag.py:588} INFO - Filling up the DagBag from /Users/bhavishyachallagolla/Desktop/RetailSense/.venv/lib/python3.12/site-packages/airflow/example_dags/plugins/event_listener.py
[2026-07-17T23:01:24.113+0530] {processor.py:927} WARNING - No viable dags retrieved from /Users/bhavishyachallagolla/Desktop/RetailSense/.venv/lib/python3.12/site-packages/airflow/example_dags/plugins/event_listener.py
[2026-07-17T23:01:24.135+0530] {processor.py:208} INFO - Processing /Users/bhavishyachallagolla/Desktop/RetailSense/.venv/lib/python3.12/site-packages/airflow/example_dags/plugins/event_listener.py took 0.024 seconds
[2026-07-17T23:02:15.846+0530] {processor.py:186} INFO - Started process (PID=95707) to work on /Users/bhavishyachallagolla/Desktop/RetailSense/.venv/lib/python3.12/site-packages/airflow/example_dags/plugins/event_listener.py
[2026-07-17T23:02:15.846+0530] {processor.py:914} INFO - Processing file /Users/bhavishyachallagolla/Desktop/RetailSense/.venv/lib/python3.12/site-packages/airflow/example_dags/plugins/event_listener.py for tasks to queue
[2026-07-17T23:02:15.846+0530] {logging_mixin.py:190} INFO - [2026-07-17T23:02:15.846+0530] {dagbag.py:588} INFO - Filling up the DagBag from /Users/bhavishyachallagolla/Desktop/RetailSense/.venv/lib/python3.12/site-packages/airflow/example_dags/plugins/event_listener.py
[2026-07-17T23:02:15.847+0530] {processor.py:927} WARNING - No viable dags retrieved from /Users/bhavishyachallagolla/Desktop/RetailSense/.venv/lib/python3.12/site-packages/airflow/example_dags/plugins/event_listener.py
[2026-07-17T23:02:15.869+0530] {processor.py:208} INFO - Processing /Users/bhavishyachallagolla/Desktop/RetailSense/.venv/lib/python3.12/site-packages/airflow/example_dags/plugins/event_listener.py took 0.025 seconds
[2026-07-17T23:03:06.396+0530] {processor.py:186} INFO - Started process (PID=95788) to work on /Users/bhavishyachallagolla/Desktop/RetailSense/.venv/lib/python3.12/site-packages/airflow/example_dags/plugins/event_listener.py
[2026-07-17T23:03:06.396+0530] {processor.py:914} INFO - Processing file /Users/bhavishyachallagolla/Desktop/RetailSense/.venv/lib/python3.12/site-packages/airflow/example_dags/plugins/event_listener.py for tasks to queue
[2026-07-17T23:03:06.396+0530] {logging_mixin.py:190} INFO - [2026-07-17T23:03:06.396+0530] {dagbag.py:588} INFO - Filling up the DagBag from /Users/bhavishyachallagolla/Desktop/RetailSense/.venv/lib/python3.12/site-packages/airflow/example_dags/plugins/event_listener.py
[2026-07-17T23:03:06.397+0530] {processor.py:927} WARNING - No viable dags retrieved from /Users/bhavishyachallagolla/Desktop/RetailSense/.venv/lib/python3.12/site-packages/airflow/example_dags/plugins/event_listener.py
[2026-07-17T23:03:06.419+0530] {processor.py:208} INFO - Processing /Users/bhavishyachallagolla/Desktop/RetailSense/.venv/lib/python3.12/site-packages/airflow/example_dags/plugins/event_listener.py took 0.024 seconds
[2026-07-17T23:03:56.011+0530] {processor.py:186} INFO - Started process (PID=95860) to work on /Users/bhavishyachallagolla/Desktop/RetailSense/.venv/lib/python3.12/site-packages/airflow/example_dags/plugins/event_listener.py
[2026-07-17T23:03:56.011+0530] {processor.py:914} INFO - Processing file /Users/bhavishyachallagolla/Desktop/RetailSense/.venv/lib/python3.12/site-packages/airflow/example_dags/plugins/event_listener.py for tasks to queue
[2026-07-17T23:03:56.011+0530] {logging_mixin.py:190} INFO - [2026-07-17T23:03:56.011+0530] {dagbag.py:588} INFO - Filling up the DagBag from /Users/bhavishyachallagolla/Desktop/RetailSense/.venv/lib/python3.12/site-packages/airflow/example_dags/plugins/event_listener.py
[2026-07-17T23:03:56.012+0530] {processor.py:927} WARNING - No viable dags retrieved from /Users/bhavishyachallagolla/Desktop/RetailSense/.venv/lib/python3.12/site-packages/airflow/example_dags/plugins/event_listener.py
[2026-07-17T23:03:56.034+0530] {processor.py:208} INFO - Processing /Users/bhavishyachallagolla/Desktop/RetailSense/.venv/lib/python3.12/site-packages/airflow/example_dags/plugins/event_listener.py took 0.024 seconds
[2026-07-17T23:04:46.351+0530] {processor.py:186} INFO - Started process (PID=95935) to work on /Users/bhavishyachallagolla/Desktop/RetailSense/.venv/lib/python3.12/site-packages/airflow/example_dags/plugins/event_listener.py
[2026-07-17T23:04:46.351+0530] {processor.py:914} INFO - Processing file /Users/bhavishyachallagolla/Desktop/RetailSense/.venv/lib/python3.12/site-packages/airflow/example_dags/plugins/event_listener.py for tasks to queue
[2026-07-17T23:04:46.351+0530] {logging_mixin.py:190} INFO - [2026-07-17T23:04:46.351+0530] {dagbag.py:588} INFO - Filling up the DagBag from /Users/bhavishyachallagolla/Desktop/RetailSense/.venv/lib/python3.12/site-packages/airflow/example_dags/plugins/event_listener.py
[2026-07-17T23:04:46.352+0530] {processor.py:927} WARNING - No viable dags retrieved from /Users/bhavishyachallagolla/Desktop/RetailSense/.venv/lib/python3.12/site-packages/airflow/example_dags/plugins/event_listener.py
[2026-07-17T23:04:46.373+0530] {processor.py:208} INFO - Processing /Users/bhavishyachallagolla/Desktop/RetailSense/.venv/lib/python3.12/site-packages/airflow/example_dags/plugins/event_listener.py took 0.023 seconds
[2026-07-17T23:05:36.737+0530] {processor.py:186} INFO - Started process (PID=96012) to work on /Users/bhavishyachallagolla/Desktop/RetailSense/.venv/lib/python3.12/site-packages/airflow/example_dags/plugins/event_listener.py
[2026-07-17T23:05:36.737+0530] {processor.py:914} INFO - Processing file /Users/bhavishyachallagolla/Desktop/RetailSense/.venv/lib/python3.12/site-packages/airflow/example_dags/plugins/event_listener.py for tasks to queue
[2026-07-17T23:05:36.737+0530] {logging_mixin.py:190} INFO - [2026-07-17T23:05:36.737+0530] {dagbag.py:588} INFO - Filling up the DagBag from /Users/bhavishyachallagolla/Desktop/RetailSense/.venv/lib/python3.12/site-packages/airflow/example_dags/plugins/event_listener.py
[2026-07-17T23:05:36.738+0530] {processor.py:927} WARNING - No viable dags retrieved from /Users/bhavishyachallagolla/Desktop/RetailSense/.venv/lib/python3.12/site-packages/airflow/example_dags/plugins/event_listener.py
[2026-07-17T23:05:36.760+0530] {processor.py:208} INFO - Processing /Users/bhavishyachallagolla/Desktop/RetailSense/.venv/lib/python3.12/site-packages/airflow/example_dags/plugins/event_listener.py took 0.024 seconds
[2026-07-17T23:06:27.107+0530] {processor.py:186} INFO - Started process (PID=96087) to work on /Users/bhavishyachallagolla/Desktop/RetailSense/.venv/lib/python3.12/site-packages/airflow/example_dags/plugins/event_listener.py
[2026-07-17T23:06:27.107+0530] {processor.py:914} INFO - Processing file /Users/bhavishyachallagolla/Desktop/RetailSense/.venv/lib/python3.12/site-packages/airflow/example_dags/plugins/event_listener.py for tasks to queue
[2026-07-17T23:06:27.107+0530] {logging_mixin.py:190} INFO - [2026-07-17T23:06:27.107+0530] {dagbag.py:588} INFO - Filling up the DagBag from /Users/bhavishyachallagolla/Desktop/RetailSense/.venv/lib/python3.12/site-packages/airflow/example_dags/plugins/event_listener.py
[2026-07-17T23:06:27.108+0530] {processor.py:927} WARNING - No viable dags retrieved from /Users/bhavishyachallagolla/Desktop/RetailSense/.venv/lib/python3.12/site-packages/airflow/example_dags/plugins/event_listener.py
[2026-07-17T23:06:27.130+0530] {processor.py:208} INFO - Processing /Users/bhavishyachallagolla/Desktop/RetailSense/.venv/lib/python3.12/site-packages/airflow/example_dags/plugins/event_listener.py took 0.024 seconds
[2026-07-17T23:07:17.509+0530] {processor.py:186} INFO - Started process (PID=96162) to work on /Users/bhavishyachallagolla/Desktop/RetailSense/.venv/lib/python3.12/site-packages/airflow/example_dags/plugins/event_listener.py
[2026-07-17T23:07:17.509+0530] {processor.py:914} INFO - Processing file /Users/bhavishyachallagolla/Desktop/RetailSense/.venv/lib/python3.12/site-packages/airflow/example_dags/plugins/event_listener.py for tasks to queue
[2026-07-17T23:07:17.510+0530] {logging_mixin.py:190} INFO - [2026-07-17T23:07:17.510+0530] {dagbag.py:588} INFO - Filling up the DagBag from /Users/bhavishyachallagolla/Desktop/RetailSense/.venv/lib/python3.12/site-packages/airflow/example_dags/plugins/event_listener.py
[2026-07-17T23:07:17.510+0530] {processor.py:927} WARNING - No viable dags retrieved from /Users/bhavishyachallagolla/Desktop/RetailSense/.venv/lib/python3.12/site-packages/airflow/example_dags/plugins/event_listener.py
[2026-07-17T23:07:17.532+0530] {processor.py:208} INFO - Processing /Users/bhavishyachallagolla/Desktop/RetailSense/.venv/lib/python3.12/site-packages/airflow/example_dags/plugins/event_listener.py took 0.024 seconds
[2026-07-17T23:08:08.222+0530] {processor.py:186} INFO - Started process (PID=96247) to work on /Users/bhavishyachallagolla/Desktop/RetailSense/.venv/lib/python3.12/site-packages/airflow/example_dags/plugins/event_listener.py
[2026-07-17T23:08:08.223+0530] {processor.py:914} INFO - Processing file /Users/bhavishyachallagolla/Desktop/RetailSense/.venv/lib/python3.12/site-packages/airflow/example_dags/plugins/event_listener.py for tasks to queue
[2026-07-17T23:08:08.223+0530] {logging_mixin.py:190} INFO - [2026-07-17T23:08:08.223+0530] {dagbag.py:588} INFO - Filling up the DagBag from /Users/bhavishyachallagolla/Desktop/RetailSense/.venv/lib/python3.12/site-packages/airflow/example_dags/plugins/event_listener.py
[2026-07-17T23:08:08.223+0530] {processor.py:927} WARNING - No viable dags retrieved from /Users/bhavishyachallagolla/Desktop/RetailSense/.venv/lib/python3.12/site-packages/airflow/example_dags/plugins/event_listener.py
[2026-07-17T23:08:08.246+0530] {processor.py:208} INFO - Processing /Users/bhavishyachallagolla/Desktop/RetailSense/.venv/lib/python3.12/site-packages/airflow/example_dags/plugins/event_listener.py took 0.025 seconds
[2026-07-17T23:08:59.273+0530] {processor.py:186} INFO - Started process (PID=96324) to work on /Users/bhavishyachallagolla/Desktop/RetailSense/.venv/lib/python3.12/site-packages/airflow/example_dags/plugins/event_listener.py
[2026-07-17T23:08:59.274+0530] {processor.py:914} INFO - Processing file /Users/bhavishyachallagolla/Desktop/RetailSense/.venv/lib/python3.12/site-packages/airflow/example_dags/plugins/event_listener.py for tasks to queue
[2026-07-17T23:08:59.274+0530] {logging_mixin.py:190} INFO - [2026-07-17T23:08:59.274+0530] {dagbag.py:588} INFO - Filling up the DagBag from /Users/bhavishyachallagolla/Desktop/RetailSense/.venv/lib/python3.12/site-packages/airflow/example_dags/plugins/event_listener.py
[2026-07-17T23:08:59.274+0530] {processor.py:927} WARNING - No viable dags retrieved from /Users/bhavishyachallagolla/Desktop/RetailSense/.venv/lib/python3.12/site-packages/airflow/example_dags/plugins/event_listener.py
[2026-07-17T23:08:59.296+0530] {processor.py:208} INFO - Processing /Users/bhavishyachallagolla/Desktop/RetailSense/.venv/lib/python3.12/site-packages/airflow/example_dags/plugins/event_listener.py took 0.024 seconds
[2026-07-17T23:09:47.924+0530] {processor.py:186} INFO - Started process (PID=96396) to work on /Users/bhavishyachallagolla/Desktop/RetailSense/.venv/lib/python3.12/site-packages/airflow/example_dags/plugins/event_listener.py
[2026-07-17T23:09:47.924+0530] {processor.py:914} INFO - Processing file /Users/bhavishyachallagolla/Desktop/RetailSense/.venv/lib/python3.12/site-packages/airflow/example_dags/plugins/event_listener.py for tasks to queue
[2026-07-17T23:09:47.925+0530] {logging_mixin.py:190} INFO - [2026-07-17T23:09:47.925+0530] {dagbag.py:588} INFO - Filling up the DagBag from /Users/bhavishyachallagolla/Desktop/RetailSense/.venv/lib/python3.12/site-packages/airflow/example_dags/plugins/event_listener.py
[2026-07-17T23:09:47.925+0530] {processor.py:927} WARNING - No viable dags retrieved from /Users/bhavishyachallagolla/Desktop/RetailSense/.venv/lib/python3.12/site-packages/airflow/example_dags/plugins/event_listener.py
[2026-07-17T23:09:47.948+0530] {processor.py:208} INFO - Processing /Users/bhavishyachallagolla/Desktop/RetailSense/.venv/lib/python3.12/site-packages/airflow/example_dags/plugins/event_listener.py took 0.025 seconds
[2026-07-17T23:10:36.642+0530] {processor.py:186} INFO - Started process (PID=96470) to work on /Users/bhavishyachallagolla/Desktop/RetailSense/.venv/lib/python3.12/site-packages/airflow/example_dags/plugins/event_listener.py
[2026-07-17T23:10:36.642+0530] {processor.py:914} INFO - Processing file /Users/bhavishyachallagolla/Desktop/RetailSense/.venv/lib/python3.12/site-packages/airflow/example_dags/plugins/event_listener.py for tasks to queue
[2026-07-17T23:10:36.642+0530] {logging_mixin.py:190} INFO - [2026-07-17T23:10:36.642+0530] {dagbag.py:588} INFO - Filling up the DagBag from /Users/bhavishyachallagolla/Desktop/RetailSense/.venv/lib/python3.12/site-packages/airflow/example_dags/plugins/event_listener.py
[2026-07-17T23:10:36.643+0530] {processor.py:927} WARNING - No viable dags retrieved from /Users/bhavishyachallagolla/Desktop/RetailSense/.venv/lib/python3.12/site-packages/airflow/example_dags/plugins/event_listener.py
[2026-07-17T23:10:36.665+0530] {processor.py:208} INFO - Processing /Users/bhavishyachallagolla/Desktop/RetailSense/.venv/lib/python3.12/site-packages/airflow/example_dags/plugins/event_listener.py took 0.024 seconds
[2026-07-17T23:11:25.682+0530] {processor.py:186} INFO - Started process (PID=96544) to work on /Users/bhavishyachallagolla/Desktop/RetailSense/.venv/lib/python3.12/site-packages/airflow/example_dags/plugins/event_listener.py
[2026-07-17T23:11:25.682+0530] {processor.py:914} INFO - Processing file /Users/bhavishyachallagolla/Desktop/RetailSense/.venv/lib/python3.12/site-packages/airflow/example_dags/plugins/event_listener.py for tasks to queue
[2026-07-17T23:11:25.683+0530] {logging_mixin.py:190} INFO - [2026-07-17T23:11:25.683+0530] {dagbag.py:588} INFO - Filling up the DagBag from /Users/bhavishyachallagolla/Desktop/RetailSense/.venv/lib/python3.12/site-packages/airflow/example_dags/plugins/event_listener.py
[2026-07-17T23:11:25.683+0530] {processor.py:927} WARNING - No viable dags retrieved from /Users/bhavishyachallagolla/Desktop/RetailSense/.venv/lib/python3.12/site-packages/airflow/example_dags/plugins/event_listener.py
[2026-07-17T23:11:25.705+0530] {processor.py:208} INFO - Processing /Users/bhavishyachallagolla/Desktop/RetailSense/.venv/lib/python3.12/site-packages/airflow/example_dags/plugins/event_listener.py took 0.024 seconds
[2026-07-17T23:12:15.213+0530] {processor.py:186} INFO - Started process (PID=96666) to work on /Users/bhavishyachallagolla/Desktop/RetailSense/.venv/lib/python3.12/site-packages/airflow/example_dags/plugins/event_listener.py
[2026-07-17T23:12:15.213+0530] {processor.py:914} INFO - Processing file /Users/bhavishyachallagolla/Desktop/RetailSense/.venv/lib/python3.12/site-packages/airflow/example_dags/plugins/event_listener.py for tasks to queue
[2026-07-17T23:12:15.213+0530] {logging_mixin.py:190} INFO - [2026-07-17T23:12:15.213+0530] {dagbag.py:588} INFO - Filling up the DagBag from /Users/bhavishyachallagolla/Desktop/RetailSense/.venv/lib/python3.12/site-packages/airflow/example_dags/plugins/event_listener.py
[2026-07-17T23:12:15.214+0530] {processor.py:927} WARNING - No viable dags retrieved from /Users/bhavishyachallagolla/Desktop/RetailSense/.venv/lib/python3.12/site-packages/airflow/example_dags/plugins/event_listener.py
[2026-07-17T23:12:15.236+0530] {processor.py:208} INFO - Processing /Users/bhavishyachallagolla/Desktop/RetailSense/.venv/lib/python3.12/site-packages/airflow/example_dags/plugins/event_listener.py took 0.025 seconds
[2026-07-17T23:13:02.837+0530] {processor.py:186} INFO - Started process (PID=96761) to work on /Users/bhavishyachallagolla/Desktop/RetailSense/.venv/lib/python3.12/site-packages/airflow/example_dags/plugins/event_listener.py
[2026-07-17T23:13:02.837+0530] {processor.py:914} INFO - Processing file /Users/bhavishyachallagolla/Desktop/RetailSense/.venv/lib/python3.12/site-packages/airflow/example_dags/plugins/event_listener.py for tasks to queue
[2026-07-17T23:13:02.838+0530] {logging_mixin.py:190} INFO - [2026-07-17T23:13:02.838+0530] {dagbag.py:588} INFO - Filling up the DagBag from /Users/bhavishyachallagolla/Desktop/RetailSense/.venv/lib/python3.12/site-packages/airflow/example_dags/plugins/event_listener.py
[2026-07-17T23:13:02.838+0530] {processor.py:927} WARNING - No viable dags retrieved from /Users/bhavishyachallagolla/Desktop/RetailSense/.venv/lib/python3.12/site-packages/airflow/example_dags/plugins/event_listener.py
[2026-07-17T23:13:02.860+0530] {processor.py:208} INFO - Processing /Users/bhavishyachallagolla/Desktop/RetailSense/.venv/lib/python3.12/site-packages/airflow/example_dags/plugins/event_listener.py took 0.024 seconds
[2026-07-17T23:13:53.159+0530] {processor.py:186} INFO - Started process (PID=96836) to work on /Users/bhavishyachallagolla/Desktop/RetailSense/.venv/lib/python3.12/site-packages/airflow/example_dags/plugins/event_listener.py
[2026-07-17T23:13:53.159+0530] {processor.py:914} INFO - Processing file /Users/bhavishyachallagolla/Desktop/RetailSense/.venv/lib/python3.12/site-packages/airflow/example_dags/plugins/event_listener.py for tasks to queue
[2026-07-17T23:13:53.160+0530] {logging_mixin.py:190} INFO - [2026-07-17T23:13:53.160+0530] {dagbag.py:588} INFO - Filling up the DagBag from /Users/bhavishyachallagolla/Desktop/RetailSense/.venv/lib/python3.12/site-packages/airflow/example_dags/plugins/event_listener.py
[2026-07-17T23:13:53.160+0530] {processor.py:927} WARNING - No viable dags retrieved from /Users/bhavishyachallagolla/Desktop/RetailSense/.venv/lib/python3.12/site-packages/airflow/example_dags/plugins/event_listener.py
[2026-07-17T23:13:53.183+0530] {processor.py:208} INFO - Processing /Users/bhavishyachallagolla/Desktop/RetailSense/.venv/lib/python3.12/site-packages/airflow/example_dags/plugins/event_listener.py took 0.024 seconds
[2026-07-17T23:14:45.433+0530] {processor.py:186} INFO - Started process (PID=96924) to work on /Users/bhavishyachallagolla/Desktop/RetailSense/.venv/lib/python3.12/site-packages/airflow/example_dags/plugins/event_listener.py
[2026-07-17T23:14:45.434+0530] {processor.py:914} INFO - Processing file /Users/bhavishyachallagolla/Desktop/RetailSense/.venv/lib/python3.12/site-packages/airflow/example_dags/plugins/event_listener.py for tasks to queue
[2026-07-17T23:14:45.434+0530] {logging_mixin.py:190} INFO - [2026-07-17T23:14:45.434+0530] {dagbag.py:588} INFO - Filling up the DagBag from /Users/bhavishyachallagolla/Desktop/RetailSense/.venv/lib/python3.12/site-packages/airflow/example_dags/plugins/event_listener.py
[2026-07-17T23:14:45.434+0530] {processor.py:927} WARNING - No viable dags retrieved from /Users/bhavishyachallagolla/Desktop/RetailSense/.venv/lib/python3.12/site-packages/airflow/example_dags/plugins/event_listener.py
[2026-07-17T23:14:45.456+0530] {processor.py:208} INFO - Processing /Users/bhavishyachallagolla/Desktop/RetailSense/.venv/lib/python3.12/site-packages/airflow/example_dags/plugins/event_listener.py took 0.024 seconds
[2026-07-17T23:15:36.876+0530] {processor.py:186} INFO - Started process (PID=97007) to work on /Users/bhavishyachallagolla/Desktop/RetailSense/.venv/lib/python3.12/site-packages/airflow/example_dags/plugins/event_listener.py
[2026-07-17T23:15:36.877+0530] {processor.py:914} INFO - Processing file /Users/bhavishyachallagolla/Desktop/RetailSense/.venv/lib/python3.12/site-packages/airflow/example_dags/plugins/event_listener.py for tasks to queue
[2026-07-17T23:15:36.877+0530] {logging_mixin.py:190} INFO - [2026-07-17T23:15:36.877+0530] {dagbag.py:588} INFO - Filling up the DagBag from /Users/bhavishyachallagolla/Desktop/RetailSense/.venv/lib/python3.12/site-packages/airflow/example_dags/plugins/event_listener.py
[2026-07-17T23:15:36.877+0530] {processor.py:927} WARNING - No viable dags retrieved from /Users/bhavishyachallagolla/Desktop/RetailSense/.venv/lib/python3.12/site-packages/airflow/example_dags/plugins/event_listener.py
[2026-07-17T23:15:36.899+0530] {processor.py:208} INFO - Processing /Users/bhavishyachallagolla/Desktop/RetailSense/.venv/lib/python3.12/site-packages/airflow/example_dags/plugins/event_listener.py took 0.024 seconds
[2026-07-17T23:16:27.771+0530] {processor.py:186} INFO - Started process (PID=97117) to work on /Users/bhavishyachallagolla/Desktop/RetailSense/.venv/lib/python3.12/site-packages/airflow/example_dags/plugins/event_listener.py
[2026-07-17T23:16:27.771+0530] {processor.py:914} INFO - Processing file /Users/bhavishyachallagolla/Desktop/RetailSense/.venv/lib/python3.12/site-packages/airflow/example_dags/plugins/event_listener.py for tasks to queue
[2026-07-17T23:16:27.771+0530] {logging_mixin.py:190} INFO - [2026-07-17T23:16:27.771+0530] {dagbag.py:588} INFO - Filling up the DagBag from /Users/bhavishyachallagolla/Desktop/RetailSense/.venv/lib/python3.12/site-packages/airflow/example_dags/plugins/event_listener.py
[2026-07-17T23:16:27.772+0530] {processor.py:927} WARNING - No viable dags retrieved from /Users/bhavishyachallagolla/Desktop/RetailSense/.venv/lib/python3.12/site-packages/airflow/example_dags/plugins/event_listener.py
[2026-07-17T23:16:27.794+0530] {processor.py:208} INFO - Processing /Users/bhavishyachallagolla/Desktop/RetailSense/.venv/lib/python3.12/site-packages/airflow/example_dags/plugins/event_listener.py took 0.025 seconds
[2026-07-17T23:17:20.069+0530] {processor.py:186} INFO - Started process (PID=97229) to work on /Users/bhavishyachallagolla/Desktop/RetailSense/.venv/lib/python3.12/site-packages/airflow/example_dags/plugins/event_listener.py
[2026-07-17T23:17:20.069+0530] {processor.py:914} INFO - Processing file /Users/bhavishyachallagolla/Desktop/RetailSense/.venv/lib/python3.12/site-packages/airflow/example_dags/plugins/event_listener.py for tasks to queue
[2026-07-17T23:17:20.069+0530] {logging_mixin.py:190} INFO - [2026-07-17T23:17:20.069+0530] {dagbag.py:588} INFO - Filling up the DagBag from /Users/bhavishyachallagolla/Desktop/RetailSense/.venv/lib/python3.12/site-packages/airflow/example_dags/plugins/event_listener.py
[2026-07-17T23:17:20.070+0530] {processor.py:927} WARNING - No viable dags retrieved from /Users/bhavishyachallagolla/Desktop/RetailSense/.venv/lib/python3.12/site-packages/airflow/example_dags/plugins/event_listener.py
[2026-07-17T23:17:20.091+0530] {processor.py:208} INFO - Processing /Users/bhavishyachallagolla/Desktop/RetailSense/.venv/lib/python3.12/site-packages/airflow/example_dags/plugins/event_listener.py took 0.024 seconds
[2026-07-17T23:18:10.269+0530] {processor.py:186} INFO - Started process (PID=97339) to work on /Users/bhavishyachallagolla/Desktop/RetailSense/.venv/lib/python3.12/site-packages/airflow/example_dags/plugins/event_listener.py
[2026-07-17T23:18:10.269+0530] {processor.py:914} INFO - Processing file /Users/bhavishyachallagolla/Desktop/RetailSense/.venv/lib/python3.12/site-packages/airflow/example_dags/plugins/event_listener.py for tasks to queue
[2026-07-17T23:18:10.270+0530] {logging_mixin.py:190} INFO - [2026-07-17T23:18:10.270+0530] {dagbag.py:588} INFO - Filling up the DagBag from /Users/bhavishyachallagolla/Desktop/RetailSense/.venv/lib/python3.12/site-packages/airflow/example_dags/plugins/event_listener.py
[2026-07-17T23:18:10.270+0530] {processor.py:927} WARNING - No viable dags retrieved from /Users/bhavishyachallagolla/Desktop/RetailSense/.venv/lib/python3.12/site-packages/airflow/example_dags/plugins/event_listener.py
[2026-07-17T23:18:10.293+0530] {processor.py:208} INFO - Processing /Users/bhavishyachallagolla/Desktop/RetailSense/.venv/lib/python3.12/site-packages/airflow/example_dags/plugins/event_listener.py took 0.025 seconds
[2026-07-17T23:19:02.255+0530] {processor.py:186} INFO - Started process (PID=97417) to work on /Users/bhavishyachallagolla/Desktop/RetailSense/.venv/lib/python3.12/site-packages/airflow/example_dags/plugins/event_listener.py
[2026-07-17T23:19:02.256+0530] {processor.py:914} INFO - Processing file /Users/bhavishyachallagolla/Desktop/RetailSense/.venv/lib/python3.12/site-packages/airflow/example_dags/plugins/event_listener.py for tasks to queue
[2026-07-17T23:19:02.256+0530] {logging_mixin.py:190} INFO - [2026-07-17T23:19:02.256+0530] {dagbag.py:588} INFO - Filling up the DagBag from /Users/bhavishyachallagolla/Desktop/RetailSense/.venv/lib/python3.12/site-packages/airflow/example_dags/plugins/event_listener.py
[2026-07-17T23:19:02.256+0530] {processor.py:927} WARNING - No viable dags retrieved from /Users/bhavishyachallagolla/Desktop/RetailSense/.venv/lib/python3.12/site-packages/airflow/example_dags/plugins/event_listener.py
[2026-07-17T23:19:02.279+0530] {processor.py:208} INFO - Processing /Users/bhavishyachallagolla/Desktop/RetailSense/.venv/lib/python3.12/site-packages/airflow/example_dags/plugins/event_listener.py took 0.025 seconds
[2026-07-17T23:19:52.855+0530] {processor.py:186} INFO - Started process (PID=97491) to work on /Users/bhavishyachallagolla/Desktop/RetailSense/.venv/lib/python3.12/site-packages/airflow/example_dags/plugins/event_listener.py
[2026-07-17T23:19:52.856+0530] {processor.py:914} INFO - Processing file /Users/bhavishyachallagolla/Desktop/RetailSense/.venv/lib/python3.12/site-packages/airflow/example_dags/plugins/event_listener.py for tasks to queue
[2026-07-17T23:19:52.856+0530] {logging_mixin.py:190} INFO - [2026-07-17T23:19:52.856+0530] {dagbag.py:588} INFO - Filling up the DagBag from /Users/bhavishyachallagolla/Desktop/RetailSense/.venv/lib/python3.12/site-packages/airflow/example_dags/plugins/event_listener.py
[2026-07-17T23:19:52.856+0530] {processor.py:927} WARNING - No viable dags retrieved from /Users/bhavishyachallagolla/Desktop/RetailSense/.venv/lib/python3.12/site-packages/airflow/example_dags/plugins/event_listener.py
[2026-07-17T23:19:52.879+0530] {processor.py:208} INFO - Processing /Users/bhavishyachallagolla/Desktop/RetailSense/.venv/lib/python3.12/site-packages/airflow/example_dags/plugins/event_listener.py took 0.025 seconds
[2026-07-17T23:20:43.251+0530] {processor.py:186} INFO - Started process (PID=97567) to work on /Users/bhavishyachallagolla/Desktop/RetailSense/.venv/lib/python3.12/site-packages/airflow/example_dags/plugins/event_listener.py
[2026-07-17T23:20:43.251+0530] {processor.py:914} INFO - Processing file /Users/bhavishyachallagolla/Desktop/RetailSense/.venv/lib/python3.12/site-packages/airflow/example_dags/plugins/event_listener.py for tasks to queue
[2026-07-17T23:20:43.251+0530] {logging_mixin.py:190} INFO - [2026-07-17T23:20:43.251+0530] {dagbag.py:588} INFO - Filling up the DagBag from /Users/bhavishyachallagolla/Desktop/RetailSense/.venv/lib/python3.12/site-packages/airflow/example_dags/plugins/event_listener.py
[2026-07-17T23:20:43.252+0530] {processor.py:927} WARNING - No viable dags retrieved from /Users/bhavishyachallagolla/Desktop/RetailSense/.venv/lib/python3.12/site-packages/airflow/example_dags/plugins/event_listener.py
[2026-07-17T23:20:43.275+0530] {processor.py:208} INFO - Processing /Users/bhavishyachallagolla/Desktop/RetailSense/.venv/lib/python3.12/site-packages/airflow/example_dags/plugins/event_listener.py took 0.025 seconds
[2026-07-17T23:21:33.802+0530] {processor.py:186} INFO - Started process (PID=97642) to work on /Users/bhavishyachallagolla/Desktop/RetailSense/.venv/lib/python3.12/site-packages/airflow/example_dags/plugins/event_listener.py
[2026-07-17T23:21:33.802+0530] {processor.py:914} INFO - Processing file /Users/bhavishyachallagolla/Desktop/RetailSense/.venv/lib/python3.12/site-packages/airflow/example_dags/plugins/event_listener.py for tasks to queue
[2026-07-17T23:21:33.803+0530] {logging_mixin.py:190} INFO - [2026-07-17T23:21:33.803+0530] {dagbag.py:588} INFO - Filling up the DagBag from /Users/bhavishyachallagolla/Desktop/RetailSense/.venv/lib/python3.12/site-packages/airflow/example_dags/plugins/event_listener.py
[2026-07-17T23:21:33.803+0530] {processor.py:927} WARNING - No viable dags retrieved from /Users/bhavishyachallagolla/Desktop/RetailSense/.venv/lib/python3.12/site-packages/airflow/example_dags/plugins/event_listener.py
[2026-07-17T23:21:33.825+0530] {processor.py:208} INFO - Processing /Users/bhavishyachallagolla/Desktop/RetailSense/.venv/lib/python3.12/site-packages/airflow/example_dags/plugins/event_listener.py took 0.024 seconds
[2026-07-17T23:22:24.368+0530] {processor.py:186} INFO - Started process (PID=97719) to work on /Users/bhavishyachallagolla/Desktop/RetailSense/.venv/lib/python3.12/site-packages/airflow/example_dags/plugins/event_listener.py
[2026-07-17T23:22:24.369+0530] {processor.py:914} INFO - Processing file /Users/bhavishyachallagolla/Desktop/RetailSense/.venv/lib/python3.12/site-packages/airflow/example_dags/plugins/event_listener.py for tasks to queue
[2026-07-17T23:22:24.369+0530] {logging_mixin.py:190} INFO - [2026-07-17T23:22:24.369+0530] {dagbag.py:588} INFO - Filling up the DagBag from /Users/bhavishyachallagolla/Desktop/RetailSense/.venv/lib/python3.12/site-packages/airflow/example_dags/plugins/event_listener.py
[2026-07-17T23:22:24.369+0530] {processor.py:927} WARNING - No viable dags retrieved from /Users/bhavishyachallagolla/Desktop/RetailSense/.venv/lib/python3.12/site-packages/airflow/example_dags/plugins/event_listener.py
[2026-07-17T23:22:24.392+0530] {processor.py:208} INFO - Processing /Users/bhavishyachallagolla/Desktop/RetailSense/.venv/lib/python3.12/site-packages/airflow/example_dags/plugins/event_listener.py took 0.025 seconds
[2026-07-17T23:23:14.920+0530] {processor.py:186} INFO - Started process (PID=97794) to work on /Users/bhavishyachallagolla/Desktop/RetailSense/.venv/lib/python3.12/site-packages/airflow/example_dags/plugins/event_listener.py
[2026-07-17T23:23:14.920+0530] {processor.py:914} INFO - Processing file /Users/bhavishyachallagolla/Desktop/RetailSense/.venv/lib/python3.12/site-packages/airflow/example_dags/plugins/event_listener.py for tasks to queue
[2026-07-17T23:23:14.920+0530] {logging_mixin.py:190} INFO - [2026-07-17T23:23:14.920+0530] {dagbag.py:588} INFO - Filling up the DagBag from /Users/bhavishyachallagolla/Desktop/RetailSense/.venv/lib/python3.12/site-packages/airflow/example_dags/plugins/event_listener.py
[2026-07-17T23:23:14.920+0530] {processor.py:927} WARNING - No viable dags retrieved from /Users/bhavishyachallagolla/Desktop/RetailSense/.venv/lib/python3.12/site-packages/airflow/example_dags/plugins/event_listener.py
[2026-07-17T23:23:14.943+0530] {processor.py:208} INFO - Processing /Users/bhavishyachallagolla/Desktop/RetailSense/.venv/lib/python3.12/site-packages/airflow/example_dags/plugins/event_listener.py took 0.024 seconds
[2026-07-17T23:24:05.278+0530] {processor.py:186} INFO - Started process (PID=97870) to work on /Users/bhavishyachallagolla/Desktop/RetailSense/.venv/lib/python3.12/site-packages/airflow/example_dags/plugins/event_listener.py
[2026-07-17T23:24:05.278+0530] {processor.py:914} INFO - Processing file /Users/bhavishyachallagolla/Desktop/RetailSense/.venv/lib/python3.12/site-packages/airflow/example_dags/plugins/event_listener.py for tasks to queue
[2026-07-17T23:24:05.278+0530] {logging_mixin.py:190} INFO - [2026-07-17T23:24:05.278+0530] {dagbag.py:588} INFO - Filling up the DagBag from /Users/bhavishyachallagolla/Desktop/RetailSense/.venv/lib/python3.12/site-packages/airflow/example_dags/plugins/event_listener.py
[2026-07-17T23:24:05.279+0530] {processor.py:927} WARNING - No viable dags retrieved from /Users/bhavishyachallagolla/Desktop/RetailSense/.venv/lib/python3.12/site-packages/airflow/example_dags/plugins/event_listener.py
[2026-07-17T23:24:05.300+0530] {processor.py:208} INFO - Processing /Users/bhavishyachallagolla/Desktop/RetailSense/.venv/lib/python3.12/site-packages/airflow/example_dags/plugins/event_listener.py took 0.024 seconds
[2026-07-17T23:24:55.158+0530] {processor.py:186} INFO - Started process (PID=97945) to work on /Users/bhavishyachallagolla/Desktop/RetailSense/.venv/lib/python3.12/site-packages/airflow/example_dags/plugins/event_listener.py
[2026-07-17T23:24:55.158+0530] {processor.py:914} INFO - Processing file /Users/bhavishyachallagolla/Desktop/RetailSense/.venv/lib/python3.12/site-packages/airflow/example_dags/plugins/event_listener.py for tasks to queue
[2026-07-17T23:24:55.158+0530] {logging_mixin.py:190} INFO - [2026-07-17T23:24:55.158+0530] {dagbag.py:588} INFO - Filling up the DagBag from /Users/bhavishyachallagolla/Desktop/RetailSense/.venv/lib/python3.12/site-packages/airflow/example_dags/plugins/event_listener.py
[2026-07-17T23:24:55.159+0530] {processor.py:927} WARNING - No viable dags retrieved from /Users/bhavishyachallagolla/Desktop/RetailSense/.venv/lib/python3.12/site-packages/airflow/example_dags/plugins/event_listener.py
[2026-07-17T23:24:55.181+0530] {processor.py:208} INFO - Processing /Users/bhavishyachallagolla/Desktop/RetailSense/.venv/lib/python3.12/site-packages/airflow/example_dags/plugins/event_listener.py took 0.024 seconds
[2026-07-17T23:25:45.520+0530] {processor.py:186} INFO - Started process (PID=98021) to work on /Users/bhavishyachallagolla/Desktop/RetailSense/.venv/lib/python3.12/site-packages/airflow/example_dags/plugins/event_listener.py
[2026-07-17T23:25:45.520+0530] {processor.py:914} INFO - Processing file /Users/bhavishyachallagolla/Desktop/RetailSense/.venv/lib/python3.12/site-packages/airflow/example_dags/plugins/event_listener.py for tasks to queue
[2026-07-17T23:25:45.520+0530] {logging_mixin.py:190} INFO - [2026-07-17T23:25:45.520+0530] {dagbag.py:588} INFO - Filling up the DagBag from /Users/bhavishyachallagolla/Desktop/RetailSense/.venv/lib/python3.12/site-packages/airflow/example_dags/plugins/event_listener.py
[2026-07-17T23:25:45.521+0530] {processor.py:927} WARNING - No viable dags retrieved from /Users/bhavishyachallagolla/Desktop/RetailSense/.venv/lib/python3.12/site-packages/airflow/example_dags/plugins/event_listener.py
[2026-07-17T23:25:45.543+0530] {processor.py:208} INFO - Processing /Users/bhavishyachallagolla/Desktop/RetailSense/.venv/lib/python3.12/site-packages/airflow/example_dags/plugins/event_listener.py took 0.025 seconds
[2026-07-17T23:26:36.147+0530] {processor.py:186} INFO - Started process (PID=98095) to work on /Users/bhavishyachallagolla/Desktop/RetailSense/.venv/lib/python3.12/site-packages/airflow/example_dags/plugins/event_listener.py
[2026-07-17T23:26:36.148+0530] {processor.py:914} INFO - Processing file /Users/bhavishyachallagolla/Desktop/RetailSense/.venv/lib/python3.12/site-packages/airflow/example_dags/plugins/event_listener.py for tasks to queue
[2026-07-17T23:26:36.148+0530] {logging_mixin.py:190} INFO - [2026-07-17T23:26:36.148+0530] {dagbag.py:588} INFO - Filling up the DagBag from /Users/bhavishyachallagolla/Desktop/RetailSense/.venv/lib/python3.12/site-packages/airflow/example_dags/plugins/event_listener.py
[2026-07-17T23:26:36.148+0530] {processor.py:927} WARNING - No viable dags retrieved from /Users/bhavishyachallagolla/Desktop/RetailSense/.venv/lib/python3.12/site-packages/airflow/example_dags/plugins/event_listener.py
[2026-07-17T23:26:36.171+0530] {processor.py:208} INFO - Processing /Users/bhavishyachallagolla/Desktop/RetailSense/.venv/lib/python3.12/site-packages/airflow/example_dags/plugins/event_listener.py took 0.024 seconds
[2026-07-17T23:27:30.043+0530] {processor.py:186} INFO - Started process (PID=98180) to work on /Users/bhavishyachallagolla/Desktop/RetailSense/.venv/lib/python3.12/site-packages/airflow/example_dags/plugins/event_listener.py
[2026-07-17T23:27:30.043+0530] {processor.py:914} INFO - Processing file /Users/bhavishyachallagolla/Desktop/RetailSense/.venv/lib/python3.12/site-packages/airflow/example_dags/plugins/event_listener.py for tasks to queue
[2026-07-17T23:27:30.044+0530] {logging_mixin.py:190} INFO - [2026-07-17T23:27:30.044+0530] {dagbag.py:588} INFO - Filling up the DagBag from /Users/bhavishyachallagolla/Desktop/RetailSense/.venv/lib/python3.12/site-packages/airflow/example_dags/plugins/event_listener.py
[2026-07-17T23:27:30.044+0530] {processor.py:927} WARNING - No viable dags retrieved from /Users/bhavishyachallagolla/Desktop/RetailSense/.venv/lib/python3.12/site-packages/airflow/example_dags/plugins/event_listener.py
[2026-07-17T23:27:30.067+0530] {processor.py:208} INFO - Processing /Users/bhavishyachallagolla/Desktop/RetailSense/.venv/lib/python3.12/site-packages/airflow/example_dags/plugins/event_listener.py took 0.025 seconds
[2026-07-17T23:28:21.474+0530] {processor.py:186} INFO - Started process (PID=98261) to work on /Users/bhavishyachallagolla/Desktop/RetailSense/.venv/lib/python3.12/site-packages/airflow/example_dags/plugins/event_listener.py
[2026-07-17T23:28:21.474+0530] {processor.py:914} INFO - Processing file /Users/bhavishyachallagolla/Desktop/RetailSense/.venv/lib/python3.12/site-packages/airflow/example_dags/plugins/event_listener.py for tasks to queue
[2026-07-17T23:28:21.474+0530] {logging_mixin.py:190} INFO - [2026-07-17T23:28:21.474+0530] {dagbag.py:588} INFO - Filling up the DagBag from /Users/bhavishyachallagolla/Desktop/RetailSense/.venv/lib/python3.12/site-packages/airflow/example_dags/plugins/event_listener.py
[2026-07-17T23:28:21.475+0530] {processor.py:927} WARNING - No viable dags retrieved from /Users/bhavishyachallagolla/Desktop/RetailSense/.venv/lib/python3.12/site-packages/airflow/example_dags/plugins/event_listener.py
[2026-07-17T23:28:21.498+0530] {processor.py:208} INFO - Processing /Users/bhavishyachallagolla/Desktop/RetailSense/.venv/lib/python3.12/site-packages/airflow/example_dags/plugins/event_listener.py took 0.025 seconds
[2026-07-17T23:29:12.088+0530] {processor.py:186} INFO - Started process (PID=98335) to work on /Users/bhavishyachallagolla/Desktop/RetailSense/.venv/lib/python3.12/site-packages/airflow/example_dags/plugins/event_listener.py
[2026-07-17T23:29:12.089+0530] {processor.py:914} INFO - Processing file /Users/bhavishyachallagolla/Desktop/RetailSense/.venv/lib/python3.12/site-packages/airflow/example_dags/plugins/event_listener.py for tasks to queue
[2026-07-17T23:29:12.090+0530] {logging_mixin.py:190} INFO - [2026-07-17T23:29:12.090+0530] {dagbag.py:588} INFO - Filling up the DagBag from /Users/bhavishyachallagolla/Desktop/RetailSense/.venv/lib/python3.12/site-packages/airflow/example_dags/plugins/event_listener.py
[2026-07-17T23:29:12.090+0530] {processor.py:927} WARNING - No viable dags retrieved from /Users/bhavishyachallagolla/Desktop/RetailSense/.venv/lib/python3.12/site-packages/airflow/example_dags/plugins/event_listener.py
[2026-07-17T23:29:12.113+0530] {processor.py:208} INFO - Processing /Users/bhavishyachallagolla/Desktop/RetailSense/.venv/lib/python3.12/site-packages/airflow/example_dags/plugins/event_listener.py took 0.025 seconds
[2026-07-17T23:30:02.591+0530] {processor.py:186} INFO - Started process (PID=98431) to work on /Users/bhavishyachallagolla/Desktop/RetailSense/.venv/lib/python3.12/site-packages/airflow/example_dags/plugins/event_listener.py
[2026-07-17T23:30:02.592+0530] {processor.py:914} INFO - Processing file /Users/bhavishyachallagolla/Desktop/RetailSense/.venv/lib/python3.12/site-packages/airflow/example_dags/plugins/event_listener.py for tasks to queue
[2026-07-17T23:30:02.592+0530] {logging_mixin.py:190} INFO - [2026-07-17T23:30:02.592+0530] {dagbag.py:588} INFO - Filling up the DagBag from /Users/bhavishyachallagolla/Desktop/RetailSense/.venv/lib/python3.12/site-packages/airflow/example_dags/plugins/event_listener.py
[2026-07-17T23:30:02.593+0530] {processor.py:927} WARNING - No viable dags retrieved from /Users/bhavishyachallagolla/Desktop/RetailSense/.venv/lib/python3.12/site-packages/airflow/example_dags/plugins/event_listener.py
[2026-07-17T23:30:02.617+0530] {processor.py:208} INFO - Processing /Users/bhavishyachallagolla/Desktop/RetailSense/.venv/lib/python3.12/site-packages/airflow/example_dags/plugins/event_listener.py took 0.027 seconds
[2026-07-17T23:30:54.253+0530] {processor.py:186} INFO - Started process (PID=98525) to work on /Users/bhavishyachallagolla/Desktop/RetailSense/.venv/lib/python3.12/site-packages/airflow/example_dags/plugins/event_listener.py
[2026-07-17T23:30:54.253+0530] {processor.py:914} INFO - Processing file /Users/bhavishyachallagolla/Desktop/RetailSense/.venv/lib/python3.12/site-packages/airflow/example_dags/plugins/event_listener.py for tasks to queue
[2026-07-17T23:30:54.253+0530] {logging_mixin.py:190} INFO - [2026-07-17T23:30:54.253+0530] {dagbag.py:588} INFO - Filling up the DagBag from /Users/bhavishyachallagolla/Desktop/RetailSense/.venv/lib/python3.12/site-packages/airflow/example_dags/plugins/event_listener.py
[2026-07-17T23:30:54.254+0530] {processor.py:927} WARNING - No viable dags retrieved from /Users/bhavishyachallagolla/Desktop/RetailSense/.venv/lib/python3.12/site-packages/airflow/example_dags/plugins/event_listener.py
[2026-07-17T23:30:54.278+0530] {processor.py:208} INFO - Processing /Users/bhavishyachallagolla/Desktop/RetailSense/.venv/lib/python3.12/site-packages/airflow/example_dags/plugins/event_listener.py took 0.027 seconds
[2026-07-17T23:31:49.225+0530] {processor.py:186} INFO - Started process (PID=98613) to work on /Users/bhavishyachallagolla/Desktop/RetailSense/.venv/lib/python3.12/site-packages/airflow/example_dags/plugins/event_listener.py
[2026-07-17T23:31:49.226+0530] {processor.py:914} INFO - Processing file /Users/bhavishyachallagolla/Desktop/RetailSense/.venv/lib/python3.12/site-packages/airflow/example_dags/plugins/event_listener.py for tasks to queue
[2026-07-17T23:31:49.226+0530] {logging_mixin.py:190} INFO - [2026-07-17T23:31:49.226+0530] {dagbag.py:588} INFO - Filling up the DagBag from /Users/bhavishyachallagolla/Desktop/RetailSense/.venv/lib/python3.12/site-packages/airflow/example_dags/plugins/event_listener.py
[2026-07-17T23:31:49.226+0530] {processor.py:927} WARNING - No viable dags retrieved from /Users/bhavishyachallagolla/Desktop/RetailSense/.venv/lib/python3.12/site-packages/airflow/example_dags/plugins/event_listener.py
[2026-07-17T23:31:49.250+0530] {processor.py:208} INFO - Processing /Users/bhavishyachallagolla/Desktop/RetailSense/.venv/lib/python3.12/site-packages/airflow/example_dags/plugins/event_listener.py took 0.026 seconds
[2026-07-17T23:32:44.129+0530] {processor.py:186} INFO - Started process (PID=98701) to work on /Users/bhavishyachallagolla/Desktop/RetailSense/.venv/lib/python3.12/site-packages/airflow/example_dags/plugins/event_listener.py
[2026-07-17T23:32:44.130+0530] {processor.py:914} INFO - Processing file /Users/bhavishyachallagolla/Desktop/RetailSense/.venv/lib/python3.12/site-packages/airflow/example_dags/plugins/event_listener.py for tasks to queue
[2026-07-17T23:32:44.130+0530] {logging_mixin.py:190} INFO - [2026-07-17T23:32:44.130+0530] {dagbag.py:588} INFO - Filling up the DagBag from /Users/bhavishyachallagolla/Desktop/RetailSense/.venv/lib/python3.12/site-packages/airflow/example_dags/plugins/event_listener.py
[2026-07-17T23:32:44.130+0530] {processor.py:927} WARNING - No viable dags retrieved from /Users/bhavishyachallagolla/Desktop/RetailSense/.venv/lib/python3.12/site-packages/airflow/example_dags/plugins/event_listener.py
[2026-07-17T23:32:44.153+0530] {processor.py:208} INFO - Processing /Users/bhavishyachallagolla/Desktop/RetailSense/.venv/lib/python3.12/site-packages/airflow/example_dags/plugins/event_listener.py took 0.025 seconds
[2026-07-17T23:33:37.957+0530] {processor.py:186} INFO - Started process (PID=98782) to work on /Users/bhavishyachallagolla/Desktop/RetailSense/.venv/lib/python3.12/site-packages/airflow/example_dags/plugins/event_listener.py
[2026-07-17T23:33:37.958+0530] {processor.py:914} INFO - Processing file /Users/bhavishyachallagolla/Desktop/RetailSense/.venv/lib/python3.12/site-packages/airflow/example_dags/plugins/event_listener.py for tasks to queue
[2026-07-17T23:33:37.958+0530] {logging_mixin.py:190} INFO - [2026-07-17T23:33:37.958+0530] {dagbag.py:588} INFO - Filling up the DagBag from /Users/bhavishyachallagolla/Desktop/RetailSense/.venv/lib/python3.12/site-packages/airflow/example_dags/plugins/event_listener.py
[2026-07-17T23:33:37.958+0530] {processor.py:927} WARNING - No viable dags retrieved from /Users/bhavishyachallagolla/Desktop/RetailSense/.venv/lib/python3.12/site-packages/airflow/example_dags/plugins/event_listener.py
[2026-07-17T23:33:37.981+0530] {processor.py:208} INFO - Processing /Users/bhavishyachallagolla/Desktop/RetailSense/.venv/lib/python3.12/site-packages/airflow/example_dags/plugins/event_listener.py took 0.024 seconds
[2026-07-17T23:34:30.801+0530] {processor.py:186} INFO - Started process (PID=98873) to work on /Users/bhavishyachallagolla/Desktop/RetailSense/.venv/lib/python3.12/site-packages/airflow/example_dags/plugins/event_listener.py
[2026-07-17T23:34:30.802+0530] {processor.py:914} INFO - Processing file /Users/bhavishyachallagolla/Desktop/RetailSense/.venv/lib/python3.12/site-packages/airflow/example_dags/plugins/event_listener.py for tasks to queue
[2026-07-17T23:34:30.802+0530] {logging_mixin.py:190} INFO - [2026-07-17T23:34:30.802+0530] {dagbag.py:588} INFO - Filling up the DagBag from /Users/bhavishyachallagolla/Desktop/RetailSense/.venv/lib/python3.12/site-packages/airflow/example_dags/plugins/event_listener.py
[2026-07-17T23:34:30.802+0530] {processor.py:927} WARNING - No viable dags retrieved from /Users/bhavishyachallagolla/Desktop/RetailSense/.venv/lib/python3.12/site-packages/airflow/example_dags/plugins/event_listener.py
[2026-07-17T23:34:30.825+0530] {processor.py:208} INFO - Processing /Users/bhavishyachallagolla/Desktop/RetailSense/.venv/lib/python3.12/site-packages/airflow/example_dags/plugins/event_listener.py took 0.025 seconds
[2026-07-17T23:35:22.815+0530] {processor.py:186} INFO - Started process (PID=98950) to work on /Users/bhavishyachallagolla/Desktop/RetailSense/.venv/lib/python3.12/site-packages/airflow/example_dags/plugins/event_listener.py
[2026-07-17T23:35:22.815+0530] {processor.py:914} INFO - Processing file /Users/bhavishyachallagolla/Desktop/RetailSense/.venv/lib/python3.12/site-packages/airflow/example_dags/plugins/event_listener.py for tasks to queue
[2026-07-17T23:35:22.816+0530] {logging_mixin.py:190} INFO - [2026-07-17T23:35:22.816+0530] {dagbag.py:588} INFO - Filling up the DagBag from /Users/bhavishyachallagolla/Desktop/RetailSense/.venv/lib/python3.12/site-packages/airflow/example_dags/plugins/event_listener.py
[2026-07-17T23:35:22.816+0530] {processor.py:927} WARNING - No viable dags retrieved from /Users/bhavishyachallagolla/Desktop/RetailSense/.venv/lib/python3.12/site-packages/airflow/example_dags/plugins/event_listener.py
[2026-07-17T23:35:22.838+0530] {processor.py:208} INFO - Processing /Users/bhavishyachallagolla/Desktop/RetailSense/.venv/lib/python3.12/site-packages/airflow/example_dags/plugins/event_listener.py took 0.024 seconds
[2026-07-17T23:36:13.727+0530] {processor.py:186} INFO - Started process (PID=99027) to work on /Users/bhavishyachallagolla/Desktop/RetailSense/.venv/lib/python3.12/site-packages/airflow/example_dags/plugins/event_listener.py
[2026-07-17T23:36:13.727+0530] {processor.py:914} INFO - Processing file /Users/bhavishyachallagolla/Desktop/RetailSense/.venv/lib/python3.12/site-packages/airflow/example_dags/plugins/event_listener.py for tasks to queue
[2026-07-17T23:36:13.727+0530] {logging_mixin.py:190} INFO - [2026-07-17T23:36:13.727+0530] {dagbag.py:588} INFO - Filling up the DagBag from /Users/bhavishyachallagolla/Desktop/RetailSense/.venv/lib/python3.12/site-packages/airflow/example_dags/plugins/event_listener.py
[2026-07-17T23:36:13.728+0530] {processor.py:927} WARNING - No viable dags retrieved from /Users/bhavishyachallagolla/Desktop/RetailSense/.venv/lib/python3.12/site-packages/airflow/example_dags/plugins/event_listener.py
[2026-07-17T23:36:13.749+0530] {processor.py:208} INFO - Processing /Users/bhavishyachallagolla/Desktop/RetailSense/.venv/lib/python3.12/site-packages/airflow/example_dags/plugins/event_listener.py took 0.024 seconds
[2026-07-17T23:37:04.059+0530] {processor.py:186} INFO - Started process (PID=99103) to work on /Users/bhavishyachallagolla/Desktop/RetailSense/.venv/lib/python3.12/site-packages/airflow/example_dags/plugins/event_listener.py
[2026-07-17T23:37:04.059+0530] {processor.py:914} INFO - Processing file /Users/bhavishyachallagolla/Desktop/RetailSense/.venv/lib/python3.12/site-packages/airflow/example_dags/plugins/event_listener.py for tasks to queue
[2026-07-17T23:37:04.060+0530] {logging_mixin.py:190} INFO - [2026-07-17T23:37:04.060+0530] {dagbag.py:588} INFO - Filling up the DagBag from /Users/bhavishyachallagolla/Desktop/RetailSense/.venv/lib/python3.12/site-packages/airflow/example_dags/plugins/event_listener.py
[2026-07-17T23:37:04.060+0530] {processor.py:927} WARNING - No viable dags retrieved from /Users/bhavishyachallagolla/Desktop/RetailSense/.venv/lib/python3.12/site-packages/airflow/example_dags/plugins/event_listener.py
[2026-07-17T23:37:04.083+0530] {processor.py:208} INFO - Processing /Users/bhavishyachallagolla/Desktop/RetailSense/.venv/lib/python3.12/site-packages/airflow/example_dags/plugins/event_listener.py took 0.025 seconds
[2026-07-17T23:37:54.469+0530] {processor.py:186} INFO - Started process (PID=99179) to work on /Users/bhavishyachallagolla/Desktop/RetailSense/.venv/lib/python3.12/site-packages/airflow/example_dags/plugins/event_listener.py
[2026-07-17T23:37:54.469+0530] {processor.py:914} INFO - Processing file /Users/bhavishyachallagolla/Desktop/RetailSense/.venv/lib/python3.12/site-packages/airflow/example_dags/plugins/event_listener.py for tasks to queue
[2026-07-17T23:37:54.469+0530] {logging_mixin.py:190} INFO - [2026-07-17T23:37:54.469+0530] {dagbag.py:588} INFO - Filling up the DagBag from /Users/bhavishyachallagolla/Desktop/RetailSense/.venv/lib/python3.12/site-packages/airflow/example_dags/plugins/event_listener.py
[2026-07-17T23:37:54.470+0530] {processor.py:927} WARNING - No viable dags retrieved from /Users/bhavishyachallagolla/Desktop/RetailSense/.venv/lib/python3.12/site-packages/airflow/example_dags/plugins/event_listener.py
[2026-07-17T23:37:54.492+0530] {processor.py:208} INFO - Processing /Users/bhavishyachallagolla/Desktop/RetailSense/.venv/lib/python3.12/site-packages/airflow/example_dags/plugins/event_listener.py took 0.025 seconds
[2026-07-17T23:38:46.785+0530] {processor.py:186} INFO - Started process (PID=99265) to work on /Users/bhavishyachallagolla/Desktop/RetailSense/.venv/lib/python3.12/site-packages/airflow/example_dags/plugins/event_listener.py
[2026-07-17T23:38:46.785+0530] {processor.py:914} INFO - Processing file /Users/bhavishyachallagolla/Desktop/RetailSense/.venv/lib/python3.12/site-packages/airflow/example_dags/plugins/event_listener.py for tasks to queue
[2026-07-17T23:38:46.785+0530] {logging_mixin.py:190} INFO - [2026-07-17T23:38:46.785+0530] {dagbag.py:588} INFO - Filling up the DagBag from /Users/bhavishyachallagolla/Desktop/RetailSense/.venv/lib/python3.12/site-packages/airflow/example_dags/plugins/event_listener.py
[2026-07-17T23:38:46.786+0530] {processor.py:927} WARNING - No viable dags retrieved from /Users/bhavishyachallagolla/Desktop/RetailSense/.venv/lib/python3.12/site-packages/airflow/example_dags/plugins/event_listener.py
[2026-07-17T23:38:46.808+0530] {processor.py:208} INFO - Processing /Users/bhavishyachallagolla/Desktop/RetailSense/.venv/lib/python3.12/site-packages/airflow/example_dags/plugins/event_listener.py took 0.024 seconds
[2026-07-17T23:39:37.205+0530] {processor.py:186} INFO - Started process (PID=99339) to work on /Users/bhavishyachallagolla/Desktop/RetailSense/.venv/lib/python3.12/site-packages/airflow/example_dags/plugins/event_listener.py
[2026-07-17T23:39:37.206+0530] {processor.py:914} INFO - Processing file /Users/bhavishyachallagolla/Desktop/RetailSense/.venv/lib/python3.12/site-packages/airflow/example_dags/plugins/event_listener.py for tasks to queue
[2026-07-17T23:39:37.206+0530] {logging_mixin.py:190} INFO - [2026-07-17T23:39:37.206+0530] {dagbag.py:588} INFO - Filling up the DagBag from /Users/bhavishyachallagolla/Desktop/RetailSense/.venv/lib/python3.12/site-packages/airflow/example_dags/plugins/event_listener.py
[2026-07-17T23:39:37.206+0530] {processor.py:927} WARNING - No viable dags retrieved from /Users/bhavishyachallagolla/Desktop/RetailSense/.venv/lib/python3.12/site-packages/airflow/example_dags/plugins/event_listener.py
[2026-07-17T23:39:37.228+0530] {processor.py:208} INFO - Processing /Users/bhavishyachallagolla/Desktop/RetailSense/.venv/lib/python3.12/site-packages/airflow/example_dags/plugins/event_listener.py took 0.024 seconds
[2026-07-17T23:40:27.758+0530] {processor.py:186} INFO - Started process (PID=99417) to work on /Users/bhavishyachallagolla/Desktop/RetailSense/.venv/lib/python3.12/site-packages/airflow/example_dags/plugins/event_listener.py
[2026-07-17T23:40:27.758+0530] {processor.py:914} INFO - Processing file /Users/bhavishyachallagolla/Desktop/RetailSense/.venv/lib/python3.12/site-packages/airflow/example_dags/plugins/event_listener.py for tasks to queue
[2026-07-17T23:40:27.758+0530] {logging_mixin.py:190} INFO - [2026-07-17T23:40:27.758+0530] {dagbag.py:588} INFO - Filling up the DagBag from /Users/bhavishyachallagolla/Desktop/RetailSense/.venv/lib/python3.12/site-packages/airflow/example_dags/plugins/event_listener.py
[2026-07-17T23:40:27.759+0530] {processor.py:927} WARNING - No viable dags retrieved from /Users/bhavishyachallagolla/Desktop/RetailSense/.venv/lib/python3.12/site-packages/airflow/example_dags/plugins/event_listener.py
[2026-07-17T23:40:27.783+0530] {processor.py:208} INFO - Processing /Users/bhavishyachallagolla/Desktop/RetailSense/.venv/lib/python3.12/site-packages/airflow/example_dags/plugins/event_listener.py took 0.026 seconds
[2026-07-17T23:41:19.973+0530] {processor.py:186} INFO - Started process (PID=99496) to work on /Users/bhavishyachallagolla/Desktop/RetailSense/.venv/lib/python3.12/site-packages/airflow/example_dags/plugins/event_listener.py
[2026-07-17T23:41:19.974+0530] {processor.py:914} INFO - Processing file /Users/bhavishyachallagolla/Desktop/RetailSense/.venv/lib/python3.12/site-packages/airflow/example_dags/plugins/event_listener.py for tasks to queue
[2026-07-17T23:41:19.975+0530] {logging_mixin.py:190} INFO - [2026-07-17T23:41:19.975+0530] {dagbag.py:588} INFO - Filling up the DagBag from /Users/bhavishyachallagolla/Desktop/RetailSense/.venv/lib/python3.12/site-packages/airflow/example_dags/plugins/event_listener.py
[2026-07-17T23:41:19.975+0530] {processor.py:927} WARNING - No viable dags retrieved from /Users/bhavishyachallagolla/Desktop/RetailSense/.venv/lib/python3.12/site-packages/airflow/example_dags/plugins/event_listener.py
[2026-07-17T23:41:19.997+0530] {processor.py:208} INFO - Processing /Users/bhavishyachallagolla/Desktop/RetailSense/.venv/lib/python3.12/site-packages/airflow/example_dags/plugins/event_listener.py took 0.025 seconds
[2026-07-17T23:42:12.068+0530] {processor.py:186} INFO - Started process (PID=99577) to work on /Users/bhavishyachallagolla/Desktop/RetailSense/.venv/lib/python3.12/site-packages/airflow/example_dags/plugins/event_listener.py
[2026-07-17T23:42:12.068+0530] {processor.py:914} INFO - Processing file /Users/bhavishyachallagolla/Desktop/RetailSense/.venv/lib/python3.12/site-packages/airflow/example_dags/plugins/event_listener.py for tasks to queue
[2026-07-17T23:42:12.068+0530] {logging_mixin.py:190} INFO - [2026-07-17T23:42:12.068+0530] {dagbag.py:588} INFO - Filling up the DagBag from /Users/bhavishyachallagolla/Desktop/RetailSense/.venv/lib/python3.12/site-packages/airflow/example_dags/plugins/event_listener.py
[2026-07-17T23:42:12.069+0530] {processor.py:927} WARNING - No viable dags retrieved from /Users/bhavishyachallagolla/Desktop/RetailSense/.venv/lib/python3.12/site-packages/airflow/example_dags/plugins/event_listener.py
[2026-07-17T23:42:12.091+0530] {processor.py:208} INFO - Processing /Users/bhavishyachallagolla/Desktop/RetailSense/.venv/lib/python3.12/site-packages/airflow/example_dags/plugins/event_listener.py took 0.024 seconds
[2026-07-17T23:43:01.166+0530] {processor.py:186} INFO - Started process (PID=99654) to work on /Users/bhavishyachallagolla/Desktop/RetailSense/.venv/lib/python3.12/site-packages/airflow/example_dags/plugins/event_listener.py
[2026-07-17T23:43:01.167+0530] {processor.py:914} INFO - Processing file /Users/bhavishyachallagolla/Desktop/RetailSense/.venv/lib/python3.12/site-packages/airflow/example_dags/plugins/event_listener.py for tasks to queue
[2026-07-17T23:43:01.167+0530] {logging_mixin.py:190} INFO - [2026-07-17T23:43:01.167+0530] {dagbag.py:588} INFO - Filling up the DagBag from /Users/bhavishyachallagolla/Desktop/RetailSense/.venv/lib/python3.12/site-packages/airflow/example_dags/plugins/event_listener.py
[2026-07-17T23:43:01.168+0530] {processor.py:927} WARNING - No viable dags retrieved from /Users/bhavishyachallagolla/Desktop/RetailSense/.venv/lib/python3.12/site-packages/airflow/example_dags/plugins/event_listener.py
[2026-07-17T23:43:01.191+0530] {processor.py:208} INFO - Processing /Users/bhavishyachallagolla/Desktop/RetailSense/.venv/lib/python3.12/site-packages/airflow/example_dags/plugins/event_listener.py took 0.026 seconds
[2026-07-17T23:43:51.755+0530] {processor.py:186} INFO - Started process (PID=99728) to work on /Users/bhavishyachallagolla/Desktop/RetailSense/.venv/lib/python3.12/site-packages/airflow/example_dags/plugins/event_listener.py
[2026-07-17T23:43:51.755+0530] {processor.py:914} INFO - Processing file /Users/bhavishyachallagolla/Desktop/RetailSense/.venv/lib/python3.12/site-packages/airflow/example_dags/plugins/event_listener.py for tasks to queue
[2026-07-17T23:43:51.756+0530] {logging_mixin.py:190} INFO - [2026-07-17T23:43:51.756+0530] {dagbag.py:588} INFO - Filling up the DagBag from /Users/bhavishyachallagolla/Desktop/RetailSense/.venv/lib/python3.12/site-packages/airflow/example_dags/plugins/event_listener.py
[2026-07-17T23:43:51.756+0530] {processor.py:927} WARNING - No viable dags retrieved from /Users/bhavishyachallagolla/Desktop/RetailSense/.venv/lib/python3.12/site-packages/airflow/example_dags/plugins/event_listener.py
[2026-07-17T23:43:51.779+0530] {processor.py:208} INFO - Processing /Users/bhavishyachallagolla/Desktop/RetailSense/.venv/lib/python3.12/site-packages/airflow/example_dags/plugins/event_listener.py took 0.024 seconds
[2026-07-17T23:44:43.435+0530] {processor.py:186} INFO - Started process (PID=99808) to work on /Users/bhavishyachallagolla/Desktop/RetailSense/.venv/lib/python3.12/site-packages/airflow/example_dags/plugins/event_listener.py
[2026-07-17T23:44:43.435+0530] {processor.py:914} INFO - Processing file /Users/bhavishyachallagolla/Desktop/RetailSense/.venv/lib/python3.12/site-packages/airflow/example_dags/plugins/event_listener.py for tasks to queue
[2026-07-17T23:44:43.435+0530] {logging_mixin.py:190} INFO - [2026-07-17T23:44:43.435+0530] {dagbag.py:588} INFO - Filling up the DagBag from /Users/bhavishyachallagolla/Desktop/RetailSense/.venv/lib/python3.12/site-packages/airflow/example_dags/plugins/event_listener.py
[2026-07-17T23:44:43.436+0530] {processor.py:927} WARNING - No viable dags retrieved from /Users/bhavishyachallagolla/Desktop/RetailSense/.venv/lib/python3.12/site-packages/airflow/example_dags/plugins/event_listener.py
[2026-07-17T23:44:43.458+0530] {processor.py:208} INFO - Processing /Users/bhavishyachallagolla/Desktop/RetailSense/.venv/lib/python3.12/site-packages/airflow/example_dags/plugins/event_listener.py took 0.024 seconds
[2026-07-17T23:45:34.817+0530] {processor.py:186} INFO - Started process (PID=99885) to work on /Users/bhavishyachallagolla/Desktop/RetailSense/.venv/lib/python3.12/site-packages/airflow/example_dags/plugins/event_listener.py
[2026-07-17T23:45:34.817+0530] {processor.py:914} INFO - Processing file /Users/bhavishyachallagolla/Desktop/RetailSense/.venv/lib/python3.12/site-packages/airflow/example_dags/plugins/event_listener.py for tasks to queue
[2026-07-17T23:45:34.818+0530] {logging_mixin.py:190} INFO - [2026-07-17T23:45:34.817+0530] {dagbag.py:588} INFO - Filling up the DagBag from /Users/bhavishyachallagolla/Desktop/RetailSense/.venv/lib/python3.12/site-packages/airflow/example_dags/plugins/event_listener.py
[2026-07-17T23:45:34.818+0530] {processor.py:927} WARNING - No viable dags retrieved from /Users/bhavishyachallagolla/Desktop/RetailSense/.venv/lib/python3.12/site-packages/airflow/example_dags/plugins/event_listener.py
[2026-07-17T23:45:34.840+0530] {processor.py:208} INFO - Processing /Users/bhavishyachallagolla/Desktop/RetailSense/.venv/lib/python3.12/site-packages/airflow/example_dags/plugins/event_listener.py took 0.024 seconds
[2026-07-17T23:46:27.614+0530] {processor.py:186} INFO - Started process (PID=99968) to work on /Users/bhavishyachallagolla/Desktop/RetailSense/.venv/lib/python3.12/site-packages/airflow/example_dags/plugins/event_listener.py
[2026-07-17T23:46:27.614+0530] {processor.py:914} INFO - Processing file /Users/bhavishyachallagolla/Desktop/RetailSense/.venv/lib/python3.12/site-packages/airflow/example_dags/plugins/event_listener.py for tasks to queue
[2026-07-17T23:46:27.615+0530] {logging_mixin.py:190} INFO - [2026-07-17T23:46:27.615+0530] {dagbag.py:588} INFO - Filling up the DagBag from /Users/bhavishyachallagolla/Desktop/RetailSense/.venv/lib/python3.12/site-packages/airflow/example_dags/plugins/event_listener.py
[2026-07-17T23:46:27.615+0530] {processor.py:927} WARNING - No viable dags retrieved from /Users/bhavishyachallagolla/Desktop/RetailSense/.venv/lib/python3.12/site-packages/airflow/example_dags/plugins/event_listener.py
[2026-07-17T23:46:27.638+0530] {processor.py:208} INFO - Processing /Users/bhavishyachallagolla/Desktop/RetailSense/.venv/lib/python3.12/site-packages/airflow/example_dags/plugins/event_listener.py took 0.025 seconds
[2026-07-17T23:47:18.982+0530] {processor.py:186} INFO - Started process (PID=145) to work on /Users/bhavishyachallagolla/Desktop/RetailSense/.venv/lib/python3.12/site-packages/airflow/example_dags/plugins/event_listener.py
[2026-07-17T23:47:18.982+0530] {processor.py:914} INFO - Processing file /Users/bhavishyachallagolla/Desktop/RetailSense/.venv/lib/python3.12/site-packages/airflow/example_dags/plugins/event_listener.py for tasks to queue
[2026-07-17T23:47:18.983+0530] {logging_mixin.py:190} INFO - [2026-07-17T23:47:18.983+0530] {dagbag.py:588} INFO - Filling up the DagBag from /Users/bhavishyachallagolla/Desktop/RetailSense/.venv/lib/python3.12/site-packages/airflow/example_dags/plugins/event_listener.py
[2026-07-17T23:47:18.983+0530] {processor.py:927} WARNING - No viable dags retrieved from /Users/bhavishyachallagolla/Desktop/RetailSense/.venv/lib/python3.12/site-packages/airflow/example_dags/plugins/event_listener.py
[2026-07-17T23:47:19.005+0530] {processor.py:208} INFO - Processing /Users/bhavishyachallagolla/Desktop/RetailSense/.venv/lib/python3.12/site-packages/airflow/example_dags/plugins/event_listener.py took 0.024 seconds
[2026-07-17T23:48:27.115+0530] {processor.py:186} INFO - Started process (PID=252) to work on /Users/bhavishyachallagolla/Desktop/RetailSense/.venv/lib/python3.12/site-packages/airflow/example_dags/plugins/event_listener.py
[2026-07-17T23:48:27.117+0530] {processor.py:914} INFO - Processing file /Users/bhavishyachallagolla/Desktop/RetailSense/.venv/lib/python3.12/site-packages/airflow/example_dags/plugins/event_listener.py for tasks to queue
[2026-07-17T23:48:27.117+0530] {logging_mixin.py:190} INFO - [2026-07-17T23:48:27.117+0530] {dagbag.py:588} INFO - Filling up the DagBag from /Users/bhavishyachallagolla/Desktop/RetailSense/.venv/lib/python3.12/site-packages/airflow/example_dags/plugins/event_listener.py
[2026-07-17T23:48:27.117+0530] {processor.py:927} WARNING - No viable dags retrieved from /Users/bhavishyachallagolla/Desktop/RetailSense/.venv/lib/python3.12/site-packages/airflow/example_dags/plugins/event_listener.py
[2026-07-17T23:48:27.141+0530] {processor.py:208} INFO - Processing /Users/bhavishyachallagolla/Desktop/RetailSense/.venv/lib/python3.12/site-packages/airflow/example_dags/plugins/event_listener.py took 0.026 seconds
[2026-07-17T23:49:20.048+0530] {processor.py:186} INFO - Started process (PID=343) to work on /Users/bhavishyachallagolla/Desktop/RetailSense/.venv/lib/python3.12/site-packages/airflow/example_dags/plugins/event_listener.py
[2026-07-17T23:49:20.048+0530] {processor.py:914} INFO - Processing file /Users/bhavishyachallagolla/Desktop/RetailSense/.venv/lib/python3.12/site-packages/airflow/example_dags/plugins/event_listener.py for tasks to queue
[2026-07-17T23:49:20.049+0530] {logging_mixin.py:190} INFO - [2026-07-17T23:49:20.049+0530] {dagbag.py:588} INFO - Filling up the DagBag from /Users/bhavishyachallagolla/Desktop/RetailSense/.venv/lib/python3.12/site-packages/airflow/example_dags/plugins/event_listener.py
[2026-07-17T23:49:20.049+0530] {processor.py:927} WARNING - No viable dags retrieved from /Users/bhavishyachallagolla/Desktop/RetailSense/.venv/lib/python3.12/site-packages/airflow/example_dags/plugins/event_listener.py
[2026-07-17T23:49:20.071+0530] {processor.py:208} INFO - Processing /Users/bhavishyachallagolla/Desktop/RetailSense/.venv/lib/python3.12/site-packages/airflow/example_dags/plugins/event_listener.py took 0.024 seconds
[2026-07-17T23:50:12.113+0530] {processor.py:186} INFO - Started process (PID=464) to work on /Users/bhavishyachallagolla/Desktop/RetailSense/.venv/lib/python3.12/site-packages/airflow/example_dags/plugins/event_listener.py
[2026-07-17T23:50:12.114+0530] {processor.py:914} INFO - Processing file /Users/bhavishyachallagolla/Desktop/RetailSense/.venv/lib/python3.12/site-packages/airflow/example_dags/plugins/event_listener.py for tasks to queue
[2026-07-17T23:50:12.114+0530] {logging_mixin.py:190} INFO - [2026-07-17T23:50:12.114+0530] {dagbag.py:588} INFO - Filling up the DagBag from /Users/bhavishyachallagolla/Desktop/RetailSense/.venv/lib/python3.12/site-packages/airflow/example_dags/plugins/event_listener.py
[2026-07-17T23:50:12.114+0530] {processor.py:927} WARNING - No viable dags retrieved from /Users/bhavishyachallagolla/Desktop/RetailSense/.venv/lib/python3.12/site-packages/airflow/example_dags/plugins/event_listener.py
[2026-07-17T23:50:12.137+0530] {processor.py:208} INFO - Processing /Users/bhavishyachallagolla/Desktop/RetailSense/.venv/lib/python3.12/site-packages/airflow/example_dags/plugins/event_listener.py took 0.024 seconds
[2026-07-17T23:51:04.248+0530] {processor.py:186} INFO - Started process (PID=570) to work on /Users/bhavishyachallagolla/Desktop/RetailSense/.venv/lib/python3.12/site-packages/airflow/example_dags/plugins/event_listener.py
[2026-07-17T23:51:04.248+0530] {processor.py:914} INFO - Processing file /Users/bhavishyachallagolla/Desktop/RetailSense/.venv/lib/python3.12/site-packages/airflow/example_dags/plugins/event_listener.py for tasks to queue
[2026-07-17T23:51:04.249+0530] {logging_mixin.py:190} INFO - [2026-07-17T23:51:04.249+0530] {dagbag.py:588} INFO - Filling up the DagBag from /Users/bhavishyachallagolla/Desktop/RetailSense/.venv/lib/python3.12/site-packages/airflow/example_dags/plugins/event_listener.py
[2026-07-17T23:51:04.249+0530] {processor.py:927} WARNING - No viable dags retrieved from /Users/bhavishyachallagolla/Desktop/RetailSense/.venv/lib/python3.12/site-packages/airflow/example_dags/plugins/event_listener.py
[2026-07-17T23:51:04.272+0530] {processor.py:208} INFO - Processing /Users/bhavishyachallagolla/Desktop/RetailSense/.venv/lib/python3.12/site-packages/airflow/example_dags/plugins/event_listener.py took 0.025 seconds
[2026-07-17T23:51:55.491+0530] {processor.py:186} INFO - Started process (PID=703) to work on /Users/bhavishyachallagolla/Desktop/RetailSense/.venv/lib/python3.12/site-packages/airflow/example_dags/plugins/event_listener.py
[2026-07-17T23:51:55.491+0530] {processor.py:914} INFO - Processing file /Users/bhavishyachallagolla/Desktop/RetailSense/.venv/lib/python3.12/site-packages/airflow/example_dags/plugins/event_listener.py for tasks to queue
[2026-07-17T23:51:55.492+0530] {logging_mixin.py:190} INFO - [2026-07-17T23:51:55.491+0530] {dagbag.py:588} INFO - Filling up the DagBag from /Users/bhavishyachallagolla/Desktop/RetailSense/.venv/lib/python3.12/site-packages/airflow/example_dags/plugins/event_listener.py
[2026-07-17T23:51:55.492+0530] {processor.py:927} WARNING - No viable dags retrieved from /Users/bhavishyachallagolla/Desktop/RetailSense/.venv/lib/python3.12/site-packages/airflow/example_dags/plugins/event_listener.py
[2026-07-17T23:51:55.514+0530] {processor.py:208} INFO - Processing /Users/bhavishyachallagolla/Desktop/RetailSense/.venv/lib/python3.12/site-packages/airflow/example_dags/plugins/event_listener.py took 0.024 seconds
[2026-07-17T23:52:45.622+0530] {processor.py:186} INFO - Started process (PID=817) to work on /Users/bhavishyachallagolla/Desktop/RetailSense/.venv/lib/python3.12/site-packages/airflow/example_dags/plugins/event_listener.py
[2026-07-17T23:52:45.622+0530] {processor.py:914} INFO - Processing file /Users/bhavishyachallagolla/Desktop/RetailSense/.venv/lib/python3.12/site-packages/airflow/example_dags/plugins/event_listener.py for tasks to queue
[2026-07-17T23:52:45.623+0530] {logging_mixin.py:190} INFO - [2026-07-17T23:52:45.623+0530] {dagbag.py:588} INFO - Filling up the DagBag from /Users/bhavishyachallagolla/Desktop/RetailSense/.venv/lib/python3.12/site-packages/airflow/example_dags/plugins/event_listener.py
[2026-07-17T23:52:45.623+0530] {processor.py:927} WARNING - No viable dags retrieved from /Users/bhavishyachallagolla/Desktop/RetailSense/.venv/lib/python3.12/site-packages/airflow/example_dags/plugins/event_listener.py
[2026-07-17T23:52:45.645+0530] {processor.py:208} INFO - Processing /Users/bhavishyachallagolla/Desktop/RetailSense/.venv/lib/python3.12/site-packages/airflow/example_dags/plugins/event_listener.py took 0.024 seconds
[2026-07-17T23:53:45.349+0530] {processor.py:186} INFO - Started process (PID=942) to work on /Users/bhavishyachallagolla/Desktop/RetailSense/.venv/lib/python3.12/site-packages/airflow/example_dags/plugins/event_listener.py
[2026-07-17T23:53:45.349+0530] {processor.py:914} INFO - Processing file /Users/bhavishyachallagolla/Desktop/RetailSense/.venv/lib/python3.12/site-packages/airflow/example_dags/plugins/event_listener.py for tasks to queue
[2026-07-17T23:53:45.350+0530] {logging_mixin.py:190} INFO - [2026-07-17T23:53:45.350+0530] {dagbag.py:588} INFO - Filling up the DagBag from /Users/bhavishyachallagolla/Desktop/RetailSense/.venv/lib/python3.12/site-packages/airflow/example_dags/plugins/event_listener.py
[2026-07-17T23:53:45.350+0530] {processor.py:927} WARNING - No viable dags retrieved from /Users/bhavishyachallagolla/Desktop/RetailSense/.venv/lib/python3.12/site-packages/airflow/example_dags/plugins/event_listener.py
[2026-07-17T23:53:45.372+0530] {processor.py:208} INFO - Processing /Users/bhavishyachallagolla/Desktop/RetailSense/.venv/lib/python3.12/site-packages/airflow/example_dags/plugins/event_listener.py took 0.024 seconds
[2026-07-17T23:54:45.688+0530] {processor.py:186} INFO - Started process (PID=1040) to work on /Users/bhavishyachallagolla/Desktop/RetailSense/.venv/lib/python3.12/site-packages/airflow/example_dags/plugins/event_listener.py
[2026-07-17T23:54:45.689+0530] {processor.py:914} INFO - Processing file /Users/bhavishyachallagolla/Desktop/RetailSense/.venv/lib/python3.12/site-packages/airflow/example_dags/plugins/event_listener.py for tasks to queue
[2026-07-17T23:54:45.690+0530] {logging_mixin.py:190} INFO - [2026-07-17T23:54:45.690+0530] {dagbag.py:588} INFO - Filling up the DagBag from /Users/bhavishyachallagolla/Desktop/RetailSense/.venv/lib/python3.12/site-packages/airflow/example_dags/plugins/event_listener.py
[2026-07-17T23:54:45.690+0530] {processor.py:927} WARNING - No viable dags retrieved from /Users/bhavishyachallagolla/Desktop/RetailSense/.venv/lib/python3.12/site-packages/airflow/example_dags/plugins/event_listener.py
[2026-07-17T23:54:45.713+0530] {processor.py:208} INFO - Processing /Users/bhavishyachallagolla/Desktop/RetailSense/.venv/lib/python3.12/site-packages/airflow/example_dags/plugins/event_listener.py took 0.025 seconds
[2026-07-17T23:55:46.846+0530] {processor.py:186} INFO - Started process (PID=1148) to work on /Users/bhavishyachallagolla/Desktop/RetailSense/.venv/lib/python3.12/site-packages/airflow/example_dags/plugins/event_listener.py
[2026-07-17T23:55:46.846+0530] {processor.py:914} INFO - Processing file /Users/bhavishyachallagolla/Desktop/RetailSense/.venv/lib/python3.12/site-packages/airflow/example_dags/plugins/event_listener.py for tasks to queue
[2026-07-17T23:55:46.846+0530] {logging_mixin.py:190} INFO - [2026-07-17T23:55:46.846+0530] {dagbag.py:588} INFO - Filling up the DagBag from /Users/bhavishyachallagolla/Desktop/RetailSense/.venv/lib/python3.12/site-packages/airflow/example_dags/plugins/event_listener.py
[2026-07-17T23:55:46.847+0530] {processor.py:927} WARNING - No viable dags retrieved from /Users/bhavishyachallagolla/Desktop/RetailSense/.venv/lib/python3.12/site-packages/airflow/example_dags/plugins/event_listener.py
[2026-07-17T23:55:46.869+0530] {processor.py:208} INFO - Processing /Users/bhavishyachallagolla/Desktop/RetailSense/.venv/lib/python3.12/site-packages/airflow/example_dags/plugins/event_listener.py took 0.024 seconds
[2026-07-17T23:56:38.297+0530] {processor.py:186} INFO - Started process (PID=1224) to work on /Users/bhavishyachallagolla/Desktop/RetailSense/.venv/lib/python3.12/site-packages/airflow/example_dags/plugins/event_listener.py
[2026-07-17T23:56:38.297+0530] {processor.py:914} INFO - Processing file /Users/bhavishyachallagolla/Desktop/RetailSense/.venv/lib/python3.12/site-packages/airflow/example_dags/plugins/event_listener.py for tasks to queue
[2026-07-17T23:56:38.297+0530] {logging_mixin.py:190} INFO - [2026-07-17T23:56:38.297+0530] {dagbag.py:588} INFO - Filling up the DagBag from /Users/bhavishyachallagolla/Desktop/RetailSense/.venv/lib/python3.12/site-packages/airflow/example_dags/plugins/event_listener.py
[2026-07-17T23:56:38.298+0530] {processor.py:927} WARNING - No viable dags retrieved from /Users/bhavishyachallagolla/Desktop/RetailSense/.venv/lib/python3.12/site-packages/airflow/example_dags/plugins/event_listener.py
[2026-07-17T23:56:38.322+0530] {processor.py:208} INFO - Processing /Users/bhavishyachallagolla/Desktop/RetailSense/.venv/lib/python3.12/site-packages/airflow/example_dags/plugins/event_listener.py took 0.026 seconds
