[2026-07-17T20:08:42.485+0530] {processor.py:186} INFO - Started process (PID=87127) to work on /Users/bhavishyachallagolla/Desktop/RetailSense/.venv/lib/python3.12/site-packages/airflow/example_dags/subdags/subdag.py
[2026-07-17T20:08:42.485+0530] {processor.py:914} INFO - Processing file /Users/bhavishyachallagolla/Desktop/RetailSense/.venv/lib/python3.12/site-packages/airflow/example_dags/subdags/subdag.py for tasks to queue
[2026-07-17T20:08:42.486+0530] {logging_mixin.py:190} INFO - [2026-07-17T20:08:42.486+0530] {dagbag.py:588} INFO - Filling up the DagBag from /Users/bhavishyachallagolla/Desktop/RetailSense/.venv/lib/python3.12/site-packages/airflow/example_dags/subdags/subdag.py
[2026-07-17T20:08:42.486+0530] {processor.py:927} WARNING - No viable dags retrieved from /Users/bhavishyachallagolla/Desktop/RetailSense/.venv/lib/python3.12/site-packages/airflow/example_dags/subdags/subdag.py
[2026-07-17T20:08:42.509+0530] {processor.py:208} INFO - Processing /Users/bhavishyachallagolla/Desktop/RetailSense/.venv/lib/python3.12/site-packages/airflow/example_dags/subdags/subdag.py took 0.025 seconds
[2026-07-17T20:09:40.020+0530] {processor.py:186} INFO - Started process (PID=87236) to work on /Users/bhavishyachallagolla/Desktop/RetailSense/.venv/lib/python3.12/site-packages/airflow/example_dags/subdags/subdag.py
[2026-07-17T20:09:40.020+0530] {processor.py:914} INFO - Processing file /Users/bhavishyachallagolla/Desktop/RetailSense/.venv/lib/python3.12/site-packages/airflow/example_dags/subdags/subdag.py for tasks to queue
[2026-07-17T20:09:40.020+0530] {logging_mixin.py:190} INFO - [2026-07-17T20:09:40.020+0530] {dagbag.py:588} INFO - Filling up the DagBag from /Users/bhavishyachallagolla/Desktop/RetailSense/.venv/lib/python3.12/site-packages/airflow/example_dags/subdags/subdag.py
[2026-07-17T20:09:40.021+0530] {processor.py:927} WARNING - No viable dags retrieved from /Users/bhavishyachallagolla/Desktop/RetailSense/.venv/lib/python3.12/site-packages/airflow/example_dags/subdags/subdag.py
[2026-07-17T20:09:40.044+0530] {processor.py:208} INFO - Processing /Users/bhavishyachallagolla/Desktop/RetailSense/.venv/lib/python3.12/site-packages/airflow/example_dags/subdags/subdag.py took 0.026 seconds
[2026-07-17T20:11:00.809+0530] {processor.py:186} INFO - Started process (PID=87365) to work on /Users/bhavishyachallagolla/Desktop/RetailSense/.venv/lib/python3.12/site-packages/airflow/example_dags/subdags/subdag.py
[2026-07-17T20:11:00.810+0530] {processor.py:914} INFO - Processing file /Users/bhavishyachallagolla/Desktop/RetailSense/.venv/lib/python3.12/site-packages/airflow/example_dags/subdags/subdag.py for tasks to queue
[2026-07-17T20:11:00.811+0530] {logging_mixin.py:190} INFO - [2026-07-17T20:11:00.811+0530] {dagbag.py:588} INFO - Filling up the DagBag from /Users/bhavishyachallagolla/Desktop/RetailSense/.venv/lib/python3.12/site-packages/airflow/example_dags/subdags/subdag.py
[2026-07-17T20:11:00.811+0530] {processor.py:927} WARNING - No viable dags retrieved from /Users/bhavishyachallagolla/Desktop/RetailSense/.venv/lib/python3.12/site-packages/airflow/example_dags/subdags/subdag.py
[2026-07-17T20:11:00.836+0530] {processor.py:208} INFO - Processing /Users/bhavishyachallagolla/Desktop/RetailSense/.venv/lib/python3.12/site-packages/airflow/example_dags/subdags/subdag.py took 0.028 seconds
[2026-07-17T20:11:50.513+0530] {processor.py:186} INFO - Started process (PID=87440) to work on /Users/bhavishyachallagolla/Desktop/RetailSense/.venv/lib/python3.12/site-packages/airflow/example_dags/subdags/subdag.py
[2026-07-17T20:11:50.514+0530] {processor.py:914} INFO - Processing file /Users/bhavishyachallagolla/Desktop/RetailSense/.venv/lib/python3.12/site-packages/airflow/example_dags/subdags/subdag.py for tasks to queue
[2026-07-17T20:11:50.514+0530] {logging_mixin.py:190} INFO - [2026-07-17T20:11:50.514+0530] {dagbag.py:588} INFO - Filling up the DagBag from /Users/bhavishyachallagolla/Desktop/RetailSense/.venv/lib/python3.12/site-packages/airflow/example_dags/subdags/subdag.py
[2026-07-17T20:11:50.514+0530] {processor.py:927} WARNING - No viable dags retrieved from /Users/bhavishyachallagolla/Desktop/RetailSense/.venv/lib/python3.12/site-packages/airflow/example_dags/subdags/subdag.py
[2026-07-17T20:11:50.536+0530] {processor.py:208} INFO - Processing /Users/bhavishyachallagolla/Desktop/RetailSense/.venv/lib/python3.12/site-packages/airflow/example_dags/subdags/subdag.py took 0.024 seconds
[2026-07-17T20:12:40.740+0530] {processor.py:186} INFO - Started process (PID=87515) to work on /Users/bhavishyachallagolla/Desktop/RetailSense/.venv/lib/python3.12/site-packages/airflow/example_dags/subdags/subdag.py
[2026-07-17T20:12:40.741+0530] {processor.py:914} INFO - Processing file /Users/bhavishyachallagolla/Desktop/RetailSense/.venv/lib/python3.12/site-packages/airflow/example_dags/subdags/subdag.py for tasks to queue
[2026-07-17T20:12:40.741+0530] {logging_mixin.py:190} INFO - [2026-07-17T20:12:40.741+0530] {dagbag.py:588} INFO - Filling up the DagBag from /Users/bhavishyachallagolla/Desktop/RetailSense/.venv/lib/python3.12/site-packages/airflow/example_dags/subdags/subdag.py
[2026-07-17T20:12:40.743+0530] {processor.py:927} WARNING - No viable dags retrieved from /Users/bhavishyachallagolla/Desktop/RetailSense/.venv/lib/python3.12/site-packages/airflow/example_dags/subdags/subdag.py
[2026-07-17T20:12:40.768+0530] {processor.py:208} INFO - Processing /Users/bhavishyachallagolla/Desktop/RetailSense/.venv/lib/python3.12/site-packages/airflow/example_dags/subdags/subdag.py took 0.030 seconds
[2026-07-17T20:13:30.558+0530] {processor.py:186} INFO - Started process (PID=87592) to work on /Users/bhavishyachallagolla/Desktop/RetailSense/.venv/lib/python3.12/site-packages/airflow/example_dags/subdags/subdag.py
[2026-07-17T20:13:30.560+0530] {processor.py:914} INFO - Processing file /Users/bhavishyachallagolla/Desktop/RetailSense/.venv/lib/python3.12/site-packages/airflow/example_dags/subdags/subdag.py for tasks to queue
[2026-07-17T20:13:30.560+0530] {logging_mixin.py:190} INFO - [2026-07-17T20:13:30.560+0530] {dagbag.py:588} INFO - Filling up the DagBag from /Users/bhavishyachallagolla/Desktop/RetailSense/.venv/lib/python3.12/site-packages/airflow/example_dags/subdags/subdag.py
[2026-07-17T20:13:30.561+0530] {processor.py:927} WARNING - No viable dags retrieved from /Users/bhavishyachallagolla/Desktop/RetailSense/.venv/lib/python3.12/site-packages/airflow/example_dags/subdags/subdag.py
[2026-07-17T20:13:30.583+0530] {processor.py:208} INFO - Processing /Users/bhavishyachallagolla/Desktop/RetailSense/.venv/lib/python3.12/site-packages/airflow/example_dags/subdags/subdag.py took 0.025 seconds
[2026-07-17T20:14:19.899+0530] {processor.py:186} INFO - Started process (PID=87668) to work on /Users/bhavishyachallagolla/Desktop/RetailSense/.venv/lib/python3.12/site-packages/airflow/example_dags/subdags/subdag.py
[2026-07-17T20:14:19.899+0530] {processor.py:914} INFO - Processing file /Users/bhavishyachallagolla/Desktop/RetailSense/.venv/lib/python3.12/site-packages/airflow/example_dags/subdags/subdag.py for tasks to queue
[2026-07-17T20:14:19.900+0530] {logging_mixin.py:190} INFO - [2026-07-17T20:14:19.900+0530] {dagbag.py:588} INFO - Filling up the DagBag from /Users/bhavishyachallagolla/Desktop/RetailSense/.venv/lib/python3.12/site-packages/airflow/example_dags/subdags/subdag.py
[2026-07-17T20:14:19.900+0530] {processor.py:927} WARNING - No viable dags retrieved from /Users/bhavishyachallagolla/Desktop/RetailSense/.venv/lib/python3.12/site-packages/airflow/example_dags/subdags/subdag.py
[2026-07-17T20:14:19.922+0530] {processor.py:208} INFO - Processing /Users/bhavishyachallagolla/Desktop/RetailSense/.venv/lib/python3.12/site-packages/airflow/example_dags/subdags/subdag.py took 0.024 seconds
[2026-07-17T20:15:09.996+0530] {processor.py:186} INFO - Started process (PID=87756) to work on /Users/bhavishyachallagolla/Desktop/RetailSense/.venv/lib/python3.12/site-packages/airflow/example_dags/subdags/subdag.py
[2026-07-17T20:15:09.997+0530] {processor.py:914} INFO - Processing file /Users/bhavishyachallagolla/Desktop/RetailSense/.venv/lib/python3.12/site-packages/airflow/example_dags/subdags/subdag.py for tasks to queue
[2026-07-17T20:15:09.997+0530] {logging_mixin.py:190} INFO - [2026-07-17T20:15:09.997+0530] {dagbag.py:588} INFO - Filling up the DagBag from /Users/bhavishyachallagolla/Desktop/RetailSense/.venv/lib/python3.12/site-packages/airflow/example_dags/subdags/subdag.py
[2026-07-17T20:15:09.998+0530] {processor.py:927} WARNING - No viable dags retrieved from /Users/bhavishyachallagolla/Desktop/RetailSense/.venv/lib/python3.12/site-packages/airflow/example_dags/subdags/subdag.py
[2026-07-17T20:15:10.020+0530] {processor.py:208} INFO - Processing /Users/bhavishyachallagolla/Desktop/RetailSense/.venv/lib/python3.12/site-packages/airflow/example_dags/subdags/subdag.py took 0.025 seconds
[2026-07-17T20:16:00.623+0530] {processor.py:186} INFO - Started process (PID=87836) to work on /Users/bhavishyachallagolla/Desktop/RetailSense/.venv/lib/python3.12/site-packages/airflow/example_dags/subdags/subdag.py
[2026-07-17T20:16:00.624+0530] {processor.py:914} INFO - Processing file /Users/bhavishyachallagolla/Desktop/RetailSense/.venv/lib/python3.12/site-packages/airflow/example_dags/subdags/subdag.py for tasks to queue
[2026-07-17T20:16:00.624+0530] {logging_mixin.py:190} INFO - [2026-07-17T20:16:00.624+0530] {dagbag.py:588} INFO - Filling up the DagBag from /Users/bhavishyachallagolla/Desktop/RetailSense/.venv/lib/python3.12/site-packages/airflow/example_dags/subdags/subdag.py
[2026-07-17T20:16:00.625+0530] {processor.py:927} WARNING - No viable dags retrieved from /Users/bhavishyachallagolla/Desktop/RetailSense/.venv/lib/python3.12/site-packages/airflow/example_dags/subdags/subdag.py
[2026-07-17T20:16:00.648+0530] {processor.py:208} INFO - Processing /Users/bhavishyachallagolla/Desktop/RetailSense/.venv/lib/python3.12/site-packages/airflow/example_dags/subdags/subdag.py took 0.027 seconds
[2026-07-17T20:16:49.562+0530] {processor.py:186} INFO - Started process (PID=87909) to work on /Users/bhavishyachallagolla/Desktop/RetailSense/.venv/lib/python3.12/site-packages/airflow/example_dags/subdags/subdag.py
[2026-07-17T20:16:49.563+0530] {processor.py:914} INFO - Processing file /Users/bhavishyachallagolla/Desktop/RetailSense/.venv/lib/python3.12/site-packages/airflow/example_dags/subdags/subdag.py for tasks to queue
[2026-07-17T20:16:49.563+0530] {logging_mixin.py:190} INFO - [2026-07-17T20:16:49.563+0530] {dagbag.py:588} INFO - Filling up the DagBag from /Users/bhavishyachallagolla/Desktop/RetailSense/.venv/lib/python3.12/site-packages/airflow/example_dags/subdags/subdag.py
[2026-07-17T20:16:49.564+0530] {processor.py:927} WARNING - No viable dags retrieved from /Users/bhavishyachallagolla/Desktop/RetailSense/.venv/lib/python3.12/site-packages/airflow/example_dags/subdags/subdag.py
[2026-07-17T20:16:49.586+0530] {processor.py:208} INFO - Processing /Users/bhavishyachallagolla/Desktop/RetailSense/.venv/lib/python3.12/site-packages/airflow/example_dags/subdags/subdag.py took 0.025 seconds
[2026-07-17T20:17:39.159+0530] {processor.py:186} INFO - Started process (PID=87981) to work on /Users/bhavishyachallagolla/Desktop/RetailSense/.venv/lib/python3.12/site-packages/airflow/example_dags/subdags/subdag.py
[2026-07-17T20:17:39.159+0530] {processor.py:914} INFO - Processing file /Users/bhavishyachallagolla/Desktop/RetailSense/.venv/lib/python3.12/site-packages/airflow/example_dags/subdags/subdag.py for tasks to queue
[2026-07-17T20:17:39.160+0530] {logging_mixin.py:190} INFO - [2026-07-17T20:17:39.160+0530] {dagbag.py:588} INFO - Filling up the DagBag from /Users/bhavishyachallagolla/Desktop/RetailSense/.venv/lib/python3.12/site-packages/airflow/example_dags/subdags/subdag.py
[2026-07-17T20:17:39.160+0530] {processor.py:927} WARNING - No viable dags retrieved from /Users/bhavishyachallagolla/Desktop/RetailSense/.venv/lib/python3.12/site-packages/airflow/example_dags/subdags/subdag.py
[2026-07-17T20:17:39.184+0530] {processor.py:208} INFO - Processing /Users/bhavishyachallagolla/Desktop/RetailSense/.venv/lib/python3.12/site-packages/airflow/example_dags/subdags/subdag.py took 0.026 seconds
[2026-07-17T20:18:29.720+0530] {processor.py:186} INFO - Started process (PID=88062) to work on /Users/bhavishyachallagolla/Desktop/RetailSense/.venv/lib/python3.12/site-packages/airflow/example_dags/subdags/subdag.py
[2026-07-17T20:18:29.720+0530] {processor.py:914} INFO - Processing file /Users/bhavishyachallagolla/Desktop/RetailSense/.venv/lib/python3.12/site-packages/airflow/example_dags/subdags/subdag.py for tasks to queue
[2026-07-17T20:18:29.721+0530] {logging_mixin.py:190} INFO - [2026-07-17T20:18:29.720+0530] {dagbag.py:588} INFO - Filling up the DagBag from /Users/bhavishyachallagolla/Desktop/RetailSense/.venv/lib/python3.12/site-packages/airflow/example_dags/subdags/subdag.py
[2026-07-17T20:18:29.721+0530] {processor.py:927} WARNING - No viable dags retrieved from /Users/bhavishyachallagolla/Desktop/RetailSense/.venv/lib/python3.12/site-packages/airflow/example_dags/subdags/subdag.py
[2026-07-17T20:18:29.744+0530] {processor.py:208} INFO - Processing /Users/bhavishyachallagolla/Desktop/RetailSense/.venv/lib/python3.12/site-packages/airflow/example_dags/subdags/subdag.py took 0.025 seconds
[2026-07-17T20:19:20.226+0530] {processor.py:186} INFO - Started process (PID=88136) to work on /Users/bhavishyachallagolla/Desktop/RetailSense/.venv/lib/python3.12/site-packages/airflow/example_dags/subdags/subdag.py
[2026-07-17T20:19:20.226+0530] {processor.py:914} INFO - Processing file /Users/bhavishyachallagolla/Desktop/RetailSense/.venv/lib/python3.12/site-packages/airflow/example_dags/subdags/subdag.py for tasks to queue
[2026-07-17T20:19:20.226+0530] {logging_mixin.py:190} INFO - [2026-07-17T20:19:20.226+0530] {dagbag.py:588} INFO - Filling up the DagBag from /Users/bhavishyachallagolla/Desktop/RetailSense/.venv/lib/python3.12/site-packages/airflow/example_dags/subdags/subdag.py
[2026-07-17T20:19:20.227+0530] {processor.py:927} WARNING - No viable dags retrieved from /Users/bhavishyachallagolla/Desktop/RetailSense/.venv/lib/python3.12/site-packages/airflow/example_dags/subdags/subdag.py
[2026-07-17T20:19:20.249+0530] {processor.py:208} INFO - Processing /Users/bhavishyachallagolla/Desktop/RetailSense/.venv/lib/python3.12/site-packages/airflow/example_dags/subdags/subdag.py took 0.024 seconds
[2026-07-17T20:20:08.867+0530] {processor.py:186} INFO - Started process (PID=88227) to work on /Users/bhavishyachallagolla/Desktop/RetailSense/.venv/lib/python3.12/site-packages/airflow/example_dags/subdags/subdag.py
[2026-07-17T20:20:08.868+0530] {processor.py:914} INFO - Processing file /Users/bhavishyachallagolla/Desktop/RetailSense/.venv/lib/python3.12/site-packages/airflow/example_dags/subdags/subdag.py for tasks to queue
[2026-07-17T20:20:08.869+0530] {logging_mixin.py:190} INFO - [2026-07-17T20:20:08.869+0530] {dagbag.py:588} INFO - Filling up the DagBag from /Users/bhavishyachallagolla/Desktop/RetailSense/.venv/lib/python3.12/site-packages/airflow/example_dags/subdags/subdag.py
[2026-07-17T20:20:08.870+0530] {processor.py:927} WARNING - No viable dags retrieved from /Users/bhavishyachallagolla/Desktop/RetailSense/.venv/lib/python3.12/site-packages/airflow/example_dags/subdags/subdag.py
[2026-07-17T20:20:08.892+0530] {processor.py:208} INFO - Processing /Users/bhavishyachallagolla/Desktop/RetailSense/.venv/lib/python3.12/site-packages/airflow/example_dags/subdags/subdag.py took 0.025 seconds
[2026-07-17T20:20:58.068+0530] {processor.py:186} INFO - Started process (PID=88302) to work on /Users/bhavishyachallagolla/Desktop/RetailSense/.venv/lib/python3.12/site-packages/airflow/example_dags/subdags/subdag.py
[2026-07-17T20:20:58.068+0530] {processor.py:914} INFO - Processing file /Users/bhavishyachallagolla/Desktop/RetailSense/.venv/lib/python3.12/site-packages/airflow/example_dags/subdags/subdag.py for tasks to queue
[2026-07-17T20:20:58.069+0530] {logging_mixin.py:190} INFO - [2026-07-17T20:20:58.068+0530] {dagbag.py:588} INFO - Filling up the DagBag from /Users/bhavishyachallagolla/Desktop/RetailSense/.venv/lib/python3.12/site-packages/airflow/example_dags/subdags/subdag.py
[2026-07-17T20:20:58.069+0530] {processor.py:927} WARNING - No viable dags retrieved from /Users/bhavishyachallagolla/Desktop/RetailSense/.venv/lib/python3.12/site-packages/airflow/example_dags/subdags/subdag.py
[2026-07-17T20:20:58.091+0530] {processor.py:208} INFO - Processing /Users/bhavishyachallagolla/Desktop/RetailSense/.venv/lib/python3.12/site-packages/airflow/example_dags/subdags/subdag.py took 0.025 seconds
[2026-07-17T20:21:49.066+0530] {processor.py:186} INFO - Started process (PID=88380) to work on /Users/bhavishyachallagolla/Desktop/RetailSense/.venv/lib/python3.12/site-packages/airflow/example_dags/subdags/subdag.py
[2026-07-17T20:21:49.067+0530] {processor.py:914} INFO - Processing file /Users/bhavishyachallagolla/Desktop/RetailSense/.venv/lib/python3.12/site-packages/airflow/example_dags/subdags/subdag.py for tasks to queue
[2026-07-17T20:21:49.067+0530] {logging_mixin.py:190} INFO - [2026-07-17T20:21:49.067+0530] {dagbag.py:588} INFO - Filling up the DagBag from /Users/bhavishyachallagolla/Desktop/RetailSense/.venv/lib/python3.12/site-packages/airflow/example_dags/subdags/subdag.py
[2026-07-17T20:21:49.068+0530] {processor.py:927} WARNING - No viable dags retrieved from /Users/bhavishyachallagolla/Desktop/RetailSense/.venv/lib/python3.12/site-packages/airflow/example_dags/subdags/subdag.py
[2026-07-17T20:21:49.090+0530] {processor.py:208} INFO - Processing /Users/bhavishyachallagolla/Desktop/RetailSense/.venv/lib/python3.12/site-packages/airflow/example_dags/subdags/subdag.py took 0.025 seconds
[2026-07-17T20:22:39.718+0530] {processor.py:186} INFO - Started process (PID=88456) to work on /Users/bhavishyachallagolla/Desktop/RetailSense/.venv/lib/python3.12/site-packages/airflow/example_dags/subdags/subdag.py
[2026-07-17T20:22:39.718+0530] {processor.py:914} INFO - Processing file /Users/bhavishyachallagolla/Desktop/RetailSense/.venv/lib/python3.12/site-packages/airflow/example_dags/subdags/subdag.py for tasks to queue
[2026-07-17T20:22:39.718+0530] {logging_mixin.py:190} INFO - [2026-07-17T20:22:39.718+0530] {dagbag.py:588} INFO - Filling up the DagBag from /Users/bhavishyachallagolla/Desktop/RetailSense/.venv/lib/python3.12/site-packages/airflow/example_dags/subdags/subdag.py
[2026-07-17T20:22:39.720+0530] {processor.py:927} WARNING - No viable dags retrieved from /Users/bhavishyachallagolla/Desktop/RetailSense/.venv/lib/python3.12/site-packages/airflow/example_dags/subdags/subdag.py
[2026-07-17T20:22:39.741+0530] {processor.py:208} INFO - Processing /Users/bhavishyachallagolla/Desktop/RetailSense/.venv/lib/python3.12/site-packages/airflow/example_dags/subdags/subdag.py took 0.025 seconds
[2026-07-17T20:23:30.190+0530] {processor.py:186} INFO - Started process (PID=88536) to work on /Users/bhavishyachallagolla/Desktop/RetailSense/.venv/lib/python3.12/site-packages/airflow/example_dags/subdags/subdag.py
[2026-07-17T20:23:30.191+0530] {processor.py:914} INFO - Processing file /Users/bhavishyachallagolla/Desktop/RetailSense/.venv/lib/python3.12/site-packages/airflow/example_dags/subdags/subdag.py for tasks to queue
[2026-07-17T20:23:30.191+0530] {logging_mixin.py:190} INFO - [2026-07-17T20:23:30.191+0530] {dagbag.py:588} INFO - Filling up the DagBag from /Users/bhavishyachallagolla/Desktop/RetailSense/.venv/lib/python3.12/site-packages/airflow/example_dags/subdags/subdag.py
[2026-07-17T20:23:30.192+0530] {processor.py:927} WARNING - No viable dags retrieved from /Users/bhavishyachallagolla/Desktop/RetailSense/.venv/lib/python3.12/site-packages/airflow/example_dags/subdags/subdag.py
[2026-07-17T20:23:30.214+0530] {processor.py:208} INFO - Processing /Users/bhavishyachallagolla/Desktop/RetailSense/.venv/lib/python3.12/site-packages/airflow/example_dags/subdags/subdag.py took 0.025 seconds
[2026-07-17T20:24:20.974+0530] {processor.py:186} INFO - Started process (PID=88613) to work on /Users/bhavishyachallagolla/Desktop/RetailSense/.venv/lib/python3.12/site-packages/airflow/example_dags/subdags/subdag.py
[2026-07-17T20:24:20.975+0530] {processor.py:914} INFO - Processing file /Users/bhavishyachallagolla/Desktop/RetailSense/.venv/lib/python3.12/site-packages/airflow/example_dags/subdags/subdag.py for tasks to queue
[2026-07-17T20:24:20.975+0530] {logging_mixin.py:190} INFO - [2026-07-17T20:24:20.975+0530] {dagbag.py:588} INFO - Filling up the DagBag from /Users/bhavishyachallagolla/Desktop/RetailSense/.venv/lib/python3.12/site-packages/airflow/example_dags/subdags/subdag.py
[2026-07-17T20:24:20.976+0530] {processor.py:927} WARNING - No viable dags retrieved from /Users/bhavishyachallagolla/Desktop/RetailSense/.venv/lib/python3.12/site-packages/airflow/example_dags/subdags/subdag.py
[2026-07-17T20:24:20.999+0530] {processor.py:208} INFO - Processing /Users/bhavishyachallagolla/Desktop/RetailSense/.venv/lib/python3.12/site-packages/airflow/example_dags/subdags/subdag.py took 0.025 seconds
[2026-07-17T20:25:11.203+0530] {processor.py:186} INFO - Started process (PID=88688) to work on /Users/bhavishyachallagolla/Desktop/RetailSense/.venv/lib/python3.12/site-packages/airflow/example_dags/subdags/subdag.py
[2026-07-17T20:25:11.203+0530] {processor.py:914} INFO - Processing file /Users/bhavishyachallagolla/Desktop/RetailSense/.venv/lib/python3.12/site-packages/airflow/example_dags/subdags/subdag.py for tasks to queue
[2026-07-17T20:25:11.203+0530] {logging_mixin.py:190} INFO - [2026-07-17T20:25:11.203+0530] {dagbag.py:588} INFO - Filling up the DagBag from /Users/bhavishyachallagolla/Desktop/RetailSense/.venv/lib/python3.12/site-packages/airflow/example_dags/subdags/subdag.py
[2026-07-17T20:25:11.204+0530] {processor.py:927} WARNING - No viable dags retrieved from /Users/bhavishyachallagolla/Desktop/RetailSense/.venv/lib/python3.12/site-packages/airflow/example_dags/subdags/subdag.py
[2026-07-17T20:25:11.227+0530] {processor.py:208} INFO - Processing /Users/bhavishyachallagolla/Desktop/RetailSense/.venv/lib/python3.12/site-packages/airflow/example_dags/subdags/subdag.py took 0.025 seconds
[2026-07-17T20:26:01.215+0530] {processor.py:186} INFO - Started process (PID=88776) to work on /Users/bhavishyachallagolla/Desktop/RetailSense/.venv/lib/python3.12/site-packages/airflow/example_dags/subdags/subdag.py
[2026-07-17T20:26:01.216+0530] {processor.py:914} INFO - Processing file /Users/bhavishyachallagolla/Desktop/RetailSense/.venv/lib/python3.12/site-packages/airflow/example_dags/subdags/subdag.py for tasks to queue
[2026-07-17T20:26:01.216+0530] {logging_mixin.py:190} INFO - [2026-07-17T20:26:01.216+0530] {dagbag.py:588} INFO - Filling up the DagBag from /Users/bhavishyachallagolla/Desktop/RetailSense/.venv/lib/python3.12/site-packages/airflow/example_dags/subdags/subdag.py
[2026-07-17T20:26:01.217+0530] {processor.py:927} WARNING - No viable dags retrieved from /Users/bhavishyachallagolla/Desktop/RetailSense/.venv/lib/python3.12/site-packages/airflow/example_dags/subdags/subdag.py
[2026-07-17T20:26:01.240+0530] {processor.py:208} INFO - Processing /Users/bhavishyachallagolla/Desktop/RetailSense/.venv/lib/python3.12/site-packages/airflow/example_dags/subdags/subdag.py took 0.025 seconds
[2026-07-17T20:26:51.619+0530] {processor.py:186} INFO - Started process (PID=88854) to work on /Users/bhavishyachallagolla/Desktop/RetailSense/.venv/lib/python3.12/site-packages/airflow/example_dags/subdags/subdag.py
[2026-07-17T20:26:51.620+0530] {processor.py:914} INFO - Processing file /Users/bhavishyachallagolla/Desktop/RetailSense/.venv/lib/python3.12/site-packages/airflow/example_dags/subdags/subdag.py for tasks to queue
[2026-07-17T20:26:51.620+0530] {logging_mixin.py:190} INFO - [2026-07-17T20:26:51.620+0530] {dagbag.py:588} INFO - Filling up the DagBag from /Users/bhavishyachallagolla/Desktop/RetailSense/.venv/lib/python3.12/site-packages/airflow/example_dags/subdags/subdag.py
[2026-07-17T20:26:51.621+0530] {processor.py:927} WARNING - No viable dags retrieved from /Users/bhavishyachallagolla/Desktop/RetailSense/.venv/lib/python3.12/site-packages/airflow/example_dags/subdags/subdag.py
[2026-07-17T20:26:51.643+0530] {processor.py:208} INFO - Processing /Users/bhavishyachallagolla/Desktop/RetailSense/.venv/lib/python3.12/site-packages/airflow/example_dags/subdags/subdag.py took 0.024 seconds
[2026-07-17T20:27:42.698+0530] {processor.py:186} INFO - Started process (PID=88930) to work on /Users/bhavishyachallagolla/Desktop/RetailSense/.venv/lib/python3.12/site-packages/airflow/example_dags/subdags/subdag.py
[2026-07-17T20:27:42.698+0530] {processor.py:914} INFO - Processing file /Users/bhavishyachallagolla/Desktop/RetailSense/.venv/lib/python3.12/site-packages/airflow/example_dags/subdags/subdag.py for tasks to queue
[2026-07-17T20:27:42.698+0530] {logging_mixin.py:190} INFO - [2026-07-17T20:27:42.698+0530] {dagbag.py:588} INFO - Filling up the DagBag from /Users/bhavishyachallagolla/Desktop/RetailSense/.venv/lib/python3.12/site-packages/airflow/example_dags/subdags/subdag.py
[2026-07-17T20:27:42.699+0530] {processor.py:927} WARNING - No viable dags retrieved from /Users/bhavishyachallagolla/Desktop/RetailSense/.venv/lib/python3.12/site-packages/airflow/example_dags/subdags/subdag.py
[2026-07-17T20:27:42.721+0530] {processor.py:208} INFO - Processing /Users/bhavishyachallagolla/Desktop/RetailSense/.venv/lib/python3.12/site-packages/airflow/example_dags/subdags/subdag.py took 0.024 seconds
[2026-07-17T20:28:31.260+0530] {processor.py:186} INFO - Started process (PID=89007) to work on /Users/bhavishyachallagolla/Desktop/RetailSense/.venv/lib/python3.12/site-packages/airflow/example_dags/subdags/subdag.py
[2026-07-17T20:28:31.260+0530] {processor.py:914} INFO - Processing file /Users/bhavishyachallagolla/Desktop/RetailSense/.venv/lib/python3.12/site-packages/airflow/example_dags/subdags/subdag.py for tasks to queue
[2026-07-17T20:28:31.261+0530] {logging_mixin.py:190} INFO - [2026-07-17T20:28:31.260+0530] {dagbag.py:588} INFO - Filling up the DagBag from /Users/bhavishyachallagolla/Desktop/RetailSense/.venv/lib/python3.12/site-packages/airflow/example_dags/subdags/subdag.py
[2026-07-17T20:28:31.261+0530] {processor.py:927} WARNING - No viable dags retrieved from /Users/bhavishyachallagolla/Desktop/RetailSense/.venv/lib/python3.12/site-packages/airflow/example_dags/subdags/subdag.py
[2026-07-17T20:28:31.283+0530] {processor.py:208} INFO - Processing /Users/bhavishyachallagolla/Desktop/RetailSense/.venv/lib/python3.12/site-packages/airflow/example_dags/subdags/subdag.py took 0.024 seconds
[2026-07-17T20:29:19.314+0530] {processor.py:186} INFO - Started process (PID=89079) to work on /Users/bhavishyachallagolla/Desktop/RetailSense/.venv/lib/python3.12/site-packages/airflow/example_dags/subdags/subdag.py
[2026-07-17T20:29:19.314+0530] {processor.py:914} INFO - Processing file /Users/bhavishyachallagolla/Desktop/RetailSense/.venv/lib/python3.12/site-packages/airflow/example_dags/subdags/subdag.py for tasks to queue
[2026-07-17T20:29:19.314+0530] {logging_mixin.py:190} INFO - [2026-07-17T20:29:19.314+0530] {dagbag.py:588} INFO - Filling up the DagBag from /Users/bhavishyachallagolla/Desktop/RetailSense/.venv/lib/python3.12/site-packages/airflow/example_dags/subdags/subdag.py
[2026-07-17T20:29:19.315+0530] {processor.py:927} WARNING - No viable dags retrieved from /Users/bhavishyachallagolla/Desktop/RetailSense/.venv/lib/python3.12/site-packages/airflow/example_dags/subdags/subdag.py
[2026-07-17T20:29:19.337+0530] {processor.py:208} INFO - Processing /Users/bhavishyachallagolla/Desktop/RetailSense/.venv/lib/python3.12/site-packages/airflow/example_dags/subdags/subdag.py took 0.025 seconds
[2026-07-17T20:30:08.288+0530] {processor.py:186} INFO - Started process (PID=89162) to work on /Users/bhavishyachallagolla/Desktop/RetailSense/.venv/lib/python3.12/site-packages/airflow/example_dags/subdags/subdag.py
[2026-07-17T20:30:08.289+0530] {processor.py:914} INFO - Processing file /Users/bhavishyachallagolla/Desktop/RetailSense/.venv/lib/python3.12/site-packages/airflow/example_dags/subdags/subdag.py for tasks to queue
[2026-07-17T20:30:08.290+0530] {logging_mixin.py:190} INFO - [2026-07-17T20:30:08.289+0530] {dagbag.py:588} INFO - Filling up the DagBag from /Users/bhavishyachallagolla/Desktop/RetailSense/.venv/lib/python3.12/site-packages/airflow/example_dags/subdags/subdag.py
[2026-07-17T20:30:08.290+0530] {processor.py:927} WARNING - No viable dags retrieved from /Users/bhavishyachallagolla/Desktop/RetailSense/.venv/lib/python3.12/site-packages/airflow/example_dags/subdags/subdag.py
[2026-07-17T20:30:08.312+0530] {processor.py:208} INFO - Processing /Users/bhavishyachallagolla/Desktop/RetailSense/.venv/lib/python3.12/site-packages/airflow/example_dags/subdags/subdag.py took 0.025 seconds
[2026-07-17T20:30:58.964+0530] {processor.py:186} INFO - Started process (PID=89236) to work on /Users/bhavishyachallagolla/Desktop/RetailSense/.venv/lib/python3.12/site-packages/airflow/example_dags/subdags/subdag.py
[2026-07-17T20:30:58.964+0530] {processor.py:914} INFO - Processing file /Users/bhavishyachallagolla/Desktop/RetailSense/.venv/lib/python3.12/site-packages/airflow/example_dags/subdags/subdag.py for tasks to queue
[2026-07-17T20:30:58.965+0530] {logging_mixin.py:190} INFO - [2026-07-17T20:30:58.965+0530] {dagbag.py:588} INFO - Filling up the DagBag from /Users/bhavishyachallagolla/Desktop/RetailSense/.venv/lib/python3.12/site-packages/airflow/example_dags/subdags/subdag.py
[2026-07-17T20:30:58.965+0530] {processor.py:927} WARNING - No viable dags retrieved from /Users/bhavishyachallagolla/Desktop/RetailSense/.venv/lib/python3.12/site-packages/airflow/example_dags/subdags/subdag.py
[2026-07-17T20:30:58.988+0530] {processor.py:208} INFO - Processing /Users/bhavishyachallagolla/Desktop/RetailSense/.venv/lib/python3.12/site-packages/airflow/example_dags/subdags/subdag.py took 0.026 seconds
[2026-07-17T20:31:49.402+0530] {processor.py:186} INFO - Started process (PID=89311) to work on /Users/bhavishyachallagolla/Desktop/RetailSense/.venv/lib/python3.12/site-packages/airflow/example_dags/subdags/subdag.py
[2026-07-17T20:31:49.403+0530] {processor.py:914} INFO - Processing file /Users/bhavishyachallagolla/Desktop/RetailSense/.venv/lib/python3.12/site-packages/airflow/example_dags/subdags/subdag.py for tasks to queue
[2026-07-17T20:31:49.403+0530] {logging_mixin.py:190} INFO - [2026-07-17T20:31:49.403+0530] {dagbag.py:588} INFO - Filling up the DagBag from /Users/bhavishyachallagolla/Desktop/RetailSense/.venv/lib/python3.12/site-packages/airflow/example_dags/subdags/subdag.py
[2026-07-17T20:31:49.404+0530] {processor.py:927} WARNING - No viable dags retrieved from /Users/bhavishyachallagolla/Desktop/RetailSense/.venv/lib/python3.12/site-packages/airflow/example_dags/subdags/subdag.py
[2026-07-17T20:31:49.426+0530] {processor.py:208} INFO - Processing /Users/bhavishyachallagolla/Desktop/RetailSense/.venv/lib/python3.12/site-packages/airflow/example_dags/subdags/subdag.py took 0.025 seconds
[2026-07-17T20:32:40.034+0530] {processor.py:186} INFO - Started process (PID=89386) to work on /Users/bhavishyachallagolla/Desktop/RetailSense/.venv/lib/python3.12/site-packages/airflow/example_dags/subdags/subdag.py
[2026-07-17T20:32:40.035+0530] {processor.py:914} INFO - Processing file /Users/bhavishyachallagolla/Desktop/RetailSense/.venv/lib/python3.12/site-packages/airflow/example_dags/subdags/subdag.py for tasks to queue
[2026-07-17T20:32:40.035+0530] {logging_mixin.py:190} INFO - [2026-07-17T20:32:40.035+0530] {dagbag.py:588} INFO - Filling up the DagBag from /Users/bhavishyachallagolla/Desktop/RetailSense/.venv/lib/python3.12/site-packages/airflow/example_dags/subdags/subdag.py
[2026-07-17T20:32:40.036+0530] {processor.py:927} WARNING - No viable dags retrieved from /Users/bhavishyachallagolla/Desktop/RetailSense/.venv/lib/python3.12/site-packages/airflow/example_dags/subdags/subdag.py
[2026-07-17T20:32:40.057+0530] {processor.py:208} INFO - Processing /Users/bhavishyachallagolla/Desktop/RetailSense/.venv/lib/python3.12/site-packages/airflow/example_dags/subdags/subdag.py took 0.024 seconds
[2026-07-17T20:33:29.753+0530] {processor.py:186} INFO - Started process (PID=89462) to work on /Users/bhavishyachallagolla/Desktop/RetailSense/.venv/lib/python3.12/site-packages/airflow/example_dags/subdags/subdag.py
[2026-07-17T20:33:29.753+0530] {processor.py:914} INFO - Processing file /Users/bhavishyachallagolla/Desktop/RetailSense/.venv/lib/python3.12/site-packages/airflow/example_dags/subdags/subdag.py for tasks to queue
[2026-07-17T20:33:29.753+0530] {logging_mixin.py:190} INFO - [2026-07-17T20:33:29.753+0530] {dagbag.py:588} INFO - Filling up the DagBag from /Users/bhavishyachallagolla/Desktop/RetailSense/.venv/lib/python3.12/site-packages/airflow/example_dags/subdags/subdag.py
[2026-07-17T20:33:29.754+0530] {processor.py:927} WARNING - No viable dags retrieved from /Users/bhavishyachallagolla/Desktop/RetailSense/.venv/lib/python3.12/site-packages/airflow/example_dags/subdags/subdag.py
[2026-07-17T20:33:29.776+0530] {processor.py:208} INFO - Processing /Users/bhavishyachallagolla/Desktop/RetailSense/.venv/lib/python3.12/site-packages/airflow/example_dags/subdags/subdag.py took 0.024 seconds
[2026-07-17T20:34:20.387+0530] {processor.py:186} INFO - Started process (PID=89536) to work on /Users/bhavishyachallagolla/Desktop/RetailSense/.venv/lib/python3.12/site-packages/airflow/example_dags/subdags/subdag.py
[2026-07-17T20:34:20.387+0530] {processor.py:914} INFO - Processing file /Users/bhavishyachallagolla/Desktop/RetailSense/.venv/lib/python3.12/site-packages/airflow/example_dags/subdags/subdag.py for tasks to queue
[2026-07-17T20:34:20.388+0530] {logging_mixin.py:190} INFO - [2026-07-17T20:34:20.388+0530] {dagbag.py:588} INFO - Filling up the DagBag from /Users/bhavishyachallagolla/Desktop/RetailSense/.venv/lib/python3.12/site-packages/airflow/example_dags/subdags/subdag.py
[2026-07-17T20:34:20.388+0530] {processor.py:927} WARNING - No viable dags retrieved from /Users/bhavishyachallagolla/Desktop/RetailSense/.venv/lib/python3.12/site-packages/airflow/example_dags/subdags/subdag.py
[2026-07-17T20:34:20.410+0530] {processor.py:208} INFO - Processing /Users/bhavishyachallagolla/Desktop/RetailSense/.venv/lib/python3.12/site-packages/airflow/example_dags/subdags/subdag.py took 0.024 seconds
[2026-07-17T20:35:10.843+0530] {processor.py:186} INFO - Started process (PID=89611) to work on /Users/bhavishyachallagolla/Desktop/RetailSense/.venv/lib/python3.12/site-packages/airflow/example_dags/subdags/subdag.py
[2026-07-17T20:35:10.843+0530] {processor.py:914} INFO - Processing file /Users/bhavishyachallagolla/Desktop/RetailSense/.venv/lib/python3.12/site-packages/airflow/example_dags/subdags/subdag.py for tasks to queue
[2026-07-17T20:35:10.844+0530] {logging_mixin.py:190} INFO - [2026-07-17T20:35:10.843+0530] {dagbag.py:588} INFO - Filling up the DagBag from /Users/bhavishyachallagolla/Desktop/RetailSense/.venv/lib/python3.12/site-packages/airflow/example_dags/subdags/subdag.py
[2026-07-17T20:35:10.844+0530] {processor.py:927} WARNING - No viable dags retrieved from /Users/bhavishyachallagolla/Desktop/RetailSense/.venv/lib/python3.12/site-packages/airflow/example_dags/subdags/subdag.py
[2026-07-17T20:35:10.867+0530] {processor.py:208} INFO - Processing /Users/bhavishyachallagolla/Desktop/RetailSense/.venv/lib/python3.12/site-packages/airflow/example_dags/subdags/subdag.py took 0.025 seconds
[2026-07-17T20:36:01.429+0530] {processor.py:186} INFO - Started process (PID=89685) to work on /Users/bhavishyachallagolla/Desktop/RetailSense/.venv/lib/python3.12/site-packages/airflow/example_dags/subdags/subdag.py
[2026-07-17T20:36:01.429+0530] {processor.py:914} INFO - Processing file /Users/bhavishyachallagolla/Desktop/RetailSense/.venv/lib/python3.12/site-packages/airflow/example_dags/subdags/subdag.py for tasks to queue
[2026-07-17T20:36:01.429+0530] {logging_mixin.py:190} INFO - [2026-07-17T20:36:01.429+0530] {dagbag.py:588} INFO - Filling up the DagBag from /Users/bhavishyachallagolla/Desktop/RetailSense/.venv/lib/python3.12/site-packages/airflow/example_dags/subdags/subdag.py
[2026-07-17T20:36:01.430+0530] {processor.py:927} WARNING - No viable dags retrieved from /Users/bhavishyachallagolla/Desktop/RetailSense/.venv/lib/python3.12/site-packages/airflow/example_dags/subdags/subdag.py
[2026-07-17T20:36:01.452+0530] {processor.py:208} INFO - Processing /Users/bhavishyachallagolla/Desktop/RetailSense/.venv/lib/python3.12/site-packages/airflow/example_dags/subdags/subdag.py took 0.025 seconds
[2026-07-17T20:36:51.816+0530] {processor.py:186} INFO - Started process (PID=89762) to work on /Users/bhavishyachallagolla/Desktop/RetailSense/.venv/lib/python3.12/site-packages/airflow/example_dags/subdags/subdag.py
[2026-07-17T20:36:51.817+0530] {processor.py:914} INFO - Processing file /Users/bhavishyachallagolla/Desktop/RetailSense/.venv/lib/python3.12/site-packages/airflow/example_dags/subdags/subdag.py for tasks to queue
[2026-07-17T20:36:51.817+0530] {logging_mixin.py:190} INFO - [2026-07-17T20:36:51.817+0530] {dagbag.py:588} INFO - Filling up the DagBag from /Users/bhavishyachallagolla/Desktop/RetailSense/.venv/lib/python3.12/site-packages/airflow/example_dags/subdags/subdag.py
[2026-07-17T20:36:51.818+0530] {processor.py:927} WARNING - No viable dags retrieved from /Users/bhavishyachallagolla/Desktop/RetailSense/.venv/lib/python3.12/site-packages/airflow/example_dags/subdags/subdag.py
[2026-07-17T20:36:51.840+0530] {processor.py:208} INFO - Processing /Users/bhavishyachallagolla/Desktop/RetailSense/.venv/lib/python3.12/site-packages/airflow/example_dags/subdags/subdag.py took 0.024 seconds
[2026-07-17T20:37:42.379+0530] {processor.py:186} INFO - Started process (PID=89837) to work on /Users/bhavishyachallagolla/Desktop/RetailSense/.venv/lib/python3.12/site-packages/airflow/example_dags/subdags/subdag.py
[2026-07-17T20:37:42.379+0530] {processor.py:914} INFO - Processing file /Users/bhavishyachallagolla/Desktop/RetailSense/.venv/lib/python3.12/site-packages/airflow/example_dags/subdags/subdag.py for tasks to queue
[2026-07-17T20:37:42.380+0530] {logging_mixin.py:190} INFO - [2026-07-17T20:37:42.379+0530] {dagbag.py:588} INFO - Filling up the DagBag from /Users/bhavishyachallagolla/Desktop/RetailSense/.venv/lib/python3.12/site-packages/airflow/example_dags/subdags/subdag.py
[2026-07-17T20:37:42.380+0530] {processor.py:927} WARNING - No viable dags retrieved from /Users/bhavishyachallagolla/Desktop/RetailSense/.venv/lib/python3.12/site-packages/airflow/example_dags/subdags/subdag.py
[2026-07-17T20:37:42.402+0530] {processor.py:208} INFO - Processing /Users/bhavishyachallagolla/Desktop/RetailSense/.venv/lib/python3.12/site-packages/airflow/example_dags/subdags/subdag.py took 0.024 seconds
[2026-07-17T20:38:33.626+0530] {processor.py:186} INFO - Started process (PID=89921) to work on /Users/bhavishyachallagolla/Desktop/RetailSense/.venv/lib/python3.12/site-packages/airflow/example_dags/subdags/subdag.py
[2026-07-17T20:38:33.627+0530] {processor.py:914} INFO - Processing file /Users/bhavishyachallagolla/Desktop/RetailSense/.venv/lib/python3.12/site-packages/airflow/example_dags/subdags/subdag.py for tasks to queue
[2026-07-17T20:38:33.627+0530] {logging_mixin.py:190} INFO - [2026-07-17T20:38:33.627+0530] {dagbag.py:588} INFO - Filling up the DagBag from /Users/bhavishyachallagolla/Desktop/RetailSense/.venv/lib/python3.12/site-packages/airflow/example_dags/subdags/subdag.py
[2026-07-17T20:38:33.628+0530] {processor.py:927} WARNING - No viable dags retrieved from /Users/bhavishyachallagolla/Desktop/RetailSense/.venv/lib/python3.12/site-packages/airflow/example_dags/subdags/subdag.py
[2026-07-17T20:38:33.650+0530] {processor.py:208} INFO - Processing /Users/bhavishyachallagolla/Desktop/RetailSense/.venv/lib/python3.12/site-packages/airflow/example_dags/subdags/subdag.py took 0.025 seconds
[2026-07-17T20:39:24.367+0530] {processor.py:186} INFO - Started process (PID=90013) to work on /Users/bhavishyachallagolla/Desktop/RetailSense/.venv/lib/python3.12/site-packages/airflow/example_dags/subdags/subdag.py
[2026-07-17T20:39:24.367+0530] {processor.py:914} INFO - Processing file /Users/bhavishyachallagolla/Desktop/RetailSense/.venv/lib/python3.12/site-packages/airflow/example_dags/subdags/subdag.py for tasks to queue
[2026-07-17T20:39:24.368+0530] {logging_mixin.py:190} INFO - [2026-07-17T20:39:24.367+0530] {dagbag.py:588} INFO - Filling up the DagBag from /Users/bhavishyachallagolla/Desktop/RetailSense/.venv/lib/python3.12/site-packages/airflow/example_dags/subdags/subdag.py
[2026-07-17T20:39:24.368+0530] {processor.py:927} WARNING - No viable dags retrieved from /Users/bhavishyachallagolla/Desktop/RetailSense/.venv/lib/python3.12/site-packages/airflow/example_dags/subdags/subdag.py
[2026-07-17T20:39:24.391+0530] {processor.py:208} INFO - Processing /Users/bhavishyachallagolla/Desktop/RetailSense/.venv/lib/python3.12/site-packages/airflow/example_dags/subdags/subdag.py took 0.025 seconds
[2026-07-17T20:40:15.261+0530] {processor.py:186} INFO - Started process (PID=90151) to work on /Users/bhavishyachallagolla/Desktop/RetailSense/.venv/lib/python3.12/site-packages/airflow/example_dags/subdags/subdag.py
[2026-07-17T20:40:15.262+0530] {processor.py:914} INFO - Processing file /Users/bhavishyachallagolla/Desktop/RetailSense/.venv/lib/python3.12/site-packages/airflow/example_dags/subdags/subdag.py for tasks to queue
[2026-07-17T20:40:15.263+0530] {logging_mixin.py:190} INFO - [2026-07-17T20:40:15.263+0530] {dagbag.py:588} INFO - Filling up the DagBag from /Users/bhavishyachallagolla/Desktop/RetailSense/.venv/lib/python3.12/site-packages/airflow/example_dags/subdags/subdag.py
[2026-07-17T20:40:15.263+0530] {processor.py:927} WARNING - No viable dags retrieved from /Users/bhavishyachallagolla/Desktop/RetailSense/.venv/lib/python3.12/site-packages/airflow/example_dags/subdags/subdag.py
[2026-07-17T20:40:15.285+0530] {processor.py:208} INFO - Processing /Users/bhavishyachallagolla/Desktop/RetailSense/.venv/lib/python3.12/site-packages/airflow/example_dags/subdags/subdag.py took 0.025 seconds
[2026-07-17T20:41:04.095+0530] {processor.py:186} INFO - Started process (PID=90253) to work on /Users/bhavishyachallagolla/Desktop/RetailSense/.venv/lib/python3.12/site-packages/airflow/example_dags/subdags/subdag.py
[2026-07-17T20:41:04.095+0530] {processor.py:914} INFO - Processing file /Users/bhavishyachallagolla/Desktop/RetailSense/.venv/lib/python3.12/site-packages/airflow/example_dags/subdags/subdag.py for tasks to queue
[2026-07-17T20:41:04.095+0530] {logging_mixin.py:190} INFO - [2026-07-17T20:41:04.095+0530] {dagbag.py:588} INFO - Filling up the DagBag from /Users/bhavishyachallagolla/Desktop/RetailSense/.venv/lib/python3.12/site-packages/airflow/example_dags/subdags/subdag.py
[2026-07-17T20:41:04.096+0530] {processor.py:927} WARNING - No viable dags retrieved from /Users/bhavishyachallagolla/Desktop/RetailSense/.venv/lib/python3.12/site-packages/airflow/example_dags/subdags/subdag.py
[2026-07-17T20:41:04.119+0530] {processor.py:208} INFO - Processing /Users/bhavishyachallagolla/Desktop/RetailSense/.venv/lib/python3.12/site-packages/airflow/example_dags/subdags/subdag.py took 0.025 seconds
[2026-07-17T20:41:53.880+0530] {processor.py:186} INFO - Started process (PID=90346) to work on /Users/bhavishyachallagolla/Desktop/RetailSense/.venv/lib/python3.12/site-packages/airflow/example_dags/subdags/subdag.py
[2026-07-17T20:41:53.881+0530] {processor.py:914} INFO - Processing file /Users/bhavishyachallagolla/Desktop/RetailSense/.venv/lib/python3.12/site-packages/airflow/example_dags/subdags/subdag.py for tasks to queue
[2026-07-17T20:41:53.882+0530] {logging_mixin.py:190} INFO - [2026-07-17T20:41:53.881+0530] {dagbag.py:588} INFO - Filling up the DagBag from /Users/bhavishyachallagolla/Desktop/RetailSense/.venv/lib/python3.12/site-packages/airflow/example_dags/subdags/subdag.py
[2026-07-17T20:41:53.882+0530] {processor.py:927} WARNING - No viable dags retrieved from /Users/bhavishyachallagolla/Desktop/RetailSense/.venv/lib/python3.12/site-packages/airflow/example_dags/subdags/subdag.py
[2026-07-17T20:41:53.905+0530] {processor.py:208} INFO - Processing /Users/bhavishyachallagolla/Desktop/RetailSense/.venv/lib/python3.12/site-packages/airflow/example_dags/subdags/subdag.py took 0.026 seconds
[2026-07-17T20:42:44.148+0530] {processor.py:186} INFO - Started process (PID=90420) to work on /Users/bhavishyachallagolla/Desktop/RetailSense/.venv/lib/python3.12/site-packages/airflow/example_dags/subdags/subdag.py
[2026-07-17T20:42:44.148+0530] {processor.py:914} INFO - Processing file /Users/bhavishyachallagolla/Desktop/RetailSense/.venv/lib/python3.12/site-packages/airflow/example_dags/subdags/subdag.py for tasks to queue
[2026-07-17T20:42:44.148+0530] {logging_mixin.py:190} INFO - [2026-07-17T20:42:44.148+0530] {dagbag.py:588} INFO - Filling up the DagBag from /Users/bhavishyachallagolla/Desktop/RetailSense/.venv/lib/python3.12/site-packages/airflow/example_dags/subdags/subdag.py
[2026-07-17T20:42:44.149+0530] {processor.py:927} WARNING - No viable dags retrieved from /Users/bhavishyachallagolla/Desktop/RetailSense/.venv/lib/python3.12/site-packages/airflow/example_dags/subdags/subdag.py
[2026-07-17T20:42:44.171+0530] {processor.py:208} INFO - Processing /Users/bhavishyachallagolla/Desktop/RetailSense/.venv/lib/python3.12/site-packages/airflow/example_dags/subdags/subdag.py took 0.025 seconds
[2026-07-17T20:43:33.859+0530] {processor.py:186} INFO - Started process (PID=90494) to work on /Users/bhavishyachallagolla/Desktop/RetailSense/.venv/lib/python3.12/site-packages/airflow/example_dags/subdags/subdag.py
[2026-07-17T20:43:33.859+0530] {processor.py:914} INFO - Processing file /Users/bhavishyachallagolla/Desktop/RetailSense/.venv/lib/python3.12/site-packages/airflow/example_dags/subdags/subdag.py for tasks to queue
[2026-07-17T20:43:33.860+0530] {logging_mixin.py:190} INFO - [2026-07-17T20:43:33.859+0530] {dagbag.py:588} INFO - Filling up the DagBag from /Users/bhavishyachallagolla/Desktop/RetailSense/.venv/lib/python3.12/site-packages/airflow/example_dags/subdags/subdag.py
[2026-07-17T20:43:33.860+0530] {processor.py:927} WARNING - No viable dags retrieved from /Users/bhavishyachallagolla/Desktop/RetailSense/.venv/lib/python3.12/site-packages/airflow/example_dags/subdags/subdag.py
[2026-07-17T20:43:33.882+0530] {processor.py:208} INFO - Processing /Users/bhavishyachallagolla/Desktop/RetailSense/.venv/lib/python3.12/site-packages/airflow/example_dags/subdags/subdag.py took 0.025 seconds
[2026-07-17T20:44:23.875+0530] {processor.py:186} INFO - Started process (PID=90568) to work on /Users/bhavishyachallagolla/Desktop/RetailSense/.venv/lib/python3.12/site-packages/airflow/example_dags/subdags/subdag.py
[2026-07-17T20:44:23.875+0530] {processor.py:914} INFO - Processing file /Users/bhavishyachallagolla/Desktop/RetailSense/.venv/lib/python3.12/site-packages/airflow/example_dags/subdags/subdag.py for tasks to queue
[2026-07-17T20:44:23.875+0530] {logging_mixin.py:190} INFO - [2026-07-17T20:44:23.875+0530] {dagbag.py:588} INFO - Filling up the DagBag from /Users/bhavishyachallagolla/Desktop/RetailSense/.venv/lib/python3.12/site-packages/airflow/example_dags/subdags/subdag.py
[2026-07-17T20:44:23.876+0530] {processor.py:927} WARNING - No viable dags retrieved from /Users/bhavishyachallagolla/Desktop/RetailSense/.venv/lib/python3.12/site-packages/airflow/example_dags/subdags/subdag.py
[2026-07-17T20:44:23.898+0530] {processor.py:208} INFO - Processing /Users/bhavishyachallagolla/Desktop/RetailSense/.venv/lib/python3.12/site-packages/airflow/example_dags/subdags/subdag.py took 0.025 seconds
[2026-07-17T20:45:13.703+0530] {processor.py:186} INFO - Started process (PID=90653) to work on /Users/bhavishyachallagolla/Desktop/RetailSense/.venv/lib/python3.12/site-packages/airflow/example_dags/subdags/subdag.py
[2026-07-17T20:45:13.704+0530] {processor.py:914} INFO - Processing file /Users/bhavishyachallagolla/Desktop/RetailSense/.venv/lib/python3.12/site-packages/airflow/example_dags/subdags/subdag.py for tasks to queue
[2026-07-17T20:45:13.704+0530] {logging_mixin.py:190} INFO - [2026-07-17T20:45:13.704+0530] {dagbag.py:588} INFO - Filling up the DagBag from /Users/bhavishyachallagolla/Desktop/RetailSense/.venv/lib/python3.12/site-packages/airflow/example_dags/subdags/subdag.py
[2026-07-17T20:45:13.705+0530] {processor.py:927} WARNING - No viable dags retrieved from /Users/bhavishyachallagolla/Desktop/RetailSense/.venv/lib/python3.12/site-packages/airflow/example_dags/subdags/subdag.py
[2026-07-17T20:45:13.726+0530] {processor.py:208} INFO - Processing /Users/bhavishyachallagolla/Desktop/RetailSense/.venv/lib/python3.12/site-packages/airflow/example_dags/subdags/subdag.py took 0.024 seconds
[2026-07-17T20:46:04.613+0530] {processor.py:186} INFO - Started process (PID=90728) to work on /Users/bhavishyachallagolla/Desktop/RetailSense/.venv/lib/python3.12/site-packages/airflow/example_dags/subdags/subdag.py
[2026-07-17T20:46:04.613+0530] {processor.py:914} INFO - Processing file /Users/bhavishyachallagolla/Desktop/RetailSense/.venv/lib/python3.12/site-packages/airflow/example_dags/subdags/subdag.py for tasks to queue
[2026-07-17T20:46:04.614+0530] {logging_mixin.py:190} INFO - [2026-07-17T20:46:04.614+0530] {dagbag.py:588} INFO - Filling up the DagBag from /Users/bhavishyachallagolla/Desktop/RetailSense/.venv/lib/python3.12/site-packages/airflow/example_dags/subdags/subdag.py
[2026-07-17T20:46:04.614+0530] {processor.py:927} WARNING - No viable dags retrieved from /Users/bhavishyachallagolla/Desktop/RetailSense/.venv/lib/python3.12/site-packages/airflow/example_dags/subdags/subdag.py
[2026-07-17T20:46:04.637+0530] {processor.py:208} INFO - Processing /Users/bhavishyachallagolla/Desktop/RetailSense/.venv/lib/python3.12/site-packages/airflow/example_dags/subdags/subdag.py took 0.025 seconds
[2026-07-17T20:46:54.760+0530] {processor.py:186} INFO - Started process (PID=90804) to work on /Users/bhavishyachallagolla/Desktop/RetailSense/.venv/lib/python3.12/site-packages/airflow/example_dags/subdags/subdag.py
[2026-07-17T20:46:54.761+0530] {processor.py:914} INFO - Processing file /Users/bhavishyachallagolla/Desktop/RetailSense/.venv/lib/python3.12/site-packages/airflow/example_dags/subdags/subdag.py for tasks to queue
[2026-07-17T20:46:54.761+0530] {logging_mixin.py:190} INFO - [2026-07-17T20:46:54.761+0530] {dagbag.py:588} INFO - Filling up the DagBag from /Users/bhavishyachallagolla/Desktop/RetailSense/.venv/lib/python3.12/site-packages/airflow/example_dags/subdags/subdag.py
[2026-07-17T20:46:54.762+0530] {processor.py:927} WARNING - No viable dags retrieved from /Users/bhavishyachallagolla/Desktop/RetailSense/.venv/lib/python3.12/site-packages/airflow/example_dags/subdags/subdag.py
[2026-07-17T20:46:54.783+0530] {processor.py:208} INFO - Processing /Users/bhavishyachallagolla/Desktop/RetailSense/.venv/lib/python3.12/site-packages/airflow/example_dags/subdags/subdag.py took 0.024 seconds
[2026-07-17T20:47:45.041+0530] {processor.py:186} INFO - Started process (PID=90878) to work on /Users/bhavishyachallagolla/Desktop/RetailSense/.venv/lib/python3.12/site-packages/airflow/example_dags/subdags/subdag.py
[2026-07-17T20:47:45.042+0530] {processor.py:914} INFO - Processing file /Users/bhavishyachallagolla/Desktop/RetailSense/.venv/lib/python3.12/site-packages/airflow/example_dags/subdags/subdag.py for tasks to queue
[2026-07-17T20:47:45.042+0530] {logging_mixin.py:190} INFO - [2026-07-17T20:47:45.042+0530] {dagbag.py:588} INFO - Filling up the DagBag from /Users/bhavishyachallagolla/Desktop/RetailSense/.venv/lib/python3.12/site-packages/airflow/example_dags/subdags/subdag.py
[2026-07-17T20:47:45.043+0530] {processor.py:927} WARNING - No viable dags retrieved from /Users/bhavishyachallagolla/Desktop/RetailSense/.venv/lib/python3.12/site-packages/airflow/example_dags/subdags/subdag.py
[2026-07-17T20:47:45.066+0530] {processor.py:208} INFO - Processing /Users/bhavishyachallagolla/Desktop/RetailSense/.venv/lib/python3.12/site-packages/airflow/example_dags/subdags/subdag.py took 0.026 seconds
[2026-07-17T20:48:35.544+0530] {processor.py:186} INFO - Started process (PID=90958) to work on /Users/bhavishyachallagolla/Desktop/RetailSense/.venv/lib/python3.12/site-packages/airflow/example_dags/subdags/subdag.py
[2026-07-17T20:48:35.545+0530] {processor.py:914} INFO - Processing file /Users/bhavishyachallagolla/Desktop/RetailSense/.venv/lib/python3.12/site-packages/airflow/example_dags/subdags/subdag.py for tasks to queue
[2026-07-17T20:48:35.545+0530] {logging_mixin.py:190} INFO - [2026-07-17T20:48:35.545+0530] {dagbag.py:588} INFO - Filling up the DagBag from /Users/bhavishyachallagolla/Desktop/RetailSense/.venv/lib/python3.12/site-packages/airflow/example_dags/subdags/subdag.py
[2026-07-17T20:48:35.546+0530] {processor.py:927} WARNING - No viable dags retrieved from /Users/bhavishyachallagolla/Desktop/RetailSense/.venv/lib/python3.12/site-packages/airflow/example_dags/subdags/subdag.py
[2026-07-17T20:48:35.568+0530] {processor.py:208} INFO - Processing /Users/bhavishyachallagolla/Desktop/RetailSense/.venv/lib/python3.12/site-packages/airflow/example_dags/subdags/subdag.py took 0.026 seconds
[2026-07-17T20:49:25.666+0530] {processor.py:186} INFO - Started process (PID=91045) to work on /Users/bhavishyachallagolla/Desktop/RetailSense/.venv/lib/python3.12/site-packages/airflow/example_dags/subdags/subdag.py
[2026-07-17T20:49:25.667+0530] {processor.py:914} INFO - Processing file /Users/bhavishyachallagolla/Desktop/RetailSense/.venv/lib/python3.12/site-packages/airflow/example_dags/subdags/subdag.py for tasks to queue
[2026-07-17T20:49:25.667+0530] {logging_mixin.py:190} INFO - [2026-07-17T20:49:25.667+0530] {dagbag.py:588} INFO - Filling up the DagBag from /Users/bhavishyachallagolla/Desktop/RetailSense/.venv/lib/python3.12/site-packages/airflow/example_dags/subdags/subdag.py
[2026-07-17T20:49:25.668+0530] {processor.py:927} WARNING - No viable dags retrieved from /Users/bhavishyachallagolla/Desktop/RetailSense/.venv/lib/python3.12/site-packages/airflow/example_dags/subdags/subdag.py
[2026-07-17T20:49:25.690+0530] {processor.py:208} INFO - Processing /Users/bhavishyachallagolla/Desktop/RetailSense/.venv/lib/python3.12/site-packages/airflow/example_dags/subdags/subdag.py took 0.025 seconds
[2026-07-17T20:50:13.643+0530] {processor.py:186} INFO - Started process (PID=91125) to work on /Users/bhavishyachallagolla/Desktop/RetailSense/.venv/lib/python3.12/site-packages/airflow/example_dags/subdags/subdag.py
[2026-07-17T20:50:13.644+0530] {processor.py:914} INFO - Processing file /Users/bhavishyachallagolla/Desktop/RetailSense/.venv/lib/python3.12/site-packages/airflow/example_dags/subdags/subdag.py for tasks to queue
[2026-07-17T20:50:13.644+0530] {logging_mixin.py:190} INFO - [2026-07-17T20:50:13.644+0530] {dagbag.py:588} INFO - Filling up the DagBag from /Users/bhavishyachallagolla/Desktop/RetailSense/.venv/lib/python3.12/site-packages/airflow/example_dags/subdags/subdag.py
[2026-07-17T20:50:13.645+0530] {processor.py:927} WARNING - No viable dags retrieved from /Users/bhavishyachallagolla/Desktop/RetailSense/.venv/lib/python3.12/site-packages/airflow/example_dags/subdags/subdag.py
[2026-07-17T20:50:13.667+0530] {processor.py:208} INFO - Processing /Users/bhavishyachallagolla/Desktop/RetailSense/.venv/lib/python3.12/site-packages/airflow/example_dags/subdags/subdag.py took 0.025 seconds
[2026-07-17T20:51:03.577+0530] {processor.py:186} INFO - Started process (PID=91198) to work on /Users/bhavishyachallagolla/Desktop/RetailSense/.venv/lib/python3.12/site-packages/airflow/example_dags/subdags/subdag.py
[2026-07-17T20:51:03.577+0530] {processor.py:914} INFO - Processing file /Users/bhavishyachallagolla/Desktop/RetailSense/.venv/lib/python3.12/site-packages/airflow/example_dags/subdags/subdag.py for tasks to queue
[2026-07-17T20:51:03.577+0530] {logging_mixin.py:190} INFO - [2026-07-17T20:51:03.577+0530] {dagbag.py:588} INFO - Filling up the DagBag from /Users/bhavishyachallagolla/Desktop/RetailSense/.venv/lib/python3.12/site-packages/airflow/example_dags/subdags/subdag.py
[2026-07-17T20:51:03.578+0530] {processor.py:927} WARNING - No viable dags retrieved from /Users/bhavishyachallagolla/Desktop/RetailSense/.venv/lib/python3.12/site-packages/airflow/example_dags/subdags/subdag.py
[2026-07-17T20:51:03.601+0530] {processor.py:208} INFO - Processing /Users/bhavishyachallagolla/Desktop/RetailSense/.venv/lib/python3.12/site-packages/airflow/example_dags/subdags/subdag.py took 0.025 seconds
[2026-07-17T20:51:55.660+0530] {processor.py:186} INFO - Started process (PID=91277) to work on /Users/bhavishyachallagolla/Desktop/RetailSense/.venv/lib/python3.12/site-packages/airflow/example_dags/subdags/subdag.py
[2026-07-17T20:51:55.661+0530] {processor.py:914} INFO - Processing file /Users/bhavishyachallagolla/Desktop/RetailSense/.venv/lib/python3.12/site-packages/airflow/example_dags/subdags/subdag.py for tasks to queue
[2026-07-17T20:51:55.662+0530] {logging_mixin.py:190} INFO - [2026-07-17T20:51:55.662+0530] {dagbag.py:588} INFO - Filling up the DagBag from /Users/bhavishyachallagolla/Desktop/RetailSense/.venv/lib/python3.12/site-packages/airflow/example_dags/subdags/subdag.py
[2026-07-17T20:51:55.662+0530] {processor.py:927} WARNING - No viable dags retrieved from /Users/bhavishyachallagolla/Desktop/RetailSense/.venv/lib/python3.12/site-packages/airflow/example_dags/subdags/subdag.py
[2026-07-17T20:51:55.685+0530] {processor.py:208} INFO - Processing /Users/bhavishyachallagolla/Desktop/RetailSense/.venv/lib/python3.12/site-packages/airflow/example_dags/subdags/subdag.py took 0.026 seconds
[2026-07-17T20:52:45.982+0530] {processor.py:186} INFO - Started process (PID=91351) to work on /Users/bhavishyachallagolla/Desktop/RetailSense/.venv/lib/python3.12/site-packages/airflow/example_dags/subdags/subdag.py
[2026-07-17T20:52:45.984+0530] {processor.py:914} INFO - Processing file /Users/bhavishyachallagolla/Desktop/RetailSense/.venv/lib/python3.12/site-packages/airflow/example_dags/subdags/subdag.py for tasks to queue
[2026-07-17T20:52:45.984+0530] {logging_mixin.py:190} INFO - [2026-07-17T20:52:45.984+0530] {dagbag.py:588} INFO - Filling up the DagBag from /Users/bhavishyachallagolla/Desktop/RetailSense/.venv/lib/python3.12/site-packages/airflow/example_dags/subdags/subdag.py
[2026-07-17T20:52:45.985+0530] {processor.py:927} WARNING - No viable dags retrieved from /Users/bhavishyachallagolla/Desktop/RetailSense/.venv/lib/python3.12/site-packages/airflow/example_dags/subdags/subdag.py
[2026-07-17T20:52:46.007+0530] {processor.py:208} INFO - Processing /Users/bhavishyachallagolla/Desktop/RetailSense/.venv/lib/python3.12/site-packages/airflow/example_dags/subdags/subdag.py took 0.026 seconds
[2026-07-17T20:53:36.395+0530] {processor.py:186} INFO - Started process (PID=91427) to work on /Users/bhavishyachallagolla/Desktop/RetailSense/.venv/lib/python3.12/site-packages/airflow/example_dags/subdags/subdag.py
[2026-07-17T20:53:36.396+0530] {processor.py:914} INFO - Processing file /Users/bhavishyachallagolla/Desktop/RetailSense/.venv/lib/python3.12/site-packages/airflow/example_dags/subdags/subdag.py for tasks to queue
[2026-07-17T20:53:36.396+0530] {logging_mixin.py:190} INFO - [2026-07-17T20:53:36.396+0530] {dagbag.py:588} INFO - Filling up the DagBag from /Users/bhavishyachallagolla/Desktop/RetailSense/.venv/lib/python3.12/site-packages/airflow/example_dags/subdags/subdag.py
[2026-07-17T20:53:36.397+0530] {processor.py:927} WARNING - No viable dags retrieved from /Users/bhavishyachallagolla/Desktop/RetailSense/.venv/lib/python3.12/site-packages/airflow/example_dags/subdags/subdag.py
[2026-07-17T20:53:36.419+0530] {processor.py:208} INFO - Processing /Users/bhavishyachallagolla/Desktop/RetailSense/.venv/lib/python3.12/site-packages/airflow/example_dags/subdags/subdag.py took 0.026 seconds
[2026-07-17T20:54:27.650+0530] {processor.py:186} INFO - Started process (PID=91504) to work on /Users/bhavishyachallagolla/Desktop/RetailSense/.venv/lib/python3.12/site-packages/airflow/example_dags/subdags/subdag.py
[2026-07-17T20:54:27.651+0530] {processor.py:914} INFO - Processing file /Users/bhavishyachallagolla/Desktop/RetailSense/.venv/lib/python3.12/site-packages/airflow/example_dags/subdags/subdag.py for tasks to queue
[2026-07-17T20:54:27.651+0530] {logging_mixin.py:190} INFO - [2026-07-17T20:54:27.651+0530] {dagbag.py:588} INFO - Filling up the DagBag from /Users/bhavishyachallagolla/Desktop/RetailSense/.venv/lib/python3.12/site-packages/airflow/example_dags/subdags/subdag.py
[2026-07-17T20:54:27.652+0530] {processor.py:927} WARNING - No viable dags retrieved from /Users/bhavishyachallagolla/Desktop/RetailSense/.venv/lib/python3.12/site-packages/airflow/example_dags/subdags/subdag.py
[2026-07-17T20:54:27.673+0530] {processor.py:208} INFO - Processing /Users/bhavishyachallagolla/Desktop/RetailSense/.venv/lib/python3.12/site-packages/airflow/example_dags/subdags/subdag.py took 0.025 seconds
[2026-07-17T20:55:17.676+0530] {processor.py:186} INFO - Started process (PID=91594) to work on /Users/bhavishyachallagolla/Desktop/RetailSense/.venv/lib/python3.12/site-packages/airflow/example_dags/subdags/subdag.py
[2026-07-17T20:55:17.678+0530] {processor.py:914} INFO - Processing file /Users/bhavishyachallagolla/Desktop/RetailSense/.venv/lib/python3.12/site-packages/airflow/example_dags/subdags/subdag.py for tasks to queue
[2026-07-17T20:55:17.678+0530] {logging_mixin.py:190} INFO - [2026-07-17T20:55:17.678+0530] {dagbag.py:588} INFO - Filling up the DagBag from /Users/bhavishyachallagolla/Desktop/RetailSense/.venv/lib/python3.12/site-packages/airflow/example_dags/subdags/subdag.py
[2026-07-17T20:55:17.679+0530] {processor.py:927} WARNING - No viable dags retrieved from /Users/bhavishyachallagolla/Desktop/RetailSense/.venv/lib/python3.12/site-packages/airflow/example_dags/subdags/subdag.py
[2026-07-17T20:55:17.701+0530] {processor.py:208} INFO - Processing /Users/bhavishyachallagolla/Desktop/RetailSense/.venv/lib/python3.12/site-packages/airflow/example_dags/subdags/subdag.py took 0.026 seconds
[2026-07-17T20:56:07.427+0530] {processor.py:186} INFO - Started process (PID=91667) to work on /Users/bhavishyachallagolla/Desktop/RetailSense/.venv/lib/python3.12/site-packages/airflow/example_dags/subdags/subdag.py
[2026-07-17T20:56:07.428+0530] {processor.py:914} INFO - Processing file /Users/bhavishyachallagolla/Desktop/RetailSense/.venv/lib/python3.12/site-packages/airflow/example_dags/subdags/subdag.py for tasks to queue
[2026-07-17T20:56:07.429+0530] {logging_mixin.py:190} INFO - [2026-07-17T20:56:07.429+0530] {dagbag.py:588} INFO - Filling up the DagBag from /Users/bhavishyachallagolla/Desktop/RetailSense/.venv/lib/python3.12/site-packages/airflow/example_dags/subdags/subdag.py
[2026-07-17T20:56:07.429+0530] {processor.py:927} WARNING - No viable dags retrieved from /Users/bhavishyachallagolla/Desktop/RetailSense/.venv/lib/python3.12/site-packages/airflow/example_dags/subdags/subdag.py
[2026-07-17T20:56:07.451+0530] {processor.py:208} INFO - Processing /Users/bhavishyachallagolla/Desktop/RetailSense/.venv/lib/python3.12/site-packages/airflow/example_dags/subdags/subdag.py took 0.025 seconds
[2026-07-17T20:56:57.838+0530] {processor.py:186} INFO - Started process (PID=91742) to work on /Users/bhavishyachallagolla/Desktop/RetailSense/.venv/lib/python3.12/site-packages/airflow/example_dags/subdags/subdag.py
[2026-07-17T20:56:57.839+0530] {processor.py:914} INFO - Processing file /Users/bhavishyachallagolla/Desktop/RetailSense/.venv/lib/python3.12/site-packages/airflow/example_dags/subdags/subdag.py for tasks to queue
[2026-07-17T20:56:57.839+0530] {logging_mixin.py:190} INFO - [2026-07-17T20:56:57.839+0530] {dagbag.py:588} INFO - Filling up the DagBag from /Users/bhavishyachallagolla/Desktop/RetailSense/.venv/lib/python3.12/site-packages/airflow/example_dags/subdags/subdag.py
[2026-07-17T20:56:57.840+0530] {processor.py:927} WARNING - No viable dags retrieved from /Users/bhavishyachallagolla/Desktop/RetailSense/.venv/lib/python3.12/site-packages/airflow/example_dags/subdags/subdag.py
[2026-07-17T20:56:57.862+0530] {processor.py:208} INFO - Processing /Users/bhavishyachallagolla/Desktop/RetailSense/.venv/lib/python3.12/site-packages/airflow/example_dags/subdags/subdag.py took 0.025 seconds
[2026-07-17T20:57:46.755+0530] {processor.py:186} INFO - Started process (PID=91814) to work on /Users/bhavishyachallagolla/Desktop/RetailSense/.venv/lib/python3.12/site-packages/airflow/example_dags/subdags/subdag.py
[2026-07-17T20:57:46.756+0530] {processor.py:914} INFO - Processing file /Users/bhavishyachallagolla/Desktop/RetailSense/.venv/lib/python3.12/site-packages/airflow/example_dags/subdags/subdag.py for tasks to queue
[2026-07-17T20:57:46.756+0530] {logging_mixin.py:190} INFO - [2026-07-17T20:57:46.756+0530] {dagbag.py:588} INFO - Filling up the DagBag from /Users/bhavishyachallagolla/Desktop/RetailSense/.venv/lib/python3.12/site-packages/airflow/example_dags/subdags/subdag.py
[2026-07-17T20:57:46.757+0530] {processor.py:927} WARNING - No viable dags retrieved from /Users/bhavishyachallagolla/Desktop/RetailSense/.venv/lib/python3.12/site-packages/airflow/example_dags/subdags/subdag.py
[2026-07-17T20:57:46.779+0530] {processor.py:208} INFO - Processing /Users/bhavishyachallagolla/Desktop/RetailSense/.venv/lib/python3.12/site-packages/airflow/example_dags/subdags/subdag.py took 0.026 seconds
[2026-07-17T20:58:36.390+0530] {processor.py:186} INFO - Started process (PID=91887) to work on /Users/bhavishyachallagolla/Desktop/RetailSense/.venv/lib/python3.12/site-packages/airflow/example_dags/subdags/subdag.py
[2026-07-17T20:58:36.391+0530] {processor.py:914} INFO - Processing file /Users/bhavishyachallagolla/Desktop/RetailSense/.venv/lib/python3.12/site-packages/airflow/example_dags/subdags/subdag.py for tasks to queue
[2026-07-17T20:58:36.391+0530] {logging_mixin.py:190} INFO - [2026-07-17T20:58:36.391+0530] {dagbag.py:588} INFO - Filling up the DagBag from /Users/bhavishyachallagolla/Desktop/RetailSense/.venv/lib/python3.12/site-packages/airflow/example_dags/subdags/subdag.py
[2026-07-17T20:58:36.391+0530] {processor.py:927} WARNING - No viable dags retrieved from /Users/bhavishyachallagolla/Desktop/RetailSense/.venv/lib/python3.12/site-packages/airflow/example_dags/subdags/subdag.py
[2026-07-17T20:58:36.413+0530] {processor.py:208} INFO - Processing /Users/bhavishyachallagolla/Desktop/RetailSense/.venv/lib/python3.12/site-packages/airflow/example_dags/subdags/subdag.py took 0.024 seconds
[2026-07-17T20:59:26.791+0530] {processor.py:186} INFO - Started process (PID=91962) to work on /Users/bhavishyachallagolla/Desktop/RetailSense/.venv/lib/python3.12/site-packages/airflow/example_dags/subdags/subdag.py
[2026-07-17T20:59:26.791+0530] {processor.py:914} INFO - Processing file /Users/bhavishyachallagolla/Desktop/RetailSense/.venv/lib/python3.12/site-packages/airflow/example_dags/subdags/subdag.py for tasks to queue
[2026-07-17T20:59:26.791+0530] {logging_mixin.py:190} INFO - [2026-07-17T20:59:26.791+0530] {dagbag.py:588} INFO - Filling up the DagBag from /Users/bhavishyachallagolla/Desktop/RetailSense/.venv/lib/python3.12/site-packages/airflow/example_dags/subdags/subdag.py
[2026-07-17T20:59:26.792+0530] {processor.py:927} WARNING - No viable dags retrieved from /Users/bhavishyachallagolla/Desktop/RetailSense/.venv/lib/python3.12/site-packages/airflow/example_dags/subdags/subdag.py
[2026-07-17T20:59:26.814+0530] {processor.py:208} INFO - Processing /Users/bhavishyachallagolla/Desktop/RetailSense/.venv/lib/python3.12/site-packages/airflow/example_dags/subdags/subdag.py took 0.024 seconds
[2026-07-17T22:21:35.841+0530] {processor.py:186} INFO - Started process (PID=92047) to work on /Users/bhavishyachallagolla/Desktop/RetailSense/.venv/lib/python3.12/site-packages/airflow/example_dags/subdags/subdag.py
[2026-07-17T22:21:35.842+0530] {processor.py:914} INFO - Processing file /Users/bhavishyachallagolla/Desktop/RetailSense/.venv/lib/python3.12/site-packages/airflow/example_dags/subdags/subdag.py for tasks to queue
[2026-07-17T22:21:35.842+0530] {logging_mixin.py:190} INFO - [2026-07-17T22:21:35.842+0530] {dagbag.py:588} INFO - Filling up the DagBag from /Users/bhavishyachallagolla/Desktop/RetailSense/.venv/lib/python3.12/site-packages/airflow/example_dags/subdags/subdag.py
[2026-07-17T22:21:35.843+0530] {processor.py:927} WARNING - No viable dags retrieved from /Users/bhavishyachallagolla/Desktop/RetailSense/.venv/lib/python3.12/site-packages/airflow/example_dags/subdags/subdag.py
[2026-07-17T22:21:35.864+0530] {processor.py:208} INFO - Processing /Users/bhavishyachallagolla/Desktop/RetailSense/.venv/lib/python3.12/site-packages/airflow/example_dags/subdags/subdag.py took 0.023 seconds
[2026-07-17T22:23:24.553+0530] {processor.py:186} INFO - Started process (PID=92189) to work on /Users/bhavishyachallagolla/Desktop/RetailSense/.venv/lib/python3.12/site-packages/airflow/example_dags/subdags/subdag.py
[2026-07-17T22:23:24.554+0530] {processor.py:914} INFO - Processing file /Users/bhavishyachallagolla/Desktop/RetailSense/.venv/lib/python3.12/site-packages/airflow/example_dags/subdags/subdag.py for tasks to queue
[2026-07-17T22:23:24.555+0530] {logging_mixin.py:190} INFO - [2026-07-17T22:23:24.555+0530] {dagbag.py:588} INFO - Filling up the DagBag from /Users/bhavishyachallagolla/Desktop/RetailSense/.venv/lib/python3.12/site-packages/airflow/example_dags/subdags/subdag.py
[2026-07-17T22:23:24.555+0530] {processor.py:927} WARNING - No viable dags retrieved from /Users/bhavishyachallagolla/Desktop/RetailSense/.venv/lib/python3.12/site-packages/airflow/example_dags/subdags/subdag.py
[2026-07-17T22:23:24.577+0530] {processor.py:208} INFO - Processing /Users/bhavishyachallagolla/Desktop/RetailSense/.venv/lib/python3.12/site-packages/airflow/example_dags/subdags/subdag.py took 0.025 seconds
[2026-07-17T22:24:14.154+0530] {processor.py:186} INFO - Started process (PID=92266) to work on /Users/bhavishyachallagolla/Desktop/RetailSense/.venv/lib/python3.12/site-packages/airflow/example_dags/subdags/subdag.py
[2026-07-17T22:24:14.155+0530] {processor.py:914} INFO - Processing file /Users/bhavishyachallagolla/Desktop/RetailSense/.venv/lib/python3.12/site-packages/airflow/example_dags/subdags/subdag.py for tasks to queue
[2026-07-17T22:24:14.156+0530] {logging_mixin.py:190} INFO - [2026-07-17T22:24:14.156+0530] {dagbag.py:588} INFO - Filling up the DagBag from /Users/bhavishyachallagolla/Desktop/RetailSense/.venv/lib/python3.12/site-packages/airflow/example_dags/subdags/subdag.py
[2026-07-17T22:24:14.157+0530] {processor.py:927} WARNING - No viable dags retrieved from /Users/bhavishyachallagolla/Desktop/RetailSense/.venv/lib/python3.12/site-packages/airflow/example_dags/subdags/subdag.py
[2026-07-17T22:24:14.178+0530] {processor.py:208} INFO - Processing /Users/bhavishyachallagolla/Desktop/RetailSense/.venv/lib/python3.12/site-packages/airflow/example_dags/subdags/subdag.py took 0.025 seconds
[2026-07-17T22:25:04.553+0530] {processor.py:186} INFO - Started process (PID=92341) to work on /Users/bhavishyachallagolla/Desktop/RetailSense/.venv/lib/python3.12/site-packages/airflow/example_dags/subdags/subdag.py
[2026-07-17T22:25:04.554+0530] {processor.py:914} INFO - Processing file /Users/bhavishyachallagolla/Desktop/RetailSense/.venv/lib/python3.12/site-packages/airflow/example_dags/subdags/subdag.py for tasks to queue
[2026-07-17T22:25:04.554+0530] {logging_mixin.py:190} INFO - [2026-07-17T22:25:04.554+0530] {dagbag.py:588} INFO - Filling up the DagBag from /Users/bhavishyachallagolla/Desktop/RetailSense/.venv/lib/python3.12/site-packages/airflow/example_dags/subdags/subdag.py
[2026-07-17T22:25:04.555+0530] {processor.py:927} WARNING - No viable dags retrieved from /Users/bhavishyachallagolla/Desktop/RetailSense/.venv/lib/python3.12/site-packages/airflow/example_dags/subdags/subdag.py
[2026-07-17T22:25:04.577+0530] {processor.py:208} INFO - Processing /Users/bhavishyachallagolla/Desktop/RetailSense/.venv/lib/python3.12/site-packages/airflow/example_dags/subdags/subdag.py took 0.024 seconds
[2026-07-17T22:25:53.266+0530] {processor.py:186} INFO - Started process (PID=92416) to work on /Users/bhavishyachallagolla/Desktop/RetailSense/.venv/lib/python3.12/site-packages/airflow/example_dags/subdags/subdag.py
[2026-07-17T22:25:53.266+0530] {processor.py:914} INFO - Processing file /Users/bhavishyachallagolla/Desktop/RetailSense/.venv/lib/python3.12/site-packages/airflow/example_dags/subdags/subdag.py for tasks to queue
[2026-07-17T22:25:53.266+0530] {logging_mixin.py:190} INFO - [2026-07-17T22:25:53.266+0530] {dagbag.py:588} INFO - Filling up the DagBag from /Users/bhavishyachallagolla/Desktop/RetailSense/.venv/lib/python3.12/site-packages/airflow/example_dags/subdags/subdag.py
[2026-07-17T22:25:53.267+0530] {processor.py:927} WARNING - No viable dags retrieved from /Users/bhavishyachallagolla/Desktop/RetailSense/.venv/lib/python3.12/site-packages/airflow/example_dags/subdags/subdag.py
[2026-07-17T22:25:53.289+0530] {processor.py:208} INFO - Processing /Users/bhavishyachallagolla/Desktop/RetailSense/.venv/lib/python3.12/site-packages/airflow/example_dags/subdags/subdag.py took 0.024 seconds
[2026-07-17T22:26:43.889+0530] {processor.py:186} INFO - Started process (PID=92491) to work on /Users/bhavishyachallagolla/Desktop/RetailSense/.venv/lib/python3.12/site-packages/airflow/example_dags/subdags/subdag.py
[2026-07-17T22:26:43.890+0530] {processor.py:914} INFO - Processing file /Users/bhavishyachallagolla/Desktop/RetailSense/.venv/lib/python3.12/site-packages/airflow/example_dags/subdags/subdag.py for tasks to queue
[2026-07-17T22:26:43.891+0530] {logging_mixin.py:190} INFO - [2026-07-17T22:26:43.890+0530] {dagbag.py:588} INFO - Filling up the DagBag from /Users/bhavishyachallagolla/Desktop/RetailSense/.venv/lib/python3.12/site-packages/airflow/example_dags/subdags/subdag.py
[2026-07-17T22:26:43.891+0530] {processor.py:927} WARNING - No viable dags retrieved from /Users/bhavishyachallagolla/Desktop/RetailSense/.venv/lib/python3.12/site-packages/airflow/example_dags/subdags/subdag.py
[2026-07-17T22:26:43.913+0530] {processor.py:208} INFO - Processing /Users/bhavishyachallagolla/Desktop/RetailSense/.venv/lib/python3.12/site-packages/airflow/example_dags/subdags/subdag.py took 0.025 seconds
[2026-07-17T22:27:34.044+0530] {processor.py:186} INFO - Started process (PID=92566) to work on /Users/bhavishyachallagolla/Desktop/RetailSense/.venv/lib/python3.12/site-packages/airflow/example_dags/subdags/subdag.py
[2026-07-17T22:27:34.044+0530] {processor.py:914} INFO - Processing file /Users/bhavishyachallagolla/Desktop/RetailSense/.venv/lib/python3.12/site-packages/airflow/example_dags/subdags/subdag.py for tasks to queue
[2026-07-17T22:27:34.045+0530] {logging_mixin.py:190} INFO - [2026-07-17T22:27:34.045+0530] {dagbag.py:588} INFO - Filling up the DagBag from /Users/bhavishyachallagolla/Desktop/RetailSense/.venv/lib/python3.12/site-packages/airflow/example_dags/subdags/subdag.py
[2026-07-17T22:27:34.045+0530] {processor.py:927} WARNING - No viable dags retrieved from /Users/bhavishyachallagolla/Desktop/RetailSense/.venv/lib/python3.12/site-packages/airflow/example_dags/subdags/subdag.py
[2026-07-17T22:27:34.068+0530] {processor.py:208} INFO - Processing /Users/bhavishyachallagolla/Desktop/RetailSense/.venv/lib/python3.12/site-packages/airflow/example_dags/subdags/subdag.py took 0.025 seconds
[2026-07-17T22:28:24.786+0530] {processor.py:186} INFO - Started process (PID=92641) to work on /Users/bhavishyachallagolla/Desktop/RetailSense/.venv/lib/python3.12/site-packages/airflow/example_dags/subdags/subdag.py
[2026-07-17T22:28:24.787+0530] {processor.py:914} INFO - Processing file /Users/bhavishyachallagolla/Desktop/RetailSense/.venv/lib/python3.12/site-packages/airflow/example_dags/subdags/subdag.py for tasks to queue
[2026-07-17T22:28:24.787+0530] {logging_mixin.py:190} INFO - [2026-07-17T22:28:24.787+0530] {dagbag.py:588} INFO - Filling up the DagBag from /Users/bhavishyachallagolla/Desktop/RetailSense/.venv/lib/python3.12/site-packages/airflow/example_dags/subdags/subdag.py
[2026-07-17T22:28:24.788+0530] {processor.py:927} WARNING - No viable dags retrieved from /Users/bhavishyachallagolla/Desktop/RetailSense/.venv/lib/python3.12/site-packages/airflow/example_dags/subdags/subdag.py
[2026-07-17T22:28:24.810+0530] {processor.py:208} INFO - Processing /Users/bhavishyachallagolla/Desktop/RetailSense/.venv/lib/python3.12/site-packages/airflow/example_dags/subdags/subdag.py took 0.025 seconds
[2026-07-17T22:29:12.993+0530] {processor.py:186} INFO - Started process (PID=92716) to work on /Users/bhavishyachallagolla/Desktop/RetailSense/.venv/lib/python3.12/site-packages/airflow/example_dags/subdags/subdag.py
[2026-07-17T22:29:12.994+0530] {processor.py:914} INFO - Processing file /Users/bhavishyachallagolla/Desktop/RetailSense/.venv/lib/python3.12/site-packages/airflow/example_dags/subdags/subdag.py for tasks to queue
[2026-07-17T22:29:12.995+0530] {logging_mixin.py:190} INFO - [2026-07-17T22:29:12.995+0530] {dagbag.py:588} INFO - Filling up the DagBag from /Users/bhavishyachallagolla/Desktop/RetailSense/.venv/lib/python3.12/site-packages/airflow/example_dags/subdags/subdag.py
[2026-07-17T22:29:12.995+0530] {processor.py:927} WARNING - No viable dags retrieved from /Users/bhavishyachallagolla/Desktop/RetailSense/.venv/lib/python3.12/site-packages/airflow/example_dags/subdags/subdag.py
[2026-07-17T22:29:13.017+0530] {processor.py:208} INFO - Processing /Users/bhavishyachallagolla/Desktop/RetailSense/.venv/lib/python3.12/site-packages/airflow/example_dags/subdags/subdag.py took 0.024 seconds
[2026-07-17T22:30:01.025+0530] {processor.py:186} INFO - Started process (PID=92788) to work on /Users/bhavishyachallagolla/Desktop/RetailSense/.venv/lib/python3.12/site-packages/airflow/example_dags/subdags/subdag.py
[2026-07-17T22:30:01.026+0530] {processor.py:914} INFO - Processing file /Users/bhavishyachallagolla/Desktop/RetailSense/.venv/lib/python3.12/site-packages/airflow/example_dags/subdags/subdag.py for tasks to queue
[2026-07-17T22:30:01.027+0530] {logging_mixin.py:190} INFO - [2026-07-17T22:30:01.027+0530] {dagbag.py:588} INFO - Filling up the DagBag from /Users/bhavishyachallagolla/Desktop/RetailSense/.venv/lib/python3.12/site-packages/airflow/example_dags/subdags/subdag.py
[2026-07-17T22:30:01.027+0530] {processor.py:927} WARNING - No viable dags retrieved from /Users/bhavishyachallagolla/Desktop/RetailSense/.venv/lib/python3.12/site-packages/airflow/example_dags/subdags/subdag.py
[2026-07-17T22:30:01.050+0530] {processor.py:208} INFO - Processing /Users/bhavishyachallagolla/Desktop/RetailSense/.venv/lib/python3.12/site-packages/airflow/example_dags/subdags/subdag.py took 0.025 seconds
[2026-07-17T22:30:51.700+0530] {processor.py:186} INFO - Started process (PID=92865) to work on /Users/bhavishyachallagolla/Desktop/RetailSense/.venv/lib/python3.12/site-packages/airflow/example_dags/subdags/subdag.py
[2026-07-17T22:30:51.701+0530] {processor.py:914} INFO - Processing file /Users/bhavishyachallagolla/Desktop/RetailSense/.venv/lib/python3.12/site-packages/airflow/example_dags/subdags/subdag.py for tasks to queue
[2026-07-17T22:30:51.701+0530] {logging_mixin.py:190} INFO - [2026-07-17T22:30:51.701+0530] {dagbag.py:588} INFO - Filling up the DagBag from /Users/bhavishyachallagolla/Desktop/RetailSense/.venv/lib/python3.12/site-packages/airflow/example_dags/subdags/subdag.py
[2026-07-17T22:30:51.702+0530] {processor.py:927} WARNING - No viable dags retrieved from /Users/bhavishyachallagolla/Desktop/RetailSense/.venv/lib/python3.12/site-packages/airflow/example_dags/subdags/subdag.py
[2026-07-17T22:30:51.724+0530] {processor.py:208} INFO - Processing /Users/bhavishyachallagolla/Desktop/RetailSense/.venv/lib/python3.12/site-packages/airflow/example_dags/subdags/subdag.py took 0.026 seconds
[2026-07-17T22:31:43.264+0530] {processor.py:186} INFO - Started process (PID=92949) to work on /Users/bhavishyachallagolla/Desktop/RetailSense/.venv/lib/python3.12/site-packages/airflow/example_dags/subdags/subdag.py
[2026-07-17T22:31:43.264+0530] {processor.py:914} INFO - Processing file /Users/bhavishyachallagolla/Desktop/RetailSense/.venv/lib/python3.12/site-packages/airflow/example_dags/subdags/subdag.py for tasks to queue
[2026-07-17T22:31:43.265+0530] {logging_mixin.py:190} INFO - [2026-07-17T22:31:43.265+0530] {dagbag.py:588} INFO - Filling up the DagBag from /Users/bhavishyachallagolla/Desktop/RetailSense/.venv/lib/python3.12/site-packages/airflow/example_dags/subdags/subdag.py
[2026-07-17T22:31:43.265+0530] {processor.py:927} WARNING - No viable dags retrieved from /Users/bhavishyachallagolla/Desktop/RetailSense/.venv/lib/python3.12/site-packages/airflow/example_dags/subdags/subdag.py
[2026-07-17T22:31:43.288+0530] {processor.py:208} INFO - Processing /Users/bhavishyachallagolla/Desktop/RetailSense/.venv/lib/python3.12/site-packages/airflow/example_dags/subdags/subdag.py took 0.025 seconds
[2026-07-17T22:32:33.821+0530] {processor.py:186} INFO - Started process (PID=93025) to work on /Users/bhavishyachallagolla/Desktop/RetailSense/.venv/lib/python3.12/site-packages/airflow/example_dags/subdags/subdag.py
[2026-07-17T22:32:33.822+0530] {processor.py:914} INFO - Processing file /Users/bhavishyachallagolla/Desktop/RetailSense/.venv/lib/python3.12/site-packages/airflow/example_dags/subdags/subdag.py for tasks to queue
[2026-07-17T22:32:33.823+0530] {logging_mixin.py:190} INFO - [2026-07-17T22:32:33.823+0530] {dagbag.py:588} INFO - Filling up the DagBag from /Users/bhavishyachallagolla/Desktop/RetailSense/.venv/lib/python3.12/site-packages/airflow/example_dags/subdags/subdag.py
[2026-07-17T22:32:33.823+0530] {processor.py:927} WARNING - No viable dags retrieved from /Users/bhavishyachallagolla/Desktop/RetailSense/.venv/lib/python3.12/site-packages/airflow/example_dags/subdags/subdag.py
[2026-07-17T22:32:33.846+0530] {processor.py:208} INFO - Processing /Users/bhavishyachallagolla/Desktop/RetailSense/.venv/lib/python3.12/site-packages/airflow/example_dags/subdags/subdag.py took 0.025 seconds
[2026-07-17T22:33:22.639+0530] {processor.py:186} INFO - Started process (PID=93099) to work on /Users/bhavishyachallagolla/Desktop/RetailSense/.venv/lib/python3.12/site-packages/airflow/example_dags/subdags/subdag.py
[2026-07-17T22:33:22.640+0530] {processor.py:914} INFO - Processing file /Users/bhavishyachallagolla/Desktop/RetailSense/.venv/lib/python3.12/site-packages/airflow/example_dags/subdags/subdag.py for tasks to queue
[2026-07-17T22:33:22.640+0530] {logging_mixin.py:190} INFO - [2026-07-17T22:33:22.640+0530] {dagbag.py:588} INFO - Filling up the DagBag from /Users/bhavishyachallagolla/Desktop/RetailSense/.venv/lib/python3.12/site-packages/airflow/example_dags/subdags/subdag.py
[2026-07-17T22:33:22.641+0530] {processor.py:927} WARNING - No viable dags retrieved from /Users/bhavishyachallagolla/Desktop/RetailSense/.venv/lib/python3.12/site-packages/airflow/example_dags/subdags/subdag.py
[2026-07-17T22:33:22.663+0530] {processor.py:208} INFO - Processing /Users/bhavishyachallagolla/Desktop/RetailSense/.venv/lib/python3.12/site-packages/airflow/example_dags/subdags/subdag.py took 0.025 seconds
[2026-07-17T22:34:12.093+0530] {processor.py:186} INFO - Started process (PID=93171) to work on /Users/bhavishyachallagolla/Desktop/RetailSense/.venv/lib/python3.12/site-packages/airflow/example_dags/subdags/subdag.py
[2026-07-17T22:34:12.094+0530] {processor.py:914} INFO - Processing file /Users/bhavishyachallagolla/Desktop/RetailSense/.venv/lib/python3.12/site-packages/airflow/example_dags/subdags/subdag.py for tasks to queue
[2026-07-17T22:34:12.094+0530] {logging_mixin.py:190} INFO - [2026-07-17T22:34:12.094+0530] {dagbag.py:588} INFO - Filling up the DagBag from /Users/bhavishyachallagolla/Desktop/RetailSense/.venv/lib/python3.12/site-packages/airflow/example_dags/subdags/subdag.py
[2026-07-17T22:34:12.095+0530] {processor.py:927} WARNING - No viable dags retrieved from /Users/bhavishyachallagolla/Desktop/RetailSense/.venv/lib/python3.12/site-packages/airflow/example_dags/subdags/subdag.py
[2026-07-17T22:34:12.116+0530] {processor.py:208} INFO - Processing /Users/bhavishyachallagolla/Desktop/RetailSense/.venv/lib/python3.12/site-packages/airflow/example_dags/subdags/subdag.py took 0.025 seconds
[2026-07-17T22:35:02.704+0530] {processor.py:186} INFO - Started process (PID=93246) to work on /Users/bhavishyachallagolla/Desktop/RetailSense/.venv/lib/python3.12/site-packages/airflow/example_dags/subdags/subdag.py
[2026-07-17T22:35:02.705+0530] {processor.py:914} INFO - Processing file /Users/bhavishyachallagolla/Desktop/RetailSense/.venv/lib/python3.12/site-packages/airflow/example_dags/subdags/subdag.py for tasks to queue
[2026-07-17T22:35:02.705+0530] {logging_mixin.py:190} INFO - [2026-07-17T22:35:02.705+0530] {dagbag.py:588} INFO - Filling up the DagBag from /Users/bhavishyachallagolla/Desktop/RetailSense/.venv/lib/python3.12/site-packages/airflow/example_dags/subdags/subdag.py
[2026-07-17T22:35:02.706+0530] {processor.py:927} WARNING - No viable dags retrieved from /Users/bhavishyachallagolla/Desktop/RetailSense/.venv/lib/python3.12/site-packages/airflow/example_dags/subdags/subdag.py
[2026-07-17T22:35:02.728+0530] {processor.py:208} INFO - Processing /Users/bhavishyachallagolla/Desktop/RetailSense/.venv/lib/python3.12/site-packages/airflow/example_dags/subdags/subdag.py took 0.024 seconds
[2026-07-17T22:35:53.081+0530] {processor.py:186} INFO - Started process (PID=93322) to work on /Users/bhavishyachallagolla/Desktop/RetailSense/.venv/lib/python3.12/site-packages/airflow/example_dags/subdags/subdag.py
[2026-07-17T22:35:53.082+0530] {processor.py:914} INFO - Processing file /Users/bhavishyachallagolla/Desktop/RetailSense/.venv/lib/python3.12/site-packages/airflow/example_dags/subdags/subdag.py for tasks to queue
[2026-07-17T22:35:53.082+0530] {logging_mixin.py:190} INFO - [2026-07-17T22:35:53.082+0530] {dagbag.py:588} INFO - Filling up the DagBag from /Users/bhavishyachallagolla/Desktop/RetailSense/.venv/lib/python3.12/site-packages/airflow/example_dags/subdags/subdag.py
[2026-07-17T22:35:53.083+0530] {processor.py:927} WARNING - No viable dags retrieved from /Users/bhavishyachallagolla/Desktop/RetailSense/.venv/lib/python3.12/site-packages/airflow/example_dags/subdags/subdag.py
[2026-07-17T22:35:53.105+0530] {processor.py:208} INFO - Processing /Users/bhavishyachallagolla/Desktop/RetailSense/.venv/lib/python3.12/site-packages/airflow/example_dags/subdags/subdag.py took 0.025 seconds
[2026-07-17T22:36:43.688+0530] {processor.py:186} INFO - Started process (PID=93397) to work on /Users/bhavishyachallagolla/Desktop/RetailSense/.venv/lib/python3.12/site-packages/airflow/example_dags/subdags/subdag.py
[2026-07-17T22:36:43.689+0530] {processor.py:914} INFO - Processing file /Users/bhavishyachallagolla/Desktop/RetailSense/.venv/lib/python3.12/site-packages/airflow/example_dags/subdags/subdag.py for tasks to queue
[2026-07-17T22:36:43.690+0530] {logging_mixin.py:190} INFO - [2026-07-17T22:36:43.690+0530] {dagbag.py:588} INFO - Filling up the DagBag from /Users/bhavishyachallagolla/Desktop/RetailSense/.venv/lib/python3.12/site-packages/airflow/example_dags/subdags/subdag.py
[2026-07-17T22:36:43.690+0530] {processor.py:927} WARNING - No viable dags retrieved from /Users/bhavishyachallagolla/Desktop/RetailSense/.venv/lib/python3.12/site-packages/airflow/example_dags/subdags/subdag.py
[2026-07-17T22:36:43.713+0530] {processor.py:208} INFO - Processing /Users/bhavishyachallagolla/Desktop/RetailSense/.venv/lib/python3.12/site-packages/airflow/example_dags/subdags/subdag.py took 0.026 seconds
[2026-07-17T22:37:33.536+0530] {processor.py:186} INFO - Started process (PID=93481) to work on /Users/bhavishyachallagolla/Desktop/RetailSense/.venv/lib/python3.12/site-packages/airflow/example_dags/subdags/subdag.py
[2026-07-17T22:37:33.537+0530] {processor.py:914} INFO - Processing file /Users/bhavishyachallagolla/Desktop/RetailSense/.venv/lib/python3.12/site-packages/airflow/example_dags/subdags/subdag.py for tasks to queue
[2026-07-17T22:37:33.537+0530] {logging_mixin.py:190} INFO - [2026-07-17T22:37:33.537+0530] {dagbag.py:588} INFO - Filling up the DagBag from /Users/bhavishyachallagolla/Desktop/RetailSense/.venv/lib/python3.12/site-packages/airflow/example_dags/subdags/subdag.py
[2026-07-17T22:37:33.538+0530] {processor.py:927} WARNING - No viable dags retrieved from /Users/bhavishyachallagolla/Desktop/RetailSense/.venv/lib/python3.12/site-packages/airflow/example_dags/subdags/subdag.py
[2026-07-17T22:37:33.560+0530] {processor.py:208} INFO - Processing /Users/bhavishyachallagolla/Desktop/RetailSense/.venv/lib/python3.12/site-packages/airflow/example_dags/subdags/subdag.py took 0.025 seconds
[2026-07-17T22:38:23.611+0530] {processor.py:186} INFO - Started process (PID=93557) to work on /Users/bhavishyachallagolla/Desktop/RetailSense/.venv/lib/python3.12/site-packages/airflow/example_dags/subdags/subdag.py
[2026-07-17T22:38:23.611+0530] {processor.py:914} INFO - Processing file /Users/bhavishyachallagolla/Desktop/RetailSense/.venv/lib/python3.12/site-packages/airflow/example_dags/subdags/subdag.py for tasks to queue
[2026-07-17T22:38:23.611+0530] {logging_mixin.py:190} INFO - [2026-07-17T22:38:23.611+0530] {dagbag.py:588} INFO - Filling up the DagBag from /Users/bhavishyachallagolla/Desktop/RetailSense/.venv/lib/python3.12/site-packages/airflow/example_dags/subdags/subdag.py
[2026-07-17T22:38:23.612+0530] {processor.py:927} WARNING - No viable dags retrieved from /Users/bhavishyachallagolla/Desktop/RetailSense/.venv/lib/python3.12/site-packages/airflow/example_dags/subdags/subdag.py
[2026-07-17T22:38:23.634+0530] {processor.py:208} INFO - Processing /Users/bhavishyachallagolla/Desktop/RetailSense/.venv/lib/python3.12/site-packages/airflow/example_dags/subdags/subdag.py took 0.024 seconds
[2026-07-17T22:39:12.736+0530] {processor.py:186} INFO - Started process (PID=93630) to work on /Users/bhavishyachallagolla/Desktop/RetailSense/.venv/lib/python3.12/site-packages/airflow/example_dags/subdags/subdag.py
[2026-07-17T22:39:12.736+0530] {processor.py:914} INFO - Processing file /Users/bhavishyachallagolla/Desktop/RetailSense/.venv/lib/python3.12/site-packages/airflow/example_dags/subdags/subdag.py for tasks to queue
[2026-07-17T22:39:12.736+0530] {logging_mixin.py:190} INFO - [2026-07-17T22:39:12.736+0530] {dagbag.py:588} INFO - Filling up the DagBag from /Users/bhavishyachallagolla/Desktop/RetailSense/.venv/lib/python3.12/site-packages/airflow/example_dags/subdags/subdag.py
[2026-07-17T22:39:12.737+0530] {processor.py:927} WARNING - No viable dags retrieved from /Users/bhavishyachallagolla/Desktop/RetailSense/.venv/lib/python3.12/site-packages/airflow/example_dags/subdags/subdag.py
[2026-07-17T22:39:12.759+0530] {processor.py:208} INFO - Processing /Users/bhavishyachallagolla/Desktop/RetailSense/.venv/lib/python3.12/site-packages/airflow/example_dags/subdags/subdag.py took 0.024 seconds
[2026-07-17T22:40:03.293+0530] {processor.py:186} INFO - Started process (PID=93705) to work on /Users/bhavishyachallagolla/Desktop/RetailSense/.venv/lib/python3.12/site-packages/airflow/example_dags/subdags/subdag.py
[2026-07-17T22:40:03.294+0530] {processor.py:914} INFO - Processing file /Users/bhavishyachallagolla/Desktop/RetailSense/.venv/lib/python3.12/site-packages/airflow/example_dags/subdags/subdag.py for tasks to queue
[2026-07-17T22:40:03.294+0530] {logging_mixin.py:190} INFO - [2026-07-17T22:40:03.294+0530] {dagbag.py:588} INFO - Filling up the DagBag from /Users/bhavishyachallagolla/Desktop/RetailSense/.venv/lib/python3.12/site-packages/airflow/example_dags/subdags/subdag.py
[2026-07-17T22:40:03.295+0530] {processor.py:927} WARNING - No viable dags retrieved from /Users/bhavishyachallagolla/Desktop/RetailSense/.venv/lib/python3.12/site-packages/airflow/example_dags/subdags/subdag.py
[2026-07-17T22:40:03.318+0530] {processor.py:208} INFO - Processing /Users/bhavishyachallagolla/Desktop/RetailSense/.venv/lib/python3.12/site-packages/airflow/example_dags/subdags/subdag.py took 0.026 seconds
[2026-07-17T22:40:54.222+0530] {processor.py:186} INFO - Started process (PID=93780) to work on /Users/bhavishyachallagolla/Desktop/RetailSense/.venv/lib/python3.12/site-packages/airflow/example_dags/subdags/subdag.py
[2026-07-17T22:40:54.223+0530] {processor.py:914} INFO - Processing file /Users/bhavishyachallagolla/Desktop/RetailSense/.venv/lib/python3.12/site-packages/airflow/example_dags/subdags/subdag.py for tasks to queue
[2026-07-17T22:40:54.223+0530] {logging_mixin.py:190} INFO - [2026-07-17T22:40:54.223+0530] {dagbag.py:588} INFO - Filling up the DagBag from /Users/bhavishyachallagolla/Desktop/RetailSense/.venv/lib/python3.12/site-packages/airflow/example_dags/subdags/subdag.py
[2026-07-17T22:40:54.224+0530] {processor.py:927} WARNING - No viable dags retrieved from /Users/bhavishyachallagolla/Desktop/RetailSense/.venv/lib/python3.12/site-packages/airflow/example_dags/subdags/subdag.py
[2026-07-17T22:40:54.248+0530] {processor.py:208} INFO - Processing /Users/bhavishyachallagolla/Desktop/RetailSense/.venv/lib/python3.12/site-packages/airflow/example_dags/subdags/subdag.py took 0.027 seconds
[2026-07-17T22:41:43.271+0530] {processor.py:186} INFO - Started process (PID=93855) to work on /Users/bhavishyachallagolla/Desktop/RetailSense/.venv/lib/python3.12/site-packages/airflow/example_dags/subdags/subdag.py
[2026-07-17T22:41:43.272+0530] {processor.py:914} INFO - Processing file /Users/bhavishyachallagolla/Desktop/RetailSense/.venv/lib/python3.12/site-packages/airflow/example_dags/subdags/subdag.py for tasks to queue
[2026-07-17T22:41:43.273+0530] {logging_mixin.py:190} INFO - [2026-07-17T22:41:43.273+0530] {dagbag.py:588} INFO - Filling up the DagBag from /Users/bhavishyachallagolla/Desktop/RetailSense/.venv/lib/python3.12/site-packages/airflow/example_dags/subdags/subdag.py
[2026-07-17T22:41:43.273+0530] {processor.py:927} WARNING - No viable dags retrieved from /Users/bhavishyachallagolla/Desktop/RetailSense/.venv/lib/python3.12/site-packages/airflow/example_dags/subdags/subdag.py
[2026-07-17T22:41:43.296+0530] {processor.py:208} INFO - Processing /Users/bhavishyachallagolla/Desktop/RetailSense/.venv/lib/python3.12/site-packages/airflow/example_dags/subdags/subdag.py took 0.026 seconds
[2026-07-17T22:42:34.456+0530] {processor.py:186} INFO - Started process (PID=93931) to work on /Users/bhavishyachallagolla/Desktop/RetailSense/.venv/lib/python3.12/site-packages/airflow/example_dags/subdags/subdag.py
[2026-07-17T22:42:34.457+0530] {processor.py:914} INFO - Processing file /Users/bhavishyachallagolla/Desktop/RetailSense/.venv/lib/python3.12/site-packages/airflow/example_dags/subdags/subdag.py for tasks to queue
[2026-07-17T22:42:34.457+0530] {logging_mixin.py:190} INFO - [2026-07-17T22:42:34.457+0530] {dagbag.py:588} INFO - Filling up the DagBag from /Users/bhavishyachallagolla/Desktop/RetailSense/.venv/lib/python3.12/site-packages/airflow/example_dags/subdags/subdag.py
[2026-07-17T22:42:34.458+0530] {processor.py:927} WARNING - No viable dags retrieved from /Users/bhavishyachallagolla/Desktop/RetailSense/.venv/lib/python3.12/site-packages/airflow/example_dags/subdags/subdag.py
[2026-07-17T22:42:34.479+0530] {processor.py:208} INFO - Processing /Users/bhavishyachallagolla/Desktop/RetailSense/.venv/lib/python3.12/site-packages/airflow/example_dags/subdags/subdag.py took 0.024 seconds
[2026-07-17T22:43:25.017+0530] {processor.py:186} INFO - Started process (PID=94007) to work on /Users/bhavishyachallagolla/Desktop/RetailSense/.venv/lib/python3.12/site-packages/airflow/example_dags/subdags/subdag.py
[2026-07-17T22:43:25.017+0530] {processor.py:914} INFO - Processing file /Users/bhavishyachallagolla/Desktop/RetailSense/.venv/lib/python3.12/site-packages/airflow/example_dags/subdags/subdag.py for tasks to queue
[2026-07-17T22:43:25.017+0530] {logging_mixin.py:190} INFO - [2026-07-17T22:43:25.017+0530] {dagbag.py:588} INFO - Filling up the DagBag from /Users/bhavishyachallagolla/Desktop/RetailSense/.venv/lib/python3.12/site-packages/airflow/example_dags/subdags/subdag.py
[2026-07-17T22:43:25.018+0530] {processor.py:927} WARNING - No viable dags retrieved from /Users/bhavishyachallagolla/Desktop/RetailSense/.venv/lib/python3.12/site-packages/airflow/example_dags/subdags/subdag.py
[2026-07-17T22:43:25.040+0530] {processor.py:208} INFO - Processing /Users/bhavishyachallagolla/Desktop/RetailSense/.venv/lib/python3.12/site-packages/airflow/example_dags/subdags/subdag.py took 0.025 seconds
[2026-07-17T22:44:15.305+0530] {processor.py:186} INFO - Started process (PID=94081) to work on /Users/bhavishyachallagolla/Desktop/RetailSense/.venv/lib/python3.12/site-packages/airflow/example_dags/subdags/subdag.py
[2026-07-17T22:44:15.305+0530] {processor.py:914} INFO - Processing file /Users/bhavishyachallagolla/Desktop/RetailSense/.venv/lib/python3.12/site-packages/airflow/example_dags/subdags/subdag.py for tasks to queue
[2026-07-17T22:44:15.306+0530] {logging_mixin.py:190} INFO - [2026-07-17T22:44:15.306+0530] {dagbag.py:588} INFO - Filling up the DagBag from /Users/bhavishyachallagolla/Desktop/RetailSense/.venv/lib/python3.12/site-packages/airflow/example_dags/subdags/subdag.py
[2026-07-17T22:44:15.306+0530] {processor.py:927} WARNING - No viable dags retrieved from /Users/bhavishyachallagolla/Desktop/RetailSense/.venv/lib/python3.12/site-packages/airflow/example_dags/subdags/subdag.py
[2026-07-17T22:44:15.328+0530] {processor.py:208} INFO - Processing /Users/bhavishyachallagolla/Desktop/RetailSense/.venv/lib/python3.12/site-packages/airflow/example_dags/subdags/subdag.py took 0.024 seconds
[2026-07-17T22:45:05.371+0530] {processor.py:186} INFO - Started process (PID=94156) to work on /Users/bhavishyachallagolla/Desktop/RetailSense/.venv/lib/python3.12/site-packages/airflow/example_dags/subdags/subdag.py
[2026-07-17T22:45:05.371+0530] {processor.py:914} INFO - Processing file /Users/bhavishyachallagolla/Desktop/RetailSense/.venv/lib/python3.12/site-packages/airflow/example_dags/subdags/subdag.py for tasks to queue
[2026-07-17T22:45:05.371+0530] {logging_mixin.py:190} INFO - [2026-07-17T22:45:05.371+0530] {dagbag.py:588} INFO - Filling up the DagBag from /Users/bhavishyachallagolla/Desktop/RetailSense/.venv/lib/python3.12/site-packages/airflow/example_dags/subdags/subdag.py
[2026-07-17T22:45:05.372+0530] {processor.py:927} WARNING - No viable dags retrieved from /Users/bhavishyachallagolla/Desktop/RetailSense/.venv/lib/python3.12/site-packages/airflow/example_dags/subdags/subdag.py
[2026-07-17T22:45:05.394+0530] {processor.py:208} INFO - Processing /Users/bhavishyachallagolla/Desktop/RetailSense/.venv/lib/python3.12/site-packages/airflow/example_dags/subdags/subdag.py took 0.024 seconds
[2026-07-17T22:45:53.553+0530] {processor.py:186} INFO - Started process (PID=94230) to work on /Users/bhavishyachallagolla/Desktop/RetailSense/.venv/lib/python3.12/site-packages/airflow/example_dags/subdags/subdag.py
[2026-07-17T22:45:53.553+0530] {processor.py:914} INFO - Processing file /Users/bhavishyachallagolla/Desktop/RetailSense/.venv/lib/python3.12/site-packages/airflow/example_dags/subdags/subdag.py for tasks to queue
[2026-07-17T22:45:53.553+0530] {logging_mixin.py:190} INFO - [2026-07-17T22:45:53.553+0530] {dagbag.py:588} INFO - Filling up the DagBag from /Users/bhavishyachallagolla/Desktop/RetailSense/.venv/lib/python3.12/site-packages/airflow/example_dags/subdags/subdag.py
[2026-07-17T22:45:53.554+0530] {processor.py:927} WARNING - No viable dags retrieved from /Users/bhavishyachallagolla/Desktop/RetailSense/.venv/lib/python3.12/site-packages/airflow/example_dags/subdags/subdag.py
[2026-07-17T22:45:53.576+0530] {processor.py:208} INFO - Processing /Users/bhavishyachallagolla/Desktop/RetailSense/.venv/lib/python3.12/site-packages/airflow/example_dags/subdags/subdag.py took 0.024 seconds
[2026-07-17T22:46:41.657+0530] {processor.py:186} INFO - Started process (PID=94302) to work on /Users/bhavishyachallagolla/Desktop/RetailSense/.venv/lib/python3.12/site-packages/airflow/example_dags/subdags/subdag.py
[2026-07-17T22:46:41.657+0530] {processor.py:914} INFO - Processing file /Users/bhavishyachallagolla/Desktop/RetailSense/.venv/lib/python3.12/site-packages/airflow/example_dags/subdags/subdag.py for tasks to queue
[2026-07-17T22:46:41.658+0530] {logging_mixin.py:190} INFO - [2026-07-17T22:46:41.657+0530] {dagbag.py:588} INFO - Filling up the DagBag from /Users/bhavishyachallagolla/Desktop/RetailSense/.venv/lib/python3.12/site-packages/airflow/example_dags/subdags/subdag.py
[2026-07-17T22:46:41.658+0530] {processor.py:927} WARNING - No viable dags retrieved from /Users/bhavishyachallagolla/Desktop/RetailSense/.venv/lib/python3.12/site-packages/airflow/example_dags/subdags/subdag.py
[2026-07-17T22:46:41.680+0530] {processor.py:208} INFO - Processing /Users/bhavishyachallagolla/Desktop/RetailSense/.venv/lib/python3.12/site-packages/airflow/example_dags/subdags/subdag.py took 0.024 seconds
[2026-07-17T22:47:31.958+0530] {processor.py:186} INFO - Started process (PID=94377) to work on /Users/bhavishyachallagolla/Desktop/RetailSense/.venv/lib/python3.12/site-packages/airflow/example_dags/subdags/subdag.py
[2026-07-17T22:47:31.958+0530] {processor.py:914} INFO - Processing file /Users/bhavishyachallagolla/Desktop/RetailSense/.venv/lib/python3.12/site-packages/airflow/example_dags/subdags/subdag.py for tasks to queue
[2026-07-17T22:47:31.959+0530] {logging_mixin.py:190} INFO - [2026-07-17T22:47:31.959+0530] {dagbag.py:588} INFO - Filling up the DagBag from /Users/bhavishyachallagolla/Desktop/RetailSense/.venv/lib/python3.12/site-packages/airflow/example_dags/subdags/subdag.py
[2026-07-17T22:47:31.959+0530] {processor.py:927} WARNING - No viable dags retrieved from /Users/bhavishyachallagolla/Desktop/RetailSense/.venv/lib/python3.12/site-packages/airflow/example_dags/subdags/subdag.py
[2026-07-17T22:47:31.981+0530] {processor.py:208} INFO - Processing /Users/bhavishyachallagolla/Desktop/RetailSense/.venv/lib/python3.12/site-packages/airflow/example_dags/subdags/subdag.py took 0.024 seconds
[2026-07-17T22:48:21.942+0530] {processor.py:186} INFO - Started process (PID=94453) to work on /Users/bhavishyachallagolla/Desktop/RetailSense/.venv/lib/python3.12/site-packages/airflow/example_dags/subdags/subdag.py
[2026-07-17T22:48:21.942+0530] {processor.py:914} INFO - Processing file /Users/bhavishyachallagolla/Desktop/RetailSense/.venv/lib/python3.12/site-packages/airflow/example_dags/subdags/subdag.py for tasks to queue
[2026-07-17T22:48:21.943+0530] {logging_mixin.py:190} INFO - [2026-07-17T22:48:21.942+0530] {dagbag.py:588} INFO - Filling up the DagBag from /Users/bhavishyachallagolla/Desktop/RetailSense/.venv/lib/python3.12/site-packages/airflow/example_dags/subdags/subdag.py
[2026-07-17T22:48:21.943+0530] {processor.py:927} WARNING - No viable dags retrieved from /Users/bhavishyachallagolla/Desktop/RetailSense/.venv/lib/python3.12/site-packages/airflow/example_dags/subdags/subdag.py
[2026-07-17T22:48:21.965+0530] {processor.py:208} INFO - Processing /Users/bhavishyachallagolla/Desktop/RetailSense/.venv/lib/python3.12/site-packages/airflow/example_dags/subdags/subdag.py took 0.024 seconds
[2026-07-17T22:49:12.388+0530] {processor.py:186} INFO - Started process (PID=94528) to work on /Users/bhavishyachallagolla/Desktop/RetailSense/.venv/lib/python3.12/site-packages/airflow/example_dags/subdags/subdag.py
[2026-07-17T22:49:12.389+0530] {processor.py:914} INFO - Processing file /Users/bhavishyachallagolla/Desktop/RetailSense/.venv/lib/python3.12/site-packages/airflow/example_dags/subdags/subdag.py for tasks to queue
[2026-07-17T22:49:12.390+0530] {logging_mixin.py:190} INFO - [2026-07-17T22:49:12.390+0530] {dagbag.py:588} INFO - Filling up the DagBag from /Users/bhavishyachallagolla/Desktop/RetailSense/.venv/lib/python3.12/site-packages/airflow/example_dags/subdags/subdag.py
[2026-07-17T22:49:12.390+0530] {processor.py:927} WARNING - No viable dags retrieved from /Users/bhavishyachallagolla/Desktop/RetailSense/.venv/lib/python3.12/site-packages/airflow/example_dags/subdags/subdag.py
[2026-07-17T22:49:12.413+0530] {processor.py:208} INFO - Processing /Users/bhavishyachallagolla/Desktop/RetailSense/.venv/lib/python3.12/site-packages/airflow/example_dags/subdags/subdag.py took 0.025 seconds
[2026-07-17T22:50:17.943+0530] {processor.py:186} INFO - Started process (PID=94607) to work on /Users/bhavishyachallagolla/Desktop/RetailSense/.venv/lib/python3.12/site-packages/airflow/example_dags/subdags/subdag.py
[2026-07-17T22:50:17.943+0530] {processor.py:914} INFO - Processing file /Users/bhavishyachallagolla/Desktop/RetailSense/.venv/lib/python3.12/site-packages/airflow/example_dags/subdags/subdag.py for tasks to queue
[2026-07-17T22:50:17.943+0530] {logging_mixin.py:190} INFO - [2026-07-17T22:50:17.943+0530] {dagbag.py:588} INFO - Filling up the DagBag from /Users/bhavishyachallagolla/Desktop/RetailSense/.venv/lib/python3.12/site-packages/airflow/example_dags/subdags/subdag.py
[2026-07-17T22:50:17.944+0530] {processor.py:927} WARNING - No viable dags retrieved from /Users/bhavishyachallagolla/Desktop/RetailSense/.venv/lib/python3.12/site-packages/airflow/example_dags/subdags/subdag.py
[2026-07-17T22:50:17.967+0530] {processor.py:208} INFO - Processing /Users/bhavishyachallagolla/Desktop/RetailSense/.venv/lib/python3.12/site-packages/airflow/example_dags/subdags/subdag.py took 0.025 seconds
[2026-07-17T22:51:06.752+0530] {processor.py:186} INFO - Started process (PID=94681) to work on /Users/bhavishyachallagolla/Desktop/RetailSense/.venv/lib/python3.12/site-packages/airflow/example_dags/subdags/subdag.py
[2026-07-17T22:51:06.752+0530] {processor.py:914} INFO - Processing file /Users/bhavishyachallagolla/Desktop/RetailSense/.venv/lib/python3.12/site-packages/airflow/example_dags/subdags/subdag.py for tasks to queue
[2026-07-17T22:51:06.753+0530] {logging_mixin.py:190} INFO - [2026-07-17T22:51:06.753+0530] {dagbag.py:588} INFO - Filling up the DagBag from /Users/bhavishyachallagolla/Desktop/RetailSense/.venv/lib/python3.12/site-packages/airflow/example_dags/subdags/subdag.py
[2026-07-17T22:51:06.753+0530] {processor.py:927} WARNING - No viable dags retrieved from /Users/bhavishyachallagolla/Desktop/RetailSense/.venv/lib/python3.12/site-packages/airflow/example_dags/subdags/subdag.py
[2026-07-17T22:51:06.777+0530] {processor.py:208} INFO - Processing /Users/bhavishyachallagolla/Desktop/RetailSense/.venv/lib/python3.12/site-packages/airflow/example_dags/subdags/subdag.py took 0.026 seconds
[2026-07-17T22:51:55.730+0530] {processor.py:186} INFO - Started process (PID=94759) to work on /Users/bhavishyachallagolla/Desktop/RetailSense/.venv/lib/python3.12/site-packages/airflow/example_dags/subdags/subdag.py
[2026-07-17T22:51:55.730+0530] {processor.py:914} INFO - Processing file /Users/bhavishyachallagolla/Desktop/RetailSense/.venv/lib/python3.12/site-packages/airflow/example_dags/subdags/subdag.py for tasks to queue
[2026-07-17T22:51:55.730+0530] {logging_mixin.py:190} INFO - [2026-07-17T22:51:55.730+0530] {dagbag.py:588} INFO - Filling up the DagBag from /Users/bhavishyachallagolla/Desktop/RetailSense/.venv/lib/python3.12/site-packages/airflow/example_dags/subdags/subdag.py
[2026-07-17T22:51:55.731+0530] {processor.py:927} WARNING - No viable dags retrieved from /Users/bhavishyachallagolla/Desktop/RetailSense/.venv/lib/python3.12/site-packages/airflow/example_dags/subdags/subdag.py
[2026-07-17T22:51:55.753+0530] {processor.py:208} INFO - Processing /Users/bhavishyachallagolla/Desktop/RetailSense/.venv/lib/python3.12/site-packages/airflow/example_dags/subdags/subdag.py took 0.025 seconds
[2026-07-17T22:52:45.287+0530] {processor.py:186} INFO - Started process (PID=94834) to work on /Users/bhavishyachallagolla/Desktop/RetailSense/.venv/lib/python3.12/site-packages/airflow/example_dags/subdags/subdag.py
[2026-07-17T22:52:45.288+0530] {processor.py:914} INFO - Processing file /Users/bhavishyachallagolla/Desktop/RetailSense/.venv/lib/python3.12/site-packages/airflow/example_dags/subdags/subdag.py for tasks to queue
[2026-07-17T22:52:45.288+0530] {logging_mixin.py:190} INFO - [2026-07-17T22:52:45.288+0530] {dagbag.py:588} INFO - Filling up the DagBag from /Users/bhavishyachallagolla/Desktop/RetailSense/.venv/lib/python3.12/site-packages/airflow/example_dags/subdags/subdag.py
[2026-07-17T22:52:45.289+0530] {processor.py:927} WARNING - No viable dags retrieved from /Users/bhavishyachallagolla/Desktop/RetailSense/.venv/lib/python3.12/site-packages/airflow/example_dags/subdags/subdag.py
[2026-07-17T22:52:45.311+0530] {processor.py:208} INFO - Processing /Users/bhavishyachallagolla/Desktop/RetailSense/.venv/lib/python3.12/site-packages/airflow/example_dags/subdags/subdag.py took 0.025 seconds
[2026-07-17T22:53:35.150+0530] {processor.py:186} INFO - Started process (PID=94911) to work on /Users/bhavishyachallagolla/Desktop/RetailSense/.venv/lib/python3.12/site-packages/airflow/example_dags/subdags/subdag.py
[2026-07-17T22:53:35.151+0530] {processor.py:914} INFO - Processing file /Users/bhavishyachallagolla/Desktop/RetailSense/.venv/lib/python3.12/site-packages/airflow/example_dags/subdags/subdag.py for tasks to queue
[2026-07-17T22:53:35.152+0530] {logging_mixin.py:190} INFO - [2026-07-17T22:53:35.152+0530] {dagbag.py:588} INFO - Filling up the DagBag from /Users/bhavishyachallagolla/Desktop/RetailSense/.venv/lib/python3.12/site-packages/airflow/example_dags/subdags/subdag.py
[2026-07-17T22:53:35.152+0530] {processor.py:927} WARNING - No viable dags retrieved from /Users/bhavishyachallagolla/Desktop/RetailSense/.venv/lib/python3.12/site-packages/airflow/example_dags/subdags/subdag.py
[2026-07-17T22:53:35.175+0530] {processor.py:208} INFO - Processing /Users/bhavishyachallagolla/Desktop/RetailSense/.venv/lib/python3.12/site-packages/airflow/example_dags/subdags/subdag.py took 0.026 seconds
[2026-07-17T22:54:25.205+0530] {processor.py:186} INFO - Started process (PID=94985) to work on /Users/bhavishyachallagolla/Desktop/RetailSense/.venv/lib/python3.12/site-packages/airflow/example_dags/subdags/subdag.py
[2026-07-17T22:54:25.205+0530] {processor.py:914} INFO - Processing file /Users/bhavishyachallagolla/Desktop/RetailSense/.venv/lib/python3.12/site-packages/airflow/example_dags/subdags/subdag.py for tasks to queue
[2026-07-17T22:54:25.205+0530] {logging_mixin.py:190} INFO - [2026-07-17T22:54:25.205+0530] {dagbag.py:588} INFO - Filling up the DagBag from /Users/bhavishyachallagolla/Desktop/RetailSense/.venv/lib/python3.12/site-packages/airflow/example_dags/subdags/subdag.py
[2026-07-17T22:54:25.206+0530] {processor.py:927} WARNING - No viable dags retrieved from /Users/bhavishyachallagolla/Desktop/RetailSense/.venv/lib/python3.12/site-packages/airflow/example_dags/subdags/subdag.py
[2026-07-17T22:54:25.229+0530] {processor.py:208} INFO - Processing /Users/bhavishyachallagolla/Desktop/RetailSense/.venv/lib/python3.12/site-packages/airflow/example_dags/subdags/subdag.py took 0.025 seconds
[2026-07-17T22:55:14.058+0530] {processor.py:186} INFO - Started process (PID=95058) to work on /Users/bhavishyachallagolla/Desktop/RetailSense/.venv/lib/python3.12/site-packages/airflow/example_dags/subdags/subdag.py
[2026-07-17T22:55:14.058+0530] {processor.py:914} INFO - Processing file /Users/bhavishyachallagolla/Desktop/RetailSense/.venv/lib/python3.12/site-packages/airflow/example_dags/subdags/subdag.py for tasks to queue
[2026-07-17T22:55:14.058+0530] {logging_mixin.py:190} INFO - [2026-07-17T22:55:14.058+0530] {dagbag.py:588} INFO - Filling up the DagBag from /Users/bhavishyachallagolla/Desktop/RetailSense/.venv/lib/python3.12/site-packages/airflow/example_dags/subdags/subdag.py
[2026-07-17T22:55:14.059+0530] {processor.py:927} WARNING - No viable dags retrieved from /Users/bhavishyachallagolla/Desktop/RetailSense/.venv/lib/python3.12/site-packages/airflow/example_dags/subdags/subdag.py
[2026-07-17T22:55:14.082+0530] {processor.py:208} INFO - Processing /Users/bhavishyachallagolla/Desktop/RetailSense/.venv/lib/python3.12/site-packages/airflow/example_dags/subdags/subdag.py took 0.025 seconds
[2026-07-17T22:56:04.291+0530] {processor.py:186} INFO - Started process (PID=95135) to work on /Users/bhavishyachallagolla/Desktop/RetailSense/.venv/lib/python3.12/site-packages/airflow/example_dags/subdags/subdag.py
[2026-07-17T22:56:04.292+0530] {processor.py:914} INFO - Processing file /Users/bhavishyachallagolla/Desktop/RetailSense/.venv/lib/python3.12/site-packages/airflow/example_dags/subdags/subdag.py for tasks to queue
[2026-07-17T22:56:04.293+0530] {logging_mixin.py:190} INFO - [2026-07-17T22:56:04.293+0530] {dagbag.py:588} INFO - Filling up the DagBag from /Users/bhavishyachallagolla/Desktop/RetailSense/.venv/lib/python3.12/site-packages/airflow/example_dags/subdags/subdag.py
[2026-07-17T22:56:04.293+0530] {processor.py:927} WARNING - No viable dags retrieved from /Users/bhavishyachallagolla/Desktop/RetailSense/.venv/lib/python3.12/site-packages/airflow/example_dags/subdags/subdag.py
[2026-07-17T22:56:04.316+0530] {processor.py:208} INFO - Processing /Users/bhavishyachallagolla/Desktop/RetailSense/.venv/lib/python3.12/site-packages/airflow/example_dags/subdags/subdag.py took 0.026 seconds
[2026-07-17T22:56:53.602+0530] {processor.py:186} INFO - Started process (PID=95207) to work on /Users/bhavishyachallagolla/Desktop/RetailSense/.venv/lib/python3.12/site-packages/airflow/example_dags/subdags/subdag.py
[2026-07-17T22:56:53.602+0530] {processor.py:914} INFO - Processing file /Users/bhavishyachallagolla/Desktop/RetailSense/.venv/lib/python3.12/site-packages/airflow/example_dags/subdags/subdag.py for tasks to queue
[2026-07-17T22:56:53.602+0530] {logging_mixin.py:190} INFO - [2026-07-17T22:56:53.602+0530] {dagbag.py:588} INFO - Filling up the DagBag from /Users/bhavishyachallagolla/Desktop/RetailSense/.venv/lib/python3.12/site-packages/airflow/example_dags/subdags/subdag.py
[2026-07-17T22:56:53.603+0530] {processor.py:927} WARNING - No viable dags retrieved from /Users/bhavishyachallagolla/Desktop/RetailSense/.venv/lib/python3.12/site-packages/airflow/example_dags/subdags/subdag.py
[2026-07-17T22:56:53.626+0530] {processor.py:208} INFO - Processing /Users/bhavishyachallagolla/Desktop/RetailSense/.venv/lib/python3.12/site-packages/airflow/example_dags/subdags/subdag.py took 0.025 seconds
[2026-07-17T22:57:43.664+0530] {processor.py:186} INFO - Started process (PID=95285) to work on /Users/bhavishyachallagolla/Desktop/RetailSense/.venv/lib/python3.12/site-packages/airflow/example_dags/subdags/subdag.py
[2026-07-17T22:57:43.665+0530] {processor.py:914} INFO - Processing file /Users/bhavishyachallagolla/Desktop/RetailSense/.venv/lib/python3.12/site-packages/airflow/example_dags/subdags/subdag.py for tasks to queue
[2026-07-17T22:57:43.665+0530] {logging_mixin.py:190} INFO - [2026-07-17T22:57:43.665+0530] {dagbag.py:588} INFO - Filling up the DagBag from /Users/bhavishyachallagolla/Desktop/RetailSense/.venv/lib/python3.12/site-packages/airflow/example_dags/subdags/subdag.py
[2026-07-17T22:57:43.666+0530] {processor.py:927} WARNING - No viable dags retrieved from /Users/bhavishyachallagolla/Desktop/RetailSense/.venv/lib/python3.12/site-packages/airflow/example_dags/subdags/subdag.py
[2026-07-17T22:57:43.688+0530] {processor.py:208} INFO - Processing /Users/bhavishyachallagolla/Desktop/RetailSense/.venv/lib/python3.12/site-packages/airflow/example_dags/subdags/subdag.py took 0.025 seconds
[2026-07-17T22:58:33.593+0530] {processor.py:186} INFO - Started process (PID=95371) to work on /Users/bhavishyachallagolla/Desktop/RetailSense/.venv/lib/python3.12/site-packages/airflow/example_dags/subdags/subdag.py
[2026-07-17T22:58:33.594+0530] {processor.py:914} INFO - Processing file /Users/bhavishyachallagolla/Desktop/RetailSense/.venv/lib/python3.12/site-packages/airflow/example_dags/subdags/subdag.py for tasks to queue
[2026-07-17T22:58:33.594+0530] {logging_mixin.py:190} INFO - [2026-07-17T22:58:33.594+0530] {dagbag.py:588} INFO - Filling up the DagBag from /Users/bhavishyachallagolla/Desktop/RetailSense/.venv/lib/python3.12/site-packages/airflow/example_dags/subdags/subdag.py
[2026-07-17T22:58:33.595+0530] {processor.py:927} WARNING - No viable dags retrieved from /Users/bhavishyachallagolla/Desktop/RetailSense/.venv/lib/python3.12/site-packages/airflow/example_dags/subdags/subdag.py
[2026-07-17T22:58:33.618+0530] {processor.py:208} INFO - Processing /Users/bhavishyachallagolla/Desktop/RetailSense/.venv/lib/python3.12/site-packages/airflow/example_dags/subdags/subdag.py took 0.026 seconds
[2026-07-17T23:00:03.614+0530] {processor.py:186} INFO - Started process (PID=95467) to work on /Users/bhavishyachallagolla/Desktop/RetailSense/.venv/lib/python3.12/site-packages/airflow/example_dags/subdags/subdag.py
[2026-07-17T23:00:03.615+0530] {processor.py:914} INFO - Processing file /Users/bhavishyachallagolla/Desktop/RetailSense/.venv/lib/python3.12/site-packages/airflow/example_dags/subdags/subdag.py for tasks to queue
[2026-07-17T23:00:03.615+0530] {logging_mixin.py:190} INFO - [2026-07-17T23:00:03.615+0530] {dagbag.py:588} INFO - Filling up the DagBag from /Users/bhavishyachallagolla/Desktop/RetailSense/.venv/lib/python3.12/site-packages/airflow/example_dags/subdags/subdag.py
[2026-07-17T23:00:03.616+0530] {processor.py:927} WARNING - No viable dags retrieved from /Users/bhavishyachallagolla/Desktop/RetailSense/.venv/lib/python3.12/site-packages/airflow/example_dags/subdags/subdag.py
[2026-07-17T23:00:03.638+0530] {processor.py:208} INFO - Processing /Users/bhavishyachallagolla/Desktop/RetailSense/.venv/lib/python3.12/site-packages/airflow/example_dags/subdags/subdag.py took 0.025 seconds
[2026-07-17T23:01:20.200+0530] {processor.py:186} INFO - Started process (PID=95605) to work on /Users/bhavishyachallagolla/Desktop/RetailSense/.venv/lib/python3.12/site-packages/airflow/example_dags/subdags/subdag.py
[2026-07-17T23:01:20.200+0530] {processor.py:914} INFO - Processing file /Users/bhavishyachallagolla/Desktop/RetailSense/.venv/lib/python3.12/site-packages/airflow/example_dags/subdags/subdag.py for tasks to queue
[2026-07-17T23:01:20.200+0530] {logging_mixin.py:190} INFO - [2026-07-17T23:01:20.200+0530] {dagbag.py:588} INFO - Filling up the DagBag from /Users/bhavishyachallagolla/Desktop/RetailSense/.venv/lib/python3.12/site-packages/airflow/example_dags/subdags/subdag.py
[2026-07-17T23:01:20.201+0530] {processor.py:927} WARNING - No viable dags retrieved from /Users/bhavishyachallagolla/Desktop/RetailSense/.venv/lib/python3.12/site-packages/airflow/example_dags/subdags/subdag.py
[2026-07-17T23:01:20.223+0530] {processor.py:208} INFO - Processing /Users/bhavishyachallagolla/Desktop/RetailSense/.venv/lib/python3.12/site-packages/airflow/example_dags/subdags/subdag.py took 0.025 seconds
[2026-07-17T23:02:11.979+0530] {processor.py:186} INFO - Started process (PID=95700) to work on /Users/bhavishyachallagolla/Desktop/RetailSense/.venv/lib/python3.12/site-packages/airflow/example_dags/subdags/subdag.py
[2026-07-17T23:02:11.980+0530] {processor.py:914} INFO - Processing file /Users/bhavishyachallagolla/Desktop/RetailSense/.venv/lib/python3.12/site-packages/airflow/example_dags/subdags/subdag.py for tasks to queue
[2026-07-17T23:02:11.980+0530] {logging_mixin.py:190} INFO - [2026-07-17T23:02:11.980+0530] {dagbag.py:588} INFO - Filling up the DagBag from /Users/bhavishyachallagolla/Desktop/RetailSense/.venv/lib/python3.12/site-packages/airflow/example_dags/subdags/subdag.py
[2026-07-17T23:02:11.981+0530] {processor.py:927} WARNING - No viable dags retrieved from /Users/bhavishyachallagolla/Desktop/RetailSense/.venv/lib/python3.12/site-packages/airflow/example_dags/subdags/subdag.py
[2026-07-17T23:02:12.003+0530] {processor.py:208} INFO - Processing /Users/bhavishyachallagolla/Desktop/RetailSense/.venv/lib/python3.12/site-packages/airflow/example_dags/subdags/subdag.py took 0.025 seconds
[2026-07-17T23:03:02.672+0530] {processor.py:186} INFO - Started process (PID=95782) to work on /Users/bhavishyachallagolla/Desktop/RetailSense/.venv/lib/python3.12/site-packages/airflow/example_dags/subdags/subdag.py
[2026-07-17T23:03:02.672+0530] {processor.py:914} INFO - Processing file /Users/bhavishyachallagolla/Desktop/RetailSense/.venv/lib/python3.12/site-packages/airflow/example_dags/subdags/subdag.py for tasks to queue
[2026-07-17T23:03:02.672+0530] {logging_mixin.py:190} INFO - [2026-07-17T23:03:02.672+0530] {dagbag.py:588} INFO - Filling up the DagBag from /Users/bhavishyachallagolla/Desktop/RetailSense/.venv/lib/python3.12/site-packages/airflow/example_dags/subdags/subdag.py
[2026-07-17T23:03:02.673+0530] {processor.py:927} WARNING - No viable dags retrieved from /Users/bhavishyachallagolla/Desktop/RetailSense/.venv/lib/python3.12/site-packages/airflow/example_dags/subdags/subdag.py
[2026-07-17T23:03:02.695+0530] {processor.py:208} INFO - Processing /Users/bhavishyachallagolla/Desktop/RetailSense/.venv/lib/python3.12/site-packages/airflow/example_dags/subdags/subdag.py took 0.024 seconds
[2026-07-17T23:03:51.495+0530] {processor.py:186} INFO - Started process (PID=95854) to work on /Users/bhavishyachallagolla/Desktop/RetailSense/.venv/lib/python3.12/site-packages/airflow/example_dags/subdags/subdag.py
[2026-07-17T23:03:51.495+0530] {processor.py:914} INFO - Processing file /Users/bhavishyachallagolla/Desktop/RetailSense/.venv/lib/python3.12/site-packages/airflow/example_dags/subdags/subdag.py for tasks to queue
[2026-07-17T23:03:51.495+0530] {logging_mixin.py:190} INFO - [2026-07-17T23:03:51.495+0530] {dagbag.py:588} INFO - Filling up the DagBag from /Users/bhavishyachallagolla/Desktop/RetailSense/.venv/lib/python3.12/site-packages/airflow/example_dags/subdags/subdag.py
[2026-07-17T23:03:51.496+0530] {processor.py:927} WARNING - No viable dags retrieved from /Users/bhavishyachallagolla/Desktop/RetailSense/.venv/lib/python3.12/site-packages/airflow/example_dags/subdags/subdag.py
[2026-07-17T23:03:51.518+0530] {processor.py:208} INFO - Processing /Users/bhavishyachallagolla/Desktop/RetailSense/.venv/lib/python3.12/site-packages/airflow/example_dags/subdags/subdag.py took 0.025 seconds
[2026-07-17T23:04:41.956+0530] {processor.py:186} INFO - Started process (PID=95929) to work on /Users/bhavishyachallagolla/Desktop/RetailSense/.venv/lib/python3.12/site-packages/airflow/example_dags/subdags/subdag.py
[2026-07-17T23:04:41.957+0530] {processor.py:914} INFO - Processing file /Users/bhavishyachallagolla/Desktop/RetailSense/.venv/lib/python3.12/site-packages/airflow/example_dags/subdags/subdag.py for tasks to queue
[2026-07-17T23:04:41.957+0530] {logging_mixin.py:190} INFO - [2026-07-17T23:04:41.957+0530] {dagbag.py:588} INFO - Filling up the DagBag from /Users/bhavishyachallagolla/Desktop/RetailSense/.venv/lib/python3.12/site-packages/airflow/example_dags/subdags/subdag.py
[2026-07-17T23:04:41.958+0530] {processor.py:927} WARNING - No viable dags retrieved from /Users/bhavishyachallagolla/Desktop/RetailSense/.venv/lib/python3.12/site-packages/airflow/example_dags/subdags/subdag.py
[2026-07-17T23:04:41.980+0530] {processor.py:208} INFO - Processing /Users/bhavishyachallagolla/Desktop/RetailSense/.venv/lib/python3.12/site-packages/airflow/example_dags/subdags/subdag.py took 0.025 seconds
[2026-07-17T23:05:32.190+0530] {processor.py:186} INFO - Started process (PID=96006) to work on /Users/bhavishyachallagolla/Desktop/RetailSense/.venv/lib/python3.12/site-packages/airflow/example_dags/subdags/subdag.py
[2026-07-17T23:05:32.190+0530] {processor.py:914} INFO - Processing file /Users/bhavishyachallagolla/Desktop/RetailSense/.venv/lib/python3.12/site-packages/airflow/example_dags/subdags/subdag.py for tasks to queue
[2026-07-17T23:05:32.190+0530] {logging_mixin.py:190} INFO - [2026-07-17T23:05:32.190+0530] {dagbag.py:588} INFO - Filling up the DagBag from /Users/bhavishyachallagolla/Desktop/RetailSense/.venv/lib/python3.12/site-packages/airflow/example_dags/subdags/subdag.py
[2026-07-17T23:05:32.191+0530] {processor.py:927} WARNING - No viable dags retrieved from /Users/bhavishyachallagolla/Desktop/RetailSense/.venv/lib/python3.12/site-packages/airflow/example_dags/subdags/subdag.py
[2026-07-17T23:05:32.213+0530] {processor.py:208} INFO - Processing /Users/bhavishyachallagolla/Desktop/RetailSense/.venv/lib/python3.12/site-packages/airflow/example_dags/subdags/subdag.py took 0.025 seconds
[2026-07-17T23:06:23.192+0530] {processor.py:186} INFO - Started process (PID=96081) to work on /Users/bhavishyachallagolla/Desktop/RetailSense/.venv/lib/python3.12/site-packages/airflow/example_dags/subdags/subdag.py
[2026-07-17T23:06:23.192+0530] {processor.py:914} INFO - Processing file /Users/bhavishyachallagolla/Desktop/RetailSense/.venv/lib/python3.12/site-packages/airflow/example_dags/subdags/subdag.py for tasks to queue
[2026-07-17T23:06:23.192+0530] {logging_mixin.py:190} INFO - [2026-07-17T23:06:23.192+0530] {dagbag.py:588} INFO - Filling up the DagBag from /Users/bhavishyachallagolla/Desktop/RetailSense/.venv/lib/python3.12/site-packages/airflow/example_dags/subdags/subdag.py
[2026-07-17T23:06:23.193+0530] {processor.py:927} WARNING - No viable dags retrieved from /Users/bhavishyachallagolla/Desktop/RetailSense/.venv/lib/python3.12/site-packages/airflow/example_dags/subdags/subdag.py
[2026-07-17T23:06:23.214+0530] {processor.py:208} INFO - Processing /Users/bhavishyachallagolla/Desktop/RetailSense/.venv/lib/python3.12/site-packages/airflow/example_dags/subdags/subdag.py took 0.024 seconds
[2026-07-17T23:07:13.500+0530] {processor.py:186} INFO - Started process (PID=96156) to work on /Users/bhavishyachallagolla/Desktop/RetailSense/.venv/lib/python3.12/site-packages/airflow/example_dags/subdags/subdag.py
[2026-07-17T23:07:13.500+0530] {processor.py:914} INFO - Processing file /Users/bhavishyachallagolla/Desktop/RetailSense/.venv/lib/python3.12/site-packages/airflow/example_dags/subdags/subdag.py for tasks to queue
[2026-07-17T23:07:13.500+0530] {logging_mixin.py:190} INFO - [2026-07-17T23:07:13.500+0530] {dagbag.py:588} INFO - Filling up the DagBag from /Users/bhavishyachallagolla/Desktop/RetailSense/.venv/lib/python3.12/site-packages/airflow/example_dags/subdags/subdag.py
[2026-07-17T23:07:13.501+0530] {processor.py:927} WARNING - No viable dags retrieved from /Users/bhavishyachallagolla/Desktop/RetailSense/.venv/lib/python3.12/site-packages/airflow/example_dags/subdags/subdag.py
[2026-07-17T23:07:13.523+0530] {processor.py:208} INFO - Processing /Users/bhavishyachallagolla/Desktop/RetailSense/.venv/lib/python3.12/site-packages/airflow/example_dags/subdags/subdag.py took 0.025 seconds
[2026-07-17T23:08:03.805+0530] {processor.py:186} INFO - Started process (PID=96240) to work on /Users/bhavishyachallagolla/Desktop/RetailSense/.venv/lib/python3.12/site-packages/airflow/example_dags/subdags/subdag.py
[2026-07-17T23:08:03.805+0530] {processor.py:914} INFO - Processing file /Users/bhavishyachallagolla/Desktop/RetailSense/.venv/lib/python3.12/site-packages/airflow/example_dags/subdags/subdag.py for tasks to queue
[2026-07-17T23:08:03.806+0530] {logging_mixin.py:190} INFO - [2026-07-17T23:08:03.806+0530] {dagbag.py:588} INFO - Filling up the DagBag from /Users/bhavishyachallagolla/Desktop/RetailSense/.venv/lib/python3.12/site-packages/airflow/example_dags/subdags/subdag.py
[2026-07-17T23:08:03.807+0530] {processor.py:927} WARNING - No viable dags retrieved from /Users/bhavishyachallagolla/Desktop/RetailSense/.venv/lib/python3.12/site-packages/airflow/example_dags/subdags/subdag.py
[2026-07-17T23:08:03.831+0530] {processor.py:208} INFO - Processing /Users/bhavishyachallagolla/Desktop/RetailSense/.venv/lib/python3.12/site-packages/airflow/example_dags/subdags/subdag.py took 0.027 seconds
[2026-07-17T23:08:54.327+0530] {processor.py:186} INFO - Started process (PID=96317) to work on /Users/bhavishyachallagolla/Desktop/RetailSense/.venv/lib/python3.12/site-packages/airflow/example_dags/subdags/subdag.py
[2026-07-17T23:08:54.327+0530] {processor.py:914} INFO - Processing file /Users/bhavishyachallagolla/Desktop/RetailSense/.venv/lib/python3.12/site-packages/airflow/example_dags/subdags/subdag.py for tasks to queue
[2026-07-17T23:08:54.328+0530] {logging_mixin.py:190} INFO - [2026-07-17T23:08:54.328+0530] {dagbag.py:588} INFO - Filling up the DagBag from /Users/bhavishyachallagolla/Desktop/RetailSense/.venv/lib/python3.12/site-packages/airflow/example_dags/subdags/subdag.py
[2026-07-17T23:08:54.328+0530] {processor.py:927} WARNING - No viable dags retrieved from /Users/bhavishyachallagolla/Desktop/RetailSense/.venv/lib/python3.12/site-packages/airflow/example_dags/subdags/subdag.py
[2026-07-17T23:08:54.350+0530] {processor.py:208} INFO - Processing /Users/bhavishyachallagolla/Desktop/RetailSense/.venv/lib/python3.12/site-packages/airflow/example_dags/subdags/subdag.py took 0.024 seconds
[2026-07-17T23:09:43.347+0530] {processor.py:186} INFO - Started process (PID=96390) to work on /Users/bhavishyachallagolla/Desktop/RetailSense/.venv/lib/python3.12/site-packages/airflow/example_dags/subdags/subdag.py
[2026-07-17T23:09:43.347+0530] {processor.py:914} INFO - Processing file /Users/bhavishyachallagolla/Desktop/RetailSense/.venv/lib/python3.12/site-packages/airflow/example_dags/subdags/subdag.py for tasks to queue
[2026-07-17T23:09:43.348+0530] {logging_mixin.py:190} INFO - [2026-07-17T23:09:43.347+0530] {dagbag.py:588} INFO - Filling up the DagBag from /Users/bhavishyachallagolla/Desktop/RetailSense/.venv/lib/python3.12/site-packages/airflow/example_dags/subdags/subdag.py
[2026-07-17T23:09:43.348+0530] {processor.py:927} WARNING - No viable dags retrieved from /Users/bhavishyachallagolla/Desktop/RetailSense/.venv/lib/python3.12/site-packages/airflow/example_dags/subdags/subdag.py
[2026-07-17T23:09:43.370+0530] {processor.py:208} INFO - Processing /Users/bhavishyachallagolla/Desktop/RetailSense/.venv/lib/python3.12/site-packages/airflow/example_dags/subdags/subdag.py took 0.024 seconds
[2026-07-17T23:10:32.722+0530] {processor.py:186} INFO - Started process (PID=96464) to work on /Users/bhavishyachallagolla/Desktop/RetailSense/.venv/lib/python3.12/site-packages/airflow/example_dags/subdags/subdag.py
[2026-07-17T23:10:32.723+0530] {processor.py:914} INFO - Processing file /Users/bhavishyachallagolla/Desktop/RetailSense/.venv/lib/python3.12/site-packages/airflow/example_dags/subdags/subdag.py for tasks to queue
[2026-07-17T23:10:32.723+0530] {logging_mixin.py:190} INFO - [2026-07-17T23:10:32.723+0530] {dagbag.py:588} INFO - Filling up the DagBag from /Users/bhavishyachallagolla/Desktop/RetailSense/.venv/lib/python3.12/site-packages/airflow/example_dags/subdags/subdag.py
[2026-07-17T23:10:32.724+0530] {processor.py:927} WARNING - No viable dags retrieved from /Users/bhavishyachallagolla/Desktop/RetailSense/.venv/lib/python3.12/site-packages/airflow/example_dags/subdags/subdag.py
[2026-07-17T23:10:32.747+0530] {processor.py:208} INFO - Processing /Users/bhavishyachallagolla/Desktop/RetailSense/.venv/lib/python3.12/site-packages/airflow/example_dags/subdags/subdag.py took 0.026 seconds
[2026-07-17T23:11:21.681+0530] {processor.py:186} INFO - Started process (PID=96538) to work on /Users/bhavishyachallagolla/Desktop/RetailSense/.venv/lib/python3.12/site-packages/airflow/example_dags/subdags/subdag.py
[2026-07-17T23:11:21.681+0530] {processor.py:914} INFO - Processing file /Users/bhavishyachallagolla/Desktop/RetailSense/.venv/lib/python3.12/site-packages/airflow/example_dags/subdags/subdag.py for tasks to queue
[2026-07-17T23:11:21.682+0530] {logging_mixin.py:190} INFO - [2026-07-17T23:11:21.681+0530] {dagbag.py:588} INFO - Filling up the DagBag from /Users/bhavishyachallagolla/Desktop/RetailSense/.venv/lib/python3.12/site-packages/airflow/example_dags/subdags/subdag.py
[2026-07-17T23:11:21.682+0530] {processor.py:927} WARNING - No viable dags retrieved from /Users/bhavishyachallagolla/Desktop/RetailSense/.venv/lib/python3.12/site-packages/airflow/example_dags/subdags/subdag.py
[2026-07-17T23:11:21.704+0530] {processor.py:208} INFO - Processing /Users/bhavishyachallagolla/Desktop/RetailSense/.venv/lib/python3.12/site-packages/airflow/example_dags/subdags/subdag.py took 0.024 seconds
[2026-07-17T23:12:10.373+0530] {processor.py:186} INFO - Started process (PID=96655) to work on /Users/bhavishyachallagolla/Desktop/RetailSense/.venv/lib/python3.12/site-packages/airflow/example_dags/subdags/subdag.py
[2026-07-17T23:12:10.374+0530] {processor.py:914} INFO - Processing file /Users/bhavishyachallagolla/Desktop/RetailSense/.venv/lib/python3.12/site-packages/airflow/example_dags/subdags/subdag.py for tasks to queue
[2026-07-17T23:12:10.374+0530] {logging_mixin.py:190} INFO - [2026-07-17T23:12:10.374+0530] {dagbag.py:588} INFO - Filling up the DagBag from /Users/bhavishyachallagolla/Desktop/RetailSense/.venv/lib/python3.12/site-packages/airflow/example_dags/subdags/subdag.py
[2026-07-17T23:12:10.375+0530] {processor.py:927} WARNING - No viable dags retrieved from /Users/bhavishyachallagolla/Desktop/RetailSense/.venv/lib/python3.12/site-packages/airflow/example_dags/subdags/subdag.py
[2026-07-17T23:12:10.397+0530] {processor.py:208} INFO - Processing /Users/bhavishyachallagolla/Desktop/RetailSense/.venv/lib/python3.12/site-packages/airflow/example_dags/subdags/subdag.py took 0.025 seconds
[2026-07-17T23:12:59.789+0530] {processor.py:186} INFO - Started process (PID=96755) to work on /Users/bhavishyachallagolla/Desktop/RetailSense/.venv/lib/python3.12/site-packages/airflow/example_dags/subdags/subdag.py
[2026-07-17T23:12:59.789+0530] {processor.py:914} INFO - Processing file /Users/bhavishyachallagolla/Desktop/RetailSense/.venv/lib/python3.12/site-packages/airflow/example_dags/subdags/subdag.py for tasks to queue
[2026-07-17T23:12:59.789+0530] {logging_mixin.py:190} INFO - [2026-07-17T23:12:59.789+0530] {dagbag.py:588} INFO - Filling up the DagBag from /Users/bhavishyachallagolla/Desktop/RetailSense/.venv/lib/python3.12/site-packages/airflow/example_dags/subdags/subdag.py
[2026-07-17T23:12:59.790+0530] {processor.py:927} WARNING - No viable dags retrieved from /Users/bhavishyachallagolla/Desktop/RetailSense/.venv/lib/python3.12/site-packages/airflow/example_dags/subdags/subdag.py
[2026-07-17T23:12:59.813+0530] {processor.py:208} INFO - Processing /Users/bhavishyachallagolla/Desktop/RetailSense/.venv/lib/python3.12/site-packages/airflow/example_dags/subdags/subdag.py took 0.025 seconds
[2026-07-17T23:13:49.811+0530] {processor.py:186} INFO - Started process (PID=96829) to work on /Users/bhavishyachallagolla/Desktop/RetailSense/.venv/lib/python3.12/site-packages/airflow/example_dags/subdags/subdag.py
[2026-07-17T23:13:49.811+0530] {processor.py:914} INFO - Processing file /Users/bhavishyachallagolla/Desktop/RetailSense/.venv/lib/python3.12/site-packages/airflow/example_dags/subdags/subdag.py for tasks to queue
[2026-07-17T23:13:49.811+0530] {logging_mixin.py:190} INFO - [2026-07-17T23:13:49.811+0530] {dagbag.py:588} INFO - Filling up the DagBag from /Users/bhavishyachallagolla/Desktop/RetailSense/.venv/lib/python3.12/site-packages/airflow/example_dags/subdags/subdag.py
[2026-07-17T23:13:49.812+0530] {processor.py:927} WARNING - No viable dags retrieved from /Users/bhavishyachallagolla/Desktop/RetailSense/.venv/lib/python3.12/site-packages/airflow/example_dags/subdags/subdag.py
[2026-07-17T23:13:49.835+0530] {processor.py:208} INFO - Processing /Users/bhavishyachallagolla/Desktop/RetailSense/.venv/lib/python3.12/site-packages/airflow/example_dags/subdags/subdag.py took 0.025 seconds
[2026-07-17T23:14:41.505+0530] {processor.py:186} INFO - Started process (PID=96918) to work on /Users/bhavishyachallagolla/Desktop/RetailSense/.venv/lib/python3.12/site-packages/airflow/example_dags/subdags/subdag.py
[2026-07-17T23:14:41.505+0530] {processor.py:914} INFO - Processing file /Users/bhavishyachallagolla/Desktop/RetailSense/.venv/lib/python3.12/site-packages/airflow/example_dags/subdags/subdag.py for tasks to queue
[2026-07-17T23:14:41.506+0530] {logging_mixin.py:190} INFO - [2026-07-17T23:14:41.506+0530] {dagbag.py:588} INFO - Filling up the DagBag from /Users/bhavishyachallagolla/Desktop/RetailSense/.venv/lib/python3.12/site-packages/airflow/example_dags/subdags/subdag.py
[2026-07-17T23:14:41.506+0530] {processor.py:927} WARNING - No viable dags retrieved from /Users/bhavishyachallagolla/Desktop/RetailSense/.venv/lib/python3.12/site-packages/airflow/example_dags/subdags/subdag.py
[2026-07-17T23:14:41.528+0530] {processor.py:208} INFO - Processing /Users/bhavishyachallagolla/Desktop/RetailSense/.venv/lib/python3.12/site-packages/airflow/example_dags/subdags/subdag.py took 0.024 seconds
[2026-07-17T23:15:33.448+0530] {processor.py:186} INFO - Started process (PID=97000) to work on /Users/bhavishyachallagolla/Desktop/RetailSense/.venv/lib/python3.12/site-packages/airflow/example_dags/subdags/subdag.py
[2026-07-17T23:15:33.448+0530] {processor.py:914} INFO - Processing file /Users/bhavishyachallagolla/Desktop/RetailSense/.venv/lib/python3.12/site-packages/airflow/example_dags/subdags/subdag.py for tasks to queue
[2026-07-17T23:15:33.448+0530] {logging_mixin.py:190} INFO - [2026-07-17T23:15:33.448+0530] {dagbag.py:588} INFO - Filling up the DagBag from /Users/bhavishyachallagolla/Desktop/RetailSense/.venv/lib/python3.12/site-packages/airflow/example_dags/subdags/subdag.py
[2026-07-17T23:15:33.449+0530] {processor.py:927} WARNING - No viable dags retrieved from /Users/bhavishyachallagolla/Desktop/RetailSense/.venv/lib/python3.12/site-packages/airflow/example_dags/subdags/subdag.py
[2026-07-17T23:15:33.471+0530] {processor.py:208} INFO - Processing /Users/bhavishyachallagolla/Desktop/RetailSense/.venv/lib/python3.12/site-packages/airflow/example_dags/subdags/subdag.py took 0.024 seconds
[2026-07-17T23:16:24.973+0530] {processor.py:186} INFO - Started process (PID=97111) to work on /Users/bhavishyachallagolla/Desktop/RetailSense/.venv/lib/python3.12/site-packages/airflow/example_dags/subdags/subdag.py
[2026-07-17T23:16:24.973+0530] {processor.py:914} INFO - Processing file /Users/bhavishyachallagolla/Desktop/RetailSense/.venv/lib/python3.12/site-packages/airflow/example_dags/subdags/subdag.py for tasks to queue
[2026-07-17T23:16:24.974+0530] {logging_mixin.py:190} INFO - [2026-07-17T23:16:24.973+0530] {dagbag.py:588} INFO - Filling up the DagBag from /Users/bhavishyachallagolla/Desktop/RetailSense/.venv/lib/python3.12/site-packages/airflow/example_dags/subdags/subdag.py
[2026-07-17T23:16:24.974+0530] {processor.py:927} WARNING - No viable dags retrieved from /Users/bhavishyachallagolla/Desktop/RetailSense/.venv/lib/python3.12/site-packages/airflow/example_dags/subdags/subdag.py
[2026-07-17T23:16:24.997+0530] {processor.py:208} INFO - Processing /Users/bhavishyachallagolla/Desktop/RetailSense/.venv/lib/python3.12/site-packages/airflow/example_dags/subdags/subdag.py took 0.025 seconds
[2026-07-17T23:17:15.226+0530] {processor.py:186} INFO - Started process (PID=97222) to work on /Users/bhavishyachallagolla/Desktop/RetailSense/.venv/lib/python3.12/site-packages/airflow/example_dags/subdags/subdag.py
[2026-07-17T23:17:15.226+0530] {processor.py:914} INFO - Processing file /Users/bhavishyachallagolla/Desktop/RetailSense/.venv/lib/python3.12/site-packages/airflow/example_dags/subdags/subdag.py for tasks to queue
[2026-07-17T23:17:15.226+0530] {logging_mixin.py:190} INFO - [2026-07-17T23:17:15.226+0530] {dagbag.py:588} INFO - Filling up the DagBag from /Users/bhavishyachallagolla/Desktop/RetailSense/.venv/lib/python3.12/site-packages/airflow/example_dags/subdags/subdag.py
[2026-07-17T23:17:15.227+0530] {processor.py:927} WARNING - No viable dags retrieved from /Users/bhavishyachallagolla/Desktop/RetailSense/.venv/lib/python3.12/site-packages/airflow/example_dags/subdags/subdag.py
[2026-07-17T23:17:15.250+0530] {processor.py:208} INFO - Processing /Users/bhavishyachallagolla/Desktop/RetailSense/.venv/lib/python3.12/site-packages/airflow/example_dags/subdags/subdag.py took 0.025 seconds
[2026-07-17T23:18:06.289+0530] {processor.py:186} INFO - Started process (PID=97333) to work on /Users/bhavishyachallagolla/Desktop/RetailSense/.venv/lib/python3.12/site-packages/airflow/example_dags/subdags/subdag.py
[2026-07-17T23:18:06.290+0530] {processor.py:914} INFO - Processing file /Users/bhavishyachallagolla/Desktop/RetailSense/.venv/lib/python3.12/site-packages/airflow/example_dags/subdags/subdag.py for tasks to queue
[2026-07-17T23:18:06.290+0530] {logging_mixin.py:190} INFO - [2026-07-17T23:18:06.290+0530] {dagbag.py:588} INFO - Filling up the DagBag from /Users/bhavishyachallagolla/Desktop/RetailSense/.venv/lib/python3.12/site-packages/airflow/example_dags/subdags/subdag.py
[2026-07-17T23:18:06.291+0530] {processor.py:927} WARNING - No viable dags retrieved from /Users/bhavishyachallagolla/Desktop/RetailSense/.venv/lib/python3.12/site-packages/airflow/example_dags/subdags/subdag.py
[2026-07-17T23:18:06.313+0530] {processor.py:208} INFO - Processing /Users/bhavishyachallagolla/Desktop/RetailSense/.venv/lib/python3.12/site-packages/airflow/example_dags/subdags/subdag.py took 0.024 seconds
[2026-07-17T23:18:58.322+0530] {processor.py:186} INFO - Started process (PID=97411) to work on /Users/bhavishyachallagolla/Desktop/RetailSense/.venv/lib/python3.12/site-packages/airflow/example_dags/subdags/subdag.py
[2026-07-17T23:18:58.323+0530] {processor.py:914} INFO - Processing file /Users/bhavishyachallagolla/Desktop/RetailSense/.venv/lib/python3.12/site-packages/airflow/example_dags/subdags/subdag.py for tasks to queue
[2026-07-17T23:18:58.323+0530] {logging_mixin.py:190} INFO - [2026-07-17T23:18:58.323+0530] {dagbag.py:588} INFO - Filling up the DagBag from /Users/bhavishyachallagolla/Desktop/RetailSense/.venv/lib/python3.12/site-packages/airflow/example_dags/subdags/subdag.py
[2026-07-17T23:18:58.323+0530] {processor.py:927} WARNING - No viable dags retrieved from /Users/bhavishyachallagolla/Desktop/RetailSense/.venv/lib/python3.12/site-packages/airflow/example_dags/subdags/subdag.py
[2026-07-17T23:18:58.346+0530] {processor.py:208} INFO - Processing /Users/bhavishyachallagolla/Desktop/RetailSense/.venv/lib/python3.12/site-packages/airflow/example_dags/subdags/subdag.py took 0.025 seconds
[2026-07-17T23:19:48.277+0530] {processor.py:186} INFO - Started process (PID=97485) to work on /Users/bhavishyachallagolla/Desktop/RetailSense/.venv/lib/python3.12/site-packages/airflow/example_dags/subdags/subdag.py
[2026-07-17T23:19:48.277+0530] {processor.py:914} INFO - Processing file /Users/bhavishyachallagolla/Desktop/RetailSense/.venv/lib/python3.12/site-packages/airflow/example_dags/subdags/subdag.py for tasks to queue
[2026-07-17T23:19:48.278+0530] {logging_mixin.py:190} INFO - [2026-07-17T23:19:48.278+0530] {dagbag.py:588} INFO - Filling up the DagBag from /Users/bhavishyachallagolla/Desktop/RetailSense/.venv/lib/python3.12/site-packages/airflow/example_dags/subdags/subdag.py
[2026-07-17T23:19:48.278+0530] {processor.py:927} WARNING - No viable dags retrieved from /Users/bhavishyachallagolla/Desktop/RetailSense/.venv/lib/python3.12/site-packages/airflow/example_dags/subdags/subdag.py
[2026-07-17T23:19:48.301+0530] {processor.py:208} INFO - Processing /Users/bhavishyachallagolla/Desktop/RetailSense/.venv/lib/python3.12/site-packages/airflow/example_dags/subdags/subdag.py took 0.025 seconds
[2026-07-17T23:20:38.662+0530] {processor.py:186} INFO - Started process (PID=97561) to work on /Users/bhavishyachallagolla/Desktop/RetailSense/.venv/lib/python3.12/site-packages/airflow/example_dags/subdags/subdag.py
[2026-07-17T23:20:38.662+0530] {processor.py:914} INFO - Processing file /Users/bhavishyachallagolla/Desktop/RetailSense/.venv/lib/python3.12/site-packages/airflow/example_dags/subdags/subdag.py for tasks to queue
[2026-07-17T23:20:38.663+0530] {logging_mixin.py:190} INFO - [2026-07-17T23:20:38.663+0530] {dagbag.py:588} INFO - Filling up the DagBag from /Users/bhavishyachallagolla/Desktop/RetailSense/.venv/lib/python3.12/site-packages/airflow/example_dags/subdags/subdag.py
[2026-07-17T23:20:38.663+0530] {processor.py:927} WARNING - No viable dags retrieved from /Users/bhavishyachallagolla/Desktop/RetailSense/.venv/lib/python3.12/site-packages/airflow/example_dags/subdags/subdag.py
[2026-07-17T23:20:38.686+0530] {processor.py:208} INFO - Processing /Users/bhavishyachallagolla/Desktop/RetailSense/.venv/lib/python3.12/site-packages/airflow/example_dags/subdags/subdag.py took 0.025 seconds
[2026-07-17T23:21:29.841+0530] {processor.py:186} INFO - Started process (PID=97636) to work on /Users/bhavishyachallagolla/Desktop/RetailSense/.venv/lib/python3.12/site-packages/airflow/example_dags/subdags/subdag.py
[2026-07-17T23:21:29.842+0530] {processor.py:914} INFO - Processing file /Users/bhavishyachallagolla/Desktop/RetailSense/.venv/lib/python3.12/site-packages/airflow/example_dags/subdags/subdag.py for tasks to queue
[2026-07-17T23:21:29.842+0530] {logging_mixin.py:190} INFO - [2026-07-17T23:21:29.842+0530] {dagbag.py:588} INFO - Filling up the DagBag from /Users/bhavishyachallagolla/Desktop/RetailSense/.venv/lib/python3.12/site-packages/airflow/example_dags/subdags/subdag.py
[2026-07-17T23:21:29.843+0530] {processor.py:927} WARNING - No viable dags retrieved from /Users/bhavishyachallagolla/Desktop/RetailSense/.venv/lib/python3.12/site-packages/airflow/example_dags/subdags/subdag.py
[2026-07-17T23:21:29.865+0530] {processor.py:208} INFO - Processing /Users/bhavishyachallagolla/Desktop/RetailSense/.venv/lib/python3.12/site-packages/airflow/example_dags/subdags/subdag.py took 0.025 seconds
[2026-07-17T23:22:20.372+0530] {processor.py:186} INFO - Started process (PID=97712) to work on /Users/bhavishyachallagolla/Desktop/RetailSense/.venv/lib/python3.12/site-packages/airflow/example_dags/subdags/subdag.py
[2026-07-17T23:22:20.372+0530] {processor.py:914} INFO - Processing file /Users/bhavishyachallagolla/Desktop/RetailSense/.venv/lib/python3.12/site-packages/airflow/example_dags/subdags/subdag.py for tasks to queue
[2026-07-17T23:22:20.373+0530] {logging_mixin.py:190} INFO - [2026-07-17T23:22:20.373+0530] {dagbag.py:588} INFO - Filling up the DagBag from /Users/bhavishyachallagolla/Desktop/RetailSense/.venv/lib/python3.12/site-packages/airflow/example_dags/subdags/subdag.py
[2026-07-17T23:22:20.373+0530] {processor.py:927} WARNING - No viable dags retrieved from /Users/bhavishyachallagolla/Desktop/RetailSense/.venv/lib/python3.12/site-packages/airflow/example_dags/subdags/subdag.py
[2026-07-17T23:22:20.395+0530] {processor.py:208} INFO - Processing /Users/bhavishyachallagolla/Desktop/RetailSense/.venv/lib/python3.12/site-packages/airflow/example_dags/subdags/subdag.py took 0.024 seconds
[2026-07-17T23:23:10.979+0530] {processor.py:186} INFO - Started process (PID=97788) to work on /Users/bhavishyachallagolla/Desktop/RetailSense/.venv/lib/python3.12/site-packages/airflow/example_dags/subdags/subdag.py
[2026-07-17T23:23:10.979+0530] {processor.py:914} INFO - Processing file /Users/bhavishyachallagolla/Desktop/RetailSense/.venv/lib/python3.12/site-packages/airflow/example_dags/subdags/subdag.py for tasks to queue
[2026-07-17T23:23:10.980+0530] {logging_mixin.py:190} INFO - [2026-07-17T23:23:10.979+0530] {dagbag.py:588} INFO - Filling up the DagBag from /Users/bhavishyachallagolla/Desktop/RetailSense/.venv/lib/python3.12/site-packages/airflow/example_dags/subdags/subdag.py
[2026-07-17T23:23:10.980+0530] {processor.py:927} WARNING - No viable dags retrieved from /Users/bhavishyachallagolla/Desktop/RetailSense/.venv/lib/python3.12/site-packages/airflow/example_dags/subdags/subdag.py
[2026-07-17T23:23:11.003+0530] {processor.py:208} INFO - Processing /Users/bhavishyachallagolla/Desktop/RetailSense/.venv/lib/python3.12/site-packages/airflow/example_dags/subdags/subdag.py took 0.025 seconds
[2026-07-17T23:24:01.307+0530] {processor.py:186} INFO - Started process (PID=97864) to work on /Users/bhavishyachallagolla/Desktop/RetailSense/.venv/lib/python3.12/site-packages/airflow/example_dags/subdags/subdag.py
[2026-07-17T23:24:01.307+0530] {processor.py:914} INFO - Processing file /Users/bhavishyachallagolla/Desktop/RetailSense/.venv/lib/python3.12/site-packages/airflow/example_dags/subdags/subdag.py for tasks to queue
[2026-07-17T23:24:01.308+0530] {logging_mixin.py:190} INFO - [2026-07-17T23:24:01.308+0530] {dagbag.py:588} INFO - Filling up the DagBag from /Users/bhavishyachallagolla/Desktop/RetailSense/.venv/lib/python3.12/site-packages/airflow/example_dags/subdags/subdag.py
[2026-07-17T23:24:01.308+0530] {processor.py:927} WARNING - No viable dags retrieved from /Users/bhavishyachallagolla/Desktop/RetailSense/.venv/lib/python3.12/site-packages/airflow/example_dags/subdags/subdag.py
[2026-07-17T23:24:01.331+0530] {processor.py:208} INFO - Processing /Users/bhavishyachallagolla/Desktop/RetailSense/.venv/lib/python3.12/site-packages/airflow/example_dags/subdags/subdag.py took 0.025 seconds
[2026-07-17T23:24:50.671+0530] {processor.py:186} INFO - Started process (PID=97939) to work on /Users/bhavishyachallagolla/Desktop/RetailSense/.venv/lib/python3.12/site-packages/airflow/example_dags/subdags/subdag.py
[2026-07-17T23:24:50.671+0530] {processor.py:914} INFO - Processing file /Users/bhavishyachallagolla/Desktop/RetailSense/.venv/lib/python3.12/site-packages/airflow/example_dags/subdags/subdag.py for tasks to queue
[2026-07-17T23:24:50.672+0530] {logging_mixin.py:190} INFO - [2026-07-17T23:24:50.672+0530] {dagbag.py:588} INFO - Filling up the DagBag from /Users/bhavishyachallagolla/Desktop/RetailSense/.venv/lib/python3.12/site-packages/airflow/example_dags/subdags/subdag.py
[2026-07-17T23:24:50.672+0530] {processor.py:927} WARNING - No viable dags retrieved from /Users/bhavishyachallagolla/Desktop/RetailSense/.venv/lib/python3.12/site-packages/airflow/example_dags/subdags/subdag.py
[2026-07-17T23:24:50.694+0530] {processor.py:208} INFO - Processing /Users/bhavishyachallagolla/Desktop/RetailSense/.venv/lib/python3.12/site-packages/airflow/example_dags/subdags/subdag.py took 0.024 seconds
[2026-07-17T23:25:41.001+0530] {processor.py:186} INFO - Started process (PID=98015) to work on /Users/bhavishyachallagolla/Desktop/RetailSense/.venv/lib/python3.12/site-packages/airflow/example_dags/subdags/subdag.py
[2026-07-17T23:25:41.001+0530] {processor.py:914} INFO - Processing file /Users/bhavishyachallagolla/Desktop/RetailSense/.venv/lib/python3.12/site-packages/airflow/example_dags/subdags/subdag.py for tasks to queue
[2026-07-17T23:25:41.002+0530] {logging_mixin.py:190} INFO - [2026-07-17T23:25:41.002+0530] {dagbag.py:588} INFO - Filling up the DagBag from /Users/bhavishyachallagolla/Desktop/RetailSense/.venv/lib/python3.12/site-packages/airflow/example_dags/subdags/subdag.py
[2026-07-17T23:25:41.002+0530] {processor.py:927} WARNING - No viable dags retrieved from /Users/bhavishyachallagolla/Desktop/RetailSense/.venv/lib/python3.12/site-packages/airflow/example_dags/subdags/subdag.py
[2026-07-17T23:25:41.025+0530] {processor.py:208} INFO - Processing /Users/bhavishyachallagolla/Desktop/RetailSense/.venv/lib/python3.12/site-packages/airflow/example_dags/subdags/subdag.py took 0.025 seconds
[2026-07-17T23:26:32.254+0530] {processor.py:186} INFO - Started process (PID=98089) to work on /Users/bhavishyachallagolla/Desktop/RetailSense/.venv/lib/python3.12/site-packages/airflow/example_dags/subdags/subdag.py
[2026-07-17T23:26:32.254+0530] {processor.py:914} INFO - Processing file /Users/bhavishyachallagolla/Desktop/RetailSense/.venv/lib/python3.12/site-packages/airflow/example_dags/subdags/subdag.py for tasks to queue
[2026-07-17T23:26:32.254+0530] {logging_mixin.py:190} INFO - [2026-07-17T23:26:32.254+0530] {dagbag.py:588} INFO - Filling up the DagBag from /Users/bhavishyachallagolla/Desktop/RetailSense/.venv/lib/python3.12/site-packages/airflow/example_dags/subdags/subdag.py
[2026-07-17T23:26:32.255+0530] {processor.py:927} WARNING - No viable dags retrieved from /Users/bhavishyachallagolla/Desktop/RetailSense/.venv/lib/python3.12/site-packages/airflow/example_dags/subdags/subdag.py
[2026-07-17T23:26:32.278+0530] {processor.py:208} INFO - Processing /Users/bhavishyachallagolla/Desktop/RetailSense/.venv/lib/python3.12/site-packages/airflow/example_dags/subdags/subdag.py took 0.025 seconds
[2026-07-17T23:27:25.234+0530] {processor.py:186} INFO - Started process (PID=98174) to work on /Users/bhavishyachallagolla/Desktop/RetailSense/.venv/lib/python3.12/site-packages/airflow/example_dags/subdags/subdag.py
[2026-07-17T23:27:25.234+0530] {processor.py:914} INFO - Processing file /Users/bhavishyachallagolla/Desktop/RetailSense/.venv/lib/python3.12/site-packages/airflow/example_dags/subdags/subdag.py for tasks to queue
[2026-07-17T23:27:25.235+0530] {logging_mixin.py:190} INFO - [2026-07-17T23:27:25.235+0530] {dagbag.py:588} INFO - Filling up the DagBag from /Users/bhavishyachallagolla/Desktop/RetailSense/.venv/lib/python3.12/site-packages/airflow/example_dags/subdags/subdag.py
[2026-07-17T23:27:25.235+0530] {processor.py:927} WARNING - No viable dags retrieved from /Users/bhavishyachallagolla/Desktop/RetailSense/.venv/lib/python3.12/site-packages/airflow/example_dags/subdags/subdag.py
[2026-07-17T23:27:25.258+0530] {processor.py:208} INFO - Processing /Users/bhavishyachallagolla/Desktop/RetailSense/.venv/lib/python3.12/site-packages/airflow/example_dags/subdags/subdag.py took 0.025 seconds
[2026-07-17T23:28:17.494+0530] {processor.py:186} INFO - Started process (PID=98254) to work on /Users/bhavishyachallagolla/Desktop/RetailSense/.venv/lib/python3.12/site-packages/airflow/example_dags/subdags/subdag.py
[2026-07-17T23:28:17.494+0530] {processor.py:914} INFO - Processing file /Users/bhavishyachallagolla/Desktop/RetailSense/.venv/lib/python3.12/site-packages/airflow/example_dags/subdags/subdag.py for tasks to queue
[2026-07-17T23:28:17.495+0530] {logging_mixin.py:190} INFO - [2026-07-17T23:28:17.495+0530] {dagbag.py:588} INFO - Filling up the DagBag from /Users/bhavishyachallagolla/Desktop/RetailSense/.venv/lib/python3.12/site-packages/airflow/example_dags/subdags/subdag.py
[2026-07-17T23:28:17.495+0530] {processor.py:927} WARNING - No viable dags retrieved from /Users/bhavishyachallagolla/Desktop/RetailSense/.venv/lib/python3.12/site-packages/airflow/example_dags/subdags/subdag.py
[2026-07-17T23:28:17.519+0530] {processor.py:208} INFO - Processing /Users/bhavishyachallagolla/Desktop/RetailSense/.venv/lib/python3.12/site-packages/airflow/example_dags/subdags/subdag.py took 0.027 seconds
[2026-07-17T23:29:08.088+0530] {processor.py:186} INFO - Started process (PID=98329) to work on /Users/bhavishyachallagolla/Desktop/RetailSense/.venv/lib/python3.12/site-packages/airflow/example_dags/subdags/subdag.py
[2026-07-17T23:29:08.089+0530] {processor.py:914} INFO - Processing file /Users/bhavishyachallagolla/Desktop/RetailSense/.venv/lib/python3.12/site-packages/airflow/example_dags/subdags/subdag.py for tasks to queue
[2026-07-17T23:29:08.089+0530] {logging_mixin.py:190} INFO - [2026-07-17T23:29:08.089+0530] {dagbag.py:588} INFO - Filling up the DagBag from /Users/bhavishyachallagolla/Desktop/RetailSense/.venv/lib/python3.12/site-packages/airflow/example_dags/subdags/subdag.py
[2026-07-17T23:29:08.090+0530] {processor.py:927} WARNING - No viable dags retrieved from /Users/bhavishyachallagolla/Desktop/RetailSense/.venv/lib/python3.12/site-packages/airflow/example_dags/subdags/subdag.py
[2026-07-17T23:29:08.112+0530] {processor.py:208} INFO - Processing /Users/bhavishyachallagolla/Desktop/RetailSense/.venv/lib/python3.12/site-packages/airflow/example_dags/subdags/subdag.py took 0.026 seconds
[2026-07-17T23:29:58.609+0530] {processor.py:186} INFO - Started process (PID=98409) to work on /Users/bhavishyachallagolla/Desktop/RetailSense/.venv/lib/python3.12/site-packages/airflow/example_dags/subdags/subdag.py
[2026-07-17T23:29:58.609+0530] {processor.py:914} INFO - Processing file /Users/bhavishyachallagolla/Desktop/RetailSense/.venv/lib/python3.12/site-packages/airflow/example_dags/subdags/subdag.py for tasks to queue
[2026-07-17T23:29:58.609+0530] {logging_mixin.py:190} INFO - [2026-07-17T23:29:58.609+0530] {dagbag.py:588} INFO - Filling up the DagBag from /Users/bhavishyachallagolla/Desktop/RetailSense/.venv/lib/python3.12/site-packages/airflow/example_dags/subdags/subdag.py
[2026-07-17T23:29:58.610+0530] {processor.py:927} WARNING - No viable dags retrieved from /Users/bhavishyachallagolla/Desktop/RetailSense/.venv/lib/python3.12/site-packages/airflow/example_dags/subdags/subdag.py
[2026-07-17T23:29:58.633+0530] {processor.py:208} INFO - Processing /Users/bhavishyachallagolla/Desktop/RetailSense/.venv/lib/python3.12/site-packages/airflow/example_dags/subdags/subdag.py took 0.025 seconds
[2026-07-17T23:30:50.457+0530] {processor.py:186} INFO - Started process (PID=98512) to work on /Users/bhavishyachallagolla/Desktop/RetailSense/.venv/lib/python3.12/site-packages/airflow/example_dags/subdags/subdag.py
[2026-07-17T23:30:50.458+0530] {processor.py:914} INFO - Processing file /Users/bhavishyachallagolla/Desktop/RetailSense/.venv/lib/python3.12/site-packages/airflow/example_dags/subdags/subdag.py for tasks to queue
[2026-07-17T23:30:50.458+0530] {logging_mixin.py:190} INFO - [2026-07-17T23:30:50.458+0530] {dagbag.py:588} INFO - Filling up the DagBag from /Users/bhavishyachallagolla/Desktop/RetailSense/.venv/lib/python3.12/site-packages/airflow/example_dags/subdags/subdag.py
[2026-07-17T23:30:50.459+0530] {processor.py:927} WARNING - No viable dags retrieved from /Users/bhavishyachallagolla/Desktop/RetailSense/.venv/lib/python3.12/site-packages/airflow/example_dags/subdags/subdag.py
[2026-07-17T23:30:50.483+0530] {processor.py:208} INFO - Processing /Users/bhavishyachallagolla/Desktop/RetailSense/.venv/lib/python3.12/site-packages/airflow/example_dags/subdags/subdag.py took 0.026 seconds
[2026-07-17T23:31:45.285+0530] {processor.py:186} INFO - Started process (PID=98607) to work on /Users/bhavishyachallagolla/Desktop/RetailSense/.venv/lib/python3.12/site-packages/airflow/example_dags/subdags/subdag.py
[2026-07-17T23:31:45.286+0530] {processor.py:914} INFO - Processing file /Users/bhavishyachallagolla/Desktop/RetailSense/.venv/lib/python3.12/site-packages/airflow/example_dags/subdags/subdag.py for tasks to queue
[2026-07-17T23:31:45.286+0530] {logging_mixin.py:190} INFO - [2026-07-17T23:31:45.286+0530] {dagbag.py:588} INFO - Filling up the DagBag from /Users/bhavishyachallagolla/Desktop/RetailSense/.venv/lib/python3.12/site-packages/airflow/example_dags/subdags/subdag.py
[2026-07-17T23:31:45.287+0530] {processor.py:927} WARNING - No viable dags retrieved from /Users/bhavishyachallagolla/Desktop/RetailSense/.venv/lib/python3.12/site-packages/airflow/example_dags/subdags/subdag.py
[2026-07-17T23:31:45.310+0530] {processor.py:208} INFO - Processing /Users/bhavishyachallagolla/Desktop/RetailSense/.venv/lib/python3.12/site-packages/airflow/example_dags/subdags/subdag.py took 0.025 seconds
[2026-07-17T23:32:40.208+0530] {processor.py:186} INFO - Started process (PID=98695) to work on /Users/bhavishyachallagolla/Desktop/RetailSense/.venv/lib/python3.12/site-packages/airflow/example_dags/subdags/subdag.py
[2026-07-17T23:32:40.209+0530] {processor.py:914} INFO - Processing file /Users/bhavishyachallagolla/Desktop/RetailSense/.venv/lib/python3.12/site-packages/airflow/example_dags/subdags/subdag.py for tasks to queue
[2026-07-17T23:32:40.209+0530] {logging_mixin.py:190} INFO - [2026-07-17T23:32:40.209+0530] {dagbag.py:588} INFO - Filling up the DagBag from /Users/bhavishyachallagolla/Desktop/RetailSense/.venv/lib/python3.12/site-packages/airflow/example_dags/subdags/subdag.py
[2026-07-17T23:32:40.210+0530] {processor.py:927} WARNING - No viable dags retrieved from /Users/bhavishyachallagolla/Desktop/RetailSense/.venv/lib/python3.12/site-packages/airflow/example_dags/subdags/subdag.py
[2026-07-17T23:32:40.232+0530] {processor.py:208} INFO - Processing /Users/bhavishyachallagolla/Desktop/RetailSense/.venv/lib/python3.12/site-packages/airflow/example_dags/subdags/subdag.py took 0.025 seconds
[2026-07-17T23:33:34.000+0530] {processor.py:186} INFO - Started process (PID=98776) to work on /Users/bhavishyachallagolla/Desktop/RetailSense/.venv/lib/python3.12/site-packages/airflow/example_dags/subdags/subdag.py
[2026-07-17T23:33:34.000+0530] {processor.py:914} INFO - Processing file /Users/bhavishyachallagolla/Desktop/RetailSense/.venv/lib/python3.12/site-packages/airflow/example_dags/subdags/subdag.py for tasks to queue
[2026-07-17T23:33:34.001+0530] {logging_mixin.py:190} INFO - [2026-07-17T23:33:34.001+0530] {dagbag.py:588} INFO - Filling up the DagBag from /Users/bhavishyachallagolla/Desktop/RetailSense/.venv/lib/python3.12/site-packages/airflow/example_dags/subdags/subdag.py
[2026-07-17T23:33:34.001+0530] {processor.py:927} WARNING - No viable dags retrieved from /Users/bhavishyachallagolla/Desktop/RetailSense/.venv/lib/python3.12/site-packages/airflow/example_dags/subdags/subdag.py
[2026-07-17T23:33:34.023+0530] {processor.py:208} INFO - Processing /Users/bhavishyachallagolla/Desktop/RetailSense/.venv/lib/python3.12/site-packages/airflow/example_dags/subdags/subdag.py took 0.024 seconds
[2026-07-17T23:34:26.327+0530] {processor.py:186} INFO - Started process (PID=98867) to work on /Users/bhavishyachallagolla/Desktop/RetailSense/.venv/lib/python3.12/site-packages/airflow/example_dags/subdags/subdag.py
[2026-07-17T23:34:26.328+0530] {processor.py:914} INFO - Processing file /Users/bhavishyachallagolla/Desktop/RetailSense/.venv/lib/python3.12/site-packages/airflow/example_dags/subdags/subdag.py for tasks to queue
[2026-07-17T23:34:26.328+0530] {logging_mixin.py:190} INFO - [2026-07-17T23:34:26.328+0530] {dagbag.py:588} INFO - Filling up the DagBag from /Users/bhavishyachallagolla/Desktop/RetailSense/.venv/lib/python3.12/site-packages/airflow/example_dags/subdags/subdag.py
[2026-07-17T23:34:26.329+0530] {processor.py:927} WARNING - No viable dags retrieved from /Users/bhavishyachallagolla/Desktop/RetailSense/.venv/lib/python3.12/site-packages/airflow/example_dags/subdags/subdag.py
[2026-07-17T23:34:26.352+0530] {processor.py:208} INFO - Processing /Users/bhavishyachallagolla/Desktop/RetailSense/.venv/lib/python3.12/site-packages/airflow/example_dags/subdags/subdag.py took 0.025 seconds
[2026-07-17T23:35:18.095+0530] {processor.py:186} INFO - Started process (PID=98943) to work on /Users/bhavishyachallagolla/Desktop/RetailSense/.venv/lib/python3.12/site-packages/airflow/example_dags/subdags/subdag.py
[2026-07-17T23:35:18.096+0530] {processor.py:914} INFO - Processing file /Users/bhavishyachallagolla/Desktop/RetailSense/.venv/lib/python3.12/site-packages/airflow/example_dags/subdags/subdag.py for tasks to queue
[2026-07-17T23:35:18.096+0530] {logging_mixin.py:190} INFO - [2026-07-17T23:35:18.096+0530] {dagbag.py:588} INFO - Filling up the DagBag from /Users/bhavishyachallagolla/Desktop/RetailSense/.venv/lib/python3.12/site-packages/airflow/example_dags/subdags/subdag.py
[2026-07-17T23:35:18.096+0530] {processor.py:927} WARNING - No viable dags retrieved from /Users/bhavishyachallagolla/Desktop/RetailSense/.venv/lib/python3.12/site-packages/airflow/example_dags/subdags/subdag.py
[2026-07-17T23:35:18.118+0530] {processor.py:208} INFO - Processing /Users/bhavishyachallagolla/Desktop/RetailSense/.venv/lib/python3.12/site-packages/airflow/example_dags/subdags/subdag.py took 0.024 seconds
[2026-07-17T23:36:09.735+0530] {processor.py:186} INFO - Started process (PID=99021) to work on /Users/bhavishyachallagolla/Desktop/RetailSense/.venv/lib/python3.12/site-packages/airflow/example_dags/subdags/subdag.py
[2026-07-17T23:36:09.735+0530] {processor.py:914} INFO - Processing file /Users/bhavishyachallagolla/Desktop/RetailSense/.venv/lib/python3.12/site-packages/airflow/example_dags/subdags/subdag.py for tasks to queue
[2026-07-17T23:36:09.736+0530] {logging_mixin.py:190} INFO - [2026-07-17T23:36:09.736+0530] {dagbag.py:588} INFO - Filling up the DagBag from /Users/bhavishyachallagolla/Desktop/RetailSense/.venv/lib/python3.12/site-packages/airflow/example_dags/subdags/subdag.py
[2026-07-17T23:36:09.736+0530] {processor.py:927} WARNING - No viable dags retrieved from /Users/bhavishyachallagolla/Desktop/RetailSense/.venv/lib/python3.12/site-packages/airflow/example_dags/subdags/subdag.py
[2026-07-17T23:36:09.759+0530] {processor.py:208} INFO - Processing /Users/bhavishyachallagolla/Desktop/RetailSense/.venv/lib/python3.12/site-packages/airflow/example_dags/subdags/subdag.py took 0.025 seconds
[2026-07-17T23:36:59.521+0530] {processor.py:186} INFO - Started process (PID=99097) to work on /Users/bhavishyachallagolla/Desktop/RetailSense/.venv/lib/python3.12/site-packages/airflow/example_dags/subdags/subdag.py
[2026-07-17T23:36:59.521+0530] {processor.py:914} INFO - Processing file /Users/bhavishyachallagolla/Desktop/RetailSense/.venv/lib/python3.12/site-packages/airflow/example_dags/subdags/subdag.py for tasks to queue
[2026-07-17T23:36:59.521+0530] {logging_mixin.py:190} INFO - [2026-07-17T23:36:59.521+0530] {dagbag.py:588} INFO - Filling up the DagBag from /Users/bhavishyachallagolla/Desktop/RetailSense/.venv/lib/python3.12/site-packages/airflow/example_dags/subdags/subdag.py
[2026-07-17T23:36:59.522+0530] {processor.py:927} WARNING - No viable dags retrieved from /Users/bhavishyachallagolla/Desktop/RetailSense/.venv/lib/python3.12/site-packages/airflow/example_dags/subdags/subdag.py
[2026-07-17T23:36:59.544+0530] {processor.py:208} INFO - Processing /Users/bhavishyachallagolla/Desktop/RetailSense/.venv/lib/python3.12/site-packages/airflow/example_dags/subdags/subdag.py took 0.024 seconds
[2026-07-17T23:37:50.467+0530] {processor.py:186} INFO - Started process (PID=99173) to work on /Users/bhavishyachallagolla/Desktop/RetailSense/.venv/lib/python3.12/site-packages/airflow/example_dags/subdags/subdag.py
[2026-07-17T23:37:50.467+0530] {processor.py:914} INFO - Processing file /Users/bhavishyachallagolla/Desktop/RetailSense/.venv/lib/python3.12/site-packages/airflow/example_dags/subdags/subdag.py for tasks to queue
[2026-07-17T23:37:50.468+0530] {logging_mixin.py:190} INFO - [2026-07-17T23:37:50.468+0530] {dagbag.py:588} INFO - Filling up the DagBag from /Users/bhavishyachallagolla/Desktop/RetailSense/.venv/lib/python3.12/site-packages/airflow/example_dags/subdags/subdag.py
[2026-07-17T23:37:50.468+0530] {processor.py:927} WARNING - No viable dags retrieved from /Users/bhavishyachallagolla/Desktop/RetailSense/.venv/lib/python3.12/site-packages/airflow/example_dags/subdags/subdag.py
[2026-07-17T23:37:50.490+0530] {processor.py:208} INFO - Processing /Users/bhavishyachallagolla/Desktop/RetailSense/.venv/lib/python3.12/site-packages/airflow/example_dags/subdags/subdag.py took 0.024 seconds
[2026-07-17T23:38:42.789+0530] {processor.py:186} INFO - Started process (PID=99259) to work on /Users/bhavishyachallagolla/Desktop/RetailSense/.venv/lib/python3.12/site-packages/airflow/example_dags/subdags/subdag.py
[2026-07-17T23:38:42.789+0530] {processor.py:914} INFO - Processing file /Users/bhavishyachallagolla/Desktop/RetailSense/.venv/lib/python3.12/site-packages/airflow/example_dags/subdags/subdag.py for tasks to queue
[2026-07-17T23:38:42.789+0530] {logging_mixin.py:190} INFO - [2026-07-17T23:38:42.789+0530] {dagbag.py:588} INFO - Filling up the DagBag from /Users/bhavishyachallagolla/Desktop/RetailSense/.venv/lib/python3.12/site-packages/airflow/example_dags/subdags/subdag.py
[2026-07-17T23:38:42.790+0530] {processor.py:927} WARNING - No viable dags retrieved from /Users/bhavishyachallagolla/Desktop/RetailSense/.venv/lib/python3.12/site-packages/airflow/example_dags/subdags/subdag.py
[2026-07-17T23:38:42.813+0530] {processor.py:208} INFO - Processing /Users/bhavishyachallagolla/Desktop/RetailSense/.venv/lib/python3.12/site-packages/airflow/example_dags/subdags/subdag.py took 0.025 seconds
[2026-07-17T23:39:33.248+0530] {processor.py:186} INFO - Started process (PID=99333) to work on /Users/bhavishyachallagolla/Desktop/RetailSense/.venv/lib/python3.12/site-packages/airflow/example_dags/subdags/subdag.py
[2026-07-17T23:39:33.249+0530] {processor.py:914} INFO - Processing file /Users/bhavishyachallagolla/Desktop/RetailSense/.venv/lib/python3.12/site-packages/airflow/example_dags/subdags/subdag.py for tasks to queue
[2026-07-17T23:39:33.249+0530] {logging_mixin.py:190} INFO - [2026-07-17T23:39:33.249+0530] {dagbag.py:588} INFO - Filling up the DagBag from /Users/bhavishyachallagolla/Desktop/RetailSense/.venv/lib/python3.12/site-packages/airflow/example_dags/subdags/subdag.py
[2026-07-17T23:39:33.250+0530] {processor.py:927} WARNING - No viable dags retrieved from /Users/bhavishyachallagolla/Desktop/RetailSense/.venv/lib/python3.12/site-packages/airflow/example_dags/subdags/subdag.py
[2026-07-17T23:39:33.272+0530] {processor.py:208} INFO - Processing /Users/bhavishyachallagolla/Desktop/RetailSense/.venv/lib/python3.12/site-packages/airflow/example_dags/subdags/subdag.py took 0.025 seconds
[2026-07-17T23:40:23.690+0530] {processor.py:186} INFO - Started process (PID=99409) to work on /Users/bhavishyachallagolla/Desktop/RetailSense/.venv/lib/python3.12/site-packages/airflow/example_dags/subdags/subdag.py
[2026-07-17T23:40:23.691+0530] {processor.py:914} INFO - Processing file /Users/bhavishyachallagolla/Desktop/RetailSense/.venv/lib/python3.12/site-packages/airflow/example_dags/subdags/subdag.py for tasks to queue
[2026-07-17T23:40:23.691+0530] {logging_mixin.py:190} INFO - [2026-07-17T23:40:23.691+0530] {dagbag.py:588} INFO - Filling up the DagBag from /Users/bhavishyachallagolla/Desktop/RetailSense/.venv/lib/python3.12/site-packages/airflow/example_dags/subdags/subdag.py
[2026-07-17T23:40:23.692+0530] {processor.py:927} WARNING - No viable dags retrieved from /Users/bhavishyachallagolla/Desktop/RetailSense/.venv/lib/python3.12/site-packages/airflow/example_dags/subdags/subdag.py
[2026-07-17T23:40:23.714+0530] {processor.py:208} INFO - Processing /Users/bhavishyachallagolla/Desktop/RetailSense/.venv/lib/python3.12/site-packages/airflow/example_dags/subdags/subdag.py took 0.025 seconds
[2026-07-17T23:41:15.103+0530] {processor.py:186} INFO - Started process (PID=99489) to work on /Users/bhavishyachallagolla/Desktop/RetailSense/.venv/lib/python3.12/site-packages/airflow/example_dags/subdags/subdag.py
[2026-07-17T23:41:15.104+0530] {processor.py:914} INFO - Processing file /Users/bhavishyachallagolla/Desktop/RetailSense/.venv/lib/python3.12/site-packages/airflow/example_dags/subdags/subdag.py for tasks to queue
[2026-07-17T23:41:15.105+0530] {logging_mixin.py:190} INFO - [2026-07-17T23:41:15.104+0530] {dagbag.py:588} INFO - Filling up the DagBag from /Users/bhavishyachallagolla/Desktop/RetailSense/.venv/lib/python3.12/site-packages/airflow/example_dags/subdags/subdag.py
[2026-07-17T23:41:15.105+0530] {processor.py:927} WARNING - No viable dags retrieved from /Users/bhavishyachallagolla/Desktop/RetailSense/.venv/lib/python3.12/site-packages/airflow/example_dags/subdags/subdag.py
[2026-07-17T23:41:15.129+0530] {processor.py:208} INFO - Processing /Users/bhavishyachallagolla/Desktop/RetailSense/.venv/lib/python3.12/site-packages/airflow/example_dags/subdags/subdag.py took 0.026 seconds
[2026-07-17T23:42:08.723+0530] {processor.py:186} INFO - Started process (PID=99571) to work on /Users/bhavishyachallagolla/Desktop/RetailSense/.venv/lib/python3.12/site-packages/airflow/example_dags/subdags/subdag.py
[2026-07-17T23:42:08.724+0530] {processor.py:914} INFO - Processing file /Users/bhavishyachallagolla/Desktop/RetailSense/.venv/lib/python3.12/site-packages/airflow/example_dags/subdags/subdag.py for tasks to queue
[2026-07-17T23:42:08.724+0530] {logging_mixin.py:190} INFO - [2026-07-17T23:42:08.724+0530] {dagbag.py:588} INFO - Filling up the DagBag from /Users/bhavishyachallagolla/Desktop/RetailSense/.venv/lib/python3.12/site-packages/airflow/example_dags/subdags/subdag.py
[2026-07-17T23:42:08.724+0530] {processor.py:927} WARNING - No viable dags retrieved from /Users/bhavishyachallagolla/Desktop/RetailSense/.venv/lib/python3.12/site-packages/airflow/example_dags/subdags/subdag.py
[2026-07-17T23:42:08.746+0530] {processor.py:208} INFO - Processing /Users/bhavishyachallagolla/Desktop/RetailSense/.venv/lib/python3.12/site-packages/airflow/example_dags/subdags/subdag.py took 0.024 seconds
[2026-07-17T23:42:57.101+0530] {processor.py:186} INFO - Started process (PID=99647) to work on /Users/bhavishyachallagolla/Desktop/RetailSense/.venv/lib/python3.12/site-packages/airflow/example_dags/subdags/subdag.py
[2026-07-17T23:42:57.102+0530] {processor.py:914} INFO - Processing file /Users/bhavishyachallagolla/Desktop/RetailSense/.venv/lib/python3.12/site-packages/airflow/example_dags/subdags/subdag.py for tasks to queue
[2026-07-17T23:42:57.102+0530] {logging_mixin.py:190} INFO - [2026-07-17T23:42:57.102+0530] {dagbag.py:588} INFO - Filling up the DagBag from /Users/bhavishyachallagolla/Desktop/RetailSense/.venv/lib/python3.12/site-packages/airflow/example_dags/subdags/subdag.py
[2026-07-17T23:42:57.103+0530] {processor.py:927} WARNING - No viable dags retrieved from /Users/bhavishyachallagolla/Desktop/RetailSense/.venv/lib/python3.12/site-packages/airflow/example_dags/subdags/subdag.py
[2026-07-17T23:42:57.125+0530] {processor.py:208} INFO - Processing /Users/bhavishyachallagolla/Desktop/RetailSense/.venv/lib/python3.12/site-packages/airflow/example_dags/subdags/subdag.py took 0.026 seconds
[2026-07-17T23:43:47.764+0530] {processor.py:186} INFO - Started process (PID=99722) to work on /Users/bhavishyachallagolla/Desktop/RetailSense/.venv/lib/python3.12/site-packages/airflow/example_dags/subdags/subdag.py
[2026-07-17T23:43:47.764+0530] {processor.py:914} INFO - Processing file /Users/bhavishyachallagolla/Desktop/RetailSense/.venv/lib/python3.12/site-packages/airflow/example_dags/subdags/subdag.py for tasks to queue
[2026-07-17T23:43:47.765+0530] {logging_mixin.py:190} INFO - [2026-07-17T23:43:47.765+0530] {dagbag.py:588} INFO - Filling up the DagBag from /Users/bhavishyachallagolla/Desktop/RetailSense/.venv/lib/python3.12/site-packages/airflow/example_dags/subdags/subdag.py
[2026-07-17T23:43:47.765+0530] {processor.py:927} WARNING - No viable dags retrieved from /Users/bhavishyachallagolla/Desktop/RetailSense/.venv/lib/python3.12/site-packages/airflow/example_dags/subdags/subdag.py
[2026-07-17T23:43:47.788+0530] {processor.py:208} INFO - Processing /Users/bhavishyachallagolla/Desktop/RetailSense/.venv/lib/python3.12/site-packages/airflow/example_dags/subdags/subdag.py took 0.025 seconds
[2026-07-17T23:44:38.651+0530] {processor.py:186} INFO - Started process (PID=99802) to work on /Users/bhavishyachallagolla/Desktop/RetailSense/.venv/lib/python3.12/site-packages/airflow/example_dags/subdags/subdag.py
[2026-07-17T23:44:38.652+0530] {processor.py:914} INFO - Processing file /Users/bhavishyachallagolla/Desktop/RetailSense/.venv/lib/python3.12/site-packages/airflow/example_dags/subdags/subdag.py for tasks to queue
[2026-07-17T23:44:38.652+0530] {logging_mixin.py:190} INFO - [2026-07-17T23:44:38.652+0530] {dagbag.py:588} INFO - Filling up the DagBag from /Users/bhavishyachallagolla/Desktop/RetailSense/.venv/lib/python3.12/site-packages/airflow/example_dags/subdags/subdag.py
[2026-07-17T23:44:38.653+0530] {processor.py:927} WARNING - No viable dags retrieved from /Users/bhavishyachallagolla/Desktop/RetailSense/.venv/lib/python3.12/site-packages/airflow/example_dags/subdags/subdag.py
[2026-07-17T23:44:38.677+0530] {processor.py:208} INFO - Processing /Users/bhavishyachallagolla/Desktop/RetailSense/.venv/lib/python3.12/site-packages/airflow/example_dags/subdags/subdag.py took 0.027 seconds
[2026-07-17T23:45:30.966+0530] {processor.py:186} INFO - Started process (PID=99879) to work on /Users/bhavishyachallagolla/Desktop/RetailSense/.venv/lib/python3.12/site-packages/airflow/example_dags/subdags/subdag.py
[2026-07-17T23:45:30.966+0530] {processor.py:914} INFO - Processing file /Users/bhavishyachallagolla/Desktop/RetailSense/.venv/lib/python3.12/site-packages/airflow/example_dags/subdags/subdag.py for tasks to queue
[2026-07-17T23:45:30.966+0530] {logging_mixin.py:190} INFO - [2026-07-17T23:45:30.966+0530] {dagbag.py:588} INFO - Filling up the DagBag from /Users/bhavishyachallagolla/Desktop/RetailSense/.venv/lib/python3.12/site-packages/airflow/example_dags/subdags/subdag.py
[2026-07-17T23:45:30.967+0530] {processor.py:927} WARNING - No viable dags retrieved from /Users/bhavishyachallagolla/Desktop/RetailSense/.venv/lib/python3.12/site-packages/airflow/example_dags/subdags/subdag.py
[2026-07-17T23:45:30.990+0530] {processor.py:208} INFO - Processing /Users/bhavishyachallagolla/Desktop/RetailSense/.venv/lib/python3.12/site-packages/airflow/example_dags/subdags/subdag.py took 0.025 seconds
[2026-07-17T23:46:22.982+0530] {processor.py:186} INFO - Started process (PID=99962) to work on /Users/bhavishyachallagolla/Desktop/RetailSense/.venv/lib/python3.12/site-packages/airflow/example_dags/subdags/subdag.py
[2026-07-17T23:46:22.982+0530] {processor.py:914} INFO - Processing file /Users/bhavishyachallagolla/Desktop/RetailSense/.venv/lib/python3.12/site-packages/airflow/example_dags/subdags/subdag.py for tasks to queue
[2026-07-17T23:46:22.983+0530] {logging_mixin.py:190} INFO - [2026-07-17T23:46:22.983+0530] {dagbag.py:588} INFO - Filling up the DagBag from /Users/bhavishyachallagolla/Desktop/RetailSense/.venv/lib/python3.12/site-packages/airflow/example_dags/subdags/subdag.py
[2026-07-17T23:46:22.983+0530] {processor.py:927} WARNING - No viable dags retrieved from /Users/bhavishyachallagolla/Desktop/RetailSense/.venv/lib/python3.12/site-packages/airflow/example_dags/subdags/subdag.py
[2026-07-17T23:46:23.005+0530] {processor.py:208} INFO - Processing /Users/bhavishyachallagolla/Desktop/RetailSense/.venv/lib/python3.12/site-packages/airflow/example_dags/subdags/subdag.py took 0.024 seconds
[2026-07-17T23:47:15.033+0530] {processor.py:186} INFO - Started process (PID=138) to work on /Users/bhavishyachallagolla/Desktop/RetailSense/.venv/lib/python3.12/site-packages/airflow/example_dags/subdags/subdag.py
[2026-07-17T23:47:15.034+0530] {processor.py:914} INFO - Processing file /Users/bhavishyachallagolla/Desktop/RetailSense/.venv/lib/python3.12/site-packages/airflow/example_dags/subdags/subdag.py for tasks to queue
[2026-07-17T23:47:15.034+0530] {logging_mixin.py:190} INFO - [2026-07-17T23:47:15.034+0530] {dagbag.py:588} INFO - Filling up the DagBag from /Users/bhavishyachallagolla/Desktop/RetailSense/.venv/lib/python3.12/site-packages/airflow/example_dags/subdags/subdag.py
[2026-07-17T23:47:15.035+0530] {processor.py:927} WARNING - No viable dags retrieved from /Users/bhavishyachallagolla/Desktop/RetailSense/.venv/lib/python3.12/site-packages/airflow/example_dags/subdags/subdag.py
[2026-07-17T23:47:15.059+0530] {processor.py:208} INFO - Processing /Users/bhavishyachallagolla/Desktop/RetailSense/.venv/lib/python3.12/site-packages/airflow/example_dags/subdags/subdag.py took 0.026 seconds
[2026-07-17T23:48:22.367+0530] {processor.py:186} INFO - Started process (PID=245) to work on /Users/bhavishyachallagolla/Desktop/RetailSense/.venv/lib/python3.12/site-packages/airflow/example_dags/subdags/subdag.py
[2026-07-17T23:48:22.368+0530] {processor.py:914} INFO - Processing file /Users/bhavishyachallagolla/Desktop/RetailSense/.venv/lib/python3.12/site-packages/airflow/example_dags/subdags/subdag.py for tasks to queue
[2026-07-17T23:48:22.368+0530] {logging_mixin.py:190} INFO - [2026-07-17T23:48:22.368+0530] {dagbag.py:588} INFO - Filling up the DagBag from /Users/bhavishyachallagolla/Desktop/RetailSense/.venv/lib/python3.12/site-packages/airflow/example_dags/subdags/subdag.py
[2026-07-17T23:48:22.369+0530] {processor.py:927} WARNING - No viable dags retrieved from /Users/bhavishyachallagolla/Desktop/RetailSense/.venv/lib/python3.12/site-packages/airflow/example_dags/subdags/subdag.py
[2026-07-17T23:48:22.392+0530] {processor.py:208} INFO - Processing /Users/bhavishyachallagolla/Desktop/RetailSense/.venv/lib/python3.12/site-packages/airflow/example_dags/subdags/subdag.py took 0.025 seconds
[2026-07-17T23:49:16.139+0530] {processor.py:186} INFO - Started process (PID=332) to work on /Users/bhavishyachallagolla/Desktop/RetailSense/.venv/lib/python3.12/site-packages/airflow/example_dags/subdags/subdag.py
[2026-07-17T23:49:16.139+0530] {processor.py:914} INFO - Processing file /Users/bhavishyachallagolla/Desktop/RetailSense/.venv/lib/python3.12/site-packages/airflow/example_dags/subdags/subdag.py for tasks to queue
[2026-07-17T23:49:16.139+0530] {logging_mixin.py:190} INFO - [2026-07-17T23:49:16.139+0530] {dagbag.py:588} INFO - Filling up the DagBag from /Users/bhavishyachallagolla/Desktop/RetailSense/.venv/lib/python3.12/site-packages/airflow/example_dags/subdags/subdag.py
[2026-07-17T23:49:16.140+0530] {processor.py:927} WARNING - No viable dags retrieved from /Users/bhavishyachallagolla/Desktop/RetailSense/.venv/lib/python3.12/site-packages/airflow/example_dags/subdags/subdag.py
[2026-07-17T23:49:16.164+0530] {processor.py:208} INFO - Processing /Users/bhavishyachallagolla/Desktop/RetailSense/.venv/lib/python3.12/site-packages/airflow/example_dags/subdags/subdag.py took 0.027 seconds
[2026-07-17T23:50:07.685+0530] {processor.py:186} INFO - Started process (PID=458) to work on /Users/bhavishyachallagolla/Desktop/RetailSense/.venv/lib/python3.12/site-packages/airflow/example_dags/subdags/subdag.py
[2026-07-17T23:50:07.686+0530] {processor.py:914} INFO - Processing file /Users/bhavishyachallagolla/Desktop/RetailSense/.venv/lib/python3.12/site-packages/airflow/example_dags/subdags/subdag.py for tasks to queue
[2026-07-17T23:50:07.686+0530] {logging_mixin.py:190} INFO - [2026-07-17T23:50:07.686+0530] {dagbag.py:588} INFO - Filling up the DagBag from /Users/bhavishyachallagolla/Desktop/RetailSense/.venv/lib/python3.12/site-packages/airflow/example_dags/subdags/subdag.py
[2026-07-17T23:50:07.687+0530] {processor.py:927} WARNING - No viable dags retrieved from /Users/bhavishyachallagolla/Desktop/RetailSense/.venv/lib/python3.12/site-packages/airflow/example_dags/subdags/subdag.py
[2026-07-17T23:50:07.709+0530] {processor.py:208} INFO - Processing /Users/bhavishyachallagolla/Desktop/RetailSense/.venv/lib/python3.12/site-packages/airflow/example_dags/subdags/subdag.py took 0.025 seconds
[2026-07-17T23:50:59.454+0530] {processor.py:186} INFO - Started process (PID=563) to work on /Users/bhavishyachallagolla/Desktop/RetailSense/.venv/lib/python3.12/site-packages/airflow/example_dags/subdags/subdag.py
[2026-07-17T23:50:59.455+0530] {processor.py:914} INFO - Processing file /Users/bhavishyachallagolla/Desktop/RetailSense/.venv/lib/python3.12/site-packages/airflow/example_dags/subdags/subdag.py for tasks to queue
[2026-07-17T23:50:59.455+0530] {logging_mixin.py:190} INFO - [2026-07-17T23:50:59.455+0530] {dagbag.py:588} INFO - Filling up the DagBag from /Users/bhavishyachallagolla/Desktop/RetailSense/.venv/lib/python3.12/site-packages/airflow/example_dags/subdags/subdag.py
[2026-07-17T23:50:59.456+0530] {processor.py:927} WARNING - No viable dags retrieved from /Users/bhavishyachallagolla/Desktop/RetailSense/.venv/lib/python3.12/site-packages/airflow/example_dags/subdags/subdag.py
[2026-07-17T23:50:59.479+0530] {processor.py:208} INFO - Processing /Users/bhavishyachallagolla/Desktop/RetailSense/.venv/lib/python3.12/site-packages/airflow/example_dags/subdags/subdag.py took 0.025 seconds
[2026-07-17T23:51:51.560+0530] {processor.py:186} INFO - Started process (PID=686) to work on /Users/bhavishyachallagolla/Desktop/RetailSense/.venv/lib/python3.12/site-packages/airflow/example_dags/subdags/subdag.py
[2026-07-17T23:51:51.560+0530] {processor.py:914} INFO - Processing file /Users/bhavishyachallagolla/Desktop/RetailSense/.venv/lib/python3.12/site-packages/airflow/example_dags/subdags/subdag.py for tasks to queue
[2026-07-17T23:51:51.561+0530] {logging_mixin.py:190} INFO - [2026-07-17T23:51:51.561+0530] {dagbag.py:588} INFO - Filling up the DagBag from /Users/bhavishyachallagolla/Desktop/RetailSense/.venv/lib/python3.12/site-packages/airflow/example_dags/subdags/subdag.py
[2026-07-17T23:51:51.561+0530] {processor.py:927} WARNING - No viable dags retrieved from /Users/bhavishyachallagolla/Desktop/RetailSense/.venv/lib/python3.12/site-packages/airflow/example_dags/subdags/subdag.py
[2026-07-17T23:51:51.585+0530] {processor.py:208} INFO - Processing /Users/bhavishyachallagolla/Desktop/RetailSense/.venv/lib/python3.12/site-packages/airflow/example_dags/subdags/subdag.py took 0.026 seconds
[2026-07-17T23:52:41.475+0530] {processor.py:186} INFO - Started process (PID=810) to work on /Users/bhavishyachallagolla/Desktop/RetailSense/.venv/lib/python3.12/site-packages/airflow/example_dags/subdags/subdag.py
[2026-07-17T23:52:41.475+0530] {processor.py:914} INFO - Processing file /Users/bhavishyachallagolla/Desktop/RetailSense/.venv/lib/python3.12/site-packages/airflow/example_dags/subdags/subdag.py for tasks to queue
[2026-07-17T23:52:41.476+0530] {logging_mixin.py:190} INFO - [2026-07-17T23:52:41.476+0530] {dagbag.py:588} INFO - Filling up the DagBag from /Users/bhavishyachallagolla/Desktop/RetailSense/.venv/lib/python3.12/site-packages/airflow/example_dags/subdags/subdag.py
[2026-07-17T23:52:41.476+0530] {processor.py:927} WARNING - No viable dags retrieved from /Users/bhavishyachallagolla/Desktop/RetailSense/.venv/lib/python3.12/site-packages/airflow/example_dags/subdags/subdag.py
[2026-07-17T23:52:41.499+0530] {processor.py:208} INFO - Processing /Users/bhavishyachallagolla/Desktop/RetailSense/.venv/lib/python3.12/site-packages/airflow/example_dags/subdags/subdag.py took 0.025 seconds
[2026-07-17T23:53:41.343+0530] {processor.py:186} INFO - Started process (PID=936) to work on /Users/bhavishyachallagolla/Desktop/RetailSense/.venv/lib/python3.12/site-packages/airflow/example_dags/subdags/subdag.py
[2026-07-17T23:53:41.344+0530] {processor.py:914} INFO - Processing file /Users/bhavishyachallagolla/Desktop/RetailSense/.venv/lib/python3.12/site-packages/airflow/example_dags/subdags/subdag.py for tasks to queue
[2026-07-17T23:53:41.344+0530] {logging_mixin.py:190} INFO - [2026-07-17T23:53:41.344+0530] {dagbag.py:588} INFO - Filling up the DagBag from /Users/bhavishyachallagolla/Desktop/RetailSense/.venv/lib/python3.12/site-packages/airflow/example_dags/subdags/subdag.py
[2026-07-17T23:53:41.345+0530] {processor.py:927} WARNING - No viable dags retrieved from /Users/bhavishyachallagolla/Desktop/RetailSense/.venv/lib/python3.12/site-packages/airflow/example_dags/subdags/subdag.py
[2026-07-17T23:53:41.368+0530] {processor.py:208} INFO - Processing /Users/bhavishyachallagolla/Desktop/RetailSense/.venv/lib/python3.12/site-packages/airflow/example_dags/subdags/subdag.py took 0.026 seconds
[2026-07-17T23:54:41.583+0530] {processor.py:186} INFO - Started process (PID=1028) to work on /Users/bhavishyachallagolla/Desktop/RetailSense/.venv/lib/python3.12/site-packages/airflow/example_dags/subdags/subdag.py
[2026-07-17T23:54:41.584+0530] {processor.py:914} INFO - Processing file /Users/bhavishyachallagolla/Desktop/RetailSense/.venv/lib/python3.12/site-packages/airflow/example_dags/subdags/subdag.py for tasks to queue
[2026-07-17T23:54:41.584+0530] {logging_mixin.py:190} INFO - [2026-07-17T23:54:41.584+0530] {dagbag.py:588} INFO - Filling up the DagBag from /Users/bhavishyachallagolla/Desktop/RetailSense/.venv/lib/python3.12/site-packages/airflow/example_dags/subdags/subdag.py
[2026-07-17T23:54:41.585+0530] {processor.py:927} WARNING - No viable dags retrieved from /Users/bhavishyachallagolla/Desktop/RetailSense/.venv/lib/python3.12/site-packages/airflow/example_dags/subdags/subdag.py
[2026-07-17T23:54:41.607+0530] {processor.py:208} INFO - Processing /Users/bhavishyachallagolla/Desktop/RetailSense/.venv/lib/python3.12/site-packages/airflow/example_dags/subdags/subdag.py took 0.026 seconds
[2026-07-17T23:55:42.580+0530] {processor.py:186} INFO - Started process (PID=1142) to work on /Users/bhavishyachallagolla/Desktop/RetailSense/.venv/lib/python3.12/site-packages/airflow/example_dags/subdags/subdag.py
[2026-07-17T23:55:42.580+0530] {processor.py:914} INFO - Processing file /Users/bhavishyachallagolla/Desktop/RetailSense/.venv/lib/python3.12/site-packages/airflow/example_dags/subdags/subdag.py for tasks to queue
[2026-07-17T23:55:42.581+0530] {logging_mixin.py:190} INFO - [2026-07-17T23:55:42.581+0530] {dagbag.py:588} INFO - Filling up the DagBag from /Users/bhavishyachallagolla/Desktop/RetailSense/.venv/lib/python3.12/site-packages/airflow/example_dags/subdags/subdag.py
[2026-07-17T23:55:42.581+0530] {processor.py:927} WARNING - No viable dags retrieved from /Users/bhavishyachallagolla/Desktop/RetailSense/.venv/lib/python3.12/site-packages/airflow/example_dags/subdags/subdag.py
[2026-07-17T23:55:42.604+0530] {processor.py:208} INFO - Processing /Users/bhavishyachallagolla/Desktop/RetailSense/.venv/lib/python3.12/site-packages/airflow/example_dags/subdags/subdag.py took 0.025 seconds
[2026-07-17T23:56:33.789+0530] {processor.py:186} INFO - Started process (PID=1218) to work on /Users/bhavishyachallagolla/Desktop/RetailSense/.venv/lib/python3.12/site-packages/airflow/example_dags/subdags/subdag.py
[2026-07-17T23:56:33.789+0530] {processor.py:914} INFO - Processing file /Users/bhavishyachallagolla/Desktop/RetailSense/.venv/lib/python3.12/site-packages/airflow/example_dags/subdags/subdag.py for tasks to queue
[2026-07-17T23:56:33.789+0530] {logging_mixin.py:190} INFO - [2026-07-17T23:56:33.789+0530] {dagbag.py:588} INFO - Filling up the DagBag from /Users/bhavishyachallagolla/Desktop/RetailSense/.venv/lib/python3.12/site-packages/airflow/example_dags/subdags/subdag.py
[2026-07-17T23:56:33.790+0530] {processor.py:927} WARNING - No viable dags retrieved from /Users/bhavishyachallagolla/Desktop/RetailSense/.venv/lib/python3.12/site-packages/airflow/example_dags/subdags/subdag.py
[2026-07-17T23:56:33.813+0530] {processor.py:208} INFO - Processing /Users/bhavishyachallagolla/Desktop/RetailSense/.venv/lib/python3.12/site-packages/airflow/example_dags/subdags/subdag.py took 0.026 seconds
