[2026-07-17T20:09:18.190+0530] {processor.py:186} INFO - Started process (PID=87188) to work on /Users/bhavishyachallagolla/Desktop/RetailSense/.venv/lib/python3.12/site-packages/airflow/example_dags/example_setup_teardown.py
[2026-07-17T20:09:18.190+0530] {processor.py:914} INFO - Processing file /Users/bhavishyachallagolla/Desktop/RetailSense/.venv/lib/python3.12/site-packages/airflow/example_dags/example_setup_teardown.py for tasks to queue
[2026-07-17T20:09:18.190+0530] {logging_mixin.py:190} INFO - [2026-07-17T20:09:18.190+0530] {dagbag.py:588} INFO - Filling up the DagBag from /Users/bhavishyachallagolla/Desktop/RetailSense/.venv/lib/python3.12/site-packages/airflow/example_dags/example_setup_teardown.py
[2026-07-17T20:09:18.193+0530] {processor.py:925} INFO - DAG(s) 'example_setup_teardown' retrieved from /Users/bhavishyachallagolla/Desktop/RetailSense/.venv/lib/python3.12/site-packages/airflow/example_dags/example_setup_teardown.py
[2026-07-17T20:09:18.243+0530] {logging_mixin.py:190} INFO - [2026-07-17T20:09:18.242+0530] {dag.py:3239} INFO - Sync 1 DAGs
[2026-07-17T20:09:18.245+0530] {logging_mixin.py:190} INFO - [2026-07-17T20:09:18.245+0530] {dag.py:4180} INFO - Setting next_dagrun for example_setup_teardown to None, run_after=None
[2026-07-17T20:09:18.250+0530] {processor.py:208} INFO - Processing /Users/bhavishyachallagolla/Desktop/RetailSense/.venv/lib/python3.12/site-packages/airflow/example_dags/example_setup_teardown.py took 0.062 seconds
[2026-07-17T20:10:15.764+0530] {processor.py:186} INFO - Started process (PID=87299) to work on /Users/bhavishyachallagolla/Desktop/RetailSense/.venv/lib/python3.12/site-packages/airflow/example_dags/example_setup_teardown.py
[2026-07-17T20:10:15.765+0530] {processor.py:914} INFO - Processing file /Users/bhavishyachallagolla/Desktop/RetailSense/.venv/lib/python3.12/site-packages/airflow/example_dags/example_setup_teardown.py for tasks to queue
[2026-07-17T20:10:15.765+0530] {logging_mixin.py:190} INFO - [2026-07-17T20:10:15.765+0530] {dagbag.py:588} INFO - Filling up the DagBag from /Users/bhavishyachallagolla/Desktop/RetailSense/.venv/lib/python3.12/site-packages/airflow/example_dags/example_setup_teardown.py
[2026-07-17T20:10:15.768+0530] {processor.py:925} INFO - DAG(s) 'example_setup_teardown' retrieved from /Users/bhavishyachallagolla/Desktop/RetailSense/.venv/lib/python3.12/site-packages/airflow/example_dags/example_setup_teardown.py
[2026-07-17T20:10:15.792+0530] {logging_mixin.py:190} INFO - [2026-07-17T20:10:15.792+0530] {dag.py:3239} INFO - Sync 1 DAGs
[2026-07-17T20:10:15.795+0530] {logging_mixin.py:190} INFO - [2026-07-17T20:10:15.795+0530] {dag.py:4180} INFO - Setting next_dagrun for example_setup_teardown to None, run_after=None
[2026-07-17T20:10:15.800+0530] {processor.py:208} INFO - Processing /Users/bhavishyachallagolla/Desktop/RetailSense/.venv/lib/python3.12/site-packages/airflow/example_dags/example_setup_teardown.py took 0.037 seconds
[2026-07-17T20:11:35.501+0530] {processor.py:186} INFO - Started process (PID=87417) to work on /Users/bhavishyachallagolla/Desktop/RetailSense/.venv/lib/python3.12/site-packages/airflow/example_dags/example_setup_teardown.py
[2026-07-17T20:11:35.502+0530] {processor.py:914} INFO - Processing file /Users/bhavishyachallagolla/Desktop/RetailSense/.venv/lib/python3.12/site-packages/airflow/example_dags/example_setup_teardown.py for tasks to queue
[2026-07-17T20:11:35.502+0530] {logging_mixin.py:190} INFO - [2026-07-17T20:11:35.502+0530] {dagbag.py:588} INFO - Filling up the DagBag from /Users/bhavishyachallagolla/Desktop/RetailSense/.venv/lib/python3.12/site-packages/airflow/example_dags/example_setup_teardown.py
[2026-07-17T20:11:35.505+0530] {processor.py:925} INFO - DAG(s) 'example_setup_teardown' retrieved from /Users/bhavishyachallagolla/Desktop/RetailSense/.venv/lib/python3.12/site-packages/airflow/example_dags/example_setup_teardown.py
[2026-07-17T20:11:35.529+0530] {logging_mixin.py:190} INFO - [2026-07-17T20:11:35.529+0530] {dag.py:3239} INFO - Sync 1 DAGs
[2026-07-17T20:11:35.532+0530] {logging_mixin.py:190} INFO - [2026-07-17T20:11:35.532+0530] {dag.py:4180} INFO - Setting next_dagrun for example_setup_teardown to None, run_after=None
[2026-07-17T20:11:35.537+0530] {processor.py:208} INFO - Processing /Users/bhavishyachallagolla/Desktop/RetailSense/.venv/lib/python3.12/site-packages/airflow/example_dags/example_setup_teardown.py took 0.036 seconds
[2026-07-17T20:13:15.548+0530] {processor.py:186} INFO - Started process (PID=87569) to work on /Users/bhavishyachallagolla/Desktop/RetailSense/.venv/lib/python3.12/site-packages/airflow/example_dags/example_setup_teardown.py
[2026-07-17T20:13:15.549+0530] {processor.py:914} INFO - Processing file /Users/bhavishyachallagolla/Desktop/RetailSense/.venv/lib/python3.12/site-packages/airflow/example_dags/example_setup_teardown.py for tasks to queue
[2026-07-17T20:13:15.549+0530] {logging_mixin.py:190} INFO - [2026-07-17T20:13:15.549+0530] {dagbag.py:588} INFO - Filling up the DagBag from /Users/bhavishyachallagolla/Desktop/RetailSense/.venv/lib/python3.12/site-packages/airflow/example_dags/example_setup_teardown.py
[2026-07-17T20:13:15.552+0530] {processor.py:925} INFO - DAG(s) 'example_setup_teardown' retrieved from /Users/bhavishyachallagolla/Desktop/RetailSense/.venv/lib/python3.12/site-packages/airflow/example_dags/example_setup_teardown.py
[2026-07-17T20:13:15.576+0530] {logging_mixin.py:190} INFO - [2026-07-17T20:13:15.576+0530] {dag.py:3239} INFO - Sync 1 DAGs
[2026-07-17T20:13:15.579+0530] {logging_mixin.py:190} INFO - [2026-07-17T20:13:15.579+0530] {dag.py:4180} INFO - Setting next_dagrun for example_setup_teardown to None, run_after=None
[2026-07-17T20:13:15.584+0530] {processor.py:208} INFO - Processing /Users/bhavishyachallagolla/Desktop/RetailSense/.venv/lib/python3.12/site-packages/airflow/example_dags/example_setup_teardown.py took 0.037 seconds
[2026-07-17T20:14:53.734+0530] {processor.py:186} INFO - Started process (PID=87730) to work on /Users/bhavishyachallagolla/Desktop/RetailSense/.venv/lib/python3.12/site-packages/airflow/example_dags/example_setup_teardown.py
[2026-07-17T20:14:53.734+0530] {processor.py:914} INFO - Processing file /Users/bhavishyachallagolla/Desktop/RetailSense/.venv/lib/python3.12/site-packages/airflow/example_dags/example_setup_teardown.py for tasks to queue
[2026-07-17T20:14:53.734+0530] {logging_mixin.py:190} INFO - [2026-07-17T20:14:53.734+0530] {dagbag.py:588} INFO - Filling up the DagBag from /Users/bhavishyachallagolla/Desktop/RetailSense/.venv/lib/python3.12/site-packages/airflow/example_dags/example_setup_teardown.py
[2026-07-17T20:14:53.737+0530] {processor.py:925} INFO - DAG(s) 'example_setup_teardown' retrieved from /Users/bhavishyachallagolla/Desktop/RetailSense/.venv/lib/python3.12/site-packages/airflow/example_dags/example_setup_teardown.py
[2026-07-17T20:14:53.762+0530] {logging_mixin.py:190} INFO - [2026-07-17T20:14:53.762+0530] {dag.py:3239} INFO - Sync 1 DAGs
[2026-07-17T20:14:53.764+0530] {logging_mixin.py:190} INFO - [2026-07-17T20:14:53.764+0530] {dag.py:4180} INFO - Setting next_dagrun for example_setup_teardown to None, run_after=None
[2026-07-17T20:14:53.769+0530] {processor.py:208} INFO - Processing /Users/bhavishyachallagolla/Desktop/RetailSense/.venv/lib/python3.12/site-packages/airflow/example_dags/example_setup_teardown.py took 0.037 seconds
[2026-07-17T20:16:34.287+0530] {processor.py:186} INFO - Started process (PID=87886) to work on /Users/bhavishyachallagolla/Desktop/RetailSense/.venv/lib/python3.12/site-packages/airflow/example_dags/example_setup_teardown.py
[2026-07-17T20:16:34.288+0530] {processor.py:914} INFO - Processing file /Users/bhavishyachallagolla/Desktop/RetailSense/.venv/lib/python3.12/site-packages/airflow/example_dags/example_setup_teardown.py for tasks to queue
[2026-07-17T20:16:34.288+0530] {logging_mixin.py:190} INFO - [2026-07-17T20:16:34.288+0530] {dagbag.py:588} INFO - Filling up the DagBag from /Users/bhavishyachallagolla/Desktop/RetailSense/.venv/lib/python3.12/site-packages/airflow/example_dags/example_setup_teardown.py
[2026-07-17T20:16:34.291+0530] {processor.py:925} INFO - DAG(s) 'example_setup_teardown' retrieved from /Users/bhavishyachallagolla/Desktop/RetailSense/.venv/lib/python3.12/site-packages/airflow/example_dags/example_setup_teardown.py
[2026-07-17T20:16:34.317+0530] {logging_mixin.py:190} INFO - [2026-07-17T20:16:34.317+0530] {dag.py:3239} INFO - Sync 1 DAGs
[2026-07-17T20:16:34.320+0530] {logging_mixin.py:190} INFO - [2026-07-17T20:16:34.320+0530] {dag.py:4180} INFO - Setting next_dagrun for example_setup_teardown to None, run_after=None
[2026-07-17T20:16:34.325+0530] {processor.py:208} INFO - Processing /Users/bhavishyachallagolla/Desktop/RetailSense/.venv/lib/python3.12/site-packages/airflow/example_dags/example_setup_teardown.py took 0.039 seconds
[2026-07-17T20:18:13.630+0530] {processor.py:186} INFO - Started process (PID=88039) to work on /Users/bhavishyachallagolla/Desktop/RetailSense/.venv/lib/python3.12/site-packages/airflow/example_dags/example_setup_teardown.py
[2026-07-17T20:18:13.630+0530] {processor.py:914} INFO - Processing file /Users/bhavishyachallagolla/Desktop/RetailSense/.venv/lib/python3.12/site-packages/airflow/example_dags/example_setup_teardown.py for tasks to queue
[2026-07-17T20:18:13.630+0530] {logging_mixin.py:190} INFO - [2026-07-17T20:18:13.630+0530] {dagbag.py:588} INFO - Filling up the DagBag from /Users/bhavishyachallagolla/Desktop/RetailSense/.venv/lib/python3.12/site-packages/airflow/example_dags/example_setup_teardown.py
[2026-07-17T20:18:13.633+0530] {processor.py:925} INFO - DAG(s) 'example_setup_teardown' retrieved from /Users/bhavishyachallagolla/Desktop/RetailSense/.venv/lib/python3.12/site-packages/airflow/example_dags/example_setup_teardown.py
[2026-07-17T20:18:13.658+0530] {logging_mixin.py:190} INFO - [2026-07-17T20:18:13.658+0530] {dag.py:3239} INFO - Sync 1 DAGs
[2026-07-17T20:18:13.661+0530] {logging_mixin.py:190} INFO - [2026-07-17T20:18:13.661+0530] {dag.py:4180} INFO - Setting next_dagrun for example_setup_teardown to None, run_after=None
[2026-07-17T20:18:13.666+0530] {processor.py:208} INFO - Processing /Users/bhavishyachallagolla/Desktop/RetailSense/.venv/lib/python3.12/site-packages/airflow/example_dags/example_setup_teardown.py took 0.037 seconds
[2026-07-17T20:19:53.703+0530] {processor.py:186} INFO - Started process (PID=88191) to work on /Users/bhavishyachallagolla/Desktop/RetailSense/.venv/lib/python3.12/site-packages/airflow/example_dags/example_setup_teardown.py
[2026-07-17T20:19:53.704+0530] {processor.py:914} INFO - Processing file /Users/bhavishyachallagolla/Desktop/RetailSense/.venv/lib/python3.12/site-packages/airflow/example_dags/example_setup_teardown.py for tasks to queue
[2026-07-17T20:19:53.704+0530] {logging_mixin.py:190} INFO - [2026-07-17T20:19:53.704+0530] {dagbag.py:588} INFO - Filling up the DagBag from /Users/bhavishyachallagolla/Desktop/RetailSense/.venv/lib/python3.12/site-packages/airflow/example_dags/example_setup_teardown.py
[2026-07-17T20:19:53.706+0530] {processor.py:925} INFO - DAG(s) 'example_setup_teardown' retrieved from /Users/bhavishyachallagolla/Desktop/RetailSense/.venv/lib/python3.12/site-packages/airflow/example_dags/example_setup_teardown.py
[2026-07-17T20:19:53.732+0530] {logging_mixin.py:190} INFO - [2026-07-17T20:19:53.732+0530] {dag.py:3239} INFO - Sync 1 DAGs
[2026-07-17T20:19:53.735+0530] {logging_mixin.py:190} INFO - [2026-07-17T20:19:53.735+0530] {dag.py:4180} INFO - Setting next_dagrun for example_setup_teardown to None, run_after=None
[2026-07-17T20:19:53.740+0530] {processor.py:208} INFO - Processing /Users/bhavishyachallagolla/Desktop/RetailSense/.venv/lib/python3.12/site-packages/airflow/example_dags/example_setup_teardown.py took 0.038 seconds
[2026-07-17T20:21:33.927+0530] {processor.py:186} INFO - Started process (PID=88357) to work on /Users/bhavishyachallagolla/Desktop/RetailSense/.venv/lib/python3.12/site-packages/airflow/example_dags/example_setup_teardown.py
[2026-07-17T20:21:33.928+0530] {processor.py:914} INFO - Processing file /Users/bhavishyachallagolla/Desktop/RetailSense/.venv/lib/python3.12/site-packages/airflow/example_dags/example_setup_teardown.py for tasks to queue
[2026-07-17T20:21:33.929+0530] {logging_mixin.py:190} INFO - [2026-07-17T20:21:33.929+0530] {dagbag.py:588} INFO - Filling up the DagBag from /Users/bhavishyachallagolla/Desktop/RetailSense/.venv/lib/python3.12/site-packages/airflow/example_dags/example_setup_teardown.py
[2026-07-17T20:21:33.931+0530] {processor.py:925} INFO - DAG(s) 'example_setup_teardown' retrieved from /Users/bhavishyachallagolla/Desktop/RetailSense/.venv/lib/python3.12/site-packages/airflow/example_dags/example_setup_teardown.py
[2026-07-17T20:21:33.957+0530] {logging_mixin.py:190} INFO - [2026-07-17T20:21:33.957+0530] {dag.py:3239} INFO - Sync 1 DAGs
[2026-07-17T20:21:33.960+0530] {logging_mixin.py:190} INFO - [2026-07-17T20:21:33.960+0530] {dag.py:4180} INFO - Setting next_dagrun for example_setup_teardown to None, run_after=None
[2026-07-17T20:21:33.965+0530] {processor.py:208} INFO - Processing /Users/bhavishyachallagolla/Desktop/RetailSense/.venv/lib/python3.12/site-packages/airflow/example_dags/example_setup_teardown.py took 0.039 seconds
[2026-07-17T20:23:14.358+0530] {processor.py:186} INFO - Started process (PID=88513) to work on /Users/bhavishyachallagolla/Desktop/RetailSense/.venv/lib/python3.12/site-packages/airflow/example_dags/example_setup_teardown.py
[2026-07-17T20:23:14.359+0530] {processor.py:914} INFO - Processing file /Users/bhavishyachallagolla/Desktop/RetailSense/.venv/lib/python3.12/site-packages/airflow/example_dags/example_setup_teardown.py for tasks to queue
[2026-07-17T20:23:14.360+0530] {logging_mixin.py:190} INFO - [2026-07-17T20:23:14.360+0530] {dagbag.py:588} INFO - Filling up the DagBag from /Users/bhavishyachallagolla/Desktop/RetailSense/.venv/lib/python3.12/site-packages/airflow/example_dags/example_setup_teardown.py
[2026-07-17T20:23:14.363+0530] {processor.py:925} INFO - DAG(s) 'example_setup_teardown' retrieved from /Users/bhavishyachallagolla/Desktop/RetailSense/.venv/lib/python3.12/site-packages/airflow/example_dags/example_setup_teardown.py
[2026-07-17T20:23:14.388+0530] {logging_mixin.py:190} INFO - [2026-07-17T20:23:14.388+0530] {dag.py:3239} INFO - Sync 1 DAGs
[2026-07-17T20:23:14.391+0530] {logging_mixin.py:190} INFO - [2026-07-17T20:23:14.391+0530] {dag.py:4180} INFO - Setting next_dagrun for example_setup_teardown to None, run_after=None
[2026-07-17T20:23:14.396+0530] {processor.py:208} INFO - Processing /Users/bhavishyachallagolla/Desktop/RetailSense/.venv/lib/python3.12/site-packages/airflow/example_dags/example_setup_teardown.py took 0.039 seconds
[2026-07-17T20:24:56.012+0530] {processor.py:186} INFO - Started process (PID=88665) to work on /Users/bhavishyachallagolla/Desktop/RetailSense/.venv/lib/python3.12/site-packages/airflow/example_dags/example_setup_teardown.py
[2026-07-17T20:24:56.013+0530] {processor.py:914} INFO - Processing file /Users/bhavishyachallagolla/Desktop/RetailSense/.venv/lib/python3.12/site-packages/airflow/example_dags/example_setup_teardown.py for tasks to queue
[2026-07-17T20:24:56.013+0530] {logging_mixin.py:190} INFO - [2026-07-17T20:24:56.013+0530] {dagbag.py:588} INFO - Filling up the DagBag from /Users/bhavishyachallagolla/Desktop/RetailSense/.venv/lib/python3.12/site-packages/airflow/example_dags/example_setup_teardown.py
[2026-07-17T20:24:56.016+0530] {processor.py:925} INFO - DAG(s) 'example_setup_teardown' retrieved from /Users/bhavishyachallagolla/Desktop/RetailSense/.venv/lib/python3.12/site-packages/airflow/example_dags/example_setup_teardown.py
[2026-07-17T20:24:56.042+0530] {logging_mixin.py:190} INFO - [2026-07-17T20:24:56.042+0530] {dag.py:3239} INFO - Sync 1 DAGs
[2026-07-17T20:24:56.044+0530] {logging_mixin.py:190} INFO - [2026-07-17T20:24:56.044+0530] {dag.py:4180} INFO - Setting next_dagrun for example_setup_teardown to None, run_after=None
[2026-07-17T20:24:56.050+0530] {processor.py:208} INFO - Processing /Users/bhavishyachallagolla/Desktop/RetailSense/.venv/lib/python3.12/site-packages/airflow/example_dags/example_setup_teardown.py took 0.040 seconds
[2026-07-17T20:26:36.994+0530] {processor.py:186} INFO - Started process (PID=88831) to work on /Users/bhavishyachallagolla/Desktop/RetailSense/.venv/lib/python3.12/site-packages/airflow/example_dags/example_setup_teardown.py
[2026-07-17T20:26:36.995+0530] {processor.py:914} INFO - Processing file /Users/bhavishyachallagolla/Desktop/RetailSense/.venv/lib/python3.12/site-packages/airflow/example_dags/example_setup_teardown.py for tasks to queue
[2026-07-17T20:26:36.996+0530] {logging_mixin.py:190} INFO - [2026-07-17T20:26:36.996+0530] {dagbag.py:588} INFO - Filling up the DagBag from /Users/bhavishyachallagolla/Desktop/RetailSense/.venv/lib/python3.12/site-packages/airflow/example_dags/example_setup_teardown.py
[2026-07-17T20:26:36.998+0530] {processor.py:925} INFO - DAG(s) 'example_setup_teardown' retrieved from /Users/bhavishyachallagolla/Desktop/RetailSense/.venv/lib/python3.12/site-packages/airflow/example_dags/example_setup_teardown.py
[2026-07-17T20:26:37.024+0530] {logging_mixin.py:190} INFO - [2026-07-17T20:26:37.024+0530] {dag.py:3239} INFO - Sync 1 DAGs
[2026-07-17T20:26:37.027+0530] {logging_mixin.py:190} INFO - [2026-07-17T20:26:37.027+0530] {dag.py:4180} INFO - Setting next_dagrun for example_setup_teardown to None, run_after=None
[2026-07-17T20:26:37.032+0530] {processor.py:208} INFO - Processing /Users/bhavishyachallagolla/Desktop/RetailSense/.venv/lib/python3.12/site-packages/airflow/example_dags/example_setup_teardown.py took 0.039 seconds
[2026-07-17T20:28:15.430+0530] {processor.py:186} INFO - Started process (PID=88984) to work on /Users/bhavishyachallagolla/Desktop/RetailSense/.venv/lib/python3.12/site-packages/airflow/example_dags/example_setup_teardown.py
[2026-07-17T20:28:15.430+0530] {processor.py:914} INFO - Processing file /Users/bhavishyachallagolla/Desktop/RetailSense/.venv/lib/python3.12/site-packages/airflow/example_dags/example_setup_teardown.py for tasks to queue
[2026-07-17T20:28:15.430+0530] {logging_mixin.py:190} INFO - [2026-07-17T20:28:15.430+0530] {dagbag.py:588} INFO - Filling up the DagBag from /Users/bhavishyachallagolla/Desktop/RetailSense/.venv/lib/python3.12/site-packages/airflow/example_dags/example_setup_teardown.py
[2026-07-17T20:28:15.433+0530] {processor.py:925} INFO - DAG(s) 'example_setup_teardown' retrieved from /Users/bhavishyachallagolla/Desktop/RetailSense/.venv/lib/python3.12/site-packages/airflow/example_dags/example_setup_teardown.py
[2026-07-17T20:28:15.458+0530] {logging_mixin.py:190} INFO - [2026-07-17T20:28:15.458+0530] {dag.py:3239} INFO - Sync 1 DAGs
[2026-07-17T20:28:15.461+0530] {logging_mixin.py:190} INFO - [2026-07-17T20:28:15.461+0530] {dag.py:4180} INFO - Setting next_dagrun for example_setup_teardown to None, run_after=None
[2026-07-17T20:28:15.466+0530] {processor.py:208} INFO - Processing /Users/bhavishyachallagolla/Desktop/RetailSense/.venv/lib/python3.12/site-packages/airflow/example_dags/example_setup_teardown.py took 0.038 seconds
[2026-07-17T20:29:52.543+0530] {processor.py:186} INFO - Started process (PID=89136) to work on /Users/bhavishyachallagolla/Desktop/RetailSense/.venv/lib/python3.12/site-packages/airflow/example_dags/example_setup_teardown.py
[2026-07-17T20:29:52.543+0530] {processor.py:914} INFO - Processing file /Users/bhavishyachallagolla/Desktop/RetailSense/.venv/lib/python3.12/site-packages/airflow/example_dags/example_setup_teardown.py for tasks to queue
[2026-07-17T20:29:52.544+0530] {logging_mixin.py:190} INFO - [2026-07-17T20:29:52.544+0530] {dagbag.py:588} INFO - Filling up the DagBag from /Users/bhavishyachallagolla/Desktop/RetailSense/.venv/lib/python3.12/site-packages/airflow/example_dags/example_setup_teardown.py
[2026-07-17T20:29:52.546+0530] {processor.py:925} INFO - DAG(s) 'example_setup_teardown' retrieved from /Users/bhavishyachallagolla/Desktop/RetailSense/.venv/lib/python3.12/site-packages/airflow/example_dags/example_setup_teardown.py
[2026-07-17T20:29:52.572+0530] {logging_mixin.py:190} INFO - [2026-07-17T20:29:52.572+0530] {dag.py:3239} INFO - Sync 1 DAGs
[2026-07-17T20:29:52.575+0530] {logging_mixin.py:190} INFO - [2026-07-17T20:29:52.575+0530] {dag.py:4180} INFO - Setting next_dagrun for example_setup_teardown to None, run_after=None
[2026-07-17T20:29:52.581+0530] {processor.py:208} INFO - Processing /Users/bhavishyachallagolla/Desktop/RetailSense/.venv/lib/python3.12/site-packages/airflow/example_dags/example_setup_teardown.py took 0.039 seconds
[2026-07-17T20:31:33.551+0530] {processor.py:186} INFO - Started process (PID=89288) to work on /Users/bhavishyachallagolla/Desktop/RetailSense/.venv/lib/python3.12/site-packages/airflow/example_dags/example_setup_teardown.py
[2026-07-17T20:31:33.552+0530] {processor.py:914} INFO - Processing file /Users/bhavishyachallagolla/Desktop/RetailSense/.venv/lib/python3.12/site-packages/airflow/example_dags/example_setup_teardown.py for tasks to queue
[2026-07-17T20:31:33.552+0530] {logging_mixin.py:190} INFO - [2026-07-17T20:31:33.552+0530] {dagbag.py:588} INFO - Filling up the DagBag from /Users/bhavishyachallagolla/Desktop/RetailSense/.venv/lib/python3.12/site-packages/airflow/example_dags/example_setup_teardown.py
[2026-07-17T20:31:33.555+0530] {processor.py:925} INFO - DAG(s) 'example_setup_teardown' retrieved from /Users/bhavishyachallagolla/Desktop/RetailSense/.venv/lib/python3.12/site-packages/airflow/example_dags/example_setup_teardown.py
[2026-07-17T20:31:33.580+0530] {logging_mixin.py:190} INFO - [2026-07-17T20:31:33.580+0530] {dag.py:3239} INFO - Sync 1 DAGs
[2026-07-17T20:31:33.582+0530] {logging_mixin.py:190} INFO - [2026-07-17T20:31:33.582+0530] {dag.py:4180} INFO - Setting next_dagrun for example_setup_teardown to None, run_after=None
[2026-07-17T20:31:33.587+0530] {processor.py:208} INFO - Processing /Users/bhavishyachallagolla/Desktop/RetailSense/.venv/lib/python3.12/site-packages/airflow/example_dags/example_setup_teardown.py took 0.037 seconds
[2026-07-17T20:33:15.171+0530] {processor.py:186} INFO - Started process (PID=89438) to work on /Users/bhavishyachallagolla/Desktop/RetailSense/.venv/lib/python3.12/site-packages/airflow/example_dags/example_setup_teardown.py
[2026-07-17T20:33:15.172+0530] {processor.py:914} INFO - Processing file /Users/bhavishyachallagolla/Desktop/RetailSense/.venv/lib/python3.12/site-packages/airflow/example_dags/example_setup_teardown.py for tasks to queue
[2026-07-17T20:33:15.172+0530] {logging_mixin.py:190} INFO - [2026-07-17T20:33:15.172+0530] {dagbag.py:588} INFO - Filling up the DagBag from /Users/bhavishyachallagolla/Desktop/RetailSense/.venv/lib/python3.12/site-packages/airflow/example_dags/example_setup_teardown.py
[2026-07-17T20:33:15.174+0530] {processor.py:925} INFO - DAG(s) 'example_setup_teardown' retrieved from /Users/bhavishyachallagolla/Desktop/RetailSense/.venv/lib/python3.12/site-packages/airflow/example_dags/example_setup_teardown.py
[2026-07-17T20:33:15.199+0530] {logging_mixin.py:190} INFO - [2026-07-17T20:33:15.199+0530] {dag.py:3239} INFO - Sync 1 DAGs
[2026-07-17T20:33:15.202+0530] {logging_mixin.py:190} INFO - [2026-07-17T20:33:15.202+0530] {dag.py:4180} INFO - Setting next_dagrun for example_setup_teardown to None, run_after=None
[2026-07-17T20:33:15.207+0530] {processor.py:208} INFO - Processing /Users/bhavishyachallagolla/Desktop/RetailSense/.venv/lib/python3.12/site-packages/airflow/example_dags/example_setup_teardown.py took 0.037 seconds
[2026-07-17T20:34:54.848+0530] {processor.py:186} INFO - Started process (PID=89588) to work on /Users/bhavishyachallagolla/Desktop/RetailSense/.venv/lib/python3.12/site-packages/airflow/example_dags/example_setup_teardown.py
[2026-07-17T20:34:54.849+0530] {processor.py:914} INFO - Processing file /Users/bhavishyachallagolla/Desktop/RetailSense/.venv/lib/python3.12/site-packages/airflow/example_dags/example_setup_teardown.py for tasks to queue
[2026-07-17T20:34:54.849+0530] {logging_mixin.py:190} INFO - [2026-07-17T20:34:54.849+0530] {dagbag.py:588} INFO - Filling up the DagBag from /Users/bhavishyachallagolla/Desktop/RetailSense/.venv/lib/python3.12/site-packages/airflow/example_dags/example_setup_teardown.py
[2026-07-17T20:34:54.852+0530] {processor.py:925} INFO - DAG(s) 'example_setup_teardown' retrieved from /Users/bhavishyachallagolla/Desktop/RetailSense/.venv/lib/python3.12/site-packages/airflow/example_dags/example_setup_teardown.py
[2026-07-17T20:34:54.877+0530] {logging_mixin.py:190} INFO - [2026-07-17T20:34:54.877+0530] {dag.py:3239} INFO - Sync 1 DAGs
[2026-07-17T20:34:54.880+0530] {logging_mixin.py:190} INFO - [2026-07-17T20:34:54.880+0530] {dag.py:4180} INFO - Setting next_dagrun for example_setup_teardown to None, run_after=None
[2026-07-17T20:34:54.885+0530] {processor.py:208} INFO - Processing /Users/bhavishyachallagolla/Desktop/RetailSense/.venv/lib/python3.12/site-packages/airflow/example_dags/example_setup_teardown.py took 0.037 seconds
[2026-07-17T20:36:35.846+0530] {processor.py:186} INFO - Started process (PID=89738) to work on /Users/bhavishyachallagolla/Desktop/RetailSense/.venv/lib/python3.12/site-packages/airflow/example_dags/example_setup_teardown.py
[2026-07-17T20:36:35.846+0530] {processor.py:914} INFO - Processing file /Users/bhavishyachallagolla/Desktop/RetailSense/.venv/lib/python3.12/site-packages/airflow/example_dags/example_setup_teardown.py for tasks to queue
[2026-07-17T20:36:35.847+0530] {logging_mixin.py:190} INFO - [2026-07-17T20:36:35.846+0530] {dagbag.py:588} INFO - Filling up the DagBag from /Users/bhavishyachallagolla/Desktop/RetailSense/.venv/lib/python3.12/site-packages/airflow/example_dags/example_setup_teardown.py
[2026-07-17T20:36:35.849+0530] {processor.py:925} INFO - DAG(s) 'example_setup_teardown' retrieved from /Users/bhavishyachallagolla/Desktop/RetailSense/.venv/lib/python3.12/site-packages/airflow/example_dags/example_setup_teardown.py
[2026-07-17T20:36:35.873+0530] {logging_mixin.py:190} INFO - [2026-07-17T20:36:35.873+0530] {dag.py:3239} INFO - Sync 1 DAGs
[2026-07-17T20:36:35.876+0530] {logging_mixin.py:190} INFO - [2026-07-17T20:36:35.876+0530] {dag.py:4180} INFO - Setting next_dagrun for example_setup_teardown to None, run_after=None
[2026-07-17T20:36:35.881+0530] {processor.py:208} INFO - Processing /Users/bhavishyachallagolla/Desktop/RetailSense/.venv/lib/python3.12/site-packages/airflow/example_dags/example_setup_teardown.py took 0.036 seconds
[2026-07-17T20:38:17.533+0530] {processor.py:186} INFO - Started process (PID=89891) to work on /Users/bhavishyachallagolla/Desktop/RetailSense/.venv/lib/python3.12/site-packages/airflow/example_dags/example_setup_teardown.py
[2026-07-17T20:38:17.533+0530] {processor.py:914} INFO - Processing file /Users/bhavishyachallagolla/Desktop/RetailSense/.venv/lib/python3.12/site-packages/airflow/example_dags/example_setup_teardown.py for tasks to queue
[2026-07-17T20:38:17.534+0530] {logging_mixin.py:190} INFO - [2026-07-17T20:38:17.534+0530] {dagbag.py:588} INFO - Filling up the DagBag from /Users/bhavishyachallagolla/Desktop/RetailSense/.venv/lib/python3.12/site-packages/airflow/example_dags/example_setup_teardown.py
[2026-07-17T20:38:17.536+0530] {processor.py:925} INFO - DAG(s) 'example_setup_teardown' retrieved from /Users/bhavishyachallagolla/Desktop/RetailSense/.venv/lib/python3.12/site-packages/airflow/example_dags/example_setup_teardown.py
[2026-07-17T20:38:17.561+0530] {logging_mixin.py:190} INFO - [2026-07-17T20:38:17.561+0530] {dag.py:3239} INFO - Sync 1 DAGs
[2026-07-17T20:38:17.564+0530] {logging_mixin.py:190} INFO - [2026-07-17T20:38:17.564+0530] {dag.py:4180} INFO - Setting next_dagrun for example_setup_teardown to None, run_after=None
[2026-07-17T20:38:17.569+0530] {processor.py:208} INFO - Processing /Users/bhavishyachallagolla/Desktop/RetailSense/.venv/lib/python3.12/site-packages/airflow/example_dags/example_setup_teardown.py took 0.037 seconds
[2026-07-17T20:40:00.478+0530] {processor.py:186} INFO - Started process (PID=90116) to work on /Users/bhavishyachallagolla/Desktop/RetailSense/.venv/lib/python3.12/site-packages/airflow/example_dags/example_setup_teardown.py
[2026-07-17T20:40:00.479+0530] {processor.py:914} INFO - Processing file /Users/bhavishyachallagolla/Desktop/RetailSense/.venv/lib/python3.12/site-packages/airflow/example_dags/example_setup_teardown.py for tasks to queue
[2026-07-17T20:40:00.480+0530] {logging_mixin.py:190} INFO - [2026-07-17T20:40:00.480+0530] {dagbag.py:588} INFO - Filling up the DagBag from /Users/bhavishyachallagolla/Desktop/RetailSense/.venv/lib/python3.12/site-packages/airflow/example_dags/example_setup_teardown.py
[2026-07-17T20:40:00.482+0530] {processor.py:925} INFO - DAG(s) 'example_setup_teardown' retrieved from /Users/bhavishyachallagolla/Desktop/RetailSense/.venv/lib/python3.12/site-packages/airflow/example_dags/example_setup_teardown.py
[2026-07-17T20:40:00.507+0530] {logging_mixin.py:190} INFO - [2026-07-17T20:40:00.507+0530] {dag.py:3239} INFO - Sync 1 DAGs
[2026-07-17T20:40:00.510+0530] {logging_mixin.py:190} INFO - [2026-07-17T20:40:00.510+0530] {dag.py:4180} INFO - Setting next_dagrun for example_setup_teardown to None, run_after=None
[2026-07-17T20:40:00.515+0530] {processor.py:208} INFO - Processing /Users/bhavishyachallagolla/Desktop/RetailSense/.venv/lib/python3.12/site-packages/airflow/example_dags/example_setup_teardown.py took 0.038 seconds
[2026-07-17T20:41:38.796+0530] {processor.py:186} INFO - Started process (PID=90319) to work on /Users/bhavishyachallagolla/Desktop/RetailSense/.venv/lib/python3.12/site-packages/airflow/example_dags/example_setup_teardown.py
[2026-07-17T20:41:38.797+0530] {processor.py:914} INFO - Processing file /Users/bhavishyachallagolla/Desktop/RetailSense/.venv/lib/python3.12/site-packages/airflow/example_dags/example_setup_teardown.py for tasks to queue
[2026-07-17T20:41:38.797+0530] {logging_mixin.py:190} INFO - [2026-07-17T20:41:38.797+0530] {dagbag.py:588} INFO - Filling up the DagBag from /Users/bhavishyachallagolla/Desktop/RetailSense/.venv/lib/python3.12/site-packages/airflow/example_dags/example_setup_teardown.py
[2026-07-17T20:41:38.800+0530] {processor.py:925} INFO - DAG(s) 'example_setup_teardown' retrieved from /Users/bhavishyachallagolla/Desktop/RetailSense/.venv/lib/python3.12/site-packages/airflow/example_dags/example_setup_teardown.py
[2026-07-17T20:41:38.825+0530] {logging_mixin.py:190} INFO - [2026-07-17T20:41:38.825+0530] {dag.py:3239} INFO - Sync 1 DAGs
[2026-07-17T20:41:38.828+0530] {logging_mixin.py:190} INFO - [2026-07-17T20:41:38.828+0530] {dag.py:4180} INFO - Setting next_dagrun for example_setup_teardown to None, run_after=None
[2026-07-17T20:41:38.834+0530] {processor.py:208} INFO - Processing /Users/bhavishyachallagolla/Desktop/RetailSense/.venv/lib/python3.12/site-packages/airflow/example_dags/example_setup_teardown.py took 0.039 seconds
[2026-07-17T20:43:17.788+0530] {processor.py:186} INFO - Started process (PID=90471) to work on /Users/bhavishyachallagolla/Desktop/RetailSense/.venv/lib/python3.12/site-packages/airflow/example_dags/example_setup_teardown.py
[2026-07-17T20:43:17.790+0530] {processor.py:914} INFO - Processing file /Users/bhavishyachallagolla/Desktop/RetailSense/.venv/lib/python3.12/site-packages/airflow/example_dags/example_setup_teardown.py for tasks to queue
[2026-07-17T20:43:17.790+0530] {logging_mixin.py:190} INFO - [2026-07-17T20:43:17.790+0530] {dagbag.py:588} INFO - Filling up the DagBag from /Users/bhavishyachallagolla/Desktop/RetailSense/.venv/lib/python3.12/site-packages/airflow/example_dags/example_setup_teardown.py
[2026-07-17T20:43:17.792+0530] {processor.py:925} INFO - DAG(s) 'example_setup_teardown' retrieved from /Users/bhavishyachallagolla/Desktop/RetailSense/.venv/lib/python3.12/site-packages/airflow/example_dags/example_setup_teardown.py
[2026-07-17T20:43:17.817+0530] {logging_mixin.py:190} INFO - [2026-07-17T20:43:17.817+0530] {dag.py:3239} INFO - Sync 1 DAGs
[2026-07-17T20:43:17.820+0530] {logging_mixin.py:190} INFO - [2026-07-17T20:43:17.820+0530] {dag.py:4180} INFO - Setting next_dagrun for example_setup_teardown to None, run_after=None
[2026-07-17T20:43:17.825+0530] {processor.py:208} INFO - Processing /Users/bhavishyachallagolla/Desktop/RetailSense/.venv/lib/python3.12/site-packages/airflow/example_dags/example_setup_teardown.py took 0.037 seconds
[2026-07-17T20:44:58.102+0530] {processor.py:186} INFO - Started process (PID=90630) to work on /Users/bhavishyachallagolla/Desktop/RetailSense/.venv/lib/python3.12/site-packages/airflow/example_dags/example_setup_teardown.py
[2026-07-17T20:44:58.103+0530] {processor.py:914} INFO - Processing file /Users/bhavishyachallagolla/Desktop/RetailSense/.venv/lib/python3.12/site-packages/airflow/example_dags/example_setup_teardown.py for tasks to queue
[2026-07-17T20:44:58.103+0530] {logging_mixin.py:190} INFO - [2026-07-17T20:44:58.103+0530] {dagbag.py:588} INFO - Filling up the DagBag from /Users/bhavishyachallagolla/Desktop/RetailSense/.venv/lib/python3.12/site-packages/airflow/example_dags/example_setup_teardown.py
[2026-07-17T20:44:58.105+0530] {processor.py:925} INFO - DAG(s) 'example_setup_teardown' retrieved from /Users/bhavishyachallagolla/Desktop/RetailSense/.venv/lib/python3.12/site-packages/airflow/example_dags/example_setup_teardown.py
[2026-07-17T20:44:58.130+0530] {logging_mixin.py:190} INFO - [2026-07-17T20:44:58.130+0530] {dag.py:3239} INFO - Sync 1 DAGs
[2026-07-17T20:44:58.132+0530] {logging_mixin.py:190} INFO - [2026-07-17T20:44:58.132+0530] {dag.py:4180} INFO - Setting next_dagrun for example_setup_teardown to None, run_after=None
[2026-07-17T20:44:58.137+0530] {processor.py:208} INFO - Processing /Users/bhavishyachallagolla/Desktop/RetailSense/.venv/lib/python3.12/site-packages/airflow/example_dags/example_setup_teardown.py took 0.036 seconds
[2026-07-17T20:46:38.898+0530] {processor.py:186} INFO - Started process (PID=90781) to work on /Users/bhavishyachallagolla/Desktop/RetailSense/.venv/lib/python3.12/site-packages/airflow/example_dags/example_setup_teardown.py
[2026-07-17T20:46:38.899+0530] {processor.py:914} INFO - Processing file /Users/bhavishyachallagolla/Desktop/RetailSense/.venv/lib/python3.12/site-packages/airflow/example_dags/example_setup_teardown.py for tasks to queue
[2026-07-17T20:46:38.899+0530] {logging_mixin.py:190} INFO - [2026-07-17T20:46:38.899+0530] {dagbag.py:588} INFO - Filling up the DagBag from /Users/bhavishyachallagolla/Desktop/RetailSense/.venv/lib/python3.12/site-packages/airflow/example_dags/example_setup_teardown.py
[2026-07-17T20:46:38.901+0530] {processor.py:925} INFO - DAG(s) 'example_setup_teardown' retrieved from /Users/bhavishyachallagolla/Desktop/RetailSense/.venv/lib/python3.12/site-packages/airflow/example_dags/example_setup_teardown.py
[2026-07-17T20:46:38.927+0530] {logging_mixin.py:190} INFO - [2026-07-17T20:46:38.926+0530] {dag.py:3239} INFO - Sync 1 DAGs
[2026-07-17T20:46:38.929+0530] {logging_mixin.py:190} INFO - [2026-07-17T20:46:38.929+0530] {dag.py:4180} INFO - Setting next_dagrun for example_setup_teardown to None, run_after=None
[2026-07-17T20:46:38.934+0530] {processor.py:208} INFO - Processing /Users/bhavishyachallagolla/Desktop/RetailSense/.venv/lib/python3.12/site-packages/airflow/example_dags/example_setup_teardown.py took 0.037 seconds
[2026-07-17T20:48:19.431+0530] {processor.py:186} INFO - Started process (PID=90935) to work on /Users/bhavishyachallagolla/Desktop/RetailSense/.venv/lib/python3.12/site-packages/airflow/example_dags/example_setup_teardown.py
[2026-07-17T20:48:19.432+0530] {processor.py:914} INFO - Processing file /Users/bhavishyachallagolla/Desktop/RetailSense/.venv/lib/python3.12/site-packages/airflow/example_dags/example_setup_teardown.py for tasks to queue
[2026-07-17T20:48:19.432+0530] {logging_mixin.py:190} INFO - [2026-07-17T20:48:19.432+0530] {dagbag.py:588} INFO - Filling up the DagBag from /Users/bhavishyachallagolla/Desktop/RetailSense/.venv/lib/python3.12/site-packages/airflow/example_dags/example_setup_teardown.py
[2026-07-17T20:48:19.435+0530] {processor.py:925} INFO - DAG(s) 'example_setup_teardown' retrieved from /Users/bhavishyachallagolla/Desktop/RetailSense/.venv/lib/python3.12/site-packages/airflow/example_dags/example_setup_teardown.py
[2026-07-17T20:48:19.459+0530] {logging_mixin.py:190} INFO - [2026-07-17T20:48:19.459+0530] {dag.py:3239} INFO - Sync 1 DAGs
[2026-07-17T20:48:19.462+0530] {logging_mixin.py:190} INFO - [2026-07-17T20:48:19.462+0530] {dag.py:4180} INFO - Setting next_dagrun for example_setup_teardown to None, run_after=None
[2026-07-17T20:48:19.467+0530] {processor.py:208} INFO - Processing /Users/bhavishyachallagolla/Desktop/RetailSense/.venv/lib/python3.12/site-packages/airflow/example_dags/example_setup_teardown.py took 0.037 seconds
[2026-07-17T20:49:58.040+0530] {processor.py:186} INFO - Started process (PID=91102) to work on /Users/bhavishyachallagolla/Desktop/RetailSense/.venv/lib/python3.12/site-packages/airflow/example_dags/example_setup_teardown.py
[2026-07-17T20:49:58.041+0530] {processor.py:914} INFO - Processing file /Users/bhavishyachallagolla/Desktop/RetailSense/.venv/lib/python3.12/site-packages/airflow/example_dags/example_setup_teardown.py for tasks to queue
[2026-07-17T20:49:58.041+0530] {logging_mixin.py:190} INFO - [2026-07-17T20:49:58.041+0530] {dagbag.py:588} INFO - Filling up the DagBag from /Users/bhavishyachallagolla/Desktop/RetailSense/.venv/lib/python3.12/site-packages/airflow/example_dags/example_setup_teardown.py
[2026-07-17T20:49:58.043+0530] {processor.py:925} INFO - DAG(s) 'example_setup_teardown' retrieved from /Users/bhavishyachallagolla/Desktop/RetailSense/.venv/lib/python3.12/site-packages/airflow/example_dags/example_setup_teardown.py
[2026-07-17T20:49:58.068+0530] {logging_mixin.py:190} INFO - [2026-07-17T20:49:58.068+0530] {dag.py:3239} INFO - Sync 1 DAGs
[2026-07-17T20:49:58.071+0530] {logging_mixin.py:190} INFO - [2026-07-17T20:49:58.071+0530] {dag.py:4180} INFO - Setting next_dagrun for example_setup_teardown to None, run_after=None
[2026-07-17T20:49:58.076+0530] {processor.py:208} INFO - Processing /Users/bhavishyachallagolla/Desktop/RetailSense/.venv/lib/python3.12/site-packages/airflow/example_dags/example_setup_teardown.py took 0.037 seconds
[2026-07-17T20:51:38.746+0530] {processor.py:186} INFO - Started process (PID=91252) to work on /Users/bhavishyachallagolla/Desktop/RetailSense/.venv/lib/python3.12/site-packages/airflow/example_dags/example_setup_teardown.py
[2026-07-17T20:51:38.747+0530] {processor.py:914} INFO - Processing file /Users/bhavishyachallagolla/Desktop/RetailSense/.venv/lib/python3.12/site-packages/airflow/example_dags/example_setup_teardown.py for tasks to queue
[2026-07-17T20:51:38.747+0530] {logging_mixin.py:190} INFO - [2026-07-17T20:51:38.747+0530] {dagbag.py:588} INFO - Filling up the DagBag from /Users/bhavishyachallagolla/Desktop/RetailSense/.venv/lib/python3.12/site-packages/airflow/example_dags/example_setup_teardown.py
[2026-07-17T20:51:38.750+0530] {processor.py:925} INFO - DAG(s) 'example_setup_teardown' retrieved from /Users/bhavishyachallagolla/Desktop/RetailSense/.venv/lib/python3.12/site-packages/airflow/example_dags/example_setup_teardown.py
[2026-07-17T20:51:38.774+0530] {logging_mixin.py:190} INFO - [2026-07-17T20:51:38.774+0530] {dag.py:3239} INFO - Sync 1 DAGs
[2026-07-17T20:51:38.777+0530] {logging_mixin.py:190} INFO - [2026-07-17T20:51:38.777+0530] {dag.py:4180} INFO - Setting next_dagrun for example_setup_teardown to None, run_after=None
[2026-07-17T20:51:38.782+0530] {processor.py:208} INFO - Processing /Users/bhavishyachallagolla/Desktop/RetailSense/.venv/lib/python3.12/site-packages/airflow/example_dags/example_setup_teardown.py took 0.037 seconds
[2026-07-17T20:53:19.031+0530] {processor.py:186} INFO - Started process (PID=91401) to work on /Users/bhavishyachallagolla/Desktop/RetailSense/.venv/lib/python3.12/site-packages/airflow/example_dags/example_setup_teardown.py
[2026-07-17T20:53:19.032+0530] {processor.py:914} INFO - Processing file /Users/bhavishyachallagolla/Desktop/RetailSense/.venv/lib/python3.12/site-packages/airflow/example_dags/example_setup_teardown.py for tasks to queue
[2026-07-17T20:53:19.033+0530] {logging_mixin.py:190} INFO - [2026-07-17T20:53:19.033+0530] {dagbag.py:588} INFO - Filling up the DagBag from /Users/bhavishyachallagolla/Desktop/RetailSense/.venv/lib/python3.12/site-packages/airflow/example_dags/example_setup_teardown.py
[2026-07-17T20:53:19.035+0530] {processor.py:925} INFO - DAG(s) 'example_setup_teardown' retrieved from /Users/bhavishyachallagolla/Desktop/RetailSense/.venv/lib/python3.12/site-packages/airflow/example_dags/example_setup_teardown.py
[2026-07-17T20:53:19.060+0530] {logging_mixin.py:190} INFO - [2026-07-17T20:53:19.060+0530] {dag.py:3239} INFO - Sync 1 DAGs
[2026-07-17T20:53:19.063+0530] {logging_mixin.py:190} INFO - [2026-07-17T20:53:19.063+0530] {dag.py:4180} INFO - Setting next_dagrun for example_setup_teardown to None, run_after=None
[2026-07-17T20:53:19.068+0530] {processor.py:208} INFO - Processing /Users/bhavishyachallagolla/Desktop/RetailSense/.venv/lib/python3.12/site-packages/airflow/example_dags/example_setup_teardown.py took 0.037 seconds
[2026-07-17T20:55:00.880+0530] {processor.py:186} INFO - Started process (PID=91555) to work on /Users/bhavishyachallagolla/Desktop/RetailSense/.venv/lib/python3.12/site-packages/airflow/example_dags/example_setup_teardown.py
[2026-07-17T20:55:00.880+0530] {processor.py:914} INFO - Processing file /Users/bhavishyachallagolla/Desktop/RetailSense/.venv/lib/python3.12/site-packages/airflow/example_dags/example_setup_teardown.py for tasks to queue
[2026-07-17T20:55:00.881+0530] {logging_mixin.py:190} INFO - [2026-07-17T20:55:00.881+0530] {dagbag.py:588} INFO - Filling up the DagBag from /Users/bhavishyachallagolla/Desktop/RetailSense/.venv/lib/python3.12/site-packages/airflow/example_dags/example_setup_teardown.py
[2026-07-17T20:55:00.884+0530] {processor.py:925} INFO - DAG(s) 'example_setup_teardown' retrieved from /Users/bhavishyachallagolla/Desktop/RetailSense/.venv/lib/python3.12/site-packages/airflow/example_dags/example_setup_teardown.py
[2026-07-17T20:55:00.911+0530] {logging_mixin.py:190} INFO - [2026-07-17T20:55:00.911+0530] {dag.py:3239} INFO - Sync 1 DAGs
[2026-07-17T20:55:00.914+0530] {logging_mixin.py:190} INFO - [2026-07-17T20:55:00.914+0530] {dag.py:4180} INFO - Setting next_dagrun for example_setup_teardown to None, run_after=None
[2026-07-17T20:55:00.919+0530] {processor.py:208} INFO - Processing /Users/bhavishyachallagolla/Desktop/RetailSense/.venv/lib/python3.12/site-packages/airflow/example_dags/example_setup_teardown.py took 0.041 seconds
[2026-07-17T20:56:41.041+0530] {processor.py:186} INFO - Started process (PID=91717) to work on /Users/bhavishyachallagolla/Desktop/RetailSense/.venv/lib/python3.12/site-packages/airflow/example_dags/example_setup_teardown.py
[2026-07-17T20:56:41.042+0530] {processor.py:914} INFO - Processing file /Users/bhavishyachallagolla/Desktop/RetailSense/.venv/lib/python3.12/site-packages/airflow/example_dags/example_setup_teardown.py for tasks to queue
[2026-07-17T20:56:41.043+0530] {logging_mixin.py:190} INFO - [2026-07-17T20:56:41.043+0530] {dagbag.py:588} INFO - Filling up the DagBag from /Users/bhavishyachallagolla/Desktop/RetailSense/.venv/lib/python3.12/site-packages/airflow/example_dags/example_setup_teardown.py
[2026-07-17T20:56:41.045+0530] {processor.py:925} INFO - DAG(s) 'example_setup_teardown' retrieved from /Users/bhavishyachallagolla/Desktop/RetailSense/.venv/lib/python3.12/site-packages/airflow/example_dags/example_setup_teardown.py
[2026-07-17T20:56:41.070+0530] {logging_mixin.py:190} INFO - [2026-07-17T20:56:41.070+0530] {dag.py:3239} INFO - Sync 1 DAGs
[2026-07-17T20:56:41.073+0530] {logging_mixin.py:190} INFO - [2026-07-17T20:56:41.073+0530] {dag.py:4180} INFO - Setting next_dagrun for example_setup_teardown to None, run_after=None
[2026-07-17T20:56:41.078+0530] {processor.py:208} INFO - Processing /Users/bhavishyachallagolla/Desktop/RetailSense/.venv/lib/python3.12/site-packages/airflow/example_dags/example_setup_teardown.py took 0.038 seconds
[2026-07-17T20:58:18.960+0530] {processor.py:186} INFO - Started process (PID=91862) to work on /Users/bhavishyachallagolla/Desktop/RetailSense/.venv/lib/python3.12/site-packages/airflow/example_dags/example_setup_teardown.py
[2026-07-17T20:58:18.961+0530] {processor.py:914} INFO - Processing file /Users/bhavishyachallagolla/Desktop/RetailSense/.venv/lib/python3.12/site-packages/airflow/example_dags/example_setup_teardown.py for tasks to queue
[2026-07-17T20:58:18.961+0530] {logging_mixin.py:190} INFO - [2026-07-17T20:58:18.961+0530] {dagbag.py:588} INFO - Filling up the DagBag from /Users/bhavishyachallagolla/Desktop/RetailSense/.venv/lib/python3.12/site-packages/airflow/example_dags/example_setup_teardown.py
[2026-07-17T20:58:18.964+0530] {processor.py:925} INFO - DAG(s) 'example_setup_teardown' retrieved from /Users/bhavishyachallagolla/Desktop/RetailSense/.venv/lib/python3.12/site-packages/airflow/example_dags/example_setup_teardown.py
[2026-07-17T20:58:18.989+0530] {logging_mixin.py:190} INFO - [2026-07-17T20:58:18.989+0530] {dag.py:3239} INFO - Sync 1 DAGs
[2026-07-17T20:58:18.992+0530] {logging_mixin.py:190} INFO - [2026-07-17T20:58:18.992+0530] {dag.py:4180} INFO - Setting next_dagrun for example_setup_teardown to None, run_after=None
[2026-07-17T20:58:18.996+0530] {processor.py:208} INFO - Processing /Users/bhavishyachallagolla/Desktop/RetailSense/.venv/lib/python3.12/site-packages/airflow/example_dags/example_setup_teardown.py took 0.038 seconds
[2026-07-17T21:32:35.665+0530] {processor.py:186} INFO - Started process (PID=92021) to work on /Users/bhavishyachallagolla/Desktop/RetailSense/.venv/lib/python3.12/site-packages/airflow/example_dags/example_setup_teardown.py
[2026-07-17T21:32:35.666+0530] {processor.py:914} INFO - Processing file /Users/bhavishyachallagolla/Desktop/RetailSense/.venv/lib/python3.12/site-packages/airflow/example_dags/example_setup_teardown.py for tasks to queue
[2026-07-17T21:32:35.667+0530] {logging_mixin.py:190} INFO - [2026-07-17T21:32:35.667+0530] {dagbag.py:588} INFO - Filling up the DagBag from /Users/bhavishyachallagolla/Desktop/RetailSense/.venv/lib/python3.12/site-packages/airflow/example_dags/example_setup_teardown.py
[2026-07-17T21:32:35.669+0530] {processor.py:925} INFO - DAG(s) 'example_setup_teardown' retrieved from /Users/bhavishyachallagolla/Desktop/RetailSense/.venv/lib/python3.12/site-packages/airflow/example_dags/example_setup_teardown.py
[2026-07-17T21:32:35.693+0530] {logging_mixin.py:190} INFO - [2026-07-17T21:32:35.693+0530] {dag.py:3239} INFO - Sync 1 DAGs
[2026-07-17T21:32:35.696+0530] {logging_mixin.py:190} INFO - [2026-07-17T21:32:35.696+0530] {dag.py:4180} INFO - Setting next_dagrun for example_setup_teardown to None, run_after=None
[2026-07-17T21:32:35.701+0530] {processor.py:208} INFO - Processing /Users/bhavishyachallagolla/Desktop/RetailSense/.venv/lib/python3.12/site-packages/airflow/example_dags/example_setup_teardown.py took 0.036 seconds
[2026-07-17T22:22:39.877+0530] {processor.py:186} INFO - Started process (PID=92122) to work on /Users/bhavishyachallagolla/Desktop/RetailSense/.venv/lib/python3.12/site-packages/airflow/example_dags/example_setup_teardown.py
[2026-07-17T22:22:39.878+0530] {processor.py:914} INFO - Processing file /Users/bhavishyachallagolla/Desktop/RetailSense/.venv/lib/python3.12/site-packages/airflow/example_dags/example_setup_teardown.py for tasks to queue
[2026-07-17T22:22:39.878+0530] {logging_mixin.py:190} INFO - [2026-07-17T22:22:39.878+0530] {dagbag.py:588} INFO - Filling up the DagBag from /Users/bhavishyachallagolla/Desktop/RetailSense/.venv/lib/python3.12/site-packages/airflow/example_dags/example_setup_teardown.py
[2026-07-17T22:22:39.880+0530] {processor.py:925} INFO - DAG(s) 'example_setup_teardown' retrieved from /Users/bhavishyachallagolla/Desktop/RetailSense/.venv/lib/python3.12/site-packages/airflow/example_dags/example_setup_teardown.py
[2026-07-17T22:22:39.904+0530] {logging_mixin.py:190} INFO - [2026-07-17T22:22:39.904+0530] {dag.py:3239} INFO - Sync 1 DAGs
[2026-07-17T22:22:39.906+0530] {logging_mixin.py:190} INFO - [2026-07-17T22:22:39.906+0530] {dag.py:4180} INFO - Setting next_dagrun for example_setup_teardown to None, run_after=None
[2026-07-17T22:22:39.911+0530] {processor.py:208} INFO - Processing /Users/bhavishyachallagolla/Desktop/RetailSense/.venv/lib/python3.12/site-packages/airflow/example_dags/example_setup_teardown.py took 0.035 seconds
[2026-07-17T22:23:58.251+0530] {processor.py:186} INFO - Started process (PID=92241) to work on /Users/bhavishyachallagolla/Desktop/RetailSense/.venv/lib/python3.12/site-packages/airflow/example_dags/example_setup_teardown.py
[2026-07-17T22:23:58.251+0530] {processor.py:914} INFO - Processing file /Users/bhavishyachallagolla/Desktop/RetailSense/.venv/lib/python3.12/site-packages/airflow/example_dags/example_setup_teardown.py for tasks to queue
[2026-07-17T22:23:58.251+0530] {logging_mixin.py:190} INFO - [2026-07-17T22:23:58.251+0530] {dagbag.py:588} INFO - Filling up the DagBag from /Users/bhavishyachallagolla/Desktop/RetailSense/.venv/lib/python3.12/site-packages/airflow/example_dags/example_setup_teardown.py
[2026-07-17T22:23:58.254+0530] {processor.py:925} INFO - DAG(s) 'example_setup_teardown' retrieved from /Users/bhavishyachallagolla/Desktop/RetailSense/.venv/lib/python3.12/site-packages/airflow/example_dags/example_setup_teardown.py
[2026-07-17T22:23:58.279+0530] {logging_mixin.py:190} INFO - [2026-07-17T22:23:58.279+0530] {dag.py:3239} INFO - Sync 1 DAGs
[2026-07-17T22:23:58.282+0530] {logging_mixin.py:190} INFO - [2026-07-17T22:23:58.282+0530] {dag.py:4180} INFO - Setting next_dagrun for example_setup_teardown to None, run_after=None
[2026-07-17T22:23:58.287+0530] {processor.py:208} INFO - Processing /Users/bhavishyachallagolla/Desktop/RetailSense/.venv/lib/python3.12/site-packages/airflow/example_dags/example_setup_teardown.py took 0.037 seconds
[2026-07-17T22:25:38.066+0530] {processor.py:186} INFO - Started process (PID=92393) to work on /Users/bhavishyachallagolla/Desktop/RetailSense/.venv/lib/python3.12/site-packages/airflow/example_dags/example_setup_teardown.py
[2026-07-17T22:25:38.067+0530] {processor.py:914} INFO - Processing file /Users/bhavishyachallagolla/Desktop/RetailSense/.venv/lib/python3.12/site-packages/airflow/example_dags/example_setup_teardown.py for tasks to queue
[2026-07-17T22:25:38.068+0530] {logging_mixin.py:190} INFO - [2026-07-17T22:25:38.068+0530] {dagbag.py:588} INFO - Filling up the DagBag from /Users/bhavishyachallagolla/Desktop/RetailSense/.venv/lib/python3.12/site-packages/airflow/example_dags/example_setup_teardown.py
[2026-07-17T22:25:38.070+0530] {processor.py:925} INFO - DAG(s) 'example_setup_teardown' retrieved from /Users/bhavishyachallagolla/Desktop/RetailSense/.venv/lib/python3.12/site-packages/airflow/example_dags/example_setup_teardown.py
[2026-07-17T22:25:38.095+0530] {logging_mixin.py:190} INFO - [2026-07-17T22:25:38.095+0530] {dag.py:3239} INFO - Sync 1 DAGs
[2026-07-17T22:25:38.098+0530] {logging_mixin.py:190} INFO - [2026-07-17T22:25:38.098+0530] {dag.py:4180} INFO - Setting next_dagrun for example_setup_teardown to None, run_after=None
[2026-07-17T22:25:38.103+0530] {processor.py:208} INFO - Processing /Users/bhavishyachallagolla/Desktop/RetailSense/.venv/lib/python3.12/site-packages/airflow/example_dags/example_setup_teardown.py took 0.037 seconds
[2026-07-17T22:27:18.479+0530] {processor.py:186} INFO - Started process (PID=92544) to work on /Users/bhavishyachallagolla/Desktop/RetailSense/.venv/lib/python3.12/site-packages/airflow/example_dags/example_setup_teardown.py
[2026-07-17T22:27:18.480+0530] {processor.py:914} INFO - Processing file /Users/bhavishyachallagolla/Desktop/RetailSense/.venv/lib/python3.12/site-packages/airflow/example_dags/example_setup_teardown.py for tasks to queue
[2026-07-17T22:27:18.481+0530] {logging_mixin.py:190} INFO - [2026-07-17T22:27:18.481+0530] {dagbag.py:588} INFO - Filling up the DagBag from /Users/bhavishyachallagolla/Desktop/RetailSense/.venv/lib/python3.12/site-packages/airflow/example_dags/example_setup_teardown.py
[2026-07-17T22:27:18.483+0530] {processor.py:925} INFO - DAG(s) 'example_setup_teardown' retrieved from /Users/bhavishyachallagolla/Desktop/RetailSense/.venv/lib/python3.12/site-packages/airflow/example_dags/example_setup_teardown.py
[2026-07-17T22:27:18.508+0530] {logging_mixin.py:190} INFO - [2026-07-17T22:27:18.507+0530] {dag.py:3239} INFO - Sync 1 DAGs
[2026-07-17T22:27:18.510+0530] {logging_mixin.py:190} INFO - [2026-07-17T22:27:18.510+0530] {dag.py:4180} INFO - Setting next_dagrun for example_setup_teardown to None, run_after=None
[2026-07-17T22:27:18.515+0530] {processor.py:208} INFO - Processing /Users/bhavishyachallagolla/Desktop/RetailSense/.venv/lib/python3.12/site-packages/airflow/example_dags/example_setup_teardown.py took 0.037 seconds
[2026-07-17T22:28:59.458+0530] {processor.py:186} INFO - Started process (PID=92694) to work on /Users/bhavishyachallagolla/Desktop/RetailSense/.venv/lib/python3.12/site-packages/airflow/example_dags/example_setup_teardown.py
[2026-07-17T22:28:59.459+0530] {processor.py:914} INFO - Processing file /Users/bhavishyachallagolla/Desktop/RetailSense/.venv/lib/python3.12/site-packages/airflow/example_dags/example_setup_teardown.py for tasks to queue
[2026-07-17T22:28:59.459+0530] {logging_mixin.py:190} INFO - [2026-07-17T22:28:59.459+0530] {dagbag.py:588} INFO - Filling up the DagBag from /Users/bhavishyachallagolla/Desktop/RetailSense/.venv/lib/python3.12/site-packages/airflow/example_dags/example_setup_teardown.py
[2026-07-17T22:28:59.462+0530] {processor.py:925} INFO - DAG(s) 'example_setup_teardown' retrieved from /Users/bhavishyachallagolla/Desktop/RetailSense/.venv/lib/python3.12/site-packages/airflow/example_dags/example_setup_teardown.py
[2026-07-17T22:28:59.487+0530] {logging_mixin.py:190} INFO - [2026-07-17T22:28:59.487+0530] {dag.py:3239} INFO - Sync 1 DAGs
[2026-07-17T22:28:59.490+0530] {logging_mixin.py:190} INFO - [2026-07-17T22:28:59.489+0530] {dag.py:4180} INFO - Setting next_dagrun for example_setup_teardown to None, run_after=None
[2026-07-17T22:28:59.494+0530] {processor.py:208} INFO - Processing /Users/bhavishyachallagolla/Desktop/RetailSense/.venv/lib/python3.12/site-packages/airflow/example_dags/example_setup_teardown.py took 0.038 seconds
[2026-07-17T22:30:36.528+0530] {processor.py:186} INFO - Started process (PID=92840) to work on /Users/bhavishyachallagolla/Desktop/RetailSense/.venv/lib/python3.12/site-packages/airflow/example_dags/example_setup_teardown.py
[2026-07-17T22:30:36.529+0530] {processor.py:914} INFO - Processing file /Users/bhavishyachallagolla/Desktop/RetailSense/.venv/lib/python3.12/site-packages/airflow/example_dags/example_setup_teardown.py for tasks to queue
[2026-07-17T22:30:36.529+0530] {logging_mixin.py:190} INFO - [2026-07-17T22:30:36.529+0530] {dagbag.py:588} INFO - Filling up the DagBag from /Users/bhavishyachallagolla/Desktop/RetailSense/.venv/lib/python3.12/site-packages/airflow/example_dags/example_setup_teardown.py
[2026-07-17T22:30:36.532+0530] {processor.py:925} INFO - DAG(s) 'example_setup_teardown' retrieved from /Users/bhavishyachallagolla/Desktop/RetailSense/.venv/lib/python3.12/site-packages/airflow/example_dags/example_setup_teardown.py
[2026-07-17T22:30:36.556+0530] {logging_mixin.py:190} INFO - [2026-07-17T22:30:36.556+0530] {dag.py:3239} INFO - Sync 1 DAGs
[2026-07-17T22:30:36.559+0530] {logging_mixin.py:190} INFO - [2026-07-17T22:30:36.559+0530] {dag.py:4180} INFO - Setting next_dagrun for example_setup_teardown to None, run_after=None
[2026-07-17T22:30:36.564+0530] {processor.py:208} INFO - Processing /Users/bhavishyachallagolla/Desktop/RetailSense/.venv/lib/python3.12/site-packages/airflow/example_dags/example_setup_teardown.py took 0.037 seconds
[2026-07-17T22:32:18.604+0530] {processor.py:186} INFO - Started process (PID=93003) to work on /Users/bhavishyachallagolla/Desktop/RetailSense/.venv/lib/python3.12/site-packages/airflow/example_dags/example_setup_teardown.py
[2026-07-17T22:32:18.605+0530] {processor.py:914} INFO - Processing file /Users/bhavishyachallagolla/Desktop/RetailSense/.venv/lib/python3.12/site-packages/airflow/example_dags/example_setup_teardown.py for tasks to queue
[2026-07-17T22:32:18.605+0530] {logging_mixin.py:190} INFO - [2026-07-17T22:32:18.605+0530] {dagbag.py:588} INFO - Filling up the DagBag from /Users/bhavishyachallagolla/Desktop/RetailSense/.venv/lib/python3.12/site-packages/airflow/example_dags/example_setup_teardown.py
[2026-07-17T22:32:18.608+0530] {processor.py:925} INFO - DAG(s) 'example_setup_teardown' retrieved from /Users/bhavishyachallagolla/Desktop/RetailSense/.venv/lib/python3.12/site-packages/airflow/example_dags/example_setup_teardown.py
[2026-07-17T22:32:18.633+0530] {logging_mixin.py:190} INFO - [2026-07-17T22:32:18.633+0530] {dag.py:3239} INFO - Sync 1 DAGs
[2026-07-17T22:32:18.636+0530] {logging_mixin.py:190} INFO - [2026-07-17T22:32:18.636+0530] {dag.py:4180} INFO - Setting next_dagrun for example_setup_teardown to None, run_after=None
[2026-07-17T22:32:18.641+0530] {processor.py:208} INFO - Processing /Users/bhavishyachallagolla/Desktop/RetailSense/.venv/lib/python3.12/site-packages/airflow/example_dags/example_setup_teardown.py took 0.038 seconds
[2026-07-17T22:33:56.024+0530] {processor.py:186} INFO - Started process (PID=93148) to work on /Users/bhavishyachallagolla/Desktop/RetailSense/.venv/lib/python3.12/site-packages/airflow/example_dags/example_setup_teardown.py
[2026-07-17T22:33:56.025+0530] {processor.py:914} INFO - Processing file /Users/bhavishyachallagolla/Desktop/RetailSense/.venv/lib/python3.12/site-packages/airflow/example_dags/example_setup_teardown.py for tasks to queue
[2026-07-17T22:33:56.026+0530] {logging_mixin.py:190} INFO - [2026-07-17T22:33:56.026+0530] {dagbag.py:588} INFO - Filling up the DagBag from /Users/bhavishyachallagolla/Desktop/RetailSense/.venv/lib/python3.12/site-packages/airflow/example_dags/example_setup_teardown.py
[2026-07-17T22:33:56.028+0530] {processor.py:925} INFO - DAG(s) 'example_setup_teardown' retrieved from /Users/bhavishyachallagolla/Desktop/RetailSense/.venv/lib/python3.12/site-packages/airflow/example_dags/example_setup_teardown.py
[2026-07-17T22:33:56.054+0530] {logging_mixin.py:190} INFO - [2026-07-17T22:33:56.054+0530] {dag.py:3239} INFO - Sync 1 DAGs
[2026-07-17T22:33:56.057+0530] {logging_mixin.py:190} INFO - [2026-07-17T22:33:56.057+0530] {dag.py:4180} INFO - Setting next_dagrun for example_setup_teardown to None, run_after=None
[2026-07-17T22:33:56.062+0530] {processor.py:208} INFO - Processing /Users/bhavishyachallagolla/Desktop/RetailSense/.venv/lib/python3.12/site-packages/airflow/example_dags/example_setup_teardown.py took 0.038 seconds
[2026-07-17T22:35:37.013+0530] {processor.py:186} INFO - Started process (PID=93299) to work on /Users/bhavishyachallagolla/Desktop/RetailSense/.venv/lib/python3.12/site-packages/airflow/example_dags/example_setup_teardown.py
[2026-07-17T22:35:37.013+0530] {processor.py:914} INFO - Processing file /Users/bhavishyachallagolla/Desktop/RetailSense/.venv/lib/python3.12/site-packages/airflow/example_dags/example_setup_teardown.py for tasks to queue
[2026-07-17T22:35:37.014+0530] {logging_mixin.py:190} INFO - [2026-07-17T22:35:37.014+0530] {dagbag.py:588} INFO - Filling up the DagBag from /Users/bhavishyachallagolla/Desktop/RetailSense/.venv/lib/python3.12/site-packages/airflow/example_dags/example_setup_teardown.py
[2026-07-17T22:35:37.016+0530] {processor.py:925} INFO - DAG(s) 'example_setup_teardown' retrieved from /Users/bhavishyachallagolla/Desktop/RetailSense/.venv/lib/python3.12/site-packages/airflow/example_dags/example_setup_teardown.py
[2026-07-17T22:35:37.041+0530] {logging_mixin.py:190} INFO - [2026-07-17T22:35:37.041+0530] {dag.py:3239} INFO - Sync 1 DAGs
[2026-07-17T22:35:37.043+0530] {logging_mixin.py:190} INFO - [2026-07-17T22:35:37.043+0530] {dag.py:4180} INFO - Setting next_dagrun for example_setup_teardown to None, run_after=None
[2026-07-17T22:35:37.049+0530] {processor.py:208} INFO - Processing /Users/bhavishyachallagolla/Desktop/RetailSense/.venv/lib/python3.12/site-packages/airflow/example_dags/example_setup_teardown.py took 0.037 seconds
[2026-07-17T22:37:17.934+0530] {processor.py:186} INFO - Started process (PID=93459) to work on /Users/bhavishyachallagolla/Desktop/RetailSense/.venv/lib/python3.12/site-packages/airflow/example_dags/example_setup_teardown.py
[2026-07-17T22:37:17.935+0530] {processor.py:914} INFO - Processing file /Users/bhavishyachallagolla/Desktop/RetailSense/.venv/lib/python3.12/site-packages/airflow/example_dags/example_setup_teardown.py for tasks to queue
[2026-07-17T22:37:17.936+0530] {logging_mixin.py:190} INFO - [2026-07-17T22:37:17.936+0530] {dagbag.py:588} INFO - Filling up the DagBag from /Users/bhavishyachallagolla/Desktop/RetailSense/.venv/lib/python3.12/site-packages/airflow/example_dags/example_setup_teardown.py
[2026-07-17T22:37:17.938+0530] {processor.py:925} INFO - DAG(s) 'example_setup_teardown' retrieved from /Users/bhavishyachallagolla/Desktop/RetailSense/.venv/lib/python3.12/site-packages/airflow/example_dags/example_setup_teardown.py
[2026-07-17T22:37:17.963+0530] {logging_mixin.py:190} INFO - [2026-07-17T22:37:17.963+0530] {dag.py:3239} INFO - Sync 1 DAGs
[2026-07-17T22:37:17.965+0530] {logging_mixin.py:190} INFO - [2026-07-17T22:37:17.965+0530] {dag.py:4180} INFO - Setting next_dagrun for example_setup_teardown to None, run_after=None
[2026-07-17T22:37:17.970+0530] {processor.py:208} INFO - Processing /Users/bhavishyachallagolla/Desktop/RetailSense/.venv/lib/python3.12/site-packages/airflow/example_dags/example_setup_teardown.py took 0.037 seconds
[2026-07-17T22:38:56.752+0530] {processor.py:186} INFO - Started process (PID=93607) to work on /Users/bhavishyachallagolla/Desktop/RetailSense/.venv/lib/python3.12/site-packages/airflow/example_dags/example_setup_teardown.py
[2026-07-17T22:38:56.753+0530] {processor.py:914} INFO - Processing file /Users/bhavishyachallagolla/Desktop/RetailSense/.venv/lib/python3.12/site-packages/airflow/example_dags/example_setup_teardown.py for tasks to queue
[2026-07-17T22:38:56.753+0530] {logging_mixin.py:190} INFO - [2026-07-17T22:38:56.753+0530] {dagbag.py:588} INFO - Filling up the DagBag from /Users/bhavishyachallagolla/Desktop/RetailSense/.venv/lib/python3.12/site-packages/airflow/example_dags/example_setup_teardown.py
[2026-07-17T22:38:56.755+0530] {processor.py:925} INFO - DAG(s) 'example_setup_teardown' retrieved from /Users/bhavishyachallagolla/Desktop/RetailSense/.venv/lib/python3.12/site-packages/airflow/example_dags/example_setup_teardown.py
[2026-07-17T22:38:56.780+0530] {logging_mixin.py:190} INFO - [2026-07-17T22:38:56.780+0530] {dag.py:3239} INFO - Sync 1 DAGs
[2026-07-17T22:38:56.783+0530] {logging_mixin.py:190} INFO - [2026-07-17T22:38:56.783+0530] {dag.py:4180} INFO - Setting next_dagrun for example_setup_teardown to None, run_after=None
[2026-07-17T22:38:56.788+0530] {processor.py:208} INFO - Processing /Users/bhavishyachallagolla/Desktop/RetailSense/.venv/lib/python3.12/site-packages/airflow/example_dags/example_setup_teardown.py took 0.037 seconds
[2026-07-17T22:40:38.536+0530] {processor.py:186} INFO - Started process (PID=93758) to work on /Users/bhavishyachallagolla/Desktop/RetailSense/.venv/lib/python3.12/site-packages/airflow/example_dags/example_setup_teardown.py
[2026-07-17T22:40:38.537+0530] {processor.py:914} INFO - Processing file /Users/bhavishyachallagolla/Desktop/RetailSense/.venv/lib/python3.12/site-packages/airflow/example_dags/example_setup_teardown.py for tasks to queue
[2026-07-17T22:40:38.538+0530] {logging_mixin.py:190} INFO - [2026-07-17T22:40:38.538+0530] {dagbag.py:588} INFO - Filling up the DagBag from /Users/bhavishyachallagolla/Desktop/RetailSense/.venv/lib/python3.12/site-packages/airflow/example_dags/example_setup_teardown.py
[2026-07-17T22:40:38.540+0530] {processor.py:925} INFO - DAG(s) 'example_setup_teardown' retrieved from /Users/bhavishyachallagolla/Desktop/RetailSense/.venv/lib/python3.12/site-packages/airflow/example_dags/example_setup_teardown.py
[2026-07-17T22:40:38.565+0530] {logging_mixin.py:190} INFO - [2026-07-17T22:40:38.564+0530] {dag.py:3239} INFO - Sync 1 DAGs
[2026-07-17T22:40:38.567+0530] {logging_mixin.py:190} INFO - [2026-07-17T22:40:38.567+0530] {dag.py:4180} INFO - Setting next_dagrun for example_setup_teardown to None, run_after=None
[2026-07-17T22:40:38.572+0530] {processor.py:208} INFO - Processing /Users/bhavishyachallagolla/Desktop/RetailSense/.venv/lib/python3.12/site-packages/airflow/example_dags/example_setup_teardown.py took 0.037 seconds
[2026-07-17T22:42:19.300+0530] {processor.py:186} INFO - Started process (PID=93909) to work on /Users/bhavishyachallagolla/Desktop/RetailSense/.venv/lib/python3.12/site-packages/airflow/example_dags/example_setup_teardown.py
[2026-07-17T22:42:19.301+0530] {processor.py:914} INFO - Processing file /Users/bhavishyachallagolla/Desktop/RetailSense/.venv/lib/python3.12/site-packages/airflow/example_dags/example_setup_teardown.py for tasks to queue
[2026-07-17T22:42:19.302+0530] {logging_mixin.py:190} INFO - [2026-07-17T22:42:19.301+0530] {dagbag.py:588} INFO - Filling up the DagBag from /Users/bhavishyachallagolla/Desktop/RetailSense/.venv/lib/python3.12/site-packages/airflow/example_dags/example_setup_teardown.py
[2026-07-17T22:42:19.304+0530] {processor.py:925} INFO - DAG(s) 'example_setup_teardown' retrieved from /Users/bhavishyachallagolla/Desktop/RetailSense/.venv/lib/python3.12/site-packages/airflow/example_dags/example_setup_teardown.py
[2026-07-17T22:42:19.330+0530] {logging_mixin.py:190} INFO - [2026-07-17T22:42:19.330+0530] {dag.py:3239} INFO - Sync 1 DAGs
[2026-07-17T22:42:19.333+0530] {logging_mixin.py:190} INFO - [2026-07-17T22:42:19.333+0530] {dag.py:4180} INFO - Setting next_dagrun for example_setup_teardown to None, run_after=None
[2026-07-17T22:42:19.338+0530] {processor.py:208} INFO - Processing /Users/bhavishyachallagolla/Desktop/RetailSense/.venv/lib/python3.12/site-packages/airflow/example_dags/example_setup_teardown.py took 0.039 seconds
[2026-07-17T22:43:59.706+0530] {processor.py:186} INFO - Started process (PID=94059) to work on /Users/bhavishyachallagolla/Desktop/RetailSense/.venv/lib/python3.12/site-packages/airflow/example_dags/example_setup_teardown.py
[2026-07-17T22:43:59.706+0530] {processor.py:914} INFO - Processing file /Users/bhavishyachallagolla/Desktop/RetailSense/.venv/lib/python3.12/site-packages/airflow/example_dags/example_setup_teardown.py for tasks to queue
[2026-07-17T22:43:59.707+0530] {logging_mixin.py:190} INFO - [2026-07-17T22:43:59.707+0530] {dagbag.py:588} INFO - Filling up the DagBag from /Users/bhavishyachallagolla/Desktop/RetailSense/.venv/lib/python3.12/site-packages/airflow/example_dags/example_setup_teardown.py
[2026-07-17T22:43:59.709+0530] {processor.py:925} INFO - DAG(s) 'example_setup_teardown' retrieved from /Users/bhavishyachallagolla/Desktop/RetailSense/.venv/lib/python3.12/site-packages/airflow/example_dags/example_setup_teardown.py
[2026-07-17T22:43:59.734+0530] {logging_mixin.py:190} INFO - [2026-07-17T22:43:59.734+0530] {dag.py:3239} INFO - Sync 1 DAGs
[2026-07-17T22:43:59.736+0530] {logging_mixin.py:190} INFO - [2026-07-17T22:43:59.736+0530] {dag.py:4180} INFO - Setting next_dagrun for example_setup_teardown to None, run_after=None
[2026-07-17T22:43:59.742+0530] {processor.py:208} INFO - Processing /Users/bhavishyachallagolla/Desktop/RetailSense/.venv/lib/python3.12/site-packages/airflow/example_dags/example_setup_teardown.py took 0.037 seconds
[2026-07-17T22:45:38.922+0530] {processor.py:186} INFO - Started process (PID=94208) to work on /Users/bhavishyachallagolla/Desktop/RetailSense/.venv/lib/python3.12/site-packages/airflow/example_dags/example_setup_teardown.py
[2026-07-17T22:45:38.922+0530] {processor.py:914} INFO - Processing file /Users/bhavishyachallagolla/Desktop/RetailSense/.venv/lib/python3.12/site-packages/airflow/example_dags/example_setup_teardown.py for tasks to queue
[2026-07-17T22:45:38.922+0530] {logging_mixin.py:190} INFO - [2026-07-17T22:45:38.922+0530] {dagbag.py:588} INFO - Filling up the DagBag from /Users/bhavishyachallagolla/Desktop/RetailSense/.venv/lib/python3.12/site-packages/airflow/example_dags/example_setup_teardown.py
[2026-07-17T22:45:38.925+0530] {processor.py:925} INFO - DAG(s) 'example_setup_teardown' retrieved from /Users/bhavishyachallagolla/Desktop/RetailSense/.venv/lib/python3.12/site-packages/airflow/example_dags/example_setup_teardown.py
[2026-07-17T22:45:38.949+0530] {logging_mixin.py:190} INFO - [2026-07-17T22:45:38.949+0530] {dag.py:3239} INFO - Sync 1 DAGs
[2026-07-17T22:45:38.952+0530] {logging_mixin.py:190} INFO - [2026-07-17T22:45:38.952+0530] {dag.py:4180} INFO - Setting next_dagrun for example_setup_teardown to None, run_after=None
[2026-07-17T22:45:38.957+0530] {processor.py:208} INFO - Processing /Users/bhavishyachallagolla/Desktop/RetailSense/.venv/lib/python3.12/site-packages/airflow/example_dags/example_setup_teardown.py took 0.036 seconds
[2026-07-17T22:47:15.940+0530] {processor.py:186} INFO - Started process (PID=94354) to work on /Users/bhavishyachallagolla/Desktop/RetailSense/.venv/lib/python3.12/site-packages/airflow/example_dags/example_setup_teardown.py
[2026-07-17T22:47:15.940+0530] {processor.py:914} INFO - Processing file /Users/bhavishyachallagolla/Desktop/RetailSense/.venv/lib/python3.12/site-packages/airflow/example_dags/example_setup_teardown.py for tasks to queue
[2026-07-17T22:47:15.941+0530] {logging_mixin.py:190} INFO - [2026-07-17T22:47:15.940+0530] {dagbag.py:588} INFO - Filling up the DagBag from /Users/bhavishyachallagolla/Desktop/RetailSense/.venv/lib/python3.12/site-packages/airflow/example_dags/example_setup_teardown.py
[2026-07-17T22:47:15.943+0530] {processor.py:925} INFO - DAG(s) 'example_setup_teardown' retrieved from /Users/bhavishyachallagolla/Desktop/RetailSense/.venv/lib/python3.12/site-packages/airflow/example_dags/example_setup_teardown.py
[2026-07-17T22:47:15.968+0530] {logging_mixin.py:190} INFO - [2026-07-17T22:47:15.968+0530] {dag.py:3239} INFO - Sync 1 DAGs
[2026-07-17T22:47:15.971+0530] {logging_mixin.py:190} INFO - [2026-07-17T22:47:15.971+0530] {dag.py:4180} INFO - Setting next_dagrun for example_setup_teardown to None, run_after=None
[2026-07-17T22:47:15.976+0530] {processor.py:208} INFO - Processing /Users/bhavishyachallagolla/Desktop/RetailSense/.venv/lib/python3.12/site-packages/airflow/example_dags/example_setup_teardown.py took 0.037 seconds
[2026-07-17T22:48:56.289+0530] {processor.py:186} INFO - Started process (PID=94504) to work on /Users/bhavishyachallagolla/Desktop/RetailSense/.venv/lib/python3.12/site-packages/airflow/example_dags/example_setup_teardown.py
[2026-07-17T22:48:56.289+0530] {processor.py:914} INFO - Processing file /Users/bhavishyachallagolla/Desktop/RetailSense/.venv/lib/python3.12/site-packages/airflow/example_dags/example_setup_teardown.py for tasks to queue
[2026-07-17T22:48:56.289+0530] {logging_mixin.py:190} INFO - [2026-07-17T22:48:56.289+0530] {dagbag.py:588} INFO - Filling up the DagBag from /Users/bhavishyachallagolla/Desktop/RetailSense/.venv/lib/python3.12/site-packages/airflow/example_dags/example_setup_teardown.py
[2026-07-17T22:48:56.292+0530] {processor.py:925} INFO - DAG(s) 'example_setup_teardown' retrieved from /Users/bhavishyachallagolla/Desktop/RetailSense/.venv/lib/python3.12/site-packages/airflow/example_dags/example_setup_teardown.py
[2026-07-17T22:48:56.316+0530] {logging_mixin.py:190} INFO - [2026-07-17T22:48:56.316+0530] {dag.py:3239} INFO - Sync 1 DAGs
[2026-07-17T22:48:56.319+0530] {logging_mixin.py:190} INFO - [2026-07-17T22:48:56.319+0530] {dag.py:4180} INFO - Setting next_dagrun for example_setup_teardown to None, run_after=None
[2026-07-17T22:48:56.324+0530] {processor.py:208} INFO - Processing /Users/bhavishyachallagolla/Desktop/RetailSense/.venv/lib/python3.12/site-packages/airflow/example_dags/example_setup_teardown.py took 0.036 seconds
[2026-07-17T22:50:50.927+0530] {processor.py:186} INFO - Started process (PID=94657) to work on /Users/bhavishyachallagolla/Desktop/RetailSense/.venv/lib/python3.12/site-packages/airflow/example_dags/example_setup_teardown.py
[2026-07-17T22:50:50.929+0530] {processor.py:914} INFO - Processing file /Users/bhavishyachallagolla/Desktop/RetailSense/.venv/lib/python3.12/site-packages/airflow/example_dags/example_setup_teardown.py for tasks to queue
[2026-07-17T22:50:50.929+0530] {logging_mixin.py:190} INFO - [2026-07-17T22:50:50.929+0530] {dagbag.py:588} INFO - Filling up the DagBag from /Users/bhavishyachallagolla/Desktop/RetailSense/.venv/lib/python3.12/site-packages/airflow/example_dags/example_setup_teardown.py
[2026-07-17T22:50:50.931+0530] {processor.py:925} INFO - DAG(s) 'example_setup_teardown' retrieved from /Users/bhavishyachallagolla/Desktop/RetailSense/.venv/lib/python3.12/site-packages/airflow/example_dags/example_setup_teardown.py
[2026-07-17T22:50:50.956+0530] {logging_mixin.py:190} INFO - [2026-07-17T22:50:50.956+0530] {dag.py:3239} INFO - Sync 1 DAGs
[2026-07-17T22:50:50.959+0530] {logging_mixin.py:190} INFO - [2026-07-17T22:50:50.959+0530] {dag.py:4180} INFO - Setting next_dagrun for example_setup_teardown to None, run_after=None
[2026-07-17T22:50:50.964+0530] {processor.py:208} INFO - Processing /Users/bhavishyachallagolla/Desktop/RetailSense/.venv/lib/python3.12/site-packages/airflow/example_dags/example_setup_teardown.py took 0.038 seconds
[2026-07-17T22:52:30.177+0530] {processor.py:186} INFO - Started process (PID=94808) to work on /Users/bhavishyachallagolla/Desktop/RetailSense/.venv/lib/python3.12/site-packages/airflow/example_dags/example_setup_teardown.py
[2026-07-17T22:52:30.178+0530] {processor.py:914} INFO - Processing file /Users/bhavishyachallagolla/Desktop/RetailSense/.venv/lib/python3.12/site-packages/airflow/example_dags/example_setup_teardown.py for tasks to queue
[2026-07-17T22:52:30.179+0530] {logging_mixin.py:190} INFO - [2026-07-17T22:52:30.179+0530] {dagbag.py:588} INFO - Filling up the DagBag from /Users/bhavishyachallagolla/Desktop/RetailSense/.venv/lib/python3.12/site-packages/airflow/example_dags/example_setup_teardown.py
[2026-07-17T22:52:30.182+0530] {processor.py:925} INFO - DAG(s) 'example_setup_teardown' retrieved from /Users/bhavishyachallagolla/Desktop/RetailSense/.venv/lib/python3.12/site-packages/airflow/example_dags/example_setup_teardown.py
[2026-07-17T22:52:30.208+0530] {logging_mixin.py:190} INFO - [2026-07-17T22:52:30.208+0530] {dag.py:3239} INFO - Sync 1 DAGs
[2026-07-17T22:52:30.211+0530] {logging_mixin.py:190} INFO - [2026-07-17T22:52:30.211+0530] {dag.py:4180} INFO - Setting next_dagrun for example_setup_teardown to None, run_after=None
[2026-07-17T22:52:30.217+0530] {processor.py:208} INFO - Processing /Users/bhavishyachallagolla/Desktop/RetailSense/.venv/lib/python3.12/site-packages/airflow/example_dags/example_setup_teardown.py took 0.041 seconds
[2026-07-17T22:54:09.750+0530] {processor.py:186} INFO - Started process (PID=94963) to work on /Users/bhavishyachallagolla/Desktop/RetailSense/.venv/lib/python3.12/site-packages/airflow/example_dags/example_setup_teardown.py
[2026-07-17T22:54:09.751+0530] {processor.py:914} INFO - Processing file /Users/bhavishyachallagolla/Desktop/RetailSense/.venv/lib/python3.12/site-packages/airflow/example_dags/example_setup_teardown.py for tasks to queue
[2026-07-17T22:54:09.751+0530] {logging_mixin.py:190} INFO - [2026-07-17T22:54:09.751+0530] {dagbag.py:588} INFO - Filling up the DagBag from /Users/bhavishyachallagolla/Desktop/RetailSense/.venv/lib/python3.12/site-packages/airflow/example_dags/example_setup_teardown.py
[2026-07-17T22:54:09.754+0530] {processor.py:925} INFO - DAG(s) 'example_setup_teardown' retrieved from /Users/bhavishyachallagolla/Desktop/RetailSense/.venv/lib/python3.12/site-packages/airflow/example_dags/example_setup_teardown.py
[2026-07-17T22:54:09.778+0530] {logging_mixin.py:190} INFO - [2026-07-17T22:54:09.778+0530] {dag.py:3239} INFO - Sync 1 DAGs
[2026-07-17T22:54:09.781+0530] {logging_mixin.py:190} INFO - [2026-07-17T22:54:09.781+0530] {dag.py:4180} INFO - Setting next_dagrun for example_setup_teardown to None, run_after=None
[2026-07-17T22:54:09.786+0530] {processor.py:208} INFO - Processing /Users/bhavishyachallagolla/Desktop/RetailSense/.venv/lib/python3.12/site-packages/airflow/example_dags/example_setup_teardown.py took 0.037 seconds
[2026-07-17T22:55:49.115+0530] {processor.py:186} INFO - Started process (PID=95111) to work on /Users/bhavishyachallagolla/Desktop/RetailSense/.venv/lib/python3.12/site-packages/airflow/example_dags/example_setup_teardown.py
[2026-07-17T22:55:49.115+0530] {processor.py:914} INFO - Processing file /Users/bhavishyachallagolla/Desktop/RetailSense/.venv/lib/python3.12/site-packages/airflow/example_dags/example_setup_teardown.py for tasks to queue
[2026-07-17T22:55:49.116+0530] {logging_mixin.py:190} INFO - [2026-07-17T22:55:49.116+0530] {dagbag.py:588} INFO - Filling up the DagBag from /Users/bhavishyachallagolla/Desktop/RetailSense/.venv/lib/python3.12/site-packages/airflow/example_dags/example_setup_teardown.py
[2026-07-17T22:55:49.118+0530] {processor.py:925} INFO - DAG(s) 'example_setup_teardown' retrieved from /Users/bhavishyachallagolla/Desktop/RetailSense/.venv/lib/python3.12/site-packages/airflow/example_dags/example_setup_teardown.py
[2026-07-17T22:55:49.144+0530] {logging_mixin.py:190} INFO - [2026-07-17T22:55:49.144+0530] {dag.py:3239} INFO - Sync 1 DAGs
[2026-07-17T22:55:49.146+0530] {logging_mixin.py:190} INFO - [2026-07-17T22:55:49.146+0530] {dag.py:4180} INFO - Setting next_dagrun for example_setup_teardown to None, run_after=None
[2026-07-17T22:55:49.151+0530] {processor.py:208} INFO - Processing /Users/bhavishyachallagolla/Desktop/RetailSense/.venv/lib/python3.12/site-packages/airflow/example_dags/example_setup_teardown.py took 0.038 seconds
[2026-07-17T22:57:28.059+0530] {processor.py:186} INFO - Started process (PID=95261) to work on /Users/bhavishyachallagolla/Desktop/RetailSense/.venv/lib/python3.12/site-packages/airflow/example_dags/example_setup_teardown.py
[2026-07-17T22:57:28.060+0530] {processor.py:914} INFO - Processing file /Users/bhavishyachallagolla/Desktop/RetailSense/.venv/lib/python3.12/site-packages/airflow/example_dags/example_setup_teardown.py for tasks to queue
[2026-07-17T22:57:28.060+0530] {logging_mixin.py:190} INFO - [2026-07-17T22:57:28.060+0530] {dagbag.py:588} INFO - Filling up the DagBag from /Users/bhavishyachallagolla/Desktop/RetailSense/.venv/lib/python3.12/site-packages/airflow/example_dags/example_setup_teardown.py
[2026-07-17T22:57:28.063+0530] {processor.py:925} INFO - DAG(s) 'example_setup_teardown' retrieved from /Users/bhavishyachallagolla/Desktop/RetailSense/.venv/lib/python3.12/site-packages/airflow/example_dags/example_setup_teardown.py
[2026-07-17T22:57:28.087+0530] {logging_mixin.py:190} INFO - [2026-07-17T22:57:28.087+0530] {dag.py:3239} INFO - Sync 1 DAGs
[2026-07-17T22:57:28.090+0530] {logging_mixin.py:190} INFO - [2026-07-17T22:57:28.090+0530] {dag.py:4180} INFO - Setting next_dagrun for example_setup_teardown to None, run_after=None
[2026-07-17T22:57:28.095+0530] {processor.py:208} INFO - Processing /Users/bhavishyachallagolla/Desktop/RetailSense/.venv/lib/python3.12/site-packages/airflow/example_dags/example_setup_teardown.py took 0.037 seconds
[2026-07-17T22:59:08.453+0530] {processor.py:186} INFO - Started process (PID=95424) to work on /Users/bhavishyachallagolla/Desktop/RetailSense/.venv/lib/python3.12/site-packages/airflow/example_dags/example_setup_teardown.py
[2026-07-17T22:59:08.454+0530] {processor.py:914} INFO - Processing file /Users/bhavishyachallagolla/Desktop/RetailSense/.venv/lib/python3.12/site-packages/airflow/example_dags/example_setup_teardown.py for tasks to queue
[2026-07-17T22:59:08.454+0530] {logging_mixin.py:190} INFO - [2026-07-17T22:59:08.454+0530] {dagbag.py:588} INFO - Filling up the DagBag from /Users/bhavishyachallagolla/Desktop/RetailSense/.venv/lib/python3.12/site-packages/airflow/example_dags/example_setup_teardown.py
[2026-07-17T22:59:08.457+0530] {processor.py:925} INFO - DAG(s) 'example_setup_teardown' retrieved from /Users/bhavishyachallagolla/Desktop/RetailSense/.venv/lib/python3.12/site-packages/airflow/example_dags/example_setup_teardown.py
[2026-07-17T22:59:08.481+0530] {logging_mixin.py:190} INFO - [2026-07-17T22:59:08.481+0530] {dag.py:3239} INFO - Sync 1 DAGs
[2026-07-17T22:59:08.484+0530] {logging_mixin.py:190} INFO - [2026-07-17T22:59:08.484+0530] {dag.py:4180} INFO - Setting next_dagrun for example_setup_teardown to None, run_after=None
[2026-07-17T22:59:08.489+0530] {processor.py:208} INFO - Processing /Users/bhavishyachallagolla/Desktop/RetailSense/.venv/lib/python3.12/site-packages/airflow/example_dags/example_setup_teardown.py took 0.037 seconds
[2026-07-17T23:00:39.141+0530] {processor.py:186} INFO - Started process (PID=95544) to work on /Users/bhavishyachallagolla/Desktop/RetailSense/.venv/lib/python3.12/site-packages/airflow/example_dags/example_setup_teardown.py
[2026-07-17T23:00:39.142+0530] {processor.py:914} INFO - Processing file /Users/bhavishyachallagolla/Desktop/RetailSense/.venv/lib/python3.12/site-packages/airflow/example_dags/example_setup_teardown.py for tasks to queue
[2026-07-17T23:00:39.142+0530] {logging_mixin.py:190} INFO - [2026-07-17T23:00:39.142+0530] {dagbag.py:588} INFO - Filling up the DagBag from /Users/bhavishyachallagolla/Desktop/RetailSense/.venv/lib/python3.12/site-packages/airflow/example_dags/example_setup_teardown.py
[2026-07-17T23:00:39.144+0530] {processor.py:925} INFO - DAG(s) 'example_setup_teardown' retrieved from /Users/bhavishyachallagolla/Desktop/RetailSense/.venv/lib/python3.12/site-packages/airflow/example_dags/example_setup_teardown.py
[2026-07-17T23:00:39.170+0530] {logging_mixin.py:190} INFO - [2026-07-17T23:00:39.170+0530] {dag.py:3239} INFO - Sync 1 DAGs
[2026-07-17T23:00:39.173+0530] {logging_mixin.py:190} INFO - [2026-07-17T23:00:39.172+0530] {dag.py:4180} INFO - Setting next_dagrun for example_setup_teardown to None, run_after=None
[2026-07-17T23:00:39.178+0530] {processor.py:208} INFO - Processing /Users/bhavishyachallagolla/Desktop/RetailSense/.venv/lib/python3.12/site-packages/airflow/example_dags/example_setup_teardown.py took 0.038 seconds
[2026-07-17T23:01:55.741+0530] {processor.py:186} INFO - Started process (PID=95657) to work on /Users/bhavishyachallagolla/Desktop/RetailSense/.venv/lib/python3.12/site-packages/airflow/example_dags/example_setup_teardown.py
[2026-07-17T23:01:55.741+0530] {processor.py:914} INFO - Processing file /Users/bhavishyachallagolla/Desktop/RetailSense/.venv/lib/python3.12/site-packages/airflow/example_dags/example_setup_teardown.py for tasks to queue
[2026-07-17T23:01:55.741+0530] {logging_mixin.py:190} INFO - [2026-07-17T23:01:55.741+0530] {dagbag.py:588} INFO - Filling up the DagBag from /Users/bhavishyachallagolla/Desktop/RetailSense/.venv/lib/python3.12/site-packages/airflow/example_dags/example_setup_teardown.py
[2026-07-17T23:01:55.744+0530] {processor.py:925} INFO - DAG(s) 'example_setup_teardown' retrieved from /Users/bhavishyachallagolla/Desktop/RetailSense/.venv/lib/python3.12/site-packages/airflow/example_dags/example_setup_teardown.py
[2026-07-17T23:01:55.769+0530] {logging_mixin.py:190} INFO - [2026-07-17T23:01:55.769+0530] {dag.py:3239} INFO - Sync 1 DAGs
[2026-07-17T23:01:55.772+0530] {logging_mixin.py:190} INFO - [2026-07-17T23:01:55.772+0530] {dag.py:4180} INFO - Setting next_dagrun for example_setup_teardown to None, run_after=None
[2026-07-17T23:01:55.777+0530] {processor.py:208} INFO - Processing /Users/bhavishyachallagolla/Desktop/RetailSense/.venv/lib/python3.12/site-packages/airflow/example_dags/example_setup_teardown.py took 0.038 seconds
[2026-07-17T23:03:36.018+0530] {processor.py:186} INFO - Started process (PID=95831) to work on /Users/bhavishyachallagolla/Desktop/RetailSense/.venv/lib/python3.12/site-packages/airflow/example_dags/example_setup_teardown.py
[2026-07-17T23:03:36.018+0530] {processor.py:914} INFO - Processing file /Users/bhavishyachallagolla/Desktop/RetailSense/.venv/lib/python3.12/site-packages/airflow/example_dags/example_setup_teardown.py for tasks to queue
[2026-07-17T23:03:36.018+0530] {logging_mixin.py:190} INFO - [2026-07-17T23:03:36.018+0530] {dagbag.py:588} INFO - Filling up the DagBag from /Users/bhavishyachallagolla/Desktop/RetailSense/.venv/lib/python3.12/site-packages/airflow/example_dags/example_setup_teardown.py
[2026-07-17T23:03:36.021+0530] {processor.py:925} INFO - DAG(s) 'example_setup_teardown' retrieved from /Users/bhavishyachallagolla/Desktop/RetailSense/.venv/lib/python3.12/site-packages/airflow/example_dags/example_setup_teardown.py
[2026-07-17T23:03:36.047+0530] {logging_mixin.py:190} INFO - [2026-07-17T23:03:36.047+0530] {dag.py:3239} INFO - Sync 1 DAGs
[2026-07-17T23:03:36.050+0530] {logging_mixin.py:190} INFO - [2026-07-17T23:03:36.050+0530] {dag.py:4180} INFO - Setting next_dagrun for example_setup_teardown to None, run_after=None
[2026-07-17T23:03:36.055+0530] {processor.py:208} INFO - Processing /Users/bhavishyachallagolla/Desktop/RetailSense/.venv/lib/python3.12/site-packages/airflow/example_dags/example_setup_teardown.py took 0.039 seconds
[2026-07-17T23:05:16.789+0530] {processor.py:186} INFO - Started process (PID=95983) to work on /Users/bhavishyachallagolla/Desktop/RetailSense/.venv/lib/python3.12/site-packages/airflow/example_dags/example_setup_teardown.py
[2026-07-17T23:05:16.790+0530] {processor.py:914} INFO - Processing file /Users/bhavishyachallagolla/Desktop/RetailSense/.venv/lib/python3.12/site-packages/airflow/example_dags/example_setup_teardown.py for tasks to queue
[2026-07-17T23:05:16.790+0530] {logging_mixin.py:190} INFO - [2026-07-17T23:05:16.790+0530] {dagbag.py:588} INFO - Filling up the DagBag from /Users/bhavishyachallagolla/Desktop/RetailSense/.venv/lib/python3.12/site-packages/airflow/example_dags/example_setup_teardown.py
[2026-07-17T23:05:16.792+0530] {processor.py:925} INFO - DAG(s) 'example_setup_teardown' retrieved from /Users/bhavishyachallagolla/Desktop/RetailSense/.venv/lib/python3.12/site-packages/airflow/example_dags/example_setup_teardown.py
[2026-07-17T23:05:16.816+0530] {logging_mixin.py:190} INFO - [2026-07-17T23:05:16.816+0530] {dag.py:3239} INFO - Sync 1 DAGs
[2026-07-17T23:05:16.819+0530] {logging_mixin.py:190} INFO - [2026-07-17T23:05:16.819+0530] {dag.py:4180} INFO - Setting next_dagrun for example_setup_teardown to None, run_after=None
[2026-07-17T23:05:16.824+0530] {processor.py:208} INFO - Processing /Users/bhavishyachallagolla/Desktop/RetailSense/.venv/lib/python3.12/site-packages/airflow/example_dags/example_setup_teardown.py took 0.036 seconds
[2026-07-17T23:06:57.530+0530] {processor.py:186} INFO - Started process (PID=96133) to work on /Users/bhavishyachallagolla/Desktop/RetailSense/.venv/lib/python3.12/site-packages/airflow/example_dags/example_setup_teardown.py
[2026-07-17T23:06:57.530+0530] {processor.py:914} INFO - Processing file /Users/bhavishyachallagolla/Desktop/RetailSense/.venv/lib/python3.12/site-packages/airflow/example_dags/example_setup_teardown.py for tasks to queue
[2026-07-17T23:06:57.531+0530] {logging_mixin.py:190} INFO - [2026-07-17T23:06:57.531+0530] {dagbag.py:588} INFO - Filling up the DagBag from /Users/bhavishyachallagolla/Desktop/RetailSense/.venv/lib/python3.12/site-packages/airflow/example_dags/example_setup_teardown.py
[2026-07-17T23:06:57.533+0530] {processor.py:925} INFO - DAG(s) 'example_setup_teardown' retrieved from /Users/bhavishyachallagolla/Desktop/RetailSense/.venv/lib/python3.12/site-packages/airflow/example_dags/example_setup_teardown.py
[2026-07-17T23:06:57.558+0530] {logging_mixin.py:190} INFO - [2026-07-17T23:06:57.558+0530] {dag.py:3239} INFO - Sync 1 DAGs
[2026-07-17T23:06:57.561+0530] {logging_mixin.py:190} INFO - [2026-07-17T23:06:57.561+0530] {dag.py:4180} INFO - Setting next_dagrun for example_setup_teardown to None, run_after=None
[2026-07-17T23:06:57.566+0530] {processor.py:208} INFO - Processing /Users/bhavishyachallagolla/Desktop/RetailSense/.venv/lib/python3.12/site-packages/airflow/example_dags/example_setup_teardown.py took 0.037 seconds
[2026-07-17T23:08:39.179+0530] {processor.py:186} INFO - Started process (PID=96295) to work on /Users/bhavishyachallagolla/Desktop/RetailSense/.venv/lib/python3.12/site-packages/airflow/example_dags/example_setup_teardown.py
[2026-07-17T23:08:39.179+0530] {processor.py:914} INFO - Processing file /Users/bhavishyachallagolla/Desktop/RetailSense/.venv/lib/python3.12/site-packages/airflow/example_dags/example_setup_teardown.py for tasks to queue
[2026-07-17T23:08:39.180+0530] {logging_mixin.py:190} INFO - [2026-07-17T23:08:39.180+0530] {dagbag.py:588} INFO - Filling up the DagBag from /Users/bhavishyachallagolla/Desktop/RetailSense/.venv/lib/python3.12/site-packages/airflow/example_dags/example_setup_teardown.py
[2026-07-17T23:08:39.182+0530] {processor.py:925} INFO - DAG(s) 'example_setup_teardown' retrieved from /Users/bhavishyachallagolla/Desktop/RetailSense/.venv/lib/python3.12/site-packages/airflow/example_dags/example_setup_teardown.py
[2026-07-17T23:08:39.208+0530] {logging_mixin.py:190} INFO - [2026-07-17T23:08:39.208+0530] {dag.py:3239} INFO - Sync 1 DAGs
[2026-07-17T23:08:39.211+0530] {logging_mixin.py:190} INFO - [2026-07-17T23:08:39.211+0530] {dag.py:4180} INFO - Setting next_dagrun for example_setup_teardown to None, run_after=None
[2026-07-17T23:08:39.216+0530] {processor.py:208} INFO - Processing /Users/bhavishyachallagolla/Desktop/RetailSense/.venv/lib/python3.12/site-packages/airflow/example_dags/example_setup_teardown.py took 0.038 seconds
[2026-07-17T23:10:17.138+0530] {processor.py:186} INFO - Started process (PID=96441) to work on /Users/bhavishyachallagolla/Desktop/RetailSense/.venv/lib/python3.12/site-packages/airflow/example_dags/example_setup_teardown.py
[2026-07-17T23:10:17.139+0530] {processor.py:914} INFO - Processing file /Users/bhavishyachallagolla/Desktop/RetailSense/.venv/lib/python3.12/site-packages/airflow/example_dags/example_setup_teardown.py for tasks to queue
[2026-07-17T23:10:17.139+0530] {logging_mixin.py:190} INFO - [2026-07-17T23:10:17.139+0530] {dagbag.py:588} INFO - Filling up the DagBag from /Users/bhavishyachallagolla/Desktop/RetailSense/.venv/lib/python3.12/site-packages/airflow/example_dags/example_setup_teardown.py
[2026-07-17T23:10:17.141+0530] {processor.py:925} INFO - DAG(s) 'example_setup_teardown' retrieved from /Users/bhavishyachallagolla/Desktop/RetailSense/.venv/lib/python3.12/site-packages/airflow/example_dags/example_setup_teardown.py
[2026-07-17T23:10:17.167+0530] {logging_mixin.py:190} INFO - [2026-07-17T23:10:17.166+0530] {dag.py:3239} INFO - Sync 1 DAGs
[2026-07-17T23:10:17.169+0530] {logging_mixin.py:190} INFO - [2026-07-17T23:10:17.169+0530] {dag.py:4180} INFO - Setting next_dagrun for example_setup_teardown to None, run_after=None
[2026-07-17T23:10:17.175+0530] {processor.py:208} INFO - Processing /Users/bhavishyachallagolla/Desktop/RetailSense/.venv/lib/python3.12/site-packages/airflow/example_dags/example_setup_teardown.py took 0.037 seconds
[2026-07-17T23:11:55.423+0530] {processor.py:186} INFO - Started process (PID=96614) to work on /Users/bhavishyachallagolla/Desktop/RetailSense/.venv/lib/python3.12/site-packages/airflow/example_dags/example_setup_teardown.py
[2026-07-17T23:11:55.423+0530] {processor.py:914} INFO - Processing file /Users/bhavishyachallagolla/Desktop/RetailSense/.venv/lib/python3.12/site-packages/airflow/example_dags/example_setup_teardown.py for tasks to queue
[2026-07-17T23:11:55.424+0530] {logging_mixin.py:190} INFO - [2026-07-17T23:11:55.424+0530] {dagbag.py:588} INFO - Filling up the DagBag from /Users/bhavishyachallagolla/Desktop/RetailSense/.venv/lib/python3.12/site-packages/airflow/example_dags/example_setup_teardown.py
[2026-07-17T23:11:55.426+0530] {processor.py:925} INFO - DAG(s) 'example_setup_teardown' retrieved from /Users/bhavishyachallagolla/Desktop/RetailSense/.venv/lib/python3.12/site-packages/airflow/example_dags/example_setup_teardown.py
[2026-07-17T23:11:55.452+0530] {logging_mixin.py:190} INFO - [2026-07-17T23:11:55.452+0530] {dag.py:3239} INFO - Sync 1 DAGs
[2026-07-17T23:11:55.454+0530] {logging_mixin.py:190} INFO - [2026-07-17T23:11:55.454+0530] {dag.py:4180} INFO - Setting next_dagrun for example_setup_teardown to None, run_after=None
[2026-07-17T23:11:55.460+0530] {processor.py:208} INFO - Processing /Users/bhavishyachallagolla/Desktop/RetailSense/.venv/lib/python3.12/site-packages/airflow/example_dags/example_setup_teardown.py took 0.038 seconds
[2026-07-17T23:13:33.694+0530] {processor.py:186} INFO - Started process (PID=96806) to work on /Users/bhavishyachallagolla/Desktop/RetailSense/.venv/lib/python3.12/site-packages/airflow/example_dags/example_setup_teardown.py
[2026-07-17T23:13:33.694+0530] {processor.py:914} INFO - Processing file /Users/bhavishyachallagolla/Desktop/RetailSense/.venv/lib/python3.12/site-packages/airflow/example_dags/example_setup_teardown.py for tasks to queue
[2026-07-17T23:13:33.694+0530] {logging_mixin.py:190} INFO - [2026-07-17T23:13:33.694+0530] {dagbag.py:588} INFO - Filling up the DagBag from /Users/bhavishyachallagolla/Desktop/RetailSense/.venv/lib/python3.12/site-packages/airflow/example_dags/example_setup_teardown.py
[2026-07-17T23:13:33.697+0530] {processor.py:925} INFO - DAG(s) 'example_setup_teardown' retrieved from /Users/bhavishyachallagolla/Desktop/RetailSense/.venv/lib/python3.12/site-packages/airflow/example_dags/example_setup_teardown.py
[2026-07-17T23:13:33.723+0530] {logging_mixin.py:190} INFO - [2026-07-17T23:13:33.723+0530] {dag.py:3239} INFO - Sync 1 DAGs
[2026-07-17T23:13:33.726+0530] {logging_mixin.py:190} INFO - [2026-07-17T23:13:33.726+0530] {dag.py:4180} INFO - Setting next_dagrun for example_setup_teardown to None, run_after=None
[2026-07-17T23:13:33.731+0530] {processor.py:208} INFO - Processing /Users/bhavishyachallagolla/Desktop/RetailSense/.venv/lib/python3.12/site-packages/airflow/example_dags/example_setup_teardown.py took 0.039 seconds
[2026-07-17T23:15:16.077+0530] {processor.py:186} INFO - Started process (PID=96969) to work on /Users/bhavishyachallagolla/Desktop/RetailSense/.venv/lib/python3.12/site-packages/airflow/example_dags/example_setup_teardown.py
[2026-07-17T23:15:16.077+0530] {processor.py:914} INFO - Processing file /Users/bhavishyachallagolla/Desktop/RetailSense/.venv/lib/python3.12/site-packages/airflow/example_dags/example_setup_teardown.py for tasks to queue
[2026-07-17T23:15:16.077+0530] {logging_mixin.py:190} INFO - [2026-07-17T23:15:16.077+0530] {dagbag.py:588} INFO - Filling up the DagBag from /Users/bhavishyachallagolla/Desktop/RetailSense/.venv/lib/python3.12/site-packages/airflow/example_dags/example_setup_teardown.py
[2026-07-17T23:15:16.080+0530] {processor.py:925} INFO - DAG(s) 'example_setup_teardown' retrieved from /Users/bhavishyachallagolla/Desktop/RetailSense/.venv/lib/python3.12/site-packages/airflow/example_dags/example_setup_teardown.py
[2026-07-17T23:15:16.104+0530] {logging_mixin.py:190} INFO - [2026-07-17T23:15:16.104+0530] {dag.py:3239} INFO - Sync 1 DAGs
[2026-07-17T23:15:16.107+0530] {logging_mixin.py:190} INFO - [2026-07-17T23:15:16.107+0530] {dag.py:4180} INFO - Setting next_dagrun for example_setup_teardown to None, run_after=None
[2026-07-17T23:15:16.112+0530] {processor.py:208} INFO - Processing /Users/bhavishyachallagolla/Desktop/RetailSense/.venv/lib/python3.12/site-packages/airflow/example_dags/example_setup_teardown.py took 0.036 seconds
[2026-07-17T23:16:58.977+0530] {processor.py:186} INFO - Started process (PID=97196) to work on /Users/bhavishyachallagolla/Desktop/RetailSense/.venv/lib/python3.12/site-packages/airflow/example_dags/example_setup_teardown.py
[2026-07-17T23:16:58.977+0530] {processor.py:914} INFO - Processing file /Users/bhavishyachallagolla/Desktop/RetailSense/.venv/lib/python3.12/site-packages/airflow/example_dags/example_setup_teardown.py for tasks to queue
[2026-07-17T23:16:58.977+0530] {logging_mixin.py:190} INFO - [2026-07-17T23:16:58.977+0530] {dagbag.py:588} INFO - Filling up the DagBag from /Users/bhavishyachallagolla/Desktop/RetailSense/.venv/lib/python3.12/site-packages/airflow/example_dags/example_setup_teardown.py
[2026-07-17T23:16:58.980+0530] {processor.py:925} INFO - DAG(s) 'example_setup_teardown' retrieved from /Users/bhavishyachallagolla/Desktop/RetailSense/.venv/lib/python3.12/site-packages/airflow/example_dags/example_setup_teardown.py
[2026-07-17T23:16:59.006+0530] {logging_mixin.py:190} INFO - [2026-07-17T23:16:59.005+0530] {dag.py:3239} INFO - Sync 1 DAGs
[2026-07-17T23:16:59.008+0530] {logging_mixin.py:190} INFO - [2026-07-17T23:16:59.008+0530] {dag.py:4180} INFO - Setting next_dagrun for example_setup_teardown to None, run_after=None
[2026-07-17T23:16:59.014+0530] {processor.py:208} INFO - Processing /Users/bhavishyachallagolla/Desktop/RetailSense/.venv/lib/python3.12/site-packages/airflow/example_dags/example_setup_teardown.py took 0.038 seconds
[2026-07-17T23:18:41.455+0530] {processor.py:186} INFO - Started process (PID=97386) to work on /Users/bhavishyachallagolla/Desktop/RetailSense/.venv/lib/python3.12/site-packages/airflow/example_dags/example_setup_teardown.py
[2026-07-17T23:18:41.456+0530] {processor.py:914} INFO - Processing file /Users/bhavishyachallagolla/Desktop/RetailSense/.venv/lib/python3.12/site-packages/airflow/example_dags/example_setup_teardown.py for tasks to queue
[2026-07-17T23:18:41.456+0530] {logging_mixin.py:190} INFO - [2026-07-17T23:18:41.456+0530] {dagbag.py:588} INFO - Filling up the DagBag from /Users/bhavishyachallagolla/Desktop/RetailSense/.venv/lib/python3.12/site-packages/airflow/example_dags/example_setup_teardown.py
[2026-07-17T23:18:41.458+0530] {processor.py:925} INFO - DAG(s) 'example_setup_teardown' retrieved from /Users/bhavishyachallagolla/Desktop/RetailSense/.venv/lib/python3.12/site-packages/airflow/example_dags/example_setup_teardown.py
[2026-07-17T23:18:41.483+0530] {logging_mixin.py:190} INFO - [2026-07-17T23:18:41.483+0530] {dag.py:3239} INFO - Sync 1 DAGs
[2026-07-17T23:18:41.486+0530] {logging_mixin.py:190} INFO - [2026-07-17T23:18:41.485+0530] {dag.py:4180} INFO - Setting next_dagrun for example_setup_teardown to None, run_after=None
[2026-07-17T23:18:41.491+0530] {processor.py:208} INFO - Processing /Users/bhavishyachallagolla/Desktop/RetailSense/.venv/lib/python3.12/site-packages/airflow/example_dags/example_setup_teardown.py took 0.036 seconds
[2026-07-17T23:20:22.463+0530] {processor.py:186} INFO - Started process (PID=97536) to work on /Users/bhavishyachallagolla/Desktop/RetailSense/.venv/lib/python3.12/site-packages/airflow/example_dags/example_setup_teardown.py
[2026-07-17T23:20:22.463+0530] {processor.py:914} INFO - Processing file /Users/bhavishyachallagolla/Desktop/RetailSense/.venv/lib/python3.12/site-packages/airflow/example_dags/example_setup_teardown.py for tasks to queue
[2026-07-17T23:20:22.464+0530] {logging_mixin.py:190} INFO - [2026-07-17T23:20:22.464+0530] {dagbag.py:588} INFO - Filling up the DagBag from /Users/bhavishyachallagolla/Desktop/RetailSense/.venv/lib/python3.12/site-packages/airflow/example_dags/example_setup_teardown.py
[2026-07-17T23:20:22.466+0530] {processor.py:925} INFO - DAG(s) 'example_setup_teardown' retrieved from /Users/bhavishyachallagolla/Desktop/RetailSense/.venv/lib/python3.12/site-packages/airflow/example_dags/example_setup_teardown.py
[2026-07-17T23:20:22.492+0530] {logging_mixin.py:190} INFO - [2026-07-17T23:20:22.492+0530] {dag.py:3239} INFO - Sync 1 DAGs
[2026-07-17T23:20:22.495+0530] {logging_mixin.py:190} INFO - [2026-07-17T23:20:22.495+0530] {dag.py:4180} INFO - Setting next_dagrun for example_setup_teardown to None, run_after=None
[2026-07-17T23:20:22.500+0530] {processor.py:208} INFO - Processing /Users/bhavishyachallagolla/Desktop/RetailSense/.venv/lib/python3.12/site-packages/airflow/example_dags/example_setup_teardown.py took 0.038 seconds
[2026-07-17T23:22:03.461+0530] {processor.py:186} INFO - Started process (PID=97687) to work on /Users/bhavishyachallagolla/Desktop/RetailSense/.venv/lib/python3.12/site-packages/airflow/example_dags/example_setup_teardown.py
[2026-07-17T23:22:03.462+0530] {processor.py:914} INFO - Processing file /Users/bhavishyachallagolla/Desktop/RetailSense/.venv/lib/python3.12/site-packages/airflow/example_dags/example_setup_teardown.py for tasks to queue
[2026-07-17T23:22:03.462+0530] {logging_mixin.py:190} INFO - [2026-07-17T23:22:03.462+0530] {dagbag.py:588} INFO - Filling up the DagBag from /Users/bhavishyachallagolla/Desktop/RetailSense/.venv/lib/python3.12/site-packages/airflow/example_dags/example_setup_teardown.py
[2026-07-17T23:22:03.465+0530] {processor.py:925} INFO - DAG(s) 'example_setup_teardown' retrieved from /Users/bhavishyachallagolla/Desktop/RetailSense/.venv/lib/python3.12/site-packages/airflow/example_dags/example_setup_teardown.py
[2026-07-17T23:22:03.490+0530] {logging_mixin.py:190} INFO - [2026-07-17T23:22:03.490+0530] {dag.py:3239} INFO - Sync 1 DAGs
[2026-07-17T23:22:03.492+0530] {logging_mixin.py:190} INFO - [2026-07-17T23:22:03.492+0530] {dag.py:4180} INFO - Setting next_dagrun for example_setup_teardown to None, run_after=None
[2026-07-17T23:22:03.498+0530] {processor.py:208} INFO - Processing /Users/bhavishyachallagolla/Desktop/RetailSense/.venv/lib/python3.12/site-packages/airflow/example_dags/example_setup_teardown.py took 0.037 seconds
[2026-07-17T23:23:44.562+0530] {processor.py:186} INFO - Started process (PID=97838) to work on /Users/bhavishyachallagolla/Desktop/RetailSense/.venv/lib/python3.12/site-packages/airflow/example_dags/example_setup_teardown.py
[2026-07-17T23:23:44.563+0530] {processor.py:914} INFO - Processing file /Users/bhavishyachallagolla/Desktop/RetailSense/.venv/lib/python3.12/site-packages/airflow/example_dags/example_setup_teardown.py for tasks to queue
[2026-07-17T23:23:44.563+0530] {logging_mixin.py:190} INFO - [2026-07-17T23:23:44.563+0530] {dagbag.py:588} INFO - Filling up the DagBag from /Users/bhavishyachallagolla/Desktop/RetailSense/.venv/lib/python3.12/site-packages/airflow/example_dags/example_setup_teardown.py
[2026-07-17T23:23:44.565+0530] {processor.py:925} INFO - DAG(s) 'example_setup_teardown' retrieved from /Users/bhavishyachallagolla/Desktop/RetailSense/.venv/lib/python3.12/site-packages/airflow/example_dags/example_setup_teardown.py
[2026-07-17T23:23:44.590+0530] {logging_mixin.py:190} INFO - [2026-07-17T23:23:44.590+0530] {dag.py:3239} INFO - Sync 1 DAGs
[2026-07-17T23:23:44.593+0530] {logging_mixin.py:190} INFO - [2026-07-17T23:23:44.593+0530] {dag.py:4180} INFO - Setting next_dagrun for example_setup_teardown to None, run_after=None
[2026-07-17T23:23:44.598+0530] {processor.py:208} INFO - Processing /Users/bhavishyachallagolla/Desktop/RetailSense/.venv/lib/python3.12/site-packages/airflow/example_dags/example_setup_teardown.py took 0.037 seconds
[2026-07-17T23:25:24.770+0530] {processor.py:186} INFO - Started process (PID=97989) to work on /Users/bhavishyachallagolla/Desktop/RetailSense/.venv/lib/python3.12/site-packages/airflow/example_dags/example_setup_teardown.py
[2026-07-17T23:25:24.770+0530] {processor.py:914} INFO - Processing file /Users/bhavishyachallagolla/Desktop/RetailSense/.venv/lib/python3.12/site-packages/airflow/example_dags/example_setup_teardown.py for tasks to queue
[2026-07-17T23:25:24.770+0530] {logging_mixin.py:190} INFO - [2026-07-17T23:25:24.770+0530] {dagbag.py:588} INFO - Filling up the DagBag from /Users/bhavishyachallagolla/Desktop/RetailSense/.venv/lib/python3.12/site-packages/airflow/example_dags/example_setup_teardown.py
[2026-07-17T23:25:24.773+0530] {processor.py:925} INFO - DAG(s) 'example_setup_teardown' retrieved from /Users/bhavishyachallagolla/Desktop/RetailSense/.venv/lib/python3.12/site-packages/airflow/example_dags/example_setup_teardown.py
[2026-07-17T23:25:24.798+0530] {logging_mixin.py:190} INFO - [2026-07-17T23:25:24.798+0530] {dag.py:3239} INFO - Sync 1 DAGs
[2026-07-17T23:25:24.800+0530] {logging_mixin.py:190} INFO - [2026-07-17T23:25:24.800+0530] {dag.py:4180} INFO - Setting next_dagrun for example_setup_teardown to None, run_after=None
[2026-07-17T23:25:24.806+0530] {processor.py:208} INFO - Processing /Users/bhavishyachallagolla/Desktop/RetailSense/.venv/lib/python3.12/site-packages/airflow/example_dags/example_setup_teardown.py took 0.037 seconds
[2026-07-17T23:27:07.659+0530] {processor.py:186} INFO - Started process (PID=98147) to work on /Users/bhavishyachallagolla/Desktop/RetailSense/.venv/lib/python3.12/site-packages/airflow/example_dags/example_setup_teardown.py
[2026-07-17T23:27:07.659+0530] {processor.py:914} INFO - Processing file /Users/bhavishyachallagolla/Desktop/RetailSense/.venv/lib/python3.12/site-packages/airflow/example_dags/example_setup_teardown.py for tasks to queue
[2026-07-17T23:27:07.660+0530] {logging_mixin.py:190} INFO - [2026-07-17T23:27:07.660+0530] {dagbag.py:588} INFO - Filling up the DagBag from /Users/bhavishyachallagolla/Desktop/RetailSense/.venv/lib/python3.12/site-packages/airflow/example_dags/example_setup_teardown.py
[2026-07-17T23:27:07.662+0530] {processor.py:925} INFO - DAG(s) 'example_setup_teardown' retrieved from /Users/bhavishyachallagolla/Desktop/RetailSense/.venv/lib/python3.12/site-packages/airflow/example_dags/example_setup_teardown.py
[2026-07-17T23:27:07.688+0530] {logging_mixin.py:190} INFO - [2026-07-17T23:27:07.688+0530] {dag.py:3239} INFO - Sync 1 DAGs
[2026-07-17T23:27:07.691+0530] {logging_mixin.py:190} INFO - [2026-07-17T23:27:07.691+0530] {dag.py:4180} INFO - Setting next_dagrun for example_setup_teardown to None, run_after=None
[2026-07-17T23:27:07.696+0530] {processor.py:208} INFO - Processing /Users/bhavishyachallagolla/Desktop/RetailSense/.venv/lib/python3.12/site-packages/airflow/example_dags/example_setup_teardown.py took 0.038 seconds
[2026-07-17T23:28:49.494+0530] {processor.py:186} INFO - Started process (PID=98302) to work on /Users/bhavishyachallagolla/Desktop/RetailSense/.venv/lib/python3.12/site-packages/airflow/example_dags/example_setup_teardown.py
[2026-07-17T23:28:49.495+0530] {processor.py:914} INFO - Processing file /Users/bhavishyachallagolla/Desktop/RetailSense/.venv/lib/python3.12/site-packages/airflow/example_dags/example_setup_teardown.py for tasks to queue
[2026-07-17T23:28:49.495+0530] {logging_mixin.py:190} INFO - [2026-07-17T23:28:49.495+0530] {dagbag.py:588} INFO - Filling up the DagBag from /Users/bhavishyachallagolla/Desktop/RetailSense/.venv/lib/python3.12/site-packages/airflow/example_dags/example_setup_teardown.py
[2026-07-17T23:28:49.498+0530] {processor.py:925} INFO - DAG(s) 'example_setup_teardown' retrieved from /Users/bhavishyachallagolla/Desktop/RetailSense/.venv/lib/python3.12/site-packages/airflow/example_dags/example_setup_teardown.py
[2026-07-17T23:28:49.523+0530] {logging_mixin.py:190} INFO - [2026-07-17T23:28:49.523+0530] {dag.py:3239} INFO - Sync 1 DAGs
[2026-07-17T23:28:49.526+0530] {logging_mixin.py:190} INFO - [2026-07-17T23:28:49.526+0530] {dag.py:4180} INFO - Setting next_dagrun for example_setup_teardown to None, run_after=None
[2026-07-17T23:28:49.531+0530] {processor.py:208} INFO - Processing /Users/bhavishyachallagolla/Desktop/RetailSense/.venv/lib/python3.12/site-packages/airflow/example_dags/example_setup_teardown.py took 0.038 seconds
[2026-07-17T23:30:30.647+0530] {processor.py:186} INFO - Started process (PID=98484) to work on /Users/bhavishyachallagolla/Desktop/RetailSense/.venv/lib/python3.12/site-packages/airflow/example_dags/example_setup_teardown.py
[2026-07-17T23:30:30.648+0530] {processor.py:914} INFO - Processing file /Users/bhavishyachallagolla/Desktop/RetailSense/.venv/lib/python3.12/site-packages/airflow/example_dags/example_setup_teardown.py for tasks to queue
[2026-07-17T23:30:30.648+0530] {logging_mixin.py:190} INFO - [2026-07-17T23:30:30.648+0530] {dagbag.py:588} INFO - Filling up the DagBag from /Users/bhavishyachallagolla/Desktop/RetailSense/.venv/lib/python3.12/site-packages/airflow/example_dags/example_setup_teardown.py
[2026-07-17T23:30:30.651+0530] {processor.py:925} INFO - DAG(s) 'example_setup_teardown' retrieved from /Users/bhavishyachallagolla/Desktop/RetailSense/.venv/lib/python3.12/site-packages/airflow/example_dags/example_setup_teardown.py
[2026-07-17T23:30:30.675+0530] {logging_mixin.py:190} INFO - [2026-07-17T23:30:30.675+0530] {dag.py:3239} INFO - Sync 1 DAGs
[2026-07-17T23:30:30.678+0530] {logging_mixin.py:190} INFO - [2026-07-17T23:30:30.678+0530] {dag.py:4180} INFO - Setting next_dagrun for example_setup_teardown to None, run_after=None
[2026-07-17T23:30:30.683+0530] {processor.py:208} INFO - Processing /Users/bhavishyachallagolla/Desktop/RetailSense/.venv/lib/python3.12/site-packages/airflow/example_dags/example_setup_teardown.py took 0.037 seconds
[2026-07-17T23:32:19.846+0530] {processor.py:186} INFO - Started process (PID=98661) to work on /Users/bhavishyachallagolla/Desktop/RetailSense/.venv/lib/python3.12/site-packages/airflow/example_dags/example_setup_teardown.py
[2026-07-17T23:32:19.847+0530] {processor.py:914} INFO - Processing file /Users/bhavishyachallagolla/Desktop/RetailSense/.venv/lib/python3.12/site-packages/airflow/example_dags/example_setup_teardown.py for tasks to queue
[2026-07-17T23:32:19.848+0530] {logging_mixin.py:190} INFO - [2026-07-17T23:32:19.847+0530] {dagbag.py:588} INFO - Filling up the DagBag from /Users/bhavishyachallagolla/Desktop/RetailSense/.venv/lib/python3.12/site-packages/airflow/example_dags/example_setup_teardown.py
[2026-07-17T23:32:19.850+0530] {processor.py:925} INFO - DAG(s) 'example_setup_teardown' retrieved from /Users/bhavishyachallagolla/Desktop/RetailSense/.venv/lib/python3.12/site-packages/airflow/example_dags/example_setup_teardown.py
[2026-07-17T23:32:19.875+0530] {logging_mixin.py:190} INFO - [2026-07-17T23:32:19.875+0530] {dag.py:3239} INFO - Sync 1 DAGs
[2026-07-17T23:32:19.878+0530] {logging_mixin.py:190} INFO - [2026-07-17T23:32:19.878+0530] {dag.py:4180} INFO - Setting next_dagrun for example_setup_teardown to None, run_after=None
[2026-07-17T23:32:19.883+0530] {processor.py:208} INFO - Processing /Users/bhavishyachallagolla/Desktop/RetailSense/.venv/lib/python3.12/site-packages/airflow/example_dags/example_setup_teardown.py took 0.038 seconds
[2026-07-17T23:34:07.620+0530] {processor.py:186} INFO - Started process (PID=98840) to work on /Users/bhavishyachallagolla/Desktop/RetailSense/.venv/lib/python3.12/site-packages/airflow/example_dags/example_setup_teardown.py
[2026-07-17T23:34:07.621+0530] {processor.py:914} INFO - Processing file /Users/bhavishyachallagolla/Desktop/RetailSense/.venv/lib/python3.12/site-packages/airflow/example_dags/example_setup_teardown.py for tasks to queue
[2026-07-17T23:34:07.621+0530] {logging_mixin.py:190} INFO - [2026-07-17T23:34:07.621+0530] {dagbag.py:588} INFO - Filling up the DagBag from /Users/bhavishyachallagolla/Desktop/RetailSense/.venv/lib/python3.12/site-packages/airflow/example_dags/example_setup_teardown.py
[2026-07-17T23:34:07.624+0530] {processor.py:925} INFO - DAG(s) 'example_setup_teardown' retrieved from /Users/bhavishyachallagolla/Desktop/RetailSense/.venv/lib/python3.12/site-packages/airflow/example_dags/example_setup_teardown.py
[2026-07-17T23:34:07.650+0530] {logging_mixin.py:190} INFO - [2026-07-17T23:34:07.650+0530] {dag.py:3239} INFO - Sync 1 DAGs
[2026-07-17T23:34:07.653+0530] {logging_mixin.py:190} INFO - [2026-07-17T23:34:07.652+0530] {dag.py:4180} INFO - Setting next_dagrun for example_setup_teardown to None, run_after=None
[2026-07-17T23:34:07.658+0530] {processor.py:208} INFO - Processing /Users/bhavishyachallagolla/Desktop/RetailSense/.venv/lib/python3.12/site-packages/airflow/example_dags/example_setup_teardown.py took 0.039 seconds
[2026-07-17T23:35:51.379+0530] {processor.py:186} INFO - Started process (PID=98993) to work on /Users/bhavishyachallagolla/Desktop/RetailSense/.venv/lib/python3.12/site-packages/airflow/example_dags/example_setup_teardown.py
[2026-07-17T23:35:51.379+0530] {processor.py:914} INFO - Processing file /Users/bhavishyachallagolla/Desktop/RetailSense/.venv/lib/python3.12/site-packages/airflow/example_dags/example_setup_teardown.py for tasks to queue
[2026-07-17T23:35:51.379+0530] {logging_mixin.py:190} INFO - [2026-07-17T23:35:51.379+0530] {dagbag.py:588} INFO - Filling up the DagBag from /Users/bhavishyachallagolla/Desktop/RetailSense/.venv/lib/python3.12/site-packages/airflow/example_dags/example_setup_teardown.py
[2026-07-17T23:35:51.382+0530] {processor.py:925} INFO - DAG(s) 'example_setup_teardown' retrieved from /Users/bhavishyachallagolla/Desktop/RetailSense/.venv/lib/python3.12/site-packages/airflow/example_dags/example_setup_teardown.py
[2026-07-17T23:35:51.407+0530] {logging_mixin.py:190} INFO - [2026-07-17T23:35:51.407+0530] {dag.py:3239} INFO - Sync 1 DAGs
[2026-07-17T23:35:51.410+0530] {logging_mixin.py:190} INFO - [2026-07-17T23:35:51.410+0530] {dag.py:4180} INFO - Setting next_dagrun for example_setup_teardown to None, run_after=None
[2026-07-17T23:35:51.415+0530] {processor.py:208} INFO - Processing /Users/bhavishyachallagolla/Desktop/RetailSense/.venv/lib/python3.12/site-packages/airflow/example_dags/example_setup_teardown.py took 0.037 seconds
[2026-07-17T23:37:32.104+0530] {processor.py:186} INFO - Started process (PID=99145) to work on /Users/bhavishyachallagolla/Desktop/RetailSense/.venv/lib/python3.12/site-packages/airflow/example_dags/example_setup_teardown.py
[2026-07-17T23:37:32.104+0530] {processor.py:914} INFO - Processing file /Users/bhavishyachallagolla/Desktop/RetailSense/.venv/lib/python3.12/site-packages/airflow/example_dags/example_setup_teardown.py for tasks to queue
[2026-07-17T23:37:32.104+0530] {logging_mixin.py:190} INFO - [2026-07-17T23:37:32.104+0530] {dagbag.py:588} INFO - Filling up the DagBag from /Users/bhavishyachallagolla/Desktop/RetailSense/.venv/lib/python3.12/site-packages/airflow/example_dags/example_setup_teardown.py
[2026-07-17T23:37:32.107+0530] {processor.py:925} INFO - DAG(s) 'example_setup_teardown' retrieved from /Users/bhavishyachallagolla/Desktop/RetailSense/.venv/lib/python3.12/site-packages/airflow/example_dags/example_setup_teardown.py
[2026-07-17T23:37:32.133+0530] {logging_mixin.py:190} INFO - [2026-07-17T23:37:32.133+0530] {dag.py:3239} INFO - Sync 1 DAGs
[2026-07-17T23:37:32.135+0530] {logging_mixin.py:190} INFO - [2026-07-17T23:37:32.135+0530] {dag.py:4180} INFO - Setting next_dagrun for example_setup_teardown to None, run_after=None
[2026-07-17T23:37:32.141+0530] {processor.py:208} INFO - Processing /Users/bhavishyachallagolla/Desktop/RetailSense/.venv/lib/python3.12/site-packages/airflow/example_dags/example_setup_teardown.py took 0.038 seconds
[2026-07-17T23:39:14.804+0530] {processor.py:186} INFO - Started process (PID=99306) to work on /Users/bhavishyachallagolla/Desktop/RetailSense/.venv/lib/python3.12/site-packages/airflow/example_dags/example_setup_teardown.py
[2026-07-17T23:39:14.804+0530] {processor.py:914} INFO - Processing file /Users/bhavishyachallagolla/Desktop/RetailSense/.venv/lib/python3.12/site-packages/airflow/example_dags/example_setup_teardown.py for tasks to queue
[2026-07-17T23:39:14.805+0530] {logging_mixin.py:190} INFO - [2026-07-17T23:39:14.805+0530] {dagbag.py:588} INFO - Filling up the DagBag from /Users/bhavishyachallagolla/Desktop/RetailSense/.venv/lib/python3.12/site-packages/airflow/example_dags/example_setup_teardown.py
[2026-07-17T23:39:14.807+0530] {processor.py:925} INFO - DAG(s) 'example_setup_teardown' retrieved from /Users/bhavishyachallagolla/Desktop/RetailSense/.venv/lib/python3.12/site-packages/airflow/example_dags/example_setup_teardown.py
[2026-07-17T23:39:14.832+0530] {logging_mixin.py:190} INFO - [2026-07-17T23:39:14.832+0530] {dag.py:3239} INFO - Sync 1 DAGs
[2026-07-17T23:39:14.834+0530] {logging_mixin.py:190} INFO - [2026-07-17T23:39:14.834+0530] {dag.py:4180} INFO - Setting next_dagrun for example_setup_teardown to None, run_after=None
[2026-07-17T23:39:14.839+0530] {processor.py:208} INFO - Processing /Users/bhavishyachallagolla/Desktop/RetailSense/.venv/lib/python3.12/site-packages/airflow/example_dags/example_setup_teardown.py took 0.036 seconds
[2026-07-17T23:40:54.939+0530] {processor.py:186} INFO - Started process (PID=99462) to work on /Users/bhavishyachallagolla/Desktop/RetailSense/.venv/lib/python3.12/site-packages/airflow/example_dags/example_setup_teardown.py
[2026-07-17T23:40:54.940+0530] {processor.py:914} INFO - Processing file /Users/bhavishyachallagolla/Desktop/RetailSense/.venv/lib/python3.12/site-packages/airflow/example_dags/example_setup_teardown.py for tasks to queue
[2026-07-17T23:40:54.940+0530] {logging_mixin.py:190} INFO - [2026-07-17T23:40:54.940+0530] {dagbag.py:588} INFO - Filling up the DagBag from /Users/bhavishyachallagolla/Desktop/RetailSense/.venv/lib/python3.12/site-packages/airflow/example_dags/example_setup_teardown.py
[2026-07-17T23:40:54.943+0530] {processor.py:925} INFO - DAG(s) 'example_setup_teardown' retrieved from /Users/bhavishyachallagolla/Desktop/RetailSense/.venv/lib/python3.12/site-packages/airflow/example_dags/example_setup_teardown.py
[2026-07-17T23:40:54.969+0530] {logging_mixin.py:190} INFO - [2026-07-17T23:40:54.969+0530] {dag.py:3239} INFO - Sync 1 DAGs
[2026-07-17T23:40:54.972+0530] {logging_mixin.py:190} INFO - [2026-07-17T23:40:54.972+0530] {dag.py:4180} INFO - Setting next_dagrun for example_setup_teardown to None, run_after=None
[2026-07-17T23:40:54.977+0530] {processor.py:208} INFO - Processing /Users/bhavishyachallagolla/Desktop/RetailSense/.venv/lib/python3.12/site-packages/airflow/example_dags/example_setup_teardown.py took 0.039 seconds
[2026-07-17T23:42:38.667+0530] {processor.py:186} INFO - Started process (PID=99621) to work on /Users/bhavishyachallagolla/Desktop/RetailSense/.venv/lib/python3.12/site-packages/airflow/example_dags/example_setup_teardown.py
[2026-07-17T23:42:38.668+0530] {processor.py:914} INFO - Processing file /Users/bhavishyachallagolla/Desktop/RetailSense/.venv/lib/python3.12/site-packages/airflow/example_dags/example_setup_teardown.py for tasks to queue
[2026-07-17T23:42:38.669+0530] {logging_mixin.py:190} INFO - [2026-07-17T23:42:38.668+0530] {dagbag.py:588} INFO - Filling up the DagBag from /Users/bhavishyachallagolla/Desktop/RetailSense/.venv/lib/python3.12/site-packages/airflow/example_dags/example_setup_teardown.py
[2026-07-17T23:42:38.671+0530] {processor.py:925} INFO - DAG(s) 'example_setup_teardown' retrieved from /Users/bhavishyachallagolla/Desktop/RetailSense/.venv/lib/python3.12/site-packages/airflow/example_dags/example_setup_teardown.py
[2026-07-17T23:42:38.698+0530] {logging_mixin.py:190} INFO - [2026-07-17T23:42:38.698+0530] {dag.py:3239} INFO - Sync 1 DAGs
[2026-07-17T23:42:38.701+0530] {logging_mixin.py:190} INFO - [2026-07-17T23:42:38.701+0530] {dag.py:4180} INFO - Setting next_dagrun for example_setup_teardown to None, run_after=None
[2026-07-17T23:42:38.706+0530] {processor.py:208} INFO - Processing /Users/bhavishyachallagolla/Desktop/RetailSense/.venv/lib/python3.12/site-packages/airflow/example_dags/example_setup_teardown.py took 0.040 seconds
[2026-07-17T23:44:21.518+0530] {processor.py:186} INFO - Started process (PID=99774) to work on /Users/bhavishyachallagolla/Desktop/RetailSense/.venv/lib/python3.12/site-packages/airflow/example_dags/example_setup_teardown.py
[2026-07-17T23:44:21.519+0530] {processor.py:914} INFO - Processing file /Users/bhavishyachallagolla/Desktop/RetailSense/.venv/lib/python3.12/site-packages/airflow/example_dags/example_setup_teardown.py for tasks to queue
[2026-07-17T23:44:21.520+0530] {logging_mixin.py:190} INFO - [2026-07-17T23:44:21.520+0530] {dagbag.py:588} INFO - Filling up the DagBag from /Users/bhavishyachallagolla/Desktop/RetailSense/.venv/lib/python3.12/site-packages/airflow/example_dags/example_setup_teardown.py
[2026-07-17T23:44:21.522+0530] {processor.py:925} INFO - DAG(s) 'example_setup_teardown' retrieved from /Users/bhavishyachallagolla/Desktop/RetailSense/.venv/lib/python3.12/site-packages/airflow/example_dags/example_setup_teardown.py
[2026-07-17T23:44:21.548+0530] {logging_mixin.py:190} INFO - [2026-07-17T23:44:21.548+0530] {dag.py:3239} INFO - Sync 1 DAGs
[2026-07-17T23:44:21.550+0530] {logging_mixin.py:190} INFO - [2026-07-17T23:44:21.550+0530] {dag.py:4180} INFO - Setting next_dagrun for example_setup_teardown to None, run_after=None
[2026-07-17T23:44:21.555+0530] {processor.py:208} INFO - Processing /Users/bhavishyachallagolla/Desktop/RetailSense/.venv/lib/python3.12/site-packages/airflow/example_dags/example_setup_teardown.py took 0.038 seconds
[2026-07-17T23:46:05.174+0530] {processor.py:186} INFO - Started process (PID=99932) to work on /Users/bhavishyachallagolla/Desktop/RetailSense/.venv/lib/python3.12/site-packages/airflow/example_dags/example_setup_teardown.py
[2026-07-17T23:46:05.174+0530] {processor.py:914} INFO - Processing file /Users/bhavishyachallagolla/Desktop/RetailSense/.venv/lib/python3.12/site-packages/airflow/example_dags/example_setup_teardown.py for tasks to queue
[2026-07-17T23:46:05.174+0530] {logging_mixin.py:190} INFO - [2026-07-17T23:46:05.174+0530] {dagbag.py:588} INFO - Filling up the DagBag from /Users/bhavishyachallagolla/Desktop/RetailSense/.venv/lib/python3.12/site-packages/airflow/example_dags/example_setup_teardown.py
[2026-07-17T23:46:05.177+0530] {processor.py:925} INFO - DAG(s) 'example_setup_teardown' retrieved from /Users/bhavishyachallagolla/Desktop/RetailSense/.venv/lib/python3.12/site-packages/airflow/example_dags/example_setup_teardown.py
[2026-07-17T23:46:05.202+0530] {logging_mixin.py:190} INFO - [2026-07-17T23:46:05.202+0530] {dag.py:3239} INFO - Sync 1 DAGs
[2026-07-17T23:46:05.205+0530] {logging_mixin.py:190} INFO - [2026-07-17T23:46:05.205+0530] {dag.py:4180} INFO - Setting next_dagrun for example_setup_teardown to None, run_after=None
[2026-07-17T23:46:05.210+0530] {processor.py:208} INFO - Processing /Users/bhavishyachallagolla/Desktop/RetailSense/.venv/lib/python3.12/site-packages/airflow/example_dags/example_setup_teardown.py took 0.037 seconds
[2026-07-17T23:48:03.704+0530] {processor.py:186} INFO - Started process (PID=215) to work on /Users/bhavishyachallagolla/Desktop/RetailSense/.venv/lib/python3.12/site-packages/airflow/example_dags/example_setup_teardown.py
[2026-07-17T23:48:03.705+0530] {processor.py:914} INFO - Processing file /Users/bhavishyachallagolla/Desktop/RetailSense/.venv/lib/python3.12/site-packages/airflow/example_dags/example_setup_teardown.py for tasks to queue
[2026-07-17T23:48:03.706+0530] {logging_mixin.py:190} INFO - [2026-07-17T23:48:03.706+0530] {dagbag.py:588} INFO - Filling up the DagBag from /Users/bhavishyachallagolla/Desktop/RetailSense/.venv/lib/python3.12/site-packages/airflow/example_dags/example_setup_teardown.py
[2026-07-17T23:48:03.708+0530] {processor.py:925} INFO - DAG(s) 'example_setup_teardown' retrieved from /Users/bhavishyachallagolla/Desktop/RetailSense/.venv/lib/python3.12/site-packages/airflow/example_dags/example_setup_teardown.py
[2026-07-17T23:48:03.734+0530] {logging_mixin.py:190} INFO - [2026-07-17T23:48:03.734+0530] {dag.py:3239} INFO - Sync 1 DAGs
[2026-07-17T23:48:03.737+0530] {logging_mixin.py:190} INFO - [2026-07-17T23:48:03.737+0530] {dag.py:4180} INFO - Setting next_dagrun for example_setup_teardown to None, run_after=None
[2026-07-17T23:48:03.742+0530] {processor.py:208} INFO - Processing /Users/bhavishyachallagolla/Desktop/RetailSense/.venv/lib/python3.12/site-packages/airflow/example_dags/example_setup_teardown.py took 0.038 seconds
[2026-07-17T23:49:49.699+0530] {processor.py:186} INFO - Started process (PID=426) to work on /Users/bhavishyachallagolla/Desktop/RetailSense/.venv/lib/python3.12/site-packages/airflow/example_dags/example_setup_teardown.py
[2026-07-17T23:49:49.699+0530] {processor.py:914} INFO - Processing file /Users/bhavishyachallagolla/Desktop/RetailSense/.venv/lib/python3.12/site-packages/airflow/example_dags/example_setup_teardown.py for tasks to queue
[2026-07-17T23:49:49.699+0530] {logging_mixin.py:190} INFO - [2026-07-17T23:49:49.699+0530] {dagbag.py:588} INFO - Filling up the DagBag from /Users/bhavishyachallagolla/Desktop/RetailSense/.venv/lib/python3.12/site-packages/airflow/example_dags/example_setup_teardown.py
[2026-07-17T23:49:49.702+0530] {processor.py:925} INFO - DAG(s) 'example_setup_teardown' retrieved from /Users/bhavishyachallagolla/Desktop/RetailSense/.venv/lib/python3.12/site-packages/airflow/example_dags/example_setup_teardown.py
[2026-07-17T23:49:49.726+0530] {logging_mixin.py:190} INFO - [2026-07-17T23:49:49.726+0530] {dag.py:3239} INFO - Sync 1 DAGs
[2026-07-17T23:49:49.729+0530] {logging_mixin.py:190} INFO - [2026-07-17T23:49:49.729+0530] {dag.py:4180} INFO - Setting next_dagrun for example_setup_teardown to None, run_after=None
[2026-07-17T23:49:49.734+0530] {processor.py:208} INFO - Processing /Users/bhavishyachallagolla/Desktop/RetailSense/.venv/lib/python3.12/site-packages/airflow/example_dags/example_setup_teardown.py took 0.036 seconds
[2026-07-17T23:51:33.101+0530] {processor.py:186} INFO - Started process (PID=652) to work on /Users/bhavishyachallagolla/Desktop/RetailSense/.venv/lib/python3.12/site-packages/airflow/example_dags/example_setup_teardown.py
[2026-07-17T23:51:33.101+0530] {processor.py:914} INFO - Processing file /Users/bhavishyachallagolla/Desktop/RetailSense/.venv/lib/python3.12/site-packages/airflow/example_dags/example_setup_teardown.py for tasks to queue
[2026-07-17T23:51:33.101+0530] {logging_mixin.py:190} INFO - [2026-07-17T23:51:33.101+0530] {dagbag.py:588} INFO - Filling up the DagBag from /Users/bhavishyachallagolla/Desktop/RetailSense/.venv/lib/python3.12/site-packages/airflow/example_dags/example_setup_teardown.py
[2026-07-17T23:51:33.104+0530] {processor.py:925} INFO - DAG(s) 'example_setup_teardown' retrieved from /Users/bhavishyachallagolla/Desktop/RetailSense/.venv/lib/python3.12/site-packages/airflow/example_dags/example_setup_teardown.py
[2026-07-17T23:51:33.129+0530] {logging_mixin.py:190} INFO - [2026-07-17T23:51:33.129+0530] {dag.py:3239} INFO - Sync 1 DAGs
[2026-07-17T23:51:33.132+0530] {logging_mixin.py:190} INFO - [2026-07-17T23:51:33.132+0530] {dag.py:4180} INFO - Setting next_dagrun for example_setup_teardown to None, run_after=None
[2026-07-17T23:51:33.137+0530] {processor.py:208} INFO - Processing /Users/bhavishyachallagolla/Desktop/RetailSense/.venv/lib/python3.12/site-packages/airflow/example_dags/example_setup_teardown.py took 0.037 seconds
[2026-07-17T23:53:22.863+0530] {processor.py:186} INFO - Started process (PID=900) to work on /Users/bhavishyachallagolla/Desktop/RetailSense/.venv/lib/python3.12/site-packages/airflow/example_dags/example_setup_teardown.py
[2026-07-17T23:53:22.863+0530] {processor.py:914} INFO - Processing file /Users/bhavishyachallagolla/Desktop/RetailSense/.venv/lib/python3.12/site-packages/airflow/example_dags/example_setup_teardown.py for tasks to queue
[2026-07-17T23:53:22.863+0530] {logging_mixin.py:190} INFO - [2026-07-17T23:53:22.863+0530] {dagbag.py:588} INFO - Filling up the DagBag from /Users/bhavishyachallagolla/Desktop/RetailSense/.venv/lib/python3.12/site-packages/airflow/example_dags/example_setup_teardown.py
[2026-07-17T23:53:22.866+0530] {processor.py:925} INFO - DAG(s) 'example_setup_teardown' retrieved from /Users/bhavishyachallagolla/Desktop/RetailSense/.venv/lib/python3.12/site-packages/airflow/example_dags/example_setup_teardown.py
[2026-07-17T23:53:22.892+0530] {logging_mixin.py:190} INFO - [2026-07-17T23:53:22.892+0530] {dag.py:3239} INFO - Sync 1 DAGs
[2026-07-17T23:53:22.895+0530] {logging_mixin.py:190} INFO - [2026-07-17T23:53:22.895+0530] {dag.py:4180} INFO - Setting next_dagrun for example_setup_teardown to None, run_after=None
[2026-07-17T23:53:22.900+0530] {processor.py:208} INFO - Processing /Users/bhavishyachallagolla/Desktop/RetailSense/.venv/lib/python3.12/site-packages/airflow/example_dags/example_setup_teardown.py took 0.038 seconds
[2026-07-17T23:55:17.133+0530] {processor.py:186} INFO - Started process (PID=1103) to work on /Users/bhavishyachallagolla/Desktop/RetailSense/.venv/lib/python3.12/site-packages/airflow/example_dags/example_setup_teardown.py
[2026-07-17T23:55:17.133+0530] {processor.py:914} INFO - Processing file /Users/bhavishyachallagolla/Desktop/RetailSense/.venv/lib/python3.12/site-packages/airflow/example_dags/example_setup_teardown.py for tasks to queue
[2026-07-17T23:55:17.134+0530] {logging_mixin.py:190} INFO - [2026-07-17T23:55:17.134+0530] {dagbag.py:588} INFO - Filling up the DagBag from /Users/bhavishyachallagolla/Desktop/RetailSense/.venv/lib/python3.12/site-packages/airflow/example_dags/example_setup_teardown.py
[2026-07-17T23:55:17.136+0530] {processor.py:925} INFO - DAG(s) 'example_setup_teardown' retrieved from /Users/bhavishyachallagolla/Desktop/RetailSense/.venv/lib/python3.12/site-packages/airflow/example_dags/example_setup_teardown.py
[2026-07-17T23:55:17.163+0530] {logging_mixin.py:190} INFO - [2026-07-17T23:55:17.163+0530] {dag.py:3239} INFO - Sync 1 DAGs
[2026-07-17T23:55:17.166+0530] {logging_mixin.py:190} INFO - [2026-07-17T23:55:17.166+0530] {dag.py:4180} INFO - Setting next_dagrun for example_setup_teardown to None, run_after=None
[2026-07-17T23:55:17.173+0530] {processor.py:208} INFO - Processing /Users/bhavishyachallagolla/Desktop/RetailSense/.venv/lib/python3.12/site-packages/airflow/example_dags/example_setup_teardown.py took 0.041 seconds
