[2026-07-17T20:09:23.180+0530] {processor.py:186} INFO - Started process (PID=87198) to work on /Users/bhavishyachallagolla/Desktop/RetailSense/.venv/lib/python3.12/site-packages/airflow/example_dags/example_python_decorator.py
[2026-07-17T20:09:23.180+0530] {processor.py:914} INFO - Processing file /Users/bhavishyachallagolla/Desktop/RetailSense/.venv/lib/python3.12/site-packages/airflow/example_dags/example_python_decorator.py for tasks to queue
[2026-07-17T20:09:23.181+0530] {logging_mixin.py:190} INFO - [2026-07-17T20:09:23.181+0530] {dagbag.py:588} INFO - Filling up the DagBag from /Users/bhavishyachallagolla/Desktop/RetailSense/.venv/lib/python3.12/site-packages/airflow/example_dags/example_python_decorator.py
[2026-07-17T20:09:23.193+0530] {logging_mixin.py:190} INFO - [2026-07-17T20:09:23.193+0530] {example_python_decorator.py:80} WARNING - The virtalenv_python example task requires virtualenv, please install it.
[2026-07-17T20:09:23.194+0530] {processor.py:925} INFO - DAG(s) 'example_python_decorator' retrieved from /Users/bhavishyachallagolla/Desktop/RetailSense/.venv/lib/python3.12/site-packages/airflow/example_dags/example_python_decorator.py
[2026-07-17T20:09:23.241+0530] {logging_mixin.py:190} INFO - [2026-07-17T20:09:23.240+0530] {dag.py:3239} INFO - Sync 1 DAGs
[2026-07-17T20:09:23.243+0530] {logging_mixin.py:190} INFO - [2026-07-17T20:09:23.243+0530] {dag.py:4180} INFO - Setting next_dagrun for example_python_decorator to None, run_after=None
[2026-07-17T20:09:23.249+0530] {processor.py:208} INFO - Processing /Users/bhavishyachallagolla/Desktop/RetailSense/.venv/lib/python3.12/site-packages/airflow/example_dags/example_python_decorator.py took 0.070 seconds
[2026-07-17T20:10:20.730+0530] {processor.py:186} INFO - Started process (PID=87307) to work on /Users/bhavishyachallagolla/Desktop/RetailSense/.venv/lib/python3.12/site-packages/airflow/example_dags/example_python_decorator.py
[2026-07-17T20:10:20.731+0530] {processor.py:914} INFO - Processing file /Users/bhavishyachallagolla/Desktop/RetailSense/.venv/lib/python3.12/site-packages/airflow/example_dags/example_python_decorator.py for tasks to queue
[2026-07-17T20:10:20.731+0530] {logging_mixin.py:190} INFO - [2026-07-17T20:10:20.731+0530] {dagbag.py:588} INFO - Filling up the DagBag from /Users/bhavishyachallagolla/Desktop/RetailSense/.venv/lib/python3.12/site-packages/airflow/example_dags/example_python_decorator.py
[2026-07-17T20:10:20.743+0530] {logging_mixin.py:190} INFO - [2026-07-17T20:10:20.743+0530] {example_python_decorator.py:80} WARNING - The virtalenv_python example task requires virtualenv, please install it.
[2026-07-17T20:10:20.743+0530] {processor.py:925} INFO - DAG(s) 'example_python_decorator' retrieved from /Users/bhavishyachallagolla/Desktop/RetailSense/.venv/lib/python3.12/site-packages/airflow/example_dags/example_python_decorator.py
[2026-07-17T20:10:20.767+0530] {logging_mixin.py:190} INFO - [2026-07-17T20:10:20.767+0530] {dag.py:3239} INFO - Sync 1 DAGs
[2026-07-17T20:10:20.770+0530] {logging_mixin.py:190} INFO - [2026-07-17T20:10:20.770+0530] {dag.py:4180} INFO - Setting next_dagrun for example_python_decorator to None, run_after=None
[2026-07-17T20:10:20.775+0530] {processor.py:208} INFO - Processing /Users/bhavishyachallagolla/Desktop/RetailSense/.venv/lib/python3.12/site-packages/airflow/example_dags/example_python_decorator.py took 0.046 seconds
[2026-07-17T20:11:40.105+0530] {processor.py:186} INFO - Started process (PID=87425) to work on /Users/bhavishyachallagolla/Desktop/RetailSense/.venv/lib/python3.12/site-packages/airflow/example_dags/example_python_decorator.py
[2026-07-17T20:11:40.105+0530] {processor.py:914} INFO - Processing file /Users/bhavishyachallagolla/Desktop/RetailSense/.venv/lib/python3.12/site-packages/airflow/example_dags/example_python_decorator.py for tasks to queue
[2026-07-17T20:11:40.106+0530] {logging_mixin.py:190} INFO - [2026-07-17T20:11:40.106+0530] {dagbag.py:588} INFO - Filling up the DagBag from /Users/bhavishyachallagolla/Desktop/RetailSense/.venv/lib/python3.12/site-packages/airflow/example_dags/example_python_decorator.py
[2026-07-17T20:11:40.117+0530] {logging_mixin.py:190} INFO - [2026-07-17T20:11:40.117+0530] {example_python_decorator.py:80} WARNING - The virtalenv_python example task requires virtualenv, please install it.
[2026-07-17T20:11:40.118+0530] {processor.py:925} INFO - DAG(s) 'example_python_decorator' retrieved from /Users/bhavishyachallagolla/Desktop/RetailSense/.venv/lib/python3.12/site-packages/airflow/example_dags/example_python_decorator.py
[2026-07-17T20:11:40.142+0530] {logging_mixin.py:190} INFO - [2026-07-17T20:11:40.142+0530] {dag.py:3239} INFO - Sync 1 DAGs
[2026-07-17T20:11:40.145+0530] {logging_mixin.py:190} INFO - [2026-07-17T20:11:40.145+0530] {dag.py:4180} INFO - Setting next_dagrun for example_python_decorator to None, run_after=None
[2026-07-17T20:11:40.149+0530] {processor.py:208} INFO - Processing /Users/bhavishyachallagolla/Desktop/RetailSense/.venv/lib/python3.12/site-packages/airflow/example_dags/example_python_decorator.py took 0.045 seconds
[2026-07-17T20:13:21.611+0530] {processor.py:186} INFO - Started process (PID=87577) to work on /Users/bhavishyachallagolla/Desktop/RetailSense/.venv/lib/python3.12/site-packages/airflow/example_dags/example_python_decorator.py
[2026-07-17T20:13:21.612+0530] {processor.py:914} INFO - Processing file /Users/bhavishyachallagolla/Desktop/RetailSense/.venv/lib/python3.12/site-packages/airflow/example_dags/example_python_decorator.py for tasks to queue
[2026-07-17T20:13:21.613+0530] {logging_mixin.py:190} INFO - [2026-07-17T20:13:21.613+0530] {dagbag.py:588} INFO - Filling up the DagBag from /Users/bhavishyachallagolla/Desktop/RetailSense/.venv/lib/python3.12/site-packages/airflow/example_dags/example_python_decorator.py
[2026-07-17T20:13:21.628+0530] {logging_mixin.py:190} INFO - [2026-07-17T20:13:21.628+0530] {example_python_decorator.py:80} WARNING - The virtalenv_python example task requires virtualenv, please install it.
[2026-07-17T20:13:21.629+0530] {processor.py:925} INFO - DAG(s) 'example_python_decorator' retrieved from /Users/bhavishyachallagolla/Desktop/RetailSense/.venv/lib/python3.12/site-packages/airflow/example_dags/example_python_decorator.py
[2026-07-17T20:13:21.657+0530] {logging_mixin.py:190} INFO - [2026-07-17T20:13:21.657+0530] {dag.py:3239} INFO - Sync 1 DAGs
[2026-07-17T20:13:21.660+0530] {logging_mixin.py:190} INFO - [2026-07-17T20:13:21.660+0530] {dag.py:4180} INFO - Setting next_dagrun for example_python_decorator to None, run_after=None
[2026-07-17T20:13:21.665+0530] {processor.py:208} INFO - Processing /Users/bhavishyachallagolla/Desktop/RetailSense/.venv/lib/python3.12/site-packages/airflow/example_dags/example_python_decorator.py took 0.055 seconds
[2026-07-17T20:14:59.402+0530] {processor.py:186} INFO - Started process (PID=87740) to work on /Users/bhavishyachallagolla/Desktop/RetailSense/.venv/lib/python3.12/site-packages/airflow/example_dags/example_python_decorator.py
[2026-07-17T20:14:59.402+0530] {processor.py:914} INFO - Processing file /Users/bhavishyachallagolla/Desktop/RetailSense/.venv/lib/python3.12/site-packages/airflow/example_dags/example_python_decorator.py for tasks to queue
[2026-07-17T20:14:59.403+0530] {logging_mixin.py:190} INFO - [2026-07-17T20:14:59.402+0530] {dagbag.py:588} INFO - Filling up the DagBag from /Users/bhavishyachallagolla/Desktop/RetailSense/.venv/lib/python3.12/site-packages/airflow/example_dags/example_python_decorator.py
[2026-07-17T20:14:59.416+0530] {logging_mixin.py:190} INFO - [2026-07-17T20:14:59.416+0530] {example_python_decorator.py:80} WARNING - The virtalenv_python example task requires virtualenv, please install it.
[2026-07-17T20:14:59.416+0530] {processor.py:925} INFO - DAG(s) 'example_python_decorator' retrieved from /Users/bhavishyachallagolla/Desktop/RetailSense/.venv/lib/python3.12/site-packages/airflow/example_dags/example_python_decorator.py
[2026-07-17T20:14:59.443+0530] {logging_mixin.py:190} INFO - [2026-07-17T20:14:59.442+0530] {dag.py:3239} INFO - Sync 1 DAGs
[2026-07-17T20:14:59.445+0530] {logging_mixin.py:190} INFO - [2026-07-17T20:14:59.445+0530] {dag.py:4180} INFO - Setting next_dagrun for example_python_decorator to None, run_after=None
[2026-07-17T20:14:59.450+0530] {processor.py:208} INFO - Processing /Users/bhavishyachallagolla/Desktop/RetailSense/.venv/lib/python3.12/site-packages/airflow/example_dags/example_python_decorator.py took 0.050 seconds
[2026-07-17T20:16:40.006+0530] {processor.py:186} INFO - Started process (PID=87894) to work on /Users/bhavishyachallagolla/Desktop/RetailSense/.venv/lib/python3.12/site-packages/airflow/example_dags/example_python_decorator.py
[2026-07-17T20:16:40.007+0530] {processor.py:914} INFO - Processing file /Users/bhavishyachallagolla/Desktop/RetailSense/.venv/lib/python3.12/site-packages/airflow/example_dags/example_python_decorator.py for tasks to queue
[2026-07-17T20:16:40.007+0530] {logging_mixin.py:190} INFO - [2026-07-17T20:16:40.007+0530] {dagbag.py:588} INFO - Filling up the DagBag from /Users/bhavishyachallagolla/Desktop/RetailSense/.venv/lib/python3.12/site-packages/airflow/example_dags/example_python_decorator.py
[2026-07-17T20:16:40.020+0530] {logging_mixin.py:190} INFO - [2026-07-17T20:16:40.020+0530] {example_python_decorator.py:80} WARNING - The virtalenv_python example task requires virtualenv, please install it.
[2026-07-17T20:16:40.021+0530] {processor.py:925} INFO - DAG(s) 'example_python_decorator' retrieved from /Users/bhavishyachallagolla/Desktop/RetailSense/.venv/lib/python3.12/site-packages/airflow/example_dags/example_python_decorator.py
[2026-07-17T20:16:40.046+0530] {logging_mixin.py:190} INFO - [2026-07-17T20:16:40.046+0530] {dag.py:3239} INFO - Sync 1 DAGs
[2026-07-17T20:16:40.049+0530] {logging_mixin.py:190} INFO - [2026-07-17T20:16:40.049+0530] {dag.py:4180} INFO - Setting next_dagrun for example_python_decorator to None, run_after=None
[2026-07-17T20:16:40.054+0530] {processor.py:208} INFO - Processing /Users/bhavishyachallagolla/Desktop/RetailSense/.venv/lib/python3.12/site-packages/airflow/example_dags/example_python_decorator.py took 0.049 seconds
[2026-07-17T20:18:19.208+0530] {processor.py:186} INFO - Started process (PID=88047) to work on /Users/bhavishyachallagolla/Desktop/RetailSense/.venv/lib/python3.12/site-packages/airflow/example_dags/example_python_decorator.py
[2026-07-17T20:18:19.208+0530] {processor.py:914} INFO - Processing file /Users/bhavishyachallagolla/Desktop/RetailSense/.venv/lib/python3.12/site-packages/airflow/example_dags/example_python_decorator.py for tasks to queue
[2026-07-17T20:18:19.208+0530] {logging_mixin.py:190} INFO - [2026-07-17T20:18:19.208+0530] {dagbag.py:588} INFO - Filling up the DagBag from /Users/bhavishyachallagolla/Desktop/RetailSense/.venv/lib/python3.12/site-packages/airflow/example_dags/example_python_decorator.py
[2026-07-17T20:18:19.220+0530] {logging_mixin.py:190} INFO - [2026-07-17T20:18:19.220+0530] {example_python_decorator.py:80} WARNING - The virtalenv_python example task requires virtualenv, please install it.
[2026-07-17T20:18:19.221+0530] {processor.py:925} INFO - DAG(s) 'example_python_decorator' retrieved from /Users/bhavishyachallagolla/Desktop/RetailSense/.venv/lib/python3.12/site-packages/airflow/example_dags/example_python_decorator.py
[2026-07-17T20:18:19.245+0530] {logging_mixin.py:190} INFO - [2026-07-17T20:18:19.245+0530] {dag.py:3239} INFO - Sync 1 DAGs
[2026-07-17T20:18:19.247+0530] {logging_mixin.py:190} INFO - [2026-07-17T20:18:19.247+0530] {dag.py:4180} INFO - Setting next_dagrun for example_python_decorator to None, run_after=None
[2026-07-17T20:18:19.252+0530] {processor.py:208} INFO - Processing /Users/bhavishyachallagolla/Desktop/RetailSense/.venv/lib/python3.12/site-packages/airflow/example_dags/example_python_decorator.py took 0.045 seconds
[2026-07-17T20:19:59.286+0530] {processor.py:186} INFO - Started process (PID=88212) to work on /Users/bhavishyachallagolla/Desktop/RetailSense/.venv/lib/python3.12/site-packages/airflow/example_dags/example_python_decorator.py
[2026-07-17T20:19:59.288+0530] {processor.py:914} INFO - Processing file /Users/bhavishyachallagolla/Desktop/RetailSense/.venv/lib/python3.12/site-packages/airflow/example_dags/example_python_decorator.py for tasks to queue
[2026-07-17T20:19:59.288+0530] {logging_mixin.py:190} INFO - [2026-07-17T20:19:59.288+0530] {dagbag.py:588} INFO - Filling up the DagBag from /Users/bhavishyachallagolla/Desktop/RetailSense/.venv/lib/python3.12/site-packages/airflow/example_dags/example_python_decorator.py
[2026-07-17T20:19:59.300+0530] {logging_mixin.py:190} INFO - [2026-07-17T20:19:59.300+0530] {example_python_decorator.py:80} WARNING - The virtalenv_python example task requires virtualenv, please install it.
[2026-07-17T20:19:59.300+0530] {processor.py:925} INFO - DAG(s) 'example_python_decorator' retrieved from /Users/bhavishyachallagolla/Desktop/RetailSense/.venv/lib/python3.12/site-packages/airflow/example_dags/example_python_decorator.py
[2026-07-17T20:19:59.325+0530] {logging_mixin.py:190} INFO - [2026-07-17T20:19:59.325+0530] {dag.py:3239} INFO - Sync 1 DAGs
[2026-07-17T20:19:59.328+0530] {logging_mixin.py:190} INFO - [2026-07-17T20:19:59.328+0530] {dag.py:4180} INFO - Setting next_dagrun for example_python_decorator to None, run_after=None
[2026-07-17T20:19:59.332+0530] {processor.py:208} INFO - Processing /Users/bhavishyachallagolla/Desktop/RetailSense/.venv/lib/python3.12/site-packages/airflow/example_dags/example_python_decorator.py took 0.047 seconds
[2026-07-17T20:21:38.972+0530] {processor.py:186} INFO - Started process (PID=88365) to work on /Users/bhavishyachallagolla/Desktop/RetailSense/.venv/lib/python3.12/site-packages/airflow/example_dags/example_python_decorator.py
[2026-07-17T20:21:38.974+0530] {processor.py:914} INFO - Processing file /Users/bhavishyachallagolla/Desktop/RetailSense/.venv/lib/python3.12/site-packages/airflow/example_dags/example_python_decorator.py for tasks to queue
[2026-07-17T20:21:38.974+0530] {logging_mixin.py:190} INFO - [2026-07-17T20:21:38.974+0530] {dagbag.py:588} INFO - Filling up the DagBag from /Users/bhavishyachallagolla/Desktop/RetailSense/.venv/lib/python3.12/site-packages/airflow/example_dags/example_python_decorator.py
[2026-07-17T20:21:38.986+0530] {logging_mixin.py:190} INFO - [2026-07-17T20:21:38.986+0530] {example_python_decorator.py:80} WARNING - The virtalenv_python example task requires virtualenv, please install it.
[2026-07-17T20:21:38.986+0530] {processor.py:925} INFO - DAG(s) 'example_python_decorator' retrieved from /Users/bhavishyachallagolla/Desktop/RetailSense/.venv/lib/python3.12/site-packages/airflow/example_dags/example_python_decorator.py
[2026-07-17T20:21:39.010+0530] {logging_mixin.py:190} INFO - [2026-07-17T20:21:39.010+0530] {dag.py:3239} INFO - Sync 1 DAGs
[2026-07-17T20:21:39.013+0530] {logging_mixin.py:190} INFO - [2026-07-17T20:21:39.013+0530] {dag.py:4180} INFO - Setting next_dagrun for example_python_decorator to None, run_after=None
[2026-07-17T20:21:39.018+0530] {processor.py:208} INFO - Processing /Users/bhavishyachallagolla/Desktop/RetailSense/.venv/lib/python3.12/site-packages/airflow/example_dags/example_python_decorator.py took 0.046 seconds
[2026-07-17T20:23:20.548+0530] {processor.py:186} INFO - Started process (PID=88521) to work on /Users/bhavishyachallagolla/Desktop/RetailSense/.venv/lib/python3.12/site-packages/airflow/example_dags/example_python_decorator.py
[2026-07-17T20:23:20.549+0530] {processor.py:914} INFO - Processing file /Users/bhavishyachallagolla/Desktop/RetailSense/.venv/lib/python3.12/site-packages/airflow/example_dags/example_python_decorator.py for tasks to queue
[2026-07-17T20:23:20.549+0530] {logging_mixin.py:190} INFO - [2026-07-17T20:23:20.549+0530] {dagbag.py:588} INFO - Filling up the DagBag from /Users/bhavishyachallagolla/Desktop/RetailSense/.venv/lib/python3.12/site-packages/airflow/example_dags/example_python_decorator.py
[2026-07-17T20:23:20.561+0530] {logging_mixin.py:190} INFO - [2026-07-17T20:23:20.561+0530] {example_python_decorator.py:80} WARNING - The virtalenv_python example task requires virtualenv, please install it.
[2026-07-17T20:23:20.562+0530] {processor.py:925} INFO - DAG(s) 'example_python_decorator' retrieved from /Users/bhavishyachallagolla/Desktop/RetailSense/.venv/lib/python3.12/site-packages/airflow/example_dags/example_python_decorator.py
[2026-07-17T20:23:20.587+0530] {logging_mixin.py:190} INFO - [2026-07-17T20:23:20.587+0530] {dag.py:3239} INFO - Sync 1 DAGs
[2026-07-17T20:23:20.590+0530] {logging_mixin.py:190} INFO - [2026-07-17T20:23:20.590+0530] {dag.py:4180} INFO - Setting next_dagrun for example_python_decorator to None, run_after=None
[2026-07-17T20:23:20.595+0530] {processor.py:208} INFO - Processing /Users/bhavishyachallagolla/Desktop/RetailSense/.venv/lib/python3.12/site-packages/airflow/example_dags/example_python_decorator.py took 0.048 seconds
[2026-07-17T20:25:01.627+0530] {processor.py:186} INFO - Started process (PID=88673) to work on /Users/bhavishyachallagolla/Desktop/RetailSense/.venv/lib/python3.12/site-packages/airflow/example_dags/example_python_decorator.py
[2026-07-17T20:25:01.628+0530] {processor.py:914} INFO - Processing file /Users/bhavishyachallagolla/Desktop/RetailSense/.venv/lib/python3.12/site-packages/airflow/example_dags/example_python_decorator.py for tasks to queue
[2026-07-17T20:25:01.629+0530] {logging_mixin.py:190} INFO - [2026-07-17T20:25:01.629+0530] {dagbag.py:588} INFO - Filling up the DagBag from /Users/bhavishyachallagolla/Desktop/RetailSense/.venv/lib/python3.12/site-packages/airflow/example_dags/example_python_decorator.py
[2026-07-17T20:25:01.640+0530] {logging_mixin.py:190} INFO - [2026-07-17T20:25:01.640+0530] {example_python_decorator.py:80} WARNING - The virtalenv_python example task requires virtualenv, please install it.
[2026-07-17T20:25:01.641+0530] {processor.py:925} INFO - DAG(s) 'example_python_decorator' retrieved from /Users/bhavishyachallagolla/Desktop/RetailSense/.venv/lib/python3.12/site-packages/airflow/example_dags/example_python_decorator.py
[2026-07-17T20:25:01.665+0530] {logging_mixin.py:190} INFO - [2026-07-17T20:25:01.665+0530] {dag.py:3239} INFO - Sync 1 DAGs
[2026-07-17T20:25:01.667+0530] {logging_mixin.py:190} INFO - [2026-07-17T20:25:01.667+0530] {dag.py:4180} INFO - Setting next_dagrun for example_python_decorator to None, run_after=None
[2026-07-17T20:25:01.672+0530] {processor.py:208} INFO - Processing /Users/bhavishyachallagolla/Desktop/RetailSense/.venv/lib/python3.12/site-packages/airflow/example_dags/example_python_decorator.py took 0.046 seconds
[2026-07-17T20:26:42.590+0530] {processor.py:186} INFO - Started process (PID=88839) to work on /Users/bhavishyachallagolla/Desktop/RetailSense/.venv/lib/python3.12/site-packages/airflow/example_dags/example_python_decorator.py
[2026-07-17T20:26:42.590+0530] {processor.py:914} INFO - Processing file /Users/bhavishyachallagolla/Desktop/RetailSense/.venv/lib/python3.12/site-packages/airflow/example_dags/example_python_decorator.py for tasks to queue
[2026-07-17T20:26:42.591+0530] {logging_mixin.py:190} INFO - [2026-07-17T20:26:42.591+0530] {dagbag.py:588} INFO - Filling up the DagBag from /Users/bhavishyachallagolla/Desktop/RetailSense/.venv/lib/python3.12/site-packages/airflow/example_dags/example_python_decorator.py
[2026-07-17T20:26:42.604+0530] {logging_mixin.py:190} INFO - [2026-07-17T20:26:42.604+0530] {example_python_decorator.py:80} WARNING - The virtalenv_python example task requires virtualenv, please install it.
[2026-07-17T20:26:42.604+0530] {processor.py:925} INFO - DAG(s) 'example_python_decorator' retrieved from /Users/bhavishyachallagolla/Desktop/RetailSense/.venv/lib/python3.12/site-packages/airflow/example_dags/example_python_decorator.py
[2026-07-17T20:26:42.631+0530] {logging_mixin.py:190} INFO - [2026-07-17T20:26:42.630+0530] {dag.py:3239} INFO - Sync 1 DAGs
[2026-07-17T20:26:42.634+0530] {logging_mixin.py:190} INFO - [2026-07-17T20:26:42.633+0530] {dag.py:4180} INFO - Setting next_dagrun for example_python_decorator to None, run_after=None
[2026-07-17T20:26:42.639+0530] {processor.py:208} INFO - Processing /Users/bhavishyachallagolla/Desktop/RetailSense/.venv/lib/python3.12/site-packages/airflow/example_dags/example_python_decorator.py took 0.050 seconds
[2026-07-17T20:28:21.700+0530] {processor.py:186} INFO - Started process (PID=88992) to work on /Users/bhavishyachallagolla/Desktop/RetailSense/.venv/lib/python3.12/site-packages/airflow/example_dags/example_python_decorator.py
[2026-07-17T20:28:21.700+0530] {processor.py:914} INFO - Processing file /Users/bhavishyachallagolla/Desktop/RetailSense/.venv/lib/python3.12/site-packages/airflow/example_dags/example_python_decorator.py for tasks to queue
[2026-07-17T20:28:21.700+0530] {logging_mixin.py:190} INFO - [2026-07-17T20:28:21.700+0530] {dagbag.py:588} INFO - Filling up the DagBag from /Users/bhavishyachallagolla/Desktop/RetailSense/.venv/lib/python3.12/site-packages/airflow/example_dags/example_python_decorator.py
[2026-07-17T20:28:21.713+0530] {logging_mixin.py:190} INFO - [2026-07-17T20:28:21.713+0530] {example_python_decorator.py:80} WARNING - The virtalenv_python example task requires virtualenv, please install it.
[2026-07-17T20:28:21.713+0530] {processor.py:925} INFO - DAG(s) 'example_python_decorator' retrieved from /Users/bhavishyachallagolla/Desktop/RetailSense/.venv/lib/python3.12/site-packages/airflow/example_dags/example_python_decorator.py
[2026-07-17T20:28:21.738+0530] {logging_mixin.py:190} INFO - [2026-07-17T20:28:21.738+0530] {dag.py:3239} INFO - Sync 1 DAGs
[2026-07-17T20:28:21.741+0530] {logging_mixin.py:190} INFO - [2026-07-17T20:28:21.741+0530] {dag.py:4180} INFO - Setting next_dagrun for example_python_decorator to None, run_after=None
[2026-07-17T20:28:21.746+0530] {processor.py:208} INFO - Processing /Users/bhavishyachallagolla/Desktop/RetailSense/.venv/lib/python3.12/site-packages/airflow/example_dags/example_python_decorator.py took 0.048 seconds
[2026-07-17T20:29:58.226+0530] {processor.py:186} INFO - Started process (PID=89146) to work on /Users/bhavishyachallagolla/Desktop/RetailSense/.venv/lib/python3.12/site-packages/airflow/example_dags/example_python_decorator.py
[2026-07-17T20:29:58.227+0530] {processor.py:914} INFO - Processing file /Users/bhavishyachallagolla/Desktop/RetailSense/.venv/lib/python3.12/site-packages/airflow/example_dags/example_python_decorator.py for tasks to queue
[2026-07-17T20:29:58.228+0530] {logging_mixin.py:190} INFO - [2026-07-17T20:29:58.228+0530] {dagbag.py:588} INFO - Filling up the DagBag from /Users/bhavishyachallagolla/Desktop/RetailSense/.venv/lib/python3.12/site-packages/airflow/example_dags/example_python_decorator.py
[2026-07-17T20:29:58.240+0530] {logging_mixin.py:190} INFO - [2026-07-17T20:29:58.240+0530] {example_python_decorator.py:80} WARNING - The virtalenv_python example task requires virtualenv, please install it.
[2026-07-17T20:29:58.240+0530] {processor.py:925} INFO - DAG(s) 'example_python_decorator' retrieved from /Users/bhavishyachallagolla/Desktop/RetailSense/.venv/lib/python3.12/site-packages/airflow/example_dags/example_python_decorator.py
[2026-07-17T20:29:58.265+0530] {logging_mixin.py:190} INFO - [2026-07-17T20:29:58.265+0530] {dag.py:3239} INFO - Sync 1 DAGs
[2026-07-17T20:29:58.268+0530] {logging_mixin.py:190} INFO - [2026-07-17T20:29:58.268+0530] {dag.py:4180} INFO - Setting next_dagrun for example_python_decorator to None, run_after=None
[2026-07-17T20:29:58.272+0530] {processor.py:208} INFO - Processing /Users/bhavishyachallagolla/Desktop/RetailSense/.venv/lib/python3.12/site-packages/airflow/example_dags/example_python_decorator.py took 0.047 seconds
[2026-07-17T20:31:39.741+0530] {processor.py:186} INFO - Started process (PID=89296) to work on /Users/bhavishyachallagolla/Desktop/RetailSense/.venv/lib/python3.12/site-packages/airflow/example_dags/example_python_decorator.py
[2026-07-17T20:31:39.741+0530] {processor.py:914} INFO - Processing file /Users/bhavishyachallagolla/Desktop/RetailSense/.venv/lib/python3.12/site-packages/airflow/example_dags/example_python_decorator.py for tasks to queue
[2026-07-17T20:31:39.741+0530] {logging_mixin.py:190} INFO - [2026-07-17T20:31:39.741+0530] {dagbag.py:588} INFO - Filling up the DagBag from /Users/bhavishyachallagolla/Desktop/RetailSense/.venv/lib/python3.12/site-packages/airflow/example_dags/example_python_decorator.py
[2026-07-17T20:31:39.753+0530] {logging_mixin.py:190} INFO - [2026-07-17T20:31:39.753+0530] {example_python_decorator.py:80} WARNING - The virtalenv_python example task requires virtualenv, please install it.
[2026-07-17T20:31:39.754+0530] {processor.py:925} INFO - DAG(s) 'example_python_decorator' retrieved from /Users/bhavishyachallagolla/Desktop/RetailSense/.venv/lib/python3.12/site-packages/airflow/example_dags/example_python_decorator.py
[2026-07-17T20:31:39.778+0530] {logging_mixin.py:190} INFO - [2026-07-17T20:31:39.778+0530] {dag.py:3239} INFO - Sync 1 DAGs
[2026-07-17T20:31:39.781+0530] {logging_mixin.py:190} INFO - [2026-07-17T20:31:39.781+0530] {dag.py:4180} INFO - Setting next_dagrun for example_python_decorator to None, run_after=None
[2026-07-17T20:31:39.786+0530] {processor.py:208} INFO - Processing /Users/bhavishyachallagolla/Desktop/RetailSense/.venv/lib/python3.12/site-packages/airflow/example_dags/example_python_decorator.py took 0.046 seconds
[2026-07-17T20:33:20.688+0530] {processor.py:186} INFO - Started process (PID=89446) to work on /Users/bhavishyachallagolla/Desktop/RetailSense/.venv/lib/python3.12/site-packages/airflow/example_dags/example_python_decorator.py
[2026-07-17T20:33:20.689+0530] {processor.py:914} INFO - Processing file /Users/bhavishyachallagolla/Desktop/RetailSense/.venv/lib/python3.12/site-packages/airflow/example_dags/example_python_decorator.py for tasks to queue
[2026-07-17T20:33:20.689+0530] {logging_mixin.py:190} INFO - [2026-07-17T20:33:20.689+0530] {dagbag.py:588} INFO - Filling up the DagBag from /Users/bhavishyachallagolla/Desktop/RetailSense/.venv/lib/python3.12/site-packages/airflow/example_dags/example_python_decorator.py
[2026-07-17T20:33:20.702+0530] {logging_mixin.py:190} INFO - [2026-07-17T20:33:20.702+0530] {example_python_decorator.py:80} WARNING - The virtalenv_python example task requires virtualenv, please install it.
[2026-07-17T20:33:20.703+0530] {processor.py:925} INFO - DAG(s) 'example_python_decorator' retrieved from /Users/bhavishyachallagolla/Desktop/RetailSense/.venv/lib/python3.12/site-packages/airflow/example_dags/example_python_decorator.py
[2026-07-17T20:33:20.729+0530] {logging_mixin.py:190} INFO - [2026-07-17T20:33:20.728+0530] {dag.py:3239} INFO - Sync 1 DAGs
[2026-07-17T20:33:20.731+0530] {logging_mixin.py:190} INFO - [2026-07-17T20:33:20.731+0530] {dag.py:4180} INFO - Setting next_dagrun for example_python_decorator to None, run_after=None
[2026-07-17T20:33:20.736+0530] {processor.py:208} INFO - Processing /Users/bhavishyachallagolla/Desktop/RetailSense/.venv/lib/python3.12/site-packages/airflow/example_dags/example_python_decorator.py took 0.049 seconds
[2026-07-17T20:35:01.289+0530] {processor.py:186} INFO - Started process (PID=89596) to work on /Users/bhavishyachallagolla/Desktop/RetailSense/.venv/lib/python3.12/site-packages/airflow/example_dags/example_python_decorator.py
[2026-07-17T20:35:01.290+0530] {processor.py:914} INFO - Processing file /Users/bhavishyachallagolla/Desktop/RetailSense/.venv/lib/python3.12/site-packages/airflow/example_dags/example_python_decorator.py for tasks to queue
[2026-07-17T20:35:01.290+0530] {logging_mixin.py:190} INFO - [2026-07-17T20:35:01.290+0530] {dagbag.py:588} INFO - Filling up the DagBag from /Users/bhavishyachallagolla/Desktop/RetailSense/.venv/lib/python3.12/site-packages/airflow/example_dags/example_python_decorator.py
[2026-07-17T20:35:01.303+0530] {logging_mixin.py:190} INFO - [2026-07-17T20:35:01.303+0530] {example_python_decorator.py:80} WARNING - The virtalenv_python example task requires virtualenv, please install it.
[2026-07-17T20:35:01.304+0530] {processor.py:925} INFO - DAG(s) 'example_python_decorator' retrieved from /Users/bhavishyachallagolla/Desktop/RetailSense/.venv/lib/python3.12/site-packages/airflow/example_dags/example_python_decorator.py
[2026-07-17T20:35:01.330+0530] {logging_mixin.py:190} INFO - [2026-07-17T20:35:01.330+0530] {dag.py:3239} INFO - Sync 1 DAGs
[2026-07-17T20:35:01.333+0530] {logging_mixin.py:190} INFO - [2026-07-17T20:35:01.333+0530] {dag.py:4180} INFO - Setting next_dagrun for example_python_decorator to None, run_after=None
[2026-07-17T20:35:01.338+0530] {processor.py:208} INFO - Processing /Users/bhavishyachallagolla/Desktop/RetailSense/.venv/lib/python3.12/site-packages/airflow/example_dags/example_python_decorator.py took 0.050 seconds
[2026-07-17T20:36:42.235+0530] {processor.py:186} INFO - Started process (PID=89747) to work on /Users/bhavishyachallagolla/Desktop/RetailSense/.venv/lib/python3.12/site-packages/airflow/example_dags/example_python_decorator.py
[2026-07-17T20:36:42.235+0530] {processor.py:914} INFO - Processing file /Users/bhavishyachallagolla/Desktop/RetailSense/.venv/lib/python3.12/site-packages/airflow/example_dags/example_python_decorator.py for tasks to queue
[2026-07-17T20:36:42.235+0530] {logging_mixin.py:190} INFO - [2026-07-17T20:36:42.235+0530] {dagbag.py:588} INFO - Filling up the DagBag from /Users/bhavishyachallagolla/Desktop/RetailSense/.venv/lib/python3.12/site-packages/airflow/example_dags/example_python_decorator.py
[2026-07-17T20:36:42.247+0530] {logging_mixin.py:190} INFO - [2026-07-17T20:36:42.247+0530] {example_python_decorator.py:80} WARNING - The virtalenv_python example task requires virtualenv, please install it.
[2026-07-17T20:36:42.248+0530] {processor.py:925} INFO - DAG(s) 'example_python_decorator' retrieved from /Users/bhavishyachallagolla/Desktop/RetailSense/.venv/lib/python3.12/site-packages/airflow/example_dags/example_python_decorator.py
[2026-07-17T20:36:42.273+0530] {logging_mixin.py:190} INFO - [2026-07-17T20:36:42.273+0530] {dag.py:3239} INFO - Sync 1 DAGs
[2026-07-17T20:36:42.276+0530] {logging_mixin.py:190} INFO - [2026-07-17T20:36:42.276+0530] {dag.py:4180} INFO - Setting next_dagrun for example_python_decorator to None, run_after=None
[2026-07-17T20:36:42.280+0530] {processor.py:208} INFO - Processing /Users/bhavishyachallagolla/Desktop/RetailSense/.venv/lib/python3.12/site-packages/airflow/example_dags/example_python_decorator.py took 0.047 seconds
[2026-07-17T20:38:23.143+0530] {processor.py:186} INFO - Started process (PID=89906) to work on /Users/bhavishyachallagolla/Desktop/RetailSense/.venv/lib/python3.12/site-packages/airflow/example_dags/example_python_decorator.py
[2026-07-17T20:38:23.143+0530] {processor.py:914} INFO - Processing file /Users/bhavishyachallagolla/Desktop/RetailSense/.venv/lib/python3.12/site-packages/airflow/example_dags/example_python_decorator.py for tasks to queue
[2026-07-17T20:38:23.143+0530] {logging_mixin.py:190} INFO - [2026-07-17T20:38:23.143+0530] {dagbag.py:588} INFO - Filling up the DagBag from /Users/bhavishyachallagolla/Desktop/RetailSense/.venv/lib/python3.12/site-packages/airflow/example_dags/example_python_decorator.py
[2026-07-17T20:38:23.156+0530] {logging_mixin.py:190} INFO - [2026-07-17T20:38:23.156+0530] {example_python_decorator.py:80} WARNING - The virtalenv_python example task requires virtualenv, please install it.
[2026-07-17T20:38:23.156+0530] {processor.py:925} INFO - DAG(s) 'example_python_decorator' retrieved from /Users/bhavishyachallagolla/Desktop/RetailSense/.venv/lib/python3.12/site-packages/airflow/example_dags/example_python_decorator.py
[2026-07-17T20:38:23.181+0530] {logging_mixin.py:190} INFO - [2026-07-17T20:38:23.181+0530] {dag.py:3239} INFO - Sync 1 DAGs
[2026-07-17T20:38:23.184+0530] {logging_mixin.py:190} INFO - [2026-07-17T20:38:23.184+0530] {dag.py:4180} INFO - Setting next_dagrun for example_python_decorator to None, run_after=None
[2026-07-17T20:38:23.188+0530] {processor.py:208} INFO - Processing /Users/bhavishyachallagolla/Desktop/RetailSense/.venv/lib/python3.12/site-packages/airflow/example_dags/example_python_decorator.py took 0.047 seconds
[2026-07-17T20:40:06.260+0530] {processor.py:186} INFO - Started process (PID=90128) to work on /Users/bhavishyachallagolla/Desktop/RetailSense/.venv/lib/python3.12/site-packages/airflow/example_dags/example_python_decorator.py
[2026-07-17T20:40:06.261+0530] {processor.py:914} INFO - Processing file /Users/bhavishyachallagolla/Desktop/RetailSense/.venv/lib/python3.12/site-packages/airflow/example_dags/example_python_decorator.py for tasks to queue
[2026-07-17T20:40:06.262+0530] {logging_mixin.py:190} INFO - [2026-07-17T20:40:06.262+0530] {dagbag.py:588} INFO - Filling up the DagBag from /Users/bhavishyachallagolla/Desktop/RetailSense/.venv/lib/python3.12/site-packages/airflow/example_dags/example_python_decorator.py
[2026-07-17T20:40:06.273+0530] {logging_mixin.py:190} INFO - [2026-07-17T20:40:06.273+0530] {example_python_decorator.py:80} WARNING - The virtalenv_python example task requires virtualenv, please install it.
[2026-07-17T20:40:06.274+0530] {processor.py:925} INFO - DAG(s) 'example_python_decorator' retrieved from /Users/bhavishyachallagolla/Desktop/RetailSense/.venv/lib/python3.12/site-packages/airflow/example_dags/example_python_decorator.py
[2026-07-17T20:40:06.299+0530] {logging_mixin.py:190} INFO - [2026-07-17T20:40:06.299+0530] {dag.py:3239} INFO - Sync 1 DAGs
[2026-07-17T20:40:06.302+0530] {logging_mixin.py:190} INFO - [2026-07-17T20:40:06.302+0530] {dag.py:4180} INFO - Setting next_dagrun for example_python_decorator to None, run_after=None
[2026-07-17T20:40:06.306+0530] {processor.py:208} INFO - Processing /Users/bhavishyachallagolla/Desktop/RetailSense/.venv/lib/python3.12/site-packages/airflow/example_dags/example_python_decorator.py took 0.047 seconds
[2026-07-17T20:41:44.515+0530] {processor.py:186} INFO - Started process (PID=90330) to work on /Users/bhavishyachallagolla/Desktop/RetailSense/.venv/lib/python3.12/site-packages/airflow/example_dags/example_python_decorator.py
[2026-07-17T20:41:44.516+0530] {processor.py:914} INFO - Processing file /Users/bhavishyachallagolla/Desktop/RetailSense/.venv/lib/python3.12/site-packages/airflow/example_dags/example_python_decorator.py for tasks to queue
[2026-07-17T20:41:44.516+0530] {logging_mixin.py:190} INFO - [2026-07-17T20:41:44.516+0530] {dagbag.py:588} INFO - Filling up the DagBag from /Users/bhavishyachallagolla/Desktop/RetailSense/.venv/lib/python3.12/site-packages/airflow/example_dags/example_python_decorator.py
[2026-07-17T20:41:44.528+0530] {logging_mixin.py:190} INFO - [2026-07-17T20:41:44.528+0530] {example_python_decorator.py:80} WARNING - The virtalenv_python example task requires virtualenv, please install it.
[2026-07-17T20:41:44.529+0530] {processor.py:925} INFO - DAG(s) 'example_python_decorator' retrieved from /Users/bhavishyachallagolla/Desktop/RetailSense/.venv/lib/python3.12/site-packages/airflow/example_dags/example_python_decorator.py
[2026-07-17T20:41:44.554+0530] {logging_mixin.py:190} INFO - [2026-07-17T20:41:44.553+0530] {dag.py:3239} INFO - Sync 1 DAGs
[2026-07-17T20:41:44.556+0530] {logging_mixin.py:190} INFO - [2026-07-17T20:41:44.556+0530] {dag.py:4180} INFO - Setting next_dagrun for example_python_decorator to None, run_after=None
[2026-07-17T20:41:44.561+0530] {processor.py:208} INFO - Processing /Users/bhavishyachallagolla/Desktop/RetailSense/.venv/lib/python3.12/site-packages/airflow/example_dags/example_python_decorator.py took 0.047 seconds
[2026-07-17T20:43:23.400+0530] {processor.py:186} INFO - Started process (PID=90479) to work on /Users/bhavishyachallagolla/Desktop/RetailSense/.venv/lib/python3.12/site-packages/airflow/example_dags/example_python_decorator.py
[2026-07-17T20:43:23.401+0530] {processor.py:914} INFO - Processing file /Users/bhavishyachallagolla/Desktop/RetailSense/.venv/lib/python3.12/site-packages/airflow/example_dags/example_python_decorator.py for tasks to queue
[2026-07-17T20:43:23.402+0530] {logging_mixin.py:190} INFO - [2026-07-17T20:43:23.402+0530] {dagbag.py:588} INFO - Filling up the DagBag from /Users/bhavishyachallagolla/Desktop/RetailSense/.venv/lib/python3.12/site-packages/airflow/example_dags/example_python_decorator.py
[2026-07-17T20:43:23.413+0530] {logging_mixin.py:190} INFO - [2026-07-17T20:43:23.413+0530] {example_python_decorator.py:80} WARNING - The virtalenv_python example task requires virtualenv, please install it.
[2026-07-17T20:43:23.414+0530] {processor.py:925} INFO - DAG(s) 'example_python_decorator' retrieved from /Users/bhavishyachallagolla/Desktop/RetailSense/.venv/lib/python3.12/site-packages/airflow/example_dags/example_python_decorator.py
[2026-07-17T20:43:23.438+0530] {logging_mixin.py:190} INFO - [2026-07-17T20:43:23.438+0530] {dag.py:3239} INFO - Sync 1 DAGs
[2026-07-17T20:43:23.441+0530] {logging_mixin.py:190} INFO - [2026-07-17T20:43:23.441+0530] {dag.py:4180} INFO - Setting next_dagrun for example_python_decorator to None, run_after=None
[2026-07-17T20:43:23.446+0530] {processor.py:208} INFO - Processing /Users/bhavishyachallagolla/Desktop/RetailSense/.venv/lib/python3.12/site-packages/airflow/example_dags/example_python_decorator.py took 0.046 seconds
[2026-07-17T20:45:03.694+0530] {processor.py:186} INFO - Started process (PID=90638) to work on /Users/bhavishyachallagolla/Desktop/RetailSense/.venv/lib/python3.12/site-packages/airflow/example_dags/example_python_decorator.py
[2026-07-17T20:45:03.695+0530] {processor.py:914} INFO - Processing file /Users/bhavishyachallagolla/Desktop/RetailSense/.venv/lib/python3.12/site-packages/airflow/example_dags/example_python_decorator.py for tasks to queue
[2026-07-17T20:45:03.695+0530] {logging_mixin.py:190} INFO - [2026-07-17T20:45:03.695+0530] {dagbag.py:588} INFO - Filling up the DagBag from /Users/bhavishyachallagolla/Desktop/RetailSense/.venv/lib/python3.12/site-packages/airflow/example_dags/example_python_decorator.py
[2026-07-17T20:45:03.706+0530] {logging_mixin.py:190} INFO - [2026-07-17T20:45:03.706+0530] {example_python_decorator.py:80} WARNING - The virtalenv_python example task requires virtualenv, please install it.
[2026-07-17T20:45:03.707+0530] {processor.py:925} INFO - DAG(s) 'example_python_decorator' retrieved from /Users/bhavishyachallagolla/Desktop/RetailSense/.venv/lib/python3.12/site-packages/airflow/example_dags/example_python_decorator.py
[2026-07-17T20:45:03.731+0530] {logging_mixin.py:190} INFO - [2026-07-17T20:45:03.731+0530] {dag.py:3239} INFO - Sync 1 DAGs
[2026-07-17T20:45:03.734+0530] {logging_mixin.py:190} INFO - [2026-07-17T20:45:03.734+0530] {dag.py:4180} INFO - Setting next_dagrun for example_python_decorator to None, run_after=None
[2026-07-17T20:45:03.738+0530] {processor.py:208} INFO - Processing /Users/bhavishyachallagolla/Desktop/RetailSense/.venv/lib/python3.12/site-packages/airflow/example_dags/example_python_decorator.py took 0.045 seconds
[2026-07-17T20:46:44.508+0530] {processor.py:186} INFO - Started process (PID=90789) to work on /Users/bhavishyachallagolla/Desktop/RetailSense/.venv/lib/python3.12/site-packages/airflow/example_dags/example_python_decorator.py
[2026-07-17T20:46:44.508+0530] {processor.py:914} INFO - Processing file /Users/bhavishyachallagolla/Desktop/RetailSense/.venv/lib/python3.12/site-packages/airflow/example_dags/example_python_decorator.py for tasks to queue
[2026-07-17T20:46:44.509+0530] {logging_mixin.py:190} INFO - [2026-07-17T20:46:44.509+0530] {dagbag.py:588} INFO - Filling up the DagBag from /Users/bhavishyachallagolla/Desktop/RetailSense/.venv/lib/python3.12/site-packages/airflow/example_dags/example_python_decorator.py
[2026-07-17T20:46:44.521+0530] {logging_mixin.py:190} INFO - [2026-07-17T20:46:44.520+0530] {example_python_decorator.py:80} WARNING - The virtalenv_python example task requires virtualenv, please install it.
[2026-07-17T20:46:44.521+0530] {processor.py:925} INFO - DAG(s) 'example_python_decorator' retrieved from /Users/bhavishyachallagolla/Desktop/RetailSense/.venv/lib/python3.12/site-packages/airflow/example_dags/example_python_decorator.py
[2026-07-17T20:46:44.546+0530] {logging_mixin.py:190} INFO - [2026-07-17T20:46:44.546+0530] {dag.py:3239} INFO - Sync 1 DAGs
[2026-07-17T20:46:44.549+0530] {logging_mixin.py:190} INFO - [2026-07-17T20:46:44.549+0530] {dag.py:4180} INFO - Setting next_dagrun for example_python_decorator to None, run_after=None
[2026-07-17T20:46:44.554+0530] {processor.py:208} INFO - Processing /Users/bhavishyachallagolla/Desktop/RetailSense/.venv/lib/python3.12/site-packages/airflow/example_dags/example_python_decorator.py took 0.046 seconds
[2026-07-17T20:48:25.046+0530] {processor.py:186} INFO - Started process (PID=90943) to work on /Users/bhavishyachallagolla/Desktop/RetailSense/.venv/lib/python3.12/site-packages/airflow/example_dags/example_python_decorator.py
[2026-07-17T20:48:25.047+0530] {processor.py:914} INFO - Processing file /Users/bhavishyachallagolla/Desktop/RetailSense/.venv/lib/python3.12/site-packages/airflow/example_dags/example_python_decorator.py for tasks to queue
[2026-07-17T20:48:25.047+0530] {logging_mixin.py:190} INFO - [2026-07-17T20:48:25.047+0530] {dagbag.py:588} INFO - Filling up the DagBag from /Users/bhavishyachallagolla/Desktop/RetailSense/.venv/lib/python3.12/site-packages/airflow/example_dags/example_python_decorator.py
[2026-07-17T20:48:25.059+0530] {logging_mixin.py:190} INFO - [2026-07-17T20:48:25.059+0530] {example_python_decorator.py:80} WARNING - The virtalenv_python example task requires virtualenv, please install it.
[2026-07-17T20:48:25.060+0530] {processor.py:925} INFO - DAG(s) 'example_python_decorator' retrieved from /Users/bhavishyachallagolla/Desktop/RetailSense/.venv/lib/python3.12/site-packages/airflow/example_dags/example_python_decorator.py
[2026-07-17T20:48:25.084+0530] {logging_mixin.py:190} INFO - [2026-07-17T20:48:25.084+0530] {dag.py:3239} INFO - Sync 1 DAGs
[2026-07-17T20:48:25.087+0530] {logging_mixin.py:190} INFO - [2026-07-17T20:48:25.087+0530] {dag.py:4180} INFO - Setting next_dagrun for example_python_decorator to None, run_after=None
[2026-07-17T20:48:25.092+0530] {processor.py:208} INFO - Processing /Users/bhavishyachallagolla/Desktop/RetailSense/.venv/lib/python3.12/site-packages/airflow/example_dags/example_python_decorator.py took 0.048 seconds
[2026-07-17T20:50:03.616+0530] {processor.py:186} INFO - Started process (PID=91110) to work on /Users/bhavishyachallagolla/Desktop/RetailSense/.venv/lib/python3.12/site-packages/airflow/example_dags/example_python_decorator.py
[2026-07-17T20:50:03.617+0530] {processor.py:914} INFO - Processing file /Users/bhavishyachallagolla/Desktop/RetailSense/.venv/lib/python3.12/site-packages/airflow/example_dags/example_python_decorator.py for tasks to queue
[2026-07-17T20:50:03.618+0530] {logging_mixin.py:190} INFO - [2026-07-17T20:50:03.618+0530] {dagbag.py:588} INFO - Filling up the DagBag from /Users/bhavishyachallagolla/Desktop/RetailSense/.venv/lib/python3.12/site-packages/airflow/example_dags/example_python_decorator.py
[2026-07-17T20:50:03.630+0530] {logging_mixin.py:190} INFO - [2026-07-17T20:50:03.630+0530] {example_python_decorator.py:80} WARNING - The virtalenv_python example task requires virtualenv, please install it.
[2026-07-17T20:50:03.630+0530] {processor.py:925} INFO - DAG(s) 'example_python_decorator' retrieved from /Users/bhavishyachallagolla/Desktop/RetailSense/.venv/lib/python3.12/site-packages/airflow/example_dags/example_python_decorator.py
[2026-07-17T20:50:03.655+0530] {logging_mixin.py:190} INFO - [2026-07-17T20:50:03.655+0530] {dag.py:3239} INFO - Sync 1 DAGs
[2026-07-17T20:50:03.658+0530] {logging_mixin.py:190} INFO - [2026-07-17T20:50:03.658+0530] {dag.py:4180} INFO - Setting next_dagrun for example_python_decorator to None, run_after=None
[2026-07-17T20:50:03.662+0530] {processor.py:208} INFO - Processing /Users/bhavishyachallagolla/Desktop/RetailSense/.venv/lib/python3.12/site-packages/airflow/example_dags/example_python_decorator.py took 0.047 seconds
[2026-07-17T20:51:43.711+0530] {processor.py:186} INFO - Started process (PID=91260) to work on /Users/bhavishyachallagolla/Desktop/RetailSense/.venv/lib/python3.12/site-packages/airflow/example_dags/example_python_decorator.py
[2026-07-17T20:51:43.713+0530] {processor.py:914} INFO - Processing file /Users/bhavishyachallagolla/Desktop/RetailSense/.venv/lib/python3.12/site-packages/airflow/example_dags/example_python_decorator.py for tasks to queue
[2026-07-17T20:51:43.713+0530] {logging_mixin.py:190} INFO - [2026-07-17T20:51:43.713+0530] {dagbag.py:588} INFO - Filling up the DagBag from /Users/bhavishyachallagolla/Desktop/RetailSense/.venv/lib/python3.12/site-packages/airflow/example_dags/example_python_decorator.py
[2026-07-17T20:51:43.725+0530] {logging_mixin.py:190} INFO - [2026-07-17T20:51:43.724+0530] {example_python_decorator.py:80} WARNING - The virtalenv_python example task requires virtualenv, please install it.
[2026-07-17T20:51:43.725+0530] {processor.py:925} INFO - DAG(s) 'example_python_decorator' retrieved from /Users/bhavishyachallagolla/Desktop/RetailSense/.venv/lib/python3.12/site-packages/airflow/example_dags/example_python_decorator.py
[2026-07-17T20:51:43.749+0530] {logging_mixin.py:190} INFO - [2026-07-17T20:51:43.749+0530] {dag.py:3239} INFO - Sync 1 DAGs
[2026-07-17T20:51:43.752+0530] {logging_mixin.py:190} INFO - [2026-07-17T20:51:43.752+0530] {dag.py:4180} INFO - Setting next_dagrun for example_python_decorator to None, run_after=None
[2026-07-17T20:51:43.756+0530] {processor.py:208} INFO - Processing /Users/bhavishyachallagolla/Desktop/RetailSense/.venv/lib/python3.12/site-packages/airflow/example_dags/example_python_decorator.py took 0.046 seconds
[2026-07-17T20:53:25.182+0530] {processor.py:186} INFO - Started process (PID=91409) to work on /Users/bhavishyachallagolla/Desktop/RetailSense/.venv/lib/python3.12/site-packages/airflow/example_dags/example_python_decorator.py
[2026-07-17T20:53:25.183+0530] {processor.py:914} INFO - Processing file /Users/bhavishyachallagolla/Desktop/RetailSense/.venv/lib/python3.12/site-packages/airflow/example_dags/example_python_decorator.py for tasks to queue
[2026-07-17T20:53:25.183+0530] {logging_mixin.py:190} INFO - [2026-07-17T20:53:25.183+0530] {dagbag.py:588} INFO - Filling up the DagBag from /Users/bhavishyachallagolla/Desktop/RetailSense/.venv/lib/python3.12/site-packages/airflow/example_dags/example_python_decorator.py
[2026-07-17T20:53:25.195+0530] {logging_mixin.py:190} INFO - [2026-07-17T20:53:25.195+0530] {example_python_decorator.py:80} WARNING - The virtalenv_python example task requires virtualenv, please install it.
[2026-07-17T20:53:25.196+0530] {processor.py:925} INFO - DAG(s) 'example_python_decorator' retrieved from /Users/bhavishyachallagolla/Desktop/RetailSense/.venv/lib/python3.12/site-packages/airflow/example_dags/example_python_decorator.py
[2026-07-17T20:53:25.220+0530] {logging_mixin.py:190} INFO - [2026-07-17T20:53:25.219+0530] {dag.py:3239} INFO - Sync 1 DAGs
[2026-07-17T20:53:25.222+0530] {logging_mixin.py:190} INFO - [2026-07-17T20:53:25.222+0530] {dag.py:4180} INFO - Setting next_dagrun for example_python_decorator to None, run_after=None
[2026-07-17T20:53:25.227+0530] {processor.py:208} INFO - Processing /Users/bhavishyachallagolla/Desktop/RetailSense/.venv/lib/python3.12/site-packages/airflow/example_dags/example_python_decorator.py took 0.046 seconds
[2026-07-17T20:55:06.464+0530] {processor.py:186} INFO - Started process (PID=91564) to work on /Users/bhavishyachallagolla/Desktop/RetailSense/.venv/lib/python3.12/site-packages/airflow/example_dags/example_python_decorator.py
[2026-07-17T20:55:06.465+0530] {processor.py:914} INFO - Processing file /Users/bhavishyachallagolla/Desktop/RetailSense/.venv/lib/python3.12/site-packages/airflow/example_dags/example_python_decorator.py for tasks to queue
[2026-07-17T20:55:06.466+0530] {logging_mixin.py:190} INFO - [2026-07-17T20:55:06.466+0530] {dagbag.py:588} INFO - Filling up the DagBag from /Users/bhavishyachallagolla/Desktop/RetailSense/.venv/lib/python3.12/site-packages/airflow/example_dags/example_python_decorator.py
[2026-07-17T20:55:06.478+0530] {logging_mixin.py:190} INFO - [2026-07-17T20:55:06.478+0530] {example_python_decorator.py:80} WARNING - The virtalenv_python example task requires virtualenv, please install it.
[2026-07-17T20:55:06.478+0530] {processor.py:925} INFO - DAG(s) 'example_python_decorator' retrieved from /Users/bhavishyachallagolla/Desktop/RetailSense/.venv/lib/python3.12/site-packages/airflow/example_dags/example_python_decorator.py
[2026-07-17T20:55:06.503+0530] {logging_mixin.py:190} INFO - [2026-07-17T20:55:06.503+0530] {dag.py:3239} INFO - Sync 1 DAGs
[2026-07-17T20:55:06.506+0530] {logging_mixin.py:190} INFO - [2026-07-17T20:55:06.506+0530] {dag.py:4180} INFO - Setting next_dagrun for example_python_decorator to None, run_after=None
[2026-07-17T20:55:06.510+0530] {processor.py:208} INFO - Processing /Users/bhavishyachallagolla/Desktop/RetailSense/.venv/lib/python3.12/site-packages/airflow/example_dags/example_python_decorator.py took 0.047 seconds
[2026-07-17T20:56:46.657+0530] {processor.py:186} INFO - Started process (PID=91725) to work on /Users/bhavishyachallagolla/Desktop/RetailSense/.venv/lib/python3.12/site-packages/airflow/example_dags/example_python_decorator.py
[2026-07-17T20:56:46.658+0530] {processor.py:914} INFO - Processing file /Users/bhavishyachallagolla/Desktop/RetailSense/.venv/lib/python3.12/site-packages/airflow/example_dags/example_python_decorator.py for tasks to queue
[2026-07-17T20:56:46.658+0530] {logging_mixin.py:190} INFO - [2026-07-17T20:56:46.658+0530] {dagbag.py:588} INFO - Filling up the DagBag from /Users/bhavishyachallagolla/Desktop/RetailSense/.venv/lib/python3.12/site-packages/airflow/example_dags/example_python_decorator.py
[2026-07-17T20:56:46.669+0530] {logging_mixin.py:190} INFO - [2026-07-17T20:56:46.669+0530] {example_python_decorator.py:80} WARNING - The virtalenv_python example task requires virtualenv, please install it.
[2026-07-17T20:56:46.670+0530] {processor.py:925} INFO - DAG(s) 'example_python_decorator' retrieved from /Users/bhavishyachallagolla/Desktop/RetailSense/.venv/lib/python3.12/site-packages/airflow/example_dags/example_python_decorator.py
[2026-07-17T20:56:46.694+0530] {logging_mixin.py:190} INFO - [2026-07-17T20:56:46.694+0530] {dag.py:3239} INFO - Sync 1 DAGs
[2026-07-17T20:56:46.697+0530] {logging_mixin.py:190} INFO - [2026-07-17T20:56:46.697+0530] {dag.py:4180} INFO - Setting next_dagrun for example_python_decorator to None, run_after=None
[2026-07-17T20:56:46.701+0530] {processor.py:208} INFO - Processing /Users/bhavishyachallagolla/Desktop/RetailSense/.venv/lib/python3.12/site-packages/airflow/example_dags/example_python_decorator.py took 0.046 seconds
[2026-07-17T20:58:25.178+0530] {processor.py:186} INFO - Started process (PID=91870) to work on /Users/bhavishyachallagolla/Desktop/RetailSense/.venv/lib/python3.12/site-packages/airflow/example_dags/example_python_decorator.py
[2026-07-17T20:58:25.179+0530] {processor.py:914} INFO - Processing file /Users/bhavishyachallagolla/Desktop/RetailSense/.venv/lib/python3.12/site-packages/airflow/example_dags/example_python_decorator.py for tasks to queue
[2026-07-17T20:58:25.180+0530] {logging_mixin.py:190} INFO - [2026-07-17T20:58:25.180+0530] {dagbag.py:588} INFO - Filling up the DagBag from /Users/bhavishyachallagolla/Desktop/RetailSense/.venv/lib/python3.12/site-packages/airflow/example_dags/example_python_decorator.py
[2026-07-17T20:58:25.191+0530] {logging_mixin.py:190} INFO - [2026-07-17T20:58:25.191+0530] {example_python_decorator.py:80} WARNING - The virtalenv_python example task requires virtualenv, please install it.
[2026-07-17T20:58:25.192+0530] {processor.py:925} INFO - DAG(s) 'example_python_decorator' retrieved from /Users/bhavishyachallagolla/Desktop/RetailSense/.venv/lib/python3.12/site-packages/airflow/example_dags/example_python_decorator.py
[2026-07-17T20:58:25.217+0530] {logging_mixin.py:190} INFO - [2026-07-17T20:58:25.217+0530] {dag.py:3239} INFO - Sync 1 DAGs
[2026-07-17T20:58:25.220+0530] {logging_mixin.py:190} INFO - [2026-07-17T20:58:25.219+0530] {dag.py:4180} INFO - Setting next_dagrun for example_python_decorator to None, run_after=None
[2026-07-17T20:58:25.224+0530] {processor.py:208} INFO - Processing /Users/bhavishyachallagolla/Desktop/RetailSense/.venv/lib/python3.12/site-packages/airflow/example_dags/example_python_decorator.py took 0.047 seconds
[2026-07-17T21:49:45.451+0530] {processor.py:186} INFO - Started process (PID=92029) to work on /Users/bhavishyachallagolla/Desktop/RetailSense/.venv/lib/python3.12/site-packages/airflow/example_dags/example_python_decorator.py
[2026-07-17T21:49:45.451+0530] {processor.py:914} INFO - Processing file /Users/bhavishyachallagolla/Desktop/RetailSense/.venv/lib/python3.12/site-packages/airflow/example_dags/example_python_decorator.py for tasks to queue
[2026-07-17T21:49:45.452+0530] {logging_mixin.py:190} INFO - [2026-07-17T21:49:45.452+0530] {dagbag.py:588} INFO - Filling up the DagBag from /Users/bhavishyachallagolla/Desktop/RetailSense/.venv/lib/python3.12/site-packages/airflow/example_dags/example_python_decorator.py
[2026-07-17T21:49:45.463+0530] {logging_mixin.py:190} INFO - [2026-07-17T21:49:45.463+0530] {example_python_decorator.py:80} WARNING - The virtalenv_python example task requires virtualenv, please install it.
[2026-07-17T21:49:45.464+0530] {processor.py:925} INFO - DAG(s) 'example_python_decorator' retrieved from /Users/bhavishyachallagolla/Desktop/RetailSense/.venv/lib/python3.12/site-packages/airflow/example_dags/example_python_decorator.py
[2026-07-17T21:49:45.487+0530] {logging_mixin.py:190} INFO - [2026-07-17T21:49:45.487+0530] {dag.py:3239} INFO - Sync 1 DAGs
[2026-07-17T21:49:45.489+0530] {logging_mixin.py:190} INFO - [2026-07-17T21:49:45.489+0530] {dag.py:4180} INFO - Setting next_dagrun for example_python_decorator to None, run_after=None
[2026-07-17T21:49:45.494+0530] {processor.py:208} INFO - Processing /Users/bhavishyachallagolla/Desktop/RetailSense/.venv/lib/python3.12/site-packages/airflow/example_dags/example_python_decorator.py took 0.044 seconds
[2026-07-17T22:22:45.264+0530] {processor.py:186} INFO - Started process (PID=92130) to work on /Users/bhavishyachallagolla/Desktop/RetailSense/.venv/lib/python3.12/site-packages/airflow/example_dags/example_python_decorator.py
[2026-07-17T22:22:45.265+0530] {processor.py:914} INFO - Processing file /Users/bhavishyachallagolla/Desktop/RetailSense/.venv/lib/python3.12/site-packages/airflow/example_dags/example_python_decorator.py for tasks to queue
[2026-07-17T22:22:45.265+0530] {logging_mixin.py:190} INFO - [2026-07-17T22:22:45.265+0530] {dagbag.py:588} INFO - Filling up the DagBag from /Users/bhavishyachallagolla/Desktop/RetailSense/.venv/lib/python3.12/site-packages/airflow/example_dags/example_python_decorator.py
[2026-07-17T22:22:45.277+0530] {logging_mixin.py:190} INFO - [2026-07-17T22:22:45.277+0530] {example_python_decorator.py:80} WARNING - The virtalenv_python example task requires virtualenv, please install it.
[2026-07-17T22:22:45.277+0530] {processor.py:925} INFO - DAG(s) 'example_python_decorator' retrieved from /Users/bhavishyachallagolla/Desktop/RetailSense/.venv/lib/python3.12/site-packages/airflow/example_dags/example_python_decorator.py
[2026-07-17T22:22:45.302+0530] {logging_mixin.py:190} INFO - [2026-07-17T22:22:45.301+0530] {dag.py:3239} INFO - Sync 1 DAGs
[2026-07-17T22:22:45.304+0530] {logging_mixin.py:190} INFO - [2026-07-17T22:22:45.304+0530] {dag.py:4180} INFO - Setting next_dagrun for example_python_decorator to None, run_after=None
[2026-07-17T22:22:45.309+0530] {processor.py:208} INFO - Processing /Users/bhavishyachallagolla/Desktop/RetailSense/.venv/lib/python3.12/site-packages/airflow/example_dags/example_python_decorator.py took 0.046 seconds
[2026-07-17T22:24:03.690+0530] {processor.py:186} INFO - Started process (PID=92252) to work on /Users/bhavishyachallagolla/Desktop/RetailSense/.venv/lib/python3.12/site-packages/airflow/example_dags/example_python_decorator.py
[2026-07-17T22:24:03.691+0530] {processor.py:914} INFO - Processing file /Users/bhavishyachallagolla/Desktop/RetailSense/.venv/lib/python3.12/site-packages/airflow/example_dags/example_python_decorator.py for tasks to queue
[2026-07-17T22:24:03.691+0530] {logging_mixin.py:190} INFO - [2026-07-17T22:24:03.691+0530] {dagbag.py:588} INFO - Filling up the DagBag from /Users/bhavishyachallagolla/Desktop/RetailSense/.venv/lib/python3.12/site-packages/airflow/example_dags/example_python_decorator.py
[2026-07-17T22:24:03.702+0530] {logging_mixin.py:190} INFO - [2026-07-17T22:24:03.702+0530] {example_python_decorator.py:80} WARNING - The virtalenv_python example task requires virtualenv, please install it.
[2026-07-17T22:24:03.703+0530] {processor.py:925} INFO - DAG(s) 'example_python_decorator' retrieved from /Users/bhavishyachallagolla/Desktop/RetailSense/.venv/lib/python3.12/site-packages/airflow/example_dags/example_python_decorator.py
[2026-07-17T22:24:03.726+0530] {logging_mixin.py:190} INFO - [2026-07-17T22:24:03.726+0530] {dag.py:3239} INFO - Sync 1 DAGs
[2026-07-17T22:24:03.729+0530] {logging_mixin.py:190} INFO - [2026-07-17T22:24:03.729+0530] {dag.py:4180} INFO - Setting next_dagrun for example_python_decorator to None, run_after=None
[2026-07-17T22:24:03.734+0530] {processor.py:208} INFO - Processing /Users/bhavishyachallagolla/Desktop/RetailSense/.venv/lib/python3.12/site-packages/airflow/example_dags/example_python_decorator.py took 0.045 seconds
[2026-07-17T22:25:43.070+0530] {processor.py:186} INFO - Started process (PID=92401) to work on /Users/bhavishyachallagolla/Desktop/RetailSense/.venv/lib/python3.12/site-packages/airflow/example_dags/example_python_decorator.py
[2026-07-17T22:25:43.071+0530] {processor.py:914} INFO - Processing file /Users/bhavishyachallagolla/Desktop/RetailSense/.venv/lib/python3.12/site-packages/airflow/example_dags/example_python_decorator.py for tasks to queue
[2026-07-17T22:25:43.071+0530] {logging_mixin.py:190} INFO - [2026-07-17T22:25:43.071+0530] {dagbag.py:588} INFO - Filling up the DagBag from /Users/bhavishyachallagolla/Desktop/RetailSense/.venv/lib/python3.12/site-packages/airflow/example_dags/example_python_decorator.py
[2026-07-17T22:25:43.083+0530] {logging_mixin.py:190} INFO - [2026-07-17T22:25:43.083+0530] {example_python_decorator.py:80} WARNING - The virtalenv_python example task requires virtualenv, please install it.
[2026-07-17T22:25:43.084+0530] {processor.py:925} INFO - DAG(s) 'example_python_decorator' retrieved from /Users/bhavishyachallagolla/Desktop/RetailSense/.venv/lib/python3.12/site-packages/airflow/example_dags/example_python_decorator.py
[2026-07-17T22:25:43.108+0530] {logging_mixin.py:190} INFO - [2026-07-17T22:25:43.108+0530] {dag.py:3239} INFO - Sync 1 DAGs
[2026-07-17T22:25:43.110+0530] {logging_mixin.py:190} INFO - [2026-07-17T22:25:43.110+0530] {dag.py:4180} INFO - Setting next_dagrun for example_python_decorator to None, run_after=None
[2026-07-17T22:25:43.115+0530] {processor.py:208} INFO - Processing /Users/bhavishyachallagolla/Desktop/RetailSense/.venv/lib/python3.12/site-packages/airflow/example_dags/example_python_decorator.py took 0.046 seconds
[2026-07-17T22:27:24.624+0530] {processor.py:186} INFO - Started process (PID=92552) to work on /Users/bhavishyachallagolla/Desktop/RetailSense/.venv/lib/python3.12/site-packages/airflow/example_dags/example_python_decorator.py
[2026-07-17T22:27:24.625+0530] {processor.py:914} INFO - Processing file /Users/bhavishyachallagolla/Desktop/RetailSense/.venv/lib/python3.12/site-packages/airflow/example_dags/example_python_decorator.py for tasks to queue
[2026-07-17T22:27:24.625+0530] {logging_mixin.py:190} INFO - [2026-07-17T22:27:24.625+0530] {dagbag.py:588} INFO - Filling up the DagBag from /Users/bhavishyachallagolla/Desktop/RetailSense/.venv/lib/python3.12/site-packages/airflow/example_dags/example_python_decorator.py
[2026-07-17T22:27:24.637+0530] {logging_mixin.py:190} INFO - [2026-07-17T22:27:24.637+0530] {example_python_decorator.py:80} WARNING - The virtalenv_python example task requires virtualenv, please install it.
[2026-07-17T22:27:24.637+0530] {processor.py:925} INFO - DAG(s) 'example_python_decorator' retrieved from /Users/bhavishyachallagolla/Desktop/RetailSense/.venv/lib/python3.12/site-packages/airflow/example_dags/example_python_decorator.py
[2026-07-17T22:27:24.661+0530] {logging_mixin.py:190} INFO - [2026-07-17T22:27:24.661+0530] {dag.py:3239} INFO - Sync 1 DAGs
[2026-07-17T22:27:24.664+0530] {logging_mixin.py:190} INFO - [2026-07-17T22:27:24.664+0530] {dag.py:4180} INFO - Setting next_dagrun for example_python_decorator to None, run_after=None
[2026-07-17T22:27:24.668+0530] {processor.py:208} INFO - Processing /Users/bhavishyachallagolla/Desktop/RetailSense/.venv/lib/python3.12/site-packages/airflow/example_dags/example_python_decorator.py took 0.045 seconds
[2026-07-17T22:29:04.488+0530] {processor.py:186} INFO - Started process (PID=92702) to work on /Users/bhavishyachallagolla/Desktop/RetailSense/.venv/lib/python3.12/site-packages/airflow/example_dags/example_python_decorator.py
[2026-07-17T22:29:04.489+0530] {processor.py:914} INFO - Processing file /Users/bhavishyachallagolla/Desktop/RetailSense/.venv/lib/python3.12/site-packages/airflow/example_dags/example_python_decorator.py for tasks to queue
[2026-07-17T22:29:04.489+0530] {logging_mixin.py:190} INFO - [2026-07-17T22:29:04.489+0530] {dagbag.py:588} INFO - Filling up the DagBag from /Users/bhavishyachallagolla/Desktop/RetailSense/.venv/lib/python3.12/site-packages/airflow/example_dags/example_python_decorator.py
[2026-07-17T22:29:04.501+0530] {logging_mixin.py:190} INFO - [2026-07-17T22:29:04.501+0530] {example_python_decorator.py:80} WARNING - The virtalenv_python example task requires virtualenv, please install it.
[2026-07-17T22:29:04.501+0530] {processor.py:925} INFO - DAG(s) 'example_python_decorator' retrieved from /Users/bhavishyachallagolla/Desktop/RetailSense/.venv/lib/python3.12/site-packages/airflow/example_dags/example_python_decorator.py
[2026-07-17T22:29:04.526+0530] {logging_mixin.py:190} INFO - [2026-07-17T22:29:04.526+0530] {dag.py:3239} INFO - Sync 1 DAGs
[2026-07-17T22:29:04.529+0530] {logging_mixin.py:190} INFO - [2026-07-17T22:29:04.529+0530] {dag.py:4180} INFO - Setting next_dagrun for example_python_decorator to None, run_after=None
[2026-07-17T22:29:04.534+0530] {processor.py:208} INFO - Processing /Users/bhavishyachallagolla/Desktop/RetailSense/.venv/lib/python3.12/site-packages/airflow/example_dags/example_python_decorator.py took 0.046 seconds
[2026-07-17T22:30:42.125+0530] {processor.py:186} INFO - Started process (PID=92851) to work on /Users/bhavishyachallagolla/Desktop/RetailSense/.venv/lib/python3.12/site-packages/airflow/example_dags/example_python_decorator.py
[2026-07-17T22:30:42.126+0530] {processor.py:914} INFO - Processing file /Users/bhavishyachallagolla/Desktop/RetailSense/.venv/lib/python3.12/site-packages/airflow/example_dags/example_python_decorator.py for tasks to queue
[2026-07-17T22:30:42.127+0530] {logging_mixin.py:190} INFO - [2026-07-17T22:30:42.127+0530] {dagbag.py:588} INFO - Filling up the DagBag from /Users/bhavishyachallagolla/Desktop/RetailSense/.venv/lib/python3.12/site-packages/airflow/example_dags/example_python_decorator.py
[2026-07-17T22:30:42.138+0530] {logging_mixin.py:190} INFO - [2026-07-17T22:30:42.138+0530] {example_python_decorator.py:80} WARNING - The virtalenv_python example task requires virtualenv, please install it.
[2026-07-17T22:30:42.139+0530] {processor.py:925} INFO - DAG(s) 'example_python_decorator' retrieved from /Users/bhavishyachallagolla/Desktop/RetailSense/.venv/lib/python3.12/site-packages/airflow/example_dags/example_python_decorator.py
[2026-07-17T22:30:42.164+0530] {logging_mixin.py:190} INFO - [2026-07-17T22:30:42.164+0530] {dag.py:3239} INFO - Sync 1 DAGs
[2026-07-17T22:30:42.167+0530] {logging_mixin.py:190} INFO - [2026-07-17T22:30:42.166+0530] {dag.py:4180} INFO - Setting next_dagrun for example_python_decorator to None, run_after=None
[2026-07-17T22:30:42.171+0530] {processor.py:208} INFO - Processing /Users/bhavishyachallagolla/Desktop/RetailSense/.venv/lib/python3.12/site-packages/airflow/example_dags/example_python_decorator.py took 0.047 seconds
[2026-07-17T22:32:24.252+0530] {processor.py:186} INFO - Started process (PID=93011) to work on /Users/bhavishyachallagolla/Desktop/RetailSense/.venv/lib/python3.12/site-packages/airflow/example_dags/example_python_decorator.py
[2026-07-17T22:32:24.254+0530] {processor.py:914} INFO - Processing file /Users/bhavishyachallagolla/Desktop/RetailSense/.venv/lib/python3.12/site-packages/airflow/example_dags/example_python_decorator.py for tasks to queue
[2026-07-17T22:32:24.254+0530] {logging_mixin.py:190} INFO - [2026-07-17T22:32:24.254+0530] {dagbag.py:588} INFO - Filling up the DagBag from /Users/bhavishyachallagolla/Desktop/RetailSense/.venv/lib/python3.12/site-packages/airflow/example_dags/example_python_decorator.py
[2026-07-17T22:32:24.265+0530] {logging_mixin.py:190} INFO - [2026-07-17T22:32:24.265+0530] {example_python_decorator.py:80} WARNING - The virtalenv_python example task requires virtualenv, please install it.
[2026-07-17T22:32:24.266+0530] {processor.py:925} INFO - DAG(s) 'example_python_decorator' retrieved from /Users/bhavishyachallagolla/Desktop/RetailSense/.venv/lib/python3.12/site-packages/airflow/example_dags/example_python_decorator.py
[2026-07-17T22:32:24.290+0530] {logging_mixin.py:190} INFO - [2026-07-17T22:32:24.290+0530] {dag.py:3239} INFO - Sync 1 DAGs
[2026-07-17T22:32:24.293+0530] {logging_mixin.py:190} INFO - [2026-07-17T22:32:24.293+0530] {dag.py:4180} INFO - Setting next_dagrun for example_python_decorator to None, run_after=None
[2026-07-17T22:32:24.298+0530] {processor.py:208} INFO - Processing /Users/bhavishyachallagolla/Desktop/RetailSense/.venv/lib/python3.12/site-packages/airflow/example_dags/example_python_decorator.py took 0.046 seconds
[2026-07-17T22:34:01.616+0530] {processor.py:186} INFO - Started process (PID=93157) to work on /Users/bhavishyachallagolla/Desktop/RetailSense/.venv/lib/python3.12/site-packages/airflow/example_dags/example_python_decorator.py
[2026-07-17T22:34:01.617+0530] {processor.py:914} INFO - Processing file /Users/bhavishyachallagolla/Desktop/RetailSense/.venv/lib/python3.12/site-packages/airflow/example_dags/example_python_decorator.py for tasks to queue
[2026-07-17T22:34:01.618+0530] {logging_mixin.py:190} INFO - [2026-07-17T22:34:01.618+0530] {dagbag.py:588} INFO - Filling up the DagBag from /Users/bhavishyachallagolla/Desktop/RetailSense/.venv/lib/python3.12/site-packages/airflow/example_dags/example_python_decorator.py
[2026-07-17T22:34:01.629+0530] {logging_mixin.py:190} INFO - [2026-07-17T22:34:01.629+0530] {example_python_decorator.py:80} WARNING - The virtalenv_python example task requires virtualenv, please install it.
[2026-07-17T22:34:01.630+0530] {processor.py:925} INFO - DAG(s) 'example_python_decorator' retrieved from /Users/bhavishyachallagolla/Desktop/RetailSense/.venv/lib/python3.12/site-packages/airflow/example_dags/example_python_decorator.py
[2026-07-17T22:34:01.654+0530] {logging_mixin.py:190} INFO - [2026-07-17T22:34:01.654+0530] {dag.py:3239} INFO - Sync 1 DAGs
[2026-07-17T22:34:01.656+0530] {logging_mixin.py:190} INFO - [2026-07-17T22:34:01.656+0530] {dag.py:4180} INFO - Setting next_dagrun for example_python_decorator to None, run_after=None
[2026-07-17T22:34:01.661+0530] {processor.py:208} INFO - Processing /Users/bhavishyachallagolla/Desktop/RetailSense/.venv/lib/python3.12/site-packages/airflow/example_dags/example_python_decorator.py took 0.046 seconds
[2026-07-17T22:35:42.622+0530] {processor.py:186} INFO - Started process (PID=93308) to work on /Users/bhavishyachallagolla/Desktop/RetailSense/.venv/lib/python3.12/site-packages/airflow/example_dags/example_python_decorator.py
[2026-07-17T22:35:42.623+0530] {processor.py:914} INFO - Processing file /Users/bhavishyachallagolla/Desktop/RetailSense/.venv/lib/python3.12/site-packages/airflow/example_dags/example_python_decorator.py for tasks to queue
[2026-07-17T22:35:42.624+0530] {logging_mixin.py:190} INFO - [2026-07-17T22:35:42.624+0530] {dagbag.py:588} INFO - Filling up the DagBag from /Users/bhavishyachallagolla/Desktop/RetailSense/.venv/lib/python3.12/site-packages/airflow/example_dags/example_python_decorator.py
[2026-07-17T22:35:42.636+0530] {logging_mixin.py:190} INFO - [2026-07-17T22:35:42.636+0530] {example_python_decorator.py:80} WARNING - The virtalenv_python example task requires virtualenv, please install it.
[2026-07-17T22:35:42.636+0530] {processor.py:925} INFO - DAG(s) 'example_python_decorator' retrieved from /Users/bhavishyachallagolla/Desktop/RetailSense/.venv/lib/python3.12/site-packages/airflow/example_dags/example_python_decorator.py
[2026-07-17T22:35:42.661+0530] {logging_mixin.py:190} INFO - [2026-07-17T22:35:42.661+0530] {dag.py:3239} INFO - Sync 1 DAGs
[2026-07-17T22:35:42.664+0530] {logging_mixin.py:190} INFO - [2026-07-17T22:35:42.664+0530] {dag.py:4180} INFO - Setting next_dagrun for example_python_decorator to None, run_after=None
[2026-07-17T22:35:42.668+0530] {processor.py:208} INFO - Processing /Users/bhavishyachallagolla/Desktop/RetailSense/.venv/lib/python3.12/site-packages/airflow/example_dags/example_python_decorator.py took 0.047 seconds
[2026-07-17T22:37:23.538+0530] {processor.py:186} INFO - Started process (PID=93467) to work on /Users/bhavishyachallagolla/Desktop/RetailSense/.venv/lib/python3.12/site-packages/airflow/example_dags/example_python_decorator.py
[2026-07-17T22:37:23.539+0530] {processor.py:914} INFO - Processing file /Users/bhavishyachallagolla/Desktop/RetailSense/.venv/lib/python3.12/site-packages/airflow/example_dags/example_python_decorator.py for tasks to queue
[2026-07-17T22:37:23.539+0530] {logging_mixin.py:190} INFO - [2026-07-17T22:37:23.539+0530] {dagbag.py:588} INFO - Filling up the DagBag from /Users/bhavishyachallagolla/Desktop/RetailSense/.venv/lib/python3.12/site-packages/airflow/example_dags/example_python_decorator.py
[2026-07-17T22:37:23.551+0530] {logging_mixin.py:190} INFO - [2026-07-17T22:37:23.551+0530] {example_python_decorator.py:80} WARNING - The virtalenv_python example task requires virtualenv, please install it.
[2026-07-17T22:37:23.551+0530] {processor.py:925} INFO - DAG(s) 'example_python_decorator' retrieved from /Users/bhavishyachallagolla/Desktop/RetailSense/.venv/lib/python3.12/site-packages/airflow/example_dags/example_python_decorator.py
[2026-07-17T22:37:23.575+0530] {logging_mixin.py:190} INFO - [2026-07-17T22:37:23.575+0530] {dag.py:3239} INFO - Sync 1 DAGs
[2026-07-17T22:37:23.578+0530] {logging_mixin.py:190} INFO - [2026-07-17T22:37:23.578+0530] {dag.py:4180} INFO - Setting next_dagrun for example_python_decorator to None, run_after=None
[2026-07-17T22:37:23.582+0530] {processor.py:208} INFO - Processing /Users/bhavishyachallagolla/Desktop/RetailSense/.venv/lib/python3.12/site-packages/airflow/example_dags/example_python_decorator.py took 0.045 seconds
[2026-07-17T22:39:03.146+0530] {processor.py:186} INFO - Started process (PID=93616) to work on /Users/bhavishyachallagolla/Desktop/RetailSense/.venv/lib/python3.12/site-packages/airflow/example_dags/example_python_decorator.py
[2026-07-17T22:39:03.147+0530] {processor.py:914} INFO - Processing file /Users/bhavishyachallagolla/Desktop/RetailSense/.venv/lib/python3.12/site-packages/airflow/example_dags/example_python_decorator.py for tasks to queue
[2026-07-17T22:39:03.147+0530] {logging_mixin.py:190} INFO - [2026-07-17T22:39:03.147+0530] {dagbag.py:588} INFO - Filling up the DagBag from /Users/bhavishyachallagolla/Desktop/RetailSense/.venv/lib/python3.12/site-packages/airflow/example_dags/example_python_decorator.py
[2026-07-17T22:39:03.159+0530] {logging_mixin.py:190} INFO - [2026-07-17T22:39:03.158+0530] {example_python_decorator.py:80} WARNING - The virtalenv_python example task requires virtualenv, please install it.
[2026-07-17T22:39:03.159+0530] {processor.py:925} INFO - DAG(s) 'example_python_decorator' retrieved from /Users/bhavishyachallagolla/Desktop/RetailSense/.venv/lib/python3.12/site-packages/airflow/example_dags/example_python_decorator.py
[2026-07-17T22:39:03.184+0530] {logging_mixin.py:190} INFO - [2026-07-17T22:39:03.184+0530] {dag.py:3239} INFO - Sync 1 DAGs
[2026-07-17T22:39:03.187+0530] {logging_mixin.py:190} INFO - [2026-07-17T22:39:03.187+0530] {dag.py:4180} INFO - Setting next_dagrun for example_python_decorator to None, run_after=None
[2026-07-17T22:39:03.192+0530] {processor.py:208} INFO - Processing /Users/bhavishyachallagolla/Desktop/RetailSense/.venv/lib/python3.12/site-packages/airflow/example_dags/example_python_decorator.py took 0.046 seconds
[2026-07-17T22:40:43.617+0530] {processor.py:186} INFO - Started process (PID=93766) to work on /Users/bhavishyachallagolla/Desktop/RetailSense/.venv/lib/python3.12/site-packages/airflow/example_dags/example_python_decorator.py
[2026-07-17T22:40:43.617+0530] {processor.py:914} INFO - Processing file /Users/bhavishyachallagolla/Desktop/RetailSense/.venv/lib/python3.12/site-packages/airflow/example_dags/example_python_decorator.py for tasks to queue
[2026-07-17T22:40:43.618+0530] {logging_mixin.py:190} INFO - [2026-07-17T22:40:43.618+0530] {dagbag.py:588} INFO - Filling up the DagBag from /Users/bhavishyachallagolla/Desktop/RetailSense/.venv/lib/python3.12/site-packages/airflow/example_dags/example_python_decorator.py
[2026-07-17T22:40:43.630+0530] {logging_mixin.py:190} INFO - [2026-07-17T22:40:43.630+0530] {example_python_decorator.py:80} WARNING - The virtalenv_python example task requires virtualenv, please install it.
[2026-07-17T22:40:43.630+0530] {processor.py:925} INFO - DAG(s) 'example_python_decorator' retrieved from /Users/bhavishyachallagolla/Desktop/RetailSense/.venv/lib/python3.12/site-packages/airflow/example_dags/example_python_decorator.py
[2026-07-17T22:40:43.656+0530] {logging_mixin.py:190} INFO - [2026-07-17T22:40:43.656+0530] {dag.py:3239} INFO - Sync 1 DAGs
[2026-07-17T22:40:43.659+0530] {logging_mixin.py:190} INFO - [2026-07-17T22:40:43.659+0530] {dag.py:4180} INFO - Setting next_dagrun for example_python_decorator to None, run_after=None
[2026-07-17T22:40:43.665+0530] {processor.py:208} INFO - Processing /Users/bhavishyachallagolla/Desktop/RetailSense/.venv/lib/python3.12/site-packages/airflow/example_dags/example_python_decorator.py took 0.049 seconds
[2026-07-17T22:42:24.913+0530] {processor.py:186} INFO - Started process (PID=93917) to work on /Users/bhavishyachallagolla/Desktop/RetailSense/.venv/lib/python3.12/site-packages/airflow/example_dags/example_python_decorator.py
[2026-07-17T22:42:24.914+0530] {processor.py:914} INFO - Processing file /Users/bhavishyachallagolla/Desktop/RetailSense/.venv/lib/python3.12/site-packages/airflow/example_dags/example_python_decorator.py for tasks to queue
[2026-07-17T22:42:24.915+0530] {logging_mixin.py:190} INFO - [2026-07-17T22:42:24.915+0530] {dagbag.py:588} INFO - Filling up the DagBag from /Users/bhavishyachallagolla/Desktop/RetailSense/.venv/lib/python3.12/site-packages/airflow/example_dags/example_python_decorator.py
[2026-07-17T22:42:24.927+0530] {logging_mixin.py:190} INFO - [2026-07-17T22:42:24.927+0530] {example_python_decorator.py:80} WARNING - The virtalenv_python example task requires virtualenv, please install it.
[2026-07-17T22:42:24.927+0530] {processor.py:925} INFO - DAG(s) 'example_python_decorator' retrieved from /Users/bhavishyachallagolla/Desktop/RetailSense/.venv/lib/python3.12/site-packages/airflow/example_dags/example_python_decorator.py
[2026-07-17T22:42:24.951+0530] {logging_mixin.py:190} INFO - [2026-07-17T22:42:24.951+0530] {dag.py:3239} INFO - Sync 1 DAGs
[2026-07-17T22:42:24.954+0530] {logging_mixin.py:190} INFO - [2026-07-17T22:42:24.954+0530] {dag.py:4180} INFO - Setting next_dagrun for example_python_decorator to None, run_after=None
[2026-07-17T22:42:24.959+0530] {processor.py:208} INFO - Processing /Users/bhavishyachallagolla/Desktop/RetailSense/.venv/lib/python3.12/site-packages/airflow/example_dags/example_python_decorator.py took 0.046 seconds
[2026-07-17T22:44:05.720+0530] {processor.py:186} INFO - Started process (PID=94067) to work on /Users/bhavishyachallagolla/Desktop/RetailSense/.venv/lib/python3.12/site-packages/airflow/example_dags/example_python_decorator.py
[2026-07-17T22:44:05.720+0530] {processor.py:914} INFO - Processing file /Users/bhavishyachallagolla/Desktop/RetailSense/.venv/lib/python3.12/site-packages/airflow/example_dags/example_python_decorator.py for tasks to queue
[2026-07-17T22:44:05.721+0530] {logging_mixin.py:190} INFO - [2026-07-17T22:44:05.720+0530] {dagbag.py:588} INFO - Filling up the DagBag from /Users/bhavishyachallagolla/Desktop/RetailSense/.venv/lib/python3.12/site-packages/airflow/example_dags/example_python_decorator.py
[2026-07-17T22:44:05.732+0530] {logging_mixin.py:190} INFO - [2026-07-17T22:44:05.732+0530] {example_python_decorator.py:80} WARNING - The virtalenv_python example task requires virtualenv, please install it.
[2026-07-17T22:44:05.733+0530] {processor.py:925} INFO - DAG(s) 'example_python_decorator' retrieved from /Users/bhavishyachallagolla/Desktop/RetailSense/.venv/lib/python3.12/site-packages/airflow/example_dags/example_python_decorator.py
[2026-07-17T22:44:05.758+0530] {logging_mixin.py:190} INFO - [2026-07-17T22:44:05.757+0530] {dag.py:3239} INFO - Sync 1 DAGs
[2026-07-17T22:44:05.760+0530] {logging_mixin.py:190} INFO - [2026-07-17T22:44:05.760+0530] {dag.py:4180} INFO - Setting next_dagrun for example_python_decorator to None, run_after=None
[2026-07-17T22:44:05.765+0530] {processor.py:208} INFO - Processing /Users/bhavishyachallagolla/Desktop/RetailSense/.venv/lib/python3.12/site-packages/airflow/example_dags/example_python_decorator.py took 0.046 seconds
[2026-07-17T22:45:43.934+0530] {processor.py:186} INFO - Started process (PID=94216) to work on /Users/bhavishyachallagolla/Desktop/RetailSense/.venv/lib/python3.12/site-packages/airflow/example_dags/example_python_decorator.py
[2026-07-17T22:45:43.935+0530] {processor.py:914} INFO - Processing file /Users/bhavishyachallagolla/Desktop/RetailSense/.venv/lib/python3.12/site-packages/airflow/example_dags/example_python_decorator.py for tasks to queue
[2026-07-17T22:45:43.935+0530] {logging_mixin.py:190} INFO - [2026-07-17T22:45:43.935+0530] {dagbag.py:588} INFO - Filling up the DagBag from /Users/bhavishyachallagolla/Desktop/RetailSense/.venv/lib/python3.12/site-packages/airflow/example_dags/example_python_decorator.py
[2026-07-17T22:45:43.947+0530] {logging_mixin.py:190} INFO - [2026-07-17T22:45:43.947+0530] {example_python_decorator.py:80} WARNING - The virtalenv_python example task requires virtualenv, please install it.
[2026-07-17T22:45:43.947+0530] {processor.py:925} INFO - DAG(s) 'example_python_decorator' retrieved from /Users/bhavishyachallagolla/Desktop/RetailSense/.venv/lib/python3.12/site-packages/airflow/example_dags/example_python_decorator.py
[2026-07-17T22:45:43.972+0530] {logging_mixin.py:190} INFO - [2026-07-17T22:45:43.972+0530] {dag.py:3239} INFO - Sync 1 DAGs
[2026-07-17T22:45:43.974+0530] {logging_mixin.py:190} INFO - [2026-07-17T22:45:43.974+0530] {dag.py:4180} INFO - Setting next_dagrun for example_python_decorator to None, run_after=None
[2026-07-17T22:45:43.979+0530] {processor.py:208} INFO - Processing /Users/bhavishyachallagolla/Desktop/RetailSense/.venv/lib/python3.12/site-packages/airflow/example_dags/example_python_decorator.py took 0.046 seconds
[2026-07-17T22:47:21.539+0530] {processor.py:186} INFO - Started process (PID=94363) to work on /Users/bhavishyachallagolla/Desktop/RetailSense/.venv/lib/python3.12/site-packages/airflow/example_dags/example_python_decorator.py
[2026-07-17T22:47:21.539+0530] {processor.py:914} INFO - Processing file /Users/bhavishyachallagolla/Desktop/RetailSense/.venv/lib/python3.12/site-packages/airflow/example_dags/example_python_decorator.py for tasks to queue
[2026-07-17T22:47:21.540+0530] {logging_mixin.py:190} INFO - [2026-07-17T22:47:21.539+0530] {dagbag.py:588} INFO - Filling up the DagBag from /Users/bhavishyachallagolla/Desktop/RetailSense/.venv/lib/python3.12/site-packages/airflow/example_dags/example_python_decorator.py
[2026-07-17T22:47:21.551+0530] {logging_mixin.py:190} INFO - [2026-07-17T22:47:21.551+0530] {example_python_decorator.py:80} WARNING - The virtalenv_python example task requires virtualenv, please install it.
[2026-07-17T22:47:21.552+0530] {processor.py:925} INFO - DAG(s) 'example_python_decorator' retrieved from /Users/bhavishyachallagolla/Desktop/RetailSense/.venv/lib/python3.12/site-packages/airflow/example_dags/example_python_decorator.py
[2026-07-17T22:47:21.576+0530] {logging_mixin.py:190} INFO - [2026-07-17T22:47:21.575+0530] {dag.py:3239} INFO - Sync 1 DAGs
[2026-07-17T22:47:21.578+0530] {logging_mixin.py:190} INFO - [2026-07-17T22:47:21.578+0530] {dag.py:4180} INFO - Setting next_dagrun for example_python_decorator to None, run_after=None
[2026-07-17T22:47:21.583+0530] {processor.py:208} INFO - Processing /Users/bhavishyachallagolla/Desktop/RetailSense/.venv/lib/python3.12/site-packages/airflow/example_dags/example_python_decorator.py took 0.045 seconds
[2026-07-17T22:49:01.886+0530] {processor.py:186} INFO - Started process (PID=94513) to work on /Users/bhavishyachallagolla/Desktop/RetailSense/.venv/lib/python3.12/site-packages/airflow/example_dags/example_python_decorator.py
[2026-07-17T22:49:01.886+0530] {processor.py:914} INFO - Processing file /Users/bhavishyachallagolla/Desktop/RetailSense/.venv/lib/python3.12/site-packages/airflow/example_dags/example_python_decorator.py for tasks to queue
[2026-07-17T22:49:01.887+0530] {logging_mixin.py:190} INFO - [2026-07-17T22:49:01.887+0530] {dagbag.py:588} INFO - Filling up the DagBag from /Users/bhavishyachallagolla/Desktop/RetailSense/.venv/lib/python3.12/site-packages/airflow/example_dags/example_python_decorator.py
[2026-07-17T22:49:01.898+0530] {logging_mixin.py:190} INFO - [2026-07-17T22:49:01.898+0530] {example_python_decorator.py:80} WARNING - The virtalenv_python example task requires virtualenv, please install it.
[2026-07-17T22:49:01.899+0530] {processor.py:925} INFO - DAG(s) 'example_python_decorator' retrieved from /Users/bhavishyachallagolla/Desktop/RetailSense/.venv/lib/python3.12/site-packages/airflow/example_dags/example_python_decorator.py
[2026-07-17T22:49:01.923+0530] {logging_mixin.py:190} INFO - [2026-07-17T22:49:01.923+0530] {dag.py:3239} INFO - Sync 1 DAGs
[2026-07-17T22:49:01.926+0530] {logging_mixin.py:190} INFO - [2026-07-17T22:49:01.926+0530] {dag.py:4180} INFO - Setting next_dagrun for example_python_decorator to None, run_after=None
[2026-07-17T22:49:01.931+0530] {processor.py:208} INFO - Processing /Users/bhavishyachallagolla/Desktop/RetailSense/.venv/lib/python3.12/site-packages/airflow/example_dags/example_python_decorator.py took 0.046 seconds
[2026-07-17T22:50:57.184+0530] {processor.py:186} INFO - Started process (PID=94665) to work on /Users/bhavishyachallagolla/Desktop/RetailSense/.venv/lib/python3.12/site-packages/airflow/example_dags/example_python_decorator.py
[2026-07-17T22:50:57.185+0530] {processor.py:914} INFO - Processing file /Users/bhavishyachallagolla/Desktop/RetailSense/.venv/lib/python3.12/site-packages/airflow/example_dags/example_python_decorator.py for tasks to queue
[2026-07-17T22:50:57.185+0530] {logging_mixin.py:190} INFO - [2026-07-17T22:50:57.185+0530] {dagbag.py:588} INFO - Filling up the DagBag from /Users/bhavishyachallagolla/Desktop/RetailSense/.venv/lib/python3.12/site-packages/airflow/example_dags/example_python_decorator.py
[2026-07-17T22:50:57.197+0530] {logging_mixin.py:190} INFO - [2026-07-17T22:50:57.197+0530] {example_python_decorator.py:80} WARNING - The virtalenv_python example task requires virtualenv, please install it.
[2026-07-17T22:50:57.198+0530] {processor.py:925} INFO - DAG(s) 'example_python_decorator' retrieved from /Users/bhavishyachallagolla/Desktop/RetailSense/.venv/lib/python3.12/site-packages/airflow/example_dags/example_python_decorator.py
[2026-07-17T22:50:57.222+0530] {logging_mixin.py:190} INFO - [2026-07-17T22:50:57.222+0530] {dag.py:3239} INFO - Sync 1 DAGs
[2026-07-17T22:50:57.225+0530] {logging_mixin.py:190} INFO - [2026-07-17T22:50:57.225+0530] {dag.py:4180} INFO - Setting next_dagrun for example_python_decorator to None, run_after=None
[2026-07-17T22:50:57.229+0530] {processor.py:208} INFO - Processing /Users/bhavishyachallagolla/Desktop/RetailSense/.venv/lib/python3.12/site-packages/airflow/example_dags/example_python_decorator.py took 0.047 seconds
[2026-07-17T22:52:35.760+0530] {processor.py:186} INFO - Started process (PID=94817) to work on /Users/bhavishyachallagolla/Desktop/RetailSense/.venv/lib/python3.12/site-packages/airflow/example_dags/example_python_decorator.py
[2026-07-17T22:52:35.761+0530] {processor.py:914} INFO - Processing file /Users/bhavishyachallagolla/Desktop/RetailSense/.venv/lib/python3.12/site-packages/airflow/example_dags/example_python_decorator.py for tasks to queue
[2026-07-17T22:52:35.762+0530] {logging_mixin.py:190} INFO - [2026-07-17T22:52:35.762+0530] {dagbag.py:588} INFO - Filling up the DagBag from /Users/bhavishyachallagolla/Desktop/RetailSense/.venv/lib/python3.12/site-packages/airflow/example_dags/example_python_decorator.py
[2026-07-17T22:52:35.774+0530] {logging_mixin.py:190} INFO - [2026-07-17T22:52:35.774+0530] {example_python_decorator.py:80} WARNING - The virtalenv_python example task requires virtualenv, please install it.
[2026-07-17T22:52:35.774+0530] {processor.py:925} INFO - DAG(s) 'example_python_decorator' retrieved from /Users/bhavishyachallagolla/Desktop/RetailSense/.venv/lib/python3.12/site-packages/airflow/example_dags/example_python_decorator.py
[2026-07-17T22:52:35.799+0530] {logging_mixin.py:190} INFO - [2026-07-17T22:52:35.799+0530] {dag.py:3239} INFO - Sync 1 DAGs
[2026-07-17T22:52:35.802+0530] {logging_mixin.py:190} INFO - [2026-07-17T22:52:35.802+0530] {dag.py:4180} INFO - Setting next_dagrun for example_python_decorator to None, run_after=None
[2026-07-17T22:52:35.807+0530] {processor.py:208} INFO - Processing /Users/bhavishyachallagolla/Desktop/RetailSense/.venv/lib/python3.12/site-packages/airflow/example_dags/example_python_decorator.py took 0.047 seconds
[2026-07-17T22:54:15.661+0530] {processor.py:186} INFO - Started process (PID=94971) to work on /Users/bhavishyachallagolla/Desktop/RetailSense/.venv/lib/python3.12/site-packages/airflow/example_dags/example_python_decorator.py
[2026-07-17T22:54:15.662+0530] {processor.py:914} INFO - Processing file /Users/bhavishyachallagolla/Desktop/RetailSense/.venv/lib/python3.12/site-packages/airflow/example_dags/example_python_decorator.py for tasks to queue
[2026-07-17T22:54:15.663+0530] {logging_mixin.py:190} INFO - [2026-07-17T22:54:15.663+0530] {dagbag.py:588} INFO - Filling up the DagBag from /Users/bhavishyachallagolla/Desktop/RetailSense/.venv/lib/python3.12/site-packages/airflow/example_dags/example_python_decorator.py
[2026-07-17T22:54:15.675+0530] {logging_mixin.py:190} INFO - [2026-07-17T22:54:15.675+0530] {example_python_decorator.py:80} WARNING - The virtalenv_python example task requires virtualenv, please install it.
[2026-07-17T22:54:15.675+0530] {processor.py:925} INFO - DAG(s) 'example_python_decorator' retrieved from /Users/bhavishyachallagolla/Desktop/RetailSense/.venv/lib/python3.12/site-packages/airflow/example_dags/example_python_decorator.py
[2026-07-17T22:54:15.700+0530] {logging_mixin.py:190} INFO - [2026-07-17T22:54:15.700+0530] {dag.py:3239} INFO - Sync 1 DAGs
[2026-07-17T22:54:15.703+0530] {logging_mixin.py:190} INFO - [2026-07-17T22:54:15.703+0530] {dag.py:4180} INFO - Setting next_dagrun for example_python_decorator to None, run_after=None
[2026-07-17T22:54:15.708+0530] {processor.py:208} INFO - Processing /Users/bhavishyachallagolla/Desktop/RetailSense/.venv/lib/python3.12/site-packages/airflow/example_dags/example_python_decorator.py took 0.047 seconds
[2026-07-17T22:55:54.729+0530] {processor.py:186} INFO - Started process (PID=95119) to work on /Users/bhavishyachallagolla/Desktop/RetailSense/.venv/lib/python3.12/site-packages/airflow/example_dags/example_python_decorator.py
[2026-07-17T22:55:54.729+0530] {processor.py:914} INFO - Processing file /Users/bhavishyachallagolla/Desktop/RetailSense/.venv/lib/python3.12/site-packages/airflow/example_dags/example_python_decorator.py for tasks to queue
[2026-07-17T22:55:54.730+0530] {logging_mixin.py:190} INFO - [2026-07-17T22:55:54.730+0530] {dagbag.py:588} INFO - Filling up the DagBag from /Users/bhavishyachallagolla/Desktop/RetailSense/.venv/lib/python3.12/site-packages/airflow/example_dags/example_python_decorator.py
[2026-07-17T22:55:54.743+0530] {logging_mixin.py:190} INFO - [2026-07-17T22:55:54.743+0530] {example_python_decorator.py:80} WARNING - The virtalenv_python example task requires virtualenv, please install it.
[2026-07-17T22:55:54.743+0530] {processor.py:925} INFO - DAG(s) 'example_python_decorator' retrieved from /Users/bhavishyachallagolla/Desktop/RetailSense/.venv/lib/python3.12/site-packages/airflow/example_dags/example_python_decorator.py
[2026-07-17T22:55:54.769+0530] {logging_mixin.py:190} INFO - [2026-07-17T22:55:54.769+0530] {dag.py:3239} INFO - Sync 1 DAGs
[2026-07-17T22:55:54.772+0530] {logging_mixin.py:190} INFO - [2026-07-17T22:55:54.772+0530] {dag.py:4180} INFO - Setting next_dagrun for example_python_decorator to None, run_after=None
[2026-07-17T22:55:54.777+0530] {processor.py:208} INFO - Processing /Users/bhavishyachallagolla/Desktop/RetailSense/.venv/lib/python3.12/site-packages/airflow/example_dags/example_python_decorator.py took 0.049 seconds
[2026-07-17T22:57:33.663+0530] {processor.py:186} INFO - Started process (PID=95270) to work on /Users/bhavishyachallagolla/Desktop/RetailSense/.venv/lib/python3.12/site-packages/airflow/example_dags/example_python_decorator.py
[2026-07-17T22:57:33.663+0530] {processor.py:914} INFO - Processing file /Users/bhavishyachallagolla/Desktop/RetailSense/.venv/lib/python3.12/site-packages/airflow/example_dags/example_python_decorator.py for tasks to queue
[2026-07-17T22:57:33.663+0530] {logging_mixin.py:190} INFO - [2026-07-17T22:57:33.663+0530] {dagbag.py:588} INFO - Filling up the DagBag from /Users/bhavishyachallagolla/Desktop/RetailSense/.venv/lib/python3.12/site-packages/airflow/example_dags/example_python_decorator.py
[2026-07-17T22:57:33.675+0530] {logging_mixin.py:190} INFO - [2026-07-17T22:57:33.675+0530] {example_python_decorator.py:80} WARNING - The virtalenv_python example task requires virtualenv, please install it.
[2026-07-17T22:57:33.675+0530] {processor.py:925} INFO - DAG(s) 'example_python_decorator' retrieved from /Users/bhavishyachallagolla/Desktop/RetailSense/.venv/lib/python3.12/site-packages/airflow/example_dags/example_python_decorator.py
[2026-07-17T22:57:33.700+0530] {logging_mixin.py:190} INFO - [2026-07-17T22:57:33.700+0530] {dag.py:3239} INFO - Sync 1 DAGs
[2026-07-17T22:57:33.702+0530] {logging_mixin.py:190} INFO - [2026-07-17T22:57:33.702+0530] {dag.py:4180} INFO - Setting next_dagrun for example_python_decorator to None, run_after=None
[2026-07-17T22:57:33.707+0530] {processor.py:208} INFO - Processing /Users/bhavishyachallagolla/Desktop/RetailSense/.venv/lib/python3.12/site-packages/airflow/example_dags/example_python_decorator.py took 0.045 seconds
[2026-07-17T22:59:14.059+0530] {processor.py:186} INFO - Started process (PID=95433) to work on /Users/bhavishyachallagolla/Desktop/RetailSense/.venv/lib/python3.12/site-packages/airflow/example_dags/example_python_decorator.py
[2026-07-17T22:59:14.060+0530] {processor.py:914} INFO - Processing file /Users/bhavishyachallagolla/Desktop/RetailSense/.venv/lib/python3.12/site-packages/airflow/example_dags/example_python_decorator.py for tasks to queue
[2026-07-17T22:59:14.060+0530] {logging_mixin.py:190} INFO - [2026-07-17T22:59:14.060+0530] {dagbag.py:588} INFO - Filling up the DagBag from /Users/bhavishyachallagolla/Desktop/RetailSense/.venv/lib/python3.12/site-packages/airflow/example_dags/example_python_decorator.py
[2026-07-17T22:59:14.072+0530] {logging_mixin.py:190} INFO - [2026-07-17T22:59:14.072+0530] {example_python_decorator.py:80} WARNING - The virtalenv_python example task requires virtualenv, please install it.
[2026-07-17T22:59:14.073+0530] {processor.py:925} INFO - DAG(s) 'example_python_decorator' retrieved from /Users/bhavishyachallagolla/Desktop/RetailSense/.venv/lib/python3.12/site-packages/airflow/example_dags/example_python_decorator.py
[2026-07-17T22:59:14.098+0530] {logging_mixin.py:190} INFO - [2026-07-17T22:59:14.098+0530] {dag.py:3239} INFO - Sync 1 DAGs
[2026-07-17T22:59:14.101+0530] {logging_mixin.py:190} INFO - [2026-07-17T22:59:14.101+0530] {dag.py:4180} INFO - Setting next_dagrun for example_python_decorator to None, run_after=None
[2026-07-17T22:59:14.106+0530] {processor.py:208} INFO - Processing /Users/bhavishyachallagolla/Desktop/RetailSense/.venv/lib/python3.12/site-packages/airflow/example_dags/example_python_decorator.py took 0.048 seconds
[2026-07-17T23:00:44.742+0530] {processor.py:186} INFO - Started process (PID=95552) to work on /Users/bhavishyachallagolla/Desktop/RetailSense/.venv/lib/python3.12/site-packages/airflow/example_dags/example_python_decorator.py
[2026-07-17T23:00:44.743+0530] {processor.py:914} INFO - Processing file /Users/bhavishyachallagolla/Desktop/RetailSense/.venv/lib/python3.12/site-packages/airflow/example_dags/example_python_decorator.py for tasks to queue
[2026-07-17T23:00:44.743+0530] {logging_mixin.py:190} INFO - [2026-07-17T23:00:44.743+0530] {dagbag.py:588} INFO - Filling up the DagBag from /Users/bhavishyachallagolla/Desktop/RetailSense/.venv/lib/python3.12/site-packages/airflow/example_dags/example_python_decorator.py
[2026-07-17T23:00:44.756+0530] {logging_mixin.py:190} INFO - [2026-07-17T23:00:44.756+0530] {example_python_decorator.py:80} WARNING - The virtalenv_python example task requires virtualenv, please install it.
[2026-07-17T23:00:44.757+0530] {processor.py:925} INFO - DAG(s) 'example_python_decorator' retrieved from /Users/bhavishyachallagolla/Desktop/RetailSense/.venv/lib/python3.12/site-packages/airflow/example_dags/example_python_decorator.py
[2026-07-17T23:00:44.782+0530] {logging_mixin.py:190} INFO - [2026-07-17T23:00:44.782+0530] {dag.py:3239} INFO - Sync 1 DAGs
[2026-07-17T23:00:44.785+0530] {logging_mixin.py:190} INFO - [2026-07-17T23:00:44.785+0530] {dag.py:4180} INFO - Setting next_dagrun for example_python_decorator to None, run_after=None
[2026-07-17T23:00:44.790+0530] {processor.py:208} INFO - Processing /Users/bhavishyachallagolla/Desktop/RetailSense/.venv/lib/python3.12/site-packages/airflow/example_dags/example_python_decorator.py took 0.048 seconds
[2026-07-17T23:02:01.378+0530] {processor.py:186} INFO - Started process (PID=95683) to work on /Users/bhavishyachallagolla/Desktop/RetailSense/.venv/lib/python3.12/site-packages/airflow/example_dags/example_python_decorator.py
[2026-07-17T23:02:01.378+0530] {processor.py:914} INFO - Processing file /Users/bhavishyachallagolla/Desktop/RetailSense/.venv/lib/python3.12/site-packages/airflow/example_dags/example_python_decorator.py for tasks to queue
[2026-07-17T23:02:01.379+0530] {logging_mixin.py:190} INFO - [2026-07-17T23:02:01.379+0530] {dagbag.py:588} INFO - Filling up the DagBag from /Users/bhavishyachallagolla/Desktop/RetailSense/.venv/lib/python3.12/site-packages/airflow/example_dags/example_python_decorator.py
[2026-07-17T23:02:01.391+0530] {logging_mixin.py:190} INFO - [2026-07-17T23:02:01.390+0530] {example_python_decorator.py:80} WARNING - The virtalenv_python example task requires virtualenv, please install it.
[2026-07-17T23:02:01.391+0530] {processor.py:925} INFO - DAG(s) 'example_python_decorator' retrieved from /Users/bhavishyachallagolla/Desktop/RetailSense/.venv/lib/python3.12/site-packages/airflow/example_dags/example_python_decorator.py
[2026-07-17T23:02:01.416+0530] {logging_mixin.py:190} INFO - [2026-07-17T23:02:01.416+0530] {dag.py:3239} INFO - Sync 1 DAGs
[2026-07-17T23:02:01.419+0530] {logging_mixin.py:190} INFO - [2026-07-17T23:02:01.419+0530] {dag.py:4180} INFO - Setting next_dagrun for example_python_decorator to None, run_after=None
[2026-07-17T23:02:01.423+0530] {processor.py:208} INFO - Processing /Users/bhavishyachallagolla/Desktop/RetailSense/.venv/lib/python3.12/site-packages/airflow/example_dags/example_python_decorator.py took 0.047 seconds
[2026-07-17T23:03:41.628+0530] {processor.py:186} INFO - Started process (PID=95840) to work on /Users/bhavishyachallagolla/Desktop/RetailSense/.venv/lib/python3.12/site-packages/airflow/example_dags/example_python_decorator.py
[2026-07-17T23:03:41.628+0530] {processor.py:914} INFO - Processing file /Users/bhavishyachallagolla/Desktop/RetailSense/.venv/lib/python3.12/site-packages/airflow/example_dags/example_python_decorator.py for tasks to queue
[2026-07-17T23:03:41.629+0530] {logging_mixin.py:190} INFO - [2026-07-17T23:03:41.628+0530] {dagbag.py:588} INFO - Filling up the DagBag from /Users/bhavishyachallagolla/Desktop/RetailSense/.venv/lib/python3.12/site-packages/airflow/example_dags/example_python_decorator.py
[2026-07-17T23:03:41.642+0530] {logging_mixin.py:190} INFO - [2026-07-17T23:03:41.642+0530] {example_python_decorator.py:80} WARNING - The virtalenv_python example task requires virtualenv, please install it.
[2026-07-17T23:03:41.642+0530] {processor.py:925} INFO - DAG(s) 'example_python_decorator' retrieved from /Users/bhavishyachallagolla/Desktop/RetailSense/.venv/lib/python3.12/site-packages/airflow/example_dags/example_python_decorator.py
[2026-07-17T23:03:41.669+0530] {logging_mixin.py:190} INFO - [2026-07-17T23:03:41.668+0530] {dag.py:3239} INFO - Sync 1 DAGs
[2026-07-17T23:03:41.672+0530] {logging_mixin.py:190} INFO - [2026-07-17T23:03:41.671+0530] {dag.py:4180} INFO - Setting next_dagrun for example_python_decorator to None, run_after=None
[2026-07-17T23:03:41.677+0530] {processor.py:208} INFO - Processing /Users/bhavishyachallagolla/Desktop/RetailSense/.venv/lib/python3.12/site-packages/airflow/example_dags/example_python_decorator.py took 0.050 seconds
[2026-07-17T23:05:22.387+0530] {processor.py:186} INFO - Started process (PID=95992) to work on /Users/bhavishyachallagolla/Desktop/RetailSense/.venv/lib/python3.12/site-packages/airflow/example_dags/example_python_decorator.py
[2026-07-17T23:05:22.387+0530] {processor.py:914} INFO - Processing file /Users/bhavishyachallagolla/Desktop/RetailSense/.venv/lib/python3.12/site-packages/airflow/example_dags/example_python_decorator.py for tasks to queue
[2026-07-17T23:05:22.387+0530] {logging_mixin.py:190} INFO - [2026-07-17T23:05:22.387+0530] {dagbag.py:588} INFO - Filling up the DagBag from /Users/bhavishyachallagolla/Desktop/RetailSense/.venv/lib/python3.12/site-packages/airflow/example_dags/example_python_decorator.py
[2026-07-17T23:05:22.398+0530] {logging_mixin.py:190} INFO - [2026-07-17T23:05:22.398+0530] {example_python_decorator.py:80} WARNING - The virtalenv_python example task requires virtualenv, please install it.
[2026-07-17T23:05:22.399+0530] {processor.py:925} INFO - DAG(s) 'example_python_decorator' retrieved from /Users/bhavishyachallagolla/Desktop/RetailSense/.venv/lib/python3.12/site-packages/airflow/example_dags/example_python_decorator.py
[2026-07-17T23:05:22.423+0530] {logging_mixin.py:190} INFO - [2026-07-17T23:05:22.423+0530] {dag.py:3239} INFO - Sync 1 DAGs
[2026-07-17T23:05:22.426+0530] {logging_mixin.py:190} INFO - [2026-07-17T23:05:22.426+0530] {dag.py:4180} INFO - Setting next_dagrun for example_python_decorator to None, run_after=None
[2026-07-17T23:05:22.430+0530] {processor.py:208} INFO - Processing /Users/bhavishyachallagolla/Desktop/RetailSense/.venv/lib/python3.12/site-packages/airflow/example_dags/example_python_decorator.py took 0.045 seconds
[2026-07-17T23:07:03.125+0530] {processor.py:186} INFO - Started process (PID=96142) to work on /Users/bhavishyachallagolla/Desktop/RetailSense/.venv/lib/python3.12/site-packages/airflow/example_dags/example_python_decorator.py
[2026-07-17T23:07:03.126+0530] {processor.py:914} INFO - Processing file /Users/bhavishyachallagolla/Desktop/RetailSense/.venv/lib/python3.12/site-packages/airflow/example_dags/example_python_decorator.py for tasks to queue
[2026-07-17T23:07:03.126+0530] {logging_mixin.py:190} INFO - [2026-07-17T23:07:03.126+0530] {dagbag.py:588} INFO - Filling up the DagBag from /Users/bhavishyachallagolla/Desktop/RetailSense/.venv/lib/python3.12/site-packages/airflow/example_dags/example_python_decorator.py
[2026-07-17T23:07:03.138+0530] {logging_mixin.py:190} INFO - [2026-07-17T23:07:03.137+0530] {example_python_decorator.py:80} WARNING - The virtalenv_python example task requires virtualenv, please install it.
[2026-07-17T23:07:03.138+0530] {processor.py:925} INFO - DAG(s) 'example_python_decorator' retrieved from /Users/bhavishyachallagolla/Desktop/RetailSense/.venv/lib/python3.12/site-packages/airflow/example_dags/example_python_decorator.py
[2026-07-17T23:07:03.163+0530] {logging_mixin.py:190} INFO - [2026-07-17T23:07:03.162+0530] {dag.py:3239} INFO - Sync 1 DAGs
[2026-07-17T23:07:03.165+0530] {logging_mixin.py:190} INFO - [2026-07-17T23:07:03.165+0530] {dag.py:4180} INFO - Setting next_dagrun for example_python_decorator to None, run_after=None
[2026-07-17T23:07:03.170+0530] {processor.py:208} INFO - Processing /Users/bhavishyachallagolla/Desktop/RetailSense/.venv/lib/python3.12/site-packages/airflow/example_dags/example_python_decorator.py took 0.046 seconds
[2026-07-17T23:08:44.667+0530] {processor.py:186} INFO - Started process (PID=96303) to work on /Users/bhavishyachallagolla/Desktop/RetailSense/.venv/lib/python3.12/site-packages/airflow/example_dags/example_python_decorator.py
[2026-07-17T23:08:44.668+0530] {processor.py:914} INFO - Processing file /Users/bhavishyachallagolla/Desktop/RetailSense/.venv/lib/python3.12/site-packages/airflow/example_dags/example_python_decorator.py for tasks to queue
[2026-07-17T23:08:44.668+0530] {logging_mixin.py:190} INFO - [2026-07-17T23:08:44.668+0530] {dagbag.py:588} INFO - Filling up the DagBag from /Users/bhavishyachallagolla/Desktop/RetailSense/.venv/lib/python3.12/site-packages/airflow/example_dags/example_python_decorator.py
[2026-07-17T23:08:44.680+0530] {logging_mixin.py:190} INFO - [2026-07-17T23:08:44.680+0530] {example_python_decorator.py:80} WARNING - The virtalenv_python example task requires virtualenv, please install it.
[2026-07-17T23:08:44.680+0530] {processor.py:925} INFO - DAG(s) 'example_python_decorator' retrieved from /Users/bhavishyachallagolla/Desktop/RetailSense/.venv/lib/python3.12/site-packages/airflow/example_dags/example_python_decorator.py
[2026-07-17T23:08:44.705+0530] {logging_mixin.py:190} INFO - [2026-07-17T23:08:44.705+0530] {dag.py:3239} INFO - Sync 1 DAGs
[2026-07-17T23:08:44.707+0530] {logging_mixin.py:190} INFO - [2026-07-17T23:08:44.707+0530] {dag.py:4180} INFO - Setting next_dagrun for example_python_decorator to None, run_after=None
[2026-07-17T23:08:44.712+0530] {processor.py:208} INFO - Processing /Users/bhavishyachallagolla/Desktop/RetailSense/.venv/lib/python3.12/site-packages/airflow/example_dags/example_python_decorator.py took 0.046 seconds
[2026-07-17T23:10:22.321+0530] {processor.py:186} INFO - Started process (PID=96450) to work on /Users/bhavishyachallagolla/Desktop/RetailSense/.venv/lib/python3.12/site-packages/airflow/example_dags/example_python_decorator.py
[2026-07-17T23:10:22.321+0530] {processor.py:914} INFO - Processing file /Users/bhavishyachallagolla/Desktop/RetailSense/.venv/lib/python3.12/site-packages/airflow/example_dags/example_python_decorator.py for tasks to queue
[2026-07-17T23:10:22.322+0530] {logging_mixin.py:190} INFO - [2026-07-17T23:10:22.322+0530] {dagbag.py:588} INFO - Filling up the DagBag from /Users/bhavishyachallagolla/Desktop/RetailSense/.venv/lib/python3.12/site-packages/airflow/example_dags/example_python_decorator.py
[2026-07-17T23:10:22.334+0530] {logging_mixin.py:190} INFO - [2026-07-17T23:10:22.333+0530] {example_python_decorator.py:80} WARNING - The virtalenv_python example task requires virtualenv, please install it.
[2026-07-17T23:10:22.334+0530] {processor.py:925} INFO - DAG(s) 'example_python_decorator' retrieved from /Users/bhavishyachallagolla/Desktop/RetailSense/.venv/lib/python3.12/site-packages/airflow/example_dags/example_python_decorator.py
[2026-07-17T23:10:22.359+0530] {logging_mixin.py:190} INFO - [2026-07-17T23:10:22.359+0530] {dag.py:3239} INFO - Sync 1 DAGs
[2026-07-17T23:10:22.361+0530] {logging_mixin.py:190} INFO - [2026-07-17T23:10:22.361+0530] {dag.py:4180} INFO - Setting next_dagrun for example_python_decorator to None, run_after=None
[2026-07-17T23:10:22.366+0530] {processor.py:208} INFO - Processing /Users/bhavishyachallagolla/Desktop/RetailSense/.venv/lib/python3.12/site-packages/airflow/example_dags/example_python_decorator.py took 0.046 seconds
[2026-07-17T23:12:01.007+0530] {processor.py:186} INFO - Started process (PID=96629) to work on /Users/bhavishyachallagolla/Desktop/RetailSense/.venv/lib/python3.12/site-packages/airflow/example_dags/example_python_decorator.py
[2026-07-17T23:12:01.007+0530] {processor.py:914} INFO - Processing file /Users/bhavishyachallagolla/Desktop/RetailSense/.venv/lib/python3.12/site-packages/airflow/example_dags/example_python_decorator.py for tasks to queue
[2026-07-17T23:12:01.008+0530] {logging_mixin.py:190} INFO - [2026-07-17T23:12:01.008+0530] {dagbag.py:588} INFO - Filling up the DagBag from /Users/bhavishyachallagolla/Desktop/RetailSense/.venv/lib/python3.12/site-packages/airflow/example_dags/example_python_decorator.py
[2026-07-17T23:12:01.020+0530] {logging_mixin.py:190} INFO - [2026-07-17T23:12:01.020+0530] {example_python_decorator.py:80} WARNING - The virtalenv_python example task requires virtualenv, please install it.
[2026-07-17T23:12:01.020+0530] {processor.py:925} INFO - DAG(s) 'example_python_decorator' retrieved from /Users/bhavishyachallagolla/Desktop/RetailSense/.venv/lib/python3.12/site-packages/airflow/example_dags/example_python_decorator.py
[2026-07-17T23:12:01.045+0530] {logging_mixin.py:190} INFO - [2026-07-17T23:12:01.045+0530] {dag.py:3239} INFO - Sync 1 DAGs
[2026-07-17T23:12:01.048+0530] {logging_mixin.py:190} INFO - [2026-07-17T23:12:01.048+0530] {dag.py:4180} INFO - Setting next_dagrun for example_python_decorator to None, run_after=None
[2026-07-17T23:12:01.052+0530] {processor.py:208} INFO - Processing /Users/bhavishyachallagolla/Desktop/RetailSense/.venv/lib/python3.12/site-packages/airflow/example_dags/example_python_decorator.py took 0.047 seconds
[2026-07-17T23:13:39.307+0530] {processor.py:186} INFO - Started process (PID=96815) to work on /Users/bhavishyachallagolla/Desktop/RetailSense/.venv/lib/python3.12/site-packages/airflow/example_dags/example_python_decorator.py
[2026-07-17T23:13:39.307+0530] {processor.py:914} INFO - Processing file /Users/bhavishyachallagolla/Desktop/RetailSense/.venv/lib/python3.12/site-packages/airflow/example_dags/example_python_decorator.py for tasks to queue
[2026-07-17T23:13:39.307+0530] {logging_mixin.py:190} INFO - [2026-07-17T23:13:39.307+0530] {dagbag.py:588} INFO - Filling up the DagBag from /Users/bhavishyachallagolla/Desktop/RetailSense/.venv/lib/python3.12/site-packages/airflow/example_dags/example_python_decorator.py
[2026-07-17T23:13:39.319+0530] {logging_mixin.py:190} INFO - [2026-07-17T23:13:39.319+0530] {example_python_decorator.py:80} WARNING - The virtalenv_python example task requires virtualenv, please install it.
[2026-07-17T23:13:39.320+0530] {processor.py:925} INFO - DAG(s) 'example_python_decorator' retrieved from /Users/bhavishyachallagolla/Desktop/RetailSense/.venv/lib/python3.12/site-packages/airflow/example_dags/example_python_decorator.py
[2026-07-17T23:13:39.344+0530] {logging_mixin.py:190} INFO - [2026-07-17T23:13:39.344+0530] {dag.py:3239} INFO - Sync 1 DAGs
[2026-07-17T23:13:39.347+0530] {logging_mixin.py:190} INFO - [2026-07-17T23:13:39.347+0530] {dag.py:4180} INFO - Setting next_dagrun for example_python_decorator to None, run_after=None
[2026-07-17T23:13:39.352+0530] {processor.py:208} INFO - Processing /Users/bhavishyachallagolla/Desktop/RetailSense/.venv/lib/python3.12/site-packages/airflow/example_dags/example_python_decorator.py took 0.046 seconds
[2026-07-17T23:15:22.276+0530] {processor.py:186} INFO - Started process (PID=96980) to work on /Users/bhavishyachallagolla/Desktop/RetailSense/.venv/lib/python3.12/site-packages/airflow/example_dags/example_python_decorator.py
[2026-07-17T23:15:22.277+0530] {processor.py:914} INFO - Processing file /Users/bhavishyachallagolla/Desktop/RetailSense/.venv/lib/python3.12/site-packages/airflow/example_dags/example_python_decorator.py for tasks to queue
[2026-07-17T23:15:22.277+0530] {logging_mixin.py:190} INFO - [2026-07-17T23:15:22.277+0530] {dagbag.py:588} INFO - Filling up the DagBag from /Users/bhavishyachallagolla/Desktop/RetailSense/.venv/lib/python3.12/site-packages/airflow/example_dags/example_python_decorator.py
[2026-07-17T23:15:22.289+0530] {logging_mixin.py:190} INFO - [2026-07-17T23:15:22.289+0530] {example_python_decorator.py:80} WARNING - The virtalenv_python example task requires virtualenv, please install it.
[2026-07-17T23:15:22.290+0530] {processor.py:925} INFO - DAG(s) 'example_python_decorator' retrieved from /Users/bhavishyachallagolla/Desktop/RetailSense/.venv/lib/python3.12/site-packages/airflow/example_dags/example_python_decorator.py
[2026-07-17T23:15:22.314+0530] {logging_mixin.py:190} INFO - [2026-07-17T23:15:22.314+0530] {dag.py:3239} INFO - Sync 1 DAGs
[2026-07-17T23:15:22.317+0530] {logging_mixin.py:190} INFO - [2026-07-17T23:15:22.317+0530] {dag.py:4180} INFO - Setting next_dagrun for example_python_decorator to None, run_after=None
[2026-07-17T23:15:22.322+0530] {processor.py:208} INFO - Processing /Users/bhavishyachallagolla/Desktop/RetailSense/.venv/lib/python3.12/site-packages/airflow/example_dags/example_python_decorator.py took 0.046 seconds
[2026-07-17T23:17:04.570+0530] {processor.py:186} INFO - Started process (PID=97204) to work on /Users/bhavishyachallagolla/Desktop/RetailSense/.venv/lib/python3.12/site-packages/airflow/example_dags/example_python_decorator.py
[2026-07-17T23:17:04.570+0530] {processor.py:914} INFO - Processing file /Users/bhavishyachallagolla/Desktop/RetailSense/.venv/lib/python3.12/site-packages/airflow/example_dags/example_python_decorator.py for tasks to queue
[2026-07-17T23:17:04.571+0530] {logging_mixin.py:190} INFO - [2026-07-17T23:17:04.571+0530] {dagbag.py:588} INFO - Filling up the DagBag from /Users/bhavishyachallagolla/Desktop/RetailSense/.venv/lib/python3.12/site-packages/airflow/example_dags/example_python_decorator.py
[2026-07-17T23:17:04.583+0530] {logging_mixin.py:190} INFO - [2026-07-17T23:17:04.583+0530] {example_python_decorator.py:80} WARNING - The virtalenv_python example task requires virtualenv, please install it.
[2026-07-17T23:17:04.584+0530] {processor.py:925} INFO - DAG(s) 'example_python_decorator' retrieved from /Users/bhavishyachallagolla/Desktop/RetailSense/.venv/lib/python3.12/site-packages/airflow/example_dags/example_python_decorator.py
[2026-07-17T23:17:04.610+0530] {logging_mixin.py:190} INFO - [2026-07-17T23:17:04.609+0530] {dag.py:3239} INFO - Sync 1 DAGs
[2026-07-17T23:17:04.612+0530] {logging_mixin.py:190} INFO - [2026-07-17T23:17:04.612+0530] {dag.py:4180} INFO - Setting next_dagrun for example_python_decorator to None, run_after=None
[2026-07-17T23:17:04.618+0530] {processor.py:208} INFO - Processing /Users/bhavishyachallagolla/Desktop/RetailSense/.venv/lib/python3.12/site-packages/airflow/example_dags/example_python_decorator.py took 0.049 seconds
[2026-07-17T23:18:47.058+0530] {processor.py:186} INFO - Started process (PID=97394) to work on /Users/bhavishyachallagolla/Desktop/RetailSense/.venv/lib/python3.12/site-packages/airflow/example_dags/example_python_decorator.py
[2026-07-17T23:18:47.058+0530] {processor.py:914} INFO - Processing file /Users/bhavishyachallagolla/Desktop/RetailSense/.venv/lib/python3.12/site-packages/airflow/example_dags/example_python_decorator.py for tasks to queue
[2026-07-17T23:18:47.058+0530] {logging_mixin.py:190} INFO - [2026-07-17T23:18:47.058+0530] {dagbag.py:588} INFO - Filling up the DagBag from /Users/bhavishyachallagolla/Desktop/RetailSense/.venv/lib/python3.12/site-packages/airflow/example_dags/example_python_decorator.py
[2026-07-17T23:18:47.070+0530] {logging_mixin.py:190} INFO - [2026-07-17T23:18:47.070+0530] {example_python_decorator.py:80} WARNING - The virtalenv_python example task requires virtualenv, please install it.
[2026-07-17T23:18:47.070+0530] {processor.py:925} INFO - DAG(s) 'example_python_decorator' retrieved from /Users/bhavishyachallagolla/Desktop/RetailSense/.venv/lib/python3.12/site-packages/airflow/example_dags/example_python_decorator.py
[2026-07-17T23:18:47.095+0530] {logging_mixin.py:190} INFO - [2026-07-17T23:18:47.095+0530] {dag.py:3239} INFO - Sync 1 DAGs
[2026-07-17T23:18:47.098+0530] {logging_mixin.py:190} INFO - [2026-07-17T23:18:47.098+0530] {dag.py:4180} INFO - Setting next_dagrun for example_python_decorator to None, run_after=None
[2026-07-17T23:18:47.103+0530] {processor.py:208} INFO - Processing /Users/bhavishyachallagolla/Desktop/RetailSense/.venv/lib/python3.12/site-packages/airflow/example_dags/example_python_decorator.py took 0.046 seconds
[2026-07-17T23:20:28.050+0530] {processor.py:186} INFO - Started process (PID=97544) to work on /Users/bhavishyachallagolla/Desktop/RetailSense/.venv/lib/python3.12/site-packages/airflow/example_dags/example_python_decorator.py
[2026-07-17T23:20:28.051+0530] {processor.py:914} INFO - Processing file /Users/bhavishyachallagolla/Desktop/RetailSense/.venv/lib/python3.12/site-packages/airflow/example_dags/example_python_decorator.py for tasks to queue
[2026-07-17T23:20:28.051+0530] {logging_mixin.py:190} INFO - [2026-07-17T23:20:28.051+0530] {dagbag.py:588} INFO - Filling up the DagBag from /Users/bhavishyachallagolla/Desktop/RetailSense/.venv/lib/python3.12/site-packages/airflow/example_dags/example_python_decorator.py
[2026-07-17T23:20:28.063+0530] {logging_mixin.py:190} INFO - [2026-07-17T23:20:28.063+0530] {example_python_decorator.py:80} WARNING - The virtalenv_python example task requires virtualenv, please install it.
[2026-07-17T23:20:28.064+0530] {processor.py:925} INFO - DAG(s) 'example_python_decorator' retrieved from /Users/bhavishyachallagolla/Desktop/RetailSense/.venv/lib/python3.12/site-packages/airflow/example_dags/example_python_decorator.py
[2026-07-17T23:20:28.088+0530] {logging_mixin.py:190} INFO - [2026-07-17T23:20:28.088+0530] {dag.py:3239} INFO - Sync 1 DAGs
[2026-07-17T23:20:28.091+0530] {logging_mixin.py:190} INFO - [2026-07-17T23:20:28.091+0530] {dag.py:4180} INFO - Setting next_dagrun for example_python_decorator to None, run_after=None
[2026-07-17T23:20:28.096+0530] {processor.py:208} INFO - Processing /Users/bhavishyachallagolla/Desktop/RetailSense/.venv/lib/python3.12/site-packages/airflow/example_dags/example_python_decorator.py took 0.047 seconds
[2026-07-17T23:22:08.918+0530] {processor.py:186} INFO - Started process (PID=97695) to work on /Users/bhavishyachallagolla/Desktop/RetailSense/.venv/lib/python3.12/site-packages/airflow/example_dags/example_python_decorator.py
[2026-07-17T23:22:08.918+0530] {processor.py:914} INFO - Processing file /Users/bhavishyachallagolla/Desktop/RetailSense/.venv/lib/python3.12/site-packages/airflow/example_dags/example_python_decorator.py for tasks to queue
[2026-07-17T23:22:08.918+0530] {logging_mixin.py:190} INFO - [2026-07-17T23:22:08.918+0530] {dagbag.py:588} INFO - Filling up the DagBag from /Users/bhavishyachallagolla/Desktop/RetailSense/.venv/lib/python3.12/site-packages/airflow/example_dags/example_python_decorator.py
[2026-07-17T23:22:08.930+0530] {logging_mixin.py:190} INFO - [2026-07-17T23:22:08.930+0530] {example_python_decorator.py:80} WARNING - The virtalenv_python example task requires virtualenv, please install it.
[2026-07-17T23:22:08.931+0530] {processor.py:925} INFO - DAG(s) 'example_python_decorator' retrieved from /Users/bhavishyachallagolla/Desktop/RetailSense/.venv/lib/python3.12/site-packages/airflow/example_dags/example_python_decorator.py
[2026-07-17T23:22:08.955+0530] {logging_mixin.py:190} INFO - [2026-07-17T23:22:08.955+0530] {dag.py:3239} INFO - Sync 1 DAGs
[2026-07-17T23:22:08.958+0530] {logging_mixin.py:190} INFO - [2026-07-17T23:22:08.958+0530] {dag.py:4180} INFO - Setting next_dagrun for example_python_decorator to None, run_after=None
[2026-07-17T23:22:08.962+0530] {processor.py:208} INFO - Processing /Users/bhavishyachallagolla/Desktop/RetailSense/.venv/lib/python3.12/site-packages/airflow/example_dags/example_python_decorator.py took 0.045 seconds
[2026-07-17T23:23:50.159+0530] {processor.py:186} INFO - Started process (PID=97846) to work on /Users/bhavishyachallagolla/Desktop/RetailSense/.venv/lib/python3.12/site-packages/airflow/example_dags/example_python_decorator.py
[2026-07-17T23:23:50.160+0530] {processor.py:914} INFO - Processing file /Users/bhavishyachallagolla/Desktop/RetailSense/.venv/lib/python3.12/site-packages/airflow/example_dags/example_python_decorator.py for tasks to queue
[2026-07-17T23:23:50.160+0530] {logging_mixin.py:190} INFO - [2026-07-17T23:23:50.160+0530] {dagbag.py:588} INFO - Filling up the DagBag from /Users/bhavishyachallagolla/Desktop/RetailSense/.venv/lib/python3.12/site-packages/airflow/example_dags/example_python_decorator.py
[2026-07-17T23:23:50.172+0530] {logging_mixin.py:190} INFO - [2026-07-17T23:23:50.172+0530] {example_python_decorator.py:80} WARNING - The virtalenv_python example task requires virtualenv, please install it.
[2026-07-17T23:23:50.172+0530] {processor.py:925} INFO - DAG(s) 'example_python_decorator' retrieved from /Users/bhavishyachallagolla/Desktop/RetailSense/.venv/lib/python3.12/site-packages/airflow/example_dags/example_python_decorator.py
[2026-07-17T23:23:50.197+0530] {logging_mixin.py:190} INFO - [2026-07-17T23:23:50.197+0530] {dag.py:3239} INFO - Sync 1 DAGs
[2026-07-17T23:23:50.200+0530] {logging_mixin.py:190} INFO - [2026-07-17T23:23:50.200+0530] {dag.py:4180} INFO - Setting next_dagrun for example_python_decorator to None, run_after=None
[2026-07-17T23:23:50.205+0530] {processor.py:208} INFO - Processing /Users/bhavishyachallagolla/Desktop/RetailSense/.venv/lib/python3.12/site-packages/airflow/example_dags/example_python_decorator.py took 0.046 seconds
[2026-07-17T23:25:30.380+0530] {processor.py:186} INFO - Started process (PID=97998) to work on /Users/bhavishyachallagolla/Desktop/RetailSense/.venv/lib/python3.12/site-packages/airflow/example_dags/example_python_decorator.py
[2026-07-17T23:25:30.380+0530] {processor.py:914} INFO - Processing file /Users/bhavishyachallagolla/Desktop/RetailSense/.venv/lib/python3.12/site-packages/airflow/example_dags/example_python_decorator.py for tasks to queue
[2026-07-17T23:25:30.380+0530] {logging_mixin.py:190} INFO - [2026-07-17T23:25:30.380+0530] {dagbag.py:588} INFO - Filling up the DagBag from /Users/bhavishyachallagolla/Desktop/RetailSense/.venv/lib/python3.12/site-packages/airflow/example_dags/example_python_decorator.py
[2026-07-17T23:25:30.392+0530] {logging_mixin.py:190} INFO - [2026-07-17T23:25:30.392+0530] {example_python_decorator.py:80} WARNING - The virtalenv_python example task requires virtualenv, please install it.
[2026-07-17T23:25:30.393+0530] {processor.py:925} INFO - DAG(s) 'example_python_decorator' retrieved from /Users/bhavishyachallagolla/Desktop/RetailSense/.venv/lib/python3.12/site-packages/airflow/example_dags/example_python_decorator.py
[2026-07-17T23:25:30.417+0530] {logging_mixin.py:190} INFO - [2026-07-17T23:25:30.417+0530] {dag.py:3239} INFO - Sync 1 DAGs
[2026-07-17T23:25:30.420+0530] {logging_mixin.py:190} INFO - [2026-07-17T23:25:30.420+0530] {dag.py:4180} INFO - Setting next_dagrun for example_python_decorator to None, run_after=None
[2026-07-17T23:25:30.424+0530] {processor.py:208} INFO - Processing /Users/bhavishyachallagolla/Desktop/RetailSense/.venv/lib/python3.12/site-packages/airflow/example_dags/example_python_decorator.py took 0.046 seconds
[2026-07-17T23:27:12.831+0530] {processor.py:186} INFO - Started process (PID=98155) to work on /Users/bhavishyachallagolla/Desktop/RetailSense/.venv/lib/python3.12/site-packages/airflow/example_dags/example_python_decorator.py
[2026-07-17T23:27:12.832+0530] {processor.py:914} INFO - Processing file /Users/bhavishyachallagolla/Desktop/RetailSense/.venv/lib/python3.12/site-packages/airflow/example_dags/example_python_decorator.py for tasks to queue
[2026-07-17T23:27:12.832+0530] {logging_mixin.py:190} INFO - [2026-07-17T23:27:12.832+0530] {dagbag.py:588} INFO - Filling up the DagBag from /Users/bhavishyachallagolla/Desktop/RetailSense/.venv/lib/python3.12/site-packages/airflow/example_dags/example_python_decorator.py
[2026-07-17T23:27:12.843+0530] {logging_mixin.py:190} INFO - [2026-07-17T23:27:12.843+0530] {example_python_decorator.py:80} WARNING - The virtalenv_python example task requires virtualenv, please install it.
[2026-07-17T23:27:12.844+0530] {processor.py:925} INFO - DAG(s) 'example_python_decorator' retrieved from /Users/bhavishyachallagolla/Desktop/RetailSense/.venv/lib/python3.12/site-packages/airflow/example_dags/example_python_decorator.py
[2026-07-17T23:27:12.868+0530] {logging_mixin.py:190} INFO - [2026-07-17T23:27:12.868+0530] {dag.py:3239} INFO - Sync 1 DAGs
[2026-07-17T23:27:12.871+0530] {logging_mixin.py:190} INFO - [2026-07-17T23:27:12.871+0530] {dag.py:4180} INFO - Setting next_dagrun for example_python_decorator to None, run_after=None
[2026-07-17T23:27:12.876+0530] {processor.py:208} INFO - Processing /Users/bhavishyachallagolla/Desktop/RetailSense/.venv/lib/python3.12/site-packages/airflow/example_dags/example_python_decorator.py took 0.045 seconds
[2026-07-17T23:28:55.094+0530] {processor.py:186} INFO - Started process (PID=98310) to work on /Users/bhavishyachallagolla/Desktop/RetailSense/.venv/lib/python3.12/site-packages/airflow/example_dags/example_python_decorator.py
[2026-07-17T23:28:55.095+0530] {processor.py:914} INFO - Processing file /Users/bhavishyachallagolla/Desktop/RetailSense/.venv/lib/python3.12/site-packages/airflow/example_dags/example_python_decorator.py for tasks to queue
[2026-07-17T23:28:55.095+0530] {logging_mixin.py:190} INFO - [2026-07-17T23:28:55.095+0530] {dagbag.py:588} INFO - Filling up the DagBag from /Users/bhavishyachallagolla/Desktop/RetailSense/.venv/lib/python3.12/site-packages/airflow/example_dags/example_python_decorator.py
[2026-07-17T23:28:55.107+0530] {logging_mixin.py:190} INFO - [2026-07-17T23:28:55.107+0530] {example_python_decorator.py:80} WARNING - The virtalenv_python example task requires virtualenv, please install it.
[2026-07-17T23:28:55.108+0530] {processor.py:925} INFO - DAG(s) 'example_python_decorator' retrieved from /Users/bhavishyachallagolla/Desktop/RetailSense/.venv/lib/python3.12/site-packages/airflow/example_dags/example_python_decorator.py
[2026-07-17T23:28:55.133+0530] {logging_mixin.py:190} INFO - [2026-07-17T23:28:55.133+0530] {dag.py:3239} INFO - Sync 1 DAGs
[2026-07-17T23:28:55.136+0530] {logging_mixin.py:190} INFO - [2026-07-17T23:28:55.136+0530] {dag.py:4180} INFO - Setting next_dagrun for example_python_decorator to None, run_after=None
[2026-07-17T23:28:55.141+0530] {processor.py:208} INFO - Processing /Users/bhavishyachallagolla/Desktop/RetailSense/.venv/lib/python3.12/site-packages/airflow/example_dags/example_python_decorator.py took 0.048 seconds
[2026-07-17T23:30:36.258+0530] {processor.py:186} INFO - Started process (PID=98493) to work on /Users/bhavishyachallagolla/Desktop/RetailSense/.venv/lib/python3.12/site-packages/airflow/example_dags/example_python_decorator.py
[2026-07-17T23:30:36.258+0530] {processor.py:914} INFO - Processing file /Users/bhavishyachallagolla/Desktop/RetailSense/.venv/lib/python3.12/site-packages/airflow/example_dags/example_python_decorator.py for tasks to queue
[2026-07-17T23:30:36.259+0530] {logging_mixin.py:190} INFO - [2026-07-17T23:30:36.259+0530] {dagbag.py:588} INFO - Filling up the DagBag from /Users/bhavishyachallagolla/Desktop/RetailSense/.venv/lib/python3.12/site-packages/airflow/example_dags/example_python_decorator.py
[2026-07-17T23:30:36.271+0530] {logging_mixin.py:190} INFO - [2026-07-17T23:30:36.271+0530] {example_python_decorator.py:80} WARNING - The virtalenv_python example task requires virtualenv, please install it.
[2026-07-17T23:30:36.271+0530] {processor.py:925} INFO - DAG(s) 'example_python_decorator' retrieved from /Users/bhavishyachallagolla/Desktop/RetailSense/.venv/lib/python3.12/site-packages/airflow/example_dags/example_python_decorator.py
[2026-07-17T23:30:36.296+0530] {logging_mixin.py:190} INFO - [2026-07-17T23:30:36.296+0530] {dag.py:3239} INFO - Sync 1 DAGs
[2026-07-17T23:30:36.298+0530] {logging_mixin.py:190} INFO - [2026-07-17T23:30:36.298+0530] {dag.py:4180} INFO - Setting next_dagrun for example_python_decorator to None, run_after=None
[2026-07-17T23:30:36.303+0530] {processor.py:208} INFO - Processing /Users/bhavishyachallagolla/Desktop/RetailSense/.venv/lib/python3.12/site-packages/airflow/example_dags/example_python_decorator.py took 0.046 seconds
[2026-07-17T23:32:25.754+0530] {processor.py:186} INFO - Started process (PID=98671) to work on /Users/bhavishyachallagolla/Desktop/RetailSense/.venv/lib/python3.12/site-packages/airflow/example_dags/example_python_decorator.py
[2026-07-17T23:32:25.755+0530] {processor.py:914} INFO - Processing file /Users/bhavishyachallagolla/Desktop/RetailSense/.venv/lib/python3.12/site-packages/airflow/example_dags/example_python_decorator.py for tasks to queue
[2026-07-17T23:32:25.755+0530] {logging_mixin.py:190} INFO - [2026-07-17T23:32:25.755+0530] {dagbag.py:588} INFO - Filling up the DagBag from /Users/bhavishyachallagolla/Desktop/RetailSense/.venv/lib/python3.12/site-packages/airflow/example_dags/example_python_decorator.py
[2026-07-17T23:32:25.768+0530] {logging_mixin.py:190} INFO - [2026-07-17T23:32:25.768+0530] {example_python_decorator.py:80} WARNING - The virtalenv_python example task requires virtualenv, please install it.
[2026-07-17T23:32:25.768+0530] {processor.py:925} INFO - DAG(s) 'example_python_decorator' retrieved from /Users/bhavishyachallagolla/Desktop/RetailSense/.venv/lib/python3.12/site-packages/airflow/example_dags/example_python_decorator.py
[2026-07-17T23:32:25.794+0530] {logging_mixin.py:190} INFO - [2026-07-17T23:32:25.794+0530] {dag.py:3239} INFO - Sync 1 DAGs
[2026-07-17T23:32:25.797+0530] {logging_mixin.py:190} INFO - [2026-07-17T23:32:25.797+0530] {dag.py:4180} INFO - Setting next_dagrun for example_python_decorator to None, run_after=None
[2026-07-17T23:32:25.802+0530] {processor.py:208} INFO - Processing /Users/bhavishyachallagolla/Desktop/RetailSense/.venv/lib/python3.12/site-packages/airflow/example_dags/example_python_decorator.py took 0.049 seconds
[2026-07-17T23:34:13.621+0530] {processor.py:186} INFO - Started process (PID=98848) to work on /Users/bhavishyachallagolla/Desktop/RetailSense/.venv/lib/python3.12/site-packages/airflow/example_dags/example_python_decorator.py
[2026-07-17T23:34:13.621+0530] {processor.py:914} INFO - Processing file /Users/bhavishyachallagolla/Desktop/RetailSense/.venv/lib/python3.12/site-packages/airflow/example_dags/example_python_decorator.py for tasks to queue
[2026-07-17T23:34:13.621+0530] {logging_mixin.py:190} INFO - [2026-07-17T23:34:13.621+0530] {dagbag.py:588} INFO - Filling up the DagBag from /Users/bhavishyachallagolla/Desktop/RetailSense/.venv/lib/python3.12/site-packages/airflow/example_dags/example_python_decorator.py
[2026-07-17T23:34:13.633+0530] {logging_mixin.py:190} INFO - [2026-07-17T23:34:13.633+0530] {example_python_decorator.py:80} WARNING - The virtalenv_python example task requires virtualenv, please install it.
[2026-07-17T23:34:13.634+0530] {processor.py:925} INFO - DAG(s) 'example_python_decorator' retrieved from /Users/bhavishyachallagolla/Desktop/RetailSense/.venv/lib/python3.12/site-packages/airflow/example_dags/example_python_decorator.py
[2026-07-17T23:34:13.659+0530] {logging_mixin.py:190} INFO - [2026-07-17T23:34:13.659+0530] {dag.py:3239} INFO - Sync 1 DAGs
[2026-07-17T23:34:13.661+0530] {logging_mixin.py:190} INFO - [2026-07-17T23:34:13.661+0530] {dag.py:4180} INFO - Setting next_dagrun for example_python_decorator to None, run_after=None
[2026-07-17T23:34:13.667+0530] {processor.py:208} INFO - Processing /Users/bhavishyachallagolla/Desktop/RetailSense/.venv/lib/python3.12/site-packages/airflow/example_dags/example_python_decorator.py took 0.047 seconds
[2026-07-17T23:35:56.967+0530] {processor.py:186} INFO - Started process (PID=99001) to work on /Users/bhavishyachallagolla/Desktop/RetailSense/.venv/lib/python3.12/site-packages/airflow/example_dags/example_python_decorator.py
[2026-07-17T23:35:56.968+0530] {processor.py:914} INFO - Processing file /Users/bhavishyachallagolla/Desktop/RetailSense/.venv/lib/python3.12/site-packages/airflow/example_dags/example_python_decorator.py for tasks to queue
[2026-07-17T23:35:56.968+0530] {logging_mixin.py:190} INFO - [2026-07-17T23:35:56.968+0530] {dagbag.py:588} INFO - Filling up the DagBag from /Users/bhavishyachallagolla/Desktop/RetailSense/.venv/lib/python3.12/site-packages/airflow/example_dags/example_python_decorator.py
[2026-07-17T23:35:56.979+0530] {logging_mixin.py:190} INFO - [2026-07-17T23:35:56.979+0530] {example_python_decorator.py:80} WARNING - The virtalenv_python example task requires virtualenv, please install it.
[2026-07-17T23:35:56.980+0530] {processor.py:925} INFO - DAG(s) 'example_python_decorator' retrieved from /Users/bhavishyachallagolla/Desktop/RetailSense/.venv/lib/python3.12/site-packages/airflow/example_dags/example_python_decorator.py
[2026-07-17T23:35:57.004+0530] {logging_mixin.py:190} INFO - [2026-07-17T23:35:57.004+0530] {dag.py:3239} INFO - Sync 1 DAGs
[2026-07-17T23:35:57.006+0530] {logging_mixin.py:190} INFO - [2026-07-17T23:35:57.006+0530] {dag.py:4180} INFO - Setting next_dagrun for example_python_decorator to None, run_after=None
[2026-07-17T23:35:57.011+0530] {processor.py:208} INFO - Processing /Users/bhavishyachallagolla/Desktop/RetailSense/.venv/lib/python3.12/site-packages/airflow/example_dags/example_python_decorator.py took 0.045 seconds
[2026-07-17T23:37:37.686+0530] {processor.py:186} INFO - Started process (PID=99153) to work on /Users/bhavishyachallagolla/Desktop/RetailSense/.venv/lib/python3.12/site-packages/airflow/example_dags/example_python_decorator.py
[2026-07-17T23:37:37.686+0530] {processor.py:914} INFO - Processing file /Users/bhavishyachallagolla/Desktop/RetailSense/.venv/lib/python3.12/site-packages/airflow/example_dags/example_python_decorator.py for tasks to queue
[2026-07-17T23:37:37.686+0530] {logging_mixin.py:190} INFO - [2026-07-17T23:37:37.686+0530] {dagbag.py:588} INFO - Filling up the DagBag from /Users/bhavishyachallagolla/Desktop/RetailSense/.venv/lib/python3.12/site-packages/airflow/example_dags/example_python_decorator.py
[2026-07-17T23:37:37.698+0530] {logging_mixin.py:190} INFO - [2026-07-17T23:37:37.698+0530] {example_python_decorator.py:80} WARNING - The virtalenv_python example task requires virtualenv, please install it.
[2026-07-17T23:37:37.699+0530] {processor.py:925} INFO - DAG(s) 'example_python_decorator' retrieved from /Users/bhavishyachallagolla/Desktop/RetailSense/.venv/lib/python3.12/site-packages/airflow/example_dags/example_python_decorator.py
[2026-07-17T23:37:37.724+0530] {logging_mixin.py:190} INFO - [2026-07-17T23:37:37.723+0530] {dag.py:3239} INFO - Sync 1 DAGs
[2026-07-17T23:37:37.726+0530] {logging_mixin.py:190} INFO - [2026-07-17T23:37:37.726+0530] {dag.py:4180} INFO - Setting next_dagrun for example_python_decorator to None, run_after=None
[2026-07-17T23:37:37.731+0530] {processor.py:208} INFO - Processing /Users/bhavishyachallagolla/Desktop/RetailSense/.venv/lib/python3.12/site-packages/airflow/example_dags/example_python_decorator.py took 0.046 seconds
[2026-07-17T23:39:20.383+0530] {processor.py:186} INFO - Started process (PID=99315) to work on /Users/bhavishyachallagolla/Desktop/RetailSense/.venv/lib/python3.12/site-packages/airflow/example_dags/example_python_decorator.py
[2026-07-17T23:39:20.383+0530] {processor.py:914} INFO - Processing file /Users/bhavishyachallagolla/Desktop/RetailSense/.venv/lib/python3.12/site-packages/airflow/example_dags/example_python_decorator.py for tasks to queue
[2026-07-17T23:39:20.383+0530] {logging_mixin.py:190} INFO - [2026-07-17T23:39:20.383+0530] {dagbag.py:588} INFO - Filling up the DagBag from /Users/bhavishyachallagolla/Desktop/RetailSense/.venv/lib/python3.12/site-packages/airflow/example_dags/example_python_decorator.py
[2026-07-17T23:39:20.395+0530] {logging_mixin.py:190} INFO - [2026-07-17T23:39:20.395+0530] {example_python_decorator.py:80} WARNING - The virtalenv_python example task requires virtualenv, please install it.
[2026-07-17T23:39:20.396+0530] {processor.py:925} INFO - DAG(s) 'example_python_decorator' retrieved from /Users/bhavishyachallagolla/Desktop/RetailSense/.venv/lib/python3.12/site-packages/airflow/example_dags/example_python_decorator.py
[2026-07-17T23:39:20.421+0530] {logging_mixin.py:190} INFO - [2026-07-17T23:39:20.421+0530] {dag.py:3239} INFO - Sync 1 DAGs
[2026-07-17T23:39:20.424+0530] {logging_mixin.py:190} INFO - [2026-07-17T23:39:20.424+0530] {dag.py:4180} INFO - Setting next_dagrun for example_python_decorator to None, run_after=None
[2026-07-17T23:39:20.429+0530] {processor.py:208} INFO - Processing /Users/bhavishyachallagolla/Desktop/RetailSense/.venv/lib/python3.12/site-packages/airflow/example_dags/example_python_decorator.py took 0.047 seconds
[2026-07-17T23:41:01.009+0530] {processor.py:186} INFO - Started process (PID=99471) to work on /Users/bhavishyachallagolla/Desktop/RetailSense/.venv/lib/python3.12/site-packages/airflow/example_dags/example_python_decorator.py
[2026-07-17T23:41:01.010+0530] {processor.py:914} INFO - Processing file /Users/bhavishyachallagolla/Desktop/RetailSense/.venv/lib/python3.12/site-packages/airflow/example_dags/example_python_decorator.py for tasks to queue
[2026-07-17T23:41:01.010+0530] {logging_mixin.py:190} INFO - [2026-07-17T23:41:01.010+0530] {dagbag.py:588} INFO - Filling up the DagBag from /Users/bhavishyachallagolla/Desktop/RetailSense/.venv/lib/python3.12/site-packages/airflow/example_dags/example_python_decorator.py
[2026-07-17T23:41:01.024+0530] {logging_mixin.py:190} INFO - [2026-07-17T23:41:01.024+0530] {example_python_decorator.py:80} WARNING - The virtalenv_python example task requires virtualenv, please install it.
[2026-07-17T23:41:01.024+0530] {processor.py:925} INFO - DAG(s) 'example_python_decorator' retrieved from /Users/bhavishyachallagolla/Desktop/RetailSense/.venv/lib/python3.12/site-packages/airflow/example_dags/example_python_decorator.py
[2026-07-17T23:41:01.051+0530] {logging_mixin.py:190} INFO - [2026-07-17T23:41:01.050+0530] {dag.py:3239} INFO - Sync 1 DAGs
[2026-07-17T23:41:01.054+0530] {logging_mixin.py:190} INFO - [2026-07-17T23:41:01.054+0530] {dag.py:4180} INFO - Setting next_dagrun for example_python_decorator to None, run_after=None
[2026-07-17T23:41:01.059+0530] {processor.py:208} INFO - Processing /Users/bhavishyachallagolla/Desktop/RetailSense/.venv/lib/python3.12/site-packages/airflow/example_dags/example_python_decorator.py took 0.051 seconds
[2026-07-17T23:42:44.202+0530] {processor.py:186} INFO - Started process (PID=99629) to work on /Users/bhavishyachallagolla/Desktop/RetailSense/.venv/lib/python3.12/site-packages/airflow/example_dags/example_python_decorator.py
[2026-07-17T23:42:44.202+0530] {processor.py:914} INFO - Processing file /Users/bhavishyachallagolla/Desktop/RetailSense/.venv/lib/python3.12/site-packages/airflow/example_dags/example_python_decorator.py for tasks to queue
[2026-07-17T23:42:44.202+0530] {logging_mixin.py:190} INFO - [2026-07-17T23:42:44.202+0530] {dagbag.py:588} INFO - Filling up the DagBag from /Users/bhavishyachallagolla/Desktop/RetailSense/.venv/lib/python3.12/site-packages/airflow/example_dags/example_python_decorator.py
[2026-07-17T23:42:44.214+0530] {logging_mixin.py:190} INFO - [2026-07-17T23:42:44.214+0530] {example_python_decorator.py:80} WARNING - The virtalenv_python example task requires virtualenv, please install it.
[2026-07-17T23:42:44.215+0530] {processor.py:925} INFO - DAG(s) 'example_python_decorator' retrieved from /Users/bhavishyachallagolla/Desktop/RetailSense/.venv/lib/python3.12/site-packages/airflow/example_dags/example_python_decorator.py
[2026-07-17T23:42:44.239+0530] {logging_mixin.py:190} INFO - [2026-07-17T23:42:44.239+0530] {dag.py:3239} INFO - Sync 1 DAGs
[2026-07-17T23:42:44.242+0530] {logging_mixin.py:190} INFO - [2026-07-17T23:42:44.242+0530] {dag.py:4180} INFO - Setting next_dagrun for example_python_decorator to None, run_after=None
[2026-07-17T23:42:44.247+0530] {processor.py:208} INFO - Processing /Users/bhavishyachallagolla/Desktop/RetailSense/.venv/lib/python3.12/site-packages/airflow/example_dags/example_python_decorator.py took 0.046 seconds
[2026-07-17T23:44:27.307+0530] {processor.py:186} INFO - Started process (PID=99782) to work on /Users/bhavishyachallagolla/Desktop/RetailSense/.venv/lib/python3.12/site-packages/airflow/example_dags/example_python_decorator.py
[2026-07-17T23:44:27.309+0530] {processor.py:914} INFO - Processing file /Users/bhavishyachallagolla/Desktop/RetailSense/.venv/lib/python3.12/site-packages/airflow/example_dags/example_python_decorator.py for tasks to queue
[2026-07-17T23:44:27.309+0530] {logging_mixin.py:190} INFO - [2026-07-17T23:44:27.309+0530] {dagbag.py:588} INFO - Filling up the DagBag from /Users/bhavishyachallagolla/Desktop/RetailSense/.venv/lib/python3.12/site-packages/airflow/example_dags/example_python_decorator.py
[2026-07-17T23:44:27.321+0530] {logging_mixin.py:190} INFO - [2026-07-17T23:44:27.321+0530] {example_python_decorator.py:80} WARNING - The virtalenv_python example task requires virtualenv, please install it.
[2026-07-17T23:44:27.321+0530] {processor.py:925} INFO - DAG(s) 'example_python_decorator' retrieved from /Users/bhavishyachallagolla/Desktop/RetailSense/.venv/lib/python3.12/site-packages/airflow/example_dags/example_python_decorator.py
[2026-07-17T23:44:27.346+0530] {logging_mixin.py:190} INFO - [2026-07-17T23:44:27.346+0530] {dag.py:3239} INFO - Sync 1 DAGs
[2026-07-17T23:44:27.348+0530] {logging_mixin.py:190} INFO - [2026-07-17T23:44:27.348+0530] {dag.py:4180} INFO - Setting next_dagrun for example_python_decorator to None, run_after=None
[2026-07-17T23:44:27.353+0530] {processor.py:208} INFO - Processing /Users/bhavishyachallagolla/Desktop/RetailSense/.venv/lib/python3.12/site-packages/airflow/example_dags/example_python_decorator.py took 0.046 seconds
[2026-07-17T23:46:10.769+0530] {processor.py:186} INFO - Started process (PID=99940) to work on /Users/bhavishyachallagolla/Desktop/RetailSense/.venv/lib/python3.12/site-packages/airflow/example_dags/example_python_decorator.py
[2026-07-17T23:46:10.769+0530] {processor.py:914} INFO - Processing file /Users/bhavishyachallagolla/Desktop/RetailSense/.venv/lib/python3.12/site-packages/airflow/example_dags/example_python_decorator.py for tasks to queue
[2026-07-17T23:46:10.770+0530] {logging_mixin.py:190} INFO - [2026-07-17T23:46:10.770+0530] {dagbag.py:588} INFO - Filling up the DagBag from /Users/bhavishyachallagolla/Desktop/RetailSense/.venv/lib/python3.12/site-packages/airflow/example_dags/example_python_decorator.py
[2026-07-17T23:46:10.781+0530] {logging_mixin.py:190} INFO - [2026-07-17T23:46:10.781+0530] {example_python_decorator.py:80} WARNING - The virtalenv_python example task requires virtualenv, please install it.
[2026-07-17T23:46:10.782+0530] {processor.py:925} INFO - DAG(s) 'example_python_decorator' retrieved from /Users/bhavishyachallagolla/Desktop/RetailSense/.venv/lib/python3.12/site-packages/airflow/example_dags/example_python_decorator.py
[2026-07-17T23:46:10.806+0530] {logging_mixin.py:190} INFO - [2026-07-17T23:46:10.806+0530] {dag.py:3239} INFO - Sync 1 DAGs
[2026-07-17T23:46:10.809+0530] {logging_mixin.py:190} INFO - [2026-07-17T23:46:10.809+0530] {dag.py:4180} INFO - Setting next_dagrun for example_python_decorator to None, run_after=None
[2026-07-17T23:46:10.814+0530] {processor.py:208} INFO - Processing /Users/bhavishyachallagolla/Desktop/RetailSense/.venv/lib/python3.12/site-packages/airflow/example_dags/example_python_decorator.py took 0.046 seconds
[2026-07-17T23:48:09.330+0530] {processor.py:186} INFO - Started process (PID=224) to work on /Users/bhavishyachallagolla/Desktop/RetailSense/.venv/lib/python3.12/site-packages/airflow/example_dags/example_python_decorator.py
[2026-07-17T23:48:09.330+0530] {processor.py:914} INFO - Processing file /Users/bhavishyachallagolla/Desktop/RetailSense/.venv/lib/python3.12/site-packages/airflow/example_dags/example_python_decorator.py for tasks to queue
[2026-07-17T23:48:09.331+0530] {logging_mixin.py:190} INFO - [2026-07-17T23:48:09.331+0530] {dagbag.py:588} INFO - Filling up the DagBag from /Users/bhavishyachallagolla/Desktop/RetailSense/.venv/lib/python3.12/site-packages/airflow/example_dags/example_python_decorator.py
[2026-07-17T23:48:09.343+0530] {logging_mixin.py:190} INFO - [2026-07-17T23:48:09.343+0530] {example_python_decorator.py:80} WARNING - The virtalenv_python example task requires virtualenv, please install it.
[2026-07-17T23:48:09.343+0530] {processor.py:925} INFO - DAG(s) 'example_python_decorator' retrieved from /Users/bhavishyachallagolla/Desktop/RetailSense/.venv/lib/python3.12/site-packages/airflow/example_dags/example_python_decorator.py
[2026-07-17T23:48:09.368+0530] {logging_mixin.py:190} INFO - [2026-07-17T23:48:09.368+0530] {dag.py:3239} INFO - Sync 1 DAGs
[2026-07-17T23:48:09.371+0530] {logging_mixin.py:190} INFO - [2026-07-17T23:48:09.371+0530] {dag.py:4180} INFO - Setting next_dagrun for example_python_decorator to None, run_after=None
[2026-07-17T23:48:09.375+0530] {processor.py:208} INFO - Processing /Users/bhavishyachallagolla/Desktop/RetailSense/.venv/lib/python3.12/site-packages/airflow/example_dags/example_python_decorator.py took 0.046 seconds
[2026-07-17T23:49:54.749+0530] {processor.py:186} INFO - Started process (PID=436) to work on /Users/bhavishyachallagolla/Desktop/RetailSense/.venv/lib/python3.12/site-packages/airflow/example_dags/example_python_decorator.py
[2026-07-17T23:49:54.750+0530] {processor.py:914} INFO - Processing file /Users/bhavishyachallagolla/Desktop/RetailSense/.venv/lib/python3.12/site-packages/airflow/example_dags/example_python_decorator.py for tasks to queue
[2026-07-17T23:49:54.750+0530] {logging_mixin.py:190} INFO - [2026-07-17T23:49:54.750+0530] {dagbag.py:588} INFO - Filling up the DagBag from /Users/bhavishyachallagolla/Desktop/RetailSense/.venv/lib/python3.12/site-packages/airflow/example_dags/example_python_decorator.py
[2026-07-17T23:49:54.761+0530] {logging_mixin.py:190} INFO - [2026-07-17T23:49:54.761+0530] {example_python_decorator.py:80} WARNING - The virtalenv_python example task requires virtualenv, please install it.
[2026-07-17T23:49:54.762+0530] {processor.py:925} INFO - DAG(s) 'example_python_decorator' retrieved from /Users/bhavishyachallagolla/Desktop/RetailSense/.venv/lib/python3.12/site-packages/airflow/example_dags/example_python_decorator.py
[2026-07-17T23:49:54.786+0530] {logging_mixin.py:190} INFO - [2026-07-17T23:49:54.786+0530] {dag.py:3239} INFO - Sync 1 DAGs
[2026-07-17T23:49:54.789+0530] {logging_mixin.py:190} INFO - [2026-07-17T23:49:54.789+0530] {dag.py:4180} INFO - Setting next_dagrun for example_python_decorator to None, run_after=None
[2026-07-17T23:49:54.793+0530] {processor.py:208} INFO - Processing /Users/bhavishyachallagolla/Desktop/RetailSense/.venv/lib/python3.12/site-packages/airflow/example_dags/example_python_decorator.py took 0.045 seconds
[2026-07-17T23:51:38.685+0530] {processor.py:186} INFO - Started process (PID=663) to work on /Users/bhavishyachallagolla/Desktop/RetailSense/.venv/lib/python3.12/site-packages/airflow/example_dags/example_python_decorator.py
[2026-07-17T23:51:38.685+0530] {processor.py:914} INFO - Processing file /Users/bhavishyachallagolla/Desktop/RetailSense/.venv/lib/python3.12/site-packages/airflow/example_dags/example_python_decorator.py for tasks to queue
[2026-07-17T23:51:38.685+0530] {logging_mixin.py:190} INFO - [2026-07-17T23:51:38.685+0530] {dagbag.py:588} INFO - Filling up the DagBag from /Users/bhavishyachallagolla/Desktop/RetailSense/.venv/lib/python3.12/site-packages/airflow/example_dags/example_python_decorator.py
[2026-07-17T23:51:38.697+0530] {logging_mixin.py:190} INFO - [2026-07-17T23:51:38.697+0530] {example_python_decorator.py:80} WARNING - The virtalenv_python example task requires virtualenv, please install it.
[2026-07-17T23:51:38.697+0530] {processor.py:925} INFO - DAG(s) 'example_python_decorator' retrieved from /Users/bhavishyachallagolla/Desktop/RetailSense/.venv/lib/python3.12/site-packages/airflow/example_dags/example_python_decorator.py
[2026-07-17T23:51:38.721+0530] {logging_mixin.py:190} INFO - [2026-07-17T23:51:38.721+0530] {dag.py:3239} INFO - Sync 1 DAGs
[2026-07-17T23:51:38.724+0530] {logging_mixin.py:190} INFO - [2026-07-17T23:51:38.724+0530] {dag.py:4180} INFO - Setting next_dagrun for example_python_decorator to None, run_after=None
[2026-07-17T23:51:38.729+0530] {processor.py:208} INFO - Processing /Users/bhavishyachallagolla/Desktop/RetailSense/.venv/lib/python3.12/site-packages/airflow/example_dags/example_python_decorator.py took 0.045 seconds
[2026-07-17T23:53:28.496+0530] {processor.py:186} INFO - Started process (PID=909) to work on /Users/bhavishyachallagolla/Desktop/RetailSense/.venv/lib/python3.12/site-packages/airflow/example_dags/example_python_decorator.py
[2026-07-17T23:53:28.497+0530] {processor.py:914} INFO - Processing file /Users/bhavishyachallagolla/Desktop/RetailSense/.venv/lib/python3.12/site-packages/airflow/example_dags/example_python_decorator.py for tasks to queue
[2026-07-17T23:53:28.498+0530] {logging_mixin.py:190} INFO - [2026-07-17T23:53:28.498+0530] {dagbag.py:588} INFO - Filling up the DagBag from /Users/bhavishyachallagolla/Desktop/RetailSense/.venv/lib/python3.12/site-packages/airflow/example_dags/example_python_decorator.py
[2026-07-17T23:53:28.510+0530] {logging_mixin.py:190} INFO - [2026-07-17T23:53:28.509+0530] {example_python_decorator.py:80} WARNING - The virtalenv_python example task requires virtualenv, please install it.
[2026-07-17T23:53:28.510+0530] {processor.py:925} INFO - DAG(s) 'example_python_decorator' retrieved from /Users/bhavishyachallagolla/Desktop/RetailSense/.venv/lib/python3.12/site-packages/airflow/example_dags/example_python_decorator.py
[2026-07-17T23:53:28.535+0530] {logging_mixin.py:190} INFO - [2026-07-17T23:53:28.535+0530] {dag.py:3239} INFO - Sync 1 DAGs
[2026-07-17T23:53:28.538+0530] {logging_mixin.py:190} INFO - [2026-07-17T23:53:28.538+0530] {dag.py:4180} INFO - Setting next_dagrun for example_python_decorator to None, run_after=None
[2026-07-17T23:53:28.542+0530] {processor.py:208} INFO - Processing /Users/bhavishyachallagolla/Desktop/RetailSense/.venv/lib/python3.12/site-packages/airflow/example_dags/example_python_decorator.py took 0.047 seconds
[2026-07-17T23:55:22.771+0530] {processor.py:186} INFO - Started process (PID=1112) to work on /Users/bhavishyachallagolla/Desktop/RetailSense/.venv/lib/python3.12/site-packages/airflow/example_dags/example_python_decorator.py
[2026-07-17T23:55:22.771+0530] {processor.py:914} INFO - Processing file /Users/bhavishyachallagolla/Desktop/RetailSense/.venv/lib/python3.12/site-packages/airflow/example_dags/example_python_decorator.py for tasks to queue
[2026-07-17T23:55:22.772+0530] {logging_mixin.py:190} INFO - [2026-07-17T23:55:22.772+0530] {dagbag.py:588} INFO - Filling up the DagBag from /Users/bhavishyachallagolla/Desktop/RetailSense/.venv/lib/python3.12/site-packages/airflow/example_dags/example_python_decorator.py
[2026-07-17T23:55:22.784+0530] {logging_mixin.py:190} INFO - [2026-07-17T23:55:22.784+0530] {example_python_decorator.py:80} WARNING - The virtalenv_python example task requires virtualenv, please install it.
[2026-07-17T23:55:22.785+0530] {processor.py:925} INFO - DAG(s) 'example_python_decorator' retrieved from /Users/bhavishyachallagolla/Desktop/RetailSense/.venv/lib/python3.12/site-packages/airflow/example_dags/example_python_decorator.py
[2026-07-17T23:55:22.811+0530] {logging_mixin.py:190} INFO - [2026-07-17T23:55:22.811+0530] {dag.py:3239} INFO - Sync 1 DAGs
[2026-07-17T23:55:22.814+0530] {logging_mixin.py:190} INFO - [2026-07-17T23:55:22.814+0530] {dag.py:4180} INFO - Setting next_dagrun for example_python_decorator to None, run_after=None
[2026-07-17T23:55:22.819+0530] {processor.py:208} INFO - Processing /Users/bhavishyachallagolla/Desktop/RetailSense/.venv/lib/python3.12/site-packages/airflow/example_dags/example_python_decorator.py took 0.049 seconds
