[2026-07-17T20:10:46.213+0530] {processor.py:186} INFO - Started process (PID=87344) to work on /Users/bhavishyachallagolla/Desktop/RetailSense/.venv/lib/python3.12/site-packages/airflow/example_dags/example_dag_decorator.py
[2026-07-17T20:10:46.214+0530] {processor.py:914} INFO - Processing file /Users/bhavishyachallagolla/Desktop/RetailSense/.venv/lib/python3.12/site-packages/airflow/example_dags/example_dag_decorator.py for tasks to queue
[2026-07-17T20:10:46.214+0530] {logging_mixin.py:190} INFO - [2026-07-17T20:10:46.214+0530] {dagbag.py:588} INFO - Filling up the DagBag from /Users/bhavishyachallagolla/Desktop/RetailSense/.venv/lib/python3.12/site-packages/airflow/example_dags/example_dag_decorator.py
[2026-07-17T20:10:46.277+0530] {processor.py:925} INFO - DAG(s) 'example_dag_decorator' retrieved from /Users/bhavishyachallagolla/Desktop/RetailSense/.venv/lib/python3.12/site-packages/airflow/example_dags/example_dag_decorator.py
[2026-07-17T20:10:46.342+0530] {logging_mixin.py:190} INFO - [2026-07-17T20:10:46.342+0530] {dag.py:3239} INFO - Sync 1 DAGs
[2026-07-17T20:10:46.345+0530] {logging_mixin.py:190} INFO - [2026-07-17T20:10:46.345+0530] {dag.py:4180} INFO - Setting next_dagrun for example_dag_decorator to None, run_after=None
[2026-07-17T20:10:46.351+0530] {processor.py:208} INFO - Processing /Users/bhavishyachallagolla/Desktop/RetailSense/.venv/lib/python3.12/site-packages/airflow/example_dags/example_dag_decorator.py took 0.139 seconds
[2026-07-17T20:12:26.234+0530] {processor.py:186} INFO - Started process (PID=87494) to work on /Users/bhavishyachallagolla/Desktop/RetailSense/.venv/lib/python3.12/site-packages/airflow/example_dags/example_dag_decorator.py
[2026-07-17T20:12:26.234+0530] {processor.py:914} INFO - Processing file /Users/bhavishyachallagolla/Desktop/RetailSense/.venv/lib/python3.12/site-packages/airflow/example_dags/example_dag_decorator.py for tasks to queue
[2026-07-17T20:12:26.235+0530] {logging_mixin.py:190} INFO - [2026-07-17T20:12:26.234+0530] {dagbag.py:588} INFO - Filling up the DagBag from /Users/bhavishyachallagolla/Desktop/RetailSense/.venv/lib/python3.12/site-packages/airflow/example_dags/example_dag_decorator.py
[2026-07-17T20:12:26.280+0530] {processor.py:925} INFO - DAG(s) 'example_dag_decorator' retrieved from /Users/bhavishyachallagolla/Desktop/RetailSense/.venv/lib/python3.12/site-packages/airflow/example_dags/example_dag_decorator.py
[2026-07-17T20:12:26.345+0530] {logging_mixin.py:190} INFO - [2026-07-17T20:12:26.345+0530] {dag.py:3239} INFO - Sync 1 DAGs
[2026-07-17T20:12:26.348+0530] {logging_mixin.py:190} INFO - [2026-07-17T20:12:26.348+0530] {dag.py:4180} INFO - Setting next_dagrun for example_dag_decorator to None, run_after=None
[2026-07-17T20:12:26.353+0530] {processor.py:208} INFO - Processing /Users/bhavishyachallagolla/Desktop/RetailSense/.venv/lib/python3.12/site-packages/airflow/example_dags/example_dag_decorator.py took 0.120 seconds
[2026-07-17T20:14:06.318+0530] {processor.py:186} INFO - Started process (PID=87647) to work on /Users/bhavishyachallagolla/Desktop/RetailSense/.venv/lib/python3.12/site-packages/airflow/example_dags/example_dag_decorator.py
[2026-07-17T20:14:06.319+0530] {processor.py:914} INFO - Processing file /Users/bhavishyachallagolla/Desktop/RetailSense/.venv/lib/python3.12/site-packages/airflow/example_dags/example_dag_decorator.py for tasks to queue
[2026-07-17T20:14:06.319+0530] {logging_mixin.py:190} INFO - [2026-07-17T20:14:06.319+0530] {dagbag.py:588} INFO - Filling up the DagBag from /Users/bhavishyachallagolla/Desktop/RetailSense/.venv/lib/python3.12/site-packages/airflow/example_dags/example_dag_decorator.py
[2026-07-17T20:14:06.384+0530] {processor.py:925} INFO - DAG(s) 'example_dag_decorator' retrieved from /Users/bhavishyachallagolla/Desktop/RetailSense/.venv/lib/python3.12/site-packages/airflow/example_dags/example_dag_decorator.py
[2026-07-17T20:14:06.464+0530] {logging_mixin.py:190} INFO - [2026-07-17T20:14:06.464+0530] {dag.py:3239} INFO - Sync 1 DAGs
[2026-07-17T20:14:06.466+0530] {logging_mixin.py:190} INFO - [2026-07-17T20:14:06.466+0530] {dag.py:4180} INFO - Setting next_dagrun for example_dag_decorator to None, run_after=None
[2026-07-17T20:14:06.471+0530] {processor.py:208} INFO - Processing /Users/bhavishyachallagolla/Desktop/RetailSense/.venv/lib/python3.12/site-packages/airflow/example_dags/example_dag_decorator.py took 0.155 seconds
[2026-07-17T20:15:46.220+0530] {processor.py:186} INFO - Started process (PID=87813) to work on /Users/bhavishyachallagolla/Desktop/RetailSense/.venv/lib/python3.12/site-packages/airflow/example_dags/example_dag_decorator.py
[2026-07-17T20:15:46.221+0530] {processor.py:914} INFO - Processing file /Users/bhavishyachallagolla/Desktop/RetailSense/.venv/lib/python3.12/site-packages/airflow/example_dags/example_dag_decorator.py for tasks to queue
[2026-07-17T20:15:46.221+0530] {logging_mixin.py:190} INFO - [2026-07-17T20:15:46.221+0530] {dagbag.py:588} INFO - Filling up the DagBag from /Users/bhavishyachallagolla/Desktop/RetailSense/.venv/lib/python3.12/site-packages/airflow/example_dags/example_dag_decorator.py
[2026-07-17T20:15:46.287+0530] {processor.py:925} INFO - DAG(s) 'example_dag_decorator' retrieved from /Users/bhavishyachallagolla/Desktop/RetailSense/.venv/lib/python3.12/site-packages/airflow/example_dags/example_dag_decorator.py
[2026-07-17T20:15:46.365+0530] {logging_mixin.py:190} INFO - [2026-07-17T20:15:46.365+0530] {dag.py:3239} INFO - Sync 1 DAGs
[2026-07-17T20:15:46.368+0530] {logging_mixin.py:190} INFO - [2026-07-17T20:15:46.368+0530] {dag.py:4180} INFO - Setting next_dagrun for example_dag_decorator to None, run_after=None
[2026-07-17T20:15:46.373+0530] {processor.py:208} INFO - Processing /Users/bhavishyachallagolla/Desktop/RetailSense/.venv/lib/python3.12/site-packages/airflow/example_dags/example_dag_decorator.py took 0.154 seconds
[2026-07-17T20:17:24.777+0530] {processor.py:186} INFO - Started process (PID=87960) to work on /Users/bhavishyachallagolla/Desktop/RetailSense/.venv/lib/python3.12/site-packages/airflow/example_dags/example_dag_decorator.py
[2026-07-17T20:17:24.777+0530] {processor.py:914} INFO - Processing file /Users/bhavishyachallagolla/Desktop/RetailSense/.venv/lib/python3.12/site-packages/airflow/example_dags/example_dag_decorator.py for tasks to queue
[2026-07-17T20:17:24.777+0530] {logging_mixin.py:190} INFO - [2026-07-17T20:17:24.777+0530] {dagbag.py:588} INFO - Filling up the DagBag from /Users/bhavishyachallagolla/Desktop/RetailSense/.venv/lib/python3.12/site-packages/airflow/example_dags/example_dag_decorator.py
[2026-07-17T20:17:24.824+0530] {processor.py:925} INFO - DAG(s) 'example_dag_decorator' retrieved from /Users/bhavishyachallagolla/Desktop/RetailSense/.venv/lib/python3.12/site-packages/airflow/example_dags/example_dag_decorator.py
[2026-07-17T20:17:24.891+0530] {logging_mixin.py:190} INFO - [2026-07-17T20:17:24.891+0530] {dag.py:3239} INFO - Sync 1 DAGs
[2026-07-17T20:17:24.894+0530] {logging_mixin.py:190} INFO - [2026-07-17T20:17:24.894+0530] {dag.py:4180} INFO - Setting next_dagrun for example_dag_decorator to None, run_after=None
[2026-07-17T20:17:24.899+0530] {processor.py:208} INFO - Processing /Users/bhavishyachallagolla/Desktop/RetailSense/.venv/lib/python3.12/site-packages/airflow/example_dags/example_dag_decorator.py took 0.123 seconds
[2026-07-17T20:19:05.777+0530] {processor.py:186} INFO - Started process (PID=88115) to work on /Users/bhavishyachallagolla/Desktop/RetailSense/.venv/lib/python3.12/site-packages/airflow/example_dags/example_dag_decorator.py
[2026-07-17T20:19:05.778+0530] {processor.py:914} INFO - Processing file /Users/bhavishyachallagolla/Desktop/RetailSense/.venv/lib/python3.12/site-packages/airflow/example_dags/example_dag_decorator.py for tasks to queue
[2026-07-17T20:19:05.778+0530] {logging_mixin.py:190} INFO - [2026-07-17T20:19:05.778+0530] {dagbag.py:588} INFO - Filling up the DagBag from /Users/bhavishyachallagolla/Desktop/RetailSense/.venv/lib/python3.12/site-packages/airflow/example_dags/example_dag_decorator.py
[2026-07-17T20:19:05.823+0530] {processor.py:925} INFO - DAG(s) 'example_dag_decorator' retrieved from /Users/bhavishyachallagolla/Desktop/RetailSense/.venv/lib/python3.12/site-packages/airflow/example_dags/example_dag_decorator.py
[2026-07-17T20:19:05.888+0530] {logging_mixin.py:190} INFO - [2026-07-17T20:19:05.888+0530] {dag.py:3239} INFO - Sync 1 DAGs
[2026-07-17T20:19:05.891+0530] {logging_mixin.py:190} INFO - [2026-07-17T20:19:05.891+0530] {dag.py:4180} INFO - Setting next_dagrun for example_dag_decorator to None, run_after=None
[2026-07-17T20:19:05.896+0530] {processor.py:208} INFO - Processing /Users/bhavishyachallagolla/Desktop/RetailSense/.venv/lib/python3.12/site-packages/airflow/example_dags/example_dag_decorator.py took 0.120 seconds
[2026-07-17T20:20:44.081+0530] {processor.py:186} INFO - Started process (PID=88281) to work on /Users/bhavishyachallagolla/Desktop/RetailSense/.venv/lib/python3.12/site-packages/airflow/example_dags/example_dag_decorator.py
[2026-07-17T20:20:44.082+0530] {processor.py:914} INFO - Processing file /Users/bhavishyachallagolla/Desktop/RetailSense/.venv/lib/python3.12/site-packages/airflow/example_dags/example_dag_decorator.py for tasks to queue
[2026-07-17T20:20:44.082+0530] {logging_mixin.py:190} INFO - [2026-07-17T20:20:44.082+0530] {dagbag.py:588} INFO - Filling up the DagBag from /Users/bhavishyachallagolla/Desktop/RetailSense/.venv/lib/python3.12/site-packages/airflow/example_dags/example_dag_decorator.py
[2026-07-17T20:20:44.148+0530] {processor.py:925} INFO - DAG(s) 'example_dag_decorator' retrieved from /Users/bhavishyachallagolla/Desktop/RetailSense/.venv/lib/python3.12/site-packages/airflow/example_dags/example_dag_decorator.py
[2026-07-17T20:20:44.227+0530] {logging_mixin.py:190} INFO - [2026-07-17T20:20:44.227+0530] {dag.py:3239} INFO - Sync 1 DAGs
[2026-07-17T20:20:44.230+0530] {logging_mixin.py:190} INFO - [2026-07-17T20:20:44.229+0530] {dag.py:4180} INFO - Setting next_dagrun for example_dag_decorator to None, run_after=None
[2026-07-17T20:20:44.235+0530] {processor.py:208} INFO - Processing /Users/bhavishyachallagolla/Desktop/RetailSense/.venv/lib/python3.12/site-packages/airflow/example_dags/example_dag_decorator.py took 0.155 seconds
[2026-07-17T20:22:25.159+0530] {processor.py:186} INFO - Started process (PID=88435) to work on /Users/bhavishyachallagolla/Desktop/RetailSense/.venv/lib/python3.12/site-packages/airflow/example_dags/example_dag_decorator.py
[2026-07-17T20:22:25.161+0530] {processor.py:914} INFO - Processing file /Users/bhavishyachallagolla/Desktop/RetailSense/.venv/lib/python3.12/site-packages/airflow/example_dags/example_dag_decorator.py for tasks to queue
[2026-07-17T20:22:25.161+0530] {logging_mixin.py:190} INFO - [2026-07-17T20:22:25.161+0530] {dagbag.py:588} INFO - Filling up the DagBag from /Users/bhavishyachallagolla/Desktop/RetailSense/.venv/lib/python3.12/site-packages/airflow/example_dags/example_dag_decorator.py
[2026-07-17T20:22:25.227+0530] {processor.py:925} INFO - DAG(s) 'example_dag_decorator' retrieved from /Users/bhavishyachallagolla/Desktop/RetailSense/.venv/lib/python3.12/site-packages/airflow/example_dags/example_dag_decorator.py
[2026-07-17T20:22:25.308+0530] {logging_mixin.py:190} INFO - [2026-07-17T20:22:25.308+0530] {dag.py:3239} INFO - Sync 1 DAGs
[2026-07-17T20:22:25.311+0530] {logging_mixin.py:190} INFO - [2026-07-17T20:22:25.311+0530] {dag.py:4180} INFO - Setting next_dagrun for example_dag_decorator to None, run_after=None
[2026-07-17T20:22:25.316+0530] {processor.py:208} INFO - Processing /Users/bhavishyachallagolla/Desktop/RetailSense/.venv/lib/python3.12/site-packages/airflow/example_dags/example_dag_decorator.py took 0.158 seconds
[2026-07-17T20:24:06.286+0530] {processor.py:186} INFO - Started process (PID=88592) to work on /Users/bhavishyachallagolla/Desktop/RetailSense/.venv/lib/python3.12/site-packages/airflow/example_dags/example_dag_decorator.py
[2026-07-17T20:24:06.287+0530] {processor.py:914} INFO - Processing file /Users/bhavishyachallagolla/Desktop/RetailSense/.venv/lib/python3.12/site-packages/airflow/example_dags/example_dag_decorator.py for tasks to queue
[2026-07-17T20:24:06.287+0530] {logging_mixin.py:190} INFO - [2026-07-17T20:24:06.287+0530] {dagbag.py:588} INFO - Filling up the DagBag from /Users/bhavishyachallagolla/Desktop/RetailSense/.venv/lib/python3.12/site-packages/airflow/example_dags/example_dag_decorator.py
[2026-07-17T20:24:06.360+0530] {processor.py:925} INFO - DAG(s) 'example_dag_decorator' retrieved from /Users/bhavishyachallagolla/Desktop/RetailSense/.venv/lib/python3.12/site-packages/airflow/example_dags/example_dag_decorator.py
[2026-07-17T20:24:06.445+0530] {logging_mixin.py:190} INFO - [2026-07-17T20:24:06.445+0530] {dag.py:3239} INFO - Sync 1 DAGs
[2026-07-17T20:24:06.448+0530] {logging_mixin.py:190} INFO - [2026-07-17T20:24:06.448+0530] {dag.py:4180} INFO - Setting next_dagrun for example_dag_decorator to None, run_after=None
[2026-07-17T20:24:06.453+0530] {processor.py:208} INFO - Processing /Users/bhavishyachallagolla/Desktop/RetailSense/.venv/lib/python3.12/site-packages/airflow/example_dags/example_dag_decorator.py took 0.168 seconds
[2026-07-17T20:25:47.228+0530] {processor.py:186} INFO - Started process (PID=88742) to work on /Users/bhavishyachallagolla/Desktop/RetailSense/.venv/lib/python3.12/site-packages/airflow/example_dags/example_dag_decorator.py
[2026-07-17T20:25:47.229+0530] {processor.py:914} INFO - Processing file /Users/bhavishyachallagolla/Desktop/RetailSense/.venv/lib/python3.12/site-packages/airflow/example_dags/example_dag_decorator.py for tasks to queue
[2026-07-17T20:25:47.230+0530] {logging_mixin.py:190} INFO - [2026-07-17T20:25:47.230+0530] {dagbag.py:588} INFO - Filling up the DagBag from /Users/bhavishyachallagolla/Desktop/RetailSense/.venv/lib/python3.12/site-packages/airflow/example_dags/example_dag_decorator.py
[2026-07-17T20:25:47.295+0530] {processor.py:925} INFO - DAG(s) 'example_dag_decorator' retrieved from /Users/bhavishyachallagolla/Desktop/RetailSense/.venv/lib/python3.12/site-packages/airflow/example_dags/example_dag_decorator.py
[2026-07-17T20:25:47.375+0530] {logging_mixin.py:190} INFO - [2026-07-17T20:25:47.375+0530] {dag.py:3239} INFO - Sync 1 DAGs
[2026-07-17T20:25:47.378+0530] {logging_mixin.py:190} INFO - [2026-07-17T20:25:47.378+0530] {dag.py:4180} INFO - Setting next_dagrun for example_dag_decorator to None, run_after=None
[2026-07-17T20:25:47.383+0530] {processor.py:208} INFO - Processing /Users/bhavishyachallagolla/Desktop/RetailSense/.venv/lib/python3.12/site-packages/airflow/example_dags/example_dag_decorator.py took 0.156 seconds
[2026-07-17T20:27:28.163+0530] {processor.py:186} INFO - Started process (PID=88910) to work on /Users/bhavishyachallagolla/Desktop/RetailSense/.venv/lib/python3.12/site-packages/airflow/example_dags/example_dag_decorator.py
[2026-07-17T20:27:28.164+0530] {processor.py:914} INFO - Processing file /Users/bhavishyachallagolla/Desktop/RetailSense/.venv/lib/python3.12/site-packages/airflow/example_dags/example_dag_decorator.py for tasks to queue
[2026-07-17T20:27:28.165+0530] {logging_mixin.py:190} INFO - [2026-07-17T20:27:28.165+0530] {dagbag.py:588} INFO - Filling up the DagBag from /Users/bhavishyachallagolla/Desktop/RetailSense/.venv/lib/python3.12/site-packages/airflow/example_dags/example_dag_decorator.py
[2026-07-17T20:27:28.229+0530] {processor.py:925} INFO - DAG(s) 'example_dag_decorator' retrieved from /Users/bhavishyachallagolla/Desktop/RetailSense/.venv/lib/python3.12/site-packages/airflow/example_dags/example_dag_decorator.py
[2026-07-17T20:27:28.295+0530] {logging_mixin.py:190} INFO - [2026-07-17T20:27:28.295+0530] {dag.py:3239} INFO - Sync 1 DAGs
[2026-07-17T20:27:28.297+0530] {logging_mixin.py:190} INFO - [2026-07-17T20:27:28.297+0530] {dag.py:4180} INFO - Setting next_dagrun for example_dag_decorator to None, run_after=None
[2026-07-17T20:27:28.303+0530] {processor.py:208} INFO - Processing /Users/bhavishyachallagolla/Desktop/RetailSense/.venv/lib/python3.12/site-packages/airflow/example_dags/example_dag_decorator.py took 0.140 seconds
[2026-07-17T20:29:04.876+0530] {processor.py:186} INFO - Started process (PID=89058) to work on /Users/bhavishyachallagolla/Desktop/RetailSense/.venv/lib/python3.12/site-packages/airflow/example_dags/example_dag_decorator.py
[2026-07-17T20:29:04.877+0530] {processor.py:914} INFO - Processing file /Users/bhavishyachallagolla/Desktop/RetailSense/.venv/lib/python3.12/site-packages/airflow/example_dags/example_dag_decorator.py for tasks to queue
[2026-07-17T20:29:04.877+0530] {logging_mixin.py:190} INFO - [2026-07-17T20:29:04.877+0530] {dagbag.py:588} INFO - Filling up the DagBag from /Users/bhavishyachallagolla/Desktop/RetailSense/.venv/lib/python3.12/site-packages/airflow/example_dags/example_dag_decorator.py
[2026-07-17T20:29:04.924+0530] {processor.py:925} INFO - DAG(s) 'example_dag_decorator' retrieved from /Users/bhavishyachallagolla/Desktop/RetailSense/.venv/lib/python3.12/site-packages/airflow/example_dags/example_dag_decorator.py
[2026-07-17T20:29:04.991+0530] {logging_mixin.py:190} INFO - [2026-07-17T20:29:04.991+0530] {dag.py:3239} INFO - Sync 1 DAGs
[2026-07-17T20:29:04.994+0530] {logging_mixin.py:190} INFO - [2026-07-17T20:29:04.994+0530] {dag.py:4180} INFO - Setting next_dagrun for example_dag_decorator to None, run_after=None
[2026-07-17T20:29:04.999+0530] {processor.py:208} INFO - Processing /Users/bhavishyachallagolla/Desktop/RetailSense/.venv/lib/python3.12/site-packages/airflow/example_dags/example_dag_decorator.py took 0.124 seconds
[2026-07-17T20:30:44.338+0530] {processor.py:186} INFO - Started process (PID=89215) to work on /Users/bhavishyachallagolla/Desktop/RetailSense/.venv/lib/python3.12/site-packages/airflow/example_dags/example_dag_decorator.py
[2026-07-17T20:30:44.340+0530] {processor.py:914} INFO - Processing file /Users/bhavishyachallagolla/Desktop/RetailSense/.venv/lib/python3.12/site-packages/airflow/example_dags/example_dag_decorator.py for tasks to queue
[2026-07-17T20:30:44.340+0530] {logging_mixin.py:190} INFO - [2026-07-17T20:30:44.340+0530] {dagbag.py:588} INFO - Filling up the DagBag from /Users/bhavishyachallagolla/Desktop/RetailSense/.venv/lib/python3.12/site-packages/airflow/example_dags/example_dag_decorator.py
[2026-07-17T20:30:44.406+0530] {processor.py:925} INFO - DAG(s) 'example_dag_decorator' retrieved from /Users/bhavishyachallagolla/Desktop/RetailSense/.venv/lib/python3.12/site-packages/airflow/example_dags/example_dag_decorator.py
[2026-07-17T20:30:44.485+0530] {logging_mixin.py:190} INFO - [2026-07-17T20:30:44.485+0530] {dag.py:3239} INFO - Sync 1 DAGs
[2026-07-17T20:30:44.488+0530] {logging_mixin.py:190} INFO - [2026-07-17T20:30:44.487+0530] {dag.py:4180} INFO - Setting next_dagrun for example_dag_decorator to None, run_after=None
[2026-07-17T20:30:44.493+0530] {processor.py:208} INFO - Processing /Users/bhavishyachallagolla/Desktop/RetailSense/.venv/lib/python3.12/site-packages/airflow/example_dags/example_dag_decorator.py took 0.155 seconds
[2026-07-17T20:32:25.468+0530] {processor.py:186} INFO - Started process (PID=89365) to work on /Users/bhavishyachallagolla/Desktop/RetailSense/.venv/lib/python3.12/site-packages/airflow/example_dags/example_dag_decorator.py
[2026-07-17T20:32:25.468+0530] {processor.py:914} INFO - Processing file /Users/bhavishyachallagolla/Desktop/RetailSense/.venv/lib/python3.12/site-packages/airflow/example_dags/example_dag_decorator.py for tasks to queue
[2026-07-17T20:32:25.469+0530] {logging_mixin.py:190} INFO - [2026-07-17T20:32:25.468+0530] {dagbag.py:588} INFO - Filling up the DagBag from /Users/bhavishyachallagolla/Desktop/RetailSense/.venv/lib/python3.12/site-packages/airflow/example_dags/example_dag_decorator.py
[2026-07-17T20:32:25.514+0530] {processor.py:925} INFO - DAG(s) 'example_dag_decorator' retrieved from /Users/bhavishyachallagolla/Desktop/RetailSense/.venv/lib/python3.12/site-packages/airflow/example_dags/example_dag_decorator.py
[2026-07-17T20:32:25.581+0530] {logging_mixin.py:190} INFO - [2026-07-17T20:32:25.580+0530] {dag.py:3239} INFO - Sync 1 DAGs
[2026-07-17T20:32:25.583+0530] {logging_mixin.py:190} INFO - [2026-07-17T20:32:25.583+0530] {dag.py:4180} INFO - Setting next_dagrun for example_dag_decorator to None, run_after=None
[2026-07-17T20:32:25.588+0530] {processor.py:208} INFO - Processing /Users/bhavishyachallagolla/Desktop/RetailSense/.venv/lib/python3.12/site-packages/airflow/example_dags/example_dag_decorator.py took 0.122 seconds
[2026-07-17T20:34:06.389+0530] {processor.py:186} INFO - Started process (PID=89515) to work on /Users/bhavishyachallagolla/Desktop/RetailSense/.venv/lib/python3.12/site-packages/airflow/example_dags/example_dag_decorator.py
[2026-07-17T20:34:06.389+0530] {processor.py:914} INFO - Processing file /Users/bhavishyachallagolla/Desktop/RetailSense/.venv/lib/python3.12/site-packages/airflow/example_dags/example_dag_decorator.py for tasks to queue
[2026-07-17T20:34:06.390+0530] {logging_mixin.py:190} INFO - [2026-07-17T20:34:06.390+0530] {dagbag.py:588} INFO - Filling up the DagBag from /Users/bhavishyachallagolla/Desktop/RetailSense/.venv/lib/python3.12/site-packages/airflow/example_dags/example_dag_decorator.py
[2026-07-17T20:34:06.436+0530] {processor.py:925} INFO - DAG(s) 'example_dag_decorator' retrieved from /Users/bhavishyachallagolla/Desktop/RetailSense/.venv/lib/python3.12/site-packages/airflow/example_dags/example_dag_decorator.py
[2026-07-17T20:34:06.504+0530] {logging_mixin.py:190} INFO - [2026-07-17T20:34:06.503+0530] {dag.py:3239} INFO - Sync 1 DAGs
[2026-07-17T20:34:06.506+0530] {logging_mixin.py:190} INFO - [2026-07-17T20:34:06.506+0530] {dag.py:4180} INFO - Setting next_dagrun for example_dag_decorator to None, run_after=None
[2026-07-17T20:34:06.512+0530] {processor.py:208} INFO - Processing /Users/bhavishyachallagolla/Desktop/RetailSense/.venv/lib/python3.12/site-packages/airflow/example_dags/example_dag_decorator.py took 0.124 seconds
[2026-07-17T20:35:46.881+0530] {processor.py:186} INFO - Started process (PID=89664) to work on /Users/bhavishyachallagolla/Desktop/RetailSense/.venv/lib/python3.12/site-packages/airflow/example_dags/example_dag_decorator.py
[2026-07-17T20:35:46.881+0530] {processor.py:914} INFO - Processing file /Users/bhavishyachallagolla/Desktop/RetailSense/.venv/lib/python3.12/site-packages/airflow/example_dags/example_dag_decorator.py for tasks to queue
[2026-07-17T20:35:46.882+0530] {logging_mixin.py:190} INFO - [2026-07-17T20:35:46.882+0530] {dagbag.py:588} INFO - Filling up the DagBag from /Users/bhavishyachallagolla/Desktop/RetailSense/.venv/lib/python3.12/site-packages/airflow/example_dags/example_dag_decorator.py
[2026-07-17T20:35:46.931+0530] {processor.py:925} INFO - DAG(s) 'example_dag_decorator' retrieved from /Users/bhavishyachallagolla/Desktop/RetailSense/.venv/lib/python3.12/site-packages/airflow/example_dags/example_dag_decorator.py
[2026-07-17T20:35:46.997+0530] {logging_mixin.py:190} INFO - [2026-07-17T20:35:46.997+0530] {dag.py:3239} INFO - Sync 1 DAGs
[2026-07-17T20:35:47.000+0530] {logging_mixin.py:190} INFO - [2026-07-17T20:35:47.000+0530] {dag.py:4180} INFO - Setting next_dagrun for example_dag_decorator to None, run_after=None
[2026-07-17T20:35:47.006+0530] {processor.py:208} INFO - Processing /Users/bhavishyachallagolla/Desktop/RetailSense/.venv/lib/python3.12/site-packages/airflow/example_dags/example_dag_decorator.py took 0.125 seconds
[2026-07-17T20:37:27.843+0530] {processor.py:186} INFO - Started process (PID=89816) to work on /Users/bhavishyachallagolla/Desktop/RetailSense/.venv/lib/python3.12/site-packages/airflow/example_dags/example_dag_decorator.py
[2026-07-17T20:37:27.844+0530] {processor.py:914} INFO - Processing file /Users/bhavishyachallagolla/Desktop/RetailSense/.venv/lib/python3.12/site-packages/airflow/example_dags/example_dag_decorator.py for tasks to queue
[2026-07-17T20:37:27.844+0530] {logging_mixin.py:190} INFO - [2026-07-17T20:37:27.844+0530] {dagbag.py:588} INFO - Filling up the DagBag from /Users/bhavishyachallagolla/Desktop/RetailSense/.venv/lib/python3.12/site-packages/airflow/example_dags/example_dag_decorator.py
[2026-07-17T20:37:27.889+0530] {processor.py:925} INFO - DAG(s) 'example_dag_decorator' retrieved from /Users/bhavishyachallagolla/Desktop/RetailSense/.venv/lib/python3.12/site-packages/airflow/example_dags/example_dag_decorator.py
[2026-07-17T20:37:27.955+0530] {logging_mixin.py:190} INFO - [2026-07-17T20:37:27.955+0530] {dag.py:3239} INFO - Sync 1 DAGs
[2026-07-17T20:37:27.958+0530] {logging_mixin.py:190} INFO - [2026-07-17T20:37:27.958+0530] {dag.py:4180} INFO - Setting next_dagrun for example_dag_decorator to None, run_after=None
[2026-07-17T20:37:27.963+0530] {processor.py:208} INFO - Processing /Users/bhavishyachallagolla/Desktop/RetailSense/.venv/lib/python3.12/site-packages/airflow/example_dags/example_dag_decorator.py took 0.121 seconds
[2026-07-17T20:39:09.668+0530] {processor.py:186} INFO - Started process (PID=89983) to work on /Users/bhavishyachallagolla/Desktop/RetailSense/.venv/lib/python3.12/site-packages/airflow/example_dags/example_dag_decorator.py
[2026-07-17T20:39:09.670+0530] {processor.py:914} INFO - Processing file /Users/bhavishyachallagolla/Desktop/RetailSense/.venv/lib/python3.12/site-packages/airflow/example_dags/example_dag_decorator.py for tasks to queue
[2026-07-17T20:39:09.670+0530] {logging_mixin.py:190} INFO - [2026-07-17T20:39:09.670+0530] {dagbag.py:588} INFO - Filling up the DagBag from /Users/bhavishyachallagolla/Desktop/RetailSense/.venv/lib/python3.12/site-packages/airflow/example_dags/example_dag_decorator.py
[2026-07-17T20:39:09.735+0530] {processor.py:925} INFO - DAG(s) 'example_dag_decorator' retrieved from /Users/bhavishyachallagolla/Desktop/RetailSense/.venv/lib/python3.12/site-packages/airflow/example_dags/example_dag_decorator.py
[2026-07-17T20:39:09.814+0530] {logging_mixin.py:190} INFO - [2026-07-17T20:39:09.814+0530] {dag.py:3239} INFO - Sync 1 DAGs
[2026-07-17T20:39:09.816+0530] {logging_mixin.py:190} INFO - [2026-07-17T20:39:09.816+0530] {dag.py:4180} INFO - Setting next_dagrun for example_dag_decorator to None, run_after=None
[2026-07-17T20:39:09.822+0530] {processor.py:208} INFO - Processing /Users/bhavishyachallagolla/Desktop/RetailSense/.venv/lib/python3.12/site-packages/airflow/example_dags/example_dag_decorator.py took 0.154 seconds
[2026-07-17T20:40:50.493+0530] {processor.py:186} INFO - Started process (PID=90233) to work on /Users/bhavishyachallagolla/Desktop/RetailSense/.venv/lib/python3.12/site-packages/airflow/example_dags/example_dag_decorator.py
[2026-07-17T20:40:50.495+0530] {processor.py:914} INFO - Processing file /Users/bhavishyachallagolla/Desktop/RetailSense/.venv/lib/python3.12/site-packages/airflow/example_dags/example_dag_decorator.py for tasks to queue
[2026-07-17T20:40:50.495+0530] {logging_mixin.py:190} INFO - [2026-07-17T20:40:50.495+0530] {dagbag.py:588} INFO - Filling up the DagBag from /Users/bhavishyachallagolla/Desktop/RetailSense/.venv/lib/python3.12/site-packages/airflow/example_dags/example_dag_decorator.py
[2026-07-17T20:40:50.561+0530] {processor.py:925} INFO - DAG(s) 'example_dag_decorator' retrieved from /Users/bhavishyachallagolla/Desktop/RetailSense/.venv/lib/python3.12/site-packages/airflow/example_dags/example_dag_decorator.py
[2026-07-17T20:40:50.641+0530] {logging_mixin.py:190} INFO - [2026-07-17T20:40:50.641+0530] {dag.py:3239} INFO - Sync 1 DAGs
[2026-07-17T20:40:50.643+0530] {logging_mixin.py:190} INFO - [2026-07-17T20:40:50.643+0530] {dag.py:4180} INFO - Setting next_dagrun for example_dag_decorator to None, run_after=None
[2026-07-17T20:40:50.648+0530] {processor.py:208} INFO - Processing /Users/bhavishyachallagolla/Desktop/RetailSense/.venv/lib/python3.12/site-packages/airflow/example_dags/example_dag_decorator.py took 0.156 seconds
[2026-07-17T20:42:30.568+0530] {processor.py:186} INFO - Started process (PID=90400) to work on /Users/bhavishyachallagolla/Desktop/RetailSense/.venv/lib/python3.12/site-packages/airflow/example_dags/example_dag_decorator.py
[2026-07-17T20:42:30.569+0530] {processor.py:914} INFO - Processing file /Users/bhavishyachallagolla/Desktop/RetailSense/.venv/lib/python3.12/site-packages/airflow/example_dags/example_dag_decorator.py for tasks to queue
[2026-07-17T20:42:30.569+0530] {logging_mixin.py:190} INFO - [2026-07-17T20:42:30.569+0530] {dagbag.py:588} INFO - Filling up the DagBag from /Users/bhavishyachallagolla/Desktop/RetailSense/.venv/lib/python3.12/site-packages/airflow/example_dags/example_dag_decorator.py
[2026-07-17T20:42:30.635+0530] {processor.py:925} INFO - DAG(s) 'example_dag_decorator' retrieved from /Users/bhavishyachallagolla/Desktop/RetailSense/.venv/lib/python3.12/site-packages/airflow/example_dags/example_dag_decorator.py
[2026-07-17T20:42:30.714+0530] {logging_mixin.py:190} INFO - [2026-07-17T20:42:30.714+0530] {dag.py:3239} INFO - Sync 1 DAGs
[2026-07-17T20:42:30.717+0530] {logging_mixin.py:190} INFO - [2026-07-17T20:42:30.717+0530] {dag.py:4180} INFO - Setting next_dagrun for example_dag_decorator to None, run_after=None
[2026-07-17T20:42:30.722+0530] {processor.py:208} INFO - Processing /Users/bhavishyachallagolla/Desktop/RetailSense/.venv/lib/python3.12/site-packages/airflow/example_dags/example_dag_decorator.py took 0.155 seconds
[2026-07-17T20:44:09.874+0530] {processor.py:186} INFO - Started process (PID=90548) to work on /Users/bhavishyachallagolla/Desktop/RetailSense/.venv/lib/python3.12/site-packages/airflow/example_dags/example_dag_decorator.py
[2026-07-17T20:44:09.875+0530] {processor.py:914} INFO - Processing file /Users/bhavishyachallagolla/Desktop/RetailSense/.venv/lib/python3.12/site-packages/airflow/example_dags/example_dag_decorator.py for tasks to queue
[2026-07-17T20:44:09.875+0530] {logging_mixin.py:190} INFO - [2026-07-17T20:44:09.875+0530] {dagbag.py:588} INFO - Filling up the DagBag from /Users/bhavishyachallagolla/Desktop/RetailSense/.venv/lib/python3.12/site-packages/airflow/example_dags/example_dag_decorator.py
[2026-07-17T20:44:09.938+0530] {processor.py:925} INFO - DAG(s) 'example_dag_decorator' retrieved from /Users/bhavishyachallagolla/Desktop/RetailSense/.venv/lib/python3.12/site-packages/airflow/example_dags/example_dag_decorator.py
[2026-07-17T20:44:10.005+0530] {logging_mixin.py:190} INFO - [2026-07-17T20:44:10.005+0530] {dag.py:3239} INFO - Sync 1 DAGs
[2026-07-17T20:44:10.008+0530] {logging_mixin.py:190} INFO - [2026-07-17T20:44:10.007+0530] {dag.py:4180} INFO - Setting next_dagrun for example_dag_decorator to None, run_after=None
[2026-07-17T20:44:10.013+0530] {processor.py:208} INFO - Processing /Users/bhavishyachallagolla/Desktop/RetailSense/.venv/lib/python3.12/site-packages/airflow/example_dags/example_dag_decorator.py took 0.140 seconds
[2026-07-17T20:45:50.188+0530] {processor.py:186} INFO - Started process (PID=90708) to work on /Users/bhavishyachallagolla/Desktop/RetailSense/.venv/lib/python3.12/site-packages/airflow/example_dags/example_dag_decorator.py
[2026-07-17T20:45:50.188+0530] {processor.py:914} INFO - Processing file /Users/bhavishyachallagolla/Desktop/RetailSense/.venv/lib/python3.12/site-packages/airflow/example_dags/example_dag_decorator.py for tasks to queue
[2026-07-17T20:45:50.189+0530] {logging_mixin.py:190} INFO - [2026-07-17T20:45:50.189+0530] {dagbag.py:588} INFO - Filling up the DagBag from /Users/bhavishyachallagolla/Desktop/RetailSense/.venv/lib/python3.12/site-packages/airflow/example_dags/example_dag_decorator.py
[2026-07-17T20:45:50.235+0530] {processor.py:925} INFO - DAG(s) 'example_dag_decorator' retrieved from /Users/bhavishyachallagolla/Desktop/RetailSense/.venv/lib/python3.12/site-packages/airflow/example_dags/example_dag_decorator.py
[2026-07-17T20:45:50.302+0530] {logging_mixin.py:190} INFO - [2026-07-17T20:45:50.302+0530] {dag.py:3239} INFO - Sync 1 DAGs
[2026-07-17T20:45:50.304+0530] {logging_mixin.py:190} INFO - [2026-07-17T20:45:50.304+0530] {dag.py:4180} INFO - Setting next_dagrun for example_dag_decorator to None, run_after=None
[2026-07-17T20:45:50.310+0530] {processor.py:208} INFO - Processing /Users/bhavishyachallagolla/Desktop/RetailSense/.venv/lib/python3.12/site-packages/airflow/example_dags/example_dag_decorator.py took 0.123 seconds
[2026-07-17T20:47:31.039+0530] {processor.py:186} INFO - Started process (PID=90858) to work on /Users/bhavishyachallagolla/Desktop/RetailSense/.venv/lib/python3.12/site-packages/airflow/example_dags/example_dag_decorator.py
[2026-07-17T20:47:31.041+0530] {processor.py:914} INFO - Processing file /Users/bhavishyachallagolla/Desktop/RetailSense/.venv/lib/python3.12/site-packages/airflow/example_dags/example_dag_decorator.py for tasks to queue
[2026-07-17T20:47:31.041+0530] {logging_mixin.py:190} INFO - [2026-07-17T20:47:31.041+0530] {dagbag.py:588} INFO - Filling up the DagBag from /Users/bhavishyachallagolla/Desktop/RetailSense/.venv/lib/python3.12/site-packages/airflow/example_dags/example_dag_decorator.py
[2026-07-17T20:47:31.107+0530] {processor.py:925} INFO - DAG(s) 'example_dag_decorator' retrieved from /Users/bhavishyachallagolla/Desktop/RetailSense/.venv/lib/python3.12/site-packages/airflow/example_dags/example_dag_decorator.py
[2026-07-17T20:47:31.187+0530] {logging_mixin.py:190} INFO - [2026-07-17T20:47:31.187+0530] {dag.py:3239} INFO - Sync 1 DAGs
[2026-07-17T20:47:31.190+0530] {logging_mixin.py:190} INFO - [2026-07-17T20:47:31.190+0530] {dag.py:4180} INFO - Setting next_dagrun for example_dag_decorator to None, run_after=None
[2026-07-17T20:47:31.195+0530] {processor.py:208} INFO - Processing /Users/bhavishyachallagolla/Desktop/RetailSense/.venv/lib/python3.12/site-packages/airflow/example_dags/example_dag_decorator.py took 0.157 seconds
[2026-07-17T20:49:12.117+0530] {processor.py:186} INFO - Started process (PID=91022) to work on /Users/bhavishyachallagolla/Desktop/RetailSense/.venv/lib/python3.12/site-packages/airflow/example_dags/example_dag_decorator.py
[2026-07-17T20:49:12.118+0530] {processor.py:914} INFO - Processing file /Users/bhavishyachallagolla/Desktop/RetailSense/.venv/lib/python3.12/site-packages/airflow/example_dags/example_dag_decorator.py for tasks to queue
[2026-07-17T20:49:12.118+0530] {logging_mixin.py:190} INFO - [2026-07-17T20:49:12.118+0530] {dagbag.py:588} INFO - Filling up the DagBag from /Users/bhavishyachallagolla/Desktop/RetailSense/.venv/lib/python3.12/site-packages/airflow/example_dags/example_dag_decorator.py
[2026-07-17T20:49:12.184+0530] {processor.py:925} INFO - DAG(s) 'example_dag_decorator' retrieved from /Users/bhavishyachallagolla/Desktop/RetailSense/.venv/lib/python3.12/site-packages/airflow/example_dags/example_dag_decorator.py
[2026-07-17T20:49:12.267+0530] {logging_mixin.py:190} INFO - [2026-07-17T20:49:12.266+0530] {dag.py:3239} INFO - Sync 1 DAGs
[2026-07-17T20:49:12.269+0530] {logging_mixin.py:190} INFO - [2026-07-17T20:49:12.269+0530] {dag.py:4180} INFO - Setting next_dagrun for example_dag_decorator to None, run_after=None
[2026-07-17T20:49:12.274+0530] {processor.py:208} INFO - Processing /Users/bhavishyachallagolla/Desktop/RetailSense/.venv/lib/python3.12/site-packages/airflow/example_dags/example_dag_decorator.py took 0.159 seconds
[2026-07-17T20:50:48.959+0530] {processor.py:186} INFO - Started process (PID=91177) to work on /Users/bhavishyachallagolla/Desktop/RetailSense/.venv/lib/python3.12/site-packages/airflow/example_dags/example_dag_decorator.py
[2026-07-17T20:50:48.960+0530] {processor.py:914} INFO - Processing file /Users/bhavishyachallagolla/Desktop/RetailSense/.venv/lib/python3.12/site-packages/airflow/example_dags/example_dag_decorator.py for tasks to queue
[2026-07-17T20:50:48.960+0530] {logging_mixin.py:190} INFO - [2026-07-17T20:50:48.960+0530] {dagbag.py:588} INFO - Filling up the DagBag from /Users/bhavishyachallagolla/Desktop/RetailSense/.venv/lib/python3.12/site-packages/airflow/example_dags/example_dag_decorator.py
[2026-07-17T20:50:49.026+0530] {processor.py:925} INFO - DAG(s) 'example_dag_decorator' retrieved from /Users/bhavishyachallagolla/Desktop/RetailSense/.venv/lib/python3.12/site-packages/airflow/example_dags/example_dag_decorator.py
[2026-07-17T20:50:49.107+0530] {logging_mixin.py:190} INFO - [2026-07-17T20:50:49.107+0530] {dag.py:3239} INFO - Sync 1 DAGs
[2026-07-17T20:50:49.109+0530] {logging_mixin.py:190} INFO - [2026-07-17T20:50:49.109+0530] {dag.py:4180} INFO - Setting next_dagrun for example_dag_decorator to None, run_after=None
[2026-07-17T20:50:49.114+0530] {processor.py:208} INFO - Processing /Users/bhavishyachallagolla/Desktop/RetailSense/.venv/lib/python3.12/site-packages/airflow/example_dags/example_dag_decorator.py took 0.156 seconds
[2026-07-17T20:52:31.507+0530] {processor.py:186} INFO - Started process (PID=91331) to work on /Users/bhavishyachallagolla/Desktop/RetailSense/.venv/lib/python3.12/site-packages/airflow/example_dags/example_dag_decorator.py
[2026-07-17T20:52:31.508+0530] {processor.py:914} INFO - Processing file /Users/bhavishyachallagolla/Desktop/RetailSense/.venv/lib/python3.12/site-packages/airflow/example_dags/example_dag_decorator.py for tasks to queue
[2026-07-17T20:52:31.508+0530] {logging_mixin.py:190} INFO - [2026-07-17T20:52:31.508+0530] {dagbag.py:588} INFO - Filling up the DagBag from /Users/bhavishyachallagolla/Desktop/RetailSense/.venv/lib/python3.12/site-packages/airflow/example_dags/example_dag_decorator.py
[2026-07-17T20:52:31.574+0530] {processor.py:925} INFO - DAG(s) 'example_dag_decorator' retrieved from /Users/bhavishyachallagolla/Desktop/RetailSense/.venv/lib/python3.12/site-packages/airflow/example_dags/example_dag_decorator.py
[2026-07-17T20:52:31.654+0530] {logging_mixin.py:190} INFO - [2026-07-17T20:52:31.654+0530] {dag.py:3239} INFO - Sync 1 DAGs
[2026-07-17T20:52:31.656+0530] {logging_mixin.py:190} INFO - [2026-07-17T20:52:31.656+0530] {dag.py:4180} INFO - Setting next_dagrun for example_dag_decorator to None, run_after=None
[2026-07-17T20:52:31.661+0530] {processor.py:208} INFO - Processing /Users/bhavishyachallagolla/Desktop/RetailSense/.venv/lib/python3.12/site-packages/airflow/example_dags/example_dag_decorator.py took 0.155 seconds
[2026-07-17T20:54:13.101+0530] {processor.py:186} INFO - Started process (PID=91481) to work on /Users/bhavishyachallagolla/Desktop/RetailSense/.venv/lib/python3.12/site-packages/airflow/example_dags/example_dag_decorator.py
[2026-07-17T20:54:13.101+0530] {processor.py:914} INFO - Processing file /Users/bhavishyachallagolla/Desktop/RetailSense/.venv/lib/python3.12/site-packages/airflow/example_dags/example_dag_decorator.py for tasks to queue
[2026-07-17T20:54:13.102+0530] {logging_mixin.py:190} INFO - [2026-07-17T20:54:13.102+0530] {dagbag.py:588} INFO - Filling up the DagBag from /Users/bhavishyachallagolla/Desktop/RetailSense/.venv/lib/python3.12/site-packages/airflow/example_dags/example_dag_decorator.py
[2026-07-17T20:54:13.179+0530] {processor.py:925} INFO - DAG(s) 'example_dag_decorator' retrieved from /Users/bhavishyachallagolla/Desktop/RetailSense/.venv/lib/python3.12/site-packages/airflow/example_dags/example_dag_decorator.py
[2026-07-17T20:54:13.260+0530] {logging_mixin.py:190} INFO - [2026-07-17T20:54:13.260+0530] {dag.py:3239} INFO - Sync 1 DAGs
[2026-07-17T20:54:13.262+0530] {logging_mixin.py:190} INFO - [2026-07-17T20:54:13.262+0530] {dag.py:4180} INFO - Setting next_dagrun for example_dag_decorator to None, run_after=None
[2026-07-17T20:54:13.267+0530] {processor.py:208} INFO - Processing /Users/bhavishyachallagolla/Desktop/RetailSense/.venv/lib/python3.12/site-packages/airflow/example_dags/example_dag_decorator.py took 0.168 seconds
[2026-07-17T20:55:52.803+0530] {processor.py:186} INFO - Started process (PID=91647) to work on /Users/bhavishyachallagolla/Desktop/RetailSense/.venv/lib/python3.12/site-packages/airflow/example_dags/example_dag_decorator.py
[2026-07-17T20:55:52.804+0530] {processor.py:914} INFO - Processing file /Users/bhavishyachallagolla/Desktop/RetailSense/.venv/lib/python3.12/site-packages/airflow/example_dags/example_dag_decorator.py for tasks to queue
[2026-07-17T20:55:52.805+0530] {logging_mixin.py:190} INFO - [2026-07-17T20:55:52.805+0530] {dagbag.py:588} INFO - Filling up the DagBag from /Users/bhavishyachallagolla/Desktop/RetailSense/.venv/lib/python3.12/site-packages/airflow/example_dags/example_dag_decorator.py
[2026-07-17T20:55:52.881+0530] {processor.py:925} INFO - DAG(s) 'example_dag_decorator' retrieved from /Users/bhavishyachallagolla/Desktop/RetailSense/.venv/lib/python3.12/site-packages/airflow/example_dags/example_dag_decorator.py
[2026-07-17T20:55:52.966+0530] {logging_mixin.py:190} INFO - [2026-07-17T20:55:52.966+0530] {dag.py:3239} INFO - Sync 1 DAGs
[2026-07-17T20:55:52.969+0530] {logging_mixin.py:190} INFO - [2026-07-17T20:55:52.969+0530] {dag.py:4180} INFO - Setting next_dagrun for example_dag_decorator to None, run_after=None
[2026-07-17T20:55:52.974+0530] {processor.py:208} INFO - Processing /Users/bhavishyachallagolla/Desktop/RetailSense/.venv/lib/python3.12/site-packages/airflow/example_dags/example_dag_decorator.py took 0.172 seconds
[2026-07-17T20:57:33.153+0530] {processor.py:186} INFO - Started process (PID=91794) to work on /Users/bhavishyachallagolla/Desktop/RetailSense/.venv/lib/python3.12/site-packages/airflow/example_dags/example_dag_decorator.py
[2026-07-17T20:57:33.154+0530] {processor.py:914} INFO - Processing file /Users/bhavishyachallagolla/Desktop/RetailSense/.venv/lib/python3.12/site-packages/airflow/example_dags/example_dag_decorator.py for tasks to queue
[2026-07-17T20:57:33.155+0530] {logging_mixin.py:190} INFO - [2026-07-17T20:57:33.154+0530] {dagbag.py:588} INFO - Filling up the DagBag from /Users/bhavishyachallagolla/Desktop/RetailSense/.venv/lib/python3.12/site-packages/airflow/example_dags/example_dag_decorator.py
[2026-07-17T20:57:33.229+0530] {processor.py:925} INFO - DAG(s) 'example_dag_decorator' retrieved from /Users/bhavishyachallagolla/Desktop/RetailSense/.venv/lib/python3.12/site-packages/airflow/example_dags/example_dag_decorator.py
[2026-07-17T20:57:33.308+0530] {logging_mixin.py:190} INFO - [2026-07-17T20:57:33.307+0530] {dag.py:3239} INFO - Sync 1 DAGs
[2026-07-17T20:57:33.310+0530] {logging_mixin.py:190} INFO - [2026-07-17T20:57:33.310+0530] {dag.py:4180} INFO - Setting next_dagrun for example_dag_decorator to None, run_after=None
[2026-07-17T20:57:33.315+0530] {processor.py:208} INFO - Processing /Users/bhavishyachallagolla/Desktop/RetailSense/.venv/lib/python3.12/site-packages/airflow/example_dags/example_dag_decorator.py took 0.163 seconds
[2026-07-17T20:59:12.376+0530] {processor.py:186} INFO - Started process (PID=91942) to work on /Users/bhavishyachallagolla/Desktop/RetailSense/.venv/lib/python3.12/site-packages/airflow/example_dags/example_dag_decorator.py
[2026-07-17T20:59:12.376+0530] {processor.py:914} INFO - Processing file /Users/bhavishyachallagolla/Desktop/RetailSense/.venv/lib/python3.12/site-packages/airflow/example_dags/example_dag_decorator.py for tasks to queue
[2026-07-17T20:59:12.376+0530] {logging_mixin.py:190} INFO - [2026-07-17T20:59:12.376+0530] {dagbag.py:588} INFO - Filling up the DagBag from /Users/bhavishyachallagolla/Desktop/RetailSense/.venv/lib/python3.12/site-packages/airflow/example_dags/example_dag_decorator.py
[2026-07-17T20:59:12.421+0530] {processor.py:925} INFO - DAG(s) 'example_dag_decorator' retrieved from /Users/bhavishyachallagolla/Desktop/RetailSense/.venv/lib/python3.12/site-packages/airflow/example_dags/example_dag_decorator.py
[2026-07-17T20:59:12.486+0530] {logging_mixin.py:190} INFO - [2026-07-17T20:59:12.485+0530] {dag.py:3239} INFO - Sync 1 DAGs
[2026-07-17T20:59:12.488+0530] {logging_mixin.py:190} INFO - [2026-07-17T20:59:12.488+0530] {dag.py:4180} INFO - Setting next_dagrun for example_dag_decorator to None, run_after=None
[2026-07-17T20:59:12.493+0530] {processor.py:208} INFO - Processing /Users/bhavishyachallagolla/Desktop/RetailSense/.venv/lib/python3.12/site-packages/airflow/example_dags/example_dag_decorator.py took 0.119 seconds
[2026-07-17T22:23:10.185+0530] {processor.py:186} INFO - Started process (PID=92168) to work on /Users/bhavishyachallagolla/Desktop/RetailSense/.venv/lib/python3.12/site-packages/airflow/example_dags/example_dag_decorator.py
[2026-07-17T22:23:10.186+0530] {processor.py:914} INFO - Processing file /Users/bhavishyachallagolla/Desktop/RetailSense/.venv/lib/python3.12/site-packages/airflow/example_dags/example_dag_decorator.py for tasks to queue
[2026-07-17T22:23:10.186+0530] {logging_mixin.py:190} INFO - [2026-07-17T22:23:10.186+0530] {dagbag.py:588} INFO - Filling up the DagBag from /Users/bhavishyachallagolla/Desktop/RetailSense/.venv/lib/python3.12/site-packages/airflow/example_dags/example_dag_decorator.py
[2026-07-17T22:23:10.260+0530] {processor.py:925} INFO - DAG(s) 'example_dag_decorator' retrieved from /Users/bhavishyachallagolla/Desktop/RetailSense/.venv/lib/python3.12/site-packages/airflow/example_dags/example_dag_decorator.py
[2026-07-17T22:23:10.339+0530] {logging_mixin.py:190} INFO - [2026-07-17T22:23:10.339+0530] {dag.py:3239} INFO - Sync 1 DAGs
[2026-07-17T22:23:10.341+0530] {logging_mixin.py:190} INFO - [2026-07-17T22:23:10.341+0530] {dag.py:4180} INFO - Setting next_dagrun for example_dag_decorator to None, run_after=None
[2026-07-17T22:23:10.346+0530] {processor.py:208} INFO - Processing /Users/bhavishyachallagolla/Desktop/RetailSense/.venv/lib/python3.12/site-packages/airflow/example_dags/example_dag_decorator.py took 0.162 seconds
[2026-07-17T22:24:50.137+0530] {processor.py:186} INFO - Started process (PID=92320) to work on /Users/bhavishyachallagolla/Desktop/RetailSense/.venv/lib/python3.12/site-packages/airflow/example_dags/example_dag_decorator.py
[2026-07-17T22:24:50.138+0530] {processor.py:914} INFO - Processing file /Users/bhavishyachallagolla/Desktop/RetailSense/.venv/lib/python3.12/site-packages/airflow/example_dags/example_dag_decorator.py for tasks to queue
[2026-07-17T22:24:50.138+0530] {logging_mixin.py:190} INFO - [2026-07-17T22:24:50.138+0530] {dagbag.py:588} INFO - Filling up the DagBag from /Users/bhavishyachallagolla/Desktop/RetailSense/.venv/lib/python3.12/site-packages/airflow/example_dags/example_dag_decorator.py
[2026-07-17T22:24:50.201+0530] {processor.py:925} INFO - DAG(s) 'example_dag_decorator' retrieved from /Users/bhavishyachallagolla/Desktop/RetailSense/.venv/lib/python3.12/site-packages/airflow/example_dags/example_dag_decorator.py
[2026-07-17T22:24:50.277+0530] {logging_mixin.py:190} INFO - [2026-07-17T22:24:50.277+0530] {dag.py:3239} INFO - Sync 1 DAGs
[2026-07-17T22:24:50.279+0530] {logging_mixin.py:190} INFO - [2026-07-17T22:24:50.279+0530] {dag.py:4180} INFO - Setting next_dagrun for example_dag_decorator to None, run_after=None
[2026-07-17T22:24:50.284+0530] {processor.py:208} INFO - Processing /Users/bhavishyachallagolla/Desktop/RetailSense/.venv/lib/python3.12/site-packages/airflow/example_dags/example_dag_decorator.py took 0.148 seconds
[2026-07-17T22:26:29.345+0530] {processor.py:186} INFO - Started process (PID=92470) to work on /Users/bhavishyachallagolla/Desktop/RetailSense/.venv/lib/python3.12/site-packages/airflow/example_dags/example_dag_decorator.py
[2026-07-17T22:26:29.346+0530] {processor.py:914} INFO - Processing file /Users/bhavishyachallagolla/Desktop/RetailSense/.venv/lib/python3.12/site-packages/airflow/example_dags/example_dag_decorator.py for tasks to queue
[2026-07-17T22:26:29.346+0530] {logging_mixin.py:190} INFO - [2026-07-17T22:26:29.346+0530] {dagbag.py:588} INFO - Filling up the DagBag from /Users/bhavishyachallagolla/Desktop/RetailSense/.venv/lib/python3.12/site-packages/airflow/example_dags/example_dag_decorator.py
[2026-07-17T22:26:29.412+0530] {processor.py:925} INFO - DAG(s) 'example_dag_decorator' retrieved from /Users/bhavishyachallagolla/Desktop/RetailSense/.venv/lib/python3.12/site-packages/airflow/example_dags/example_dag_decorator.py
[2026-07-17T22:26:29.491+0530] {logging_mixin.py:190} INFO - [2026-07-17T22:26:29.491+0530] {dag.py:3239} INFO - Sync 1 DAGs
[2026-07-17T22:26:29.494+0530] {logging_mixin.py:190} INFO - [2026-07-17T22:26:29.494+0530] {dag.py:4180} INFO - Setting next_dagrun for example_dag_decorator to None, run_after=None
[2026-07-17T22:26:29.499+0530] {processor.py:208} INFO - Processing /Users/bhavishyachallagolla/Desktop/RetailSense/.venv/lib/python3.12/site-packages/airflow/example_dags/example_dag_decorator.py took 0.155 seconds
[2026-07-17T22:28:10.218+0530] {processor.py:186} INFO - Started process (PID=92620) to work on /Users/bhavishyachallagolla/Desktop/RetailSense/.venv/lib/python3.12/site-packages/airflow/example_dags/example_dag_decorator.py
[2026-07-17T22:28:10.219+0530] {processor.py:914} INFO - Processing file /Users/bhavishyachallagolla/Desktop/RetailSense/.venv/lib/python3.12/site-packages/airflow/example_dags/example_dag_decorator.py for tasks to queue
[2026-07-17T22:28:10.220+0530] {logging_mixin.py:190} INFO - [2026-07-17T22:28:10.220+0530] {dagbag.py:588} INFO - Filling up the DagBag from /Users/bhavishyachallagolla/Desktop/RetailSense/.venv/lib/python3.12/site-packages/airflow/example_dags/example_dag_decorator.py
[2026-07-17T22:28:10.286+0530] {processor.py:925} INFO - DAG(s) 'example_dag_decorator' retrieved from /Users/bhavishyachallagolla/Desktop/RetailSense/.venv/lib/python3.12/site-packages/airflow/example_dags/example_dag_decorator.py
[2026-07-17T22:28:10.361+0530] {logging_mixin.py:190} INFO - [2026-07-17T22:28:10.361+0530] {dag.py:3239} INFO - Sync 1 DAGs
[2026-07-17T22:28:10.364+0530] {logging_mixin.py:190} INFO - [2026-07-17T22:28:10.364+0530] {dag.py:4180} INFO - Setting next_dagrun for example_dag_decorator to None, run_after=None
[2026-07-17T22:28:10.369+0530] {processor.py:208} INFO - Processing /Users/bhavishyachallagolla/Desktop/RetailSense/.venv/lib/python3.12/site-packages/airflow/example_dags/example_dag_decorator.py took 0.152 seconds
[2026-07-17T22:29:46.617+0530] {processor.py:186} INFO - Started process (PID=92766) to work on /Users/bhavishyachallagolla/Desktop/RetailSense/.venv/lib/python3.12/site-packages/airflow/example_dags/example_dag_decorator.py
[2026-07-17T22:29:46.618+0530] {processor.py:914} INFO - Processing file /Users/bhavishyachallagolla/Desktop/RetailSense/.venv/lib/python3.12/site-packages/airflow/example_dags/example_dag_decorator.py for tasks to queue
[2026-07-17T22:29:46.619+0530] {logging_mixin.py:190} INFO - [2026-07-17T22:29:46.619+0530] {dagbag.py:588} INFO - Filling up the DagBag from /Users/bhavishyachallagolla/Desktop/RetailSense/.venv/lib/python3.12/site-packages/airflow/example_dags/example_dag_decorator.py
[2026-07-17T22:29:46.683+0530] {processor.py:925} INFO - DAG(s) 'example_dag_decorator' retrieved from /Users/bhavishyachallagolla/Desktop/RetailSense/.venv/lib/python3.12/site-packages/airflow/example_dags/example_dag_decorator.py
[2026-07-17T22:29:46.761+0530] {logging_mixin.py:190} INFO - [2026-07-17T22:29:46.760+0530] {dag.py:3239} INFO - Sync 1 DAGs
[2026-07-17T22:29:46.763+0530] {logging_mixin.py:190} INFO - [2026-07-17T22:29:46.763+0530] {dag.py:4180} INFO - Setting next_dagrun for example_dag_decorator to None, run_after=None
[2026-07-17T22:29:46.768+0530] {processor.py:208} INFO - Processing /Users/bhavishyachallagolla/Desktop/RetailSense/.venv/lib/python3.12/site-packages/airflow/example_dags/example_dag_decorator.py took 0.152 seconds
[2026-07-17T22:31:28.391+0530] {processor.py:186} INFO - Started process (PID=92919) to work on /Users/bhavishyachallagolla/Desktop/RetailSense/.venv/lib/python3.12/site-packages/airflow/example_dags/example_dag_decorator.py
[2026-07-17T22:31:28.392+0530] {processor.py:914} INFO - Processing file /Users/bhavishyachallagolla/Desktop/RetailSense/.venv/lib/python3.12/site-packages/airflow/example_dags/example_dag_decorator.py for tasks to queue
[2026-07-17T22:31:28.392+0530] {logging_mixin.py:190} INFO - [2026-07-17T22:31:28.392+0530] {dagbag.py:588} INFO - Filling up the DagBag from /Users/bhavishyachallagolla/Desktop/RetailSense/.venv/lib/python3.12/site-packages/airflow/example_dags/example_dag_decorator.py
[2026-07-17T22:31:28.465+0530] {processor.py:925} INFO - DAG(s) 'example_dag_decorator' retrieved from /Users/bhavishyachallagolla/Desktop/RetailSense/.venv/lib/python3.12/site-packages/airflow/example_dags/example_dag_decorator.py
[2026-07-17T22:31:28.549+0530] {logging_mixin.py:190} INFO - [2026-07-17T22:31:28.549+0530] {dag.py:3239} INFO - Sync 1 DAGs
[2026-07-17T22:31:28.552+0530] {logging_mixin.py:190} INFO - [2026-07-17T22:31:28.552+0530] {dag.py:4180} INFO - Setting next_dagrun for example_dag_decorator to None, run_after=None
[2026-07-17T22:31:28.557+0530] {processor.py:208} INFO - Processing /Users/bhavishyachallagolla/Desktop/RetailSense/.venv/lib/python3.12/site-packages/airflow/example_dags/example_dag_decorator.py took 0.167 seconds
[2026-07-17T22:33:09.104+0530] {processor.py:186} INFO - Started process (PID=93077) to work on /Users/bhavishyachallagolla/Desktop/RetailSense/.venv/lib/python3.12/site-packages/airflow/example_dags/example_dag_decorator.py
[2026-07-17T22:33:09.106+0530] {processor.py:914} INFO - Processing file /Users/bhavishyachallagolla/Desktop/RetailSense/.venv/lib/python3.12/site-packages/airflow/example_dags/example_dag_decorator.py for tasks to queue
[2026-07-17T22:33:09.106+0530] {logging_mixin.py:190} INFO - [2026-07-17T22:33:09.106+0530] {dagbag.py:588} INFO - Filling up the DagBag from /Users/bhavishyachallagolla/Desktop/RetailSense/.venv/lib/python3.12/site-packages/airflow/example_dags/example_dag_decorator.py
[2026-07-17T22:33:09.171+0530] {processor.py:925} INFO - DAG(s) 'example_dag_decorator' retrieved from /Users/bhavishyachallagolla/Desktop/RetailSense/.venv/lib/python3.12/site-packages/airflow/example_dags/example_dag_decorator.py
[2026-07-17T22:33:09.250+0530] {logging_mixin.py:190} INFO - [2026-07-17T22:33:09.250+0530] {dag.py:3239} INFO - Sync 1 DAGs
[2026-07-17T22:33:09.252+0530] {logging_mixin.py:190} INFO - [2026-07-17T22:33:09.252+0530] {dag.py:4180} INFO - Setting next_dagrun for example_dag_decorator to None, run_after=None
[2026-07-17T22:33:09.258+0530] {processor.py:208} INFO - Processing /Users/bhavishyachallagolla/Desktop/RetailSense/.venv/lib/python3.12/site-packages/airflow/example_dags/example_dag_decorator.py took 0.154 seconds
[2026-07-17T22:34:48.209+0530] {processor.py:186} INFO - Started process (PID=93225) to work on /Users/bhavishyachallagolla/Desktop/RetailSense/.venv/lib/python3.12/site-packages/airflow/example_dags/example_dag_decorator.py
[2026-07-17T22:34:48.211+0530] {processor.py:914} INFO - Processing file /Users/bhavishyachallagolla/Desktop/RetailSense/.venv/lib/python3.12/site-packages/airflow/example_dags/example_dag_decorator.py for tasks to queue
[2026-07-17T22:34:48.211+0530] {logging_mixin.py:190} INFO - [2026-07-17T22:34:48.211+0530] {dagbag.py:588} INFO - Filling up the DagBag from /Users/bhavishyachallagolla/Desktop/RetailSense/.venv/lib/python3.12/site-packages/airflow/example_dags/example_dag_decorator.py
[2026-07-17T22:34:48.275+0530] {processor.py:925} INFO - DAG(s) 'example_dag_decorator' retrieved from /Users/bhavishyachallagolla/Desktop/RetailSense/.venv/lib/python3.12/site-packages/airflow/example_dags/example_dag_decorator.py
[2026-07-17T22:34:48.353+0530] {logging_mixin.py:190} INFO - [2026-07-17T22:34:48.353+0530] {dag.py:3239} INFO - Sync 1 DAGs
[2026-07-17T22:34:48.355+0530] {logging_mixin.py:190} INFO - [2026-07-17T22:34:48.355+0530] {dag.py:4180} INFO - Setting next_dagrun for example_dag_decorator to None, run_after=None
[2026-07-17T22:34:48.360+0530] {processor.py:208} INFO - Processing /Users/bhavishyachallagolla/Desktop/RetailSense/.venv/lib/python3.12/site-packages/airflow/example_dags/example_dag_decorator.py took 0.152 seconds
[2026-07-17T22:36:29.150+0530] {processor.py:186} INFO - Started process (PID=93376) to work on /Users/bhavishyachallagolla/Desktop/RetailSense/.venv/lib/python3.12/site-packages/airflow/example_dags/example_dag_decorator.py
[2026-07-17T22:36:29.151+0530] {processor.py:914} INFO - Processing file /Users/bhavishyachallagolla/Desktop/RetailSense/.venv/lib/python3.12/site-packages/airflow/example_dags/example_dag_decorator.py for tasks to queue
[2026-07-17T22:36:29.152+0530] {logging_mixin.py:190} INFO - [2026-07-17T22:36:29.152+0530] {dagbag.py:588} INFO - Filling up the DagBag from /Users/bhavishyachallagolla/Desktop/RetailSense/.venv/lib/python3.12/site-packages/airflow/example_dags/example_dag_decorator.py
[2026-07-17T22:36:29.222+0530] {processor.py:925} INFO - DAG(s) 'example_dag_decorator' retrieved from /Users/bhavishyachallagolla/Desktop/RetailSense/.venv/lib/python3.12/site-packages/airflow/example_dags/example_dag_decorator.py
[2026-07-17T22:36:29.308+0530] {logging_mixin.py:190} INFO - [2026-07-17T22:36:29.307+0530] {dag.py:3239} INFO - Sync 1 DAGs
[2026-07-17T22:36:29.310+0530] {logging_mixin.py:190} INFO - [2026-07-17T22:36:29.310+0530] {dag.py:4180} INFO - Setting next_dagrun for example_dag_decorator to None, run_after=None
[2026-07-17T22:36:29.316+0530] {processor.py:208} INFO - Processing /Users/bhavishyachallagolla/Desktop/RetailSense/.venv/lib/python3.12/site-packages/airflow/example_dags/example_dag_decorator.py took 0.167 seconds
[2026-07-17T22:38:09.634+0530] {processor.py:186} INFO - Started process (PID=93536) to work on /Users/bhavishyachallagolla/Desktop/RetailSense/.venv/lib/python3.12/site-packages/airflow/example_dags/example_dag_decorator.py
[2026-07-17T22:38:09.635+0530] {processor.py:914} INFO - Processing file /Users/bhavishyachallagolla/Desktop/RetailSense/.venv/lib/python3.12/site-packages/airflow/example_dags/example_dag_decorator.py for tasks to queue
[2026-07-17T22:38:09.635+0530] {logging_mixin.py:190} INFO - [2026-07-17T22:38:09.635+0530] {dagbag.py:588} INFO - Filling up the DagBag from /Users/bhavishyachallagolla/Desktop/RetailSense/.venv/lib/python3.12/site-packages/airflow/example_dags/example_dag_decorator.py
[2026-07-17T22:38:09.699+0530] {processor.py:925} INFO - DAG(s) 'example_dag_decorator' retrieved from /Users/bhavishyachallagolla/Desktop/RetailSense/.venv/lib/python3.12/site-packages/airflow/example_dags/example_dag_decorator.py
[2026-07-17T22:38:09.775+0530] {logging_mixin.py:190} INFO - [2026-07-17T22:38:09.775+0530] {dag.py:3239} INFO - Sync 1 DAGs
[2026-07-17T22:38:09.778+0530] {logging_mixin.py:190} INFO - [2026-07-17T22:38:09.778+0530] {dag.py:4180} INFO - Setting next_dagrun for example_dag_decorator to None, run_after=None
[2026-07-17T22:38:09.783+0530] {processor.py:208} INFO - Processing /Users/bhavishyachallagolla/Desktop/RetailSense/.venv/lib/python3.12/site-packages/airflow/example_dags/example_dag_decorator.py took 0.150 seconds
[2026-07-17T22:39:48.710+0530] {processor.py:186} INFO - Started process (PID=93684) to work on /Users/bhavishyachallagolla/Desktop/RetailSense/.venv/lib/python3.12/site-packages/airflow/example_dags/example_dag_decorator.py
[2026-07-17T22:39:48.711+0530] {processor.py:914} INFO - Processing file /Users/bhavishyachallagolla/Desktop/RetailSense/.venv/lib/python3.12/site-packages/airflow/example_dags/example_dag_decorator.py for tasks to queue
[2026-07-17T22:39:48.711+0530] {logging_mixin.py:190} INFO - [2026-07-17T22:39:48.711+0530] {dagbag.py:588} INFO - Filling up the DagBag from /Users/bhavishyachallagolla/Desktop/RetailSense/.venv/lib/python3.12/site-packages/airflow/example_dags/example_dag_decorator.py
[2026-07-17T22:39:48.772+0530] {processor.py:925} INFO - DAG(s) 'example_dag_decorator' retrieved from /Users/bhavishyachallagolla/Desktop/RetailSense/.venv/lib/python3.12/site-packages/airflow/example_dags/example_dag_decorator.py
[2026-07-17T22:39:48.841+0530] {logging_mixin.py:190} INFO - [2026-07-17T22:39:48.841+0530] {dag.py:3239} INFO - Sync 1 DAGs
[2026-07-17T22:39:48.843+0530] {logging_mixin.py:190} INFO - [2026-07-17T22:39:48.843+0530] {dag.py:4180} INFO - Setting next_dagrun for example_dag_decorator to None, run_after=None
[2026-07-17T22:39:48.848+0530] {processor.py:208} INFO - Processing /Users/bhavishyachallagolla/Desktop/RetailSense/.venv/lib/python3.12/site-packages/airflow/example_dags/example_dag_decorator.py took 0.139 seconds
[2026-07-17T22:41:29.283+0530] {processor.py:186} INFO - Started process (PID=93834) to work on /Users/bhavishyachallagolla/Desktop/RetailSense/.venv/lib/python3.12/site-packages/airflow/example_dags/example_dag_decorator.py
[2026-07-17T22:41:29.284+0530] {processor.py:914} INFO - Processing file /Users/bhavishyachallagolla/Desktop/RetailSense/.venv/lib/python3.12/site-packages/airflow/example_dags/example_dag_decorator.py for tasks to queue
[2026-07-17T22:41:29.284+0530] {logging_mixin.py:190} INFO - [2026-07-17T22:41:29.284+0530] {dagbag.py:588} INFO - Filling up the DagBag from /Users/bhavishyachallagolla/Desktop/RetailSense/.venv/lib/python3.12/site-packages/airflow/example_dags/example_dag_decorator.py
[2026-07-17T22:41:29.350+0530] {processor.py:925} INFO - DAG(s) 'example_dag_decorator' retrieved from /Users/bhavishyachallagolla/Desktop/RetailSense/.venv/lib/python3.12/site-packages/airflow/example_dags/example_dag_decorator.py
[2026-07-17T22:41:29.428+0530] {logging_mixin.py:190} INFO - [2026-07-17T22:41:29.427+0530] {dag.py:3239} INFO - Sync 1 DAGs
[2026-07-17T22:41:29.430+0530] {logging_mixin.py:190} INFO - [2026-07-17T22:41:29.430+0530] {dag.py:4180} INFO - Setting next_dagrun for example_dag_decorator to None, run_after=None
[2026-07-17T22:41:29.435+0530] {processor.py:208} INFO - Processing /Users/bhavishyachallagolla/Desktop/RetailSense/.venv/lib/python3.12/site-packages/airflow/example_dags/example_dag_decorator.py took 0.153 seconds
[2026-07-17T22:43:10.443+0530] {processor.py:186} INFO - Started process (PID=93986) to work on /Users/bhavishyachallagolla/Desktop/RetailSense/.venv/lib/python3.12/site-packages/airflow/example_dags/example_dag_decorator.py
[2026-07-17T22:43:10.444+0530] {processor.py:914} INFO - Processing file /Users/bhavishyachallagolla/Desktop/RetailSense/.venv/lib/python3.12/site-packages/airflow/example_dags/example_dag_decorator.py for tasks to queue
[2026-07-17T22:43:10.444+0530] {logging_mixin.py:190} INFO - [2026-07-17T22:43:10.444+0530] {dagbag.py:588} INFO - Filling up the DagBag from /Users/bhavishyachallagolla/Desktop/RetailSense/.venv/lib/python3.12/site-packages/airflow/example_dags/example_dag_decorator.py
[2026-07-17T22:43:10.510+0530] {processor.py:925} INFO - DAG(s) 'example_dag_decorator' retrieved from /Users/bhavishyachallagolla/Desktop/RetailSense/.venv/lib/python3.12/site-packages/airflow/example_dags/example_dag_decorator.py
[2026-07-17T22:43:10.588+0530] {logging_mixin.py:190} INFO - [2026-07-17T22:43:10.588+0530] {dag.py:3239} INFO - Sync 1 DAGs
[2026-07-17T22:43:10.590+0530] {logging_mixin.py:190} INFO - [2026-07-17T22:43:10.590+0530] {dag.py:4180} INFO - Setting next_dagrun for example_dag_decorator to None, run_after=None
[2026-07-17T22:43:10.595+0530] {processor.py:208} INFO - Processing /Users/bhavishyachallagolla/Desktop/RetailSense/.venv/lib/python3.12/site-packages/airflow/example_dags/example_dag_decorator.py took 0.154 seconds
[2026-07-17T22:44:50.911+0530] {processor.py:186} INFO - Started process (PID=94135) to work on /Users/bhavishyachallagolla/Desktop/RetailSense/.venv/lib/python3.12/site-packages/airflow/example_dags/example_dag_decorator.py
[2026-07-17T22:44:50.912+0530] {processor.py:914} INFO - Processing file /Users/bhavishyachallagolla/Desktop/RetailSense/.venv/lib/python3.12/site-packages/airflow/example_dags/example_dag_decorator.py for tasks to queue
[2026-07-17T22:44:50.912+0530] {logging_mixin.py:190} INFO - [2026-07-17T22:44:50.912+0530] {dagbag.py:588} INFO - Filling up the DagBag from /Users/bhavishyachallagolla/Desktop/RetailSense/.venv/lib/python3.12/site-packages/airflow/example_dags/example_dag_decorator.py
[2026-07-17T22:44:50.956+0530] {processor.py:925} INFO - DAG(s) 'example_dag_decorator' retrieved from /Users/bhavishyachallagolla/Desktop/RetailSense/.venv/lib/python3.12/site-packages/airflow/example_dags/example_dag_decorator.py
[2026-07-17T22:44:51.020+0530] {logging_mixin.py:190} INFO - [2026-07-17T22:44:51.020+0530] {dag.py:3239} INFO - Sync 1 DAGs
[2026-07-17T22:44:51.023+0530] {logging_mixin.py:190} INFO - [2026-07-17T22:44:51.022+0530] {dag.py:4180} INFO - Setting next_dagrun for example_dag_decorator to None, run_after=None
[2026-07-17T22:44:51.028+0530] {processor.py:208} INFO - Processing /Users/bhavishyachallagolla/Desktop/RetailSense/.venv/lib/python3.12/site-packages/airflow/example_dags/example_dag_decorator.py took 0.117 seconds
[2026-07-17T22:46:27.382+0530] {processor.py:186} INFO - Started process (PID=94281) to work on /Users/bhavishyachallagolla/Desktop/RetailSense/.venv/lib/python3.12/site-packages/airflow/example_dags/example_dag_decorator.py
[2026-07-17T22:46:27.382+0530] {processor.py:914} INFO - Processing file /Users/bhavishyachallagolla/Desktop/RetailSense/.venv/lib/python3.12/site-packages/airflow/example_dags/example_dag_decorator.py for tasks to queue
[2026-07-17T22:46:27.382+0530] {logging_mixin.py:190} INFO - [2026-07-17T22:46:27.382+0530] {dagbag.py:588} INFO - Filling up the DagBag from /Users/bhavishyachallagolla/Desktop/RetailSense/.venv/lib/python3.12/site-packages/airflow/example_dags/example_dag_decorator.py
[2026-07-17T22:46:27.427+0530] {processor.py:925} INFO - DAG(s) 'example_dag_decorator' retrieved from /Users/bhavishyachallagolla/Desktop/RetailSense/.venv/lib/python3.12/site-packages/airflow/example_dags/example_dag_decorator.py
[2026-07-17T22:46:27.493+0530] {logging_mixin.py:190} INFO - [2026-07-17T22:46:27.492+0530] {dag.py:3239} INFO - Sync 1 DAGs
[2026-07-17T22:46:27.495+0530] {logging_mixin.py:190} INFO - [2026-07-17T22:46:27.495+0530] {dag.py:4180} INFO - Setting next_dagrun for example_dag_decorator to None, run_after=None
[2026-07-17T22:46:27.500+0530] {processor.py:208} INFO - Processing /Users/bhavishyachallagolla/Desktop/RetailSense/.venv/lib/python3.12/site-packages/airflow/example_dags/example_dag_decorator.py took 0.120 seconds
[2026-07-17T22:48:07.074+0530] {processor.py:186} INFO - Started process (PID=94431) to work on /Users/bhavishyachallagolla/Desktop/RetailSense/.venv/lib/python3.12/site-packages/airflow/example_dags/example_dag_decorator.py
[2026-07-17T22:48:07.074+0530] {processor.py:914} INFO - Processing file /Users/bhavishyachallagolla/Desktop/RetailSense/.venv/lib/python3.12/site-packages/airflow/example_dags/example_dag_decorator.py for tasks to queue
[2026-07-17T22:48:07.074+0530] {logging_mixin.py:190} INFO - [2026-07-17T22:48:07.074+0530] {dagbag.py:588} INFO - Filling up the DagBag from /Users/bhavishyachallagolla/Desktop/RetailSense/.venv/lib/python3.12/site-packages/airflow/example_dags/example_dag_decorator.py
[2026-07-17T22:48:07.120+0530] {processor.py:925} INFO - DAG(s) 'example_dag_decorator' retrieved from /Users/bhavishyachallagolla/Desktop/RetailSense/.venv/lib/python3.12/site-packages/airflow/example_dags/example_dag_decorator.py
[2026-07-17T22:48:07.185+0530] {logging_mixin.py:190} INFO - [2026-07-17T22:48:07.185+0530] {dag.py:3239} INFO - Sync 1 DAGs
[2026-07-17T22:48:07.188+0530] {logging_mixin.py:190} INFO - [2026-07-17T22:48:07.188+0530] {dag.py:4180} INFO - Setting next_dagrun for example_dag_decorator to None, run_after=None
[2026-07-17T22:48:07.193+0530] {processor.py:208} INFO - Processing /Users/bhavishyachallagolla/Desktop/RetailSense/.venv/lib/python3.12/site-packages/airflow/example_dags/example_dag_decorator.py took 0.120 seconds
[2026-07-17T22:50:03.544+0530] {processor.py:186} INFO - Started process (PID=94587) to work on /Users/bhavishyachallagolla/Desktop/RetailSense/.venv/lib/python3.12/site-packages/airflow/example_dags/example_dag_decorator.py
[2026-07-17T22:50:03.545+0530] {processor.py:914} INFO - Processing file /Users/bhavishyachallagolla/Desktop/RetailSense/.venv/lib/python3.12/site-packages/airflow/example_dags/example_dag_decorator.py for tasks to queue
[2026-07-17T22:50:03.546+0530] {logging_mixin.py:190} INFO - [2026-07-17T22:50:03.546+0530] {dagbag.py:588} INFO - Filling up the DagBag from /Users/bhavishyachallagolla/Desktop/RetailSense/.venv/lib/python3.12/site-packages/airflow/example_dags/example_dag_decorator.py
[2026-07-17T22:50:03.614+0530] {processor.py:925} INFO - DAG(s) 'example_dag_decorator' retrieved from /Users/bhavishyachallagolla/Desktop/RetailSense/.venv/lib/python3.12/site-packages/airflow/example_dags/example_dag_decorator.py
[2026-07-17T22:50:03.692+0530] {logging_mixin.py:190} INFO - [2026-07-17T22:50:03.692+0530] {dag.py:3239} INFO - Sync 1 DAGs
[2026-07-17T22:50:03.695+0530] {logging_mixin.py:190} INFO - [2026-07-17T22:50:03.695+0530] {dag.py:4180} INFO - Setting next_dagrun for example_dag_decorator to None, run_after=None
[2026-07-17T22:50:03.700+0530] {processor.py:208} INFO - Processing /Users/bhavishyachallagolla/Desktop/RetailSense/.venv/lib/python3.12/site-packages/airflow/example_dags/example_dag_decorator.py took 0.156 seconds
[2026-07-17T22:51:42.453+0530] {processor.py:186} INFO - Started process (PID=94738) to work on /Users/bhavishyachallagolla/Desktop/RetailSense/.venv/lib/python3.12/site-packages/airflow/example_dags/example_dag_decorator.py
[2026-07-17T22:51:42.454+0530] {processor.py:914} INFO - Processing file /Users/bhavishyachallagolla/Desktop/RetailSense/.venv/lib/python3.12/site-packages/airflow/example_dags/example_dag_decorator.py for tasks to queue
[2026-07-17T22:51:42.455+0530] {logging_mixin.py:190} INFO - [2026-07-17T22:51:42.455+0530] {dagbag.py:588} INFO - Filling up the DagBag from /Users/bhavishyachallagolla/Desktop/RetailSense/.venv/lib/python3.12/site-packages/airflow/example_dags/example_dag_decorator.py
[2026-07-17T22:51:42.525+0530] {processor.py:925} INFO - DAG(s) 'example_dag_decorator' retrieved from /Users/bhavishyachallagolla/Desktop/RetailSense/.venv/lib/python3.12/site-packages/airflow/example_dags/example_dag_decorator.py
[2026-07-17T22:51:42.608+0530] {logging_mixin.py:190} INFO - [2026-07-17T22:51:42.608+0530] {dag.py:3239} INFO - Sync 1 DAGs
[2026-07-17T22:51:42.611+0530] {logging_mixin.py:190} INFO - [2026-07-17T22:51:42.611+0530] {dag.py:4180} INFO - Setting next_dagrun for example_dag_decorator to None, run_after=None
[2026-07-17T22:51:42.616+0530] {processor.py:208} INFO - Processing /Users/bhavishyachallagolla/Desktop/RetailSense/.venv/lib/python3.12/site-packages/airflow/example_dags/example_dag_decorator.py took 0.164 seconds
[2026-07-17T22:53:20.577+0530] {processor.py:186} INFO - Started process (PID=94886) to work on /Users/bhavishyachallagolla/Desktop/RetailSense/.venv/lib/python3.12/site-packages/airflow/example_dags/example_dag_decorator.py
[2026-07-17T22:53:20.578+0530] {processor.py:914} INFO - Processing file /Users/bhavishyachallagolla/Desktop/RetailSense/.venv/lib/python3.12/site-packages/airflow/example_dags/example_dag_decorator.py for tasks to queue
[2026-07-17T22:53:20.578+0530] {logging_mixin.py:190} INFO - [2026-07-17T22:53:20.578+0530] {dagbag.py:588} INFO - Filling up the DagBag from /Users/bhavishyachallagolla/Desktop/RetailSense/.venv/lib/python3.12/site-packages/airflow/example_dags/example_dag_decorator.py
[2026-07-17T22:53:20.645+0530] {processor.py:925} INFO - DAG(s) 'example_dag_decorator' retrieved from /Users/bhavishyachallagolla/Desktop/RetailSense/.venv/lib/python3.12/site-packages/airflow/example_dags/example_dag_decorator.py
[2026-07-17T22:53:20.724+0530] {logging_mixin.py:190} INFO - [2026-07-17T22:53:20.724+0530] {dag.py:3239} INFO - Sync 1 DAGs
[2026-07-17T22:53:20.727+0530] {logging_mixin.py:190} INFO - [2026-07-17T22:53:20.727+0530] {dag.py:4180} INFO - Setting next_dagrun for example_dag_decorator to None, run_after=None
[2026-07-17T22:53:20.732+0530] {processor.py:208} INFO - Processing /Users/bhavishyachallagolla/Desktop/RetailSense/.venv/lib/python3.12/site-packages/airflow/example_dags/example_dag_decorator.py took 0.156 seconds
[2026-07-17T22:55:00.514+0530] {processor.py:186} INFO - Started process (PID=95038) to work on /Users/bhavishyachallagolla/Desktop/RetailSense/.venv/lib/python3.12/site-packages/airflow/example_dags/example_dag_decorator.py
[2026-07-17T22:55:00.515+0530] {processor.py:914} INFO - Processing file /Users/bhavishyachallagolla/Desktop/RetailSense/.venv/lib/python3.12/site-packages/airflow/example_dags/example_dag_decorator.py for tasks to queue
[2026-07-17T22:55:00.516+0530] {logging_mixin.py:190} INFO - [2026-07-17T22:55:00.516+0530] {dagbag.py:588} INFO - Filling up the DagBag from /Users/bhavishyachallagolla/Desktop/RetailSense/.venv/lib/python3.12/site-packages/airflow/example_dags/example_dag_decorator.py
[2026-07-17T22:55:00.588+0530] {processor.py:925} INFO - DAG(s) 'example_dag_decorator' retrieved from /Users/bhavishyachallagolla/Desktop/RetailSense/.venv/lib/python3.12/site-packages/airflow/example_dags/example_dag_decorator.py
[2026-07-17T22:55:00.666+0530] {logging_mixin.py:190} INFO - [2026-07-17T22:55:00.666+0530] {dag.py:3239} INFO - Sync 1 DAGs
[2026-07-17T22:55:00.669+0530] {logging_mixin.py:190} INFO - [2026-07-17T22:55:00.669+0530] {dag.py:4180} INFO - Setting next_dagrun for example_dag_decorator to None, run_after=None
[2026-07-17T22:55:00.674+0530] {processor.py:208} INFO - Processing /Users/bhavishyachallagolla/Desktop/RetailSense/.venv/lib/python3.12/site-packages/airflow/example_dags/example_dag_decorator.py took 0.161 seconds
[2026-07-17T22:56:39.610+0530] {processor.py:186} INFO - Started process (PID=95187) to work on /Users/bhavishyachallagolla/Desktop/RetailSense/.venv/lib/python3.12/site-packages/airflow/example_dags/example_dag_decorator.py
[2026-07-17T22:56:39.611+0530] {processor.py:914} INFO - Processing file /Users/bhavishyachallagolla/Desktop/RetailSense/.venv/lib/python3.12/site-packages/airflow/example_dags/example_dag_decorator.py for tasks to queue
[2026-07-17T22:56:39.611+0530] {logging_mixin.py:190} INFO - [2026-07-17T22:56:39.611+0530] {dagbag.py:588} INFO - Filling up the DagBag from /Users/bhavishyachallagolla/Desktop/RetailSense/.venv/lib/python3.12/site-packages/airflow/example_dags/example_dag_decorator.py
[2026-07-17T22:56:39.686+0530] {processor.py:925} INFO - DAG(s) 'example_dag_decorator' retrieved from /Users/bhavishyachallagolla/Desktop/RetailSense/.venv/lib/python3.12/site-packages/airflow/example_dags/example_dag_decorator.py
[2026-07-17T22:56:39.765+0530] {logging_mixin.py:190} INFO - [2026-07-17T22:56:39.765+0530] {dag.py:3239} INFO - Sync 1 DAGs
[2026-07-17T22:56:39.768+0530] {logging_mixin.py:190} INFO - [2026-07-17T22:56:39.768+0530] {dag.py:4180} INFO - Setting next_dagrun for example_dag_decorator to None, run_after=None
[2026-07-17T22:56:39.773+0530] {processor.py:208} INFO - Processing /Users/bhavishyachallagolla/Desktop/RetailSense/.venv/lib/python3.12/site-packages/airflow/example_dags/example_dag_decorator.py took 0.164 seconds
[2026-07-17T22:58:19.534+0530] {processor.py:186} INFO - Started process (PID=95351) to work on /Users/bhavishyachallagolla/Desktop/RetailSense/.venv/lib/python3.12/site-packages/airflow/example_dags/example_dag_decorator.py
[2026-07-17T22:58:19.535+0530] {processor.py:914} INFO - Processing file /Users/bhavishyachallagolla/Desktop/RetailSense/.venv/lib/python3.12/site-packages/airflow/example_dags/example_dag_decorator.py for tasks to queue
[2026-07-17T22:58:19.535+0530] {logging_mixin.py:190} INFO - [2026-07-17T22:58:19.535+0530] {dagbag.py:588} INFO - Filling up the DagBag from /Users/bhavishyachallagolla/Desktop/RetailSense/.venv/lib/python3.12/site-packages/airflow/example_dags/example_dag_decorator.py
[2026-07-17T22:58:19.611+0530] {processor.py:925} INFO - DAG(s) 'example_dag_decorator' retrieved from /Users/bhavishyachallagolla/Desktop/RetailSense/.venv/lib/python3.12/site-packages/airflow/example_dags/example_dag_decorator.py
[2026-07-17T22:58:19.691+0530] {logging_mixin.py:190} INFO - [2026-07-17T22:58:19.691+0530] {dag.py:3239} INFO - Sync 1 DAGs
[2026-07-17T22:58:19.693+0530] {logging_mixin.py:190} INFO - [2026-07-17T22:58:19.693+0530] {dag.py:4180} INFO - Setting next_dagrun for example_dag_decorator to None, run_after=None
[2026-07-17T22:58:19.698+0530] {processor.py:208} INFO - Processing /Users/bhavishyachallagolla/Desktop/RetailSense/.venv/lib/python3.12/site-packages/airflow/example_dags/example_dag_decorator.py took 0.165 seconds
[2026-07-17T23:01:05.591+0530] {processor.py:186} INFO - Started process (PID=95583) to work on /Users/bhavishyachallagolla/Desktop/RetailSense/.venv/lib/python3.12/site-packages/airflow/example_dags/example_dag_decorator.py
[2026-07-17T23:01:05.592+0530] {processor.py:914} INFO - Processing file /Users/bhavishyachallagolla/Desktop/RetailSense/.venv/lib/python3.12/site-packages/airflow/example_dags/example_dag_decorator.py for tasks to queue
[2026-07-17T23:01:05.592+0530] {logging_mixin.py:190} INFO - [2026-07-17T23:01:05.592+0530] {dagbag.py:588} INFO - Filling up the DagBag from /Users/bhavishyachallagolla/Desktop/RetailSense/.venv/lib/python3.12/site-packages/airflow/example_dags/example_dag_decorator.py
[2026-07-17T23:01:05.673+0530] {processor.py:925} INFO - DAG(s) 'example_dag_decorator' retrieved from /Users/bhavishyachallagolla/Desktop/RetailSense/.venv/lib/python3.12/site-packages/airflow/example_dags/example_dag_decorator.py
[2026-07-17T23:01:05.752+0530] {logging_mixin.py:190} INFO - [2026-07-17T23:01:05.752+0530] {dag.py:3239} INFO - Sync 1 DAGs
[2026-07-17T23:01:05.755+0530] {logging_mixin.py:190} INFO - [2026-07-17T23:01:05.755+0530] {dag.py:4180} INFO - Setting next_dagrun for example_dag_decorator to None, run_after=None
[2026-07-17T23:01:05.760+0530] {processor.py:208} INFO - Processing /Users/bhavishyachallagolla/Desktop/RetailSense/.venv/lib/python3.12/site-packages/airflow/example_dags/example_dag_decorator.py took 0.170 seconds
[2026-07-17T23:02:49.143+0530] {processor.py:186} INFO - Started process (PID=95759) to work on /Users/bhavishyachallagolla/Desktop/RetailSense/.venv/lib/python3.12/site-packages/airflow/example_dags/example_dag_decorator.py
[2026-07-17T23:02:49.143+0530] {processor.py:914} INFO - Processing file /Users/bhavishyachallagolla/Desktop/RetailSense/.venv/lib/python3.12/site-packages/airflow/example_dags/example_dag_decorator.py for tasks to queue
[2026-07-17T23:02:49.143+0530] {logging_mixin.py:190} INFO - [2026-07-17T23:02:49.143+0530] {dagbag.py:588} INFO - Filling up the DagBag from /Users/bhavishyachallagolla/Desktop/RetailSense/.venv/lib/python3.12/site-packages/airflow/example_dags/example_dag_decorator.py
[2026-07-17T23:02:49.189+0530] {processor.py:925} INFO - DAG(s) 'example_dag_decorator' retrieved from /Users/bhavishyachallagolla/Desktop/RetailSense/.venv/lib/python3.12/site-packages/airflow/example_dags/example_dag_decorator.py
[2026-07-17T23:02:49.255+0530] {logging_mixin.py:190} INFO - [2026-07-17T23:02:49.255+0530] {dag.py:3239} INFO - Sync 1 DAGs
[2026-07-17T23:02:49.257+0530] {logging_mixin.py:190} INFO - [2026-07-17T23:02:49.257+0530] {dag.py:4180} INFO - Setting next_dagrun for example_dag_decorator to None, run_after=None
[2026-07-17T23:02:49.263+0530] {processor.py:208} INFO - Processing /Users/bhavishyachallagolla/Desktop/RetailSense/.venv/lib/python3.12/site-packages/airflow/example_dags/example_dag_decorator.py took 0.121 seconds
[2026-07-17T23:04:28.036+0530] {processor.py:186} INFO - Started process (PID=95908) to work on /Users/bhavishyachallagolla/Desktop/RetailSense/.venv/lib/python3.12/site-packages/airflow/example_dags/example_dag_decorator.py
[2026-07-17T23:04:28.036+0530] {processor.py:914} INFO - Processing file /Users/bhavishyachallagolla/Desktop/RetailSense/.venv/lib/python3.12/site-packages/airflow/example_dags/example_dag_decorator.py for tasks to queue
[2026-07-17T23:04:28.036+0530] {logging_mixin.py:190} INFO - [2026-07-17T23:04:28.036+0530] {dagbag.py:588} INFO - Filling up the DagBag from /Users/bhavishyachallagolla/Desktop/RetailSense/.venv/lib/python3.12/site-packages/airflow/example_dags/example_dag_decorator.py
[2026-07-17T23:04:28.081+0530] {processor.py:925} INFO - DAG(s) 'example_dag_decorator' retrieved from /Users/bhavishyachallagolla/Desktop/RetailSense/.venv/lib/python3.12/site-packages/airflow/example_dags/example_dag_decorator.py
[2026-07-17T23:04:28.145+0530] {logging_mixin.py:190} INFO - [2026-07-17T23:04:28.145+0530] {dag.py:3239} INFO - Sync 1 DAGs
[2026-07-17T23:04:28.147+0530] {logging_mixin.py:190} INFO - [2026-07-17T23:04:28.147+0530] {dag.py:4180} INFO - Setting next_dagrun for example_dag_decorator to None, run_after=None
[2026-07-17T23:04:28.153+0530] {processor.py:208} INFO - Processing /Users/bhavishyachallagolla/Desktop/RetailSense/.venv/lib/python3.12/site-packages/airflow/example_dags/example_dag_decorator.py took 0.118 seconds
[2026-07-17T23:06:08.774+0530] {processor.py:186} INFO - Started process (PID=96060) to work on /Users/bhavishyachallagolla/Desktop/RetailSense/.venv/lib/python3.12/site-packages/airflow/example_dags/example_dag_decorator.py
[2026-07-17T23:06:08.774+0530] {processor.py:914} INFO - Processing file /Users/bhavishyachallagolla/Desktop/RetailSense/.venv/lib/python3.12/site-packages/airflow/example_dags/example_dag_decorator.py for tasks to queue
[2026-07-17T23:06:08.774+0530] {logging_mixin.py:190} INFO - [2026-07-17T23:06:08.774+0530] {dagbag.py:588} INFO - Filling up the DagBag from /Users/bhavishyachallagolla/Desktop/RetailSense/.venv/lib/python3.12/site-packages/airflow/example_dags/example_dag_decorator.py
[2026-07-17T23:06:08.819+0530] {processor.py:925} INFO - DAG(s) 'example_dag_decorator' retrieved from /Users/bhavishyachallagolla/Desktop/RetailSense/.venv/lib/python3.12/site-packages/airflow/example_dags/example_dag_decorator.py
[2026-07-17T23:06:08.884+0530] {logging_mixin.py:190} INFO - [2026-07-17T23:06:08.884+0530] {dag.py:3239} INFO - Sync 1 DAGs
[2026-07-17T23:06:08.887+0530] {logging_mixin.py:190} INFO - [2026-07-17T23:06:08.887+0530] {dag.py:4180} INFO - Setting next_dagrun for example_dag_decorator to None, run_after=None
[2026-07-17T23:06:08.892+0530] {processor.py:208} INFO - Processing /Users/bhavishyachallagolla/Desktop/RetailSense/.venv/lib/python3.12/site-packages/airflow/example_dags/example_dag_decorator.py took 0.119 seconds
[2026-07-17T23:07:49.165+0530] {processor.py:186} INFO - Started process (PID=96219) to work on /Users/bhavishyachallagolla/Desktop/RetailSense/.venv/lib/python3.12/site-packages/airflow/example_dags/example_dag_decorator.py
[2026-07-17T23:07:49.165+0530] {processor.py:914} INFO - Processing file /Users/bhavishyachallagolla/Desktop/RetailSense/.venv/lib/python3.12/site-packages/airflow/example_dags/example_dag_decorator.py for tasks to queue
[2026-07-17T23:07:49.166+0530] {logging_mixin.py:190} INFO - [2026-07-17T23:07:49.166+0530] {dagbag.py:588} INFO - Filling up the DagBag from /Users/bhavishyachallagolla/Desktop/RetailSense/.venv/lib/python3.12/site-packages/airflow/example_dags/example_dag_decorator.py
[2026-07-17T23:07:49.209+0530] {processor.py:925} INFO - DAG(s) 'example_dag_decorator' retrieved from /Users/bhavishyachallagolla/Desktop/RetailSense/.venv/lib/python3.12/site-packages/airflow/example_dags/example_dag_decorator.py
[2026-07-17T23:07:49.272+0530] {logging_mixin.py:190} INFO - [2026-07-17T23:07:49.272+0530] {dag.py:3239} INFO - Sync 1 DAGs
[2026-07-17T23:07:49.275+0530] {logging_mixin.py:190} INFO - [2026-07-17T23:07:49.275+0530] {dag.py:4180} INFO - Setting next_dagrun for example_dag_decorator to None, run_after=None
[2026-07-17T23:07:49.280+0530] {processor.py:208} INFO - Processing /Users/bhavishyachallagolla/Desktop/RetailSense/.venv/lib/python3.12/site-packages/airflow/example_dags/example_dag_decorator.py took 0.116 seconds
[2026-07-17T23:09:29.541+0530] {processor.py:186} INFO - Started process (PID=96369) to work on /Users/bhavishyachallagolla/Desktop/RetailSense/.venv/lib/python3.12/site-packages/airflow/example_dags/example_dag_decorator.py
[2026-07-17T23:09:29.541+0530] {processor.py:914} INFO - Processing file /Users/bhavishyachallagolla/Desktop/RetailSense/.venv/lib/python3.12/site-packages/airflow/example_dags/example_dag_decorator.py for tasks to queue
[2026-07-17T23:09:29.541+0530] {logging_mixin.py:190} INFO - [2026-07-17T23:09:29.541+0530] {dagbag.py:588} INFO - Filling up the DagBag from /Users/bhavishyachallagolla/Desktop/RetailSense/.venv/lib/python3.12/site-packages/airflow/example_dags/example_dag_decorator.py
[2026-07-17T23:09:29.586+0530] {processor.py:925} INFO - DAG(s) 'example_dag_decorator' retrieved from /Users/bhavishyachallagolla/Desktop/RetailSense/.venv/lib/python3.12/site-packages/airflow/example_dags/example_dag_decorator.py
[2026-07-17T23:09:29.651+0530] {logging_mixin.py:190} INFO - [2026-07-17T23:09:29.650+0530] {dag.py:3239} INFO - Sync 1 DAGs
[2026-07-17T23:09:29.653+0530] {logging_mixin.py:190} INFO - [2026-07-17T23:09:29.653+0530] {dag.py:4180} INFO - Setting next_dagrun for example_dag_decorator to None, run_after=None
[2026-07-17T23:09:29.658+0530] {processor.py:208} INFO - Processing /Users/bhavishyachallagolla/Desktop/RetailSense/.venv/lib/python3.12/site-packages/airflow/example_dags/example_dag_decorator.py took 0.119 seconds
[2026-07-17T23:11:07.491+0530] {processor.py:186} INFO - Started process (PID=96517) to work on /Users/bhavishyachallagolla/Desktop/RetailSense/.venv/lib/python3.12/site-packages/airflow/example_dags/example_dag_decorator.py
[2026-07-17T23:11:07.492+0530] {processor.py:914} INFO - Processing file /Users/bhavishyachallagolla/Desktop/RetailSense/.venv/lib/python3.12/site-packages/airflow/example_dags/example_dag_decorator.py for tasks to queue
[2026-07-17T23:11:07.492+0530] {logging_mixin.py:190} INFO - [2026-07-17T23:11:07.492+0530] {dagbag.py:588} INFO - Filling up the DagBag from /Users/bhavishyachallagolla/Desktop/RetailSense/.venv/lib/python3.12/site-packages/airflow/example_dags/example_dag_decorator.py
[2026-07-17T23:11:07.537+0530] {processor.py:925} INFO - DAG(s) 'example_dag_decorator' retrieved from /Users/bhavishyachallagolla/Desktop/RetailSense/.venv/lib/python3.12/site-packages/airflow/example_dags/example_dag_decorator.py
[2026-07-17T23:11:07.602+0530] {logging_mixin.py:190} INFO - [2026-07-17T23:11:07.602+0530] {dag.py:3239} INFO - Sync 1 DAGs
[2026-07-17T23:11:07.605+0530] {logging_mixin.py:190} INFO - [2026-07-17T23:11:07.605+0530] {dag.py:4180} INFO - Setting next_dagrun for example_dag_decorator to None, run_after=None
[2026-07-17T23:11:07.610+0530] {processor.py:208} INFO - Processing /Users/bhavishyachallagolla/Desktop/RetailSense/.venv/lib/python3.12/site-packages/airflow/example_dags/example_dag_decorator.py took 0.120 seconds
[2026-07-17T23:12:45.669+0530] {processor.py:186} INFO - Started process (PID=96734) to work on /Users/bhavishyachallagolla/Desktop/RetailSense/.venv/lib/python3.12/site-packages/airflow/example_dags/example_dag_decorator.py
[2026-07-17T23:12:45.669+0530] {processor.py:914} INFO - Processing file /Users/bhavishyachallagolla/Desktop/RetailSense/.venv/lib/python3.12/site-packages/airflow/example_dags/example_dag_decorator.py for tasks to queue
[2026-07-17T23:12:45.670+0530] {logging_mixin.py:190} INFO - [2026-07-17T23:12:45.670+0530] {dagbag.py:588} INFO - Filling up the DagBag from /Users/bhavishyachallagolla/Desktop/RetailSense/.venv/lib/python3.12/site-packages/airflow/example_dags/example_dag_decorator.py
[2026-07-17T23:12:45.718+0530] {processor.py:925} INFO - DAG(s) 'example_dag_decorator' retrieved from /Users/bhavishyachallagolla/Desktop/RetailSense/.venv/lib/python3.12/site-packages/airflow/example_dags/example_dag_decorator.py
[2026-07-17T23:12:45.788+0530] {logging_mixin.py:190} INFO - [2026-07-17T23:12:45.788+0530] {dag.py:3239} INFO - Sync 1 DAGs
[2026-07-17T23:12:45.791+0530] {logging_mixin.py:190} INFO - [2026-07-17T23:12:45.791+0530] {dag.py:4180} INFO - Setting next_dagrun for example_dag_decorator to None, run_after=None
[2026-07-17T23:12:45.796+0530] {processor.py:208} INFO - Processing /Users/bhavishyachallagolla/Desktop/RetailSense/.venv/lib/python3.12/site-packages/airflow/example_dags/example_dag_decorator.py took 0.128 seconds
[2026-07-17T23:14:25.905+0530] {processor.py:186} INFO - Started process (PID=96884) to work on /Users/bhavishyachallagolla/Desktop/RetailSense/.venv/lib/python3.12/site-packages/airflow/example_dags/example_dag_decorator.py
[2026-07-17T23:14:25.905+0530] {processor.py:914} INFO - Processing file /Users/bhavishyachallagolla/Desktop/RetailSense/.venv/lib/python3.12/site-packages/airflow/example_dags/example_dag_decorator.py for tasks to queue
[2026-07-17T23:14:25.905+0530] {logging_mixin.py:190} INFO - [2026-07-17T23:14:25.905+0530] {dagbag.py:588} INFO - Filling up the DagBag from /Users/bhavishyachallagolla/Desktop/RetailSense/.venv/lib/python3.12/site-packages/airflow/example_dags/example_dag_decorator.py
[2026-07-17T23:14:25.954+0530] {processor.py:925} INFO - DAG(s) 'example_dag_decorator' retrieved from /Users/bhavishyachallagolla/Desktop/RetailSense/.venv/lib/python3.12/site-packages/airflow/example_dags/example_dag_decorator.py
[2026-07-17T23:14:26.024+0530] {logging_mixin.py:190} INFO - [2026-07-17T23:14:26.024+0530] {dag.py:3239} INFO - Sync 1 DAGs
[2026-07-17T23:14:26.027+0530] {logging_mixin.py:190} INFO - [2026-07-17T23:14:26.027+0530] {dag.py:4180} INFO - Setting next_dagrun for example_dag_decorator to None, run_after=None
[2026-07-17T23:14:26.032+0530] {processor.py:208} INFO - Processing /Users/bhavishyachallagolla/Desktop/RetailSense/.venv/lib/python3.12/site-packages/airflow/example_dags/example_dag_decorator.py took 0.129 seconds
[2026-07-17T23:16:10.504+0530] {processor.py:186} INFO - Started process (PID=97071) to work on /Users/bhavishyachallagolla/Desktop/RetailSense/.venv/lib/python3.12/site-packages/airflow/example_dags/example_dag_decorator.py
[2026-07-17T23:16:10.504+0530] {processor.py:914} INFO - Processing file /Users/bhavishyachallagolla/Desktop/RetailSense/.venv/lib/python3.12/site-packages/airflow/example_dags/example_dag_decorator.py for tasks to queue
[2026-07-17T23:16:10.504+0530] {logging_mixin.py:190} INFO - [2026-07-17T23:16:10.504+0530] {dagbag.py:588} INFO - Filling up the DagBag from /Users/bhavishyachallagolla/Desktop/RetailSense/.venv/lib/python3.12/site-packages/airflow/example_dags/example_dag_decorator.py
[2026-07-17T23:16:10.550+0530] {processor.py:925} INFO - DAG(s) 'example_dag_decorator' retrieved from /Users/bhavishyachallagolla/Desktop/RetailSense/.venv/lib/python3.12/site-packages/airflow/example_dags/example_dag_decorator.py
[2026-07-17T23:16:10.616+0530] {logging_mixin.py:190} INFO - [2026-07-17T23:16:10.616+0530] {dag.py:3239} INFO - Sync 1 DAGs
[2026-07-17T23:16:10.619+0530] {logging_mixin.py:190} INFO - [2026-07-17T23:16:10.619+0530] {dag.py:4180} INFO - Setting next_dagrun for example_dag_decorator to None, run_after=None
[2026-07-17T23:16:10.624+0530] {processor.py:208} INFO - Processing /Users/bhavishyachallagolla/Desktop/RetailSense/.venv/lib/python3.12/site-packages/airflow/example_dags/example_dag_decorator.py took 0.121 seconds
[2026-07-17T23:17:51.606+0530] {processor.py:186} INFO - Started process (PID=97300) to work on /Users/bhavishyachallagolla/Desktop/RetailSense/.venv/lib/python3.12/site-packages/airflow/example_dags/example_dag_decorator.py
[2026-07-17T23:17:51.606+0530] {processor.py:914} INFO - Processing file /Users/bhavishyachallagolla/Desktop/RetailSense/.venv/lib/python3.12/site-packages/airflow/example_dags/example_dag_decorator.py for tasks to queue
[2026-07-17T23:17:51.607+0530] {logging_mixin.py:190} INFO - [2026-07-17T23:17:51.607+0530] {dagbag.py:588} INFO - Filling up the DagBag from /Users/bhavishyachallagolla/Desktop/RetailSense/.venv/lib/python3.12/site-packages/airflow/example_dags/example_dag_decorator.py
[2026-07-17T23:17:51.655+0530] {processor.py:925} INFO - DAG(s) 'example_dag_decorator' retrieved from /Users/bhavishyachallagolla/Desktop/RetailSense/.venv/lib/python3.12/site-packages/airflow/example_dags/example_dag_decorator.py
[2026-07-17T23:17:51.727+0530] {logging_mixin.py:190} INFO - [2026-07-17T23:17:51.727+0530] {dag.py:3239} INFO - Sync 1 DAGs
[2026-07-17T23:17:51.729+0530] {logging_mixin.py:190} INFO - [2026-07-17T23:17:51.729+0530] {dag.py:4180} INFO - Setting next_dagrun for example_dag_decorator to None, run_after=None
[2026-07-17T23:17:51.735+0530] {processor.py:208} INFO - Processing /Users/bhavishyachallagolla/Desktop/RetailSense/.venv/lib/python3.12/site-packages/airflow/example_dags/example_dag_decorator.py took 0.130 seconds
[2026-07-17T23:19:34.323+0530] {processor.py:186} INFO - Started process (PID=97464) to work on /Users/bhavishyachallagolla/Desktop/RetailSense/.venv/lib/python3.12/site-packages/airflow/example_dags/example_dag_decorator.py
[2026-07-17T23:19:34.323+0530] {processor.py:914} INFO - Processing file /Users/bhavishyachallagolla/Desktop/RetailSense/.venv/lib/python3.12/site-packages/airflow/example_dags/example_dag_decorator.py for tasks to queue
[2026-07-17T23:19:34.324+0530] {logging_mixin.py:190} INFO - [2026-07-17T23:19:34.324+0530] {dagbag.py:588} INFO - Filling up the DagBag from /Users/bhavishyachallagolla/Desktop/RetailSense/.venv/lib/python3.12/site-packages/airflow/example_dags/example_dag_decorator.py
[2026-07-17T23:19:34.368+0530] {processor.py:925} INFO - DAG(s) 'example_dag_decorator' retrieved from /Users/bhavishyachallagolla/Desktop/RetailSense/.venv/lib/python3.12/site-packages/airflow/example_dags/example_dag_decorator.py
[2026-07-17T23:19:34.433+0530] {logging_mixin.py:190} INFO - [2026-07-17T23:19:34.433+0530] {dag.py:3239} INFO - Sync 1 DAGs
[2026-07-17T23:19:34.435+0530] {logging_mixin.py:190} INFO - [2026-07-17T23:19:34.435+0530] {dag.py:4180} INFO - Setting next_dagrun for example_dag_decorator to None, run_after=None
[2026-07-17T23:19:34.440+0530] {processor.py:208} INFO - Processing /Users/bhavishyachallagolla/Desktop/RetailSense/.venv/lib/python3.12/site-packages/airflow/example_dags/example_dag_decorator.py took 0.118 seconds
[2026-07-17T23:21:15.292+0530] {processor.py:186} INFO - Started process (PID=97615) to work on /Users/bhavishyachallagolla/Desktop/RetailSense/.venv/lib/python3.12/site-packages/airflow/example_dags/example_dag_decorator.py
[2026-07-17T23:21:15.292+0530] {processor.py:914} INFO - Processing file /Users/bhavishyachallagolla/Desktop/RetailSense/.venv/lib/python3.12/site-packages/airflow/example_dags/example_dag_decorator.py for tasks to queue
[2026-07-17T23:21:15.293+0530] {logging_mixin.py:190} INFO - [2026-07-17T23:21:15.293+0530] {dagbag.py:588} INFO - Filling up the DagBag from /Users/bhavishyachallagolla/Desktop/RetailSense/.venv/lib/python3.12/site-packages/airflow/example_dags/example_dag_decorator.py
[2026-07-17T23:21:15.339+0530] {processor.py:925} INFO - DAG(s) 'example_dag_decorator' retrieved from /Users/bhavishyachallagolla/Desktop/RetailSense/.venv/lib/python3.12/site-packages/airflow/example_dags/example_dag_decorator.py
[2026-07-17T23:21:15.406+0530] {logging_mixin.py:190} INFO - [2026-07-17T23:21:15.406+0530] {dag.py:3239} INFO - Sync 1 DAGs
[2026-07-17T23:21:15.408+0530] {logging_mixin.py:190} INFO - [2026-07-17T23:21:15.408+0530] {dag.py:4180} INFO - Setting next_dagrun for example_dag_decorator to None, run_after=None
[2026-07-17T23:21:15.414+0530] {processor.py:208} INFO - Processing /Users/bhavishyachallagolla/Desktop/RetailSense/.venv/lib/python3.12/site-packages/airflow/example_dags/example_dag_decorator.py took 0.123 seconds
[2026-07-17T23:22:56.516+0530] {processor.py:186} INFO - Started process (PID=97767) to work on /Users/bhavishyachallagolla/Desktop/RetailSense/.venv/lib/python3.12/site-packages/airflow/example_dags/example_dag_decorator.py
[2026-07-17T23:22:56.516+0530] {processor.py:914} INFO - Processing file /Users/bhavishyachallagolla/Desktop/RetailSense/.venv/lib/python3.12/site-packages/airflow/example_dags/example_dag_decorator.py for tasks to queue
[2026-07-17T23:22:56.517+0530] {logging_mixin.py:190} INFO - [2026-07-17T23:22:56.516+0530] {dagbag.py:588} INFO - Filling up the DagBag from /Users/bhavishyachallagolla/Desktop/RetailSense/.venv/lib/python3.12/site-packages/airflow/example_dags/example_dag_decorator.py
[2026-07-17T23:22:56.563+0530] {processor.py:925} INFO - DAG(s) 'example_dag_decorator' retrieved from /Users/bhavishyachallagolla/Desktop/RetailSense/.venv/lib/python3.12/site-packages/airflow/example_dags/example_dag_decorator.py
[2026-07-17T23:22:56.629+0530] {logging_mixin.py:190} INFO - [2026-07-17T23:22:56.628+0530] {dag.py:3239} INFO - Sync 1 DAGs
[2026-07-17T23:22:56.631+0530] {logging_mixin.py:190} INFO - [2026-07-17T23:22:56.631+0530] {dag.py:4180} INFO - Setting next_dagrun for example_dag_decorator to None, run_after=None
[2026-07-17T23:22:56.636+0530] {processor.py:208} INFO - Processing /Users/bhavishyachallagolla/Desktop/RetailSense/.venv/lib/python3.12/site-packages/airflow/example_dags/example_dag_decorator.py took 0.121 seconds
[2026-07-17T23:24:36.731+0530] {processor.py:186} INFO - Started process (PID=97917) to work on /Users/bhavishyachallagolla/Desktop/RetailSense/.venv/lib/python3.12/site-packages/airflow/example_dags/example_dag_decorator.py
[2026-07-17T23:24:36.731+0530] {processor.py:914} INFO - Processing file /Users/bhavishyachallagolla/Desktop/RetailSense/.venv/lib/python3.12/site-packages/airflow/example_dags/example_dag_decorator.py for tasks to queue
[2026-07-17T23:24:36.732+0530] {logging_mixin.py:190} INFO - [2026-07-17T23:24:36.732+0530] {dagbag.py:588} INFO - Filling up the DagBag from /Users/bhavishyachallagolla/Desktop/RetailSense/.venv/lib/python3.12/site-packages/airflow/example_dags/example_dag_decorator.py
[2026-07-17T23:24:36.778+0530] {processor.py:925} INFO - DAG(s) 'example_dag_decorator' retrieved from /Users/bhavishyachallagolla/Desktop/RetailSense/.venv/lib/python3.12/site-packages/airflow/example_dags/example_dag_decorator.py
[2026-07-17T23:24:36.845+0530] {logging_mixin.py:190} INFO - [2026-07-17T23:24:36.845+0530] {dag.py:3239} INFO - Sync 1 DAGs
[2026-07-17T23:24:36.848+0530] {logging_mixin.py:190} INFO - [2026-07-17T23:24:36.848+0530] {dag.py:4180} INFO - Setting next_dagrun for example_dag_decorator to None, run_after=None
[2026-07-17T23:24:36.853+0530] {processor.py:208} INFO - Processing /Users/bhavishyachallagolla/Desktop/RetailSense/.venv/lib/python3.12/site-packages/airflow/example_dags/example_dag_decorator.py took 0.123 seconds
[2026-07-17T23:26:17.653+0530] {processor.py:186} INFO - Started process (PID=98068) to work on /Users/bhavishyachallagolla/Desktop/RetailSense/.venv/lib/python3.12/site-packages/airflow/example_dags/example_dag_decorator.py
[2026-07-17T23:26:17.653+0530] {processor.py:914} INFO - Processing file /Users/bhavishyachallagolla/Desktop/RetailSense/.venv/lib/python3.12/site-packages/airflow/example_dags/example_dag_decorator.py for tasks to queue
[2026-07-17T23:26:17.653+0530] {logging_mixin.py:190} INFO - [2026-07-17T23:26:17.653+0530] {dagbag.py:588} INFO - Filling up the DagBag from /Users/bhavishyachallagolla/Desktop/RetailSense/.venv/lib/python3.12/site-packages/airflow/example_dags/example_dag_decorator.py
[2026-07-17T23:26:17.701+0530] {processor.py:925} INFO - DAG(s) 'example_dag_decorator' retrieved from /Users/bhavishyachallagolla/Desktop/RetailSense/.venv/lib/python3.12/site-packages/airflow/example_dags/example_dag_decorator.py
[2026-07-17T23:26:17.769+0530] {logging_mixin.py:190} INFO - [2026-07-17T23:26:17.769+0530] {dag.py:3239} INFO - Sync 1 DAGs
[2026-07-17T23:26:17.772+0530] {logging_mixin.py:190} INFO - [2026-07-17T23:26:17.772+0530] {dag.py:4180} INFO - Setting next_dagrun for example_dag_decorator to None, run_after=None
[2026-07-17T23:26:17.777+0530] {processor.py:208} INFO - Processing /Users/bhavishyachallagolla/Desktop/RetailSense/.venv/lib/python3.12/site-packages/airflow/example_dags/example_dag_decorator.py took 0.125 seconds
[2026-07-17T23:28:02.170+0530] {processor.py:186} INFO - Started process (PID=98232) to work on /Users/bhavishyachallagolla/Desktop/RetailSense/.venv/lib/python3.12/site-packages/airflow/example_dags/example_dag_decorator.py
[2026-07-17T23:28:02.170+0530] {processor.py:914} INFO - Processing file /Users/bhavishyachallagolla/Desktop/RetailSense/.venv/lib/python3.12/site-packages/airflow/example_dags/example_dag_decorator.py for tasks to queue
[2026-07-17T23:28:02.170+0530] {logging_mixin.py:190} INFO - [2026-07-17T23:28:02.170+0530] {dagbag.py:588} INFO - Filling up the DagBag from /Users/bhavishyachallagolla/Desktop/RetailSense/.venv/lib/python3.12/site-packages/airflow/example_dags/example_dag_decorator.py
[2026-07-17T23:28:02.216+0530] {processor.py:925} INFO - DAG(s) 'example_dag_decorator' retrieved from /Users/bhavishyachallagolla/Desktop/RetailSense/.venv/lib/python3.12/site-packages/airflow/example_dags/example_dag_decorator.py
[2026-07-17T23:28:02.282+0530] {logging_mixin.py:190} INFO - [2026-07-17T23:28:02.282+0530] {dag.py:3239} INFO - Sync 1 DAGs
[2026-07-17T23:28:02.284+0530] {logging_mixin.py:190} INFO - [2026-07-17T23:28:02.284+0530] {dag.py:4180} INFO - Setting next_dagrun for example_dag_decorator to None, run_after=None
[2026-07-17T23:28:02.290+0530] {processor.py:208} INFO - Processing /Users/bhavishyachallagolla/Desktop/RetailSense/.venv/lib/python3.12/site-packages/airflow/example_dags/example_dag_decorator.py took 0.121 seconds
[2026-07-17T23:29:42.749+0530] {processor.py:186} INFO - Started process (PID=98386) to work on /Users/bhavishyachallagolla/Desktop/RetailSense/.venv/lib/python3.12/site-packages/airflow/example_dags/example_dag_decorator.py
[2026-07-17T23:29:42.750+0530] {processor.py:914} INFO - Processing file /Users/bhavishyachallagolla/Desktop/RetailSense/.venv/lib/python3.12/site-packages/airflow/example_dags/example_dag_decorator.py for tasks to queue
[2026-07-17T23:29:42.750+0530] {logging_mixin.py:190} INFO - [2026-07-17T23:29:42.750+0530] {dagbag.py:588} INFO - Filling up the DagBag from /Users/bhavishyachallagolla/Desktop/RetailSense/.venv/lib/python3.12/site-packages/airflow/example_dags/example_dag_decorator.py
[2026-07-17T23:29:42.821+0530] {processor.py:925} INFO - DAG(s) 'example_dag_decorator' retrieved from /Users/bhavishyachallagolla/Desktop/RetailSense/.venv/lib/python3.12/site-packages/airflow/example_dags/example_dag_decorator.py
[2026-07-17T23:29:42.902+0530] {logging_mixin.py:190} INFO - [2026-07-17T23:29:42.902+0530] {dag.py:3239} INFO - Sync 1 DAGs
[2026-07-17T23:29:42.905+0530] {logging_mixin.py:190} INFO - [2026-07-17T23:29:42.905+0530] {dag.py:4180} INFO - Setting next_dagrun for example_dag_decorator to None, run_after=None
[2026-07-17T23:29:42.910+0530] {processor.py:208} INFO - Processing /Users/bhavishyachallagolla/Desktop/RetailSense/.venv/lib/python3.12/site-packages/airflow/example_dags/example_dag_decorator.py took 0.162 seconds
[2026-07-17T23:31:27.804+0530] {processor.py:186} INFO - Started process (PID=98584) to work on /Users/bhavishyachallagolla/Desktop/RetailSense/.venv/lib/python3.12/site-packages/airflow/example_dags/example_dag_decorator.py
[2026-07-17T23:31:27.805+0530] {processor.py:914} INFO - Processing file /Users/bhavishyachallagolla/Desktop/RetailSense/.venv/lib/python3.12/site-packages/airflow/example_dags/example_dag_decorator.py for tasks to queue
[2026-07-17T23:31:27.805+0530] {logging_mixin.py:190} INFO - [2026-07-17T23:31:27.805+0530] {dagbag.py:588} INFO - Filling up the DagBag from /Users/bhavishyachallagolla/Desktop/RetailSense/.venv/lib/python3.12/site-packages/airflow/example_dags/example_dag_decorator.py
[2026-07-17T23:31:27.882+0530] {processor.py:925} INFO - DAG(s) 'example_dag_decorator' retrieved from /Users/bhavishyachallagolla/Desktop/RetailSense/.venv/lib/python3.12/site-packages/airflow/example_dags/example_dag_decorator.py
[2026-07-17T23:31:27.970+0530] {logging_mixin.py:190} INFO - [2026-07-17T23:31:27.970+0530] {dag.py:3239} INFO - Sync 1 DAGs
[2026-07-17T23:31:27.973+0530] {logging_mixin.py:190} INFO - [2026-07-17T23:31:27.973+0530] {dag.py:4180} INFO - Setting next_dagrun for example_dag_decorator to None, run_after=None
[2026-07-17T23:31:27.978+0530] {processor.py:208} INFO - Processing /Users/bhavishyachallagolla/Desktop/RetailSense/.venv/lib/python3.12/site-packages/airflow/example_dags/example_dag_decorator.py took 0.175 seconds
[2026-07-17T23:33:17.755+0530] {processor.py:186} INFO - Started process (PID=98751) to work on /Users/bhavishyachallagolla/Desktop/RetailSense/.venv/lib/python3.12/site-packages/airflow/example_dags/example_dag_decorator.py
[2026-07-17T23:33:17.756+0530] {processor.py:914} INFO - Processing file /Users/bhavishyachallagolla/Desktop/RetailSense/.venv/lib/python3.12/site-packages/airflow/example_dags/example_dag_decorator.py for tasks to queue
[2026-07-17T23:33:17.756+0530] {logging_mixin.py:190} INFO - [2026-07-17T23:33:17.756+0530] {dagbag.py:588} INFO - Filling up the DagBag from /Users/bhavishyachallagolla/Desktop/RetailSense/.venv/lib/python3.12/site-packages/airflow/example_dags/example_dag_decorator.py
[2026-07-17T23:33:17.832+0530] {processor.py:925} INFO - DAG(s) 'example_dag_decorator' retrieved from /Users/bhavishyachallagolla/Desktop/RetailSense/.venv/lib/python3.12/site-packages/airflow/example_dags/example_dag_decorator.py
[2026-07-17T23:33:17.917+0530] {logging_mixin.py:190} INFO - [2026-07-17T23:33:17.917+0530] {dag.py:3239} INFO - Sync 1 DAGs
[2026-07-17T23:33:17.920+0530] {logging_mixin.py:190} INFO - [2026-07-17T23:33:17.920+0530] {dag.py:4180} INFO - Setting next_dagrun for example_dag_decorator to None, run_after=None
[2026-07-17T23:33:17.926+0530] {processor.py:208} INFO - Processing /Users/bhavishyachallagolla/Desktop/RetailSense/.venv/lib/python3.12/site-packages/airflow/example_dags/example_dag_decorator.py took 0.172 seconds
[2026-07-17T23:35:02.945+0530] {processor.py:186} INFO - Started process (PID=98921) to work on /Users/bhavishyachallagolla/Desktop/RetailSense/.venv/lib/python3.12/site-packages/airflow/example_dags/example_dag_decorator.py
[2026-07-17T23:35:02.945+0530] {processor.py:914} INFO - Processing file /Users/bhavishyachallagolla/Desktop/RetailSense/.venv/lib/python3.12/site-packages/airflow/example_dags/example_dag_decorator.py for tasks to queue
[2026-07-17T23:35:02.945+0530] {logging_mixin.py:190} INFO - [2026-07-17T23:35:02.945+0530] {dagbag.py:588} INFO - Filling up the DagBag from /Users/bhavishyachallagolla/Desktop/RetailSense/.venv/lib/python3.12/site-packages/airflow/example_dags/example_dag_decorator.py
[2026-07-17T23:35:02.991+0530] {processor.py:925} INFO - DAG(s) 'example_dag_decorator' retrieved from /Users/bhavishyachallagolla/Desktop/RetailSense/.venv/lib/python3.12/site-packages/airflow/example_dags/example_dag_decorator.py
[2026-07-17T23:35:03.057+0530] {logging_mixin.py:190} INFO - [2026-07-17T23:35:03.057+0530] {dag.py:3239} INFO - Sync 1 DAGs
[2026-07-17T23:35:03.059+0530] {logging_mixin.py:190} INFO - [2026-07-17T23:35:03.059+0530] {dag.py:4180} INFO - Setting next_dagrun for example_dag_decorator to None, run_after=None
[2026-07-17T23:35:03.064+0530] {processor.py:208} INFO - Processing /Users/bhavishyachallagolla/Desktop/RetailSense/.venv/lib/python3.12/site-packages/airflow/example_dags/example_dag_decorator.py took 0.121 seconds
[2026-07-17T23:36:44.966+0530] {processor.py:186} INFO - Started process (PID=99073) to work on /Users/bhavishyachallagolla/Desktop/RetailSense/.venv/lib/python3.12/site-packages/airflow/example_dags/example_dag_decorator.py
[2026-07-17T23:36:44.966+0530] {processor.py:914} INFO - Processing file /Users/bhavishyachallagolla/Desktop/RetailSense/.venv/lib/python3.12/site-packages/airflow/example_dags/example_dag_decorator.py for tasks to queue
[2026-07-17T23:36:44.966+0530] {logging_mixin.py:190} INFO - [2026-07-17T23:36:44.966+0530] {dagbag.py:588} INFO - Filling up the DagBag from /Users/bhavishyachallagolla/Desktop/RetailSense/.venv/lib/python3.12/site-packages/airflow/example_dags/example_dag_decorator.py
[2026-07-17T23:36:45.013+0530] {processor.py:925} INFO - DAG(s) 'example_dag_decorator' retrieved from /Users/bhavishyachallagolla/Desktop/RetailSense/.venv/lib/python3.12/site-packages/airflow/example_dags/example_dag_decorator.py
[2026-07-17T23:36:45.080+0530] {logging_mixin.py:190} INFO - [2026-07-17T23:36:45.080+0530] {dag.py:3239} INFO - Sync 1 DAGs
[2026-07-17T23:36:45.083+0530] {logging_mixin.py:190} INFO - [2026-07-17T23:36:45.082+0530] {dag.py:4180} INFO - Setting next_dagrun for example_dag_decorator to None, run_after=None
[2026-07-17T23:36:45.088+0530] {processor.py:208} INFO - Processing /Users/bhavishyachallagolla/Desktop/RetailSense/.venv/lib/python3.12/site-packages/airflow/example_dags/example_dag_decorator.py took 0.123 seconds
[2026-07-17T23:38:27.206+0530] {processor.py:186} INFO - Started process (PID=99235) to work on /Users/bhavishyachallagolla/Desktop/RetailSense/.venv/lib/python3.12/site-packages/airflow/example_dags/example_dag_decorator.py
[2026-07-17T23:38:27.207+0530] {processor.py:914} INFO - Processing file /Users/bhavishyachallagolla/Desktop/RetailSense/.venv/lib/python3.12/site-packages/airflow/example_dags/example_dag_decorator.py for tasks to queue
[2026-07-17T23:38:27.207+0530] {logging_mixin.py:190} INFO - [2026-07-17T23:38:27.207+0530] {dagbag.py:588} INFO - Filling up the DagBag from /Users/bhavishyachallagolla/Desktop/RetailSense/.venv/lib/python3.12/site-packages/airflow/example_dags/example_dag_decorator.py
[2026-07-17T23:38:27.255+0530] {processor.py:925} INFO - DAG(s) 'example_dag_decorator' retrieved from /Users/bhavishyachallagolla/Desktop/RetailSense/.venv/lib/python3.12/site-packages/airflow/example_dags/example_dag_decorator.py
[2026-07-17T23:38:27.327+0530] {logging_mixin.py:190} INFO - [2026-07-17T23:38:27.326+0530] {dag.py:3239} INFO - Sync 1 DAGs
[2026-07-17T23:38:27.330+0530] {logging_mixin.py:190} INFO - [2026-07-17T23:38:27.329+0530] {dag.py:4180} INFO - Setting next_dagrun for example_dag_decorator to None, run_after=None
[2026-07-17T23:38:27.335+0530] {processor.py:208} INFO - Processing /Users/bhavishyachallagolla/Desktop/RetailSense/.venv/lib/python3.12/site-packages/airflow/example_dags/example_dag_decorator.py took 0.130 seconds
[2026-07-17T23:40:07.989+0530] {processor.py:186} INFO - Started process (PID=99385) to work on /Users/bhavishyachallagolla/Desktop/RetailSense/.venv/lib/python3.12/site-packages/airflow/example_dags/example_dag_decorator.py
[2026-07-17T23:40:07.990+0530] {processor.py:914} INFO - Processing file /Users/bhavishyachallagolla/Desktop/RetailSense/.venv/lib/python3.12/site-packages/airflow/example_dags/example_dag_decorator.py for tasks to queue
[2026-07-17T23:40:07.990+0530] {logging_mixin.py:190} INFO - [2026-07-17T23:40:07.990+0530] {dagbag.py:588} INFO - Filling up the DagBag from /Users/bhavishyachallagolla/Desktop/RetailSense/.venv/lib/python3.12/site-packages/airflow/example_dags/example_dag_decorator.py
[2026-07-17T23:40:08.036+0530] {processor.py:925} INFO - DAG(s) 'example_dag_decorator' retrieved from /Users/bhavishyachallagolla/Desktop/RetailSense/.venv/lib/python3.12/site-packages/airflow/example_dags/example_dag_decorator.py
[2026-07-17T23:40:08.106+0530] {logging_mixin.py:190} INFO - [2026-07-17T23:40:08.106+0530] {dag.py:3239} INFO - Sync 1 DAGs
[2026-07-17T23:40:08.108+0530] {logging_mixin.py:190} INFO - [2026-07-17T23:40:08.108+0530] {dag.py:4180} INFO - Setting next_dagrun for example_dag_decorator to None, run_after=None
[2026-07-17T23:40:08.114+0530] {processor.py:208} INFO - Processing /Users/bhavishyachallagolla/Desktop/RetailSense/.venv/lib/python3.12/site-packages/airflow/example_dags/example_dag_decorator.py took 0.126 seconds
[2026-07-17T23:41:52.875+0530] {processor.py:186} INFO - Started process (PID=99545) to work on /Users/bhavishyachallagolla/Desktop/RetailSense/.venv/lib/python3.12/site-packages/airflow/example_dags/example_dag_decorator.py
[2026-07-17T23:41:52.876+0530] {processor.py:914} INFO - Processing file /Users/bhavishyachallagolla/Desktop/RetailSense/.venv/lib/python3.12/site-packages/airflow/example_dags/example_dag_decorator.py for tasks to queue
[2026-07-17T23:41:52.876+0530] {logging_mixin.py:190} INFO - [2026-07-17T23:41:52.876+0530] {dagbag.py:588} INFO - Filling up the DagBag from /Users/bhavishyachallagolla/Desktop/RetailSense/.venv/lib/python3.12/site-packages/airflow/example_dags/example_dag_decorator.py
[2026-07-17T23:41:52.948+0530] {processor.py:925} INFO - DAG(s) 'example_dag_decorator' retrieved from /Users/bhavishyachallagolla/Desktop/RetailSense/.venv/lib/python3.12/site-packages/airflow/example_dags/example_dag_decorator.py
[2026-07-17T23:41:53.026+0530] {logging_mixin.py:190} INFO - [2026-07-17T23:41:53.026+0530] {dag.py:3239} INFO - Sync 1 DAGs
[2026-07-17T23:41:53.029+0530] {logging_mixin.py:190} INFO - [2026-07-17T23:41:53.029+0530] {dag.py:4180} INFO - Setting next_dagrun for example_dag_decorator to None, run_after=None
[2026-07-17T23:41:53.034+0530] {processor.py:208} INFO - Processing /Users/bhavishyachallagolla/Desktop/RetailSense/.venv/lib/python3.12/site-packages/airflow/example_dags/example_dag_decorator.py took 0.160 seconds
[2026-07-17T23:43:32.332+0530] {processor.py:186} INFO - Started process (PID=99699) to work on /Users/bhavishyachallagolla/Desktop/RetailSense/.venv/lib/python3.12/site-packages/airflow/example_dags/example_dag_decorator.py
[2026-07-17T23:43:32.333+0530] {processor.py:914} INFO - Processing file /Users/bhavishyachallagolla/Desktop/RetailSense/.venv/lib/python3.12/site-packages/airflow/example_dags/example_dag_decorator.py for tasks to queue
[2026-07-17T23:43:32.333+0530] {logging_mixin.py:190} INFO - [2026-07-17T23:43:32.333+0530] {dagbag.py:588} INFO - Filling up the DagBag from /Users/bhavishyachallagolla/Desktop/RetailSense/.venv/lib/python3.12/site-packages/airflow/example_dags/example_dag_decorator.py
[2026-07-17T23:43:32.403+0530] {processor.py:925} INFO - DAG(s) 'example_dag_decorator' retrieved from /Users/bhavishyachallagolla/Desktop/RetailSense/.venv/lib/python3.12/site-packages/airflow/example_dags/example_dag_decorator.py
[2026-07-17T23:43:32.482+0530] {logging_mixin.py:190} INFO - [2026-07-17T23:43:32.482+0530] {dag.py:3239} INFO - Sync 1 DAGs
[2026-07-17T23:43:32.485+0530] {logging_mixin.py:190} INFO - [2026-07-17T23:43:32.485+0530] {dag.py:4180} INFO - Setting next_dagrun for example_dag_decorator to None, run_after=None
[2026-07-17T23:43:32.490+0530] {processor.py:208} INFO - Processing /Users/bhavishyachallagolla/Desktop/RetailSense/.venv/lib/python3.12/site-packages/airflow/example_dags/example_dag_decorator.py took 0.159 seconds
[2026-07-17T23:45:14.611+0530] {processor.py:186} INFO - Started process (PID=99853) to work on /Users/bhavishyachallagolla/Desktop/RetailSense/.venv/lib/python3.12/site-packages/airflow/example_dags/example_dag_decorator.py
[2026-07-17T23:45:14.612+0530] {processor.py:914} INFO - Processing file /Users/bhavishyachallagolla/Desktop/RetailSense/.venv/lib/python3.12/site-packages/airflow/example_dags/example_dag_decorator.py for tasks to queue
[2026-07-17T23:45:14.613+0530] {logging_mixin.py:190} INFO - [2026-07-17T23:45:14.613+0530] {dagbag.py:588} INFO - Filling up the DagBag from /Users/bhavishyachallagolla/Desktop/RetailSense/.venv/lib/python3.12/site-packages/airflow/example_dags/example_dag_decorator.py
[2026-07-17T23:45:14.683+0530] {processor.py:925} INFO - DAG(s) 'example_dag_decorator' retrieved from /Users/bhavishyachallagolla/Desktop/RetailSense/.venv/lib/python3.12/site-packages/airflow/example_dags/example_dag_decorator.py
[2026-07-17T23:45:14.765+0530] {logging_mixin.py:190} INFO - [2026-07-17T23:45:14.765+0530] {dag.py:3239} INFO - Sync 1 DAGs
[2026-07-17T23:45:14.767+0530] {logging_mixin.py:190} INFO - [2026-07-17T23:45:14.767+0530] {dag.py:4180} INFO - Setting next_dagrun for example_dag_decorator to None, run_after=None
[2026-07-17T23:45:14.772+0530] {processor.py:208} INFO - Processing /Users/bhavishyachallagolla/Desktop/RetailSense/.venv/lib/python3.12/site-packages/airflow/example_dags/example_dag_decorator.py took 0.162 seconds
[2026-07-17T23:46:58.916+0530] {processor.py:186} INFO - Started process (PID=116) to work on /Users/bhavishyachallagolla/Desktop/RetailSense/.venv/lib/python3.12/site-packages/airflow/example_dags/example_dag_decorator.py
[2026-07-17T23:46:58.917+0530] {processor.py:914} INFO - Processing file /Users/bhavishyachallagolla/Desktop/RetailSense/.venv/lib/python3.12/site-packages/airflow/example_dags/example_dag_decorator.py for tasks to queue
[2026-07-17T23:46:58.917+0530] {logging_mixin.py:190} INFO - [2026-07-17T23:46:58.917+0530] {dagbag.py:588} INFO - Filling up the DagBag from /Users/bhavishyachallagolla/Desktop/RetailSense/.venv/lib/python3.12/site-packages/airflow/example_dags/example_dag_decorator.py
[2026-07-17T23:46:58.987+0530] {processor.py:925} INFO - DAG(s) 'example_dag_decorator' retrieved from /Users/bhavishyachallagolla/Desktop/RetailSense/.venv/lib/python3.12/site-packages/airflow/example_dags/example_dag_decorator.py
[2026-07-17T23:46:59.056+0530] {logging_mixin.py:190} INFO - [2026-07-17T23:46:59.056+0530] {dag.py:3239} INFO - Sync 1 DAGs
[2026-07-17T23:46:59.058+0530] {logging_mixin.py:190} INFO - [2026-07-17T23:46:59.058+0530] {dag.py:4180} INFO - Setting next_dagrun for example_dag_decorator to None, run_after=None
[2026-07-17T23:46:59.064+0530] {processor.py:208} INFO - Processing /Users/bhavishyachallagolla/Desktop/RetailSense/.venv/lib/python3.12/site-packages/airflow/example_dags/example_dag_decorator.py took 0.148 seconds
[2026-07-17T23:49:00.834+0530] {processor.py:186} INFO - Started process (PID=305) to work on /Users/bhavishyachallagolla/Desktop/RetailSense/.venv/lib/python3.12/site-packages/airflow/example_dags/example_dag_decorator.py
[2026-07-17T23:49:00.835+0530] {processor.py:914} INFO - Processing file /Users/bhavishyachallagolla/Desktop/RetailSense/.venv/lib/python3.12/site-packages/airflow/example_dags/example_dag_decorator.py for tasks to queue
[2026-07-17T23:49:00.835+0530] {logging_mixin.py:190} INFO - [2026-07-17T23:49:00.835+0530] {dagbag.py:588} INFO - Filling up the DagBag from /Users/bhavishyachallagolla/Desktop/RetailSense/.venv/lib/python3.12/site-packages/airflow/example_dags/example_dag_decorator.py
[2026-07-17T23:49:00.880+0530] {processor.py:925} INFO - DAG(s) 'example_dag_decorator' retrieved from /Users/bhavishyachallagolla/Desktop/RetailSense/.venv/lib/python3.12/site-packages/airflow/example_dags/example_dag_decorator.py
[2026-07-17T23:49:00.961+0530] {logging_mixin.py:190} INFO - [2026-07-17T23:49:00.961+0530] {dag.py:3239} INFO - Sync 1 DAGs
[2026-07-17T23:49:00.964+0530] {logging_mixin.py:190} INFO - [2026-07-17T23:49:00.964+0530] {dag.py:4180} INFO - Setting next_dagrun for example_dag_decorator to None, run_after=None
[2026-07-17T23:49:00.969+0530] {processor.py:208} INFO - Processing /Users/bhavishyachallagolla/Desktop/RetailSense/.venv/lib/python3.12/site-packages/airflow/example_dags/example_dag_decorator.py took 0.136 seconds
[2026-07-17T23:50:44.314+0530] {processor.py:186} INFO - Started process (PID=533) to work on /Users/bhavishyachallagolla/Desktop/RetailSense/.venv/lib/python3.12/site-packages/airflow/example_dags/example_dag_decorator.py
[2026-07-17T23:50:44.314+0530] {processor.py:914} INFO - Processing file /Users/bhavishyachallagolla/Desktop/RetailSense/.venv/lib/python3.12/site-packages/airflow/example_dags/example_dag_decorator.py for tasks to queue
[2026-07-17T23:50:44.315+0530] {logging_mixin.py:190} INFO - [2026-07-17T23:50:44.314+0530] {dagbag.py:588} INFO - Filling up the DagBag from /Users/bhavishyachallagolla/Desktop/RetailSense/.venv/lib/python3.12/site-packages/airflow/example_dags/example_dag_decorator.py
[2026-07-17T23:50:44.359+0530] {processor.py:925} INFO - DAG(s) 'example_dag_decorator' retrieved from /Users/bhavishyachallagolla/Desktop/RetailSense/.venv/lib/python3.12/site-packages/airflow/example_dags/example_dag_decorator.py
[2026-07-17T23:50:44.425+0530] {logging_mixin.py:190} INFO - [2026-07-17T23:50:44.425+0530] {dag.py:3239} INFO - Sync 1 DAGs
[2026-07-17T23:50:44.427+0530] {logging_mixin.py:190} INFO - [2026-07-17T23:50:44.427+0530] {dag.py:4180} INFO - Setting next_dagrun for example_dag_decorator to None, run_after=None
[2026-07-17T23:50:44.432+0530] {processor.py:208} INFO - Processing /Users/bhavishyachallagolla/Desktop/RetailSense/.venv/lib/python3.12/site-packages/airflow/example_dags/example_dag_decorator.py took 0.119 seconds
[2026-07-17T23:52:26.712+0530] {processor.py:186} INFO - Started process (PID=780) to work on /Users/bhavishyachallagolla/Desktop/RetailSense/.venv/lib/python3.12/site-packages/airflow/example_dags/example_dag_decorator.py
[2026-07-17T23:52:26.713+0530] {processor.py:914} INFO - Processing file /Users/bhavishyachallagolla/Desktop/RetailSense/.venv/lib/python3.12/site-packages/airflow/example_dags/example_dag_decorator.py for tasks to queue
[2026-07-17T23:52:26.713+0530] {logging_mixin.py:190} INFO - [2026-07-17T23:52:26.713+0530] {dagbag.py:588} INFO - Filling up the DagBag from /Users/bhavishyachallagolla/Desktop/RetailSense/.venv/lib/python3.12/site-packages/airflow/example_dags/example_dag_decorator.py
[2026-07-17T23:52:26.762+0530] {processor.py:925} INFO - DAG(s) 'example_dag_decorator' retrieved from /Users/bhavishyachallagolla/Desktop/RetailSense/.venv/lib/python3.12/site-packages/airflow/example_dags/example_dag_decorator.py
[2026-07-17T23:52:26.834+0530] {logging_mixin.py:190} INFO - [2026-07-17T23:52:26.834+0530] {dag.py:3239} INFO - Sync 1 DAGs
[2026-07-17T23:52:26.837+0530] {logging_mixin.py:190} INFO - [2026-07-17T23:52:26.837+0530] {dag.py:4180} INFO - Setting next_dagrun for example_dag_decorator to None, run_after=None
[2026-07-17T23:52:26.843+0530] {processor.py:208} INFO - Processing /Users/bhavishyachallagolla/Desktop/RetailSense/.venv/lib/python3.12/site-packages/airflow/example_dags/example_dag_decorator.py took 0.132 seconds
[2026-07-17T23:54:16.627+0530] {processor.py:186} INFO - Started process (PID=991) to work on /Users/bhavishyachallagolla/Desktop/RetailSense/.venv/lib/python3.12/site-packages/airflow/example_dags/example_dag_decorator.py
[2026-07-17T23:54:16.628+0530] {processor.py:914} INFO - Processing file /Users/bhavishyachallagolla/Desktop/RetailSense/.venv/lib/python3.12/site-packages/airflow/example_dags/example_dag_decorator.py for tasks to queue
[2026-07-17T23:54:16.628+0530] {logging_mixin.py:190} INFO - [2026-07-17T23:54:16.628+0530] {dagbag.py:588} INFO - Filling up the DagBag from /Users/bhavishyachallagolla/Desktop/RetailSense/.venv/lib/python3.12/site-packages/airflow/example_dags/example_dag_decorator.py
[2026-07-17T23:54:16.674+0530] {processor.py:925} INFO - DAG(s) 'example_dag_decorator' retrieved from /Users/bhavishyachallagolla/Desktop/RetailSense/.venv/lib/python3.12/site-packages/airflow/example_dags/example_dag_decorator.py
[2026-07-17T23:54:16.755+0530] {logging_mixin.py:190} INFO - [2026-07-17T23:54:16.755+0530] {dag.py:3239} INFO - Sync 1 DAGs
[2026-07-17T23:54:16.758+0530] {logging_mixin.py:190} INFO - [2026-07-17T23:54:16.757+0530] {dag.py:4180} INFO - Setting next_dagrun for example_dag_decorator to None, run_after=None
[2026-07-17T23:54:16.763+0530] {processor.py:208} INFO - Processing /Users/bhavishyachallagolla/Desktop/RetailSense/.venv/lib/python3.12/site-packages/airflow/example_dags/example_dag_decorator.py took 0.136 seconds
[2026-07-17T23:56:18.246+0530] {processor.py:186} INFO - Started process (PID=1195) to work on /Users/bhavishyachallagolla/Desktop/RetailSense/.venv/lib/python3.12/site-packages/airflow/example_dags/example_dag_decorator.py
[2026-07-17T23:56:18.247+0530] {processor.py:914} INFO - Processing file /Users/bhavishyachallagolla/Desktop/RetailSense/.venv/lib/python3.12/site-packages/airflow/example_dags/example_dag_decorator.py for tasks to queue
[2026-07-17T23:56:18.247+0530] {logging_mixin.py:190} INFO - [2026-07-17T23:56:18.247+0530] {dagbag.py:588} INFO - Filling up the DagBag from /Users/bhavishyachallagolla/Desktop/RetailSense/.venv/lib/python3.12/site-packages/airflow/example_dags/example_dag_decorator.py
[2026-07-17T23:56:18.292+0530] {processor.py:925} INFO - DAG(s) 'example_dag_decorator' retrieved from /Users/bhavishyachallagolla/Desktop/RetailSense/.venv/lib/python3.12/site-packages/airflow/example_dags/example_dag_decorator.py
[2026-07-17T23:56:18.358+0530] {logging_mixin.py:190} INFO - [2026-07-17T23:56:18.358+0530] {dag.py:3239} INFO - Sync 1 DAGs
[2026-07-17T23:56:18.360+0530] {logging_mixin.py:190} INFO - [2026-07-17T23:56:18.360+0530] {dag.py:4180} INFO - Setting next_dagrun for example_dag_decorator to None, run_after=None
[2026-07-17T23:56:18.366+0530] {processor.py:208} INFO - Processing /Users/bhavishyachallagolla/Desktop/RetailSense/.venv/lib/python3.12/site-packages/airflow/example_dags/example_dag_decorator.py took 0.120 seconds
