[2026-07-17T20:10:49.567+0530] {processor.py:186} INFO - Started process (PID=87349) to work on /Users/bhavishyachallagolla/Desktop/RetailSense/.venv/lib/python3.12/site-packages/airflow/example_dags/example_branch_python_dop_operator_3.py
[2026-07-17T20:10:49.567+0530] {processor.py:914} INFO - Processing file /Users/bhavishyachallagolla/Desktop/RetailSense/.venv/lib/python3.12/site-packages/airflow/example_dags/example_branch_python_dop_operator_3.py for tasks to queue
[2026-07-17T20:10:49.567+0530] {logging_mixin.py:190} INFO - [2026-07-17T20:10:49.567+0530] {dagbag.py:588} INFO - Filling up the DagBag from /Users/bhavishyachallagolla/Desktop/RetailSense/.venv/lib/python3.12/site-packages/airflow/example_dags/example_branch_python_dop_operator_3.py
[2026-07-17T20:10:49.580+0530] {processor.py:925} INFO - DAG(s) 'example_branch_dop_operator_v3' retrieved from /Users/bhavishyachallagolla/Desktop/RetailSense/.venv/lib/python3.12/site-packages/airflow/example_dags/example_branch_python_dop_operator_3.py
[2026-07-17T20:10:49.626+0530] {logging_mixin.py:190} INFO - [2026-07-17T20:10:49.626+0530] {dag.py:3239} INFO - Sync 1 DAGs
[2026-07-17T20:10:49.632+0530] {logging_mixin.py:190} INFO - [2026-07-17T20:10:49.632+0530] {dag.py:4180} INFO - Setting next_dagrun for example_branch_dop_operator_v3 to 2026-07-17 14:39:00+00:00, run_after=2026-07-17 14:40:00+00:00
[2026-07-17T20:10:49.656+0530] {processor.py:208} INFO - Processing /Users/bhavishyachallagolla/Desktop/RetailSense/.venv/lib/python3.12/site-packages/airflow/example_dags/example_branch_python_dop_operator_3.py took 0.090 seconds
[2026-07-17T20:12:29.443+0530] {processor.py:186} INFO - Started process (PID=87499) to work on /Users/bhavishyachallagolla/Desktop/RetailSense/.venv/lib/python3.12/site-packages/airflow/example_dags/example_branch_python_dop_operator_3.py
[2026-07-17T20:12:29.444+0530] {processor.py:914} INFO - Processing file /Users/bhavishyachallagolla/Desktop/RetailSense/.venv/lib/python3.12/site-packages/airflow/example_dags/example_branch_python_dop_operator_3.py for tasks to queue
[2026-07-17T20:12:29.444+0530] {logging_mixin.py:190} INFO - [2026-07-17T20:12:29.444+0530] {dagbag.py:588} INFO - Filling up the DagBag from /Users/bhavishyachallagolla/Desktop/RetailSense/.venv/lib/python3.12/site-packages/airflow/example_dags/example_branch_python_dop_operator_3.py
[2026-07-17T20:12:29.456+0530] {processor.py:925} INFO - DAG(s) 'example_branch_dop_operator_v3' retrieved from /Users/bhavishyachallagolla/Desktop/RetailSense/.venv/lib/python3.12/site-packages/airflow/example_dags/example_branch_python_dop_operator_3.py
[2026-07-17T20:12:29.480+0530] {logging_mixin.py:190} INFO - [2026-07-17T20:12:29.480+0530] {dag.py:3239} INFO - Sync 1 DAGs
[2026-07-17T20:12:29.485+0530] {logging_mixin.py:190} INFO - [2026-07-17T20:12:29.485+0530] {dag.py:4180} INFO - Setting next_dagrun for example_branch_dop_operator_v3 to 2026-07-17 14:41:00+00:00, run_after=2026-07-17 14:42:00+00:00
[2026-07-17T20:12:29.490+0530] {processor.py:208} INFO - Processing /Users/bhavishyachallagolla/Desktop/RetailSense/.venv/lib/python3.12/site-packages/airflow/example_dags/example_branch_python_dop_operator_3.py took 0.048 seconds
[2026-07-17T20:14:08.646+0530] {processor.py:186} INFO - Started process (PID=87652) to work on /Users/bhavishyachallagolla/Desktop/RetailSense/.venv/lib/python3.12/site-packages/airflow/example_dags/example_branch_python_dop_operator_3.py
[2026-07-17T20:14:08.647+0530] {processor.py:914} INFO - Processing file /Users/bhavishyachallagolla/Desktop/RetailSense/.venv/lib/python3.12/site-packages/airflow/example_dags/example_branch_python_dop_operator_3.py for tasks to queue
[2026-07-17T20:14:08.647+0530] {logging_mixin.py:190} INFO - [2026-07-17T20:14:08.647+0530] {dagbag.py:588} INFO - Filling up the DagBag from /Users/bhavishyachallagolla/Desktop/RetailSense/.venv/lib/python3.12/site-packages/airflow/example_dags/example_branch_python_dop_operator_3.py
[2026-07-17T20:14:08.660+0530] {processor.py:925} INFO - DAG(s) 'example_branch_dop_operator_v3' retrieved from /Users/bhavishyachallagolla/Desktop/RetailSense/.venv/lib/python3.12/site-packages/airflow/example_dags/example_branch_python_dop_operator_3.py
[2026-07-17T20:14:08.684+0530] {logging_mixin.py:190} INFO - [2026-07-17T20:14:08.684+0530] {dag.py:3239} INFO - Sync 1 DAGs
[2026-07-17T20:14:08.689+0530] {logging_mixin.py:190} INFO - [2026-07-17T20:14:08.689+0530] {dag.py:4180} INFO - Setting next_dagrun for example_branch_dop_operator_v3 to 2026-07-17 14:43:00+00:00, run_after=2026-07-17 14:44:00+00:00
[2026-07-17T20:14:08.694+0530] {processor.py:208} INFO - Processing /Users/bhavishyachallagolla/Desktop/RetailSense/.venv/lib/python3.12/site-packages/airflow/example_dags/example_branch_python_dop_operator_3.py took 0.049 seconds
[2026-07-17T20:15:49.400+0530] {processor.py:186} INFO - Started process (PID=87818) to work on /Users/bhavishyachallagolla/Desktop/RetailSense/.venv/lib/python3.12/site-packages/airflow/example_dags/example_branch_python_dop_operator_3.py
[2026-07-17T20:15:49.400+0530] {processor.py:914} INFO - Processing file /Users/bhavishyachallagolla/Desktop/RetailSense/.venv/lib/python3.12/site-packages/airflow/example_dags/example_branch_python_dop_operator_3.py for tasks to queue
[2026-07-17T20:15:49.401+0530] {logging_mixin.py:190} INFO - [2026-07-17T20:15:49.401+0530] {dagbag.py:588} INFO - Filling up the DagBag from /Users/bhavishyachallagolla/Desktop/RetailSense/.venv/lib/python3.12/site-packages/airflow/example_dags/example_branch_python_dop_operator_3.py
[2026-07-17T20:15:49.414+0530] {processor.py:925} INFO - DAG(s) 'example_branch_dop_operator_v3' retrieved from /Users/bhavishyachallagolla/Desktop/RetailSense/.venv/lib/python3.12/site-packages/airflow/example_dags/example_branch_python_dop_operator_3.py
[2026-07-17T20:15:49.438+0530] {logging_mixin.py:190} INFO - [2026-07-17T20:15:49.438+0530] {dag.py:3239} INFO - Sync 1 DAGs
[2026-07-17T20:15:49.444+0530] {logging_mixin.py:190} INFO - [2026-07-17T20:15:49.444+0530] {dag.py:4180} INFO - Setting next_dagrun for example_branch_dop_operator_v3 to 2026-07-17 14:44:00+00:00, run_after=2026-07-17 14:45:00+00:00
[2026-07-17T20:15:49.449+0530] {processor.py:208} INFO - Processing /Users/bhavishyachallagolla/Desktop/RetailSense/.venv/lib/python3.12/site-packages/airflow/example_dags/example_branch_python_dop_operator_3.py took 0.050 seconds
[2026-07-17T20:17:28.064+0530] {processor.py:186} INFO - Started process (PID=87965) to work on /Users/bhavishyachallagolla/Desktop/RetailSense/.venv/lib/python3.12/site-packages/airflow/example_dags/example_branch_python_dop_operator_3.py
[2026-07-17T20:17:28.064+0530] {processor.py:914} INFO - Processing file /Users/bhavishyachallagolla/Desktop/RetailSense/.venv/lib/python3.12/site-packages/airflow/example_dags/example_branch_python_dop_operator_3.py for tasks to queue
[2026-07-17T20:17:28.065+0530] {logging_mixin.py:190} INFO - [2026-07-17T20:17:28.065+0530] {dagbag.py:588} INFO - Filling up the DagBag from /Users/bhavishyachallagolla/Desktop/RetailSense/.venv/lib/python3.12/site-packages/airflow/example_dags/example_branch_python_dop_operator_3.py
[2026-07-17T20:17:28.077+0530] {processor.py:925} INFO - DAG(s) 'example_branch_dop_operator_v3' retrieved from /Users/bhavishyachallagolla/Desktop/RetailSense/.venv/lib/python3.12/site-packages/airflow/example_dags/example_branch_python_dop_operator_3.py
[2026-07-17T20:17:28.102+0530] {logging_mixin.py:190} INFO - [2026-07-17T20:17:28.102+0530] {dag.py:3239} INFO - Sync 1 DAGs
[2026-07-17T20:17:28.107+0530] {logging_mixin.py:190} INFO - [2026-07-17T20:17:28.107+0530] {dag.py:4180} INFO - Setting next_dagrun for example_branch_dop_operator_v3 to 2026-07-17 14:46:00+00:00, run_after=2026-07-17 14:47:00+00:00
[2026-07-17T20:17:28.112+0530] {processor.py:208} INFO - Processing /Users/bhavishyachallagolla/Desktop/RetailSense/.venv/lib/python3.12/site-packages/airflow/example_dags/example_branch_python_dop_operator_3.py took 0.049 seconds
[2026-07-17T20:19:09.109+0530] {processor.py:186} INFO - Started process (PID=88120) to work on /Users/bhavishyachallagolla/Desktop/RetailSense/.venv/lib/python3.12/site-packages/airflow/example_dags/example_branch_python_dop_operator_3.py
[2026-07-17T20:19:09.110+0530] {processor.py:914} INFO - Processing file /Users/bhavishyachallagolla/Desktop/RetailSense/.venv/lib/python3.12/site-packages/airflow/example_dags/example_branch_python_dop_operator_3.py for tasks to queue
[2026-07-17T20:19:09.110+0530] {logging_mixin.py:190} INFO - [2026-07-17T20:19:09.110+0530] {dagbag.py:588} INFO - Filling up the DagBag from /Users/bhavishyachallagolla/Desktop/RetailSense/.venv/lib/python3.12/site-packages/airflow/example_dags/example_branch_python_dop_operator_3.py
[2026-07-17T20:19:09.123+0530] {processor.py:925} INFO - DAG(s) 'example_branch_dop_operator_v3' retrieved from /Users/bhavishyachallagolla/Desktop/RetailSense/.venv/lib/python3.12/site-packages/airflow/example_dags/example_branch_python_dop_operator_3.py
[2026-07-17T20:19:09.148+0530] {logging_mixin.py:190} INFO - [2026-07-17T20:19:09.148+0530] {dag.py:3239} INFO - Sync 1 DAGs
[2026-07-17T20:19:09.154+0530] {logging_mixin.py:190} INFO - [2026-07-17T20:19:09.154+0530] {dag.py:4180} INFO - Setting next_dagrun for example_branch_dop_operator_v3 to 2026-07-17 14:48:00+00:00, run_after=2026-07-17 14:49:00+00:00
[2026-07-17T20:19:09.159+0530] {processor.py:208} INFO - Processing /Users/bhavishyachallagolla/Desktop/RetailSense/.venv/lib/python3.12/site-packages/airflow/example_dags/example_branch_python_dop_operator_3.py took 0.051 seconds
[2026-07-17T20:20:46.850+0530] {processor.py:186} INFO - Started process (PID=88285) to work on /Users/bhavishyachallagolla/Desktop/RetailSense/.venv/lib/python3.12/site-packages/airflow/example_dags/example_branch_python_dop_operator_3.py
[2026-07-17T20:20:46.851+0530] {processor.py:914} INFO - Processing file /Users/bhavishyachallagolla/Desktop/RetailSense/.venv/lib/python3.12/site-packages/airflow/example_dags/example_branch_python_dop_operator_3.py for tasks to queue
[2026-07-17T20:20:46.851+0530] {logging_mixin.py:190} INFO - [2026-07-17T20:20:46.851+0530] {dagbag.py:588} INFO - Filling up the DagBag from /Users/bhavishyachallagolla/Desktop/RetailSense/.venv/lib/python3.12/site-packages/airflow/example_dags/example_branch_python_dop_operator_3.py
[2026-07-17T20:20:46.864+0530] {processor.py:925} INFO - DAG(s) 'example_branch_dop_operator_v3' retrieved from /Users/bhavishyachallagolla/Desktop/RetailSense/.venv/lib/python3.12/site-packages/airflow/example_dags/example_branch_python_dop_operator_3.py
[2026-07-17T20:20:46.888+0530] {logging_mixin.py:190} INFO - [2026-07-17T20:20:46.888+0530] {dag.py:3239} INFO - Sync 1 DAGs
[2026-07-17T20:20:46.893+0530] {logging_mixin.py:190} INFO - [2026-07-17T20:20:46.893+0530] {dag.py:4180} INFO - Setting next_dagrun for example_branch_dop_operator_v3 to 2026-07-17 14:49:00+00:00, run_after=2026-07-17 14:50:00+00:00
[2026-07-17T20:20:46.898+0530] {processor.py:208} INFO - Processing /Users/bhavishyachallagolla/Desktop/RetailSense/.venv/lib/python3.12/site-packages/airflow/example_dags/example_branch_python_dop_operator_3.py took 0.049 seconds
[2026-07-17T20:22:28.512+0530] {processor.py:186} INFO - Started process (PID=88440) to work on /Users/bhavishyachallagolla/Desktop/RetailSense/.venv/lib/python3.12/site-packages/airflow/example_dags/example_branch_python_dop_operator_3.py
[2026-07-17T20:22:28.514+0530] {processor.py:914} INFO - Processing file /Users/bhavishyachallagolla/Desktop/RetailSense/.venv/lib/python3.12/site-packages/airflow/example_dags/example_branch_python_dop_operator_3.py for tasks to queue
[2026-07-17T20:22:28.514+0530] {logging_mixin.py:190} INFO - [2026-07-17T20:22:28.514+0530] {dagbag.py:588} INFO - Filling up the DagBag from /Users/bhavishyachallagolla/Desktop/RetailSense/.venv/lib/python3.12/site-packages/airflow/example_dags/example_branch_python_dop_operator_3.py
[2026-07-17T20:22:28.526+0530] {processor.py:925} INFO - DAG(s) 'example_branch_dop_operator_v3' retrieved from /Users/bhavishyachallagolla/Desktop/RetailSense/.venv/lib/python3.12/site-packages/airflow/example_dags/example_branch_python_dop_operator_3.py
[2026-07-17T20:22:28.550+0530] {logging_mixin.py:190} INFO - [2026-07-17T20:22:28.550+0530] {dag.py:3239} INFO - Sync 1 DAGs
[2026-07-17T20:22:28.556+0530] {logging_mixin.py:190} INFO - [2026-07-17T20:22:28.556+0530] {dag.py:4180} INFO - Setting next_dagrun for example_branch_dop_operator_v3 to 2026-07-17 14:51:00+00:00, run_after=2026-07-17 14:52:00+00:00
[2026-07-17T20:22:28.560+0530] {processor.py:208} INFO - Processing /Users/bhavishyachallagolla/Desktop/RetailSense/.venv/lib/python3.12/site-packages/airflow/example_dags/example_branch_python_dop_operator_3.py took 0.049 seconds
[2026-07-17T20:24:09.693+0530] {processor.py:186} INFO - Started process (PID=88597) to work on /Users/bhavishyachallagolla/Desktop/RetailSense/.venv/lib/python3.12/site-packages/airflow/example_dags/example_branch_python_dop_operator_3.py
[2026-07-17T20:24:09.694+0530] {processor.py:914} INFO - Processing file /Users/bhavishyachallagolla/Desktop/RetailSense/.venv/lib/python3.12/site-packages/airflow/example_dags/example_branch_python_dop_operator_3.py for tasks to queue
[2026-07-17T20:24:09.695+0530] {logging_mixin.py:190} INFO - [2026-07-17T20:24:09.694+0530] {dagbag.py:588} INFO - Filling up the DagBag from /Users/bhavishyachallagolla/Desktop/RetailSense/.venv/lib/python3.12/site-packages/airflow/example_dags/example_branch_python_dop_operator_3.py
[2026-07-17T20:24:09.707+0530] {processor.py:925} INFO - DAG(s) 'example_branch_dop_operator_v3' retrieved from /Users/bhavishyachallagolla/Desktop/RetailSense/.venv/lib/python3.12/site-packages/airflow/example_dags/example_branch_python_dop_operator_3.py
[2026-07-17T20:24:09.732+0530] {logging_mixin.py:190} INFO - [2026-07-17T20:24:09.732+0530] {dag.py:3239} INFO - Sync 1 DAGs
[2026-07-17T20:24:09.737+0530] {logging_mixin.py:190} INFO - [2026-07-17T20:24:09.737+0530] {dag.py:4180} INFO - Setting next_dagrun for example_branch_dop_operator_v3 to 2026-07-17 14:53:00+00:00, run_after=2026-07-17 14:54:00+00:00
[2026-07-17T20:24:09.742+0530] {processor.py:208} INFO - Processing /Users/bhavishyachallagolla/Desktop/RetailSense/.venv/lib/python3.12/site-packages/airflow/example_dags/example_branch_python_dop_operator_3.py took 0.050 seconds
[2026-07-17T20:25:50.546+0530] {processor.py:186} INFO - Started process (PID=88749) to work on /Users/bhavishyachallagolla/Desktop/RetailSense/.venv/lib/python3.12/site-packages/airflow/example_dags/example_branch_python_dop_operator_3.py
[2026-07-17T20:25:50.546+0530] {processor.py:914} INFO - Processing file /Users/bhavishyachallagolla/Desktop/RetailSense/.venv/lib/python3.12/site-packages/airflow/example_dags/example_branch_python_dop_operator_3.py for tasks to queue
[2026-07-17T20:25:50.547+0530] {logging_mixin.py:190} INFO - [2026-07-17T20:25:50.547+0530] {dagbag.py:588} INFO - Filling up the DagBag from /Users/bhavishyachallagolla/Desktop/RetailSense/.venv/lib/python3.12/site-packages/airflow/example_dags/example_branch_python_dop_operator_3.py
[2026-07-17T20:25:50.559+0530] {processor.py:925} INFO - DAG(s) 'example_branch_dop_operator_v3' retrieved from /Users/bhavishyachallagolla/Desktop/RetailSense/.venv/lib/python3.12/site-packages/airflow/example_dags/example_branch_python_dop_operator_3.py
[2026-07-17T20:25:50.584+0530] {logging_mixin.py:190} INFO - [2026-07-17T20:25:50.583+0530] {dag.py:3239} INFO - Sync 1 DAGs
[2026-07-17T20:25:50.589+0530] {logging_mixin.py:190} INFO - [2026-07-17T20:25:50.589+0530] {dag.py:4180} INFO - Setting next_dagrun for example_branch_dop_operator_v3 to 2026-07-17 14:54:00+00:00, run_after=2026-07-17 14:55:00+00:00
[2026-07-17T20:25:50.594+0530] {processor.py:208} INFO - Processing /Users/bhavishyachallagolla/Desktop/RetailSense/.venv/lib/python3.12/site-packages/airflow/example_dags/example_branch_python_dop_operator_3.py took 0.049 seconds
[2026-07-17T20:27:31.497+0530] {processor.py:186} INFO - Started process (PID=88914) to work on /Users/bhavishyachallagolla/Desktop/RetailSense/.venv/lib/python3.12/site-packages/airflow/example_dags/example_branch_python_dop_operator_3.py
[2026-07-17T20:27:31.498+0530] {processor.py:914} INFO - Processing file /Users/bhavishyachallagolla/Desktop/RetailSense/.venv/lib/python3.12/site-packages/airflow/example_dags/example_branch_python_dop_operator_3.py for tasks to queue
[2026-07-17T20:27:31.498+0530] {logging_mixin.py:190} INFO - [2026-07-17T20:27:31.498+0530] {dagbag.py:588} INFO - Filling up the DagBag from /Users/bhavishyachallagolla/Desktop/RetailSense/.venv/lib/python3.12/site-packages/airflow/example_dags/example_branch_python_dop_operator_3.py
[2026-07-17T20:27:31.511+0530] {processor.py:925} INFO - DAG(s) 'example_branch_dop_operator_v3' retrieved from /Users/bhavishyachallagolla/Desktop/RetailSense/.venv/lib/python3.12/site-packages/airflow/example_dags/example_branch_python_dop_operator_3.py
[2026-07-17T20:27:31.536+0530] {logging_mixin.py:190} INFO - [2026-07-17T20:27:31.536+0530] {dag.py:3239} INFO - Sync 1 DAGs
[2026-07-17T20:27:31.541+0530] {logging_mixin.py:190} INFO - [2026-07-17T20:27:31.541+0530] {dag.py:4180} INFO - Setting next_dagrun for example_branch_dop_operator_v3 to 2026-07-17 14:56:00+00:00, run_after=2026-07-17 14:57:00+00:00
[2026-07-17T20:27:31.546+0530] {processor.py:208} INFO - Processing /Users/bhavishyachallagolla/Desktop/RetailSense/.venv/lib/python3.12/site-packages/airflow/example_dags/example_branch_python_dop_operator_3.py took 0.049 seconds
[2026-07-17T20:29:07.649+0530] {processor.py:186} INFO - Started process (PID=89063) to work on /Users/bhavishyachallagolla/Desktop/RetailSense/.venv/lib/python3.12/site-packages/airflow/example_dags/example_branch_python_dop_operator_3.py
[2026-07-17T20:29:07.649+0530] {processor.py:914} INFO - Processing file /Users/bhavishyachallagolla/Desktop/RetailSense/.venv/lib/python3.12/site-packages/airflow/example_dags/example_branch_python_dop_operator_3.py for tasks to queue
[2026-07-17T20:29:07.649+0530] {logging_mixin.py:190} INFO - [2026-07-17T20:29:07.649+0530] {dagbag.py:588} INFO - Filling up the DagBag from /Users/bhavishyachallagolla/Desktop/RetailSense/.venv/lib/python3.12/site-packages/airflow/example_dags/example_branch_python_dop_operator_3.py
[2026-07-17T20:29:07.662+0530] {processor.py:925} INFO - DAG(s) 'example_branch_dop_operator_v3' retrieved from /Users/bhavishyachallagolla/Desktop/RetailSense/.venv/lib/python3.12/site-packages/airflow/example_dags/example_branch_python_dop_operator_3.py
[2026-07-17T20:29:07.686+0530] {logging_mixin.py:190} INFO - [2026-07-17T20:29:07.686+0530] {dag.py:3239} INFO - Sync 1 DAGs
[2026-07-17T20:29:07.691+0530] {logging_mixin.py:190} INFO - [2026-07-17T20:29:07.691+0530] {dag.py:4180} INFO - Setting next_dagrun for example_branch_dop_operator_v3 to 2026-07-17 14:58:00+00:00, run_after=2026-07-17 14:59:00+00:00
[2026-07-17T20:29:07.696+0530] {processor.py:208} INFO - Processing /Users/bhavishyachallagolla/Desktop/RetailSense/.venv/lib/python3.12/site-packages/airflow/example_dags/example_branch_python_dop_operator_3.py took 0.048 seconds
[2026-07-17T20:30:47.686+0530] {processor.py:186} INFO - Started process (PID=89220) to work on /Users/bhavishyachallagolla/Desktop/RetailSense/.venv/lib/python3.12/site-packages/airflow/example_dags/example_branch_python_dop_operator_3.py
[2026-07-17T20:30:47.687+0530] {processor.py:914} INFO - Processing file /Users/bhavishyachallagolla/Desktop/RetailSense/.venv/lib/python3.12/site-packages/airflow/example_dags/example_branch_python_dop_operator_3.py for tasks to queue
[2026-07-17T20:30:47.687+0530] {logging_mixin.py:190} INFO - [2026-07-17T20:30:47.687+0530] {dagbag.py:588} INFO - Filling up the DagBag from /Users/bhavishyachallagolla/Desktop/RetailSense/.venv/lib/python3.12/site-packages/airflow/example_dags/example_branch_python_dop_operator_3.py
[2026-07-17T20:30:47.700+0530] {processor.py:925} INFO - DAG(s) 'example_branch_dop_operator_v3' retrieved from /Users/bhavishyachallagolla/Desktop/RetailSense/.venv/lib/python3.12/site-packages/airflow/example_dags/example_branch_python_dop_operator_3.py
[2026-07-17T20:30:47.724+0530] {logging_mixin.py:190} INFO - [2026-07-17T20:30:47.724+0530] {dag.py:3239} INFO - Sync 1 DAGs
[2026-07-17T20:30:47.730+0530] {logging_mixin.py:190} INFO - [2026-07-17T20:30:47.729+0530] {dag.py:4180} INFO - Setting next_dagrun for example_branch_dop_operator_v3 to 2026-07-17 14:59:00+00:00, run_after=2026-07-17 15:00:00+00:00
[2026-07-17T20:30:47.734+0530] {processor.py:208} INFO - Processing /Users/bhavishyachallagolla/Desktop/RetailSense/.venv/lib/python3.12/site-packages/airflow/example_dags/example_branch_python_dop_operator_3.py took 0.049 seconds
[2026-07-17T20:32:28.804+0530] {processor.py:186} INFO - Started process (PID=89370) to work on /Users/bhavishyachallagolla/Desktop/RetailSense/.venv/lib/python3.12/site-packages/airflow/example_dags/example_branch_python_dop_operator_3.py
[2026-07-17T20:32:28.805+0530] {processor.py:914} INFO - Processing file /Users/bhavishyachallagolla/Desktop/RetailSense/.venv/lib/python3.12/site-packages/airflow/example_dags/example_branch_python_dop_operator_3.py for tasks to queue
[2026-07-17T20:32:28.805+0530] {logging_mixin.py:190} INFO - [2026-07-17T20:32:28.805+0530] {dagbag.py:588} INFO - Filling up the DagBag from /Users/bhavishyachallagolla/Desktop/RetailSense/.venv/lib/python3.12/site-packages/airflow/example_dags/example_branch_python_dop_operator_3.py
[2026-07-17T20:32:28.817+0530] {processor.py:925} INFO - DAG(s) 'example_branch_dop_operator_v3' retrieved from /Users/bhavishyachallagolla/Desktop/RetailSense/.venv/lib/python3.12/site-packages/airflow/example_dags/example_branch_python_dop_operator_3.py
[2026-07-17T20:32:28.841+0530] {logging_mixin.py:190} INFO - [2026-07-17T20:32:28.840+0530] {dag.py:3239} INFO - Sync 1 DAGs
[2026-07-17T20:32:28.846+0530] {logging_mixin.py:190} INFO - [2026-07-17T20:32:28.846+0530] {dag.py:4180} INFO - Setting next_dagrun for example_branch_dop_operator_v3 to 2026-07-17 15:01:00+00:00, run_after=2026-07-17 15:02:00+00:00
[2026-07-17T20:32:28.851+0530] {processor.py:208} INFO - Processing /Users/bhavishyachallagolla/Desktop/RetailSense/.venv/lib/python3.12/site-packages/airflow/example_dags/example_branch_python_dop_operator_3.py took 0.047 seconds
[2026-07-17T20:34:09.744+0530] {processor.py:186} INFO - Started process (PID=89520) to work on /Users/bhavishyachallagolla/Desktop/RetailSense/.venv/lib/python3.12/site-packages/airflow/example_dags/example_branch_python_dop_operator_3.py
[2026-07-17T20:34:09.745+0530] {processor.py:914} INFO - Processing file /Users/bhavishyachallagolla/Desktop/RetailSense/.venv/lib/python3.12/site-packages/airflow/example_dags/example_branch_python_dop_operator_3.py for tasks to queue
[2026-07-17T20:34:09.745+0530] {logging_mixin.py:190} INFO - [2026-07-17T20:34:09.745+0530] {dagbag.py:588} INFO - Filling up the DagBag from /Users/bhavishyachallagolla/Desktop/RetailSense/.venv/lib/python3.12/site-packages/airflow/example_dags/example_branch_python_dop_operator_3.py
[2026-07-17T20:34:09.758+0530] {processor.py:925} INFO - DAG(s) 'example_branch_dop_operator_v3' retrieved from /Users/bhavishyachallagolla/Desktop/RetailSense/.venv/lib/python3.12/site-packages/airflow/example_dags/example_branch_python_dop_operator_3.py
[2026-07-17T20:34:09.783+0530] {logging_mixin.py:190} INFO - [2026-07-17T20:34:09.783+0530] {dag.py:3239} INFO - Sync 1 DAGs
[2026-07-17T20:34:09.788+0530] {logging_mixin.py:190} INFO - [2026-07-17T20:34:09.788+0530] {dag.py:4180} INFO - Setting next_dagrun for example_branch_dop_operator_v3 to 2026-07-17 15:03:00+00:00, run_after=2026-07-17 15:04:00+00:00
[2026-07-17T20:34:09.793+0530] {processor.py:208} INFO - Processing /Users/bhavishyachallagolla/Desktop/RetailSense/.venv/lib/python3.12/site-packages/airflow/example_dags/example_branch_python_dop_operator_3.py took 0.050 seconds
[2026-07-17T20:35:50.180+0530] {processor.py:186} INFO - Started process (PID=89669) to work on /Users/bhavishyachallagolla/Desktop/RetailSense/.venv/lib/python3.12/site-packages/airflow/example_dags/example_branch_python_dop_operator_3.py
[2026-07-17T20:35:50.180+0530] {processor.py:914} INFO - Processing file /Users/bhavishyachallagolla/Desktop/RetailSense/.venv/lib/python3.12/site-packages/airflow/example_dags/example_branch_python_dop_operator_3.py for tasks to queue
[2026-07-17T20:35:50.181+0530] {logging_mixin.py:190} INFO - [2026-07-17T20:35:50.181+0530] {dagbag.py:588} INFO - Filling up the DagBag from /Users/bhavishyachallagolla/Desktop/RetailSense/.venv/lib/python3.12/site-packages/airflow/example_dags/example_branch_python_dop_operator_3.py
[2026-07-17T20:35:50.193+0530] {processor.py:925} INFO - DAG(s) 'example_branch_dop_operator_v3' retrieved from /Users/bhavishyachallagolla/Desktop/RetailSense/.venv/lib/python3.12/site-packages/airflow/example_dags/example_branch_python_dop_operator_3.py
[2026-07-17T20:35:50.217+0530] {logging_mixin.py:190} INFO - [2026-07-17T20:35:50.217+0530] {dag.py:3239} INFO - Sync 1 DAGs
[2026-07-17T20:35:50.222+0530] {logging_mixin.py:190} INFO - [2026-07-17T20:35:50.222+0530] {dag.py:4180} INFO - Setting next_dagrun for example_branch_dop_operator_v3 to 2026-07-17 15:04:00+00:00, run_after=2026-07-17 15:05:00+00:00
[2026-07-17T20:35:50.227+0530] {processor.py:208} INFO - Processing /Users/bhavishyachallagolla/Desktop/RetailSense/.venv/lib/python3.12/site-packages/airflow/example_dags/example_branch_python_dop_operator_3.py took 0.047 seconds
[2026-07-17T20:37:31.144+0530] {processor.py:186} INFO - Started process (PID=89820) to work on /Users/bhavishyachallagolla/Desktop/RetailSense/.venv/lib/python3.12/site-packages/airflow/example_dags/example_branch_python_dop_operator_3.py
[2026-07-17T20:37:31.145+0530] {processor.py:914} INFO - Processing file /Users/bhavishyachallagolla/Desktop/RetailSense/.venv/lib/python3.12/site-packages/airflow/example_dags/example_branch_python_dop_operator_3.py for tasks to queue
[2026-07-17T20:37:31.145+0530] {logging_mixin.py:190} INFO - [2026-07-17T20:37:31.145+0530] {dagbag.py:588} INFO - Filling up the DagBag from /Users/bhavishyachallagolla/Desktop/RetailSense/.venv/lib/python3.12/site-packages/airflow/example_dags/example_branch_python_dop_operator_3.py
[2026-07-17T20:37:31.157+0530] {processor.py:925} INFO - DAG(s) 'example_branch_dop_operator_v3' retrieved from /Users/bhavishyachallagolla/Desktop/RetailSense/.venv/lib/python3.12/site-packages/airflow/example_dags/example_branch_python_dop_operator_3.py
[2026-07-17T20:37:31.182+0530] {logging_mixin.py:190} INFO - [2026-07-17T20:37:31.182+0530] {dag.py:3239} INFO - Sync 1 DAGs
[2026-07-17T20:37:31.187+0530] {logging_mixin.py:190} INFO - [2026-07-17T20:37:31.187+0530] {dag.py:4180} INFO - Setting next_dagrun for example_branch_dop_operator_v3 to 2026-07-17 15:06:00+00:00, run_after=2026-07-17 15:07:00+00:00
[2026-07-17T20:37:31.192+0530] {processor.py:208} INFO - Processing /Users/bhavishyachallagolla/Desktop/RetailSense/.venv/lib/python3.12/site-packages/airflow/example_dags/example_branch_python_dop_operator_3.py took 0.048 seconds
[2026-07-17T20:39:12.076+0530] {processor.py:186} INFO - Started process (PID=89987) to work on /Users/bhavishyachallagolla/Desktop/RetailSense/.venv/lib/python3.12/site-packages/airflow/example_dags/example_branch_python_dop_operator_3.py
[2026-07-17T20:39:12.077+0530] {processor.py:914} INFO - Processing file /Users/bhavishyachallagolla/Desktop/RetailSense/.venv/lib/python3.12/site-packages/airflow/example_dags/example_branch_python_dop_operator_3.py for tasks to queue
[2026-07-17T20:39:12.077+0530] {logging_mixin.py:190} INFO - [2026-07-17T20:39:12.077+0530] {dagbag.py:588} INFO - Filling up the DagBag from /Users/bhavishyachallagolla/Desktop/RetailSense/.venv/lib/python3.12/site-packages/airflow/example_dags/example_branch_python_dop_operator_3.py
[2026-07-17T20:39:12.090+0530] {processor.py:925} INFO - DAG(s) 'example_branch_dop_operator_v3' retrieved from /Users/bhavishyachallagolla/Desktop/RetailSense/.venv/lib/python3.12/site-packages/airflow/example_dags/example_branch_python_dop_operator_3.py
[2026-07-17T20:39:12.114+0530] {logging_mixin.py:190} INFO - [2026-07-17T20:39:12.114+0530] {dag.py:3239} INFO - Sync 1 DAGs
[2026-07-17T20:39:12.120+0530] {logging_mixin.py:190} INFO - [2026-07-17T20:39:12.119+0530] {dag.py:4180} INFO - Setting next_dagrun for example_branch_dop_operator_v3 to 2026-07-17 15:08:00+00:00, run_after=2026-07-17 15:09:00+00:00
[2026-07-17T20:39:12.124+0530] {processor.py:208} INFO - Processing /Users/bhavishyachallagolla/Desktop/RetailSense/.venv/lib/python3.12/site-packages/airflow/example_dags/example_branch_python_dop_operator_3.py took 0.049 seconds
[2026-07-17T20:40:52.851+0530] {processor.py:186} INFO - Started process (PID=90237) to work on /Users/bhavishyachallagolla/Desktop/RetailSense/.venv/lib/python3.12/site-packages/airflow/example_dags/example_branch_python_dop_operator_3.py
[2026-07-17T20:40:52.852+0530] {processor.py:914} INFO - Processing file /Users/bhavishyachallagolla/Desktop/RetailSense/.venv/lib/python3.12/site-packages/airflow/example_dags/example_branch_python_dop_operator_3.py for tasks to queue
[2026-07-17T20:40:52.852+0530] {logging_mixin.py:190} INFO - [2026-07-17T20:40:52.852+0530] {dagbag.py:588} INFO - Filling up the DagBag from /Users/bhavishyachallagolla/Desktop/RetailSense/.venv/lib/python3.12/site-packages/airflow/example_dags/example_branch_python_dop_operator_3.py
[2026-07-17T20:40:52.865+0530] {processor.py:925} INFO - DAG(s) 'example_branch_dop_operator_v3' retrieved from /Users/bhavishyachallagolla/Desktop/RetailSense/.venv/lib/python3.12/site-packages/airflow/example_dags/example_branch_python_dop_operator_3.py
[2026-07-17T20:40:52.889+0530] {logging_mixin.py:190} INFO - [2026-07-17T20:40:52.889+0530] {dag.py:3239} INFO - Sync 1 DAGs
[2026-07-17T20:40:52.894+0530] {logging_mixin.py:190} INFO - [2026-07-17T20:40:52.894+0530] {dag.py:4180} INFO - Setting next_dagrun for example_branch_dop_operator_v3 to 2026-07-17 15:09:00+00:00, run_after=2026-07-17 15:10:00+00:00
[2026-07-17T20:40:52.899+0530] {processor.py:208} INFO - Processing /Users/bhavishyachallagolla/Desktop/RetailSense/.venv/lib/python3.12/site-packages/airflow/example_dags/example_branch_python_dop_operator_3.py took 0.049 seconds
[2026-07-17T20:42:32.910+0530] {processor.py:186} INFO - Started process (PID=90404) to work on /Users/bhavishyachallagolla/Desktop/RetailSense/.venv/lib/python3.12/site-packages/airflow/example_dags/example_branch_python_dop_operator_3.py
[2026-07-17T20:42:32.911+0530] {processor.py:914} INFO - Processing file /Users/bhavishyachallagolla/Desktop/RetailSense/.venv/lib/python3.12/site-packages/airflow/example_dags/example_branch_python_dop_operator_3.py for tasks to queue
[2026-07-17T20:42:32.911+0530] {logging_mixin.py:190} INFO - [2026-07-17T20:42:32.911+0530] {dagbag.py:588} INFO - Filling up the DagBag from /Users/bhavishyachallagolla/Desktop/RetailSense/.venv/lib/python3.12/site-packages/airflow/example_dags/example_branch_python_dop_operator_3.py
[2026-07-17T20:42:32.924+0530] {processor.py:925} INFO - DAG(s) 'example_branch_dop_operator_v3' retrieved from /Users/bhavishyachallagolla/Desktop/RetailSense/.venv/lib/python3.12/site-packages/airflow/example_dags/example_branch_python_dop_operator_3.py
[2026-07-17T20:42:32.948+0530] {logging_mixin.py:190} INFO - [2026-07-17T20:42:32.948+0530] {dag.py:3239} INFO - Sync 1 DAGs
[2026-07-17T20:42:32.953+0530] {logging_mixin.py:190} INFO - [2026-07-17T20:42:32.953+0530] {dag.py:4180} INFO - Setting next_dagrun for example_branch_dop_operator_v3 to 2026-07-17 15:11:00+00:00, run_after=2026-07-17 15:12:00+00:00
[2026-07-17T20:42:32.958+0530] {processor.py:208} INFO - Processing /Users/bhavishyachallagolla/Desktop/RetailSense/.venv/lib/python3.12/site-packages/airflow/example_dags/example_branch_python_dop_operator_3.py took 0.049 seconds
[2026-07-17T20:44:13.208+0530] {processor.py:186} INFO - Started process (PID=90552) to work on /Users/bhavishyachallagolla/Desktop/RetailSense/.venv/lib/python3.12/site-packages/airflow/example_dags/example_branch_python_dop_operator_3.py
[2026-07-17T20:44:13.209+0530] {processor.py:914} INFO - Processing file /Users/bhavishyachallagolla/Desktop/RetailSense/.venv/lib/python3.12/site-packages/airflow/example_dags/example_branch_python_dop_operator_3.py for tasks to queue
[2026-07-17T20:44:13.210+0530] {logging_mixin.py:190} INFO - [2026-07-17T20:44:13.210+0530] {dagbag.py:588} INFO - Filling up the DagBag from /Users/bhavishyachallagolla/Desktop/RetailSense/.venv/lib/python3.12/site-packages/airflow/example_dags/example_branch_python_dop_operator_3.py
[2026-07-17T20:44:13.222+0530] {processor.py:925} INFO - DAG(s) 'example_branch_dop_operator_v3' retrieved from /Users/bhavishyachallagolla/Desktop/RetailSense/.venv/lib/python3.12/site-packages/airflow/example_dags/example_branch_python_dop_operator_3.py
[2026-07-17T20:44:13.246+0530] {logging_mixin.py:190} INFO - [2026-07-17T20:44:13.246+0530] {dag.py:3239} INFO - Sync 1 DAGs
[2026-07-17T20:44:13.251+0530] {logging_mixin.py:190} INFO - [2026-07-17T20:44:13.251+0530] {dag.py:4180} INFO - Setting next_dagrun for example_branch_dop_operator_v3 to 2026-07-17 15:13:00+00:00, run_after=2026-07-17 15:14:00+00:00
[2026-07-17T20:44:13.255+0530] {processor.py:208} INFO - Processing /Users/bhavishyachallagolla/Desktop/RetailSense/.venv/lib/python3.12/site-packages/airflow/example_dags/example_branch_python_dop_operator_3.py took 0.048 seconds
[2026-07-17T20:45:53.504+0530] {processor.py:186} INFO - Started process (PID=90712) to work on /Users/bhavishyachallagolla/Desktop/RetailSense/.venv/lib/python3.12/site-packages/airflow/example_dags/example_branch_python_dop_operator_3.py
[2026-07-17T20:45:53.504+0530] {processor.py:914} INFO - Processing file /Users/bhavishyachallagolla/Desktop/RetailSense/.venv/lib/python3.12/site-packages/airflow/example_dags/example_branch_python_dop_operator_3.py for tasks to queue
[2026-07-17T20:45:53.504+0530] {logging_mixin.py:190} INFO - [2026-07-17T20:45:53.504+0530] {dagbag.py:588} INFO - Filling up the DagBag from /Users/bhavishyachallagolla/Desktop/RetailSense/.venv/lib/python3.12/site-packages/airflow/example_dags/example_branch_python_dop_operator_3.py
[2026-07-17T20:45:53.516+0530] {processor.py:925} INFO - DAG(s) 'example_branch_dop_operator_v3' retrieved from /Users/bhavishyachallagolla/Desktop/RetailSense/.venv/lib/python3.12/site-packages/airflow/example_dags/example_branch_python_dop_operator_3.py
[2026-07-17T20:45:53.541+0530] {logging_mixin.py:190} INFO - [2026-07-17T20:45:53.541+0530] {dag.py:3239} INFO - Sync 1 DAGs
[2026-07-17T20:45:53.546+0530] {logging_mixin.py:190} INFO - [2026-07-17T20:45:53.546+0530] {dag.py:4180} INFO - Setting next_dagrun for example_branch_dop_operator_v3 to 2026-07-17 15:14:00+00:00, run_after=2026-07-17 15:15:00+00:00
[2026-07-17T20:45:53.551+0530] {processor.py:208} INFO - Processing /Users/bhavishyachallagolla/Desktop/RetailSense/.venv/lib/python3.12/site-packages/airflow/example_dags/example_branch_python_dop_operator_3.py took 0.048 seconds
[2026-07-17T20:47:34.410+0530] {processor.py:186} INFO - Started process (PID=90862) to work on /Users/bhavishyachallagolla/Desktop/RetailSense/.venv/lib/python3.12/site-packages/airflow/example_dags/example_branch_python_dop_operator_3.py
[2026-07-17T20:47:34.411+0530] {processor.py:914} INFO - Processing file /Users/bhavishyachallagolla/Desktop/RetailSense/.venv/lib/python3.12/site-packages/airflow/example_dags/example_branch_python_dop_operator_3.py for tasks to queue
[2026-07-17T20:47:34.412+0530] {logging_mixin.py:190} INFO - [2026-07-17T20:47:34.412+0530] {dagbag.py:588} INFO - Filling up the DagBag from /Users/bhavishyachallagolla/Desktop/RetailSense/.venv/lib/python3.12/site-packages/airflow/example_dags/example_branch_python_dop_operator_3.py
[2026-07-17T20:47:34.424+0530] {processor.py:925} INFO - DAG(s) 'example_branch_dop_operator_v3' retrieved from /Users/bhavishyachallagolla/Desktop/RetailSense/.venv/lib/python3.12/site-packages/airflow/example_dags/example_branch_python_dop_operator_3.py
[2026-07-17T20:47:34.448+0530] {logging_mixin.py:190} INFO - [2026-07-17T20:47:34.448+0530] {dag.py:3239} INFO - Sync 1 DAGs
[2026-07-17T20:47:34.454+0530] {logging_mixin.py:190} INFO - [2026-07-17T20:47:34.454+0530] {dag.py:4180} INFO - Setting next_dagrun for example_branch_dop_operator_v3 to 2026-07-17 15:16:00+00:00, run_after=2026-07-17 15:17:00+00:00
[2026-07-17T20:47:34.459+0530] {processor.py:208} INFO - Processing /Users/bhavishyachallagolla/Desktop/RetailSense/.venv/lib/python3.12/site-packages/airflow/example_dags/example_branch_python_dop_operator_3.py took 0.049 seconds
[2026-07-17T20:49:14.447+0530] {processor.py:186} INFO - Started process (PID=91027) to work on /Users/bhavishyachallagolla/Desktop/RetailSense/.venv/lib/python3.12/site-packages/airflow/example_dags/example_branch_python_dop_operator_3.py
[2026-07-17T20:49:14.448+0530] {processor.py:914} INFO - Processing file /Users/bhavishyachallagolla/Desktop/RetailSense/.venv/lib/python3.12/site-packages/airflow/example_dags/example_branch_python_dop_operator_3.py for tasks to queue
[2026-07-17T20:49:14.448+0530] {logging_mixin.py:190} INFO - [2026-07-17T20:49:14.448+0530] {dagbag.py:588} INFO - Filling up the DagBag from /Users/bhavishyachallagolla/Desktop/RetailSense/.venv/lib/python3.12/site-packages/airflow/example_dags/example_branch_python_dop_operator_3.py
[2026-07-17T20:49:14.461+0530] {processor.py:925} INFO - DAG(s) 'example_branch_dop_operator_v3' retrieved from /Users/bhavishyachallagolla/Desktop/RetailSense/.venv/lib/python3.12/site-packages/airflow/example_dags/example_branch_python_dop_operator_3.py
[2026-07-17T20:49:14.485+0530] {logging_mixin.py:190} INFO - [2026-07-17T20:49:14.485+0530] {dag.py:3239} INFO - Sync 1 DAGs
[2026-07-17T20:49:14.490+0530] {logging_mixin.py:190} INFO - [2026-07-17T20:49:14.490+0530] {dag.py:4180} INFO - Setting next_dagrun for example_branch_dop_operator_v3 to 2026-07-17 15:18:00+00:00, run_after=2026-07-17 15:19:00+00:00
[2026-07-17T20:49:14.495+0530] {processor.py:208} INFO - Processing /Users/bhavishyachallagolla/Desktop/RetailSense/.venv/lib/python3.12/site-packages/airflow/example_dags/example_branch_python_dop_operator_3.py took 0.049 seconds
[2026-07-17T20:50:51.589+0530] {processor.py:186} INFO - Started process (PID=91181) to work on /Users/bhavishyachallagolla/Desktop/RetailSense/.venv/lib/python3.12/site-packages/airflow/example_dags/example_branch_python_dop_operator_3.py
[2026-07-17T20:50:51.590+0530] {processor.py:914} INFO - Processing file /Users/bhavishyachallagolla/Desktop/RetailSense/.venv/lib/python3.12/site-packages/airflow/example_dags/example_branch_python_dop_operator_3.py for tasks to queue
[2026-07-17T20:50:51.591+0530] {logging_mixin.py:190} INFO - [2026-07-17T20:50:51.591+0530] {dagbag.py:588} INFO - Filling up the DagBag from /Users/bhavishyachallagolla/Desktop/RetailSense/.venv/lib/python3.12/site-packages/airflow/example_dags/example_branch_python_dop_operator_3.py
[2026-07-17T20:50:51.603+0530] {processor.py:925} INFO - DAG(s) 'example_branch_dop_operator_v3' retrieved from /Users/bhavishyachallagolla/Desktop/RetailSense/.venv/lib/python3.12/site-packages/airflow/example_dags/example_branch_python_dop_operator_3.py
[2026-07-17T20:50:51.627+0530] {logging_mixin.py:190} INFO - [2026-07-17T20:50:51.627+0530] {dag.py:3239} INFO - Sync 1 DAGs
[2026-07-17T20:50:51.632+0530] {logging_mixin.py:190} INFO - [2026-07-17T20:50:51.632+0530] {dag.py:4180} INFO - Setting next_dagrun for example_branch_dop_operator_v3 to 2026-07-17 15:19:00+00:00, run_after=2026-07-17 15:20:00+00:00
[2026-07-17T20:50:51.636+0530] {processor.py:208} INFO - Processing /Users/bhavishyachallagolla/Desktop/RetailSense/.venv/lib/python3.12/site-packages/airflow/example_dags/example_branch_python_dop_operator_3.py took 0.048 seconds
[2026-07-17T20:52:34.056+0530] {processor.py:186} INFO - Started process (PID=91335) to work on /Users/bhavishyachallagolla/Desktop/RetailSense/.venv/lib/python3.12/site-packages/airflow/example_dags/example_branch_python_dop_operator_3.py
[2026-07-17T20:52:34.057+0530] {processor.py:914} INFO - Processing file /Users/bhavishyachallagolla/Desktop/RetailSense/.venv/lib/python3.12/site-packages/airflow/example_dags/example_branch_python_dop_operator_3.py for tasks to queue
[2026-07-17T20:52:34.058+0530] {logging_mixin.py:190} INFO - [2026-07-17T20:52:34.058+0530] {dagbag.py:588} INFO - Filling up the DagBag from /Users/bhavishyachallagolla/Desktop/RetailSense/.venv/lib/python3.12/site-packages/airflow/example_dags/example_branch_python_dop_operator_3.py
[2026-07-17T20:52:34.070+0530] {processor.py:925} INFO - DAG(s) 'example_branch_dop_operator_v3' retrieved from /Users/bhavishyachallagolla/Desktop/RetailSense/.venv/lib/python3.12/site-packages/airflow/example_dags/example_branch_python_dop_operator_3.py
[2026-07-17T20:52:34.094+0530] {logging_mixin.py:190} INFO - [2026-07-17T20:52:34.094+0530] {dag.py:3239} INFO - Sync 1 DAGs
[2026-07-17T20:52:34.099+0530] {logging_mixin.py:190} INFO - [2026-07-17T20:52:34.099+0530] {dag.py:4180} INFO - Setting next_dagrun for example_branch_dop_operator_v3 to 2026-07-17 15:21:00+00:00, run_after=2026-07-17 15:22:00+00:00
[2026-07-17T20:52:34.103+0530] {processor.py:208} INFO - Processing /Users/bhavishyachallagolla/Desktop/RetailSense/.venv/lib/python3.12/site-packages/airflow/example_dags/example_branch_python_dop_operator_3.py took 0.048 seconds
[2026-07-17T20:54:16.467+0530] {processor.py:186} INFO - Started process (PID=91485) to work on /Users/bhavishyachallagolla/Desktop/RetailSense/.venv/lib/python3.12/site-packages/airflow/example_dags/example_branch_python_dop_operator_3.py
[2026-07-17T20:54:16.468+0530] {processor.py:914} INFO - Processing file /Users/bhavishyachallagolla/Desktop/RetailSense/.venv/lib/python3.12/site-packages/airflow/example_dags/example_branch_python_dop_operator_3.py for tasks to queue
[2026-07-17T20:54:16.468+0530] {logging_mixin.py:190} INFO - [2026-07-17T20:54:16.468+0530] {dagbag.py:588} INFO - Filling up the DagBag from /Users/bhavishyachallagolla/Desktop/RetailSense/.venv/lib/python3.12/site-packages/airflow/example_dags/example_branch_python_dop_operator_3.py
[2026-07-17T20:54:16.481+0530] {processor.py:925} INFO - DAG(s) 'example_branch_dop_operator_v3' retrieved from /Users/bhavishyachallagolla/Desktop/RetailSense/.venv/lib/python3.12/site-packages/airflow/example_dags/example_branch_python_dop_operator_3.py
[2026-07-17T20:54:16.505+0530] {logging_mixin.py:190} INFO - [2026-07-17T20:54:16.505+0530] {dag.py:3239} INFO - Sync 1 DAGs
[2026-07-17T20:54:16.511+0530] {logging_mixin.py:190} INFO - [2026-07-17T20:54:16.511+0530] {dag.py:4180} INFO - Setting next_dagrun for example_branch_dop_operator_v3 to 2026-07-17 15:23:00+00:00, run_after=2026-07-17 15:24:00+00:00
[2026-07-17T20:54:16.516+0530] {processor.py:208} INFO - Processing /Users/bhavishyachallagolla/Desktop/RetailSense/.venv/lib/python3.12/site-packages/airflow/example_dags/example_branch_python_dop_operator_3.py took 0.050 seconds
[2026-07-17T20:55:56.181+0530] {processor.py:186} INFO - Started process (PID=91651) to work on /Users/bhavishyachallagolla/Desktop/RetailSense/.venv/lib/python3.12/site-packages/airflow/example_dags/example_branch_python_dop_operator_3.py
[2026-07-17T20:55:56.182+0530] {processor.py:914} INFO - Processing file /Users/bhavishyachallagolla/Desktop/RetailSense/.venv/lib/python3.12/site-packages/airflow/example_dags/example_branch_python_dop_operator_3.py for tasks to queue
[2026-07-17T20:55:56.182+0530] {logging_mixin.py:190} INFO - [2026-07-17T20:55:56.182+0530] {dagbag.py:588} INFO - Filling up the DagBag from /Users/bhavishyachallagolla/Desktop/RetailSense/.venv/lib/python3.12/site-packages/airflow/example_dags/example_branch_python_dop_operator_3.py
[2026-07-17T20:55:56.195+0530] {processor.py:925} INFO - DAG(s) 'example_branch_dop_operator_v3' retrieved from /Users/bhavishyachallagolla/Desktop/RetailSense/.venv/lib/python3.12/site-packages/airflow/example_dags/example_branch_python_dop_operator_3.py
[2026-07-17T20:55:56.219+0530] {logging_mixin.py:190} INFO - [2026-07-17T20:55:56.219+0530] {dag.py:3239} INFO - Sync 1 DAGs
[2026-07-17T20:55:56.224+0530] {logging_mixin.py:190} INFO - [2026-07-17T20:55:56.224+0530] {dag.py:4180} INFO - Setting next_dagrun for example_branch_dop_operator_v3 to 2026-07-17 15:24:00+00:00, run_after=2026-07-17 15:25:00+00:00
[2026-07-17T20:55:56.229+0530] {processor.py:208} INFO - Processing /Users/bhavishyachallagolla/Desktop/RetailSense/.venv/lib/python3.12/site-packages/airflow/example_dags/example_branch_python_dop_operator_3.py took 0.049 seconds
[2026-07-17T20:57:35.472+0530] {processor.py:186} INFO - Started process (PID=91798) to work on /Users/bhavishyachallagolla/Desktop/RetailSense/.venv/lib/python3.12/site-packages/airflow/example_dags/example_branch_python_dop_operator_3.py
[2026-07-17T20:57:35.474+0530] {processor.py:914} INFO - Processing file /Users/bhavishyachallagolla/Desktop/RetailSense/.venv/lib/python3.12/site-packages/airflow/example_dags/example_branch_python_dop_operator_3.py for tasks to queue
[2026-07-17T20:57:35.474+0530] {logging_mixin.py:190} INFO - [2026-07-17T20:57:35.474+0530] {dagbag.py:588} INFO - Filling up the DagBag from /Users/bhavishyachallagolla/Desktop/RetailSense/.venv/lib/python3.12/site-packages/airflow/example_dags/example_branch_python_dop_operator_3.py
[2026-07-17T20:57:35.488+0530] {processor.py:925} INFO - DAG(s) 'example_branch_dop_operator_v3' retrieved from /Users/bhavishyachallagolla/Desktop/RetailSense/.venv/lib/python3.12/site-packages/airflow/example_dags/example_branch_python_dop_operator_3.py
[2026-07-17T20:57:35.513+0530] {logging_mixin.py:190} INFO - [2026-07-17T20:57:35.513+0530] {dag.py:3239} INFO - Sync 1 DAGs
[2026-07-17T20:57:35.519+0530] {logging_mixin.py:190} INFO - [2026-07-17T20:57:35.519+0530] {dag.py:4180} INFO - Setting next_dagrun for example_branch_dop_operator_v3 to 2026-07-17 15:26:00+00:00, run_after=2026-07-17 15:27:00+00:00
[2026-07-17T20:57:35.524+0530] {processor.py:208} INFO - Processing /Users/bhavishyachallagolla/Desktop/RetailSense/.venv/lib/python3.12/site-packages/airflow/example_dags/example_branch_python_dop_operator_3.py took 0.053 seconds
[2026-07-17T20:59:15.661+0530] {processor.py:186} INFO - Started process (PID=91946) to work on /Users/bhavishyachallagolla/Desktop/RetailSense/.venv/lib/python3.12/site-packages/airflow/example_dags/example_branch_python_dop_operator_3.py
[2026-07-17T20:59:15.662+0530] {processor.py:914} INFO - Processing file /Users/bhavishyachallagolla/Desktop/RetailSense/.venv/lib/python3.12/site-packages/airflow/example_dags/example_branch_python_dop_operator_3.py for tasks to queue
[2026-07-17T20:59:15.662+0530] {logging_mixin.py:190} INFO - [2026-07-17T20:59:15.662+0530] {dagbag.py:588} INFO - Filling up the DagBag from /Users/bhavishyachallagolla/Desktop/RetailSense/.venv/lib/python3.12/site-packages/airflow/example_dags/example_branch_python_dop_operator_3.py
[2026-07-17T20:59:15.674+0530] {processor.py:925} INFO - DAG(s) 'example_branch_dop_operator_v3' retrieved from /Users/bhavishyachallagolla/Desktop/RetailSense/.venv/lib/python3.12/site-packages/airflow/example_dags/example_branch_python_dop_operator_3.py
[2026-07-17T20:59:15.698+0530] {logging_mixin.py:190} INFO - [2026-07-17T20:59:15.698+0530] {dag.py:3239} INFO - Sync 1 DAGs
[2026-07-17T20:59:15.703+0530] {logging_mixin.py:190} INFO - [2026-07-17T20:59:15.703+0530] {dag.py:4180} INFO - Setting next_dagrun for example_branch_dop_operator_v3 to 2026-07-17 15:28:00+00:00, run_after=2026-07-17 15:29:00+00:00
[2026-07-17T20:59:15.708+0530] {processor.py:208} INFO - Processing /Users/bhavishyachallagolla/Desktop/RetailSense/.venv/lib/python3.12/site-packages/airflow/example_dags/example_branch_python_dop_operator_3.py took 0.048 seconds
[2026-07-17T22:23:13.492+0530] {processor.py:186} INFO - Started process (PID=92172) to work on /Users/bhavishyachallagolla/Desktop/RetailSense/.venv/lib/python3.12/site-packages/airflow/example_dags/example_branch_python_dop_operator_3.py
[2026-07-17T22:23:13.493+0530] {processor.py:914} INFO - Processing file /Users/bhavishyachallagolla/Desktop/RetailSense/.venv/lib/python3.12/site-packages/airflow/example_dags/example_branch_python_dop_operator_3.py for tasks to queue
[2026-07-17T22:23:13.493+0530] {logging_mixin.py:190} INFO - [2026-07-17T22:23:13.493+0530] {dagbag.py:588} INFO - Filling up the DagBag from /Users/bhavishyachallagolla/Desktop/RetailSense/.venv/lib/python3.12/site-packages/airflow/example_dags/example_branch_python_dop_operator_3.py
[2026-07-17T22:23:13.505+0530] {processor.py:925} INFO - DAG(s) 'example_branch_dop_operator_v3' retrieved from /Users/bhavishyachallagolla/Desktop/RetailSense/.venv/lib/python3.12/site-packages/airflow/example_dags/example_branch_python_dop_operator_3.py
[2026-07-17T22:23:13.528+0530] {logging_mixin.py:190} INFO - [2026-07-17T22:23:13.528+0530] {dag.py:3239} INFO - Sync 1 DAGs
[2026-07-17T22:23:13.533+0530] {logging_mixin.py:190} INFO - [2026-07-17T22:23:13.532+0530] {dag.py:4180} INFO - Setting next_dagrun for example_branch_dop_operator_v3 to 2026-07-17 16:52:00+00:00, run_after=2026-07-17 16:53:00+00:00
[2026-07-17T22:23:13.537+0530] {processor.py:208} INFO - Processing /Users/bhavishyachallagolla/Desktop/RetailSense/.venv/lib/python3.12/site-packages/airflow/example_dags/example_branch_python_dop_operator_3.py took 0.046 seconds
[2026-07-17T22:24:52.722+0530] {processor.py:186} INFO - Started process (PID=92324) to work on /Users/bhavishyachallagolla/Desktop/RetailSense/.venv/lib/python3.12/site-packages/airflow/example_dags/example_branch_python_dop_operator_3.py
[2026-07-17T22:24:52.723+0530] {processor.py:914} INFO - Processing file /Users/bhavishyachallagolla/Desktop/RetailSense/.venv/lib/python3.12/site-packages/airflow/example_dags/example_branch_python_dop_operator_3.py for tasks to queue
[2026-07-17T22:24:52.723+0530] {logging_mixin.py:190} INFO - [2026-07-17T22:24:52.723+0530] {dagbag.py:588} INFO - Filling up the DagBag from /Users/bhavishyachallagolla/Desktop/RetailSense/.venv/lib/python3.12/site-packages/airflow/example_dags/example_branch_python_dop_operator_3.py
[2026-07-17T22:24:52.735+0530] {processor.py:925} INFO - DAG(s) 'example_branch_dop_operator_v3' retrieved from /Users/bhavishyachallagolla/Desktop/RetailSense/.venv/lib/python3.12/site-packages/airflow/example_dags/example_branch_python_dop_operator_3.py
[2026-07-17T22:24:52.759+0530] {logging_mixin.py:190} INFO - [2026-07-17T22:24:52.758+0530] {dag.py:3239} INFO - Sync 1 DAGs
[2026-07-17T22:24:52.764+0530] {logging_mixin.py:190} INFO - [2026-07-17T22:24:52.764+0530] {dag.py:4180} INFO - Setting next_dagrun for example_branch_dop_operator_v3 to 2026-07-17 16:53:00+00:00, run_after=2026-07-17 16:54:00+00:00
[2026-07-17T22:24:52.768+0530] {processor.py:208} INFO - Processing /Users/bhavishyachallagolla/Desktop/RetailSense/.venv/lib/python3.12/site-packages/airflow/example_dags/example_branch_python_dop_operator_3.py took 0.048 seconds
[2026-07-17T22:26:32.685+0530] {processor.py:186} INFO - Started process (PID=92474) to work on /Users/bhavishyachallagolla/Desktop/RetailSense/.venv/lib/python3.12/site-packages/airflow/example_dags/example_branch_python_dop_operator_3.py
[2026-07-17T22:26:32.686+0530] {processor.py:914} INFO - Processing file /Users/bhavishyachallagolla/Desktop/RetailSense/.venv/lib/python3.12/site-packages/airflow/example_dags/example_branch_python_dop_operator_3.py for tasks to queue
[2026-07-17T22:26:32.686+0530] {logging_mixin.py:190} INFO - [2026-07-17T22:26:32.686+0530] {dagbag.py:588} INFO - Filling up the DagBag from /Users/bhavishyachallagolla/Desktop/RetailSense/.venv/lib/python3.12/site-packages/airflow/example_dags/example_branch_python_dop_operator_3.py
[2026-07-17T22:26:32.698+0530] {processor.py:925} INFO - DAG(s) 'example_branch_dop_operator_v3' retrieved from /Users/bhavishyachallagolla/Desktop/RetailSense/.venv/lib/python3.12/site-packages/airflow/example_dags/example_branch_python_dop_operator_3.py
[2026-07-17T22:26:32.722+0530] {logging_mixin.py:190} INFO - [2026-07-17T22:26:32.722+0530] {dag.py:3239} INFO - Sync 1 DAGs
[2026-07-17T22:26:32.727+0530] {logging_mixin.py:190} INFO - [2026-07-17T22:26:32.727+0530] {dag.py:4180} INFO - Setting next_dagrun for example_branch_dop_operator_v3 to 2026-07-17 16:55:00+00:00, run_after=2026-07-17 16:56:00+00:00
[2026-07-17T22:26:32.731+0530] {processor.py:208} INFO - Processing /Users/bhavishyachallagolla/Desktop/RetailSense/.venv/lib/python3.12/site-packages/airflow/example_dags/example_branch_python_dop_operator_3.py took 0.048 seconds
[2026-07-17T22:28:13.543+0530] {processor.py:186} INFO - Started process (PID=92624) to work on /Users/bhavishyachallagolla/Desktop/RetailSense/.venv/lib/python3.12/site-packages/airflow/example_dags/example_branch_python_dop_operator_3.py
[2026-07-17T22:28:13.544+0530] {processor.py:914} INFO - Processing file /Users/bhavishyachallagolla/Desktop/RetailSense/.venv/lib/python3.12/site-packages/airflow/example_dags/example_branch_python_dop_operator_3.py for tasks to queue
[2026-07-17T22:28:13.545+0530] {logging_mixin.py:190} INFO - [2026-07-17T22:28:13.545+0530] {dagbag.py:588} INFO - Filling up the DagBag from /Users/bhavishyachallagolla/Desktop/RetailSense/.venv/lib/python3.12/site-packages/airflow/example_dags/example_branch_python_dop_operator_3.py
[2026-07-17T22:28:13.557+0530] {processor.py:925} INFO - DAG(s) 'example_branch_dop_operator_v3' retrieved from /Users/bhavishyachallagolla/Desktop/RetailSense/.venv/lib/python3.12/site-packages/airflow/example_dags/example_branch_python_dop_operator_3.py
[2026-07-17T22:28:13.581+0530] {logging_mixin.py:190} INFO - [2026-07-17T22:28:13.581+0530] {dag.py:3239} INFO - Sync 1 DAGs
[2026-07-17T22:28:13.587+0530] {logging_mixin.py:190} INFO - [2026-07-17T22:28:13.587+0530] {dag.py:4180} INFO - Setting next_dagrun for example_branch_dop_operator_v3 to 2026-07-17 16:57:00+00:00, run_after=2026-07-17 16:58:00+00:00
[2026-07-17T22:28:13.591+0530] {processor.py:208} INFO - Processing /Users/bhavishyachallagolla/Desktop/RetailSense/.venv/lib/python3.12/site-packages/airflow/example_dags/example_branch_python_dop_operator_3.py took 0.049 seconds
[2026-07-17T22:29:49.956+0530] {processor.py:186} INFO - Started process (PID=92771) to work on /Users/bhavishyachallagolla/Desktop/RetailSense/.venv/lib/python3.12/site-packages/airflow/example_dags/example_branch_python_dop_operator_3.py
[2026-07-17T22:29:49.957+0530] {processor.py:914} INFO - Processing file /Users/bhavishyachallagolla/Desktop/RetailSense/.venv/lib/python3.12/site-packages/airflow/example_dags/example_branch_python_dop_operator_3.py for tasks to queue
[2026-07-17T22:29:49.957+0530] {logging_mixin.py:190} INFO - [2026-07-17T22:29:49.957+0530] {dagbag.py:588} INFO - Filling up the DagBag from /Users/bhavishyachallagolla/Desktop/RetailSense/.venv/lib/python3.12/site-packages/airflow/example_dags/example_branch_python_dop_operator_3.py
[2026-07-17T22:29:49.969+0530] {processor.py:925} INFO - DAG(s) 'example_branch_dop_operator_v3' retrieved from /Users/bhavishyachallagolla/Desktop/RetailSense/.venv/lib/python3.12/site-packages/airflow/example_dags/example_branch_python_dop_operator_3.py
[2026-07-17T22:29:49.993+0530] {logging_mixin.py:190} INFO - [2026-07-17T22:29:49.993+0530] {dag.py:3239} INFO - Sync 1 DAGs
[2026-07-17T22:29:49.998+0530] {logging_mixin.py:190} INFO - [2026-07-17T22:29:49.998+0530] {dag.py:4180} INFO - Setting next_dagrun for example_branch_dop_operator_v3 to 2026-07-17 16:58:00+00:00, run_after=2026-07-17 16:59:00+00:00
[2026-07-17T22:29:50.003+0530] {processor.py:208} INFO - Processing /Users/bhavishyachallagolla/Desktop/RetailSense/.venv/lib/python3.12/site-packages/airflow/example_dags/example_branch_python_dop_operator_3.py took 0.048 seconds
[2026-07-17T22:31:31.840+0530] {processor.py:186} INFO - Started process (PID=92923) to work on /Users/bhavishyachallagolla/Desktop/RetailSense/.venv/lib/python3.12/site-packages/airflow/example_dags/example_branch_python_dop_operator_3.py
[2026-07-17T22:31:31.841+0530] {processor.py:914} INFO - Processing file /Users/bhavishyachallagolla/Desktop/RetailSense/.venv/lib/python3.12/site-packages/airflow/example_dags/example_branch_python_dop_operator_3.py for tasks to queue
[2026-07-17T22:31:31.842+0530] {logging_mixin.py:190} INFO - [2026-07-17T22:31:31.841+0530] {dagbag.py:588} INFO - Filling up the DagBag from /Users/bhavishyachallagolla/Desktop/RetailSense/.venv/lib/python3.12/site-packages/airflow/example_dags/example_branch_python_dop_operator_3.py
[2026-07-17T22:31:31.854+0530] {processor.py:925} INFO - DAG(s) 'example_branch_dop_operator_v3' retrieved from /Users/bhavishyachallagolla/Desktop/RetailSense/.venv/lib/python3.12/site-packages/airflow/example_dags/example_branch_python_dop_operator_3.py
[2026-07-17T22:31:31.879+0530] {logging_mixin.py:190} INFO - [2026-07-17T22:31:31.879+0530] {dag.py:3239} INFO - Sync 1 DAGs
[2026-07-17T22:31:31.885+0530] {logging_mixin.py:190} INFO - [2026-07-17T22:31:31.885+0530] {dag.py:4180} INFO - Setting next_dagrun for example_branch_dop_operator_v3 to 2026-07-17 17:00:00+00:00, run_after=2026-07-17 17:01:00+00:00
[2026-07-17T22:31:31.890+0530] {processor.py:208} INFO - Processing /Users/bhavishyachallagolla/Desktop/RetailSense/.venv/lib/python3.12/site-packages/airflow/example_dags/example_branch_python_dop_operator_3.py took 0.051 seconds
[2026-07-17T22:33:11.424+0530] {processor.py:186} INFO - Started process (PID=93081) to work on /Users/bhavishyachallagolla/Desktop/RetailSense/.venv/lib/python3.12/site-packages/airflow/example_dags/example_branch_python_dop_operator_3.py
[2026-07-17T22:33:11.425+0530] {processor.py:914} INFO - Processing file /Users/bhavishyachallagolla/Desktop/RetailSense/.venv/lib/python3.12/site-packages/airflow/example_dags/example_branch_python_dop_operator_3.py for tasks to queue
[2026-07-17T22:33:11.426+0530] {logging_mixin.py:190} INFO - [2026-07-17T22:33:11.426+0530] {dagbag.py:588} INFO - Filling up the DagBag from /Users/bhavishyachallagolla/Desktop/RetailSense/.venv/lib/python3.12/site-packages/airflow/example_dags/example_branch_python_dop_operator_3.py
[2026-07-17T22:33:11.438+0530] {processor.py:925} INFO - DAG(s) 'example_branch_dop_operator_v3' retrieved from /Users/bhavishyachallagolla/Desktop/RetailSense/.venv/lib/python3.12/site-packages/airflow/example_dags/example_branch_python_dop_operator_3.py
[2026-07-17T22:33:11.462+0530] {logging_mixin.py:190} INFO - [2026-07-17T22:33:11.461+0530] {dag.py:3239} INFO - Sync 1 DAGs
[2026-07-17T22:33:11.467+0530] {logging_mixin.py:190} INFO - [2026-07-17T22:33:11.467+0530] {dag.py:4180} INFO - Setting next_dagrun for example_branch_dop_operator_v3 to 2026-07-17 17:02:00+00:00, run_after=2026-07-17 17:03:00+00:00
[2026-07-17T22:33:11.471+0530] {processor.py:208} INFO - Processing /Users/bhavishyachallagolla/Desktop/RetailSense/.venv/lib/python3.12/site-packages/airflow/example_dags/example_branch_python_dop_operator_3.py took 0.048 seconds
[2026-07-17T22:34:51.532+0530] {processor.py:186} INFO - Started process (PID=93229) to work on /Users/bhavishyachallagolla/Desktop/RetailSense/.venv/lib/python3.12/site-packages/airflow/example_dags/example_branch_python_dop_operator_3.py
[2026-07-17T22:34:51.534+0530] {processor.py:914} INFO - Processing file /Users/bhavishyachallagolla/Desktop/RetailSense/.venv/lib/python3.12/site-packages/airflow/example_dags/example_branch_python_dop_operator_3.py for tasks to queue
[2026-07-17T22:34:51.534+0530] {logging_mixin.py:190} INFO - [2026-07-17T22:34:51.534+0530] {dagbag.py:588} INFO - Filling up the DagBag from /Users/bhavishyachallagolla/Desktop/RetailSense/.venv/lib/python3.12/site-packages/airflow/example_dags/example_branch_python_dop_operator_3.py
[2026-07-17T22:34:51.546+0530] {processor.py:925} INFO - DAG(s) 'example_branch_dop_operator_v3' retrieved from /Users/bhavishyachallagolla/Desktop/RetailSense/.venv/lib/python3.12/site-packages/airflow/example_dags/example_branch_python_dop_operator_3.py
[2026-07-17T22:34:51.571+0530] {logging_mixin.py:190} INFO - [2026-07-17T22:34:51.570+0530] {dag.py:3239} INFO - Sync 1 DAGs
[2026-07-17T22:34:51.576+0530] {logging_mixin.py:190} INFO - [2026-07-17T22:34:51.576+0530] {dag.py:4180} INFO - Setting next_dagrun for example_branch_dop_operator_v3 to 2026-07-17 17:03:00+00:00, run_after=2026-07-17 17:04:00+00:00
[2026-07-17T22:34:51.580+0530] {processor.py:208} INFO - Processing /Users/bhavishyachallagolla/Desktop/RetailSense/.venv/lib/python3.12/site-packages/airflow/example_dags/example_branch_python_dop_operator_3.py took 0.049 seconds
[2026-07-17T22:36:31.842+0530] {processor.py:186} INFO - Started process (PID=93380) to work on /Users/bhavishyachallagolla/Desktop/RetailSense/.venv/lib/python3.12/site-packages/airflow/example_dags/example_branch_python_dop_operator_3.py
[2026-07-17T22:36:31.843+0530] {processor.py:914} INFO - Processing file /Users/bhavishyachallagolla/Desktop/RetailSense/.venv/lib/python3.12/site-packages/airflow/example_dags/example_branch_python_dop_operator_3.py for tasks to queue
[2026-07-17T22:36:31.844+0530] {logging_mixin.py:190} INFO - [2026-07-17T22:36:31.844+0530] {dagbag.py:588} INFO - Filling up the DagBag from /Users/bhavishyachallagolla/Desktop/RetailSense/.venv/lib/python3.12/site-packages/airflow/example_dags/example_branch_python_dop_operator_3.py
[2026-07-17T22:36:31.857+0530] {processor.py:925} INFO - DAG(s) 'example_branch_dop_operator_v3' retrieved from /Users/bhavishyachallagolla/Desktop/RetailSense/.venv/lib/python3.12/site-packages/airflow/example_dags/example_branch_python_dop_operator_3.py
[2026-07-17T22:36:31.881+0530] {logging_mixin.py:190} INFO - [2026-07-17T22:36:31.881+0530] {dag.py:3239} INFO - Sync 1 DAGs
[2026-07-17T22:36:31.887+0530] {logging_mixin.py:190} INFO - [2026-07-17T22:36:31.887+0530] {dag.py:4180} INFO - Setting next_dagrun for example_branch_dop_operator_v3 to 2026-07-17 17:05:00+00:00, run_after=2026-07-17 17:06:00+00:00
[2026-07-17T22:36:31.891+0530] {processor.py:208} INFO - Processing /Users/bhavishyachallagolla/Desktop/RetailSense/.venv/lib/python3.12/site-packages/airflow/example_dags/example_branch_python_dop_operator_3.py took 0.050 seconds
[2026-07-17T22:38:12.949+0530] {processor.py:186} INFO - Started process (PID=93540) to work on /Users/bhavishyachallagolla/Desktop/RetailSense/.venv/lib/python3.12/site-packages/airflow/example_dags/example_branch_python_dop_operator_3.py
[2026-07-17T22:38:12.950+0530] {processor.py:914} INFO - Processing file /Users/bhavishyachallagolla/Desktop/RetailSense/.venv/lib/python3.12/site-packages/airflow/example_dags/example_branch_python_dop_operator_3.py for tasks to queue
[2026-07-17T22:38:12.950+0530] {logging_mixin.py:190} INFO - [2026-07-17T22:38:12.950+0530] {dagbag.py:588} INFO - Filling up the DagBag from /Users/bhavishyachallagolla/Desktop/RetailSense/.venv/lib/python3.12/site-packages/airflow/example_dags/example_branch_python_dop_operator_3.py
[2026-07-17T22:38:12.962+0530] {processor.py:925} INFO - DAG(s) 'example_branch_dop_operator_v3' retrieved from /Users/bhavishyachallagolla/Desktop/RetailSense/.venv/lib/python3.12/site-packages/airflow/example_dags/example_branch_python_dop_operator_3.py
[2026-07-17T22:38:12.986+0530] {logging_mixin.py:190} INFO - [2026-07-17T22:38:12.986+0530] {dag.py:3239} INFO - Sync 1 DAGs
[2026-07-17T22:38:12.991+0530] {logging_mixin.py:190} INFO - [2026-07-17T22:38:12.991+0530] {dag.py:4180} INFO - Setting next_dagrun for example_branch_dop_operator_v3 to 2026-07-17 17:07:00+00:00, run_after=2026-07-17 17:08:00+00:00
[2026-07-17T22:38:12.996+0530] {processor.py:208} INFO - Processing /Users/bhavishyachallagolla/Desktop/RetailSense/.venv/lib/python3.12/site-packages/airflow/example_dags/example_branch_python_dop_operator_3.py took 0.048 seconds
[2026-07-17T22:39:52.026+0530] {processor.py:186} INFO - Started process (PID=93688) to work on /Users/bhavishyachallagolla/Desktop/RetailSense/.venv/lib/python3.12/site-packages/airflow/example_dags/example_branch_python_dop_operator_3.py
[2026-07-17T22:39:52.026+0530] {processor.py:914} INFO - Processing file /Users/bhavishyachallagolla/Desktop/RetailSense/.venv/lib/python3.12/site-packages/airflow/example_dags/example_branch_python_dop_operator_3.py for tasks to queue
[2026-07-17T22:39:52.026+0530] {logging_mixin.py:190} INFO - [2026-07-17T22:39:52.026+0530] {dagbag.py:588} INFO - Filling up the DagBag from /Users/bhavishyachallagolla/Desktop/RetailSense/.venv/lib/python3.12/site-packages/airflow/example_dags/example_branch_python_dop_operator_3.py
[2026-07-17T22:39:52.039+0530] {processor.py:925} INFO - DAG(s) 'example_branch_dop_operator_v3' retrieved from /Users/bhavishyachallagolla/Desktop/RetailSense/.venv/lib/python3.12/site-packages/airflow/example_dags/example_branch_python_dop_operator_3.py
[2026-07-17T22:39:52.064+0530] {logging_mixin.py:190} INFO - [2026-07-17T22:39:52.063+0530] {dag.py:3239} INFO - Sync 1 DAGs
[2026-07-17T22:39:52.069+0530] {logging_mixin.py:190} INFO - [2026-07-17T22:39:52.069+0530] {dag.py:4180} INFO - Setting next_dagrun for example_branch_dop_operator_v3 to 2026-07-17 17:08:00+00:00, run_after=2026-07-17 17:09:00+00:00
[2026-07-17T22:39:52.073+0530] {processor.py:208} INFO - Processing /Users/bhavishyachallagolla/Desktop/RetailSense/.venv/lib/python3.12/site-packages/airflow/example_dags/example_branch_python_dop_operator_3.py took 0.049 seconds
[2026-07-17T22:41:32.635+0530] {processor.py:186} INFO - Started process (PID=93838) to work on /Users/bhavishyachallagolla/Desktop/RetailSense/.venv/lib/python3.12/site-packages/airflow/example_dags/example_branch_python_dop_operator_3.py
[2026-07-17T22:41:32.636+0530] {processor.py:914} INFO - Processing file /Users/bhavishyachallagolla/Desktop/RetailSense/.venv/lib/python3.12/site-packages/airflow/example_dags/example_branch_python_dop_operator_3.py for tasks to queue
[2026-07-17T22:41:32.637+0530] {logging_mixin.py:190} INFO - [2026-07-17T22:41:32.637+0530] {dagbag.py:588} INFO - Filling up the DagBag from /Users/bhavishyachallagolla/Desktop/RetailSense/.venv/lib/python3.12/site-packages/airflow/example_dags/example_branch_python_dop_operator_3.py
[2026-07-17T22:41:32.649+0530] {processor.py:925} INFO - DAG(s) 'example_branch_dop_operator_v3' retrieved from /Users/bhavishyachallagolla/Desktop/RetailSense/.venv/lib/python3.12/site-packages/airflow/example_dags/example_branch_python_dop_operator_3.py
[2026-07-17T22:41:32.674+0530] {logging_mixin.py:190} INFO - [2026-07-17T22:41:32.674+0530] {dag.py:3239} INFO - Sync 1 DAGs
[2026-07-17T22:41:32.680+0530] {logging_mixin.py:190} INFO - [2026-07-17T22:41:32.680+0530] {dag.py:4180} INFO - Setting next_dagrun for example_branch_dop_operator_v3 to 2026-07-17 17:10:00+00:00, run_after=2026-07-17 17:11:00+00:00
[2026-07-17T22:41:32.684+0530] {processor.py:208} INFO - Processing /Users/bhavishyachallagolla/Desktop/RetailSense/.venv/lib/python3.12/site-packages/airflow/example_dags/example_branch_python_dop_operator_3.py took 0.050 seconds
[2026-07-17T22:43:13.531+0530] {processor.py:186} INFO - Started process (PID=93990) to work on /Users/bhavishyachallagolla/Desktop/RetailSense/.venv/lib/python3.12/site-packages/airflow/example_dags/example_branch_python_dop_operator_3.py
[2026-07-17T22:43:13.532+0530] {processor.py:914} INFO - Processing file /Users/bhavishyachallagolla/Desktop/RetailSense/.venv/lib/python3.12/site-packages/airflow/example_dags/example_branch_python_dop_operator_3.py for tasks to queue
[2026-07-17T22:43:13.532+0530] {logging_mixin.py:190} INFO - [2026-07-17T22:43:13.532+0530] {dagbag.py:588} INFO - Filling up the DagBag from /Users/bhavishyachallagolla/Desktop/RetailSense/.venv/lib/python3.12/site-packages/airflow/example_dags/example_branch_python_dop_operator_3.py
[2026-07-17T22:43:13.545+0530] {processor.py:925} INFO - DAG(s) 'example_branch_dop_operator_v3' retrieved from /Users/bhavishyachallagolla/Desktop/RetailSense/.venv/lib/python3.12/site-packages/airflow/example_dags/example_branch_python_dop_operator_3.py
[2026-07-17T22:43:13.569+0530] {logging_mixin.py:190} INFO - [2026-07-17T22:43:13.569+0530] {dag.py:3239} INFO - Sync 1 DAGs
[2026-07-17T22:43:13.574+0530] {logging_mixin.py:190} INFO - [2026-07-17T22:43:13.574+0530] {dag.py:4180} INFO - Setting next_dagrun for example_branch_dop_operator_v3 to 2026-07-17 17:12:00+00:00, run_after=2026-07-17 17:13:00+00:00
[2026-07-17T22:43:13.579+0530] {processor.py:208} INFO - Processing /Users/bhavishyachallagolla/Desktop/RetailSense/.venv/lib/python3.12/site-packages/airflow/example_dags/example_branch_python_dop_operator_3.py took 0.049 seconds
[2026-07-17T22:44:54.204+0530] {processor.py:186} INFO - Started process (PID=94139) to work on /Users/bhavishyachallagolla/Desktop/RetailSense/.venv/lib/python3.12/site-packages/airflow/example_dags/example_branch_python_dop_operator_3.py
[2026-07-17T22:44:54.204+0530] {processor.py:914} INFO - Processing file /Users/bhavishyachallagolla/Desktop/RetailSense/.venv/lib/python3.12/site-packages/airflow/example_dags/example_branch_python_dop_operator_3.py for tasks to queue
[2026-07-17T22:44:54.204+0530] {logging_mixin.py:190} INFO - [2026-07-17T22:44:54.204+0530] {dagbag.py:588} INFO - Filling up the DagBag from /Users/bhavishyachallagolla/Desktop/RetailSense/.venv/lib/python3.12/site-packages/airflow/example_dags/example_branch_python_dop_operator_3.py
[2026-07-17T22:44:54.216+0530] {processor.py:925} INFO - DAG(s) 'example_branch_dop_operator_v3' retrieved from /Users/bhavishyachallagolla/Desktop/RetailSense/.venv/lib/python3.12/site-packages/airflow/example_dags/example_branch_python_dop_operator_3.py
[2026-07-17T22:44:54.241+0530] {logging_mixin.py:190} INFO - [2026-07-17T22:44:54.240+0530] {dag.py:3239} INFO - Sync 1 DAGs
[2026-07-17T22:44:54.246+0530] {logging_mixin.py:190} INFO - [2026-07-17T22:44:54.246+0530] {dag.py:4180} INFO - Setting next_dagrun for example_branch_dop_operator_v3 to 2026-07-17 17:13:00+00:00, run_after=2026-07-17 17:14:00+00:00
[2026-07-17T22:44:54.251+0530] {processor.py:208} INFO - Processing /Users/bhavishyachallagolla/Desktop/RetailSense/.venv/lib/python3.12/site-packages/airflow/example_dags/example_branch_python_dop_operator_3.py took 0.048 seconds
[2026-07-17T22:46:30.664+0530] {processor.py:186} INFO - Started process (PID=94285) to work on /Users/bhavishyachallagolla/Desktop/RetailSense/.venv/lib/python3.12/site-packages/airflow/example_dags/example_branch_python_dop_operator_3.py
[2026-07-17T22:46:30.664+0530] {processor.py:914} INFO - Processing file /Users/bhavishyachallagolla/Desktop/RetailSense/.venv/lib/python3.12/site-packages/airflow/example_dags/example_branch_python_dop_operator_3.py for tasks to queue
[2026-07-17T22:46:30.664+0530] {logging_mixin.py:190} INFO - [2026-07-17T22:46:30.664+0530] {dagbag.py:588} INFO - Filling up the DagBag from /Users/bhavishyachallagolla/Desktop/RetailSense/.venv/lib/python3.12/site-packages/airflow/example_dags/example_branch_python_dop_operator_3.py
[2026-07-17T22:46:30.677+0530] {processor.py:925} INFO - DAG(s) 'example_branch_dop_operator_v3' retrieved from /Users/bhavishyachallagolla/Desktop/RetailSense/.venv/lib/python3.12/site-packages/airflow/example_dags/example_branch_python_dop_operator_3.py
[2026-07-17T22:46:30.701+0530] {logging_mixin.py:190} INFO - [2026-07-17T22:46:30.701+0530] {dag.py:3239} INFO - Sync 1 DAGs
[2026-07-17T22:46:30.706+0530] {logging_mixin.py:190} INFO - [2026-07-17T22:46:30.706+0530] {dag.py:4180} INFO - Setting next_dagrun for example_branch_dop_operator_v3 to 2026-07-17 17:15:00+00:00, run_after=2026-07-17 17:16:00+00:00
[2026-07-17T22:46:30.711+0530] {processor.py:208} INFO - Processing /Users/bhavishyachallagolla/Desktop/RetailSense/.venv/lib/python3.12/site-packages/airflow/example_dags/example_branch_python_dop_operator_3.py took 0.048 seconds
[2026-07-17T22:48:10.093+0530] {processor.py:186} INFO - Started process (PID=94435) to work on /Users/bhavishyachallagolla/Desktop/RetailSense/.venv/lib/python3.12/site-packages/airflow/example_dags/example_branch_python_dop_operator_3.py
[2026-07-17T22:48:10.094+0530] {processor.py:914} INFO - Processing file /Users/bhavishyachallagolla/Desktop/RetailSense/.venv/lib/python3.12/site-packages/airflow/example_dags/example_branch_python_dop_operator_3.py for tasks to queue
[2026-07-17T22:48:10.094+0530] {logging_mixin.py:190} INFO - [2026-07-17T22:48:10.094+0530] {dagbag.py:588} INFO - Filling up the DagBag from /Users/bhavishyachallagolla/Desktop/RetailSense/.venv/lib/python3.12/site-packages/airflow/example_dags/example_branch_python_dop_operator_3.py
[2026-07-17T22:48:10.106+0530] {processor.py:925} INFO - DAG(s) 'example_branch_dop_operator_v3' retrieved from /Users/bhavishyachallagolla/Desktop/RetailSense/.venv/lib/python3.12/site-packages/airflow/example_dags/example_branch_python_dop_operator_3.py
[2026-07-17T22:48:10.131+0530] {logging_mixin.py:190} INFO - [2026-07-17T22:48:10.130+0530] {dag.py:3239} INFO - Sync 1 DAGs
[2026-07-17T22:48:10.136+0530] {logging_mixin.py:190} INFO - [2026-07-17T22:48:10.136+0530] {dag.py:4180} INFO - Setting next_dagrun for example_branch_dop_operator_v3 to 2026-07-17 17:17:00+00:00, run_after=2026-07-17 17:18:00+00:00
[2026-07-17T22:48:10.141+0530] {processor.py:208} INFO - Processing /Users/bhavishyachallagolla/Desktop/RetailSense/.venv/lib/python3.12/site-packages/airflow/example_dags/example_branch_python_dop_operator_3.py took 0.048 seconds
[2026-07-17T22:50:06.874+0530] {processor.py:186} INFO - Started process (PID=94591) to work on /Users/bhavishyachallagolla/Desktop/RetailSense/.venv/lib/python3.12/site-packages/airflow/example_dags/example_branch_python_dop_operator_3.py
[2026-07-17T22:50:06.874+0530] {processor.py:914} INFO - Processing file /Users/bhavishyachallagolla/Desktop/RetailSense/.venv/lib/python3.12/site-packages/airflow/example_dags/example_branch_python_dop_operator_3.py for tasks to queue
[2026-07-17T22:50:06.875+0530] {logging_mixin.py:190} INFO - [2026-07-17T22:50:06.874+0530] {dagbag.py:588} INFO - Filling up the DagBag from /Users/bhavishyachallagolla/Desktop/RetailSense/.venv/lib/python3.12/site-packages/airflow/example_dags/example_branch_python_dop_operator_3.py
[2026-07-17T22:50:06.887+0530] {processor.py:925} INFO - DAG(s) 'example_branch_dop_operator_v3' retrieved from /Users/bhavishyachallagolla/Desktop/RetailSense/.venv/lib/python3.12/site-packages/airflow/example_dags/example_branch_python_dop_operator_3.py
[2026-07-17T22:50:06.911+0530] {logging_mixin.py:190} INFO - [2026-07-17T22:50:06.911+0530] {dag.py:3239} INFO - Sync 1 DAGs
[2026-07-17T22:50:06.916+0530] {logging_mixin.py:190} INFO - [2026-07-17T22:50:06.916+0530] {dag.py:4180} INFO - Setting next_dagrun for example_branch_dop_operator_v3 to 2026-07-17 17:19:00+00:00, run_after=2026-07-17 17:20:00+00:00
[2026-07-17T22:50:06.921+0530] {processor.py:208} INFO - Processing /Users/bhavishyachallagolla/Desktop/RetailSense/.venv/lib/python3.12/site-packages/airflow/example_dags/example_branch_python_dop_operator_3.py took 0.048 seconds
[2026-07-17T22:51:44.432+0530] {processor.py:186} INFO - Started process (PID=94742) to work on /Users/bhavishyachallagolla/Desktop/RetailSense/.venv/lib/python3.12/site-packages/airflow/example_dags/example_branch_python_dop_operator_3.py
[2026-07-17T22:51:44.432+0530] {processor.py:914} INFO - Processing file /Users/bhavishyachallagolla/Desktop/RetailSense/.venv/lib/python3.12/site-packages/airflow/example_dags/example_branch_python_dop_operator_3.py for tasks to queue
[2026-07-17T22:51:44.433+0530] {logging_mixin.py:190} INFO - [2026-07-17T22:51:44.432+0530] {dagbag.py:588} INFO - Filling up the DagBag from /Users/bhavishyachallagolla/Desktop/RetailSense/.venv/lib/python3.12/site-packages/airflow/example_dags/example_branch_python_dop_operator_3.py
[2026-07-17T22:51:44.445+0530] {processor.py:925} INFO - DAG(s) 'example_branch_dop_operator_v3' retrieved from /Users/bhavishyachallagolla/Desktop/RetailSense/.venv/lib/python3.12/site-packages/airflow/example_dags/example_branch_python_dop_operator_3.py
[2026-07-17T22:51:44.471+0530] {logging_mixin.py:190} INFO - [2026-07-17T22:51:44.471+0530] {dag.py:3239} INFO - Sync 1 DAGs
[2026-07-17T22:51:44.477+0530] {logging_mixin.py:190} INFO - [2026-07-17T22:51:44.477+0530] {dag.py:4180} INFO - Setting next_dagrun for example_branch_dop_operator_v3 to 2026-07-17 17:20:00+00:00, run_after=2026-07-17 17:21:00+00:00
[2026-07-17T22:51:44.482+0530] {processor.py:208} INFO - Processing /Users/bhavishyachallagolla/Desktop/RetailSense/.venv/lib/python3.12/site-packages/airflow/example_dags/example_branch_python_dop_operator_3.py took 0.051 seconds
[2026-07-17T22:53:23.983+0530] {processor.py:186} INFO - Started process (PID=94891) to work on /Users/bhavishyachallagolla/Desktop/RetailSense/.venv/lib/python3.12/site-packages/airflow/example_dags/example_branch_python_dop_operator_3.py
[2026-07-17T22:53:23.984+0530] {processor.py:914} INFO - Processing file /Users/bhavishyachallagolla/Desktop/RetailSense/.venv/lib/python3.12/site-packages/airflow/example_dags/example_branch_python_dop_operator_3.py for tasks to queue
[2026-07-17T22:53:23.984+0530] {logging_mixin.py:190} INFO - [2026-07-17T22:53:23.984+0530] {dagbag.py:588} INFO - Filling up the DagBag from /Users/bhavishyachallagolla/Desktop/RetailSense/.venv/lib/python3.12/site-packages/airflow/example_dags/example_branch_python_dop_operator_3.py
[2026-07-17T22:53:23.997+0530] {processor.py:925} INFO - DAG(s) 'example_branch_dop_operator_v3' retrieved from /Users/bhavishyachallagolla/Desktop/RetailSense/.venv/lib/python3.12/site-packages/airflow/example_dags/example_branch_python_dop_operator_3.py
[2026-07-17T22:53:24.021+0530] {logging_mixin.py:190} INFO - [2026-07-17T22:53:24.021+0530] {dag.py:3239} INFO - Sync 1 DAGs
[2026-07-17T22:53:24.027+0530] {logging_mixin.py:190} INFO - [2026-07-17T22:53:24.027+0530] {dag.py:4180} INFO - Setting next_dagrun for example_branch_dop_operator_v3 to 2026-07-17 17:22:00+00:00, run_after=2026-07-17 17:23:00+00:00
[2026-07-17T22:53:24.031+0530] {processor.py:208} INFO - Processing /Users/bhavishyachallagolla/Desktop/RetailSense/.venv/lib/python3.12/site-packages/airflow/example_dags/example_branch_python_dop_operator_3.py took 0.050 seconds
[2026-07-17T22:55:02.838+0530] {processor.py:186} INFO - Started process (PID=95042) to work on /Users/bhavishyachallagolla/Desktop/RetailSense/.venv/lib/python3.12/site-packages/airflow/example_dags/example_branch_python_dop_operator_3.py
[2026-07-17T22:55:02.839+0530] {processor.py:914} INFO - Processing file /Users/bhavishyachallagolla/Desktop/RetailSense/.venv/lib/python3.12/site-packages/airflow/example_dags/example_branch_python_dop_operator_3.py for tasks to queue
[2026-07-17T22:55:02.839+0530] {logging_mixin.py:190} INFO - [2026-07-17T22:55:02.839+0530] {dagbag.py:588} INFO - Filling up the DagBag from /Users/bhavishyachallagolla/Desktop/RetailSense/.venv/lib/python3.12/site-packages/airflow/example_dags/example_branch_python_dop_operator_3.py
[2026-07-17T22:55:02.852+0530] {processor.py:925} INFO - DAG(s) 'example_branch_dop_operator_v3' retrieved from /Users/bhavishyachallagolla/Desktop/RetailSense/.venv/lib/python3.12/site-packages/airflow/example_dags/example_branch_python_dop_operator_3.py
[2026-07-17T22:55:02.876+0530] {logging_mixin.py:190} INFO - [2026-07-17T22:55:02.876+0530] {dag.py:3239} INFO - Sync 1 DAGs
[2026-07-17T22:55:02.882+0530] {logging_mixin.py:190} INFO - [2026-07-17T22:55:02.882+0530] {dag.py:4180} INFO - Setting next_dagrun for example_branch_dop_operator_v3 to 2026-07-17 17:24:00+00:00, run_after=2026-07-17 17:25:00+00:00
[2026-07-17T22:55:02.886+0530] {processor.py:208} INFO - Processing /Users/bhavishyachallagolla/Desktop/RetailSense/.venv/lib/python3.12/site-packages/airflow/example_dags/example_branch_python_dop_operator_3.py took 0.049 seconds
[2026-07-17T22:56:42.955+0530] {processor.py:186} INFO - Started process (PID=95191) to work on /Users/bhavishyachallagolla/Desktop/RetailSense/.venv/lib/python3.12/site-packages/airflow/example_dags/example_branch_python_dop_operator_3.py
[2026-07-17T22:56:42.957+0530] {processor.py:914} INFO - Processing file /Users/bhavishyachallagolla/Desktop/RetailSense/.venv/lib/python3.12/site-packages/airflow/example_dags/example_branch_python_dop_operator_3.py for tasks to queue
[2026-07-17T22:56:42.957+0530] {logging_mixin.py:190} INFO - [2026-07-17T22:56:42.957+0530] {dagbag.py:588} INFO - Filling up the DagBag from /Users/bhavishyachallagolla/Desktop/RetailSense/.venv/lib/python3.12/site-packages/airflow/example_dags/example_branch_python_dop_operator_3.py
[2026-07-17T22:56:42.969+0530] {processor.py:925} INFO - DAG(s) 'example_branch_dop_operator_v3' retrieved from /Users/bhavishyachallagolla/Desktop/RetailSense/.venv/lib/python3.12/site-packages/airflow/example_dags/example_branch_python_dop_operator_3.py
[2026-07-17T22:56:42.994+0530] {logging_mixin.py:190} INFO - [2026-07-17T22:56:42.993+0530] {dag.py:3239} INFO - Sync 1 DAGs
[2026-07-17T22:56:42.999+0530] {logging_mixin.py:190} INFO - [2026-07-17T22:56:42.999+0530] {dag.py:4180} INFO - Setting next_dagrun for example_branch_dop_operator_v3 to 2026-07-17 17:25:00+00:00, run_after=2026-07-17 17:26:00+00:00
[2026-07-17T22:56:43.004+0530] {processor.py:208} INFO - Processing /Users/bhavishyachallagolla/Desktop/RetailSense/.venv/lib/python3.12/site-packages/airflow/example_dags/example_branch_python_dop_operator_3.py took 0.049 seconds
[2026-07-17T22:58:22.910+0530] {processor.py:186} INFO - Started process (PID=95355) to work on /Users/bhavishyachallagolla/Desktop/RetailSense/.venv/lib/python3.12/site-packages/airflow/example_dags/example_branch_python_dop_operator_3.py
[2026-07-17T22:58:22.911+0530] {processor.py:914} INFO - Processing file /Users/bhavishyachallagolla/Desktop/RetailSense/.venv/lib/python3.12/site-packages/airflow/example_dags/example_branch_python_dop_operator_3.py for tasks to queue
[2026-07-17T22:58:22.911+0530] {logging_mixin.py:190} INFO - [2026-07-17T22:58:22.911+0530] {dagbag.py:588} INFO - Filling up the DagBag from /Users/bhavishyachallagolla/Desktop/RetailSense/.venv/lib/python3.12/site-packages/airflow/example_dags/example_branch_python_dop_operator_3.py
[2026-07-17T22:58:22.923+0530] {processor.py:925} INFO - DAG(s) 'example_branch_dop_operator_v3' retrieved from /Users/bhavishyachallagolla/Desktop/RetailSense/.venv/lib/python3.12/site-packages/airflow/example_dags/example_branch_python_dop_operator_3.py
[2026-07-17T22:58:22.947+0530] {logging_mixin.py:190} INFO - [2026-07-17T22:58:22.947+0530] {dag.py:3239} INFO - Sync 1 DAGs
[2026-07-17T22:58:22.952+0530] {logging_mixin.py:190} INFO - [2026-07-17T22:58:22.952+0530] {dag.py:4180} INFO - Setting next_dagrun for example_branch_dop_operator_v3 to 2026-07-17 17:27:00+00:00, run_after=2026-07-17 17:28:00+00:00
[2026-07-17T22:58:22.957+0530] {processor.py:208} INFO - Processing /Users/bhavishyachallagolla/Desktop/RetailSense/.venv/lib/python3.12/site-packages/airflow/example_dags/example_branch_python_dop_operator_3.py took 0.048 seconds
[2026-07-17T23:01:08.979+0530] {processor.py:186} INFO - Started process (PID=95587) to work on /Users/bhavishyachallagolla/Desktop/RetailSense/.venv/lib/python3.12/site-packages/airflow/example_dags/example_branch_python_dop_operator_3.py
[2026-07-17T23:01:08.979+0530] {processor.py:914} INFO - Processing file /Users/bhavishyachallagolla/Desktop/RetailSense/.venv/lib/python3.12/site-packages/airflow/example_dags/example_branch_python_dop_operator_3.py for tasks to queue
[2026-07-17T23:01:08.980+0530] {logging_mixin.py:190} INFO - [2026-07-17T23:01:08.980+0530] {dagbag.py:588} INFO - Filling up the DagBag from /Users/bhavishyachallagolla/Desktop/RetailSense/.venv/lib/python3.12/site-packages/airflow/example_dags/example_branch_python_dop_operator_3.py
[2026-07-17T23:01:08.992+0530] {processor.py:925} INFO - DAG(s) 'example_branch_dop_operator_v3' retrieved from /Users/bhavishyachallagolla/Desktop/RetailSense/.venv/lib/python3.12/site-packages/airflow/example_dags/example_branch_python_dop_operator_3.py
[2026-07-17T23:01:09.016+0530] {logging_mixin.py:190} INFO - [2026-07-17T23:01:09.016+0530] {dag.py:3239} INFO - Sync 1 DAGs
[2026-07-17T23:01:09.021+0530] {logging_mixin.py:190} INFO - [2026-07-17T23:01:09.021+0530] {dag.py:4180} INFO - Setting next_dagrun for example_branch_dop_operator_v3 to 2026-07-17 17:30:00+00:00, run_after=2026-07-17 17:31:00+00:00
[2026-07-17T23:01:09.026+0530] {processor.py:208} INFO - Processing /Users/bhavishyachallagolla/Desktop/RetailSense/.venv/lib/python3.12/site-packages/airflow/example_dags/example_branch_python_dop_operator_3.py took 0.048 seconds
[2026-07-17T23:02:51.496+0530] {processor.py:186} INFO - Started process (PID=95763) to work on /Users/bhavishyachallagolla/Desktop/RetailSense/.venv/lib/python3.12/site-packages/airflow/example_dags/example_branch_python_dop_operator_3.py
[2026-07-17T23:02:51.496+0530] {processor.py:914} INFO - Processing file /Users/bhavishyachallagolla/Desktop/RetailSense/.venv/lib/python3.12/site-packages/airflow/example_dags/example_branch_python_dop_operator_3.py for tasks to queue
[2026-07-17T23:02:51.497+0530] {logging_mixin.py:190} INFO - [2026-07-17T23:02:51.497+0530] {dagbag.py:588} INFO - Filling up the DagBag from /Users/bhavishyachallagolla/Desktop/RetailSense/.venv/lib/python3.12/site-packages/airflow/example_dags/example_branch_python_dop_operator_3.py
[2026-07-17T23:02:51.509+0530] {processor.py:925} INFO - DAG(s) 'example_branch_dop_operator_v3' retrieved from /Users/bhavishyachallagolla/Desktop/RetailSense/.venv/lib/python3.12/site-packages/airflow/example_dags/example_branch_python_dop_operator_3.py
[2026-07-17T23:02:51.532+0530] {logging_mixin.py:190} INFO - [2026-07-17T23:02:51.532+0530] {dag.py:3239} INFO - Sync 1 DAGs
[2026-07-17T23:02:51.537+0530] {logging_mixin.py:190} INFO - [2026-07-17T23:02:51.537+0530] {dag.py:4180} INFO - Setting next_dagrun for example_branch_dop_operator_v3 to 2026-07-17 17:31:00+00:00, run_after=2026-07-17 17:32:00+00:00
[2026-07-17T23:02:51.542+0530] {processor.py:208} INFO - Processing /Users/bhavishyachallagolla/Desktop/RetailSense/.venv/lib/python3.12/site-packages/airflow/example_dags/example_branch_python_dop_operator_3.py took 0.047 seconds
[2026-07-17T23:04:31.311+0530] {processor.py:186} INFO - Started process (PID=95912) to work on /Users/bhavishyachallagolla/Desktop/RetailSense/.venv/lib/python3.12/site-packages/airflow/example_dags/example_branch_python_dop_operator_3.py
[2026-07-17T23:04:31.312+0530] {processor.py:914} INFO - Processing file /Users/bhavishyachallagolla/Desktop/RetailSense/.venv/lib/python3.12/site-packages/airflow/example_dags/example_branch_python_dop_operator_3.py for tasks to queue
[2026-07-17T23:04:31.312+0530] {logging_mixin.py:190} INFO - [2026-07-17T23:04:31.312+0530] {dagbag.py:588} INFO - Filling up the DagBag from /Users/bhavishyachallagolla/Desktop/RetailSense/.venv/lib/python3.12/site-packages/airflow/example_dags/example_branch_python_dop_operator_3.py
[2026-07-17T23:04:31.324+0530] {processor.py:925} INFO - DAG(s) 'example_branch_dop_operator_v3' retrieved from /Users/bhavishyachallagolla/Desktop/RetailSense/.venv/lib/python3.12/site-packages/airflow/example_dags/example_branch_python_dop_operator_3.py
[2026-07-17T23:04:31.348+0530] {logging_mixin.py:190} INFO - [2026-07-17T23:04:31.348+0530] {dag.py:3239} INFO - Sync 1 DAGs
[2026-07-17T23:04:31.353+0530] {logging_mixin.py:190} INFO - [2026-07-17T23:04:31.353+0530] {dag.py:4180} INFO - Setting next_dagrun for example_branch_dop_operator_v3 to 2026-07-17 17:33:00+00:00, run_after=2026-07-17 17:34:00+00:00
[2026-07-17T23:04:31.358+0530] {processor.py:208} INFO - Processing /Users/bhavishyachallagolla/Desktop/RetailSense/.venv/lib/python3.12/site-packages/airflow/example_dags/example_branch_python_dop_operator_3.py took 0.048 seconds
[2026-07-17T23:06:11.726+0530] {processor.py:186} INFO - Started process (PID=96064) to work on /Users/bhavishyachallagolla/Desktop/RetailSense/.venv/lib/python3.12/site-packages/airflow/example_dags/example_branch_python_dop_operator_3.py
[2026-07-17T23:06:11.727+0530] {processor.py:914} INFO - Processing file /Users/bhavishyachallagolla/Desktop/RetailSense/.venv/lib/python3.12/site-packages/airflow/example_dags/example_branch_python_dop_operator_3.py for tasks to queue
[2026-07-17T23:06:11.727+0530] {logging_mixin.py:190} INFO - [2026-07-17T23:06:11.727+0530] {dagbag.py:588} INFO - Filling up the DagBag from /Users/bhavishyachallagolla/Desktop/RetailSense/.venv/lib/python3.12/site-packages/airflow/example_dags/example_branch_python_dop_operator_3.py
[2026-07-17T23:06:11.739+0530] {processor.py:925} INFO - DAG(s) 'example_branch_dop_operator_v3' retrieved from /Users/bhavishyachallagolla/Desktop/RetailSense/.venv/lib/python3.12/site-packages/airflow/example_dags/example_branch_python_dop_operator_3.py
[2026-07-17T23:06:11.763+0530] {logging_mixin.py:190} INFO - [2026-07-17T23:06:11.763+0530] {dag.py:3239} INFO - Sync 1 DAGs
[2026-07-17T23:06:11.768+0530] {logging_mixin.py:190} INFO - [2026-07-17T23:06:11.768+0530] {dag.py:4180} INFO - Setting next_dagrun for example_branch_dop_operator_v3 to 2026-07-17 17:35:00+00:00, run_after=2026-07-17 17:36:00+00:00
[2026-07-17T23:06:11.773+0530] {processor.py:208} INFO - Processing /Users/bhavishyachallagolla/Desktop/RetailSense/.venv/lib/python3.12/site-packages/airflow/example_dags/example_branch_python_dop_operator_3.py took 0.047 seconds
[2026-07-17T23:07:52.558+0530] {processor.py:186} INFO - Started process (PID=96223) to work on /Users/bhavishyachallagolla/Desktop/RetailSense/.venv/lib/python3.12/site-packages/airflow/example_dags/example_branch_python_dop_operator_3.py
[2026-07-17T23:07:52.559+0530] {processor.py:914} INFO - Processing file /Users/bhavishyachallagolla/Desktop/RetailSense/.venv/lib/python3.12/site-packages/airflow/example_dags/example_branch_python_dop_operator_3.py for tasks to queue
[2026-07-17T23:07:52.559+0530] {logging_mixin.py:190} INFO - [2026-07-17T23:07:52.559+0530] {dagbag.py:588} INFO - Filling up the DagBag from /Users/bhavishyachallagolla/Desktop/RetailSense/.venv/lib/python3.12/site-packages/airflow/example_dags/example_branch_python_dop_operator_3.py
[2026-07-17T23:07:52.573+0530] {processor.py:925} INFO - DAG(s) 'example_branch_dop_operator_v3' retrieved from /Users/bhavishyachallagolla/Desktop/RetailSense/.venv/lib/python3.12/site-packages/airflow/example_dags/example_branch_python_dop_operator_3.py
[2026-07-17T23:07:52.600+0530] {logging_mixin.py:190} INFO - [2026-07-17T23:07:52.600+0530] {dag.py:3239} INFO - Sync 1 DAGs
[2026-07-17T23:07:52.606+0530] {logging_mixin.py:190} INFO - [2026-07-17T23:07:52.606+0530] {dag.py:4180} INFO - Setting next_dagrun for example_branch_dop_operator_v3 to 2026-07-17 17:36:00+00:00, run_after=2026-07-17 17:37:00+00:00
[2026-07-17T23:07:52.612+0530] {processor.py:208} INFO - Processing /Users/bhavishyachallagolla/Desktop/RetailSense/.venv/lib/python3.12/site-packages/airflow/example_dags/example_branch_python_dop_operator_3.py took 0.055 seconds
[2026-07-17T23:09:32.676+0530] {processor.py:186} INFO - Started process (PID=96373) to work on /Users/bhavishyachallagolla/Desktop/RetailSense/.venv/lib/python3.12/site-packages/airflow/example_dags/example_branch_python_dop_operator_3.py
[2026-07-17T23:09:32.676+0530] {processor.py:914} INFO - Processing file /Users/bhavishyachallagolla/Desktop/RetailSense/.venv/lib/python3.12/site-packages/airflow/example_dags/example_branch_python_dop_operator_3.py for tasks to queue
[2026-07-17T23:09:32.677+0530] {logging_mixin.py:190} INFO - [2026-07-17T23:09:32.677+0530] {dagbag.py:588} INFO - Filling up the DagBag from /Users/bhavishyachallagolla/Desktop/RetailSense/.venv/lib/python3.12/site-packages/airflow/example_dags/example_branch_python_dop_operator_3.py
[2026-07-17T23:09:32.688+0530] {processor.py:925} INFO - DAG(s) 'example_branch_dop_operator_v3' retrieved from /Users/bhavishyachallagolla/Desktop/RetailSense/.venv/lib/python3.12/site-packages/airflow/example_dags/example_branch_python_dop_operator_3.py
[2026-07-17T23:09:32.712+0530] {logging_mixin.py:190} INFO - [2026-07-17T23:09:32.712+0530] {dag.py:3239} INFO - Sync 1 DAGs
[2026-07-17T23:09:32.717+0530] {logging_mixin.py:190} INFO - [2026-07-17T23:09:32.717+0530] {dag.py:4180} INFO - Setting next_dagrun for example_branch_dop_operator_v3 to 2026-07-17 17:38:00+00:00, run_after=2026-07-17 17:39:00+00:00
[2026-07-17T23:09:32.721+0530] {processor.py:208} INFO - Processing /Users/bhavishyachallagolla/Desktop/RetailSense/.venv/lib/python3.12/site-packages/airflow/example_dags/example_branch_python_dop_operator_3.py took 0.046 seconds
[2026-07-17T23:11:10.373+0530] {processor.py:186} INFO - Started process (PID=96521) to work on /Users/bhavishyachallagolla/Desktop/RetailSense/.venv/lib/python3.12/site-packages/airflow/example_dags/example_branch_python_dop_operator_3.py
[2026-07-17T23:11:10.373+0530] {processor.py:914} INFO - Processing file /Users/bhavishyachallagolla/Desktop/RetailSense/.venv/lib/python3.12/site-packages/airflow/example_dags/example_branch_python_dop_operator_3.py for tasks to queue
[2026-07-17T23:11:10.374+0530] {logging_mixin.py:190} INFO - [2026-07-17T23:11:10.374+0530] {dagbag.py:588} INFO - Filling up the DagBag from /Users/bhavishyachallagolla/Desktop/RetailSense/.venv/lib/python3.12/site-packages/airflow/example_dags/example_branch_python_dop_operator_3.py
[2026-07-17T23:11:10.386+0530] {processor.py:925} INFO - DAG(s) 'example_branch_dop_operator_v3' retrieved from /Users/bhavishyachallagolla/Desktop/RetailSense/.venv/lib/python3.12/site-packages/airflow/example_dags/example_branch_python_dop_operator_3.py
[2026-07-17T23:11:10.409+0530] {logging_mixin.py:190} INFO - [2026-07-17T23:11:10.409+0530] {dag.py:3239} INFO - Sync 1 DAGs
[2026-07-17T23:11:10.414+0530] {logging_mixin.py:190} INFO - [2026-07-17T23:11:10.414+0530] {dag.py:4180} INFO - Setting next_dagrun for example_branch_dop_operator_v3 to 2026-07-17 17:40:00+00:00, run_after=2026-07-17 17:41:00+00:00
[2026-07-17T23:11:10.419+0530] {processor.py:208} INFO - Processing /Users/bhavishyachallagolla/Desktop/RetailSense/.venv/lib/python3.12/site-packages/airflow/example_dags/example_branch_python_dop_operator_3.py took 0.047 seconds
[2026-07-17T23:12:48.965+0530] {processor.py:186} INFO - Started process (PID=96738) to work on /Users/bhavishyachallagolla/Desktop/RetailSense/.venv/lib/python3.12/site-packages/airflow/example_dags/example_branch_python_dop_operator_3.py
[2026-07-17T23:12:48.966+0530] {processor.py:914} INFO - Processing file /Users/bhavishyachallagolla/Desktop/RetailSense/.venv/lib/python3.12/site-packages/airflow/example_dags/example_branch_python_dop_operator_3.py for tasks to queue
[2026-07-17T23:12:48.966+0530] {logging_mixin.py:190} INFO - [2026-07-17T23:12:48.966+0530] {dagbag.py:588} INFO - Filling up the DagBag from /Users/bhavishyachallagolla/Desktop/RetailSense/.venv/lib/python3.12/site-packages/airflow/example_dags/example_branch_python_dop_operator_3.py
[2026-07-17T23:12:48.978+0530] {processor.py:925} INFO - DAG(s) 'example_branch_dop_operator_v3' retrieved from /Users/bhavishyachallagolla/Desktop/RetailSense/.venv/lib/python3.12/site-packages/airflow/example_dags/example_branch_python_dop_operator_3.py
[2026-07-17T23:12:49.002+0530] {logging_mixin.py:190} INFO - [2026-07-17T23:12:49.002+0530] {dag.py:3239} INFO - Sync 1 DAGs
[2026-07-17T23:12:49.008+0530] {logging_mixin.py:190} INFO - [2026-07-17T23:12:49.008+0530] {dag.py:4180} INFO - Setting next_dagrun for example_branch_dop_operator_v3 to 2026-07-17 17:41:00+00:00, run_after=2026-07-17 17:42:00+00:00
[2026-07-17T23:12:49.013+0530] {processor.py:208} INFO - Processing /Users/bhavishyachallagolla/Desktop/RetailSense/.venv/lib/python3.12/site-packages/airflow/example_dags/example_branch_python_dop_operator_3.py took 0.048 seconds
[2026-07-17T23:14:29.309+0530] {processor.py:186} INFO - Started process (PID=96888) to work on /Users/bhavishyachallagolla/Desktop/RetailSense/.venv/lib/python3.12/site-packages/airflow/example_dags/example_branch_python_dop_operator_3.py
[2026-07-17T23:14:29.309+0530] {processor.py:914} INFO - Processing file /Users/bhavishyachallagolla/Desktop/RetailSense/.venv/lib/python3.12/site-packages/airflow/example_dags/example_branch_python_dop_operator_3.py for tasks to queue
[2026-07-17T23:14:29.309+0530] {logging_mixin.py:190} INFO - [2026-07-17T23:14:29.309+0530] {dagbag.py:588} INFO - Filling up the DagBag from /Users/bhavishyachallagolla/Desktop/RetailSense/.venv/lib/python3.12/site-packages/airflow/example_dags/example_branch_python_dop_operator_3.py
[2026-07-17T23:14:29.321+0530] {processor.py:925} INFO - DAG(s) 'example_branch_dop_operator_v3' retrieved from /Users/bhavishyachallagolla/Desktop/RetailSense/.venv/lib/python3.12/site-packages/airflow/example_dags/example_branch_python_dop_operator_3.py
[2026-07-17T23:14:29.345+0530] {logging_mixin.py:190} INFO - [2026-07-17T23:14:29.345+0530] {dag.py:3239} INFO - Sync 1 DAGs
[2026-07-17T23:14:29.350+0530] {logging_mixin.py:190} INFO - [2026-07-17T23:14:29.350+0530] {dag.py:4180} INFO - Setting next_dagrun for example_branch_dop_operator_v3 to 2026-07-17 17:43:00+00:00, run_after=2026-07-17 17:44:00+00:00
[2026-07-17T23:14:29.355+0530] {processor.py:208} INFO - Processing /Users/bhavishyachallagolla/Desktop/RetailSense/.venv/lib/python3.12/site-packages/airflow/example_dags/example_branch_python_dop_operator_3.py took 0.047 seconds
[2026-07-17T23:16:13.820+0530] {processor.py:186} INFO - Started process (PID=97079) to work on /Users/bhavishyachallagolla/Desktop/RetailSense/.venv/lib/python3.12/site-packages/airflow/example_dags/example_branch_python_dop_operator_3.py
[2026-07-17T23:16:13.820+0530] {processor.py:914} INFO - Processing file /Users/bhavishyachallagolla/Desktop/RetailSense/.venv/lib/python3.12/site-packages/airflow/example_dags/example_branch_python_dop_operator_3.py for tasks to queue
[2026-07-17T23:16:13.821+0530] {logging_mixin.py:190} INFO - [2026-07-17T23:16:13.821+0530] {dagbag.py:588} INFO - Filling up the DagBag from /Users/bhavishyachallagolla/Desktop/RetailSense/.venv/lib/python3.12/site-packages/airflow/example_dags/example_branch_python_dop_operator_3.py
[2026-07-17T23:16:13.833+0530] {processor.py:925} INFO - DAG(s) 'example_branch_dop_operator_v3' retrieved from /Users/bhavishyachallagolla/Desktop/RetailSense/.venv/lib/python3.12/site-packages/airflow/example_dags/example_branch_python_dop_operator_3.py
[2026-07-17T23:16:13.858+0530] {logging_mixin.py:190} INFO - [2026-07-17T23:16:13.858+0530] {dag.py:3239} INFO - Sync 1 DAGs
[2026-07-17T23:16:13.863+0530] {logging_mixin.py:190} INFO - [2026-07-17T23:16:13.863+0530] {dag.py:4180} INFO - Setting next_dagrun for example_branch_dop_operator_v3 to 2026-07-17 17:45:00+00:00, run_after=2026-07-17 17:46:00+00:00
[2026-07-17T23:16:13.868+0530] {processor.py:208} INFO - Processing /Users/bhavishyachallagolla/Desktop/RetailSense/.venv/lib/python3.12/site-packages/airflow/example_dags/example_branch_python_dop_operator_3.py took 0.049 seconds
[2026-07-17T23:17:54.975+0530] {processor.py:186} INFO - Started process (PID=97304) to work on /Users/bhavishyachallagolla/Desktop/RetailSense/.venv/lib/python3.12/site-packages/airflow/example_dags/example_branch_python_dop_operator_3.py
[2026-07-17T23:17:54.976+0530] {processor.py:914} INFO - Processing file /Users/bhavishyachallagolla/Desktop/RetailSense/.venv/lib/python3.12/site-packages/airflow/example_dags/example_branch_python_dop_operator_3.py for tasks to queue
[2026-07-17T23:17:54.976+0530] {logging_mixin.py:190} INFO - [2026-07-17T23:17:54.976+0530] {dagbag.py:588} INFO - Filling up the DagBag from /Users/bhavishyachallagolla/Desktop/RetailSense/.venv/lib/python3.12/site-packages/airflow/example_dags/example_branch_python_dop_operator_3.py
[2026-07-17T23:17:54.988+0530] {processor.py:925} INFO - DAG(s) 'example_branch_dop_operator_v3' retrieved from /Users/bhavishyachallagolla/Desktop/RetailSense/.venv/lib/python3.12/site-packages/airflow/example_dags/example_branch_python_dop_operator_3.py
[2026-07-17T23:17:55.012+0530] {logging_mixin.py:190} INFO - [2026-07-17T23:17:55.012+0530] {dag.py:3239} INFO - Sync 1 DAGs
[2026-07-17T23:17:55.017+0530] {logging_mixin.py:190} INFO - [2026-07-17T23:17:55.017+0530] {dag.py:4180} INFO - Setting next_dagrun for example_branch_dop_operator_v3 to 2026-07-17 17:46:00+00:00, run_after=2026-07-17 17:47:00+00:00
[2026-07-17T23:17:55.022+0530] {processor.py:208} INFO - Processing /Users/bhavishyachallagolla/Desktop/RetailSense/.venv/lib/python3.12/site-packages/airflow/example_dags/example_branch_python_dop_operator_3.py took 0.048 seconds
[2026-07-17T23:19:37.643+0530] {processor.py:186} INFO - Started process (PID=97468) to work on /Users/bhavishyachallagolla/Desktop/RetailSense/.venv/lib/python3.12/site-packages/airflow/example_dags/example_branch_python_dop_operator_3.py
[2026-07-17T23:19:37.643+0530] {processor.py:914} INFO - Processing file /Users/bhavishyachallagolla/Desktop/RetailSense/.venv/lib/python3.12/site-packages/airflow/example_dags/example_branch_python_dop_operator_3.py for tasks to queue
[2026-07-17T23:19:37.643+0530] {logging_mixin.py:190} INFO - [2026-07-17T23:19:37.643+0530] {dagbag.py:588} INFO - Filling up the DagBag from /Users/bhavishyachallagolla/Desktop/RetailSense/.venv/lib/python3.12/site-packages/airflow/example_dags/example_branch_python_dop_operator_3.py
[2026-07-17T23:19:37.656+0530] {processor.py:925} INFO - DAG(s) 'example_branch_dop_operator_v3' retrieved from /Users/bhavishyachallagolla/Desktop/RetailSense/.venv/lib/python3.12/site-packages/airflow/example_dags/example_branch_python_dop_operator_3.py
[2026-07-17T23:19:37.681+0530] {logging_mixin.py:190} INFO - [2026-07-17T23:19:37.681+0530] {dag.py:3239} INFO - Sync 1 DAGs
[2026-07-17T23:19:37.687+0530] {logging_mixin.py:190} INFO - [2026-07-17T23:19:37.687+0530] {dag.py:4180} INFO - Setting next_dagrun for example_branch_dop_operator_v3 to 2026-07-17 17:48:00+00:00, run_after=2026-07-17 17:49:00+00:00
[2026-07-17T23:19:37.692+0530] {processor.py:208} INFO - Processing /Users/bhavishyachallagolla/Desktop/RetailSense/.venv/lib/python3.12/site-packages/airflow/example_dags/example_branch_python_dop_operator_3.py took 0.050 seconds
[2026-07-17T23:21:18.617+0530] {processor.py:186} INFO - Started process (PID=97620) to work on /Users/bhavishyachallagolla/Desktop/RetailSense/.venv/lib/python3.12/site-packages/airflow/example_dags/example_branch_python_dop_operator_3.py
[2026-07-17T23:21:18.617+0530] {processor.py:914} INFO - Processing file /Users/bhavishyachallagolla/Desktop/RetailSense/.venv/lib/python3.12/site-packages/airflow/example_dags/example_branch_python_dop_operator_3.py for tasks to queue
[2026-07-17T23:21:18.618+0530] {logging_mixin.py:190} INFO - [2026-07-17T23:21:18.618+0530] {dagbag.py:588} INFO - Filling up the DagBag from /Users/bhavishyachallagolla/Desktop/RetailSense/.venv/lib/python3.12/site-packages/airflow/example_dags/example_branch_python_dop_operator_3.py
[2026-07-17T23:21:18.630+0530] {processor.py:925} INFO - DAG(s) 'example_branch_dop_operator_v3' retrieved from /Users/bhavishyachallagolla/Desktop/RetailSense/.venv/lib/python3.12/site-packages/airflow/example_dags/example_branch_python_dop_operator_3.py
[2026-07-17T23:21:18.654+0530] {logging_mixin.py:190} INFO - [2026-07-17T23:21:18.654+0530] {dag.py:3239} INFO - Sync 1 DAGs
[2026-07-17T23:21:18.659+0530] {logging_mixin.py:190} INFO - [2026-07-17T23:21:18.659+0530] {dag.py:4180} INFO - Setting next_dagrun for example_branch_dop_operator_v3 to 2026-07-17 17:50:00+00:00, run_after=2026-07-17 17:51:00+00:00
[2026-07-17T23:21:18.664+0530] {processor.py:208} INFO - Processing /Users/bhavishyachallagolla/Desktop/RetailSense/.venv/lib/python3.12/site-packages/airflow/example_dags/example_branch_python_dop_operator_3.py took 0.048 seconds
[2026-07-17T23:22:59.792+0530] {processor.py:186} INFO - Started process (PID=97772) to work on /Users/bhavishyachallagolla/Desktop/RetailSense/.venv/lib/python3.12/site-packages/airflow/example_dags/example_branch_python_dop_operator_3.py
[2026-07-17T23:22:59.793+0530] {processor.py:914} INFO - Processing file /Users/bhavishyachallagolla/Desktop/RetailSense/.venv/lib/python3.12/site-packages/airflow/example_dags/example_branch_python_dop_operator_3.py for tasks to queue
[2026-07-17T23:22:59.793+0530] {logging_mixin.py:190} INFO - [2026-07-17T23:22:59.793+0530] {dagbag.py:588} INFO - Filling up the DagBag from /Users/bhavishyachallagolla/Desktop/RetailSense/.venv/lib/python3.12/site-packages/airflow/example_dags/example_branch_python_dop_operator_3.py
[2026-07-17T23:22:59.805+0530] {processor.py:925} INFO - DAG(s) 'example_branch_dop_operator_v3' retrieved from /Users/bhavishyachallagolla/Desktop/RetailSense/.venv/lib/python3.12/site-packages/airflow/example_dags/example_branch_python_dop_operator_3.py
[2026-07-17T23:22:59.830+0530] {logging_mixin.py:190} INFO - [2026-07-17T23:22:59.830+0530] {dag.py:3239} INFO - Sync 1 DAGs
[2026-07-17T23:22:59.835+0530] {logging_mixin.py:190} INFO - [2026-07-17T23:22:59.835+0530] {dag.py:4180} INFO - Setting next_dagrun for example_branch_dop_operator_v3 to 2026-07-17 17:51:00+00:00, run_after=2026-07-17 17:52:00+00:00
[2026-07-17T23:22:59.840+0530] {processor.py:208} INFO - Processing /Users/bhavishyachallagolla/Desktop/RetailSense/.venv/lib/python3.12/site-packages/airflow/example_dags/example_branch_python_dop_operator_3.py took 0.049 seconds
[2026-07-17T23:24:40.044+0530] {processor.py:186} INFO - Started process (PID=97922) to work on /Users/bhavishyachallagolla/Desktop/RetailSense/.venv/lib/python3.12/site-packages/airflow/example_dags/example_branch_python_dop_operator_3.py
[2026-07-17T23:24:40.045+0530] {processor.py:914} INFO - Processing file /Users/bhavishyachallagolla/Desktop/RetailSense/.venv/lib/python3.12/site-packages/airflow/example_dags/example_branch_python_dop_operator_3.py for tasks to queue
[2026-07-17T23:24:40.045+0530] {logging_mixin.py:190} INFO - [2026-07-17T23:24:40.045+0530] {dagbag.py:588} INFO - Filling up the DagBag from /Users/bhavishyachallagolla/Desktop/RetailSense/.venv/lib/python3.12/site-packages/airflow/example_dags/example_branch_python_dop_operator_3.py
[2026-07-17T23:24:40.057+0530] {processor.py:925} INFO - DAG(s) 'example_branch_dop_operator_v3' retrieved from /Users/bhavishyachallagolla/Desktop/RetailSense/.venv/lib/python3.12/site-packages/airflow/example_dags/example_branch_python_dop_operator_3.py
[2026-07-17T23:24:40.081+0530] {logging_mixin.py:190} INFO - [2026-07-17T23:24:40.081+0530] {dag.py:3239} INFO - Sync 1 DAGs
[2026-07-17T23:24:40.086+0530] {logging_mixin.py:190} INFO - [2026-07-17T23:24:40.086+0530] {dag.py:4180} INFO - Setting next_dagrun for example_branch_dop_operator_v3 to 2026-07-17 17:53:00+00:00, run_after=2026-07-17 17:54:00+00:00
[2026-07-17T23:24:40.091+0530] {processor.py:208} INFO - Processing /Users/bhavishyachallagolla/Desktop/RetailSense/.venv/lib/python3.12/site-packages/airflow/example_dags/example_branch_python_dop_operator_3.py took 0.048 seconds
[2026-07-17T23:26:21.038+0530] {processor.py:186} INFO - Started process (PID=98073) to work on /Users/bhavishyachallagolla/Desktop/RetailSense/.venv/lib/python3.12/site-packages/airflow/example_dags/example_branch_python_dop_operator_3.py
[2026-07-17T23:26:21.038+0530] {processor.py:914} INFO - Processing file /Users/bhavishyachallagolla/Desktop/RetailSense/.venv/lib/python3.12/site-packages/airflow/example_dags/example_branch_python_dop_operator_3.py for tasks to queue
[2026-07-17T23:26:21.039+0530] {logging_mixin.py:190} INFO - [2026-07-17T23:26:21.039+0530] {dagbag.py:588} INFO - Filling up the DagBag from /Users/bhavishyachallagolla/Desktop/RetailSense/.venv/lib/python3.12/site-packages/airflow/example_dags/example_branch_python_dop_operator_3.py
[2026-07-17T23:26:21.051+0530] {processor.py:925} INFO - DAG(s) 'example_branch_dop_operator_v3' retrieved from /Users/bhavishyachallagolla/Desktop/RetailSense/.venv/lib/python3.12/site-packages/airflow/example_dags/example_branch_python_dop_operator_3.py
[2026-07-17T23:26:21.075+0530] {logging_mixin.py:190} INFO - [2026-07-17T23:26:21.075+0530] {dag.py:3239} INFO - Sync 1 DAGs
[2026-07-17T23:26:21.081+0530] {logging_mixin.py:190} INFO - [2026-07-17T23:26:21.081+0530] {dag.py:4180} INFO - Setting next_dagrun for example_branch_dop_operator_v3 to 2026-07-17 17:55:00+00:00, run_after=2026-07-17 17:56:00+00:00
[2026-07-17T23:26:21.085+0530] {processor.py:208} INFO - Processing /Users/bhavishyachallagolla/Desktop/RetailSense/.venv/lib/python3.12/site-packages/airflow/example_dags/example_branch_python_dop_operator_3.py took 0.048 seconds
[2026-07-17T23:28:04.618+0530] {processor.py:186} INFO - Started process (PID=98236) to work on /Users/bhavishyachallagolla/Desktop/RetailSense/.venv/lib/python3.12/site-packages/airflow/example_dags/example_branch_python_dop_operator_3.py
[2026-07-17T23:28:04.619+0530] {processor.py:914} INFO - Processing file /Users/bhavishyachallagolla/Desktop/RetailSense/.venv/lib/python3.12/site-packages/airflow/example_dags/example_branch_python_dop_operator_3.py for tasks to queue
[2026-07-17T23:28:04.619+0530] {logging_mixin.py:190} INFO - [2026-07-17T23:28:04.619+0530] {dagbag.py:588} INFO - Filling up the DagBag from /Users/bhavishyachallagolla/Desktop/RetailSense/.venv/lib/python3.12/site-packages/airflow/example_dags/example_branch_python_dop_operator_3.py
[2026-07-17T23:28:04.632+0530] {processor.py:925} INFO - DAG(s) 'example_branch_dop_operator_v3' retrieved from /Users/bhavishyachallagolla/Desktop/RetailSense/.venv/lib/python3.12/site-packages/airflow/example_dags/example_branch_python_dop_operator_3.py
[2026-07-17T23:28:04.657+0530] {logging_mixin.py:190} INFO - [2026-07-17T23:28:04.657+0530] {dag.py:3239} INFO - Sync 1 DAGs
[2026-07-17T23:28:04.662+0530] {logging_mixin.py:190} INFO - [2026-07-17T23:28:04.662+0530] {dag.py:4180} INFO - Setting next_dagrun for example_branch_dop_operator_v3 to 2026-07-17 17:57:00+00:00, run_after=2026-07-17 17:58:00+00:00
[2026-07-17T23:28:04.667+0530] {processor.py:208} INFO - Processing /Users/bhavishyachallagolla/Desktop/RetailSense/.venv/lib/python3.12/site-packages/airflow/example_dags/example_branch_python_dop_operator_3.py took 0.050 seconds
[2026-07-17T23:29:45.770+0530] {processor.py:186} INFO - Started process (PID=98390) to work on /Users/bhavishyachallagolla/Desktop/RetailSense/.venv/lib/python3.12/site-packages/airflow/example_dags/example_branch_python_dop_operator_3.py
[2026-07-17T23:29:45.771+0530] {processor.py:914} INFO - Processing file /Users/bhavishyachallagolla/Desktop/RetailSense/.venv/lib/python3.12/site-packages/airflow/example_dags/example_branch_python_dop_operator_3.py for tasks to queue
[2026-07-17T23:29:45.771+0530] {logging_mixin.py:190} INFO - [2026-07-17T23:29:45.771+0530] {dagbag.py:588} INFO - Filling up the DagBag from /Users/bhavishyachallagolla/Desktop/RetailSense/.venv/lib/python3.12/site-packages/airflow/example_dags/example_branch_python_dop_operator_3.py
[2026-07-17T23:29:45.783+0530] {processor.py:925} INFO - DAG(s) 'example_branch_dop_operator_v3' retrieved from /Users/bhavishyachallagolla/Desktop/RetailSense/.venv/lib/python3.12/site-packages/airflow/example_dags/example_branch_python_dop_operator_3.py
[2026-07-17T23:29:45.807+0530] {logging_mixin.py:190} INFO - [2026-07-17T23:29:45.807+0530] {dag.py:3239} INFO - Sync 1 DAGs
[2026-07-17T23:29:45.812+0530] {logging_mixin.py:190} INFO - [2026-07-17T23:29:45.812+0530] {dag.py:4180} INFO - Setting next_dagrun for example_branch_dop_operator_v3 to 2026-07-17 17:58:00+00:00, run_after=2026-07-17 17:59:00+00:00
[2026-07-17T23:29:45.817+0530] {processor.py:208} INFO - Processing /Users/bhavishyachallagolla/Desktop/RetailSense/.venv/lib/python3.12/site-packages/airflow/example_dags/example_branch_python_dop_operator_3.py took 0.047 seconds
[2026-07-17T23:31:31.322+0530] {processor.py:186} INFO - Started process (PID=98588) to work on /Users/bhavishyachallagolla/Desktop/RetailSense/.venv/lib/python3.12/site-packages/airflow/example_dags/example_branch_python_dop_operator_3.py
[2026-07-17T23:31:31.322+0530] {processor.py:914} INFO - Processing file /Users/bhavishyachallagolla/Desktop/RetailSense/.venv/lib/python3.12/site-packages/airflow/example_dags/example_branch_python_dop_operator_3.py for tasks to queue
[2026-07-17T23:31:31.322+0530] {logging_mixin.py:190} INFO - [2026-07-17T23:31:31.322+0530] {dagbag.py:588} INFO - Filling up the DagBag from /Users/bhavishyachallagolla/Desktop/RetailSense/.venv/lib/python3.12/site-packages/airflow/example_dags/example_branch_python_dop_operator_3.py
[2026-07-17T23:31:31.335+0530] {processor.py:925} INFO - DAG(s) 'example_branch_dop_operator_v3' retrieved from /Users/bhavishyachallagolla/Desktop/RetailSense/.venv/lib/python3.12/site-packages/airflow/example_dags/example_branch_python_dop_operator_3.py
[2026-07-17T23:31:31.360+0530] {logging_mixin.py:190} INFO - [2026-07-17T23:31:31.360+0530] {dag.py:3239} INFO - Sync 1 DAGs
[2026-07-17T23:31:31.365+0530] {logging_mixin.py:190} INFO - [2026-07-17T23:31:31.365+0530] {dag.py:4180} INFO - Setting next_dagrun for example_branch_dop_operator_v3 to 2026-07-17 18:00:00+00:00, run_after=2026-07-17 18:01:00+00:00
[2026-07-17T23:31:31.370+0530] {processor.py:208} INFO - Processing /Users/bhavishyachallagolla/Desktop/RetailSense/.venv/lib/python3.12/site-packages/airflow/example_dags/example_branch_python_dop_operator_3.py took 0.050 seconds
[2026-07-17T23:33:20.420+0530] {processor.py:186} INFO - Started process (PID=98756) to work on /Users/bhavishyachallagolla/Desktop/RetailSense/.venv/lib/python3.12/site-packages/airflow/example_dags/example_branch_python_dop_operator_3.py
[2026-07-17T23:33:20.421+0530] {processor.py:914} INFO - Processing file /Users/bhavishyachallagolla/Desktop/RetailSense/.venv/lib/python3.12/site-packages/airflow/example_dags/example_branch_python_dop_operator_3.py for tasks to queue
[2026-07-17T23:33:20.421+0530] {logging_mixin.py:190} INFO - [2026-07-17T23:33:20.421+0530] {dagbag.py:588} INFO - Filling up the DagBag from /Users/bhavishyachallagolla/Desktop/RetailSense/.venv/lib/python3.12/site-packages/airflow/example_dags/example_branch_python_dop_operator_3.py
[2026-07-17T23:33:20.434+0530] {processor.py:925} INFO - DAG(s) 'example_branch_dop_operator_v3' retrieved from /Users/bhavishyachallagolla/Desktop/RetailSense/.venv/lib/python3.12/site-packages/airflow/example_dags/example_branch_python_dop_operator_3.py
[2026-07-17T23:33:20.458+0530] {logging_mixin.py:190} INFO - [2026-07-17T23:33:20.458+0530] {dag.py:3239} INFO - Sync 1 DAGs
[2026-07-17T23:33:20.464+0530] {logging_mixin.py:190} INFO - [2026-07-17T23:33:20.464+0530] {dag.py:4180} INFO - Setting next_dagrun for example_branch_dop_operator_v3 to 2026-07-17 18:02:00+00:00, run_after=2026-07-17 18:03:00+00:00
[2026-07-17T23:33:20.469+0530] {processor.py:208} INFO - Processing /Users/bhavishyachallagolla/Desktop/RetailSense/.venv/lib/python3.12/site-packages/airflow/example_dags/example_branch_python_dop_operator_3.py took 0.050 seconds
[2026-07-17T23:35:06.215+0530] {processor.py:186} INFO - Started process (PID=98925) to work on /Users/bhavishyachallagolla/Desktop/RetailSense/.venv/lib/python3.12/site-packages/airflow/example_dags/example_branch_python_dop_operator_3.py
[2026-07-17T23:35:06.216+0530] {processor.py:914} INFO - Processing file /Users/bhavishyachallagolla/Desktop/RetailSense/.venv/lib/python3.12/site-packages/airflow/example_dags/example_branch_python_dop_operator_3.py for tasks to queue
[2026-07-17T23:35:06.216+0530] {logging_mixin.py:190} INFO - [2026-07-17T23:35:06.216+0530] {dagbag.py:588} INFO - Filling up the DagBag from /Users/bhavishyachallagolla/Desktop/RetailSense/.venv/lib/python3.12/site-packages/airflow/example_dags/example_branch_python_dop_operator_3.py
[2026-07-17T23:35:06.228+0530] {processor.py:925} INFO - DAG(s) 'example_branch_dop_operator_v3' retrieved from /Users/bhavishyachallagolla/Desktop/RetailSense/.venv/lib/python3.12/site-packages/airflow/example_dags/example_branch_python_dop_operator_3.py
[2026-07-17T23:35:06.252+0530] {logging_mixin.py:190} INFO - [2026-07-17T23:35:06.252+0530] {dag.py:3239} INFO - Sync 1 DAGs
[2026-07-17T23:35:06.257+0530] {logging_mixin.py:190} INFO - [2026-07-17T23:35:06.257+0530] {dag.py:4180} INFO - Setting next_dagrun for example_branch_dop_operator_v3 to 2026-07-17 18:04:00+00:00, run_after=2026-07-17 18:05:00+00:00
[2026-07-17T23:35:06.262+0530] {processor.py:208} INFO - Processing /Users/bhavishyachallagolla/Desktop/RetailSense/.venv/lib/python3.12/site-packages/airflow/example_dags/example_branch_python_dop_operator_3.py took 0.048 seconds
[2026-07-17T23:36:47.255+0530] {processor.py:186} INFO - Started process (PID=99077) to work on /Users/bhavishyachallagolla/Desktop/RetailSense/.venv/lib/python3.12/site-packages/airflow/example_dags/example_branch_python_dop_operator_3.py
[2026-07-17T23:36:47.255+0530] {processor.py:914} INFO - Processing file /Users/bhavishyachallagolla/Desktop/RetailSense/.venv/lib/python3.12/site-packages/airflow/example_dags/example_branch_python_dop_operator_3.py for tasks to queue
[2026-07-17T23:36:47.256+0530] {logging_mixin.py:190} INFO - [2026-07-17T23:36:47.256+0530] {dagbag.py:588} INFO - Filling up the DagBag from /Users/bhavishyachallagolla/Desktop/RetailSense/.venv/lib/python3.12/site-packages/airflow/example_dags/example_branch_python_dop_operator_3.py
[2026-07-17T23:36:47.268+0530] {processor.py:925} INFO - DAG(s) 'example_branch_dop_operator_v3' retrieved from /Users/bhavishyachallagolla/Desktop/RetailSense/.venv/lib/python3.12/site-packages/airflow/example_dags/example_branch_python_dop_operator_3.py
[2026-07-17T23:36:47.292+0530] {logging_mixin.py:190} INFO - [2026-07-17T23:36:47.292+0530] {dag.py:3239} INFO - Sync 1 DAGs
[2026-07-17T23:36:47.298+0530] {logging_mixin.py:190} INFO - [2026-07-17T23:36:47.298+0530] {dag.py:4180} INFO - Setting next_dagrun for example_branch_dop_operator_v3 to 2026-07-17 18:05:00+00:00, run_after=2026-07-17 18:06:00+00:00
[2026-07-17T23:36:47.302+0530] {processor.py:208} INFO - Processing /Users/bhavishyachallagolla/Desktop/RetailSense/.venv/lib/python3.12/site-packages/airflow/example_dags/example_branch_python_dop_operator_3.py took 0.048 seconds
[2026-07-17T23:38:29.810+0530] {processor.py:186} INFO - Started process (PID=99239) to work on /Users/bhavishyachallagolla/Desktop/RetailSense/.venv/lib/python3.12/site-packages/airflow/example_dags/example_branch_python_dop_operator_3.py
[2026-07-17T23:38:29.810+0530] {processor.py:914} INFO - Processing file /Users/bhavishyachallagolla/Desktop/RetailSense/.venv/lib/python3.12/site-packages/airflow/example_dags/example_branch_python_dop_operator_3.py for tasks to queue
[2026-07-17T23:38:29.810+0530] {logging_mixin.py:190} INFO - [2026-07-17T23:38:29.810+0530] {dagbag.py:588} INFO - Filling up the DagBag from /Users/bhavishyachallagolla/Desktop/RetailSense/.venv/lib/python3.12/site-packages/airflow/example_dags/example_branch_python_dop_operator_3.py
[2026-07-17T23:38:29.822+0530] {processor.py:925} INFO - DAG(s) 'example_branch_dop_operator_v3' retrieved from /Users/bhavishyachallagolla/Desktop/RetailSense/.venv/lib/python3.12/site-packages/airflow/example_dags/example_branch_python_dop_operator_3.py
[2026-07-17T23:38:29.846+0530] {logging_mixin.py:190} INFO - [2026-07-17T23:38:29.846+0530] {dag.py:3239} INFO - Sync 1 DAGs
[2026-07-17T23:38:29.851+0530] {logging_mixin.py:190} INFO - [2026-07-17T23:38:29.851+0530] {dag.py:4180} INFO - Setting next_dagrun for example_branch_dop_operator_v3 to 2026-07-17 18:07:00+00:00, run_after=2026-07-17 18:08:00+00:00
[2026-07-17T23:38:29.856+0530] {processor.py:208} INFO - Processing /Users/bhavishyachallagolla/Desktop/RetailSense/.venv/lib/python3.12/site-packages/airflow/example_dags/example_branch_python_dop_operator_3.py took 0.047 seconds
[2026-07-17T23:40:10.808+0530] {processor.py:186} INFO - Started process (PID=99389) to work on /Users/bhavishyachallagolla/Desktop/RetailSense/.venv/lib/python3.12/site-packages/airflow/example_dags/example_branch_python_dop_operator_3.py
[2026-07-17T23:40:10.809+0530] {processor.py:914} INFO - Processing file /Users/bhavishyachallagolla/Desktop/RetailSense/.venv/lib/python3.12/site-packages/airflow/example_dags/example_branch_python_dop_operator_3.py for tasks to queue
[2026-07-17T23:40:10.809+0530] {logging_mixin.py:190} INFO - [2026-07-17T23:40:10.809+0530] {dagbag.py:588} INFO - Filling up the DagBag from /Users/bhavishyachallagolla/Desktop/RetailSense/.venv/lib/python3.12/site-packages/airflow/example_dags/example_branch_python_dop_operator_3.py
[2026-07-17T23:40:10.821+0530] {processor.py:925} INFO - DAG(s) 'example_branch_dop_operator_v3' retrieved from /Users/bhavishyachallagolla/Desktop/RetailSense/.venv/lib/python3.12/site-packages/airflow/example_dags/example_branch_python_dop_operator_3.py
[2026-07-17T23:40:10.845+0530] {logging_mixin.py:190} INFO - [2026-07-17T23:40:10.845+0530] {dag.py:3239} INFO - Sync 1 DAGs
[2026-07-17T23:40:10.851+0530] {logging_mixin.py:190} INFO - [2026-07-17T23:40:10.851+0530] {dag.py:4180} INFO - Setting next_dagrun for example_branch_dop_operator_v3 to 2026-07-17 18:09:00+00:00, run_after=2026-07-17 18:10:00+00:00
[2026-07-17T23:40:10.855+0530] {processor.py:208} INFO - Processing /Users/bhavishyachallagolla/Desktop/RetailSense/.venv/lib/python3.12/site-packages/airflow/example_dags/example_branch_python_dop_operator_3.py took 0.048 seconds
[2026-07-17T23:41:55.851+0530] {processor.py:186} INFO - Started process (PID=99549) to work on /Users/bhavishyachallagolla/Desktop/RetailSense/.venv/lib/python3.12/site-packages/airflow/example_dags/example_branch_python_dop_operator_3.py
[2026-07-17T23:41:55.851+0530] {processor.py:914} INFO - Processing file /Users/bhavishyachallagolla/Desktop/RetailSense/.venv/lib/python3.12/site-packages/airflow/example_dags/example_branch_python_dop_operator_3.py for tasks to queue
[2026-07-17T23:41:55.852+0530] {logging_mixin.py:190} INFO - [2026-07-17T23:41:55.851+0530] {dagbag.py:588} INFO - Filling up the DagBag from /Users/bhavishyachallagolla/Desktop/RetailSense/.venv/lib/python3.12/site-packages/airflow/example_dags/example_branch_python_dop_operator_3.py
[2026-07-17T23:41:55.863+0530] {processor.py:925} INFO - DAG(s) 'example_branch_dop_operator_v3' retrieved from /Users/bhavishyachallagolla/Desktop/RetailSense/.venv/lib/python3.12/site-packages/airflow/example_dags/example_branch_python_dop_operator_3.py
[2026-07-17T23:41:55.887+0530] {logging_mixin.py:190} INFO - [2026-07-17T23:41:55.886+0530] {dag.py:3239} INFO - Sync 1 DAGs
[2026-07-17T23:41:55.892+0530] {logging_mixin.py:190} INFO - [2026-07-17T23:41:55.892+0530] {dag.py:4180} INFO - Setting next_dagrun for example_branch_dop_operator_v3 to 2026-07-17 18:10:00+00:00, run_after=2026-07-17 18:11:00+00:00
[2026-07-17T23:41:55.896+0530] {processor.py:208} INFO - Processing /Users/bhavishyachallagolla/Desktop/RetailSense/.venv/lib/python3.12/site-packages/airflow/example_dags/example_branch_python_dop_operator_3.py took 0.046 seconds
[2026-07-17T23:43:34.933+0530] {processor.py:186} INFO - Started process (PID=99703) to work on /Users/bhavishyachallagolla/Desktop/RetailSense/.venv/lib/python3.12/site-packages/airflow/example_dags/example_branch_python_dop_operator_3.py
[2026-07-17T23:43:34.934+0530] {processor.py:914} INFO - Processing file /Users/bhavishyachallagolla/Desktop/RetailSense/.venv/lib/python3.12/site-packages/airflow/example_dags/example_branch_python_dop_operator_3.py for tasks to queue
[2026-07-17T23:43:34.935+0530] {logging_mixin.py:190} INFO - [2026-07-17T23:43:34.935+0530] {dagbag.py:588} INFO - Filling up the DagBag from /Users/bhavishyachallagolla/Desktop/RetailSense/.venv/lib/python3.12/site-packages/airflow/example_dags/example_branch_python_dop_operator_3.py
[2026-07-17T23:43:34.947+0530] {processor.py:925} INFO - DAG(s) 'example_branch_dop_operator_v3' retrieved from /Users/bhavishyachallagolla/Desktop/RetailSense/.venv/lib/python3.12/site-packages/airflow/example_dags/example_branch_python_dop_operator_3.py
[2026-07-17T23:43:34.971+0530] {logging_mixin.py:190} INFO - [2026-07-17T23:43:34.971+0530] {dag.py:3239} INFO - Sync 1 DAGs
[2026-07-17T23:43:34.976+0530] {logging_mixin.py:190} INFO - [2026-07-17T23:43:34.976+0530] {dag.py:4180} INFO - Setting next_dagrun for example_branch_dop_operator_v3 to 2026-07-17 18:12:00+00:00, run_after=2026-07-17 18:13:00+00:00
[2026-07-17T23:43:34.982+0530] {processor.py:208} INFO - Processing /Users/bhavishyachallagolla/Desktop/RetailSense/.venv/lib/python3.12/site-packages/airflow/example_dags/example_branch_python_dop_operator_3.py took 0.049 seconds
[2026-07-17T23:45:18.018+0530] {processor.py:186} INFO - Started process (PID=99857) to work on /Users/bhavishyachallagolla/Desktop/RetailSense/.venv/lib/python3.12/site-packages/airflow/example_dags/example_branch_python_dop_operator_3.py
[2026-07-17T23:45:18.018+0530] {processor.py:914} INFO - Processing file /Users/bhavishyachallagolla/Desktop/RetailSense/.venv/lib/python3.12/site-packages/airflow/example_dags/example_branch_python_dop_operator_3.py for tasks to queue
[2026-07-17T23:45:18.018+0530] {logging_mixin.py:190} INFO - [2026-07-17T23:45:18.018+0530] {dagbag.py:588} INFO - Filling up the DagBag from /Users/bhavishyachallagolla/Desktop/RetailSense/.venv/lib/python3.12/site-packages/airflow/example_dags/example_branch_python_dop_operator_3.py
[2026-07-17T23:45:18.031+0530] {processor.py:925} INFO - DAG(s) 'example_branch_dop_operator_v3' retrieved from /Users/bhavishyachallagolla/Desktop/RetailSense/.venv/lib/python3.12/site-packages/airflow/example_dags/example_branch_python_dop_operator_3.py
[2026-07-17T23:45:18.055+0530] {logging_mixin.py:190} INFO - [2026-07-17T23:45:18.055+0530] {dag.py:3239} INFO - Sync 1 DAGs
[2026-07-17T23:45:18.061+0530] {logging_mixin.py:190} INFO - [2026-07-17T23:45:18.061+0530] {dag.py:4180} INFO - Setting next_dagrun for example_branch_dop_operator_v3 to 2026-07-17 18:14:00+00:00, run_after=2026-07-17 18:15:00+00:00
[2026-07-17T23:45:18.065+0530] {processor.py:208} INFO - Processing /Users/bhavishyachallagolla/Desktop/RetailSense/.venv/lib/python3.12/site-packages/airflow/example_dags/example_branch_python_dop_operator_3.py took 0.049 seconds
[2026-07-17T23:47:02.292+0530] {processor.py:186} INFO - Started process (PID=120) to work on /Users/bhavishyachallagolla/Desktop/RetailSense/.venv/lib/python3.12/site-packages/airflow/example_dags/example_branch_python_dop_operator_3.py
[2026-07-17T23:47:02.292+0530] {processor.py:914} INFO - Processing file /Users/bhavishyachallagolla/Desktop/RetailSense/.venv/lib/python3.12/site-packages/airflow/example_dags/example_branch_python_dop_operator_3.py for tasks to queue
[2026-07-17T23:47:02.293+0530] {logging_mixin.py:190} INFO - [2026-07-17T23:47:02.293+0530] {dagbag.py:588} INFO - Filling up the DagBag from /Users/bhavishyachallagolla/Desktop/RetailSense/.venv/lib/python3.12/site-packages/airflow/example_dags/example_branch_python_dop_operator_3.py
[2026-07-17T23:47:02.306+0530] {processor.py:925} INFO - DAG(s) 'example_branch_dop_operator_v3' retrieved from /Users/bhavishyachallagolla/Desktop/RetailSense/.venv/lib/python3.12/site-packages/airflow/example_dags/example_branch_python_dop_operator_3.py
[2026-07-17T23:47:02.331+0530] {logging_mixin.py:190} INFO - [2026-07-17T23:47:02.331+0530] {dag.py:3239} INFO - Sync 1 DAGs
[2026-07-17T23:47:02.337+0530] {logging_mixin.py:190} INFO - [2026-07-17T23:47:02.337+0530] {dag.py:4180} INFO - Setting next_dagrun for example_branch_dop_operator_v3 to 2026-07-17 18:16:00+00:00, run_after=2026-07-17 18:17:00+00:00
[2026-07-17T23:47:02.343+0530] {processor.py:208} INFO - Processing /Users/bhavishyachallagolla/Desktop/RetailSense/.venv/lib/python3.12/site-packages/airflow/example_dags/example_branch_python_dop_operator_3.py took 0.052 seconds
[2026-07-17T23:49:02.575+0530] {processor.py:186} INFO - Started process (PID=309) to work on /Users/bhavishyachallagolla/Desktop/RetailSense/.venv/lib/python3.12/site-packages/airflow/example_dags/example_branch_python_dop_operator_3.py
[2026-07-17T23:49:02.575+0530] {processor.py:914} INFO - Processing file /Users/bhavishyachallagolla/Desktop/RetailSense/.venv/lib/python3.12/site-packages/airflow/example_dags/example_branch_python_dop_operator_3.py for tasks to queue
[2026-07-17T23:49:02.575+0530] {logging_mixin.py:190} INFO - [2026-07-17T23:49:02.575+0530] {dagbag.py:588} INFO - Filling up the DagBag from /Users/bhavishyachallagolla/Desktop/RetailSense/.venv/lib/python3.12/site-packages/airflow/example_dags/example_branch_python_dop_operator_3.py
[2026-07-17T23:49:02.587+0530] {processor.py:925} INFO - DAG(s) 'example_branch_dop_operator_v3' retrieved from /Users/bhavishyachallagolla/Desktop/RetailSense/.venv/lib/python3.12/site-packages/airflow/example_dags/example_branch_python_dop_operator_3.py
[2026-07-17T23:49:02.611+0530] {logging_mixin.py:190} INFO - [2026-07-17T23:49:02.611+0530] {dag.py:3239} INFO - Sync 1 DAGs
[2026-07-17T23:49:02.616+0530] {logging_mixin.py:190} INFO - [2026-07-17T23:49:02.616+0530] {dag.py:4180} INFO - Setting next_dagrun for example_branch_dop_operator_v3 to 2026-07-17 18:18:00+00:00, run_after=2026-07-17 18:19:00+00:00
[2026-07-17T23:49:02.621+0530] {processor.py:208} INFO - Processing /Users/bhavishyachallagolla/Desktop/RetailSense/.venv/lib/python3.12/site-packages/airflow/example_dags/example_branch_python_dop_operator_3.py took 0.047 seconds
[2026-07-17T23:50:46.868+0530] {processor.py:186} INFO - Started process (PID=540) to work on /Users/bhavishyachallagolla/Desktop/RetailSense/.venv/lib/python3.12/site-packages/airflow/example_dags/example_branch_python_dop_operator_3.py
[2026-07-17T23:50:46.869+0530] {processor.py:914} INFO - Processing file /Users/bhavishyachallagolla/Desktop/RetailSense/.venv/lib/python3.12/site-packages/airflow/example_dags/example_branch_python_dop_operator_3.py for tasks to queue
[2026-07-17T23:50:46.869+0530] {logging_mixin.py:190} INFO - [2026-07-17T23:50:46.869+0530] {dagbag.py:588} INFO - Filling up the DagBag from /Users/bhavishyachallagolla/Desktop/RetailSense/.venv/lib/python3.12/site-packages/airflow/example_dags/example_branch_python_dop_operator_3.py
[2026-07-17T23:50:46.881+0530] {processor.py:925} INFO - DAG(s) 'example_branch_dop_operator_v3' retrieved from /Users/bhavishyachallagolla/Desktop/RetailSense/.venv/lib/python3.12/site-packages/airflow/example_dags/example_branch_python_dop_operator_3.py
[2026-07-17T23:50:46.906+0530] {logging_mixin.py:190} INFO - [2026-07-17T23:50:46.906+0530] {dag.py:3239} INFO - Sync 1 DAGs
[2026-07-17T23:50:46.911+0530] {logging_mixin.py:190} INFO - [2026-07-17T23:50:46.911+0530] {dag.py:4180} INFO - Setting next_dagrun for example_branch_dop_operator_v3 to 2026-07-17 18:19:00+00:00, run_after=2026-07-17 18:20:00+00:00
[2026-07-17T23:50:46.916+0530] {processor.py:208} INFO - Processing /Users/bhavishyachallagolla/Desktop/RetailSense/.venv/lib/python3.12/site-packages/airflow/example_dags/example_branch_python_dop_operator_3.py took 0.049 seconds
[2026-07-17T23:52:29.169+0530] {processor.py:186} INFO - Started process (PID=785) to work on /Users/bhavishyachallagolla/Desktop/RetailSense/.venv/lib/python3.12/site-packages/airflow/example_dags/example_branch_python_dop_operator_3.py
[2026-07-17T23:52:29.169+0530] {processor.py:914} INFO - Processing file /Users/bhavishyachallagolla/Desktop/RetailSense/.venv/lib/python3.12/site-packages/airflow/example_dags/example_branch_python_dop_operator_3.py for tasks to queue
[2026-07-17T23:52:29.170+0530] {logging_mixin.py:190} INFO - [2026-07-17T23:52:29.170+0530] {dagbag.py:588} INFO - Filling up the DagBag from /Users/bhavishyachallagolla/Desktop/RetailSense/.venv/lib/python3.12/site-packages/airflow/example_dags/example_branch_python_dop_operator_3.py
[2026-07-17T23:52:29.184+0530] {processor.py:925} INFO - DAG(s) 'example_branch_dop_operator_v3' retrieved from /Users/bhavishyachallagolla/Desktop/RetailSense/.venv/lib/python3.12/site-packages/airflow/example_dags/example_branch_python_dop_operator_3.py
[2026-07-17T23:52:29.212+0530] {logging_mixin.py:190} INFO - [2026-07-17T23:52:29.211+0530] {dag.py:3239} INFO - Sync 1 DAGs
[2026-07-17T23:52:29.218+0530] {logging_mixin.py:190} INFO - [2026-07-17T23:52:29.218+0530] {dag.py:4180} INFO - Setting next_dagrun for example_branch_dop_operator_v3 to 2026-07-17 18:21:00+00:00, run_after=2026-07-17 18:22:00+00:00
[2026-07-17T23:52:29.224+0530] {processor.py:208} INFO - Processing /Users/bhavishyachallagolla/Desktop/RetailSense/.venv/lib/python3.12/site-packages/airflow/example_dags/example_branch_python_dop_operator_3.py took 0.056 seconds
[2026-07-17T23:54:18.938+0530] {processor.py:186} INFO - Started process (PID=997) to work on /Users/bhavishyachallagolla/Desktop/RetailSense/.venv/lib/python3.12/site-packages/airflow/example_dags/example_branch_python_dop_operator_3.py
[2026-07-17T23:54:18.940+0530] {processor.py:914} INFO - Processing file /Users/bhavishyachallagolla/Desktop/RetailSense/.venv/lib/python3.12/site-packages/airflow/example_dags/example_branch_python_dop_operator_3.py for tasks to queue
[2026-07-17T23:54:18.940+0530] {logging_mixin.py:190} INFO - [2026-07-17T23:54:18.940+0530] {dagbag.py:588} INFO - Filling up the DagBag from /Users/bhavishyachallagolla/Desktop/RetailSense/.venv/lib/python3.12/site-packages/airflow/example_dags/example_branch_python_dop_operator_3.py
[2026-07-17T23:54:18.952+0530] {processor.py:925} INFO - DAG(s) 'example_branch_dop_operator_v3' retrieved from /Users/bhavishyachallagolla/Desktop/RetailSense/.venv/lib/python3.12/site-packages/airflow/example_dags/example_branch_python_dop_operator_3.py
[2026-07-17T23:54:18.976+0530] {logging_mixin.py:190} INFO - [2026-07-17T23:54:18.975+0530] {dag.py:3239} INFO - Sync 1 DAGs
[2026-07-17T23:54:18.981+0530] {logging_mixin.py:190} INFO - [2026-07-17T23:54:18.981+0530] {dag.py:4180} INFO - Setting next_dagrun for example_branch_dop_operator_v3 to 2026-07-17 18:23:00+00:00, run_after=2026-07-17 18:24:00+00:00
[2026-07-17T23:54:18.986+0530] {processor.py:208} INFO - Processing /Users/bhavishyachallagolla/Desktop/RetailSense/.venv/lib/python3.12/site-packages/airflow/example_dags/example_branch_python_dop_operator_3.py took 0.049 seconds
[2026-07-17T23:56:21.563+0530] {processor.py:186} INFO - Started process (PID=1200) to work on /Users/bhavishyachallagolla/Desktop/RetailSense/.venv/lib/python3.12/site-packages/airflow/example_dags/example_branch_python_dop_operator_3.py
[2026-07-17T23:56:21.564+0530] {processor.py:914} INFO - Processing file /Users/bhavishyachallagolla/Desktop/RetailSense/.venv/lib/python3.12/site-packages/airflow/example_dags/example_branch_python_dop_operator_3.py for tasks to queue
[2026-07-17T23:56:21.564+0530] {logging_mixin.py:190} INFO - [2026-07-17T23:56:21.564+0530] {dagbag.py:588} INFO - Filling up the DagBag from /Users/bhavishyachallagolla/Desktop/RetailSense/.venv/lib/python3.12/site-packages/airflow/example_dags/example_branch_python_dop_operator_3.py
[2026-07-17T23:56:21.576+0530] {processor.py:925} INFO - DAG(s) 'example_branch_dop_operator_v3' retrieved from /Users/bhavishyachallagolla/Desktop/RetailSense/.venv/lib/python3.12/site-packages/airflow/example_dags/example_branch_python_dop_operator_3.py
[2026-07-17T23:56:21.599+0530] {logging_mixin.py:190} INFO - [2026-07-17T23:56:21.599+0530] {dag.py:3239} INFO - Sync 1 DAGs
[2026-07-17T23:56:21.605+0530] {logging_mixin.py:190} INFO - [2026-07-17T23:56:21.604+0530] {dag.py:4180} INFO - Setting next_dagrun for example_branch_dop_operator_v3 to 2026-07-17 18:25:00+00:00, run_after=2026-07-17 18:26:00+00:00
[2026-07-17T23:56:21.609+0530] {processor.py:208} INFO - Processing /Users/bhavishyachallagolla/Desktop/RetailSense/.venv/lib/python3.12/site-packages/airflow/example_dags/example_branch_python_dop_operator_3.py took 0.048 seconds
