[2026-07-17T20:10:32.564+0530] {processor.py:186} INFO - Started process (PID=87324) to work on /Users/bhavishyachallagolla/Desktop/RetailSense/.venv/lib/python3.12/site-packages/airflow/example_dags/example_latest_only.py
[2026-07-17T20:10:32.565+0530] {processor.py:914} INFO - Processing file /Users/bhavishyachallagolla/Desktop/RetailSense/.venv/lib/python3.12/site-packages/airflow/example_dags/example_latest_only.py for tasks to queue
[2026-07-17T20:10:32.565+0530] {logging_mixin.py:190} INFO - [2026-07-17T20:10:32.565+0530] {dagbag.py:588} INFO - Filling up the DagBag from /Users/bhavishyachallagolla/Desktop/RetailSense/.venv/lib/python3.12/site-packages/airflow/example_dags/example_latest_only.py
[2026-07-17T20:10:32.567+0530] {processor.py:925} INFO - DAG(s) 'latest_only' retrieved from /Users/bhavishyachallagolla/Desktop/RetailSense/.venv/lib/python3.12/site-packages/airflow/example_dags/example_latest_only.py
[2026-07-17T20:10:32.617+0530] {logging_mixin.py:190} INFO - [2026-07-17T20:10:32.617+0530] {dag.py:3239} INFO - Sync 1 DAGs
[2026-07-17T20:10:32.622+0530] {logging_mixin.py:190} INFO - [2026-07-17T20:10:32.622+0530] {dag.py:4180} INFO - Setting next_dagrun for latest_only to 2026-07-17 08:00:00+00:00, run_after=2026-07-17 12:00:00+00:00
[2026-07-17T20:10:32.628+0530] {processor.py:208} INFO - Processing /Users/bhavishyachallagolla/Desktop/RetailSense/.venv/lib/python3.12/site-packages/airflow/example_dags/example_latest_only.py took 0.064 seconds
[2026-07-17T20:12:12.642+0530] {processor.py:186} INFO - Started process (PID=87473) to work on /Users/bhavishyachallagolla/Desktop/RetailSense/.venv/lib/python3.12/site-packages/airflow/example_dags/example_latest_only.py
[2026-07-17T20:12:12.642+0530] {processor.py:914} INFO - Processing file /Users/bhavishyachallagolla/Desktop/RetailSense/.venv/lib/python3.12/site-packages/airflow/example_dags/example_latest_only.py for tasks to queue
[2026-07-17T20:12:12.642+0530] {logging_mixin.py:190} INFO - [2026-07-17T20:12:12.642+0530] {dagbag.py:588} INFO - Filling up the DagBag from /Users/bhavishyachallagolla/Desktop/RetailSense/.venv/lib/python3.12/site-packages/airflow/example_dags/example_latest_only.py
[2026-07-17T20:12:12.645+0530] {processor.py:925} INFO - DAG(s) 'latest_only' retrieved from /Users/bhavishyachallagolla/Desktop/RetailSense/.venv/lib/python3.12/site-packages/airflow/example_dags/example_latest_only.py
[2026-07-17T20:12:12.670+0530] {logging_mixin.py:190} INFO - [2026-07-17T20:12:12.670+0530] {dag.py:3239} INFO - Sync 1 DAGs
[2026-07-17T20:12:12.675+0530] {logging_mixin.py:190} INFO - [2026-07-17T20:12:12.675+0530] {dag.py:4180} INFO - Setting next_dagrun for latest_only to 2026-07-17 08:00:00+00:00, run_after=2026-07-17 12:00:00+00:00
[2026-07-17T20:12:12.679+0530] {processor.py:208} INFO - Processing /Users/bhavishyachallagolla/Desktop/RetailSense/.venv/lib/python3.12/site-packages/airflow/example_dags/example_latest_only.py took 0.039 seconds
[2026-07-17T20:13:51.845+0530] {processor.py:186} INFO - Started process (PID=87627) to work on /Users/bhavishyachallagolla/Desktop/RetailSense/.venv/lib/python3.12/site-packages/airflow/example_dags/example_latest_only.py
[2026-07-17T20:13:51.846+0530] {processor.py:914} INFO - Processing file /Users/bhavishyachallagolla/Desktop/RetailSense/.venv/lib/python3.12/site-packages/airflow/example_dags/example_latest_only.py for tasks to queue
[2026-07-17T20:13:51.847+0530] {logging_mixin.py:190} INFO - [2026-07-17T20:13:51.847+0530] {dagbag.py:588} INFO - Filling up the DagBag from /Users/bhavishyachallagolla/Desktop/RetailSense/.venv/lib/python3.12/site-packages/airflow/example_dags/example_latest_only.py
[2026-07-17T20:13:51.849+0530] {processor.py:925} INFO - DAG(s) 'latest_only' retrieved from /Users/bhavishyachallagolla/Desktop/RetailSense/.venv/lib/python3.12/site-packages/airflow/example_dags/example_latest_only.py
[2026-07-17T20:13:51.874+0530] {logging_mixin.py:190} INFO - [2026-07-17T20:13:51.873+0530] {dag.py:3239} INFO - Sync 1 DAGs
[2026-07-17T20:13:51.878+0530] {logging_mixin.py:190} INFO - [2026-07-17T20:13:51.878+0530] {dag.py:4180} INFO - Setting next_dagrun for latest_only to 2026-07-17 08:00:00+00:00, run_after=2026-07-17 12:00:00+00:00
[2026-07-17T20:13:51.883+0530] {processor.py:208} INFO - Processing /Users/bhavishyachallagolla/Desktop/RetailSense/.venv/lib/python3.12/site-packages/airflow/example_dags/example_latest_only.py took 0.039 seconds
[2026-07-17T20:15:32.399+0530] {processor.py:186} INFO - Started process (PID=87793) to work on /Users/bhavishyachallagolla/Desktop/RetailSense/.venv/lib/python3.12/site-packages/airflow/example_dags/example_latest_only.py
[2026-07-17T20:15:32.400+0530] {processor.py:914} INFO - Processing file /Users/bhavishyachallagolla/Desktop/RetailSense/.venv/lib/python3.12/site-packages/airflow/example_dags/example_latest_only.py for tasks to queue
[2026-07-17T20:15:32.400+0530] {logging_mixin.py:190} INFO - [2026-07-17T20:15:32.400+0530] {dagbag.py:588} INFO - Filling up the DagBag from /Users/bhavishyachallagolla/Desktop/RetailSense/.venv/lib/python3.12/site-packages/airflow/example_dags/example_latest_only.py
[2026-07-17T20:15:32.402+0530] {processor.py:925} INFO - DAG(s) 'latest_only' retrieved from /Users/bhavishyachallagolla/Desktop/RetailSense/.venv/lib/python3.12/site-packages/airflow/example_dags/example_latest_only.py
[2026-07-17T20:15:32.427+0530] {logging_mixin.py:190} INFO - [2026-07-17T20:15:32.427+0530] {dag.py:3239} INFO - Sync 1 DAGs
[2026-07-17T20:15:32.432+0530] {logging_mixin.py:190} INFO - [2026-07-17T20:15:32.432+0530] {dag.py:4180} INFO - Setting next_dagrun for latest_only to 2026-07-17 08:00:00+00:00, run_after=2026-07-17 12:00:00+00:00
[2026-07-17T20:15:32.437+0530] {processor.py:208} INFO - Processing /Users/bhavishyachallagolla/Desktop/RetailSense/.venv/lib/python3.12/site-packages/airflow/example_dags/example_latest_only.py took 0.039 seconds
[2026-07-17T20:17:11.172+0530] {processor.py:186} INFO - Started process (PID=87940) to work on /Users/bhavishyachallagolla/Desktop/RetailSense/.venv/lib/python3.12/site-packages/airflow/example_dags/example_latest_only.py
[2026-07-17T20:17:11.172+0530] {processor.py:914} INFO - Processing file /Users/bhavishyachallagolla/Desktop/RetailSense/.venv/lib/python3.12/site-packages/airflow/example_dags/example_latest_only.py for tasks to queue
[2026-07-17T20:17:11.173+0530] {logging_mixin.py:190} INFO - [2026-07-17T20:17:11.173+0530] {dagbag.py:588} INFO - Filling up the DagBag from /Users/bhavishyachallagolla/Desktop/RetailSense/.venv/lib/python3.12/site-packages/airflow/example_dags/example_latest_only.py
[2026-07-17T20:17:11.175+0530] {processor.py:925} INFO - DAG(s) 'latest_only' retrieved from /Users/bhavishyachallagolla/Desktop/RetailSense/.venv/lib/python3.12/site-packages/airflow/example_dags/example_latest_only.py
[2026-07-17T20:17:11.201+0530] {logging_mixin.py:190} INFO - [2026-07-17T20:17:11.200+0530] {dag.py:3239} INFO - Sync 1 DAGs
[2026-07-17T20:17:11.205+0530] {logging_mixin.py:190} INFO - [2026-07-17T20:17:11.205+0530] {dag.py:4180} INFO - Setting next_dagrun for latest_only to 2026-07-17 08:00:00+00:00, run_after=2026-07-17 12:00:00+00:00
[2026-07-17T20:17:11.210+0530] {processor.py:208} INFO - Processing /Users/bhavishyachallagolla/Desktop/RetailSense/.venv/lib/python3.12/site-packages/airflow/example_dags/example_latest_only.py took 0.039 seconds
[2026-07-17T20:18:52.128+0530] {processor.py:186} INFO - Started process (PID=88095) to work on /Users/bhavishyachallagolla/Desktop/RetailSense/.venv/lib/python3.12/site-packages/airflow/example_dags/example_latest_only.py
[2026-07-17T20:18:52.128+0530] {processor.py:914} INFO - Processing file /Users/bhavishyachallagolla/Desktop/RetailSense/.venv/lib/python3.12/site-packages/airflow/example_dags/example_latest_only.py for tasks to queue
[2026-07-17T20:18:52.128+0530] {logging_mixin.py:190} INFO - [2026-07-17T20:18:52.128+0530] {dagbag.py:588} INFO - Filling up the DagBag from /Users/bhavishyachallagolla/Desktop/RetailSense/.venv/lib/python3.12/site-packages/airflow/example_dags/example_latest_only.py
[2026-07-17T20:18:52.130+0530] {processor.py:925} INFO - DAG(s) 'latest_only' retrieved from /Users/bhavishyachallagolla/Desktop/RetailSense/.venv/lib/python3.12/site-packages/airflow/example_dags/example_latest_only.py
[2026-07-17T20:18:52.155+0530] {logging_mixin.py:190} INFO - [2026-07-17T20:18:52.155+0530] {dag.py:3239} INFO - Sync 1 DAGs
[2026-07-17T20:18:52.160+0530] {logging_mixin.py:190} INFO - [2026-07-17T20:18:52.160+0530] {dag.py:4180} INFO - Setting next_dagrun for latest_only to 2026-07-17 08:00:00+00:00, run_after=2026-07-17 12:00:00+00:00
[2026-07-17T20:18:52.165+0530] {processor.py:208} INFO - Processing /Users/bhavishyachallagolla/Desktop/RetailSense/.venv/lib/python3.12/site-packages/airflow/example_dags/example_latest_only.py took 0.038 seconds
[2026-07-17T20:20:29.567+0530] {processor.py:186} INFO - Started process (PID=88259) to work on /Users/bhavishyachallagolla/Desktop/RetailSense/.venv/lib/python3.12/site-packages/airflow/example_dags/example_latest_only.py
[2026-07-17T20:20:29.568+0530] {processor.py:914} INFO - Processing file /Users/bhavishyachallagolla/Desktop/RetailSense/.venv/lib/python3.12/site-packages/airflow/example_dags/example_latest_only.py for tasks to queue
[2026-07-17T20:20:29.569+0530] {logging_mixin.py:190} INFO - [2026-07-17T20:20:29.569+0530] {dagbag.py:588} INFO - Filling up the DagBag from /Users/bhavishyachallagolla/Desktop/RetailSense/.venv/lib/python3.12/site-packages/airflow/example_dags/example_latest_only.py
[2026-07-17T20:20:29.571+0530] {processor.py:925} INFO - DAG(s) 'latest_only' retrieved from /Users/bhavishyachallagolla/Desktop/RetailSense/.venv/lib/python3.12/site-packages/airflow/example_dags/example_latest_only.py
[2026-07-17T20:20:29.595+0530] {logging_mixin.py:190} INFO - [2026-07-17T20:20:29.595+0530] {dag.py:3239} INFO - Sync 1 DAGs
[2026-07-17T20:20:29.600+0530] {logging_mixin.py:190} INFO - [2026-07-17T20:20:29.600+0530] {dag.py:4180} INFO - Setting next_dagrun for latest_only to 2026-07-17 08:00:00+00:00, run_after=2026-07-17 12:00:00+00:00
[2026-07-17T20:20:29.604+0530] {processor.py:208} INFO - Processing /Users/bhavishyachallagolla/Desktop/RetailSense/.venv/lib/python3.12/site-packages/airflow/example_dags/example_latest_only.py took 0.038 seconds
[2026-07-17T20:22:11.527+0530] {processor.py:186} INFO - Started process (PID=88415) to work on /Users/bhavishyachallagolla/Desktop/RetailSense/.venv/lib/python3.12/site-packages/airflow/example_dags/example_latest_only.py
[2026-07-17T20:22:11.528+0530] {processor.py:914} INFO - Processing file /Users/bhavishyachallagolla/Desktop/RetailSense/.venv/lib/python3.12/site-packages/airflow/example_dags/example_latest_only.py for tasks to queue
[2026-07-17T20:22:11.528+0530] {logging_mixin.py:190} INFO - [2026-07-17T20:22:11.528+0530] {dagbag.py:588} INFO - Filling up the DagBag from /Users/bhavishyachallagolla/Desktop/RetailSense/.venv/lib/python3.12/site-packages/airflow/example_dags/example_latest_only.py
[2026-07-17T20:22:11.531+0530] {processor.py:925} INFO - DAG(s) 'latest_only' retrieved from /Users/bhavishyachallagolla/Desktop/RetailSense/.venv/lib/python3.12/site-packages/airflow/example_dags/example_latest_only.py
[2026-07-17T20:22:11.556+0530] {logging_mixin.py:190} INFO - [2026-07-17T20:22:11.555+0530] {dag.py:3239} INFO - Sync 1 DAGs
[2026-07-17T20:22:11.560+0530] {logging_mixin.py:190} INFO - [2026-07-17T20:22:11.560+0530] {dag.py:4180} INFO - Setting next_dagrun for latest_only to 2026-07-17 08:00:00+00:00, run_after=2026-07-17 12:00:00+00:00
[2026-07-17T20:22:11.565+0530] {processor.py:208} INFO - Processing /Users/bhavishyachallagolla/Desktop/RetailSense/.venv/lib/python3.12/site-packages/airflow/example_dags/example_latest_only.py took 0.039 seconds
[2026-07-17T20:23:52.590+0530] {processor.py:186} INFO - Started process (PID=88571) to work on /Users/bhavishyachallagolla/Desktop/RetailSense/.venv/lib/python3.12/site-packages/airflow/example_dags/example_latest_only.py
[2026-07-17T20:23:52.591+0530] {processor.py:914} INFO - Processing file /Users/bhavishyachallagolla/Desktop/RetailSense/.venv/lib/python3.12/site-packages/airflow/example_dags/example_latest_only.py for tasks to queue
[2026-07-17T20:23:52.592+0530] {logging_mixin.py:190} INFO - [2026-07-17T20:23:52.592+0530] {dagbag.py:588} INFO - Filling up the DagBag from /Users/bhavishyachallagolla/Desktop/RetailSense/.venv/lib/python3.12/site-packages/airflow/example_dags/example_latest_only.py
[2026-07-17T20:23:52.594+0530] {processor.py:925} INFO - DAG(s) 'latest_only' retrieved from /Users/bhavishyachallagolla/Desktop/RetailSense/.venv/lib/python3.12/site-packages/airflow/example_dags/example_latest_only.py
[2026-07-17T20:23:52.618+0530] {logging_mixin.py:190} INFO - [2026-07-17T20:23:52.618+0530] {dag.py:3239} INFO - Sync 1 DAGs
[2026-07-17T20:23:52.623+0530] {logging_mixin.py:190} INFO - [2026-07-17T20:23:52.623+0530] {dag.py:4180} INFO - Setting next_dagrun for latest_only to 2026-07-17 08:00:00+00:00, run_after=2026-07-17 12:00:00+00:00
[2026-07-17T20:23:52.627+0530] {processor.py:208} INFO - Processing /Users/bhavishyachallagolla/Desktop/RetailSense/.venv/lib/python3.12/site-packages/airflow/example_dags/example_latest_only.py took 0.038 seconds
[2026-07-17T20:25:33.568+0530] {processor.py:186} INFO - Started process (PID=88721) to work on /Users/bhavishyachallagolla/Desktop/RetailSense/.venv/lib/python3.12/site-packages/airflow/example_dags/example_latest_only.py
[2026-07-17T20:25:33.568+0530] {processor.py:914} INFO - Processing file /Users/bhavishyachallagolla/Desktop/RetailSense/.venv/lib/python3.12/site-packages/airflow/example_dags/example_latest_only.py for tasks to queue
[2026-07-17T20:25:33.568+0530] {logging_mixin.py:190} INFO - [2026-07-17T20:25:33.568+0530] {dagbag.py:588} INFO - Filling up the DagBag from /Users/bhavishyachallagolla/Desktop/RetailSense/.venv/lib/python3.12/site-packages/airflow/example_dags/example_latest_only.py
[2026-07-17T20:25:33.570+0530] {processor.py:925} INFO - DAG(s) 'latest_only' retrieved from /Users/bhavishyachallagolla/Desktop/RetailSense/.venv/lib/python3.12/site-packages/airflow/example_dags/example_latest_only.py
[2026-07-17T20:25:33.595+0530] {logging_mixin.py:190} INFO - [2026-07-17T20:25:33.595+0530] {dag.py:3239} INFO - Sync 1 DAGs
[2026-07-17T20:25:33.600+0530] {logging_mixin.py:190} INFO - [2026-07-17T20:25:33.600+0530] {dag.py:4180} INFO - Setting next_dagrun for latest_only to 2026-07-17 08:00:00+00:00, run_after=2026-07-17 12:00:00+00:00
[2026-07-17T20:25:33.605+0530] {processor.py:208} INFO - Processing /Users/bhavishyachallagolla/Desktop/RetailSense/.venv/lib/python3.12/site-packages/airflow/example_dags/example_latest_only.py took 0.038 seconds
[2026-07-17T20:27:13.983+0530] {processor.py:186} INFO - Started process (PID=88889) to work on /Users/bhavishyachallagolla/Desktop/RetailSense/.venv/lib/python3.12/site-packages/airflow/example_dags/example_latest_only.py
[2026-07-17T20:27:13.983+0530] {processor.py:914} INFO - Processing file /Users/bhavishyachallagolla/Desktop/RetailSense/.venv/lib/python3.12/site-packages/airflow/example_dags/example_latest_only.py for tasks to queue
[2026-07-17T20:27:13.984+0530] {logging_mixin.py:190} INFO - [2026-07-17T20:27:13.984+0530] {dagbag.py:588} INFO - Filling up the DagBag from /Users/bhavishyachallagolla/Desktop/RetailSense/.venv/lib/python3.12/site-packages/airflow/example_dags/example_latest_only.py
[2026-07-17T20:27:13.986+0530] {processor.py:925} INFO - DAG(s) 'latest_only' retrieved from /Users/bhavishyachallagolla/Desktop/RetailSense/.venv/lib/python3.12/site-packages/airflow/example_dags/example_latest_only.py
[2026-07-17T20:27:14.011+0530] {logging_mixin.py:190} INFO - [2026-07-17T20:27:14.011+0530] {dag.py:3239} INFO - Sync 1 DAGs
[2026-07-17T20:27:14.016+0530] {logging_mixin.py:190} INFO - [2026-07-17T20:27:14.016+0530] {dag.py:4180} INFO - Setting next_dagrun for latest_only to 2026-07-17 08:00:00+00:00, run_after=2026-07-17 12:00:00+00:00
[2026-07-17T20:27:14.020+0530] {processor.py:208} INFO - Processing /Users/bhavishyachallagolla/Desktop/RetailSense/.venv/lib/python3.12/site-packages/airflow/example_dags/example_latest_only.py took 0.038 seconds
[2026-07-17T20:28:52.091+0530] {processor.py:186} INFO - Started process (PID=89038) to work on /Users/bhavishyachallagolla/Desktop/RetailSense/.venv/lib/python3.12/site-packages/airflow/example_dags/example_latest_only.py
[2026-07-17T20:28:52.091+0530] {processor.py:914} INFO - Processing file /Users/bhavishyachallagolla/Desktop/RetailSense/.venv/lib/python3.12/site-packages/airflow/example_dags/example_latest_only.py for tasks to queue
[2026-07-17T20:28:52.092+0530] {logging_mixin.py:190} INFO - [2026-07-17T20:28:52.092+0530] {dagbag.py:588} INFO - Filling up the DagBag from /Users/bhavishyachallagolla/Desktop/RetailSense/.venv/lib/python3.12/site-packages/airflow/example_dags/example_latest_only.py
[2026-07-17T20:28:52.094+0530] {processor.py:925} INFO - DAG(s) 'latest_only' retrieved from /Users/bhavishyachallagolla/Desktop/RetailSense/.venv/lib/python3.12/site-packages/airflow/example_dags/example_latest_only.py
[2026-07-17T20:28:52.118+0530] {logging_mixin.py:190} INFO - [2026-07-17T20:28:52.118+0530] {dag.py:3239} INFO - Sync 1 DAGs
[2026-07-17T20:28:52.123+0530] {logging_mixin.py:190} INFO - [2026-07-17T20:28:52.123+0530] {dag.py:4180} INFO - Setting next_dagrun for latest_only to 2026-07-17 08:00:00+00:00, run_after=2026-07-17 12:00:00+00:00
[2026-07-17T20:28:52.128+0530] {processor.py:208} INFO - Processing /Users/bhavishyachallagolla/Desktop/RetailSense/.venv/lib/python3.12/site-packages/airflow/example_dags/example_latest_only.py took 0.038 seconds
[2026-07-17T20:30:30.674+0530] {processor.py:186} INFO - Started process (PID=89195) to work on /Users/bhavishyachallagolla/Desktop/RetailSense/.venv/lib/python3.12/site-packages/airflow/example_dags/example_latest_only.py
[2026-07-17T20:30:30.675+0530] {processor.py:914} INFO - Processing file /Users/bhavishyachallagolla/Desktop/RetailSense/.venv/lib/python3.12/site-packages/airflow/example_dags/example_latest_only.py for tasks to queue
[2026-07-17T20:30:30.675+0530] {logging_mixin.py:190} INFO - [2026-07-17T20:30:30.675+0530] {dagbag.py:588} INFO - Filling up the DagBag from /Users/bhavishyachallagolla/Desktop/RetailSense/.venv/lib/python3.12/site-packages/airflow/example_dags/example_latest_only.py
[2026-07-17T20:30:30.677+0530] {processor.py:925} INFO - DAG(s) 'latest_only' retrieved from /Users/bhavishyachallagolla/Desktop/RetailSense/.venv/lib/python3.12/site-packages/airflow/example_dags/example_latest_only.py
[2026-07-17T20:30:30.702+0530] {logging_mixin.py:190} INFO - [2026-07-17T20:30:30.702+0530] {dag.py:3239} INFO - Sync 1 DAGs
[2026-07-17T20:30:30.707+0530] {logging_mixin.py:190} INFO - [2026-07-17T20:30:30.707+0530] {dag.py:4180} INFO - Setting next_dagrun for latest_only to 2026-07-17 08:00:00+00:00, run_after=2026-07-17 12:00:00+00:00
[2026-07-17T20:30:30.712+0530] {processor.py:208} INFO - Processing /Users/bhavishyachallagolla/Desktop/RetailSense/.venv/lib/python3.12/site-packages/airflow/example_dags/example_latest_only.py took 0.039 seconds
[2026-07-17T20:32:11.849+0530] {processor.py:186} INFO - Started process (PID=89345) to work on /Users/bhavishyachallagolla/Desktop/RetailSense/.venv/lib/python3.12/site-packages/airflow/example_dags/example_latest_only.py
[2026-07-17T20:32:11.850+0530] {processor.py:914} INFO - Processing file /Users/bhavishyachallagolla/Desktop/RetailSense/.venv/lib/python3.12/site-packages/airflow/example_dags/example_latest_only.py for tasks to queue
[2026-07-17T20:32:11.850+0530] {logging_mixin.py:190} INFO - [2026-07-17T20:32:11.850+0530] {dagbag.py:588} INFO - Filling up the DagBag from /Users/bhavishyachallagolla/Desktop/RetailSense/.venv/lib/python3.12/site-packages/airflow/example_dags/example_latest_only.py
[2026-07-17T20:32:11.853+0530] {processor.py:925} INFO - DAG(s) 'latest_only' retrieved from /Users/bhavishyachallagolla/Desktop/RetailSense/.venv/lib/python3.12/site-packages/airflow/example_dags/example_latest_only.py
[2026-07-17T20:32:11.879+0530] {logging_mixin.py:190} INFO - [2026-07-17T20:32:11.879+0530] {dag.py:3239} INFO - Sync 1 DAGs
[2026-07-17T20:32:11.884+0530] {logging_mixin.py:190} INFO - [2026-07-17T20:32:11.884+0530] {dag.py:4180} INFO - Setting next_dagrun for latest_only to 2026-07-17 08:00:00+00:00, run_after=2026-07-17 12:00:00+00:00
[2026-07-17T20:32:11.889+0530] {processor.py:208} INFO - Processing /Users/bhavishyachallagolla/Desktop/RetailSense/.venv/lib/python3.12/site-packages/airflow/example_dags/example_latest_only.py took 0.041 seconds
[2026-07-17T20:33:52.729+0530] {processor.py:186} INFO - Started process (PID=89495) to work on /Users/bhavishyachallagolla/Desktop/RetailSense/.venv/lib/python3.12/site-packages/airflow/example_dags/example_latest_only.py
[2026-07-17T20:33:52.730+0530] {processor.py:914} INFO - Processing file /Users/bhavishyachallagolla/Desktop/RetailSense/.venv/lib/python3.12/site-packages/airflow/example_dags/example_latest_only.py for tasks to queue
[2026-07-17T20:33:52.730+0530] {logging_mixin.py:190} INFO - [2026-07-17T20:33:52.730+0530] {dagbag.py:588} INFO - Filling up the DagBag from /Users/bhavishyachallagolla/Desktop/RetailSense/.venv/lib/python3.12/site-packages/airflow/example_dags/example_latest_only.py
[2026-07-17T20:33:52.732+0530] {processor.py:925} INFO - DAG(s) 'latest_only' retrieved from /Users/bhavishyachallagolla/Desktop/RetailSense/.venv/lib/python3.12/site-packages/airflow/example_dags/example_latest_only.py
[2026-07-17T20:33:52.756+0530] {logging_mixin.py:190} INFO - [2026-07-17T20:33:52.756+0530] {dag.py:3239} INFO - Sync 1 DAGs
[2026-07-17T20:33:52.761+0530] {logging_mixin.py:190} INFO - [2026-07-17T20:33:52.761+0530] {dag.py:4180} INFO - Setting next_dagrun for latest_only to 2026-07-17 08:00:00+00:00, run_after=2026-07-17 12:00:00+00:00
[2026-07-17T20:33:52.765+0530] {processor.py:208} INFO - Processing /Users/bhavishyachallagolla/Desktop/RetailSense/.venv/lib/python3.12/site-packages/airflow/example_dags/example_latest_only.py took 0.037 seconds
[2026-07-17T20:35:33.229+0530] {processor.py:186} INFO - Started process (PID=89644) to work on /Users/bhavishyachallagolla/Desktop/RetailSense/.venv/lib/python3.12/site-packages/airflow/example_dags/example_latest_only.py
[2026-07-17T20:35:33.230+0530] {processor.py:914} INFO - Processing file /Users/bhavishyachallagolla/Desktop/RetailSense/.venv/lib/python3.12/site-packages/airflow/example_dags/example_latest_only.py for tasks to queue
[2026-07-17T20:35:33.230+0530] {logging_mixin.py:190} INFO - [2026-07-17T20:35:33.230+0530] {dagbag.py:588} INFO - Filling up the DagBag from /Users/bhavishyachallagolla/Desktop/RetailSense/.venv/lib/python3.12/site-packages/airflow/example_dags/example_latest_only.py
[2026-07-17T20:35:33.232+0530] {processor.py:925} INFO - DAG(s) 'latest_only' retrieved from /Users/bhavishyachallagolla/Desktop/RetailSense/.venv/lib/python3.12/site-packages/airflow/example_dags/example_latest_only.py
[2026-07-17T20:35:33.257+0530] {logging_mixin.py:190} INFO - [2026-07-17T20:35:33.257+0530] {dag.py:3239} INFO - Sync 1 DAGs
[2026-07-17T20:35:33.262+0530] {logging_mixin.py:190} INFO - [2026-07-17T20:35:33.262+0530] {dag.py:4180} INFO - Setting next_dagrun for latest_only to 2026-07-17 08:00:00+00:00, run_after=2026-07-17 12:00:00+00:00
[2026-07-17T20:35:33.267+0530] {processor.py:208} INFO - Processing /Users/bhavishyachallagolla/Desktop/RetailSense/.venv/lib/python3.12/site-packages/airflow/example_dags/example_latest_only.py took 0.038 seconds
[2026-07-17T20:37:14.190+0530] {processor.py:186} INFO - Started process (PID=89795) to work on /Users/bhavishyachallagolla/Desktop/RetailSense/.venv/lib/python3.12/site-packages/airflow/example_dags/example_latest_only.py
[2026-07-17T20:37:14.191+0530] {processor.py:914} INFO - Processing file /Users/bhavishyachallagolla/Desktop/RetailSense/.venv/lib/python3.12/site-packages/airflow/example_dags/example_latest_only.py for tasks to queue
[2026-07-17T20:37:14.191+0530] {logging_mixin.py:190} INFO - [2026-07-17T20:37:14.191+0530] {dagbag.py:588} INFO - Filling up the DagBag from /Users/bhavishyachallagolla/Desktop/RetailSense/.venv/lib/python3.12/site-packages/airflow/example_dags/example_latest_only.py
[2026-07-17T20:37:14.193+0530] {processor.py:925} INFO - DAG(s) 'latest_only' retrieved from /Users/bhavishyachallagolla/Desktop/RetailSense/.venv/lib/python3.12/site-packages/airflow/example_dags/example_latest_only.py
[2026-07-17T20:37:14.218+0530] {logging_mixin.py:190} INFO - [2026-07-17T20:37:14.218+0530] {dag.py:3239} INFO - Sync 1 DAGs
[2026-07-17T20:37:14.223+0530] {logging_mixin.py:190} INFO - [2026-07-17T20:37:14.223+0530] {dag.py:4180} INFO - Setting next_dagrun for latest_only to 2026-07-17 08:00:00+00:00, run_after=2026-07-17 12:00:00+00:00
[2026-07-17T20:37:14.227+0530] {processor.py:208} INFO - Processing /Users/bhavishyachallagolla/Desktop/RetailSense/.venv/lib/python3.12/site-packages/airflow/example_dags/example_latest_only.py took 0.038 seconds
[2026-07-17T20:38:56.077+0530] {processor.py:186} INFO - Started process (PID=89957) to work on /Users/bhavishyachallagolla/Desktop/RetailSense/.venv/lib/python3.12/site-packages/airflow/example_dags/example_latest_only.py
[2026-07-17T20:38:56.077+0530] {processor.py:914} INFO - Processing file /Users/bhavishyachallagolla/Desktop/RetailSense/.venv/lib/python3.12/site-packages/airflow/example_dags/example_latest_only.py for tasks to queue
[2026-07-17T20:38:56.078+0530] {logging_mixin.py:190} INFO - [2026-07-17T20:38:56.077+0530] {dagbag.py:588} INFO - Filling up the DagBag from /Users/bhavishyachallagolla/Desktop/RetailSense/.venv/lib/python3.12/site-packages/airflow/example_dags/example_latest_only.py
[2026-07-17T20:38:56.080+0530] {processor.py:925} INFO - DAG(s) 'latest_only' retrieved from /Users/bhavishyachallagolla/Desktop/RetailSense/.venv/lib/python3.12/site-packages/airflow/example_dags/example_latest_only.py
[2026-07-17T20:38:56.104+0530] {logging_mixin.py:190} INFO - [2026-07-17T20:38:56.104+0530] {dag.py:3239} INFO - Sync 1 DAGs
[2026-07-17T20:38:56.109+0530] {logging_mixin.py:190} INFO - [2026-07-17T20:38:56.109+0530] {dag.py:4180} INFO - Setting next_dagrun for latest_only to 2026-07-17 08:00:00+00:00, run_after=2026-07-17 12:00:00+00:00
[2026-07-17T20:38:56.113+0530] {processor.py:208} INFO - Processing /Users/bhavishyachallagolla/Desktop/RetailSense/.venv/lib/python3.12/site-packages/airflow/example_dags/example_latest_only.py took 0.038 seconds
[2026-07-17T20:40:36.080+0530] {processor.py:186} INFO - Started process (PID=90207) to work on /Users/bhavishyachallagolla/Desktop/RetailSense/.venv/lib/python3.12/site-packages/airflow/example_dags/example_latest_only.py
[2026-07-17T20:40:36.081+0530] {processor.py:914} INFO - Processing file /Users/bhavishyachallagolla/Desktop/RetailSense/.venv/lib/python3.12/site-packages/airflow/example_dags/example_latest_only.py for tasks to queue
[2026-07-17T20:40:36.081+0530] {logging_mixin.py:190} INFO - [2026-07-17T20:40:36.081+0530] {dagbag.py:588} INFO - Filling up the DagBag from /Users/bhavishyachallagolla/Desktop/RetailSense/.venv/lib/python3.12/site-packages/airflow/example_dags/example_latest_only.py
[2026-07-17T20:40:36.083+0530] {processor.py:925} INFO - DAG(s) 'latest_only' retrieved from /Users/bhavishyachallagolla/Desktop/RetailSense/.venv/lib/python3.12/site-packages/airflow/example_dags/example_latest_only.py
[2026-07-17T20:40:36.108+0530] {logging_mixin.py:190} INFO - [2026-07-17T20:40:36.108+0530] {dag.py:3239} INFO - Sync 1 DAGs
[2026-07-17T20:40:36.113+0530] {logging_mixin.py:190} INFO - [2026-07-17T20:40:36.113+0530] {dag.py:4180} INFO - Setting next_dagrun for latest_only to 2026-07-17 08:00:00+00:00, run_after=2026-07-17 12:00:00+00:00
[2026-07-17T20:40:36.118+0530] {processor.py:208} INFO - Processing /Users/bhavishyachallagolla/Desktop/RetailSense/.venv/lib/python3.12/site-packages/airflow/example_dags/example_latest_only.py took 0.039 seconds
[2026-07-17T20:42:16.113+0530] {processor.py:186} INFO - Started process (PID=90379) to work on /Users/bhavishyachallagolla/Desktop/RetailSense/.venv/lib/python3.12/site-packages/airflow/example_dags/example_latest_only.py
[2026-07-17T20:42:16.115+0530] {processor.py:914} INFO - Processing file /Users/bhavishyachallagolla/Desktop/RetailSense/.venv/lib/python3.12/site-packages/airflow/example_dags/example_latest_only.py for tasks to queue
[2026-07-17T20:42:16.115+0530] {logging_mixin.py:190} INFO - [2026-07-17T20:42:16.115+0530] {dagbag.py:588} INFO - Filling up the DagBag from /Users/bhavishyachallagolla/Desktop/RetailSense/.venv/lib/python3.12/site-packages/airflow/example_dags/example_latest_only.py
[2026-07-17T20:42:16.117+0530] {processor.py:925} INFO - DAG(s) 'latest_only' retrieved from /Users/bhavishyachallagolla/Desktop/RetailSense/.venv/lib/python3.12/site-packages/airflow/example_dags/example_latest_only.py
[2026-07-17T20:42:16.142+0530] {logging_mixin.py:190} INFO - [2026-07-17T20:42:16.142+0530] {dag.py:3239} INFO - Sync 1 DAGs
[2026-07-17T20:42:16.147+0530] {logging_mixin.py:190} INFO - [2026-07-17T20:42:16.146+0530] {dag.py:4180} INFO - Setting next_dagrun for latest_only to 2026-07-17 08:00:00+00:00, run_after=2026-07-17 12:00:00+00:00
[2026-07-17T20:42:16.151+0530] {processor.py:208} INFO - Processing /Users/bhavishyachallagolla/Desktop/RetailSense/.venv/lib/python3.12/site-packages/airflow/example_dags/example_latest_only.py took 0.039 seconds
[2026-07-17T20:43:56.321+0530] {processor.py:186} INFO - Started process (PID=90527) to work on /Users/bhavishyachallagolla/Desktop/RetailSense/.venv/lib/python3.12/site-packages/airflow/example_dags/example_latest_only.py
[2026-07-17T20:43:56.322+0530] {processor.py:914} INFO - Processing file /Users/bhavishyachallagolla/Desktop/RetailSense/.venv/lib/python3.12/site-packages/airflow/example_dags/example_latest_only.py for tasks to queue
[2026-07-17T20:43:56.322+0530] {logging_mixin.py:190} INFO - [2026-07-17T20:43:56.322+0530] {dagbag.py:588} INFO - Filling up the DagBag from /Users/bhavishyachallagolla/Desktop/RetailSense/.venv/lib/python3.12/site-packages/airflow/example_dags/example_latest_only.py
[2026-07-17T20:43:56.324+0530] {processor.py:925} INFO - DAG(s) 'latest_only' retrieved from /Users/bhavishyachallagolla/Desktop/RetailSense/.venv/lib/python3.12/site-packages/airflow/example_dags/example_latest_only.py
[2026-07-17T20:43:56.348+0530] {logging_mixin.py:190} INFO - [2026-07-17T20:43:56.348+0530] {dag.py:3239} INFO - Sync 1 DAGs
[2026-07-17T20:43:56.353+0530] {logging_mixin.py:190} INFO - [2026-07-17T20:43:56.353+0530] {dag.py:4180} INFO - Setting next_dagrun for latest_only to 2026-07-17 08:00:00+00:00, run_after=2026-07-17 12:00:00+00:00
[2026-07-17T20:43:56.357+0530] {processor.py:208} INFO - Processing /Users/bhavishyachallagolla/Desktop/RetailSense/.venv/lib/python3.12/site-packages/airflow/example_dags/example_latest_only.py took 0.037 seconds
[2026-07-17T20:45:36.542+0530] {processor.py:186} INFO - Started process (PID=90686) to work on /Users/bhavishyachallagolla/Desktop/RetailSense/.venv/lib/python3.12/site-packages/airflow/example_dags/example_latest_only.py
[2026-07-17T20:45:36.542+0530] {processor.py:914} INFO - Processing file /Users/bhavishyachallagolla/Desktop/RetailSense/.venv/lib/python3.12/site-packages/airflow/example_dags/example_latest_only.py for tasks to queue
[2026-07-17T20:45:36.543+0530] {logging_mixin.py:190} INFO - [2026-07-17T20:45:36.542+0530] {dagbag.py:588} INFO - Filling up the DagBag from /Users/bhavishyachallagolla/Desktop/RetailSense/.venv/lib/python3.12/site-packages/airflow/example_dags/example_latest_only.py
[2026-07-17T20:45:36.545+0530] {processor.py:925} INFO - DAG(s) 'latest_only' retrieved from /Users/bhavishyachallagolla/Desktop/RetailSense/.venv/lib/python3.12/site-packages/airflow/example_dags/example_latest_only.py
[2026-07-17T20:45:36.569+0530] {logging_mixin.py:190} INFO - [2026-07-17T20:45:36.569+0530] {dag.py:3239} INFO - Sync 1 DAGs
[2026-07-17T20:45:36.574+0530] {logging_mixin.py:190} INFO - [2026-07-17T20:45:36.574+0530] {dag.py:4180} INFO - Setting next_dagrun for latest_only to 2026-07-17 08:00:00+00:00, run_after=2026-07-17 12:00:00+00:00
[2026-07-17T20:45:36.578+0530] {processor.py:208} INFO - Processing /Users/bhavishyachallagolla/Desktop/RetailSense/.venv/lib/python3.12/site-packages/airflow/example_dags/example_latest_only.py took 0.037 seconds
[2026-07-17T20:47:17.366+0530] {processor.py:186} INFO - Started process (PID=90837) to work on /Users/bhavishyachallagolla/Desktop/RetailSense/.venv/lib/python3.12/site-packages/airflow/example_dags/example_latest_only.py
[2026-07-17T20:47:17.367+0530] {processor.py:914} INFO - Processing file /Users/bhavishyachallagolla/Desktop/RetailSense/.venv/lib/python3.12/site-packages/airflow/example_dags/example_latest_only.py for tasks to queue
[2026-07-17T20:47:17.367+0530] {logging_mixin.py:190} INFO - [2026-07-17T20:47:17.367+0530] {dagbag.py:588} INFO - Filling up the DagBag from /Users/bhavishyachallagolla/Desktop/RetailSense/.venv/lib/python3.12/site-packages/airflow/example_dags/example_latest_only.py
[2026-07-17T20:47:17.369+0530] {processor.py:925} INFO - DAG(s) 'latest_only' retrieved from /Users/bhavishyachallagolla/Desktop/RetailSense/.venv/lib/python3.12/site-packages/airflow/example_dags/example_latest_only.py
[2026-07-17T20:47:17.394+0530] {logging_mixin.py:190} INFO - [2026-07-17T20:47:17.394+0530] {dag.py:3239} INFO - Sync 1 DAGs
[2026-07-17T20:47:17.399+0530] {logging_mixin.py:190} INFO - [2026-07-17T20:47:17.399+0530] {dag.py:4180} INFO - Setting next_dagrun for latest_only to 2026-07-17 08:00:00+00:00, run_after=2026-07-17 12:00:00+00:00
[2026-07-17T20:47:17.403+0530] {processor.py:208} INFO - Processing /Users/bhavishyachallagolla/Desktop/RetailSense/.venv/lib/python3.12/site-packages/airflow/example_dags/example_latest_only.py took 0.039 seconds
[2026-07-17T20:48:57.610+0530] {processor.py:186} INFO - Started process (PID=90994) to work on /Users/bhavishyachallagolla/Desktop/RetailSense/.venv/lib/python3.12/site-packages/airflow/example_dags/example_latest_only.py
[2026-07-17T20:48:57.612+0530] {processor.py:914} INFO - Processing file /Users/bhavishyachallagolla/Desktop/RetailSense/.venv/lib/python3.12/site-packages/airflow/example_dags/example_latest_only.py for tasks to queue
[2026-07-17T20:48:57.612+0530] {logging_mixin.py:190} INFO - [2026-07-17T20:48:57.612+0530] {dagbag.py:588} INFO - Filling up the DagBag from /Users/bhavishyachallagolla/Desktop/RetailSense/.venv/lib/python3.12/site-packages/airflow/example_dags/example_latest_only.py
[2026-07-17T20:48:57.614+0530] {processor.py:925} INFO - DAG(s) 'latest_only' retrieved from /Users/bhavishyachallagolla/Desktop/RetailSense/.venv/lib/python3.12/site-packages/airflow/example_dags/example_latest_only.py
[2026-07-17T20:48:57.640+0530] {logging_mixin.py:190} INFO - [2026-07-17T20:48:57.640+0530] {dag.py:3239} INFO - Sync 1 DAGs
[2026-07-17T20:48:57.645+0530] {logging_mixin.py:190} INFO - [2026-07-17T20:48:57.645+0530] {dag.py:4180} INFO - Setting next_dagrun for latest_only to 2026-07-17 08:00:00+00:00, run_after=2026-07-17 12:00:00+00:00
[2026-07-17T20:48:57.650+0530] {processor.py:208} INFO - Processing /Users/bhavishyachallagolla/Desktop/RetailSense/.venv/lib/python3.12/site-packages/airflow/example_dags/example_latest_only.py took 0.040 seconds
[2026-07-17T20:50:34.371+0530] {processor.py:186} INFO - Started process (PID=91156) to work on /Users/bhavishyachallagolla/Desktop/RetailSense/.venv/lib/python3.12/site-packages/airflow/example_dags/example_latest_only.py
[2026-07-17T20:50:34.372+0530] {processor.py:914} INFO - Processing file /Users/bhavishyachallagolla/Desktop/RetailSense/.venv/lib/python3.12/site-packages/airflow/example_dags/example_latest_only.py for tasks to queue
[2026-07-17T20:50:34.372+0530] {logging_mixin.py:190} INFO - [2026-07-17T20:50:34.372+0530] {dagbag.py:588} INFO - Filling up the DagBag from /Users/bhavishyachallagolla/Desktop/RetailSense/.venv/lib/python3.12/site-packages/airflow/example_dags/example_latest_only.py
[2026-07-17T20:50:34.375+0530] {processor.py:925} INFO - DAG(s) 'latest_only' retrieved from /Users/bhavishyachallagolla/Desktop/RetailSense/.venv/lib/python3.12/site-packages/airflow/example_dags/example_latest_only.py
[2026-07-17T20:50:34.399+0530] {logging_mixin.py:190} INFO - [2026-07-17T20:50:34.399+0530] {dag.py:3239} INFO - Sync 1 DAGs
[2026-07-17T20:50:34.404+0530] {logging_mixin.py:190} INFO - [2026-07-17T20:50:34.404+0530] {dag.py:4180} INFO - Setting next_dagrun for latest_only to 2026-07-17 08:00:00+00:00, run_after=2026-07-17 12:00:00+00:00
[2026-07-17T20:50:34.409+0530] {processor.py:208} INFO - Processing /Users/bhavishyachallagolla/Desktop/RetailSense/.venv/lib/python3.12/site-packages/airflow/example_dags/example_latest_only.py took 0.039 seconds
[2026-07-17T20:52:17.931+0530] {processor.py:186} INFO - Started process (PID=91310) to work on /Users/bhavishyachallagolla/Desktop/RetailSense/.venv/lib/python3.12/site-packages/airflow/example_dags/example_latest_only.py
[2026-07-17T20:52:17.932+0530] {processor.py:914} INFO - Processing file /Users/bhavishyachallagolla/Desktop/RetailSense/.venv/lib/python3.12/site-packages/airflow/example_dags/example_latest_only.py for tasks to queue
[2026-07-17T20:52:17.932+0530] {logging_mixin.py:190} INFO - [2026-07-17T20:52:17.932+0530] {dagbag.py:588} INFO - Filling up the DagBag from /Users/bhavishyachallagolla/Desktop/RetailSense/.venv/lib/python3.12/site-packages/airflow/example_dags/example_latest_only.py
[2026-07-17T20:52:17.935+0530] {processor.py:925} INFO - DAG(s) 'latest_only' retrieved from /Users/bhavishyachallagolla/Desktop/RetailSense/.venv/lib/python3.12/site-packages/airflow/example_dags/example_latest_only.py
[2026-07-17T20:52:17.961+0530] {logging_mixin.py:190} INFO - [2026-07-17T20:52:17.961+0530] {dag.py:3239} INFO - Sync 1 DAGs
[2026-07-17T20:52:17.967+0530] {logging_mixin.py:190} INFO - [2026-07-17T20:52:17.967+0530] {dag.py:4180} INFO - Setting next_dagrun for latest_only to 2026-07-17 08:00:00+00:00, run_after=2026-07-17 12:00:00+00:00
[2026-07-17T20:52:17.972+0530] {processor.py:208} INFO - Processing /Users/bhavishyachallagolla/Desktop/RetailSense/.venv/lib/python3.12/site-packages/airflow/example_dags/example_latest_only.py took 0.042 seconds
[2026-07-17T20:53:58.587+0530] {processor.py:186} INFO - Started process (PID=91460) to work on /Users/bhavishyachallagolla/Desktop/RetailSense/.venv/lib/python3.12/site-packages/airflow/example_dags/example_latest_only.py
[2026-07-17T20:53:58.587+0530] {processor.py:914} INFO - Processing file /Users/bhavishyachallagolla/Desktop/RetailSense/.venv/lib/python3.12/site-packages/airflow/example_dags/example_latest_only.py for tasks to queue
[2026-07-17T20:53:58.588+0530] {logging_mixin.py:190} INFO - [2026-07-17T20:53:58.588+0530] {dagbag.py:588} INFO - Filling up the DagBag from /Users/bhavishyachallagolla/Desktop/RetailSense/.venv/lib/python3.12/site-packages/airflow/example_dags/example_latest_only.py
[2026-07-17T20:53:58.591+0530] {processor.py:925} INFO - DAG(s) 'latest_only' retrieved from /Users/bhavishyachallagolla/Desktop/RetailSense/.venv/lib/python3.12/site-packages/airflow/example_dags/example_latest_only.py
[2026-07-17T20:53:58.618+0530] {logging_mixin.py:190} INFO - [2026-07-17T20:53:58.618+0530] {dag.py:3239} INFO - Sync 1 DAGs
[2026-07-17T20:53:58.624+0530] {logging_mixin.py:190} INFO - [2026-07-17T20:53:58.623+0530] {dag.py:4180} INFO - Setting next_dagrun for latest_only to 2026-07-17 08:00:00+00:00, run_after=2026-07-17 12:00:00+00:00
[2026-07-17T20:53:58.629+0530] {processor.py:208} INFO - Processing /Users/bhavishyachallagolla/Desktop/RetailSense/.venv/lib/python3.12/site-packages/airflow/example_dags/example_latest_only.py took 0.043 seconds
[2026-07-17T20:55:38.337+0530] {processor.py:186} INFO - Started process (PID=91626) to work on /Users/bhavishyachallagolla/Desktop/RetailSense/.venv/lib/python3.12/site-packages/airflow/example_dags/example_latest_only.py
[2026-07-17T20:55:38.339+0530] {processor.py:914} INFO - Processing file /Users/bhavishyachallagolla/Desktop/RetailSense/.venv/lib/python3.12/site-packages/airflow/example_dags/example_latest_only.py for tasks to queue
[2026-07-17T20:55:38.339+0530] {logging_mixin.py:190} INFO - [2026-07-17T20:55:38.339+0530] {dagbag.py:588} INFO - Filling up the DagBag from /Users/bhavishyachallagolla/Desktop/RetailSense/.venv/lib/python3.12/site-packages/airflow/example_dags/example_latest_only.py
[2026-07-17T20:55:38.341+0530] {processor.py:925} INFO - DAG(s) 'latest_only' retrieved from /Users/bhavishyachallagolla/Desktop/RetailSense/.venv/lib/python3.12/site-packages/airflow/example_dags/example_latest_only.py
[2026-07-17T20:55:38.366+0530] {logging_mixin.py:190} INFO - [2026-07-17T20:55:38.366+0530] {dag.py:3239} INFO - Sync 1 DAGs
[2026-07-17T20:55:38.371+0530] {logging_mixin.py:190} INFO - [2026-07-17T20:55:38.371+0530] {dag.py:4180} INFO - Setting next_dagrun for latest_only to 2026-07-17 08:00:00+00:00, run_after=2026-07-17 12:00:00+00:00
[2026-07-17T20:55:38.376+0530] {processor.py:208} INFO - Processing /Users/bhavishyachallagolla/Desktop/RetailSense/.venv/lib/python3.12/site-packages/airflow/example_dags/example_latest_only.py took 0.039 seconds
[2026-07-17T20:57:18.637+0530] {processor.py:186} INFO - Started process (PID=91773) to work on /Users/bhavishyachallagolla/Desktop/RetailSense/.venv/lib/python3.12/site-packages/airflow/example_dags/example_latest_only.py
[2026-07-17T20:57:18.638+0530] {processor.py:914} INFO - Processing file /Users/bhavishyachallagolla/Desktop/RetailSense/.venv/lib/python3.12/site-packages/airflow/example_dags/example_latest_only.py for tasks to queue
[2026-07-17T20:57:18.639+0530] {logging_mixin.py:190} INFO - [2026-07-17T20:57:18.639+0530] {dagbag.py:588} INFO - Filling up the DagBag from /Users/bhavishyachallagolla/Desktop/RetailSense/.venv/lib/python3.12/site-packages/airflow/example_dags/example_latest_only.py
[2026-07-17T20:57:18.641+0530] {processor.py:925} INFO - DAG(s) 'latest_only' retrieved from /Users/bhavishyachallagolla/Desktop/RetailSense/.venv/lib/python3.12/site-packages/airflow/example_dags/example_latest_only.py
[2026-07-17T20:57:18.666+0530] {logging_mixin.py:190} INFO - [2026-07-17T20:57:18.666+0530] {dag.py:3239} INFO - Sync 1 DAGs
[2026-07-17T20:57:18.671+0530] {logging_mixin.py:190} INFO - [2026-07-17T20:57:18.670+0530] {dag.py:4180} INFO - Setting next_dagrun for latest_only to 2026-07-17 08:00:00+00:00, run_after=2026-07-17 12:00:00+00:00
[2026-07-17T20:57:18.675+0530] {processor.py:208} INFO - Processing /Users/bhavishyachallagolla/Desktop/RetailSense/.venv/lib/python3.12/site-packages/airflow/example_dags/example_latest_only.py took 0.039 seconds
[2026-07-17T20:58:58.774+0530] {processor.py:186} INFO - Started process (PID=91920) to work on /Users/bhavishyachallagolla/Desktop/RetailSense/.venv/lib/python3.12/site-packages/airflow/example_dags/example_latest_only.py
[2026-07-17T20:58:58.774+0530] {processor.py:914} INFO - Processing file /Users/bhavishyachallagolla/Desktop/RetailSense/.venv/lib/python3.12/site-packages/airflow/example_dags/example_latest_only.py for tasks to queue
[2026-07-17T20:58:58.774+0530] {logging_mixin.py:190} INFO - [2026-07-17T20:58:58.774+0530] {dagbag.py:588} INFO - Filling up the DagBag from /Users/bhavishyachallagolla/Desktop/RetailSense/.venv/lib/python3.12/site-packages/airflow/example_dags/example_latest_only.py
[2026-07-17T20:58:58.777+0530] {processor.py:925} INFO - DAG(s) 'latest_only' retrieved from /Users/bhavishyachallagolla/Desktop/RetailSense/.venv/lib/python3.12/site-packages/airflow/example_dags/example_latest_only.py
[2026-07-17T20:58:58.801+0530] {logging_mixin.py:190} INFO - [2026-07-17T20:58:58.801+0530] {dag.py:3239} INFO - Sync 1 DAGs
[2026-07-17T20:58:58.806+0530] {logging_mixin.py:190} INFO - [2026-07-17T20:58:58.806+0530] {dag.py:4180} INFO - Setting next_dagrun for latest_only to 2026-07-17 08:00:00+00:00, run_after=2026-07-17 12:00:00+00:00
[2026-07-17T20:58:58.810+0530] {processor.py:208} INFO - Processing /Users/bhavishyachallagolla/Desktop/RetailSense/.venv/lib/python3.12/site-packages/airflow/example_dags/example_latest_only.py took 0.037 seconds
[2026-07-17T22:22:55.817+0530] {processor.py:186} INFO - Started process (PID=92147) to work on /Users/bhavishyachallagolla/Desktop/RetailSense/.venv/lib/python3.12/site-packages/airflow/example_dags/example_latest_only.py
[2026-07-17T22:22:55.819+0530] {processor.py:914} INFO - Processing file /Users/bhavishyachallagolla/Desktop/RetailSense/.venv/lib/python3.12/site-packages/airflow/example_dags/example_latest_only.py for tasks to queue
[2026-07-17T22:22:55.819+0530] {logging_mixin.py:190} INFO - [2026-07-17T22:22:55.819+0530] {dagbag.py:588} INFO - Filling up the DagBag from /Users/bhavishyachallagolla/Desktop/RetailSense/.venv/lib/python3.12/site-packages/airflow/example_dags/example_latest_only.py
[2026-07-17T22:22:55.821+0530] {processor.py:925} INFO - DAG(s) 'latest_only' retrieved from /Users/bhavishyachallagolla/Desktop/RetailSense/.venv/lib/python3.12/site-packages/airflow/example_dags/example_latest_only.py
[2026-07-17T22:22:55.846+0530] {logging_mixin.py:190} INFO - [2026-07-17T22:22:55.846+0530] {dag.py:3239} INFO - Sync 1 DAGs
[2026-07-17T22:22:55.850+0530] {logging_mixin.py:190} INFO - [2026-07-17T22:22:55.850+0530] {dag.py:4180} INFO - Setting next_dagrun for latest_only to 2026-07-17 12:00:00+00:00, run_after=2026-07-17 16:00:00+00:00
[2026-07-17T22:22:55.855+0530] {processor.py:208} INFO - Processing /Users/bhavishyachallagolla/Desktop/RetailSense/.venv/lib/python3.12/site-packages/airflow/example_dags/example_latest_only.py took 0.038 seconds
[2026-07-17T22:24:36.530+0530] {processor.py:186} INFO - Started process (PID=92299) to work on /Users/bhavishyachallagolla/Desktop/RetailSense/.venv/lib/python3.12/site-packages/airflow/example_dags/example_latest_only.py
[2026-07-17T22:24:36.531+0530] {processor.py:914} INFO - Processing file /Users/bhavishyachallagolla/Desktop/RetailSense/.venv/lib/python3.12/site-packages/airflow/example_dags/example_latest_only.py for tasks to queue
[2026-07-17T22:24:36.531+0530] {logging_mixin.py:190} INFO - [2026-07-17T22:24:36.531+0530] {dagbag.py:588} INFO - Filling up the DagBag from /Users/bhavishyachallagolla/Desktop/RetailSense/.venv/lib/python3.12/site-packages/airflow/example_dags/example_latest_only.py
[2026-07-17T22:24:36.533+0530] {processor.py:925} INFO - DAG(s) 'latest_only' retrieved from /Users/bhavishyachallagolla/Desktop/RetailSense/.venv/lib/python3.12/site-packages/airflow/example_dags/example_latest_only.py
[2026-07-17T22:24:36.557+0530] {logging_mixin.py:190} INFO - [2026-07-17T22:24:36.557+0530] {dag.py:3239} INFO - Sync 1 DAGs
[2026-07-17T22:24:36.561+0530] {logging_mixin.py:190} INFO - [2026-07-17T22:24:36.561+0530] {dag.py:4180} INFO - Setting next_dagrun for latest_only to 2026-07-17 12:00:00+00:00, run_after=2026-07-17 16:00:00+00:00
[2026-07-17T22:24:36.566+0530] {processor.py:208} INFO - Processing /Users/bhavishyachallagolla/Desktop/RetailSense/.venv/lib/python3.12/site-packages/airflow/example_dags/example_latest_only.py took 0.037 seconds
[2026-07-17T22:26:15.678+0530] {processor.py:186} INFO - Started process (PID=92449) to work on /Users/bhavishyachallagolla/Desktop/RetailSense/.venv/lib/python3.12/site-packages/airflow/example_dags/example_latest_only.py
[2026-07-17T22:26:15.679+0530] {processor.py:914} INFO - Processing file /Users/bhavishyachallagolla/Desktop/RetailSense/.venv/lib/python3.12/site-packages/airflow/example_dags/example_latest_only.py for tasks to queue
[2026-07-17T22:26:15.680+0530] {logging_mixin.py:190} INFO - [2026-07-17T22:26:15.680+0530] {dagbag.py:588} INFO - Filling up the DagBag from /Users/bhavishyachallagolla/Desktop/RetailSense/.venv/lib/python3.12/site-packages/airflow/example_dags/example_latest_only.py
[2026-07-17T22:26:15.682+0530] {processor.py:925} INFO - DAG(s) 'latest_only' retrieved from /Users/bhavishyachallagolla/Desktop/RetailSense/.venv/lib/python3.12/site-packages/airflow/example_dags/example_latest_only.py
[2026-07-17T22:26:15.707+0530] {logging_mixin.py:190} INFO - [2026-07-17T22:26:15.707+0530] {dag.py:3239} INFO - Sync 1 DAGs
[2026-07-17T22:26:15.712+0530] {logging_mixin.py:190} INFO - [2026-07-17T22:26:15.712+0530] {dag.py:4180} INFO - Setting next_dagrun for latest_only to 2026-07-17 12:00:00+00:00, run_after=2026-07-17 16:00:00+00:00
[2026-07-17T22:26:15.717+0530] {processor.py:208} INFO - Processing /Users/bhavishyachallagolla/Desktop/RetailSense/.venv/lib/python3.12/site-packages/airflow/example_dags/example_latest_only.py took 0.040 seconds
[2026-07-17T22:27:56.562+0530] {processor.py:186} INFO - Started process (PID=92599) to work on /Users/bhavishyachallagolla/Desktop/RetailSense/.venv/lib/python3.12/site-packages/airflow/example_dags/example_latest_only.py
[2026-07-17T22:27:56.563+0530] {processor.py:914} INFO - Processing file /Users/bhavishyachallagolla/Desktop/RetailSense/.venv/lib/python3.12/site-packages/airflow/example_dags/example_latest_only.py for tasks to queue
[2026-07-17T22:27:56.563+0530] {logging_mixin.py:190} INFO - [2026-07-17T22:27:56.563+0530] {dagbag.py:588} INFO - Filling up the DagBag from /Users/bhavishyachallagolla/Desktop/RetailSense/.venv/lib/python3.12/site-packages/airflow/example_dags/example_latest_only.py
[2026-07-17T22:27:56.565+0530] {processor.py:925} INFO - DAG(s) 'latest_only' retrieved from /Users/bhavishyachallagolla/Desktop/RetailSense/.venv/lib/python3.12/site-packages/airflow/example_dags/example_latest_only.py
[2026-07-17T22:27:56.590+0530] {logging_mixin.py:190} INFO - [2026-07-17T22:27:56.590+0530] {dag.py:3239} INFO - Sync 1 DAGs
[2026-07-17T22:27:56.595+0530] {logging_mixin.py:190} INFO - [2026-07-17T22:27:56.595+0530] {dag.py:4180} INFO - Setting next_dagrun for latest_only to 2026-07-17 12:00:00+00:00, run_after=2026-07-17 16:00:00+00:00
[2026-07-17T22:27:56.599+0530] {processor.py:208} INFO - Processing /Users/bhavishyachallagolla/Desktop/RetailSense/.venv/lib/python3.12/site-packages/airflow/example_dags/example_latest_only.py took 0.039 seconds
[2026-07-17T22:29:32.379+0530] {processor.py:186} INFO - Started process (PID=92745) to work on /Users/bhavishyachallagolla/Desktop/RetailSense/.venv/lib/python3.12/site-packages/airflow/example_dags/example_latest_only.py
[2026-07-17T22:29:32.379+0530] {processor.py:914} INFO - Processing file /Users/bhavishyachallagolla/Desktop/RetailSense/.venv/lib/python3.12/site-packages/airflow/example_dags/example_latest_only.py for tasks to queue
[2026-07-17T22:29:32.380+0530] {logging_mixin.py:190} INFO - [2026-07-17T22:29:32.380+0530] {dagbag.py:588} INFO - Filling up the DagBag from /Users/bhavishyachallagolla/Desktop/RetailSense/.venv/lib/python3.12/site-packages/airflow/example_dags/example_latest_only.py
[2026-07-17T22:29:32.382+0530] {processor.py:925} INFO - DAG(s) 'latest_only' retrieved from /Users/bhavishyachallagolla/Desktop/RetailSense/.venv/lib/python3.12/site-packages/airflow/example_dags/example_latest_only.py
[2026-07-17T22:29:32.406+0530] {logging_mixin.py:190} INFO - [2026-07-17T22:29:32.406+0530] {dag.py:3239} INFO - Sync 1 DAGs
[2026-07-17T22:29:32.411+0530] {logging_mixin.py:190} INFO - [2026-07-17T22:29:32.410+0530] {dag.py:4180} INFO - Setting next_dagrun for latest_only to 2026-07-17 12:00:00+00:00, run_after=2026-07-17 16:00:00+00:00
[2026-07-17T22:29:32.415+0530] {processor.py:208} INFO - Processing /Users/bhavishyachallagolla/Desktop/RetailSense/.venv/lib/python3.12/site-packages/airflow/example_dags/example_latest_only.py took 0.037 seconds
[2026-07-17T22:31:13.828+0530] {processor.py:186} INFO - Started process (PID=92898) to work on /Users/bhavishyachallagolla/Desktop/RetailSense/.venv/lib/python3.12/site-packages/airflow/example_dags/example_latest_only.py
[2026-07-17T22:31:13.829+0530] {processor.py:914} INFO - Processing file /Users/bhavishyachallagolla/Desktop/RetailSense/.venv/lib/python3.12/site-packages/airflow/example_dags/example_latest_only.py for tasks to queue
[2026-07-17T22:31:13.830+0530] {logging_mixin.py:190} INFO - [2026-07-17T22:31:13.829+0530] {dagbag.py:588} INFO - Filling up the DagBag from /Users/bhavishyachallagolla/Desktop/RetailSense/.venv/lib/python3.12/site-packages/airflow/example_dags/example_latest_only.py
[2026-07-17T22:31:13.832+0530] {processor.py:925} INFO - DAG(s) 'latest_only' retrieved from /Users/bhavishyachallagolla/Desktop/RetailSense/.venv/lib/python3.12/site-packages/airflow/example_dags/example_latest_only.py
[2026-07-17T22:31:13.856+0530] {logging_mixin.py:190} INFO - [2026-07-17T22:31:13.856+0530] {dag.py:3239} INFO - Sync 1 DAGs
[2026-07-17T22:31:13.861+0530] {logging_mixin.py:190} INFO - [2026-07-17T22:31:13.861+0530] {dag.py:4180} INFO - Setting next_dagrun for latest_only to 2026-07-17 12:00:00+00:00, run_after=2026-07-17 16:00:00+00:00
[2026-07-17T22:31:13.866+0530] {processor.py:208} INFO - Processing /Users/bhavishyachallagolla/Desktop/RetailSense/.venv/lib/python3.12/site-packages/airflow/example_dags/example_latest_only.py took 0.039 seconds
[2026-07-17T22:32:54.627+0530] {processor.py:186} INFO - Started process (PID=93056) to work on /Users/bhavishyachallagolla/Desktop/RetailSense/.venv/lib/python3.12/site-packages/airflow/example_dags/example_latest_only.py
[2026-07-17T22:32:54.628+0530] {processor.py:914} INFO - Processing file /Users/bhavishyachallagolla/Desktop/RetailSense/.venv/lib/python3.12/site-packages/airflow/example_dags/example_latest_only.py for tasks to queue
[2026-07-17T22:32:54.628+0530] {logging_mixin.py:190} INFO - [2026-07-17T22:32:54.628+0530] {dagbag.py:588} INFO - Filling up the DagBag from /Users/bhavishyachallagolla/Desktop/RetailSense/.venv/lib/python3.12/site-packages/airflow/example_dags/example_latest_only.py
[2026-07-17T22:32:54.630+0530] {processor.py:925} INFO - DAG(s) 'latest_only' retrieved from /Users/bhavishyachallagolla/Desktop/RetailSense/.venv/lib/python3.12/site-packages/airflow/example_dags/example_latest_only.py
[2026-07-17T22:32:54.655+0530] {logging_mixin.py:190} INFO - [2026-07-17T22:32:54.655+0530] {dag.py:3239} INFO - Sync 1 DAGs
[2026-07-17T22:32:54.660+0530] {logging_mixin.py:190} INFO - [2026-07-17T22:32:54.660+0530] {dag.py:4180} INFO - Setting next_dagrun for latest_only to 2026-07-17 12:00:00+00:00, run_after=2026-07-17 16:00:00+00:00
[2026-07-17T22:32:54.665+0530] {processor.py:208} INFO - Processing /Users/bhavishyachallagolla/Desktop/RetailSense/.venv/lib/python3.12/site-packages/airflow/example_dags/example_latest_only.py took 0.039 seconds
[2026-07-17T22:34:34.616+0530] {processor.py:186} INFO - Started process (PID=93204) to work on /Users/bhavishyachallagolla/Desktop/RetailSense/.venv/lib/python3.12/site-packages/airflow/example_dags/example_latest_only.py
[2026-07-17T22:34:34.617+0530] {processor.py:914} INFO - Processing file /Users/bhavishyachallagolla/Desktop/RetailSense/.venv/lib/python3.12/site-packages/airflow/example_dags/example_latest_only.py for tasks to queue
[2026-07-17T22:34:34.618+0530] {logging_mixin.py:190} INFO - [2026-07-17T22:34:34.617+0530] {dagbag.py:588} INFO - Filling up the DagBag from /Users/bhavishyachallagolla/Desktop/RetailSense/.venv/lib/python3.12/site-packages/airflow/example_dags/example_latest_only.py
[2026-07-17T22:34:34.620+0530] {processor.py:925} INFO - DAG(s) 'latest_only' retrieved from /Users/bhavishyachallagolla/Desktop/RetailSense/.venv/lib/python3.12/site-packages/airflow/example_dags/example_latest_only.py
[2026-07-17T22:34:34.644+0530] {logging_mixin.py:190} INFO - [2026-07-17T22:34:34.644+0530] {dag.py:3239} INFO - Sync 1 DAGs
[2026-07-17T22:34:34.649+0530] {logging_mixin.py:190} INFO - [2026-07-17T22:34:34.649+0530] {dag.py:4180} INFO - Setting next_dagrun for latest_only to 2026-07-17 12:00:00+00:00, run_after=2026-07-17 16:00:00+00:00
[2026-07-17T22:34:34.653+0530] {processor.py:208} INFO - Processing /Users/bhavishyachallagolla/Desktop/RetailSense/.venv/lib/python3.12/site-packages/airflow/example_dags/example_latest_only.py took 0.038 seconds
[2026-07-17T22:36:15.543+0530] {processor.py:186} INFO - Started process (PID=93355) to work on /Users/bhavishyachallagolla/Desktop/RetailSense/.venv/lib/python3.12/site-packages/airflow/example_dags/example_latest_only.py
[2026-07-17T22:36:15.544+0530] {processor.py:914} INFO - Processing file /Users/bhavishyachallagolla/Desktop/RetailSense/.venv/lib/python3.12/site-packages/airflow/example_dags/example_latest_only.py for tasks to queue
[2026-07-17T22:36:15.544+0530] {logging_mixin.py:190} INFO - [2026-07-17T22:36:15.544+0530] {dagbag.py:588} INFO - Filling up the DagBag from /Users/bhavishyachallagolla/Desktop/RetailSense/.venv/lib/python3.12/site-packages/airflow/example_dags/example_latest_only.py
[2026-07-17T22:36:15.546+0530] {processor.py:925} INFO - DAG(s) 'latest_only' retrieved from /Users/bhavishyachallagolla/Desktop/RetailSense/.venv/lib/python3.12/site-packages/airflow/example_dags/example_latest_only.py
[2026-07-17T22:36:15.571+0530] {logging_mixin.py:190} INFO - [2026-07-17T22:36:15.571+0530] {dag.py:3239} INFO - Sync 1 DAGs
[2026-07-17T22:36:15.576+0530] {logging_mixin.py:190} INFO - [2026-07-17T22:36:15.576+0530] {dag.py:4180} INFO - Setting next_dagrun for latest_only to 2026-07-17 12:00:00+00:00, run_after=2026-07-17 16:00:00+00:00
[2026-07-17T22:36:15.580+0530] {processor.py:208} INFO - Processing /Users/bhavishyachallagolla/Desktop/RetailSense/.venv/lib/python3.12/site-packages/airflow/example_dags/example_latest_only.py took 0.039 seconds
[2026-07-17T22:37:56.156+0530] {processor.py:186} INFO - Started process (PID=93515) to work on /Users/bhavishyachallagolla/Desktop/RetailSense/.venv/lib/python3.12/site-packages/airflow/example_dags/example_latest_only.py
[2026-07-17T22:37:56.157+0530] {processor.py:914} INFO - Processing file /Users/bhavishyachallagolla/Desktop/RetailSense/.venv/lib/python3.12/site-packages/airflow/example_dags/example_latest_only.py for tasks to queue
[2026-07-17T22:37:56.158+0530] {logging_mixin.py:190} INFO - [2026-07-17T22:37:56.157+0530] {dagbag.py:588} INFO - Filling up the DagBag from /Users/bhavishyachallagolla/Desktop/RetailSense/.venv/lib/python3.12/site-packages/airflow/example_dags/example_latest_only.py
[2026-07-17T22:37:56.160+0530] {processor.py:925} INFO - DAG(s) 'latest_only' retrieved from /Users/bhavishyachallagolla/Desktop/RetailSense/.venv/lib/python3.12/site-packages/airflow/example_dags/example_latest_only.py
[2026-07-17T22:37:56.185+0530] {logging_mixin.py:190} INFO - [2026-07-17T22:37:56.184+0530] {dag.py:3239} INFO - Sync 1 DAGs
[2026-07-17T22:37:56.190+0530] {logging_mixin.py:190} INFO - [2026-07-17T22:37:56.189+0530] {dag.py:4180} INFO - Setting next_dagrun for latest_only to 2026-07-17 12:00:00+00:00, run_after=2026-07-17 16:00:00+00:00
[2026-07-17T22:37:56.194+0530] {processor.py:208} INFO - Processing /Users/bhavishyachallagolla/Desktop/RetailSense/.venv/lib/python3.12/site-packages/airflow/example_dags/example_latest_only.py took 0.039 seconds
[2026-07-17T22:39:35.121+0530] {processor.py:186} INFO - Started process (PID=93663) to work on /Users/bhavishyachallagolla/Desktop/RetailSense/.venv/lib/python3.12/site-packages/airflow/example_dags/example_latest_only.py
[2026-07-17T22:39:35.121+0530] {processor.py:914} INFO - Processing file /Users/bhavishyachallagolla/Desktop/RetailSense/.venv/lib/python3.12/site-packages/airflow/example_dags/example_latest_only.py for tasks to queue
[2026-07-17T22:39:35.122+0530] {logging_mixin.py:190} INFO - [2026-07-17T22:39:35.122+0530] {dagbag.py:588} INFO - Filling up the DagBag from /Users/bhavishyachallagolla/Desktop/RetailSense/.venv/lib/python3.12/site-packages/airflow/example_dags/example_latest_only.py
[2026-07-17T22:39:35.124+0530] {processor.py:925} INFO - DAG(s) 'latest_only' retrieved from /Users/bhavishyachallagolla/Desktop/RetailSense/.venv/lib/python3.12/site-packages/airflow/example_dags/example_latest_only.py
[2026-07-17T22:39:35.148+0530] {logging_mixin.py:190} INFO - [2026-07-17T22:39:35.148+0530] {dag.py:3239} INFO - Sync 1 DAGs
[2026-07-17T22:39:35.153+0530] {logging_mixin.py:190} INFO - [2026-07-17T22:39:35.153+0530] {dag.py:4180} INFO - Setting next_dagrun for latest_only to 2026-07-17 12:00:00+00:00, run_after=2026-07-17 16:00:00+00:00
[2026-07-17T22:39:35.158+0530] {processor.py:208} INFO - Processing /Users/bhavishyachallagolla/Desktop/RetailSense/.venv/lib/python3.12/site-packages/airflow/example_dags/example_latest_only.py took 0.038 seconds
[2026-07-17T22:41:15.605+0530] {processor.py:186} INFO - Started process (PID=93813) to work on /Users/bhavishyachallagolla/Desktop/RetailSense/.venv/lib/python3.12/site-packages/airflow/example_dags/example_latest_only.py
[2026-07-17T22:41:15.605+0530] {processor.py:914} INFO - Processing file /Users/bhavishyachallagolla/Desktop/RetailSense/.venv/lib/python3.12/site-packages/airflow/example_dags/example_latest_only.py for tasks to queue
[2026-07-17T22:41:15.605+0530] {logging_mixin.py:190} INFO - [2026-07-17T22:41:15.605+0530] {dagbag.py:588} INFO - Filling up the DagBag from /Users/bhavishyachallagolla/Desktop/RetailSense/.venv/lib/python3.12/site-packages/airflow/example_dags/example_latest_only.py
[2026-07-17T22:41:15.608+0530] {processor.py:925} INFO - DAG(s) 'latest_only' retrieved from /Users/bhavishyachallagolla/Desktop/RetailSense/.venv/lib/python3.12/site-packages/airflow/example_dags/example_latest_only.py
[2026-07-17T22:41:15.632+0530] {logging_mixin.py:190} INFO - [2026-07-17T22:41:15.632+0530] {dag.py:3239} INFO - Sync 1 DAGs
[2026-07-17T22:41:15.637+0530] {logging_mixin.py:190} INFO - [2026-07-17T22:41:15.637+0530] {dag.py:4180} INFO - Setting next_dagrun for latest_only to 2026-07-17 12:00:00+00:00, run_after=2026-07-17 16:00:00+00:00
[2026-07-17T22:41:15.641+0530] {processor.py:208} INFO - Processing /Users/bhavishyachallagolla/Desktop/RetailSense/.venv/lib/python3.12/site-packages/airflow/example_dags/example_latest_only.py took 0.038 seconds
[2026-07-17T22:42:56.288+0530] {processor.py:186} INFO - Started process (PID=93965) to work on /Users/bhavishyachallagolla/Desktop/RetailSense/.venv/lib/python3.12/site-packages/airflow/example_dags/example_latest_only.py
[2026-07-17T22:42:56.289+0530] {processor.py:914} INFO - Processing file /Users/bhavishyachallagolla/Desktop/RetailSense/.venv/lib/python3.12/site-packages/airflow/example_dags/example_latest_only.py for tasks to queue
[2026-07-17T22:42:56.289+0530] {logging_mixin.py:190} INFO - [2026-07-17T22:42:56.289+0530] {dagbag.py:588} INFO - Filling up the DagBag from /Users/bhavishyachallagolla/Desktop/RetailSense/.venv/lib/python3.12/site-packages/airflow/example_dags/example_latest_only.py
[2026-07-17T22:42:56.292+0530] {processor.py:925} INFO - DAG(s) 'latest_only' retrieved from /Users/bhavishyachallagolla/Desktop/RetailSense/.venv/lib/python3.12/site-packages/airflow/example_dags/example_latest_only.py
[2026-07-17T22:42:56.318+0530] {logging_mixin.py:190} INFO - [2026-07-17T22:42:56.318+0530] {dag.py:3239} INFO - Sync 1 DAGs
[2026-07-17T22:42:56.323+0530] {logging_mixin.py:190} INFO - [2026-07-17T22:42:56.323+0530] {dag.py:4180} INFO - Setting next_dagrun for latest_only to 2026-07-17 12:00:00+00:00, run_after=2026-07-17 16:00:00+00:00
[2026-07-17T22:42:56.329+0530] {processor.py:208} INFO - Processing /Users/bhavishyachallagolla/Desktop/RetailSense/.venv/lib/python3.12/site-packages/airflow/example_dags/example_latest_only.py took 0.042 seconds
[2026-07-17T22:44:37.318+0530] {processor.py:186} INFO - Started process (PID=94114) to work on /Users/bhavishyachallagolla/Desktop/RetailSense/.venv/lib/python3.12/site-packages/airflow/example_dags/example_latest_only.py
[2026-07-17T22:44:37.319+0530] {processor.py:914} INFO - Processing file /Users/bhavishyachallagolla/Desktop/RetailSense/.venv/lib/python3.12/site-packages/airflow/example_dags/example_latest_only.py for tasks to queue
[2026-07-17T22:44:37.319+0530] {logging_mixin.py:190} INFO - [2026-07-17T22:44:37.319+0530] {dagbag.py:588} INFO - Filling up the DagBag from /Users/bhavishyachallagolla/Desktop/RetailSense/.venv/lib/python3.12/site-packages/airflow/example_dags/example_latest_only.py
[2026-07-17T22:44:37.321+0530] {processor.py:925} INFO - DAG(s) 'latest_only' retrieved from /Users/bhavishyachallagolla/Desktop/RetailSense/.venv/lib/python3.12/site-packages/airflow/example_dags/example_latest_only.py
[2026-07-17T22:44:37.346+0530] {logging_mixin.py:190} INFO - [2026-07-17T22:44:37.346+0530] {dag.py:3239} INFO - Sync 1 DAGs
[2026-07-17T22:44:37.351+0530] {logging_mixin.py:190} INFO - [2026-07-17T22:44:37.351+0530] {dag.py:4180} INFO - Setting next_dagrun for latest_only to 2026-07-17 12:00:00+00:00, run_after=2026-07-17 16:00:00+00:00
[2026-07-17T22:44:37.356+0530] {processor.py:208} INFO - Processing /Users/bhavishyachallagolla/Desktop/RetailSense/.venv/lib/python3.12/site-packages/airflow/example_dags/example_latest_only.py took 0.038 seconds
[2026-07-17T22:46:13.748+0530] {processor.py:186} INFO - Started process (PID=94259) to work on /Users/bhavishyachallagolla/Desktop/RetailSense/.venv/lib/python3.12/site-packages/airflow/example_dags/example_latest_only.py
[2026-07-17T22:46:13.748+0530] {processor.py:914} INFO - Processing file /Users/bhavishyachallagolla/Desktop/RetailSense/.venv/lib/python3.12/site-packages/airflow/example_dags/example_latest_only.py for tasks to queue
[2026-07-17T22:46:13.749+0530] {logging_mixin.py:190} INFO - [2026-07-17T22:46:13.749+0530] {dagbag.py:588} INFO - Filling up the DagBag from /Users/bhavishyachallagolla/Desktop/RetailSense/.venv/lib/python3.12/site-packages/airflow/example_dags/example_latest_only.py
[2026-07-17T22:46:13.751+0530] {processor.py:925} INFO - DAG(s) 'latest_only' retrieved from /Users/bhavishyachallagolla/Desktop/RetailSense/.venv/lib/python3.12/site-packages/airflow/example_dags/example_latest_only.py
[2026-07-17T22:46:13.775+0530] {logging_mixin.py:190} INFO - [2026-07-17T22:46:13.775+0530] {dag.py:3239} INFO - Sync 1 DAGs
[2026-07-17T22:46:13.780+0530] {logging_mixin.py:190} INFO - [2026-07-17T22:46:13.780+0530] {dag.py:4180} INFO - Setting next_dagrun for latest_only to 2026-07-17 12:00:00+00:00, run_after=2026-07-17 16:00:00+00:00
[2026-07-17T22:46:13.785+0530] {processor.py:208} INFO - Processing /Users/bhavishyachallagolla/Desktop/RetailSense/.venv/lib/python3.12/site-packages/airflow/example_dags/example_latest_only.py took 0.038 seconds
[2026-07-17T22:47:53.074+0530] {processor.py:186} INFO - Started process (PID=94410) to work on /Users/bhavishyachallagolla/Desktop/RetailSense/.venv/lib/python3.12/site-packages/airflow/example_dags/example_latest_only.py
[2026-07-17T22:47:53.075+0530] {processor.py:914} INFO - Processing file /Users/bhavishyachallagolla/Desktop/RetailSense/.venv/lib/python3.12/site-packages/airflow/example_dags/example_latest_only.py for tasks to queue
[2026-07-17T22:47:53.075+0530] {logging_mixin.py:190} INFO - [2026-07-17T22:47:53.075+0530] {dagbag.py:588} INFO - Filling up the DagBag from /Users/bhavishyachallagolla/Desktop/RetailSense/.venv/lib/python3.12/site-packages/airflow/example_dags/example_latest_only.py
[2026-07-17T22:47:53.077+0530] {processor.py:925} INFO - DAG(s) 'latest_only' retrieved from /Users/bhavishyachallagolla/Desktop/RetailSense/.venv/lib/python3.12/site-packages/airflow/example_dags/example_latest_only.py
[2026-07-17T22:47:53.102+0530] {logging_mixin.py:190} INFO - [2026-07-17T22:47:53.102+0530] {dag.py:3239} INFO - Sync 1 DAGs
[2026-07-17T22:47:53.107+0530] {logging_mixin.py:190} INFO - [2026-07-17T22:47:53.107+0530] {dag.py:4180} INFO - Setting next_dagrun for latest_only to 2026-07-17 12:00:00+00:00, run_after=2026-07-17 16:00:00+00:00
[2026-07-17T22:47:53.111+0530] {processor.py:208} INFO - Processing /Users/bhavishyachallagolla/Desktop/RetailSense/.venv/lib/python3.12/site-packages/airflow/example_dags/example_latest_only.py took 0.038 seconds
[2026-07-17T22:49:50.943+0530] {processor.py:186} INFO - Started process (PID=94566) to work on /Users/bhavishyachallagolla/Desktop/RetailSense/.venv/lib/python3.12/site-packages/airflow/example_dags/example_latest_only.py
[2026-07-17T22:49:50.945+0530] {processor.py:914} INFO - Processing file /Users/bhavishyachallagolla/Desktop/RetailSense/.venv/lib/python3.12/site-packages/airflow/example_dags/example_latest_only.py for tasks to queue
[2026-07-17T22:49:50.945+0530] {logging_mixin.py:190} INFO - [2026-07-17T22:49:50.945+0530] {dagbag.py:588} INFO - Filling up the DagBag from /Users/bhavishyachallagolla/Desktop/RetailSense/.venv/lib/python3.12/site-packages/airflow/example_dags/example_latest_only.py
[2026-07-17T22:49:50.947+0530] {processor.py:925} INFO - DAG(s) 'latest_only' retrieved from /Users/bhavishyachallagolla/Desktop/RetailSense/.venv/lib/python3.12/site-packages/airflow/example_dags/example_latest_only.py
[2026-07-17T22:49:50.972+0530] {logging_mixin.py:190} INFO - [2026-07-17T22:49:50.972+0530] {dag.py:3239} INFO - Sync 1 DAGs
[2026-07-17T22:49:50.977+0530] {logging_mixin.py:190} INFO - [2026-07-17T22:49:50.977+0530] {dag.py:4180} INFO - Setting next_dagrun for latest_only to 2026-07-17 12:00:00+00:00, run_after=2026-07-17 16:00:00+00:00
[2026-07-17T22:49:50.981+0530] {processor.py:208} INFO - Processing /Users/bhavishyachallagolla/Desktop/RetailSense/.venv/lib/python3.12/site-packages/airflow/example_dags/example_latest_only.py took 0.039 seconds
[2026-07-17T22:51:28.810+0530] {processor.py:186} INFO - Started process (PID=94716) to work on /Users/bhavishyachallagolla/Desktop/RetailSense/.venv/lib/python3.12/site-packages/airflow/example_dags/example_latest_only.py
[2026-07-17T22:51:28.811+0530] {processor.py:914} INFO - Processing file /Users/bhavishyachallagolla/Desktop/RetailSense/.venv/lib/python3.12/site-packages/airflow/example_dags/example_latest_only.py for tasks to queue
[2026-07-17T22:51:28.812+0530] {logging_mixin.py:190} INFO - [2026-07-17T22:51:28.812+0530] {dagbag.py:588} INFO - Filling up the DagBag from /Users/bhavishyachallagolla/Desktop/RetailSense/.venv/lib/python3.12/site-packages/airflow/example_dags/example_latest_only.py
[2026-07-17T22:51:28.814+0530] {processor.py:925} INFO - DAG(s) 'latest_only' retrieved from /Users/bhavishyachallagolla/Desktop/RetailSense/.venv/lib/python3.12/site-packages/airflow/example_dags/example_latest_only.py
[2026-07-17T22:51:28.838+0530] {logging_mixin.py:190} INFO - [2026-07-17T22:51:28.838+0530] {dag.py:3239} INFO - Sync 1 DAGs
[2026-07-17T22:51:28.843+0530] {logging_mixin.py:190} INFO - [2026-07-17T22:51:28.843+0530] {dag.py:4180} INFO - Setting next_dagrun for latest_only to 2026-07-17 12:00:00+00:00, run_after=2026-07-17 16:00:00+00:00
[2026-07-17T22:51:28.848+0530] {processor.py:208} INFO - Processing /Users/bhavishyachallagolla/Desktop/RetailSense/.venv/lib/python3.12/site-packages/airflow/example_dags/example_latest_only.py took 0.038 seconds
[2026-07-17T22:53:06.080+0530] {processor.py:186} INFO - Started process (PID=94866) to work on /Users/bhavishyachallagolla/Desktop/RetailSense/.venv/lib/python3.12/site-packages/airflow/example_dags/example_latest_only.py
[2026-07-17T22:53:06.081+0530] {processor.py:914} INFO - Processing file /Users/bhavishyachallagolla/Desktop/RetailSense/.venv/lib/python3.12/site-packages/airflow/example_dags/example_latest_only.py for tasks to queue
[2026-07-17T22:53:06.081+0530] {logging_mixin.py:190} INFO - [2026-07-17T22:53:06.081+0530] {dagbag.py:588} INFO - Filling up the DagBag from /Users/bhavishyachallagolla/Desktop/RetailSense/.venv/lib/python3.12/site-packages/airflow/example_dags/example_latest_only.py
[2026-07-17T22:53:06.084+0530] {processor.py:925} INFO - DAG(s) 'latest_only' retrieved from /Users/bhavishyachallagolla/Desktop/RetailSense/.venv/lib/python3.12/site-packages/airflow/example_dags/example_latest_only.py
[2026-07-17T22:53:06.109+0530] {logging_mixin.py:190} INFO - [2026-07-17T22:53:06.109+0530] {dag.py:3239} INFO - Sync 1 DAGs
[2026-07-17T22:53:06.114+0530] {logging_mixin.py:190} INFO - [2026-07-17T22:53:06.114+0530] {dag.py:4180} INFO - Setting next_dagrun for latest_only to 2026-07-17 12:00:00+00:00, run_after=2026-07-17 16:00:00+00:00
[2026-07-17T22:53:06.118+0530] {processor.py:208} INFO - Processing /Users/bhavishyachallagolla/Desktop/RetailSense/.venv/lib/python3.12/site-packages/airflow/example_dags/example_latest_only.py took 0.039 seconds
[2026-07-17T22:54:46.063+0530] {processor.py:186} INFO - Started process (PID=95017) to work on /Users/bhavishyachallagolla/Desktop/RetailSense/.venv/lib/python3.12/site-packages/airflow/example_dags/example_latest_only.py
[2026-07-17T22:54:46.064+0530] {processor.py:914} INFO - Processing file /Users/bhavishyachallagolla/Desktop/RetailSense/.venv/lib/python3.12/site-packages/airflow/example_dags/example_latest_only.py for tasks to queue
[2026-07-17T22:54:46.064+0530] {logging_mixin.py:190} INFO - [2026-07-17T22:54:46.064+0530] {dagbag.py:588} INFO - Filling up the DagBag from /Users/bhavishyachallagolla/Desktop/RetailSense/.venv/lib/python3.12/site-packages/airflow/example_dags/example_latest_only.py
[2026-07-17T22:54:46.067+0530] {processor.py:925} INFO - DAG(s) 'latest_only' retrieved from /Users/bhavishyachallagolla/Desktop/RetailSense/.venv/lib/python3.12/site-packages/airflow/example_dags/example_latest_only.py
[2026-07-17T22:54:46.091+0530] {logging_mixin.py:190} INFO - [2026-07-17T22:54:46.091+0530] {dag.py:3239} INFO - Sync 1 DAGs
[2026-07-17T22:54:46.096+0530] {logging_mixin.py:190} INFO - [2026-07-17T22:54:46.096+0530] {dag.py:4180} INFO - Setting next_dagrun for latest_only to 2026-07-17 12:00:00+00:00, run_after=2026-07-17 16:00:00+00:00
[2026-07-17T22:54:46.100+0530] {processor.py:208} INFO - Processing /Users/bhavishyachallagolla/Desktop/RetailSense/.venv/lib/python3.12/site-packages/airflow/example_dags/example_latest_only.py took 0.038 seconds
[2026-07-17T22:56:25.772+0530] {processor.py:186} INFO - Started process (PID=95165) to work on /Users/bhavishyachallagolla/Desktop/RetailSense/.venv/lib/python3.12/site-packages/airflow/example_dags/example_latest_only.py
[2026-07-17T22:56:25.774+0530] {processor.py:914} INFO - Processing file /Users/bhavishyachallagolla/Desktop/RetailSense/.venv/lib/python3.12/site-packages/airflow/example_dags/example_latest_only.py for tasks to queue
[2026-07-17T22:56:25.774+0530] {logging_mixin.py:190} INFO - [2026-07-17T22:56:25.774+0530] {dagbag.py:588} INFO - Filling up the DagBag from /Users/bhavishyachallagolla/Desktop/RetailSense/.venv/lib/python3.12/site-packages/airflow/example_dags/example_latest_only.py
[2026-07-17T22:56:25.776+0530] {processor.py:925} INFO - DAG(s) 'latest_only' retrieved from /Users/bhavishyachallagolla/Desktop/RetailSense/.venv/lib/python3.12/site-packages/airflow/example_dags/example_latest_only.py
[2026-07-17T22:56:25.800+0530] {logging_mixin.py:190} INFO - [2026-07-17T22:56:25.800+0530] {dag.py:3239} INFO - Sync 1 DAGs
[2026-07-17T22:56:25.805+0530] {logging_mixin.py:190} INFO - [2026-07-17T22:56:25.805+0530] {dag.py:4180} INFO - Setting next_dagrun for latest_only to 2026-07-17 12:00:00+00:00, run_after=2026-07-17 16:00:00+00:00
[2026-07-17T22:56:25.810+0530] {processor.py:208} INFO - Processing /Users/bhavishyachallagolla/Desktop/RetailSense/.venv/lib/python3.12/site-packages/airflow/example_dags/example_latest_only.py took 0.038 seconds
[2026-07-17T22:58:05.044+0530] {processor.py:186} INFO - Started process (PID=95329) to work on /Users/bhavishyachallagolla/Desktop/RetailSense/.venv/lib/python3.12/site-packages/airflow/example_dags/example_latest_only.py
[2026-07-17T22:58:05.045+0530] {processor.py:914} INFO - Processing file /Users/bhavishyachallagolla/Desktop/RetailSense/.venv/lib/python3.12/site-packages/airflow/example_dags/example_latest_only.py for tasks to queue
[2026-07-17T22:58:05.045+0530] {logging_mixin.py:190} INFO - [2026-07-17T22:58:05.045+0530] {dagbag.py:588} INFO - Filling up the DagBag from /Users/bhavishyachallagolla/Desktop/RetailSense/.venv/lib/python3.12/site-packages/airflow/example_dags/example_latest_only.py
[2026-07-17T22:58:05.048+0530] {processor.py:925} INFO - DAG(s) 'latest_only' retrieved from /Users/bhavishyachallagolla/Desktop/RetailSense/.venv/lib/python3.12/site-packages/airflow/example_dags/example_latest_only.py
[2026-07-17T22:58:05.073+0530] {logging_mixin.py:190} INFO - [2026-07-17T22:58:05.073+0530] {dag.py:3239} INFO - Sync 1 DAGs
[2026-07-17T22:58:05.078+0530] {logging_mixin.py:190} INFO - [2026-07-17T22:58:05.078+0530] {dag.py:4180} INFO - Setting next_dagrun for latest_only to 2026-07-17 12:00:00+00:00, run_after=2026-07-17 16:00:00+00:00
[2026-07-17T22:58:05.083+0530] {processor.py:208} INFO - Processing /Users/bhavishyachallagolla/Desktop/RetailSense/.venv/lib/python3.12/site-packages/airflow/example_dags/example_latest_only.py took 0.040 seconds
[2026-07-17T23:00:51.344+0530] {processor.py:186} INFO - Started process (PID=95562) to work on /Users/bhavishyachallagolla/Desktop/RetailSense/.venv/lib/python3.12/site-packages/airflow/example_dags/example_latest_only.py
[2026-07-17T23:00:51.345+0530] {processor.py:914} INFO - Processing file /Users/bhavishyachallagolla/Desktop/RetailSense/.venv/lib/python3.12/site-packages/airflow/example_dags/example_latest_only.py for tasks to queue
[2026-07-17T23:00:51.345+0530] {logging_mixin.py:190} INFO - [2026-07-17T23:00:51.345+0530] {dagbag.py:588} INFO - Filling up the DagBag from /Users/bhavishyachallagolla/Desktop/RetailSense/.venv/lib/python3.12/site-packages/airflow/example_dags/example_latest_only.py
[2026-07-17T23:00:51.347+0530] {processor.py:925} INFO - DAG(s) 'latest_only' retrieved from /Users/bhavishyachallagolla/Desktop/RetailSense/.venv/lib/python3.12/site-packages/airflow/example_dags/example_latest_only.py
[2026-07-17T23:00:51.372+0530] {logging_mixin.py:190} INFO - [2026-07-17T23:00:51.372+0530] {dag.py:3239} INFO - Sync 1 DAGs
[2026-07-17T23:00:51.377+0530] {logging_mixin.py:190} INFO - [2026-07-17T23:00:51.377+0530] {dag.py:4180} INFO - Setting next_dagrun for latest_only to 2026-07-17 12:00:00+00:00, run_after=2026-07-17 16:00:00+00:00
[2026-07-17T23:00:51.382+0530] {processor.py:208} INFO - Processing /Users/bhavishyachallagolla/Desktop/RetailSense/.venv/lib/python3.12/site-packages/airflow/example_dags/example_latest_only.py took 0.039 seconds
[2026-07-17T23:02:34.871+0530] {processor.py:186} INFO - Started process (PID=95737) to work on /Users/bhavishyachallagolla/Desktop/RetailSense/.venv/lib/python3.12/site-packages/airflow/example_dags/example_latest_only.py
[2026-07-17T23:02:34.872+0530] {processor.py:914} INFO - Processing file /Users/bhavishyachallagolla/Desktop/RetailSense/.venv/lib/python3.12/site-packages/airflow/example_dags/example_latest_only.py for tasks to queue
[2026-07-17T23:02:34.872+0530] {logging_mixin.py:190} INFO - [2026-07-17T23:02:34.872+0530] {dagbag.py:588} INFO - Filling up the DagBag from /Users/bhavishyachallagolla/Desktop/RetailSense/.venv/lib/python3.12/site-packages/airflow/example_dags/example_latest_only.py
[2026-07-17T23:02:34.874+0530] {processor.py:925} INFO - DAG(s) 'latest_only' retrieved from /Users/bhavishyachallagolla/Desktop/RetailSense/.venv/lib/python3.12/site-packages/airflow/example_dags/example_latest_only.py
[2026-07-17T23:02:34.898+0530] {logging_mixin.py:190} INFO - [2026-07-17T23:02:34.898+0530] {dag.py:3239} INFO - Sync 1 DAGs
[2026-07-17T23:02:34.903+0530] {logging_mixin.py:190} INFO - [2026-07-17T23:02:34.903+0530] {dag.py:4180} INFO - Setting next_dagrun for latest_only to 2026-07-17 12:00:00+00:00, run_after=2026-07-17 16:00:00+00:00
[2026-07-17T23:02:34.908+0530] {processor.py:208} INFO - Processing /Users/bhavishyachallagolla/Desktop/RetailSense/.venv/lib/python3.12/site-packages/airflow/example_dags/example_latest_only.py took 0.037 seconds
[2026-07-17T23:04:14.431+0530] {processor.py:186} INFO - Started process (PID=95887) to work on /Users/bhavishyachallagolla/Desktop/RetailSense/.venv/lib/python3.12/site-packages/airflow/example_dags/example_latest_only.py
[2026-07-17T23:04:14.431+0530] {processor.py:914} INFO - Processing file /Users/bhavishyachallagolla/Desktop/RetailSense/.venv/lib/python3.12/site-packages/airflow/example_dags/example_latest_only.py for tasks to queue
[2026-07-17T23:04:14.432+0530] {logging_mixin.py:190} INFO - [2026-07-17T23:04:14.431+0530] {dagbag.py:588} INFO - Filling up the DagBag from /Users/bhavishyachallagolla/Desktop/RetailSense/.venv/lib/python3.12/site-packages/airflow/example_dags/example_latest_only.py
[2026-07-17T23:04:14.434+0530] {processor.py:925} INFO - DAG(s) 'latest_only' retrieved from /Users/bhavishyachallagolla/Desktop/RetailSense/.venv/lib/python3.12/site-packages/airflow/example_dags/example_latest_only.py
[2026-07-17T23:04:14.458+0530] {logging_mixin.py:190} INFO - [2026-07-17T23:04:14.458+0530] {dag.py:3239} INFO - Sync 1 DAGs
[2026-07-17T23:04:14.463+0530] {logging_mixin.py:190} INFO - [2026-07-17T23:04:14.463+0530] {dag.py:4180} INFO - Setting next_dagrun for latest_only to 2026-07-17 12:00:00+00:00, run_after=2026-07-17 16:00:00+00:00
[2026-07-17T23:04:14.468+0530] {processor.py:208} INFO - Processing /Users/bhavishyachallagolla/Desktop/RetailSense/.venv/lib/python3.12/site-packages/airflow/example_dags/example_latest_only.py took 0.038 seconds
[2026-07-17T23:05:54.534+0530] {processor.py:186} INFO - Started process (PID=96039) to work on /Users/bhavishyachallagolla/Desktop/RetailSense/.venv/lib/python3.12/site-packages/airflow/example_dags/example_latest_only.py
[2026-07-17T23:05:54.535+0530] {processor.py:914} INFO - Processing file /Users/bhavishyachallagolla/Desktop/RetailSense/.venv/lib/python3.12/site-packages/airflow/example_dags/example_latest_only.py for tasks to queue
[2026-07-17T23:05:54.535+0530] {logging_mixin.py:190} INFO - [2026-07-17T23:05:54.535+0530] {dagbag.py:588} INFO - Filling up the DagBag from /Users/bhavishyachallagolla/Desktop/RetailSense/.venv/lib/python3.12/site-packages/airflow/example_dags/example_latest_only.py
[2026-07-17T23:05:54.537+0530] {processor.py:925} INFO - DAG(s) 'latest_only' retrieved from /Users/bhavishyachallagolla/Desktop/RetailSense/.venv/lib/python3.12/site-packages/airflow/example_dags/example_latest_only.py
[2026-07-17T23:05:54.561+0530] {logging_mixin.py:190} INFO - [2026-07-17T23:05:54.561+0530] {dag.py:3239} INFO - Sync 1 DAGs
[2026-07-17T23:05:54.566+0530] {logging_mixin.py:190} INFO - [2026-07-17T23:05:54.566+0530] {dag.py:4180} INFO - Setting next_dagrun for latest_only to 2026-07-17 12:00:00+00:00, run_after=2026-07-17 16:00:00+00:00
[2026-07-17T23:05:54.571+0530] {processor.py:208} INFO - Processing /Users/bhavishyachallagolla/Desktop/RetailSense/.venv/lib/python3.12/site-packages/airflow/example_dags/example_latest_only.py took 0.038 seconds
[2026-07-17T23:07:35.556+0530] {processor.py:186} INFO - Started process (PID=96189) to work on /Users/bhavishyachallagolla/Desktop/RetailSense/.venv/lib/python3.12/site-packages/airflow/example_dags/example_latest_only.py
[2026-07-17T23:07:35.556+0530] {processor.py:914} INFO - Processing file /Users/bhavishyachallagolla/Desktop/RetailSense/.venv/lib/python3.12/site-packages/airflow/example_dags/example_latest_only.py for tasks to queue
[2026-07-17T23:07:35.557+0530] {logging_mixin.py:190} INFO - [2026-07-17T23:07:35.557+0530] {dagbag.py:588} INFO - Filling up the DagBag from /Users/bhavishyachallagolla/Desktop/RetailSense/.venv/lib/python3.12/site-packages/airflow/example_dags/example_latest_only.py
[2026-07-17T23:07:35.559+0530] {processor.py:925} INFO - DAG(s) 'latest_only' retrieved from /Users/bhavishyachallagolla/Desktop/RetailSense/.venv/lib/python3.12/site-packages/airflow/example_dags/example_latest_only.py
[2026-07-17T23:07:35.584+0530] {logging_mixin.py:190} INFO - [2026-07-17T23:07:35.584+0530] {dag.py:3239} INFO - Sync 1 DAGs
[2026-07-17T23:07:35.589+0530] {logging_mixin.py:190} INFO - [2026-07-17T23:07:35.589+0530] {dag.py:4180} INFO - Setting next_dagrun for latest_only to 2026-07-17 12:00:00+00:00, run_after=2026-07-17 16:00:00+00:00
[2026-07-17T23:07:35.593+0530] {processor.py:208} INFO - Processing /Users/bhavishyachallagolla/Desktop/RetailSense/.venv/lib/python3.12/site-packages/airflow/example_dags/example_latest_only.py took 0.038 seconds
[2026-07-17T23:09:15.476+0530] {processor.py:186} INFO - Started process (PID=96348) to work on /Users/bhavishyachallagolla/Desktop/RetailSense/.venv/lib/python3.12/site-packages/airflow/example_dags/example_latest_only.py
[2026-07-17T23:09:15.477+0530] {processor.py:914} INFO - Processing file /Users/bhavishyachallagolla/Desktop/RetailSense/.venv/lib/python3.12/site-packages/airflow/example_dags/example_latest_only.py for tasks to queue
[2026-07-17T23:09:15.477+0530] {logging_mixin.py:190} INFO - [2026-07-17T23:09:15.477+0530] {dagbag.py:588} INFO - Filling up the DagBag from /Users/bhavishyachallagolla/Desktop/RetailSense/.venv/lib/python3.12/site-packages/airflow/example_dags/example_latest_only.py
[2026-07-17T23:09:15.479+0530] {processor.py:925} INFO - DAG(s) 'latest_only' retrieved from /Users/bhavishyachallagolla/Desktop/RetailSense/.venv/lib/python3.12/site-packages/airflow/example_dags/example_latest_only.py
[2026-07-17T23:09:15.504+0530] {logging_mixin.py:190} INFO - [2026-07-17T23:09:15.504+0530] {dag.py:3239} INFO - Sync 1 DAGs
[2026-07-17T23:09:15.509+0530] {logging_mixin.py:190} INFO - [2026-07-17T23:09:15.509+0530] {dag.py:4180} INFO - Setting next_dagrun for latest_only to 2026-07-17 12:00:00+00:00, run_after=2026-07-17 16:00:00+00:00
[2026-07-17T23:09:15.514+0530] {processor.py:208} INFO - Processing /Users/bhavishyachallagolla/Desktop/RetailSense/.venv/lib/python3.12/site-packages/airflow/example_dags/example_latest_only.py took 0.039 seconds
[2026-07-17T23:10:53.574+0530] {processor.py:186} INFO - Started process (PID=96495) to work on /Users/bhavishyachallagolla/Desktop/RetailSense/.venv/lib/python3.12/site-packages/airflow/example_dags/example_latest_only.py
[2026-07-17T23:10:53.575+0530] {processor.py:914} INFO - Processing file /Users/bhavishyachallagolla/Desktop/RetailSense/.venv/lib/python3.12/site-packages/airflow/example_dags/example_latest_only.py for tasks to queue
[2026-07-17T23:10:53.575+0530] {logging_mixin.py:190} INFO - [2026-07-17T23:10:53.575+0530] {dagbag.py:588} INFO - Filling up the DagBag from /Users/bhavishyachallagolla/Desktop/RetailSense/.venv/lib/python3.12/site-packages/airflow/example_dags/example_latest_only.py
[2026-07-17T23:10:53.577+0530] {processor.py:925} INFO - DAG(s) 'latest_only' retrieved from /Users/bhavishyachallagolla/Desktop/RetailSense/.venv/lib/python3.12/site-packages/airflow/example_dags/example_latest_only.py
[2026-07-17T23:10:53.604+0530] {logging_mixin.py:190} INFO - [2026-07-17T23:10:53.603+0530] {dag.py:3239} INFO - Sync 1 DAGs
[2026-07-17T23:10:53.609+0530] {logging_mixin.py:190} INFO - [2026-07-17T23:10:53.609+0530] {dag.py:4180} INFO - Setting next_dagrun for latest_only to 2026-07-17 12:00:00+00:00, run_after=2026-07-17 16:00:00+00:00
[2026-07-17T23:10:53.614+0530] {processor.py:208} INFO - Processing /Users/bhavishyachallagolla/Desktop/RetailSense/.venv/lib/python3.12/site-packages/airflow/example_dags/example_latest_only.py took 0.041 seconds
[2026-07-17T23:12:31.380+0530] {processor.py:186} INFO - Started process (PID=96713) to work on /Users/bhavishyachallagolla/Desktop/RetailSense/.venv/lib/python3.12/site-packages/airflow/example_dags/example_latest_only.py
[2026-07-17T23:12:31.380+0530] {processor.py:914} INFO - Processing file /Users/bhavishyachallagolla/Desktop/RetailSense/.venv/lib/python3.12/site-packages/airflow/example_dags/example_latest_only.py for tasks to queue
[2026-07-17T23:12:31.380+0530] {logging_mixin.py:190} INFO - [2026-07-17T23:12:31.380+0530] {dagbag.py:588} INFO - Filling up the DagBag from /Users/bhavishyachallagolla/Desktop/RetailSense/.venv/lib/python3.12/site-packages/airflow/example_dags/example_latest_only.py
[2026-07-17T23:12:31.382+0530] {processor.py:925} INFO - DAG(s) 'latest_only' retrieved from /Users/bhavishyachallagolla/Desktop/RetailSense/.venv/lib/python3.12/site-packages/airflow/example_dags/example_latest_only.py
[2026-07-17T23:12:31.407+0530] {logging_mixin.py:190} INFO - [2026-07-17T23:12:31.407+0530] {dag.py:3239} INFO - Sync 1 DAGs
[2026-07-17T23:12:31.412+0530] {logging_mixin.py:190} INFO - [2026-07-17T23:12:31.412+0530] {dag.py:4180} INFO - Setting next_dagrun for latest_only to 2026-07-17 12:00:00+00:00, run_after=2026-07-17 16:00:00+00:00
[2026-07-17T23:12:31.416+0530] {processor.py:208} INFO - Processing /Users/bhavishyachallagolla/Desktop/RetailSense/.venv/lib/python3.12/site-packages/airflow/example_dags/example_latest_only.py took 0.038 seconds
[2026-07-17T23:14:12.077+0530] {processor.py:186} INFO - Started process (PID=96863) to work on /Users/bhavishyachallagolla/Desktop/RetailSense/.venv/lib/python3.12/site-packages/airflow/example_dags/example_latest_only.py
[2026-07-17T23:14:12.078+0530] {processor.py:914} INFO - Processing file /Users/bhavishyachallagolla/Desktop/RetailSense/.venv/lib/python3.12/site-packages/airflow/example_dags/example_latest_only.py for tasks to queue
[2026-07-17T23:14:12.078+0530] {logging_mixin.py:190} INFO - [2026-07-17T23:14:12.078+0530] {dagbag.py:588} INFO - Filling up the DagBag from /Users/bhavishyachallagolla/Desktop/RetailSense/.venv/lib/python3.12/site-packages/airflow/example_dags/example_latest_only.py
[2026-07-17T23:14:12.080+0530] {processor.py:925} INFO - DAG(s) 'latest_only' retrieved from /Users/bhavishyachallagolla/Desktop/RetailSense/.venv/lib/python3.12/site-packages/airflow/example_dags/example_latest_only.py
[2026-07-17T23:14:12.105+0530] {logging_mixin.py:190} INFO - [2026-07-17T23:14:12.105+0530] {dag.py:3239} INFO - Sync 1 DAGs
[2026-07-17T23:14:12.110+0530] {logging_mixin.py:190} INFO - [2026-07-17T23:14:12.110+0530] {dag.py:4180} INFO - Setting next_dagrun for latest_only to 2026-07-17 12:00:00+00:00, run_after=2026-07-17 16:00:00+00:00
[2026-07-17T23:14:12.114+0530] {processor.py:208} INFO - Processing /Users/bhavishyachallagolla/Desktop/RetailSense/.venv/lib/python3.12/site-packages/airflow/example_dags/example_latest_only.py took 0.038 seconds
[2026-07-17T23:15:55.837+0530] {processor.py:186} INFO - Started process (PID=97034) to work on /Users/bhavishyachallagolla/Desktop/RetailSense/.venv/lib/python3.12/site-packages/airflow/example_dags/example_latest_only.py
[2026-07-17T23:15:55.837+0530] {processor.py:914} INFO - Processing file /Users/bhavishyachallagolla/Desktop/RetailSense/.venv/lib/python3.12/site-packages/airflow/example_dags/example_latest_only.py for tasks to queue
[2026-07-17T23:15:55.838+0530] {logging_mixin.py:190} INFO - [2026-07-17T23:15:55.837+0530] {dagbag.py:588} INFO - Filling up the DagBag from /Users/bhavishyachallagolla/Desktop/RetailSense/.venv/lib/python3.12/site-packages/airflow/example_dags/example_latest_only.py
[2026-07-17T23:15:55.840+0530] {processor.py:925} INFO - DAG(s) 'latest_only' retrieved from /Users/bhavishyachallagolla/Desktop/RetailSense/.venv/lib/python3.12/site-packages/airflow/example_dags/example_latest_only.py
[2026-07-17T23:15:55.864+0530] {logging_mixin.py:190} INFO - [2026-07-17T23:15:55.864+0530] {dag.py:3239} INFO - Sync 1 DAGs
[2026-07-17T23:15:55.869+0530] {logging_mixin.py:190} INFO - [2026-07-17T23:15:55.869+0530] {dag.py:4180} INFO - Setting next_dagrun for latest_only to 2026-07-17 12:00:00+00:00, run_after=2026-07-17 16:00:00+00:00
[2026-07-17T23:15:55.874+0530] {processor.py:208} INFO - Processing /Users/bhavishyachallagolla/Desktop/RetailSense/.venv/lib/python3.12/site-packages/airflow/example_dags/example_latest_only.py took 0.038 seconds
[2026-07-17T23:17:37.074+0530] {processor.py:186} INFO - Started process (PID=97268) to work on /Users/bhavishyachallagolla/Desktop/RetailSense/.venv/lib/python3.12/site-packages/airflow/example_dags/example_latest_only.py
[2026-07-17T23:17:37.074+0530] {processor.py:914} INFO - Processing file /Users/bhavishyachallagolla/Desktop/RetailSense/.venv/lib/python3.12/site-packages/airflow/example_dags/example_latest_only.py for tasks to queue
[2026-07-17T23:17:37.074+0530] {logging_mixin.py:190} INFO - [2026-07-17T23:17:37.074+0530] {dagbag.py:588} INFO - Filling up the DagBag from /Users/bhavishyachallagolla/Desktop/RetailSense/.venv/lib/python3.12/site-packages/airflow/example_dags/example_latest_only.py
[2026-07-17T23:17:37.077+0530] {processor.py:925} INFO - DAG(s) 'latest_only' retrieved from /Users/bhavishyachallagolla/Desktop/RetailSense/.venv/lib/python3.12/site-packages/airflow/example_dags/example_latest_only.py
[2026-07-17T23:17:37.102+0530] {logging_mixin.py:190} INFO - [2026-07-17T23:17:37.102+0530] {dag.py:3239} INFO - Sync 1 DAGs
[2026-07-17T23:17:37.107+0530] {logging_mixin.py:190} INFO - [2026-07-17T23:17:37.107+0530] {dag.py:4180} INFO - Setting next_dagrun for latest_only to 2026-07-17 12:00:00+00:00, run_after=2026-07-17 16:00:00+00:00
[2026-07-17T23:17:37.112+0530] {processor.py:208} INFO - Processing /Users/bhavishyachallagolla/Desktop/RetailSense/.venv/lib/python3.12/site-packages/airflow/example_dags/example_latest_only.py took 0.039 seconds
[2026-07-17T23:19:20.634+0530] {processor.py:186} INFO - Started process (PID=97444) to work on /Users/bhavishyachallagolla/Desktop/RetailSense/.venv/lib/python3.12/site-packages/airflow/example_dags/example_latest_only.py
[2026-07-17T23:19:20.635+0530] {processor.py:914} INFO - Processing file /Users/bhavishyachallagolla/Desktop/RetailSense/.venv/lib/python3.12/site-packages/airflow/example_dags/example_latest_only.py for tasks to queue
[2026-07-17T23:19:20.635+0530] {logging_mixin.py:190} INFO - [2026-07-17T23:19:20.635+0530] {dagbag.py:588} INFO - Filling up the DagBag from /Users/bhavishyachallagolla/Desktop/RetailSense/.venv/lib/python3.12/site-packages/airflow/example_dags/example_latest_only.py
[2026-07-17T23:19:20.637+0530] {processor.py:925} INFO - DAG(s) 'latest_only' retrieved from /Users/bhavishyachallagolla/Desktop/RetailSense/.venv/lib/python3.12/site-packages/airflow/example_dags/example_latest_only.py
[2026-07-17T23:19:20.662+0530] {logging_mixin.py:190} INFO - [2026-07-17T23:19:20.662+0530] {dag.py:3239} INFO - Sync 1 DAGs
[2026-07-17T23:19:20.667+0530] {logging_mixin.py:190} INFO - [2026-07-17T23:19:20.667+0530] {dag.py:4180} INFO - Setting next_dagrun for latest_only to 2026-07-17 12:00:00+00:00, run_after=2026-07-17 16:00:00+00:00
[2026-07-17T23:19:20.672+0530] {processor.py:208} INFO - Processing /Users/bhavishyachallagolla/Desktop/RetailSense/.venv/lib/python3.12/site-packages/airflow/example_dags/example_latest_only.py took 0.038 seconds
[2026-07-17T23:21:00.995+0530] {processor.py:186} INFO - Started process (PID=97595) to work on /Users/bhavishyachallagolla/Desktop/RetailSense/.venv/lib/python3.12/site-packages/airflow/example_dags/example_latest_only.py
[2026-07-17T23:21:00.996+0530] {processor.py:914} INFO - Processing file /Users/bhavishyachallagolla/Desktop/RetailSense/.venv/lib/python3.12/site-packages/airflow/example_dags/example_latest_only.py for tasks to queue
[2026-07-17T23:21:00.996+0530] {logging_mixin.py:190} INFO - [2026-07-17T23:21:00.996+0530] {dagbag.py:588} INFO - Filling up the DagBag from /Users/bhavishyachallagolla/Desktop/RetailSense/.venv/lib/python3.12/site-packages/airflow/example_dags/example_latest_only.py
[2026-07-17T23:21:00.998+0530] {processor.py:925} INFO - DAG(s) 'latest_only' retrieved from /Users/bhavishyachallagolla/Desktop/RetailSense/.venv/lib/python3.12/site-packages/airflow/example_dags/example_latest_only.py
[2026-07-17T23:21:01.022+0530] {logging_mixin.py:190} INFO - [2026-07-17T23:21:01.022+0530] {dag.py:3239} INFO - Sync 1 DAGs
[2026-07-17T23:21:01.027+0530] {logging_mixin.py:190} INFO - [2026-07-17T23:21:01.027+0530] {dag.py:4180} INFO - Setting next_dagrun for latest_only to 2026-07-17 12:00:00+00:00, run_after=2026-07-17 16:00:00+00:00
[2026-07-17T23:21:01.032+0530] {processor.py:208} INFO - Processing /Users/bhavishyachallagolla/Desktop/RetailSense/.venv/lib/python3.12/site-packages/airflow/example_dags/example_latest_only.py took 0.037 seconds
[2026-07-17T23:22:42.892+0530] {processor.py:186} INFO - Started process (PID=97747) to work on /Users/bhavishyachallagolla/Desktop/RetailSense/.venv/lib/python3.12/site-packages/airflow/example_dags/example_latest_only.py
[2026-07-17T23:22:42.892+0530] {processor.py:914} INFO - Processing file /Users/bhavishyachallagolla/Desktop/RetailSense/.venv/lib/python3.12/site-packages/airflow/example_dags/example_latest_only.py for tasks to queue
[2026-07-17T23:22:42.893+0530] {logging_mixin.py:190} INFO - [2026-07-17T23:22:42.893+0530] {dagbag.py:588} INFO - Filling up the DagBag from /Users/bhavishyachallagolla/Desktop/RetailSense/.venv/lib/python3.12/site-packages/airflow/example_dags/example_latest_only.py
[2026-07-17T23:22:42.895+0530] {processor.py:925} INFO - DAG(s) 'latest_only' retrieved from /Users/bhavishyachallagolla/Desktop/RetailSense/.venv/lib/python3.12/site-packages/airflow/example_dags/example_latest_only.py
[2026-07-17T23:22:42.920+0530] {logging_mixin.py:190} INFO - [2026-07-17T23:22:42.919+0530] {dag.py:3239} INFO - Sync 1 DAGs
[2026-07-17T23:22:42.924+0530] {logging_mixin.py:190} INFO - [2026-07-17T23:22:42.924+0530] {dag.py:4180} INFO - Setting next_dagrun for latest_only to 2026-07-17 12:00:00+00:00, run_after=2026-07-17 16:00:00+00:00
[2026-07-17T23:22:42.929+0530] {processor.py:208} INFO - Processing /Users/bhavishyachallagolla/Desktop/RetailSense/.venv/lib/python3.12/site-packages/airflow/example_dags/example_latest_only.py took 0.038 seconds
[2026-07-17T23:24:23.238+0530] {processor.py:186} INFO - Started process (PID=97897) to work on /Users/bhavishyachallagolla/Desktop/RetailSense/.venv/lib/python3.12/site-packages/airflow/example_dags/example_latest_only.py
[2026-07-17T23:24:23.239+0530] {processor.py:914} INFO - Processing file /Users/bhavishyachallagolla/Desktop/RetailSense/.venv/lib/python3.12/site-packages/airflow/example_dags/example_latest_only.py for tasks to queue
[2026-07-17T23:24:23.239+0530] {logging_mixin.py:190} INFO - [2026-07-17T23:24:23.239+0530] {dagbag.py:588} INFO - Filling up the DagBag from /Users/bhavishyachallagolla/Desktop/RetailSense/.venv/lib/python3.12/site-packages/airflow/example_dags/example_latest_only.py
[2026-07-17T23:24:23.241+0530] {processor.py:925} INFO - DAG(s) 'latest_only' retrieved from /Users/bhavishyachallagolla/Desktop/RetailSense/.venv/lib/python3.12/site-packages/airflow/example_dags/example_latest_only.py
[2026-07-17T23:24:23.265+0530] {logging_mixin.py:190} INFO - [2026-07-17T23:24:23.265+0530] {dag.py:3239} INFO - Sync 1 DAGs
[2026-07-17T23:24:23.270+0530] {logging_mixin.py:190} INFO - [2026-07-17T23:24:23.270+0530] {dag.py:4180} INFO - Setting next_dagrun for latest_only to 2026-07-17 12:00:00+00:00, run_after=2026-07-17 16:00:00+00:00
[2026-07-17T23:24:23.274+0530] {processor.py:208} INFO - Processing /Users/bhavishyachallagolla/Desktop/RetailSense/.venv/lib/python3.12/site-packages/airflow/example_dags/example_latest_only.py took 0.037 seconds
[2026-07-17T23:26:03.329+0530] {processor.py:186} INFO - Started process (PID=98048) to work on /Users/bhavishyachallagolla/Desktop/RetailSense/.venv/lib/python3.12/site-packages/airflow/example_dags/example_latest_only.py
[2026-07-17T23:26:03.330+0530] {processor.py:914} INFO - Processing file /Users/bhavishyachallagolla/Desktop/RetailSense/.venv/lib/python3.12/site-packages/airflow/example_dags/example_latest_only.py for tasks to queue
[2026-07-17T23:26:03.330+0530] {logging_mixin.py:190} INFO - [2026-07-17T23:26:03.330+0530] {dagbag.py:588} INFO - Filling up the DagBag from /Users/bhavishyachallagolla/Desktop/RetailSense/.venv/lib/python3.12/site-packages/airflow/example_dags/example_latest_only.py
[2026-07-17T23:26:03.332+0530] {processor.py:925} INFO - DAG(s) 'latest_only' retrieved from /Users/bhavishyachallagolla/Desktop/RetailSense/.venv/lib/python3.12/site-packages/airflow/example_dags/example_latest_only.py
[2026-07-17T23:26:03.357+0530] {logging_mixin.py:190} INFO - [2026-07-17T23:26:03.357+0530] {dag.py:3239} INFO - Sync 1 DAGs
[2026-07-17T23:26:03.362+0530] {logging_mixin.py:190} INFO - [2026-07-17T23:26:03.362+0530] {dag.py:4180} INFO - Setting next_dagrun for latest_only to 2026-07-17 12:00:00+00:00, run_after=2026-07-17 16:00:00+00:00
[2026-07-17T23:26:03.367+0530] {processor.py:208} INFO - Processing /Users/bhavishyachallagolla/Desktop/RetailSense/.venv/lib/python3.12/site-packages/airflow/example_dags/example_latest_only.py took 0.039 seconds
[2026-07-17T23:27:47.705+0530] {processor.py:186} INFO - Started process (PID=98211) to work on /Users/bhavishyachallagolla/Desktop/RetailSense/.venv/lib/python3.12/site-packages/airflow/example_dags/example_latest_only.py
[2026-07-17T23:27:47.705+0530] {processor.py:914} INFO - Processing file /Users/bhavishyachallagolla/Desktop/RetailSense/.venv/lib/python3.12/site-packages/airflow/example_dags/example_latest_only.py for tasks to queue
[2026-07-17T23:27:47.706+0530] {logging_mixin.py:190} INFO - [2026-07-17T23:27:47.705+0530] {dagbag.py:588} INFO - Filling up the DagBag from /Users/bhavishyachallagolla/Desktop/RetailSense/.venv/lib/python3.12/site-packages/airflow/example_dags/example_latest_only.py
[2026-07-17T23:27:47.708+0530] {processor.py:925} INFO - DAG(s) 'latest_only' retrieved from /Users/bhavishyachallagolla/Desktop/RetailSense/.venv/lib/python3.12/site-packages/airflow/example_dags/example_latest_only.py
[2026-07-17T23:27:47.733+0530] {logging_mixin.py:190} INFO - [2026-07-17T23:27:47.733+0530] {dag.py:3239} INFO - Sync 1 DAGs
[2026-07-17T23:27:47.738+0530] {logging_mixin.py:190} INFO - [2026-07-17T23:27:47.738+0530] {dag.py:4180} INFO - Setting next_dagrun for latest_only to 2026-07-17 12:00:00+00:00, run_after=2026-07-17 16:00:00+00:00
[2026-07-17T23:27:47.743+0530] {processor.py:208} INFO - Processing /Users/bhavishyachallagolla/Desktop/RetailSense/.venv/lib/python3.12/site-packages/airflow/example_dags/example_latest_only.py took 0.039 seconds
[2026-07-17T23:29:28.918+0530] {processor.py:186} INFO - Started process (PID=98360) to work on /Users/bhavishyachallagolla/Desktop/RetailSense/.venv/lib/python3.12/site-packages/airflow/example_dags/example_latest_only.py
[2026-07-17T23:29:28.919+0530] {processor.py:914} INFO - Processing file /Users/bhavishyachallagolla/Desktop/RetailSense/.venv/lib/python3.12/site-packages/airflow/example_dags/example_latest_only.py for tasks to queue
[2026-07-17T23:29:28.920+0530] {logging_mixin.py:190} INFO - [2026-07-17T23:29:28.920+0530] {dagbag.py:588} INFO - Filling up the DagBag from /Users/bhavishyachallagolla/Desktop/RetailSense/.venv/lib/python3.12/site-packages/airflow/example_dags/example_latest_only.py
[2026-07-17T23:29:28.922+0530] {processor.py:925} INFO - DAG(s) 'latest_only' retrieved from /Users/bhavishyachallagolla/Desktop/RetailSense/.venv/lib/python3.12/site-packages/airflow/example_dags/example_latest_only.py
[2026-07-17T23:29:28.947+0530] {logging_mixin.py:190} INFO - [2026-07-17T23:29:28.947+0530] {dag.py:3239} INFO - Sync 1 DAGs
[2026-07-17T23:29:28.952+0530] {logging_mixin.py:190} INFO - [2026-07-17T23:29:28.952+0530] {dag.py:4180} INFO - Setting next_dagrun for latest_only to 2026-07-17 12:00:00+00:00, run_after=2026-07-17 16:00:00+00:00
[2026-07-17T23:29:28.956+0530] {processor.py:208} INFO - Processing /Users/bhavishyachallagolla/Desktop/RetailSense/.venv/lib/python3.12/site-packages/airflow/example_dags/example_latest_only.py took 0.039 seconds
[2026-07-17T23:31:13.255+0530] {processor.py:186} INFO - Started process (PID=98563) to work on /Users/bhavishyachallagolla/Desktop/RetailSense/.venv/lib/python3.12/site-packages/airflow/example_dags/example_latest_only.py
[2026-07-17T23:31:13.256+0530] {processor.py:914} INFO - Processing file /Users/bhavishyachallagolla/Desktop/RetailSense/.venv/lib/python3.12/site-packages/airflow/example_dags/example_latest_only.py for tasks to queue
[2026-07-17T23:31:13.257+0530] {logging_mixin.py:190} INFO - [2026-07-17T23:31:13.257+0530] {dagbag.py:588} INFO - Filling up the DagBag from /Users/bhavishyachallagolla/Desktop/RetailSense/.venv/lib/python3.12/site-packages/airflow/example_dags/example_latest_only.py
[2026-07-17T23:31:13.259+0530] {processor.py:925} INFO - DAG(s) 'latest_only' retrieved from /Users/bhavishyachallagolla/Desktop/RetailSense/.venv/lib/python3.12/site-packages/airflow/example_dags/example_latest_only.py
[2026-07-17T23:31:13.284+0530] {logging_mixin.py:190} INFO - [2026-07-17T23:31:13.284+0530] {dag.py:3239} INFO - Sync 1 DAGs
[2026-07-17T23:31:13.289+0530] {logging_mixin.py:190} INFO - [2026-07-17T23:31:13.289+0530] {dag.py:4180} INFO - Setting next_dagrun for latest_only to 2026-07-17 12:00:00+00:00, run_after=2026-07-17 16:00:00+00:00
[2026-07-17T23:31:13.293+0530] {processor.py:208} INFO - Processing /Users/bhavishyachallagolla/Desktop/RetailSense/.venv/lib/python3.12/site-packages/airflow/example_dags/example_latest_only.py took 0.039 seconds
[2026-07-17T23:33:04.141+0530] {processor.py:186} INFO - Started process (PID=98730) to work on /Users/bhavishyachallagolla/Desktop/RetailSense/.venv/lib/python3.12/site-packages/airflow/example_dags/example_latest_only.py
[2026-07-17T23:33:04.141+0530] {processor.py:914} INFO - Processing file /Users/bhavishyachallagolla/Desktop/RetailSense/.venv/lib/python3.12/site-packages/airflow/example_dags/example_latest_only.py for tasks to queue
[2026-07-17T23:33:04.142+0530] {logging_mixin.py:190} INFO - [2026-07-17T23:33:04.142+0530] {dagbag.py:588} INFO - Filling up the DagBag from /Users/bhavishyachallagolla/Desktop/RetailSense/.venv/lib/python3.12/site-packages/airflow/example_dags/example_latest_only.py
[2026-07-17T23:33:04.144+0530] {processor.py:925} INFO - DAG(s) 'latest_only' retrieved from /Users/bhavishyachallagolla/Desktop/RetailSense/.venv/lib/python3.12/site-packages/airflow/example_dags/example_latest_only.py
[2026-07-17T23:33:04.169+0530] {logging_mixin.py:190} INFO - [2026-07-17T23:33:04.169+0530] {dag.py:3239} INFO - Sync 1 DAGs
[2026-07-17T23:33:04.174+0530] {logging_mixin.py:190} INFO - [2026-07-17T23:33:04.174+0530] {dag.py:4180} INFO - Setting next_dagrun for latest_only to 2026-07-17 12:00:00+00:00, run_after=2026-07-17 16:00:00+00:00
[2026-07-17T23:33:04.179+0530] {processor.py:208} INFO - Processing /Users/bhavishyachallagolla/Desktop/RetailSense/.venv/lib/python3.12/site-packages/airflow/example_dags/example_latest_only.py took 0.039 seconds
[2026-07-17T23:34:49.369+0530] {processor.py:186} INFO - Started process (PID=98900) to work on /Users/bhavishyachallagolla/Desktop/RetailSense/.venv/lib/python3.12/site-packages/airflow/example_dags/example_latest_only.py
[2026-07-17T23:34:49.369+0530] {processor.py:914} INFO - Processing file /Users/bhavishyachallagolla/Desktop/RetailSense/.venv/lib/python3.12/site-packages/airflow/example_dags/example_latest_only.py for tasks to queue
[2026-07-17T23:34:49.369+0530] {logging_mixin.py:190} INFO - [2026-07-17T23:34:49.369+0530] {dagbag.py:588} INFO - Filling up the DagBag from /Users/bhavishyachallagolla/Desktop/RetailSense/.venv/lib/python3.12/site-packages/airflow/example_dags/example_latest_only.py
[2026-07-17T23:34:49.371+0530] {processor.py:925} INFO - DAG(s) 'latest_only' retrieved from /Users/bhavishyachallagolla/Desktop/RetailSense/.venv/lib/python3.12/site-packages/airflow/example_dags/example_latest_only.py
[2026-07-17T23:34:49.396+0530] {logging_mixin.py:190} INFO - [2026-07-17T23:34:49.396+0530] {dag.py:3239} INFO - Sync 1 DAGs
[2026-07-17T23:34:49.401+0530] {logging_mixin.py:190} INFO - [2026-07-17T23:34:49.401+0530] {dag.py:4180} INFO - Setting next_dagrun for latest_only to 2026-07-17 12:00:00+00:00, run_after=2026-07-17 16:00:00+00:00
[2026-07-17T23:34:49.405+0530] {processor.py:208} INFO - Processing /Users/bhavishyachallagolla/Desktop/RetailSense/.venv/lib/python3.12/site-packages/airflow/example_dags/example_latest_only.py took 0.038 seconds
[2026-07-17T23:36:30.503+0530] {processor.py:186} INFO - Started process (PID=99052) to work on /Users/bhavishyachallagolla/Desktop/RetailSense/.venv/lib/python3.12/site-packages/airflow/example_dags/example_latest_only.py
[2026-07-17T23:36:30.504+0530] {processor.py:914} INFO - Processing file /Users/bhavishyachallagolla/Desktop/RetailSense/.venv/lib/python3.12/site-packages/airflow/example_dags/example_latest_only.py for tasks to queue
[2026-07-17T23:36:30.504+0530] {logging_mixin.py:190} INFO - [2026-07-17T23:36:30.504+0530] {dagbag.py:588} INFO - Filling up the DagBag from /Users/bhavishyachallagolla/Desktop/RetailSense/.venv/lib/python3.12/site-packages/airflow/example_dags/example_latest_only.py
[2026-07-17T23:36:30.506+0530] {processor.py:925} INFO - DAG(s) 'latest_only' retrieved from /Users/bhavishyachallagolla/Desktop/RetailSense/.venv/lib/python3.12/site-packages/airflow/example_dags/example_latest_only.py
[2026-07-17T23:36:30.531+0530] {logging_mixin.py:190} INFO - [2026-07-17T23:36:30.531+0530] {dag.py:3239} INFO - Sync 1 DAGs
[2026-07-17T23:36:30.536+0530] {logging_mixin.py:190} INFO - [2026-07-17T23:36:30.536+0530] {dag.py:4180} INFO - Setting next_dagrun for latest_only to 2026-07-17 12:00:00+00:00, run_after=2026-07-17 16:00:00+00:00
[2026-07-17T23:36:30.541+0530] {processor.py:208} INFO - Processing /Users/bhavishyachallagolla/Desktop/RetailSense/.venv/lib/python3.12/site-packages/airflow/example_dags/example_latest_only.py took 0.038 seconds
[2026-07-17T23:38:12.276+0530] {processor.py:186} INFO - Started process (PID=99214) to work on /Users/bhavishyachallagolla/Desktop/RetailSense/.venv/lib/python3.12/site-packages/airflow/example_dags/example_latest_only.py
[2026-07-17T23:38:12.276+0530] {processor.py:914} INFO - Processing file /Users/bhavishyachallagolla/Desktop/RetailSense/.venv/lib/python3.12/site-packages/airflow/example_dags/example_latest_only.py for tasks to queue
[2026-07-17T23:38:12.277+0530] {logging_mixin.py:190} INFO - [2026-07-17T23:38:12.277+0530] {dagbag.py:588} INFO - Filling up the DagBag from /Users/bhavishyachallagolla/Desktop/RetailSense/.venv/lib/python3.12/site-packages/airflow/example_dags/example_latest_only.py
[2026-07-17T23:38:12.279+0530] {processor.py:925} INFO - DAG(s) 'latest_only' retrieved from /Users/bhavishyachallagolla/Desktop/RetailSense/.venv/lib/python3.12/site-packages/airflow/example_dags/example_latest_only.py
[2026-07-17T23:38:12.304+0530] {logging_mixin.py:190} INFO - [2026-07-17T23:38:12.304+0530] {dag.py:3239} INFO - Sync 1 DAGs
[2026-07-17T23:38:12.309+0530] {logging_mixin.py:190} INFO - [2026-07-17T23:38:12.309+0530] {dag.py:4180} INFO - Setting next_dagrun for latest_only to 2026-07-17 12:00:00+00:00, run_after=2026-07-17 16:00:00+00:00
[2026-07-17T23:38:12.314+0530] {processor.py:208} INFO - Processing /Users/bhavishyachallagolla/Desktop/RetailSense/.venv/lib/python3.12/site-packages/airflow/example_dags/example_latest_only.py took 0.039 seconds
[2026-07-17T23:39:54.052+0530] {processor.py:186} INFO - Started process (PID=99364) to work on /Users/bhavishyachallagolla/Desktop/RetailSense/.venv/lib/python3.12/site-packages/airflow/example_dags/example_latest_only.py
[2026-07-17T23:39:54.052+0530] {processor.py:914} INFO - Processing file /Users/bhavishyachallagolla/Desktop/RetailSense/.venv/lib/python3.12/site-packages/airflow/example_dags/example_latest_only.py for tasks to queue
[2026-07-17T23:39:54.052+0530] {logging_mixin.py:190} INFO - [2026-07-17T23:39:54.052+0530] {dagbag.py:588} INFO - Filling up the DagBag from /Users/bhavishyachallagolla/Desktop/RetailSense/.venv/lib/python3.12/site-packages/airflow/example_dags/example_latest_only.py
[2026-07-17T23:39:54.055+0530] {processor.py:925} INFO - DAG(s) 'latest_only' retrieved from /Users/bhavishyachallagolla/Desktop/RetailSense/.venv/lib/python3.12/site-packages/airflow/example_dags/example_latest_only.py
[2026-07-17T23:39:54.080+0530] {logging_mixin.py:190} INFO - [2026-07-17T23:39:54.080+0530] {dag.py:3239} INFO - Sync 1 DAGs
[2026-07-17T23:39:54.086+0530] {logging_mixin.py:190} INFO - [2026-07-17T23:39:54.086+0530] {dag.py:4180} INFO - Setting next_dagrun for latest_only to 2026-07-17 12:00:00+00:00, run_after=2026-07-17 16:00:00+00:00
[2026-07-17T23:39:54.091+0530] {processor.py:208} INFO - Processing /Users/bhavishyachallagolla/Desktop/RetailSense/.venv/lib/python3.12/site-packages/airflow/example_dags/example_latest_only.py took 0.040 seconds
[2026-07-17T23:41:39.029+0530] {processor.py:186} INFO - Started process (PID=99525) to work on /Users/bhavishyachallagolla/Desktop/RetailSense/.venv/lib/python3.12/site-packages/airflow/example_dags/example_latest_only.py
[2026-07-17T23:41:39.030+0530] {processor.py:914} INFO - Processing file /Users/bhavishyachallagolla/Desktop/RetailSense/.venv/lib/python3.12/site-packages/airflow/example_dags/example_latest_only.py for tasks to queue
[2026-07-17T23:41:39.031+0530] {logging_mixin.py:190} INFO - [2026-07-17T23:41:39.031+0530] {dagbag.py:588} INFO - Filling up the DagBag from /Users/bhavishyachallagolla/Desktop/RetailSense/.venv/lib/python3.12/site-packages/airflow/example_dags/example_latest_only.py
[2026-07-17T23:41:39.033+0530] {processor.py:925} INFO - DAG(s) 'latest_only' retrieved from /Users/bhavishyachallagolla/Desktop/RetailSense/.venv/lib/python3.12/site-packages/airflow/example_dags/example_latest_only.py
[2026-07-17T23:41:39.059+0530] {logging_mixin.py:190} INFO - [2026-07-17T23:41:39.059+0530] {dag.py:3239} INFO - Sync 1 DAGs
[2026-07-17T23:41:39.064+0530] {logging_mixin.py:190} INFO - [2026-07-17T23:41:39.064+0530] {dag.py:4180} INFO - Setting next_dagrun for latest_only to 2026-07-17 12:00:00+00:00, run_after=2026-07-17 16:00:00+00:00
[2026-07-17T23:41:39.068+0530] {processor.py:208} INFO - Processing /Users/bhavishyachallagolla/Desktop/RetailSense/.venv/lib/python3.12/site-packages/airflow/example_dags/example_latest_only.py took 0.040 seconds
[2026-07-17T23:43:17.991+0530] {processor.py:186} INFO - Started process (PID=99678) to work on /Users/bhavishyachallagolla/Desktop/RetailSense/.venv/lib/python3.12/site-packages/airflow/example_dags/example_latest_only.py
[2026-07-17T23:43:17.992+0530] {processor.py:914} INFO - Processing file /Users/bhavishyachallagolla/Desktop/RetailSense/.venv/lib/python3.12/site-packages/airflow/example_dags/example_latest_only.py for tasks to queue
[2026-07-17T23:43:17.992+0530] {logging_mixin.py:190} INFO - [2026-07-17T23:43:17.992+0530] {dagbag.py:588} INFO - Filling up the DagBag from /Users/bhavishyachallagolla/Desktop/RetailSense/.venv/lib/python3.12/site-packages/airflow/example_dags/example_latest_only.py
[2026-07-17T23:43:17.995+0530] {processor.py:925} INFO - DAG(s) 'latest_only' retrieved from /Users/bhavishyachallagolla/Desktop/RetailSense/.venv/lib/python3.12/site-packages/airflow/example_dags/example_latest_only.py
[2026-07-17T23:43:18.020+0530] {logging_mixin.py:190} INFO - [2026-07-17T23:43:18.020+0530] {dag.py:3239} INFO - Sync 1 DAGs
[2026-07-17T23:43:18.025+0530] {logging_mixin.py:190} INFO - [2026-07-17T23:43:18.025+0530] {dag.py:4180} INFO - Setting next_dagrun for latest_only to 2026-07-17 12:00:00+00:00, run_after=2026-07-17 16:00:00+00:00
[2026-07-17T23:43:18.029+0530] {processor.py:208} INFO - Processing /Users/bhavishyachallagolla/Desktop/RetailSense/.venv/lib/python3.12/site-packages/airflow/example_dags/example_latest_only.py took 0.039 seconds
[2026-07-17T23:44:59.258+0530] {processor.py:186} INFO - Started process (PID=99833) to work on /Users/bhavishyachallagolla/Desktop/RetailSense/.venv/lib/python3.12/site-packages/airflow/example_dags/example_latest_only.py
[2026-07-17T23:44:59.259+0530] {processor.py:914} INFO - Processing file /Users/bhavishyachallagolla/Desktop/RetailSense/.venv/lib/python3.12/site-packages/airflow/example_dags/example_latest_only.py for tasks to queue
[2026-07-17T23:44:59.259+0530] {logging_mixin.py:190} INFO - [2026-07-17T23:44:59.259+0530] {dagbag.py:588} INFO - Filling up the DagBag from /Users/bhavishyachallagolla/Desktop/RetailSense/.venv/lib/python3.12/site-packages/airflow/example_dags/example_latest_only.py
[2026-07-17T23:44:59.261+0530] {processor.py:925} INFO - DAG(s) 'latest_only' retrieved from /Users/bhavishyachallagolla/Desktop/RetailSense/.venv/lib/python3.12/site-packages/airflow/example_dags/example_latest_only.py
[2026-07-17T23:44:59.286+0530] {logging_mixin.py:190} INFO - [2026-07-17T23:44:59.286+0530] {dag.py:3239} INFO - Sync 1 DAGs
[2026-07-17T23:44:59.290+0530] {logging_mixin.py:190} INFO - [2026-07-17T23:44:59.290+0530] {dag.py:4180} INFO - Setting next_dagrun for latest_only to 2026-07-17 12:00:00+00:00, run_after=2026-07-17 16:00:00+00:00
[2026-07-17T23:44:59.295+0530] {processor.py:208} INFO - Processing /Users/bhavishyachallagolla/Desktop/RetailSense/.venv/lib/python3.12/site-packages/airflow/example_dags/example_latest_only.py took 0.038 seconds
[2026-07-17T23:46:44.405+0530] {processor.py:186} INFO - Started process (PID=99994) to work on /Users/bhavishyachallagolla/Desktop/RetailSense/.venv/lib/python3.12/site-packages/airflow/example_dags/example_latest_only.py
[2026-07-17T23:46:44.406+0530] {processor.py:914} INFO - Processing file /Users/bhavishyachallagolla/Desktop/RetailSense/.venv/lib/python3.12/site-packages/airflow/example_dags/example_latest_only.py for tasks to queue
[2026-07-17T23:46:44.406+0530] {logging_mixin.py:190} INFO - [2026-07-17T23:46:44.406+0530] {dagbag.py:588} INFO - Filling up the DagBag from /Users/bhavishyachallagolla/Desktop/RetailSense/.venv/lib/python3.12/site-packages/airflow/example_dags/example_latest_only.py
[2026-07-17T23:46:44.408+0530] {processor.py:925} INFO - DAG(s) 'latest_only' retrieved from /Users/bhavishyachallagolla/Desktop/RetailSense/.venv/lib/python3.12/site-packages/airflow/example_dags/example_latest_only.py
[2026-07-17T23:46:44.432+0530] {logging_mixin.py:190} INFO - [2026-07-17T23:46:44.432+0530] {dag.py:3239} INFO - Sync 1 DAGs
[2026-07-17T23:46:44.437+0530] {logging_mixin.py:190} INFO - [2026-07-17T23:46:44.437+0530] {dag.py:4180} INFO - Setting next_dagrun for latest_only to 2026-07-17 12:00:00+00:00, run_after=2026-07-17 16:00:00+00:00
[2026-07-17T23:46:44.442+0530] {processor.py:208} INFO - Processing /Users/bhavishyachallagolla/Desktop/RetailSense/.venv/lib/python3.12/site-packages/airflow/example_dags/example_latest_only.py took 0.038 seconds
[2026-07-17T23:48:46.372+0530] {processor.py:186} INFO - Started process (PID=283) to work on /Users/bhavishyachallagolla/Desktop/RetailSense/.venv/lib/python3.12/site-packages/airflow/example_dags/example_latest_only.py
[2026-07-17T23:48:46.373+0530] {processor.py:914} INFO - Processing file /Users/bhavishyachallagolla/Desktop/RetailSense/.venv/lib/python3.12/site-packages/airflow/example_dags/example_latest_only.py for tasks to queue
[2026-07-17T23:48:46.373+0530] {logging_mixin.py:190} INFO - [2026-07-17T23:48:46.373+0530] {dagbag.py:588} INFO - Filling up the DagBag from /Users/bhavishyachallagolla/Desktop/RetailSense/.venv/lib/python3.12/site-packages/airflow/example_dags/example_latest_only.py
[2026-07-17T23:48:46.375+0530] {processor.py:925} INFO - DAG(s) 'latest_only' retrieved from /Users/bhavishyachallagolla/Desktop/RetailSense/.venv/lib/python3.12/site-packages/airflow/example_dags/example_latest_only.py
[2026-07-17T23:48:46.400+0530] {logging_mixin.py:190} INFO - [2026-07-17T23:48:46.400+0530] {dag.py:3239} INFO - Sync 1 DAGs
[2026-07-17T23:48:46.405+0530] {logging_mixin.py:190} INFO - [2026-07-17T23:48:46.405+0530] {dag.py:4180} INFO - Setting next_dagrun for latest_only to 2026-07-17 12:00:00+00:00, run_after=2026-07-17 16:00:00+00:00
[2026-07-17T23:48:46.409+0530] {processor.py:208} INFO - Processing /Users/bhavishyachallagolla/Desktop/RetailSense/.venv/lib/python3.12/site-packages/airflow/example_dags/example_latest_only.py took 0.038 seconds
[2026-07-17T23:50:30.184+0530] {processor.py:186} INFO - Started process (PID=497) to work on /Users/bhavishyachallagolla/Desktop/RetailSense/.venv/lib/python3.12/site-packages/airflow/example_dags/example_latest_only.py
[2026-07-17T23:50:30.185+0530] {processor.py:914} INFO - Processing file /Users/bhavishyachallagolla/Desktop/RetailSense/.venv/lib/python3.12/site-packages/airflow/example_dags/example_latest_only.py for tasks to queue
[2026-07-17T23:50:30.185+0530] {logging_mixin.py:190} INFO - [2026-07-17T23:50:30.185+0530] {dagbag.py:588} INFO - Filling up the DagBag from /Users/bhavishyachallagolla/Desktop/RetailSense/.venv/lib/python3.12/site-packages/airflow/example_dags/example_latest_only.py
[2026-07-17T23:50:30.187+0530] {processor.py:925} INFO - DAG(s) 'latest_only' retrieved from /Users/bhavishyachallagolla/Desktop/RetailSense/.venv/lib/python3.12/site-packages/airflow/example_dags/example_latest_only.py
[2026-07-17T23:50:30.212+0530] {logging_mixin.py:190} INFO - [2026-07-17T23:50:30.212+0530] {dag.py:3239} INFO - Sync 1 DAGs
[2026-07-17T23:50:30.217+0530] {logging_mixin.py:190} INFO - [2026-07-17T23:50:30.217+0530] {dag.py:4180} INFO - Setting next_dagrun for latest_only to 2026-07-17 12:00:00+00:00, run_after=2026-07-17 16:00:00+00:00
[2026-07-17T23:50:30.222+0530] {processor.py:208} INFO - Processing /Users/bhavishyachallagolla/Desktop/RetailSense/.venv/lib/python3.12/site-packages/airflow/example_dags/example_latest_only.py took 0.039 seconds
[2026-07-17T23:52:12.356+0530] {processor.py:186} INFO - Started process (PID=750) to work on /Users/bhavishyachallagolla/Desktop/RetailSense/.venv/lib/python3.12/site-packages/airflow/example_dags/example_latest_only.py
[2026-07-17T23:52:12.357+0530] {processor.py:914} INFO - Processing file /Users/bhavishyachallagolla/Desktop/RetailSense/.venv/lib/python3.12/site-packages/airflow/example_dags/example_latest_only.py for tasks to queue
[2026-07-17T23:52:12.357+0530] {logging_mixin.py:190} INFO - [2026-07-17T23:52:12.357+0530] {dagbag.py:588} INFO - Filling up the DagBag from /Users/bhavishyachallagolla/Desktop/RetailSense/.venv/lib/python3.12/site-packages/airflow/example_dags/example_latest_only.py
[2026-07-17T23:52:12.359+0530] {processor.py:925} INFO - DAG(s) 'latest_only' retrieved from /Users/bhavishyachallagolla/Desktop/RetailSense/.venv/lib/python3.12/site-packages/airflow/example_dags/example_latest_only.py
[2026-07-17T23:52:12.384+0530] {logging_mixin.py:190} INFO - [2026-07-17T23:52:12.384+0530] {dag.py:3239} INFO - Sync 1 DAGs
[2026-07-17T23:52:12.389+0530] {logging_mixin.py:190} INFO - [2026-07-17T23:52:12.389+0530] {dag.py:4180} INFO - Setting next_dagrun for latest_only to 2026-07-17 12:00:00+00:00, run_after=2026-07-17 16:00:00+00:00
[2026-07-17T23:52:12.393+0530] {processor.py:208} INFO - Processing /Users/bhavishyachallagolla/Desktop/RetailSense/.venv/lib/python3.12/site-packages/airflow/example_dags/example_latest_only.py took 0.038 seconds
[2026-07-17T23:54:02.129+0530] {processor.py:186} INFO - Started process (PID=968) to work on /Users/bhavishyachallagolla/Desktop/RetailSense/.venv/lib/python3.12/site-packages/airflow/example_dags/example_latest_only.py
[2026-07-17T23:54:02.130+0530] {processor.py:914} INFO - Processing file /Users/bhavishyachallagolla/Desktop/RetailSense/.venv/lib/python3.12/site-packages/airflow/example_dags/example_latest_only.py for tasks to queue
[2026-07-17T23:54:02.130+0530] {logging_mixin.py:190} INFO - [2026-07-17T23:54:02.130+0530] {dagbag.py:588} INFO - Filling up the DagBag from /Users/bhavishyachallagolla/Desktop/RetailSense/.venv/lib/python3.12/site-packages/airflow/example_dags/example_latest_only.py
[2026-07-17T23:54:02.132+0530] {processor.py:925} INFO - DAG(s) 'latest_only' retrieved from /Users/bhavishyachallagolla/Desktop/RetailSense/.venv/lib/python3.12/site-packages/airflow/example_dags/example_latest_only.py
[2026-07-17T23:54:02.157+0530] {logging_mixin.py:190} INFO - [2026-07-17T23:54:02.156+0530] {dag.py:3239} INFO - Sync 1 DAGs
[2026-07-17T23:54:02.161+0530] {logging_mixin.py:190} INFO - [2026-07-17T23:54:02.161+0530] {dag.py:4180} INFO - Setting next_dagrun for latest_only to 2026-07-17 12:00:00+00:00, run_after=2026-07-17 16:00:00+00:00
[2026-07-17T23:54:02.166+0530] {processor.py:208} INFO - Processing /Users/bhavishyachallagolla/Desktop/RetailSense/.venv/lib/python3.12/site-packages/airflow/example_dags/example_latest_only.py took 0.038 seconds
[2026-07-17T23:55:34.045+0530] {processor.py:186} INFO - Started process (PID=1129) to work on /Users/bhavishyachallagolla/Desktop/RetailSense/.venv/lib/python3.12/site-packages/airflow/example_dags/example_latest_only.py
[2026-07-17T23:55:34.047+0530] {processor.py:914} INFO - Processing file /Users/bhavishyachallagolla/Desktop/RetailSense/.venv/lib/python3.12/site-packages/airflow/example_dags/example_latest_only.py for tasks to queue
[2026-07-17T23:55:34.047+0530] {logging_mixin.py:190} INFO - [2026-07-17T23:55:34.047+0530] {dagbag.py:588} INFO - Filling up the DagBag from /Users/bhavishyachallagolla/Desktop/RetailSense/.venv/lib/python3.12/site-packages/airflow/example_dags/example_latest_only.py
[2026-07-17T23:55:34.049+0530] {processor.py:925} INFO - DAG(s) 'latest_only' retrieved from /Users/bhavishyachallagolla/Desktop/RetailSense/.venv/lib/python3.12/site-packages/airflow/example_dags/example_latest_only.py
[2026-07-17T23:55:34.074+0530] {logging_mixin.py:190} INFO - [2026-07-17T23:55:34.074+0530] {dag.py:3239} INFO - Sync 1 DAGs
[2026-07-17T23:55:34.079+0530] {logging_mixin.py:190} INFO - [2026-07-17T23:55:34.079+0530] {dag.py:4180} INFO - Setting next_dagrun for latest_only to 2026-07-17 12:00:00+00:00, run_after=2026-07-17 16:00:00+00:00
[2026-07-17T23:55:34.084+0530] {processor.py:208} INFO - Processing /Users/bhavishyachallagolla/Desktop/RetailSense/.venv/lib/python3.12/site-packages/airflow/example_dags/example_latest_only.py took 0.039 seconds
