[2026-07-17T20:08:58.052+0530] {processor.py:186} INFO - Started process (PID=87159) to work on /Users/bhavishyachallagolla/Desktop/RetailSense/.venv/lib/python3.12/site-packages/airflow/example_dags/example_xcomargs.py
[2026-07-17T20:08:58.052+0530] {processor.py:914} INFO - Processing file /Users/bhavishyachallagolla/Desktop/RetailSense/.venv/lib/python3.12/site-packages/airflow/example_dags/example_xcomargs.py for tasks to queue
[2026-07-17T20:08:58.053+0530] {logging_mixin.py:190} INFO - [2026-07-17T20:08:58.053+0530] {dagbag.py:588} INFO - Filling up the DagBag from /Users/bhavishyachallagolla/Desktop/RetailSense/.venv/lib/python3.12/site-packages/airflow/example_dags/example_xcomargs.py
[2026-07-17T20:08:58.065+0530] {processor.py:925} INFO - DAG(s) 'example_xcom_args', 'example_xcom_args_with_operators' retrieved from /Users/bhavishyachallagolla/Desktop/RetailSense/.venv/lib/python3.12/site-packages/airflow/example_dags/example_xcomargs.py
[2026-07-17T20:08:58.117+0530] {logging_mixin.py:190} INFO - [2026-07-17T20:08:58.116+0530] {dag.py:3239} INFO - Sync 2 DAGs
[2026-07-17T20:08:58.119+0530] {logging_mixin.py:190} INFO - [2026-07-17T20:08:58.119+0530] {dag.py:4180} INFO - Setting next_dagrun for example_xcom_args to None, run_after=None
[2026-07-17T20:08:58.120+0530] {logging_mixin.py:190} INFO - [2026-07-17T20:08:58.120+0530] {dag.py:4180} INFO - Setting next_dagrun for example_xcom_args_with_operators to None, run_after=None
[2026-07-17T20:08:58.145+0530] {processor.py:208} INFO - Processing /Users/bhavishyachallagolla/Desktop/RetailSense/.venv/lib/python3.12/site-packages/airflow/example_dags/example_xcomargs.py took 0.095 seconds
[2026-07-17T20:09:55.653+0530] {processor.py:186} INFO - Started process (PID=87264) to work on /Users/bhavishyachallagolla/Desktop/RetailSense/.venv/lib/python3.12/site-packages/airflow/example_dags/example_xcomargs.py
[2026-07-17T20:09:55.654+0530] {processor.py:914} INFO - Processing file /Users/bhavishyachallagolla/Desktop/RetailSense/.venv/lib/python3.12/site-packages/airflow/example_dags/example_xcomargs.py for tasks to queue
[2026-07-17T20:09:55.654+0530] {logging_mixin.py:190} INFO - [2026-07-17T20:09:55.654+0530] {dagbag.py:588} INFO - Filling up the DagBag from /Users/bhavishyachallagolla/Desktop/RetailSense/.venv/lib/python3.12/site-packages/airflow/example_dags/example_xcomargs.py
[2026-07-17T20:09:55.666+0530] {processor.py:925} INFO - DAG(s) 'example_xcom_args', 'example_xcom_args_with_operators' retrieved from /Users/bhavishyachallagolla/Desktop/RetailSense/.venv/lib/python3.12/site-packages/airflow/example_dags/example_xcomargs.py
[2026-07-17T20:09:55.691+0530] {logging_mixin.py:190} INFO - [2026-07-17T20:09:55.691+0530] {dag.py:3239} INFO - Sync 2 DAGs
[2026-07-17T20:09:55.694+0530] {logging_mixin.py:190} INFO - [2026-07-17T20:09:55.694+0530] {dag.py:4180} INFO - Setting next_dagrun for example_xcom_args to None, run_after=None
[2026-07-17T20:09:55.695+0530] {logging_mixin.py:190} INFO - [2026-07-17T20:09:55.695+0530] {dag.py:4180} INFO - Setting next_dagrun for example_xcom_args_with_operators to None, run_after=None
[2026-07-17T20:09:55.699+0530] {processor.py:208} INFO - Processing /Users/bhavishyachallagolla/Desktop/RetailSense/.venv/lib/python3.12/site-packages/airflow/example_dags/example_xcomargs.py took 0.047 seconds
[2026-07-17T20:11:15.915+0530] {processor.py:186} INFO - Started process (PID=87388) to work on /Users/bhavishyachallagolla/Desktop/RetailSense/.venv/lib/python3.12/site-packages/airflow/example_dags/example_xcomargs.py
[2026-07-17T20:11:15.916+0530] {processor.py:914} INFO - Processing file /Users/bhavishyachallagolla/Desktop/RetailSense/.venv/lib/python3.12/site-packages/airflow/example_dags/example_xcomargs.py for tasks to queue
[2026-07-17T20:11:15.916+0530] {logging_mixin.py:190} INFO - [2026-07-17T20:11:15.916+0530] {dagbag.py:588} INFO - Filling up the DagBag from /Users/bhavishyachallagolla/Desktop/RetailSense/.venv/lib/python3.12/site-packages/airflow/example_dags/example_xcomargs.py
[2026-07-17T20:11:15.929+0530] {processor.py:925} INFO - DAG(s) 'example_xcom_args_with_operators', 'example_xcom_args' retrieved from /Users/bhavishyachallagolla/Desktop/RetailSense/.venv/lib/python3.12/site-packages/airflow/example_dags/example_xcomargs.py
[2026-07-17T20:11:15.954+0530] {logging_mixin.py:190} INFO - [2026-07-17T20:11:15.954+0530] {dag.py:3239} INFO - Sync 2 DAGs
[2026-07-17T20:11:15.957+0530] {logging_mixin.py:190} INFO - [2026-07-17T20:11:15.957+0530] {dag.py:4180} INFO - Setting next_dagrun for example_xcom_args to None, run_after=None
[2026-07-17T20:11:15.958+0530] {logging_mixin.py:190} INFO - [2026-07-17T20:11:15.958+0530] {dag.py:4180} INFO - Setting next_dagrun for example_xcom_args_with_operators to None, run_after=None
[2026-07-17T20:11:15.962+0530] {processor.py:208} INFO - Processing /Users/bhavishyachallagolla/Desktop/RetailSense/.venv/lib/python3.12/site-packages/airflow/example_dags/example_xcomargs.py took 0.048 seconds
[2026-07-17T20:12:05.442+0530] {processor.py:186} INFO - Started process (PID=87462) to work on /Users/bhavishyachallagolla/Desktop/RetailSense/.venv/lib/python3.12/site-packages/airflow/example_dags/example_xcomargs.py
[2026-07-17T20:12:05.442+0530] {processor.py:914} INFO - Processing file /Users/bhavishyachallagolla/Desktop/RetailSense/.venv/lib/python3.12/site-packages/airflow/example_dags/example_xcomargs.py for tasks to queue
[2026-07-17T20:12:05.442+0530] {logging_mixin.py:190} INFO - [2026-07-17T20:12:05.442+0530] {dagbag.py:588} INFO - Filling up the DagBag from /Users/bhavishyachallagolla/Desktop/RetailSense/.venv/lib/python3.12/site-packages/airflow/example_dags/example_xcomargs.py
[2026-07-17T20:12:05.454+0530] {processor.py:925} INFO - DAG(s) 'example_xcom_args', 'example_xcom_args_with_operators' retrieved from /Users/bhavishyachallagolla/Desktop/RetailSense/.venv/lib/python3.12/site-packages/airflow/example_dags/example_xcomargs.py
[2026-07-17T20:12:05.478+0530] {logging_mixin.py:190} INFO - [2026-07-17T20:12:05.478+0530] {dag.py:3239} INFO - Sync 2 DAGs
[2026-07-17T20:12:05.481+0530] {logging_mixin.py:190} INFO - [2026-07-17T20:12:05.481+0530] {dag.py:4180} INFO - Setting next_dagrun for example_xcom_args to None, run_after=None
[2026-07-17T20:12:05.482+0530] {logging_mixin.py:190} INFO - [2026-07-17T20:12:05.482+0530] {dag.py:4180} INFO - Setting next_dagrun for example_xcom_args_with_operators to None, run_after=None
[2026-07-17T20:12:05.486+0530] {processor.py:208} INFO - Processing /Users/bhavishyachallagolla/Desktop/RetailSense/.venv/lib/python3.12/site-packages/airflow/example_dags/example_xcomargs.py took 0.045 seconds
[2026-07-17T20:12:55.949+0530] {processor.py:186} INFO - Started process (PID=87540) to work on /Users/bhavishyachallagolla/Desktop/RetailSense/.venv/lib/python3.12/site-packages/airflow/example_dags/example_xcomargs.py
[2026-07-17T20:12:55.950+0530] {processor.py:914} INFO - Processing file /Users/bhavishyachallagolla/Desktop/RetailSense/.venv/lib/python3.12/site-packages/airflow/example_dags/example_xcomargs.py for tasks to queue
[2026-07-17T20:12:55.950+0530] {logging_mixin.py:190} INFO - [2026-07-17T20:12:55.950+0530] {dagbag.py:588} INFO - Filling up the DagBag from /Users/bhavishyachallagolla/Desktop/RetailSense/.venv/lib/python3.12/site-packages/airflow/example_dags/example_xcomargs.py
[2026-07-17T20:12:55.963+0530] {processor.py:925} INFO - DAG(s) 'example_xcom_args', 'example_xcom_args_with_operators' retrieved from /Users/bhavishyachallagolla/Desktop/RetailSense/.venv/lib/python3.12/site-packages/airflow/example_dags/example_xcomargs.py
[2026-07-17T20:12:55.989+0530] {logging_mixin.py:190} INFO - [2026-07-17T20:12:55.989+0530] {dag.py:3239} INFO - Sync 2 DAGs
[2026-07-17T20:12:55.992+0530] {logging_mixin.py:190} INFO - [2026-07-17T20:12:55.992+0530] {dag.py:4180} INFO - Setting next_dagrun for example_xcom_args to None, run_after=None
[2026-07-17T20:12:55.993+0530] {logging_mixin.py:190} INFO - [2026-07-17T20:12:55.993+0530] {dag.py:4180} INFO - Setting next_dagrun for example_xcom_args_with_operators to None, run_after=None
[2026-07-17T20:12:55.997+0530] {processor.py:208} INFO - Processing /Users/bhavishyachallagolla/Desktop/RetailSense/.venv/lib/python3.12/site-packages/airflow/example_dags/example_xcomargs.py took 0.049 seconds
[2026-07-17T20:13:44.645+0530] {processor.py:186} INFO - Started process (PID=87616) to work on /Users/bhavishyachallagolla/Desktop/RetailSense/.venv/lib/python3.12/site-packages/airflow/example_dags/example_xcomargs.py
[2026-07-17T20:13:44.646+0530] {processor.py:914} INFO - Processing file /Users/bhavishyachallagolla/Desktop/RetailSense/.venv/lib/python3.12/site-packages/airflow/example_dags/example_xcomargs.py for tasks to queue
[2026-07-17T20:13:44.646+0530] {logging_mixin.py:190} INFO - [2026-07-17T20:13:44.646+0530] {dagbag.py:588} INFO - Filling up the DagBag from /Users/bhavishyachallagolla/Desktop/RetailSense/.venv/lib/python3.12/site-packages/airflow/example_dags/example_xcomargs.py
[2026-07-17T20:13:44.659+0530] {processor.py:925} INFO - DAG(s) 'example_xcom_args_with_operators', 'example_xcom_args' retrieved from /Users/bhavishyachallagolla/Desktop/RetailSense/.venv/lib/python3.12/site-packages/airflow/example_dags/example_xcomargs.py
[2026-07-17T20:13:44.683+0530] {logging_mixin.py:190} INFO - [2026-07-17T20:13:44.683+0530] {dag.py:3239} INFO - Sync 2 DAGs
[2026-07-17T20:13:44.686+0530] {logging_mixin.py:190} INFO - [2026-07-17T20:13:44.686+0530] {dag.py:4180} INFO - Setting next_dagrun for example_xcom_args to None, run_after=None
[2026-07-17T20:13:44.687+0530] {logging_mixin.py:190} INFO - [2026-07-17T20:13:44.687+0530] {dag.py:4180} INFO - Setting next_dagrun for example_xcom_args_with_operators to None, run_after=None
[2026-07-17T20:13:44.691+0530] {processor.py:208} INFO - Processing /Users/bhavishyachallagolla/Desktop/RetailSense/.venv/lib/python3.12/site-packages/airflow/example_dags/example_xcomargs.py took 0.047 seconds
[2026-07-17T20:14:35.099+0530] {processor.py:186} INFO - Started process (PID=87692) to work on /Users/bhavishyachallagolla/Desktop/RetailSense/.venv/lib/python3.12/site-packages/airflow/example_dags/example_xcomargs.py
[2026-07-17T20:14:35.100+0530] {processor.py:914} INFO - Processing file /Users/bhavishyachallagolla/Desktop/RetailSense/.venv/lib/python3.12/site-packages/airflow/example_dags/example_xcomargs.py for tasks to queue
[2026-07-17T20:14:35.100+0530] {logging_mixin.py:190} INFO - [2026-07-17T20:14:35.100+0530] {dagbag.py:588} INFO - Filling up the DagBag from /Users/bhavishyachallagolla/Desktop/RetailSense/.venv/lib/python3.12/site-packages/airflow/example_dags/example_xcomargs.py
[2026-07-17T20:14:35.112+0530] {processor.py:925} INFO - DAG(s) 'example_xcom_args', 'example_xcom_args_with_operators' retrieved from /Users/bhavishyachallagolla/Desktop/RetailSense/.venv/lib/python3.12/site-packages/airflow/example_dags/example_xcomargs.py
[2026-07-17T20:14:35.137+0530] {logging_mixin.py:190} INFO - [2026-07-17T20:14:35.137+0530] {dag.py:3239} INFO - Sync 2 DAGs
[2026-07-17T20:14:35.140+0530] {logging_mixin.py:190} INFO - [2026-07-17T20:14:35.140+0530] {dag.py:4180} INFO - Setting next_dagrun for example_xcom_args to None, run_after=None
[2026-07-17T20:14:35.141+0530] {logging_mixin.py:190} INFO - [2026-07-17T20:14:35.141+0530] {dag.py:4180} INFO - Setting next_dagrun for example_xcom_args_with_operators to None, run_after=None
[2026-07-17T20:14:35.145+0530] {processor.py:208} INFO - Processing /Users/bhavishyachallagolla/Desktop/RetailSense/.venv/lib/python3.12/site-packages/airflow/example_dags/example_xcomargs.py took 0.047 seconds
[2026-07-17T20:15:25.179+0530] {processor.py:186} INFO - Started process (PID=87782) to work on /Users/bhavishyachallagolla/Desktop/RetailSense/.venv/lib/python3.12/site-packages/airflow/example_dags/example_xcomargs.py
[2026-07-17T20:15:25.180+0530] {processor.py:914} INFO - Processing file /Users/bhavishyachallagolla/Desktop/RetailSense/.venv/lib/python3.12/site-packages/airflow/example_dags/example_xcomargs.py for tasks to queue
[2026-07-17T20:15:25.180+0530] {logging_mixin.py:190} INFO - [2026-07-17T20:15:25.180+0530] {dagbag.py:588} INFO - Filling up the DagBag from /Users/bhavishyachallagolla/Desktop/RetailSense/.venv/lib/python3.12/site-packages/airflow/example_dags/example_xcomargs.py
[2026-07-17T20:15:25.193+0530] {processor.py:925} INFO - DAG(s) 'example_xcom_args_with_operators', 'example_xcom_args' retrieved from /Users/bhavishyachallagolla/Desktop/RetailSense/.venv/lib/python3.12/site-packages/airflow/example_dags/example_xcomargs.py
[2026-07-17T20:15:25.219+0530] {logging_mixin.py:190} INFO - [2026-07-17T20:15:25.218+0530] {dag.py:3239} INFO - Sync 2 DAGs
[2026-07-17T20:15:25.221+0530] {logging_mixin.py:190} INFO - [2026-07-17T20:15:25.221+0530] {dag.py:4180} INFO - Setting next_dagrun for example_xcom_args to None, run_after=None
[2026-07-17T20:15:25.222+0530] {logging_mixin.py:190} INFO - [2026-07-17T20:15:25.222+0530] {dag.py:4180} INFO - Setting next_dagrun for example_xcom_args_with_operators to None, run_after=None
[2026-07-17T20:15:25.226+0530] {processor.py:208} INFO - Processing /Users/bhavishyachallagolla/Desktop/RetailSense/.venv/lib/python3.12/site-packages/airflow/example_dags/example_xcomargs.py took 0.049 seconds
[2026-07-17T20:16:15.854+0530] {processor.py:186} INFO - Started process (PID=87859) to work on /Users/bhavishyachallagolla/Desktop/RetailSense/.venv/lib/python3.12/site-packages/airflow/example_dags/example_xcomargs.py
[2026-07-17T20:16:15.855+0530] {processor.py:914} INFO - Processing file /Users/bhavishyachallagolla/Desktop/RetailSense/.venv/lib/python3.12/site-packages/airflow/example_dags/example_xcomargs.py for tasks to queue
[2026-07-17T20:16:15.856+0530] {logging_mixin.py:190} INFO - [2026-07-17T20:16:15.856+0530] {dagbag.py:588} INFO - Filling up the DagBag from /Users/bhavishyachallagolla/Desktop/RetailSense/.venv/lib/python3.12/site-packages/airflow/example_dags/example_xcomargs.py
[2026-07-17T20:16:15.867+0530] {processor.py:925} INFO - DAG(s) 'example_xcom_args_with_operators', 'example_xcom_args' retrieved from /Users/bhavishyachallagolla/Desktop/RetailSense/.venv/lib/python3.12/site-packages/airflow/example_dags/example_xcomargs.py
[2026-07-17T20:16:15.892+0530] {logging_mixin.py:190} INFO - [2026-07-17T20:16:15.892+0530] {dag.py:3239} INFO - Sync 2 DAGs
[2026-07-17T20:16:15.894+0530] {logging_mixin.py:190} INFO - [2026-07-17T20:16:15.894+0530] {dag.py:4180} INFO - Setting next_dagrun for example_xcom_args to None, run_after=None
[2026-07-17T20:16:15.895+0530] {logging_mixin.py:190} INFO - [2026-07-17T20:16:15.895+0530] {dag.py:4180} INFO - Setting next_dagrun for example_xcom_args_with_operators to None, run_after=None
[2026-07-17T20:16:15.899+0530] {processor.py:208} INFO - Processing /Users/bhavishyachallagolla/Desktop/RetailSense/.venv/lib/python3.12/site-packages/airflow/example_dags/example_xcomargs.py took 0.046 seconds
[2026-07-17T20:17:05.593+0530] {processor.py:186} INFO - Started process (PID=87931) to work on /Users/bhavishyachallagolla/Desktop/RetailSense/.venv/lib/python3.12/site-packages/airflow/example_dags/example_xcomargs.py
[2026-07-17T20:17:05.593+0530] {processor.py:914} INFO - Processing file /Users/bhavishyachallagolla/Desktop/RetailSense/.venv/lib/python3.12/site-packages/airflow/example_dags/example_xcomargs.py for tasks to queue
[2026-07-17T20:17:05.594+0530] {logging_mixin.py:190} INFO - [2026-07-17T20:17:05.594+0530] {dagbag.py:588} INFO - Filling up the DagBag from /Users/bhavishyachallagolla/Desktop/RetailSense/.venv/lib/python3.12/site-packages/airflow/example_dags/example_xcomargs.py
[2026-07-17T20:17:05.605+0530] {processor.py:925} INFO - DAG(s) 'example_xcom_args_with_operators', 'example_xcom_args' retrieved from /Users/bhavishyachallagolla/Desktop/RetailSense/.venv/lib/python3.12/site-packages/airflow/example_dags/example_xcomargs.py
[2026-07-17T20:17:05.630+0530] {logging_mixin.py:190} INFO - [2026-07-17T20:17:05.630+0530] {dag.py:3239} INFO - Sync 2 DAGs
[2026-07-17T20:17:05.632+0530] {logging_mixin.py:190} INFO - [2026-07-17T20:17:05.632+0530] {dag.py:4180} INFO - Setting next_dagrun for example_xcom_args to None, run_after=None
[2026-07-17T20:17:05.633+0530] {logging_mixin.py:190} INFO - [2026-07-17T20:17:05.633+0530] {dag.py:4180} INFO - Setting next_dagrun for example_xcom_args_with_operators to None, run_after=None
[2026-07-17T20:17:05.637+0530] {processor.py:208} INFO - Processing /Users/bhavishyachallagolla/Desktop/RetailSense/.venv/lib/python3.12/site-packages/airflow/example_dags/example_xcomargs.py took 0.045 seconds
[2026-07-17T20:17:54.477+0530] {processor.py:186} INFO - Started process (PID=88007) to work on /Users/bhavishyachallagolla/Desktop/RetailSense/.venv/lib/python3.12/site-packages/airflow/example_dags/example_xcomargs.py
[2026-07-17T20:17:54.477+0530] {processor.py:914} INFO - Processing file /Users/bhavishyachallagolla/Desktop/RetailSense/.venv/lib/python3.12/site-packages/airflow/example_dags/example_xcomargs.py for tasks to queue
[2026-07-17T20:17:54.478+0530] {logging_mixin.py:190} INFO - [2026-07-17T20:17:54.478+0530] {dagbag.py:588} INFO - Filling up the DagBag from /Users/bhavishyachallagolla/Desktop/RetailSense/.venv/lib/python3.12/site-packages/airflow/example_dags/example_xcomargs.py
[2026-07-17T20:17:54.491+0530] {processor.py:925} INFO - DAG(s) 'example_xcom_args', 'example_xcom_args_with_operators' retrieved from /Users/bhavishyachallagolla/Desktop/RetailSense/.venv/lib/python3.12/site-packages/airflow/example_dags/example_xcomargs.py
[2026-07-17T20:17:54.517+0530] {logging_mixin.py:190} INFO - [2026-07-17T20:17:54.517+0530] {dag.py:3239} INFO - Sync 2 DAGs
[2026-07-17T20:17:54.519+0530] {logging_mixin.py:190} INFO - [2026-07-17T20:17:54.519+0530] {dag.py:4180} INFO - Setting next_dagrun for example_xcom_args to None, run_after=None
[2026-07-17T20:17:54.520+0530] {logging_mixin.py:190} INFO - [2026-07-17T20:17:54.520+0530] {dag.py:4180} INFO - Setting next_dagrun for example_xcom_args_with_operators to None, run_after=None
[2026-07-17T20:17:54.525+0530] {processor.py:208} INFO - Processing /Users/bhavishyachallagolla/Desktop/RetailSense/.venv/lib/python3.12/site-packages/airflow/example_dags/example_xcomargs.py took 0.049 seconds
[2026-07-17T20:18:44.999+0530] {processor.py:186} INFO - Started process (PID=88084) to work on /Users/bhavishyachallagolla/Desktop/RetailSense/.venv/lib/python3.12/site-packages/airflow/example_dags/example_xcomargs.py
[2026-07-17T20:18:45.000+0530] {processor.py:914} INFO - Processing file /Users/bhavishyachallagolla/Desktop/RetailSense/.venv/lib/python3.12/site-packages/airflow/example_dags/example_xcomargs.py for tasks to queue
[2026-07-17T20:18:45.000+0530] {logging_mixin.py:190} INFO - [2026-07-17T20:18:45.000+0530] {dagbag.py:588} INFO - Filling up the DagBag from /Users/bhavishyachallagolla/Desktop/RetailSense/.venv/lib/python3.12/site-packages/airflow/example_dags/example_xcomargs.py
[2026-07-17T20:18:45.012+0530] {processor.py:925} INFO - DAG(s) 'example_xcom_args', 'example_xcom_args_with_operators' retrieved from /Users/bhavishyachallagolla/Desktop/RetailSense/.venv/lib/python3.12/site-packages/airflow/example_dags/example_xcomargs.py
[2026-07-17T20:18:45.037+0530] {logging_mixin.py:190} INFO - [2026-07-17T20:18:45.037+0530] {dag.py:3239} INFO - Sync 2 DAGs
[2026-07-17T20:18:45.040+0530] {logging_mixin.py:190} INFO - [2026-07-17T20:18:45.040+0530] {dag.py:4180} INFO - Setting next_dagrun for example_xcom_args to None, run_after=None
[2026-07-17T20:18:45.041+0530] {logging_mixin.py:190} INFO - [2026-07-17T20:18:45.041+0530] {dag.py:4180} INFO - Setting next_dagrun for example_xcom_args_with_operators to None, run_after=None
[2026-07-17T20:18:45.045+0530] {processor.py:208} INFO - Processing /Users/bhavishyachallagolla/Desktop/RetailSense/.venv/lib/python3.12/site-packages/airflow/example_dags/example_xcomargs.py took 0.047 seconds
[2026-07-17T20:19:35.326+0530] {processor.py:186} INFO - Started process (PID=88162) to work on /Users/bhavishyachallagolla/Desktop/RetailSense/.venv/lib/python3.12/site-packages/airflow/example_dags/example_xcomargs.py
[2026-07-17T20:19:35.326+0530] {processor.py:914} INFO - Processing file /Users/bhavishyachallagolla/Desktop/RetailSense/.venv/lib/python3.12/site-packages/airflow/example_dags/example_xcomargs.py for tasks to queue
[2026-07-17T20:19:35.327+0530] {logging_mixin.py:190} INFO - [2026-07-17T20:19:35.326+0530] {dagbag.py:588} INFO - Filling up the DagBag from /Users/bhavishyachallagolla/Desktop/RetailSense/.venv/lib/python3.12/site-packages/airflow/example_dags/example_xcomargs.py
[2026-07-17T20:19:35.338+0530] {processor.py:925} INFO - DAG(s) 'example_xcom_args_with_operators', 'example_xcom_args' retrieved from /Users/bhavishyachallagolla/Desktop/RetailSense/.venv/lib/python3.12/site-packages/airflow/example_dags/example_xcomargs.py
[2026-07-17T20:19:35.363+0530] {logging_mixin.py:190} INFO - [2026-07-17T20:19:35.362+0530] {dag.py:3239} INFO - Sync 2 DAGs
[2026-07-17T20:19:35.365+0530] {logging_mixin.py:190} INFO - [2026-07-17T20:19:35.365+0530] {dag.py:4180} INFO - Setting next_dagrun for example_xcom_args to None, run_after=None
[2026-07-17T20:19:35.366+0530] {logging_mixin.py:190} INFO - [2026-07-17T20:19:35.366+0530] {dag.py:4180} INFO - Setting next_dagrun for example_xcom_args_with_operators to None, run_after=None
[2026-07-17T20:19:35.370+0530] {processor.py:208} INFO - Processing /Users/bhavishyachallagolla/Desktop/RetailSense/.venv/lib/python3.12/site-packages/airflow/example_dags/example_xcomargs.py took 0.045 seconds
[2026-07-17T20:20:23.980+0530] {processor.py:186} INFO - Started process (PID=88250) to work on /Users/bhavishyachallagolla/Desktop/RetailSense/.venv/lib/python3.12/site-packages/airflow/example_dags/example_xcomargs.py
[2026-07-17T20:20:23.981+0530] {processor.py:914} INFO - Processing file /Users/bhavishyachallagolla/Desktop/RetailSense/.venv/lib/python3.12/site-packages/airflow/example_dags/example_xcomargs.py for tasks to queue
[2026-07-17T20:20:23.982+0530] {logging_mixin.py:190} INFO - [2026-07-17T20:20:23.982+0530] {dagbag.py:588} INFO - Filling up the DagBag from /Users/bhavishyachallagolla/Desktop/RetailSense/.venv/lib/python3.12/site-packages/airflow/example_dags/example_xcomargs.py
[2026-07-17T20:20:23.994+0530] {processor.py:925} INFO - DAG(s) 'example_xcom_args_with_operators', 'example_xcom_args' retrieved from /Users/bhavishyachallagolla/Desktop/RetailSense/.venv/lib/python3.12/site-packages/airflow/example_dags/example_xcomargs.py
[2026-07-17T20:20:24.019+0530] {logging_mixin.py:190} INFO - [2026-07-17T20:20:24.019+0530] {dag.py:3239} INFO - Sync 2 DAGs
[2026-07-17T20:20:24.022+0530] {logging_mixin.py:190} INFO - [2026-07-17T20:20:24.022+0530] {dag.py:4180} INFO - Setting next_dagrun for example_xcom_args to None, run_after=None
[2026-07-17T20:20:24.023+0530] {logging_mixin.py:190} INFO - [2026-07-17T20:20:24.023+0530] {dag.py:4180} INFO - Setting next_dagrun for example_xcom_args_with_operators to None, run_after=None
[2026-07-17T20:20:24.027+0530] {processor.py:208} INFO - Processing /Users/bhavishyachallagolla/Desktop/RetailSense/.venv/lib/python3.12/site-packages/airflow/example_dags/example_xcomargs.py took 0.048 seconds
[2026-07-17T20:21:13.656+0530] {processor.py:186} INFO - Started process (PID=88328) to work on /Users/bhavishyachallagolla/Desktop/RetailSense/.venv/lib/python3.12/site-packages/airflow/example_dags/example_xcomargs.py
[2026-07-17T20:21:13.657+0530] {processor.py:914} INFO - Processing file /Users/bhavishyachallagolla/Desktop/RetailSense/.venv/lib/python3.12/site-packages/airflow/example_dags/example_xcomargs.py for tasks to queue
[2026-07-17T20:21:13.657+0530] {logging_mixin.py:190} INFO - [2026-07-17T20:21:13.657+0530] {dagbag.py:588} INFO - Filling up the DagBag from /Users/bhavishyachallagolla/Desktop/RetailSense/.venv/lib/python3.12/site-packages/airflow/example_dags/example_xcomargs.py
[2026-07-17T20:21:13.669+0530] {processor.py:925} INFO - DAG(s) 'example_xcom_args_with_operators', 'example_xcom_args' retrieved from /Users/bhavishyachallagolla/Desktop/RetailSense/.venv/lib/python3.12/site-packages/airflow/example_dags/example_xcomargs.py
[2026-07-17T20:21:13.694+0530] {logging_mixin.py:190} INFO - [2026-07-17T20:21:13.694+0530] {dag.py:3239} INFO - Sync 2 DAGs
[2026-07-17T20:21:13.697+0530] {logging_mixin.py:190} INFO - [2026-07-17T20:21:13.697+0530] {dag.py:4180} INFO - Setting next_dagrun for example_xcom_args to None, run_after=None
[2026-07-17T20:21:13.697+0530] {logging_mixin.py:190} INFO - [2026-07-17T20:21:13.697+0530] {dag.py:4180} INFO - Setting next_dagrun for example_xcom_args_with_operators to None, run_after=None
[2026-07-17T20:21:13.701+0530] {processor.py:208} INFO - Processing /Users/bhavishyachallagolla/Desktop/RetailSense/.venv/lib/python3.12/site-packages/airflow/example_dags/example_xcomargs.py took 0.047 seconds
[2026-07-17T20:22:04.269+0530] {processor.py:186} INFO - Started process (PID=88402) to work on /Users/bhavishyachallagolla/Desktop/RetailSense/.venv/lib/python3.12/site-packages/airflow/example_dags/example_xcomargs.py
[2026-07-17T20:22:04.270+0530] {processor.py:914} INFO - Processing file /Users/bhavishyachallagolla/Desktop/RetailSense/.venv/lib/python3.12/site-packages/airflow/example_dags/example_xcomargs.py for tasks to queue
[2026-07-17T20:22:04.270+0530] {logging_mixin.py:190} INFO - [2026-07-17T20:22:04.270+0530] {dagbag.py:588} INFO - Filling up the DagBag from /Users/bhavishyachallagolla/Desktop/RetailSense/.venv/lib/python3.12/site-packages/airflow/example_dags/example_xcomargs.py
[2026-07-17T20:22:04.283+0530] {processor.py:925} INFO - DAG(s) 'example_xcom_args_with_operators', 'example_xcom_args' retrieved from /Users/bhavishyachallagolla/Desktop/RetailSense/.venv/lib/python3.12/site-packages/airflow/example_dags/example_xcomargs.py
[2026-07-17T20:22:04.307+0530] {logging_mixin.py:190} INFO - [2026-07-17T20:22:04.307+0530] {dag.py:3239} INFO - Sync 2 DAGs
[2026-07-17T20:22:04.310+0530] {logging_mixin.py:190} INFO - [2026-07-17T20:22:04.310+0530] {dag.py:4180} INFO - Setting next_dagrun for example_xcom_args to None, run_after=None
[2026-07-17T20:22:04.311+0530] {logging_mixin.py:190} INFO - [2026-07-17T20:22:04.310+0530] {dag.py:4180} INFO - Setting next_dagrun for example_xcom_args_with_operators to None, run_after=None
[2026-07-17T20:22:04.315+0530] {processor.py:208} INFO - Processing /Users/bhavishyachallagolla/Desktop/RetailSense/.venv/lib/python3.12/site-packages/airflow/example_dags/example_xcomargs.py took 0.047 seconds
[2026-07-17T20:22:54.878+0530] {processor.py:186} INFO - Started process (PID=88479) to work on /Users/bhavishyachallagolla/Desktop/RetailSense/.venv/lib/python3.12/site-packages/airflow/example_dags/example_xcomargs.py
[2026-07-17T20:22:54.878+0530] {processor.py:914} INFO - Processing file /Users/bhavishyachallagolla/Desktop/RetailSense/.venv/lib/python3.12/site-packages/airflow/example_dags/example_xcomargs.py for tasks to queue
[2026-07-17T20:22:54.879+0530] {logging_mixin.py:190} INFO - [2026-07-17T20:22:54.879+0530] {dagbag.py:588} INFO - Filling up the DagBag from /Users/bhavishyachallagolla/Desktop/RetailSense/.venv/lib/python3.12/site-packages/airflow/example_dags/example_xcomargs.py
[2026-07-17T20:22:54.891+0530] {processor.py:925} INFO - DAG(s) 'example_xcom_args_with_operators', 'example_xcom_args' retrieved from /Users/bhavishyachallagolla/Desktop/RetailSense/.venv/lib/python3.12/site-packages/airflow/example_dags/example_xcomargs.py
[2026-07-17T20:22:54.916+0530] {logging_mixin.py:190} INFO - [2026-07-17T20:22:54.916+0530] {dag.py:3239} INFO - Sync 2 DAGs
[2026-07-17T20:22:54.919+0530] {logging_mixin.py:190} INFO - [2026-07-17T20:22:54.919+0530] {dag.py:4180} INFO - Setting next_dagrun for example_xcom_args to None, run_after=None
[2026-07-17T20:22:54.920+0530] {logging_mixin.py:190} INFO - [2026-07-17T20:22:54.920+0530] {dag.py:4180} INFO - Setting next_dagrun for example_xcom_args_with_operators to None, run_after=None
[2026-07-17T20:22:54.924+0530] {processor.py:208} INFO - Processing /Users/bhavishyachallagolla/Desktop/RetailSense/.venv/lib/python3.12/site-packages/airflow/example_dags/example_xcomargs.py took 0.047 seconds
[2026-07-17T20:23:45.379+0530] {processor.py:186} INFO - Started process (PID=88560) to work on /Users/bhavishyachallagolla/Desktop/RetailSense/.venv/lib/python3.12/site-packages/airflow/example_dags/example_xcomargs.py
[2026-07-17T20:23:45.379+0530] {processor.py:914} INFO - Processing file /Users/bhavishyachallagolla/Desktop/RetailSense/.venv/lib/python3.12/site-packages/airflow/example_dags/example_xcomargs.py for tasks to queue
[2026-07-17T20:23:45.380+0530] {logging_mixin.py:190} INFO - [2026-07-17T20:23:45.379+0530] {dagbag.py:588} INFO - Filling up the DagBag from /Users/bhavishyachallagolla/Desktop/RetailSense/.venv/lib/python3.12/site-packages/airflow/example_dags/example_xcomargs.py
[2026-07-17T20:23:45.392+0530] {processor.py:925} INFO - DAG(s) 'example_xcom_args_with_operators', 'example_xcom_args' retrieved from /Users/bhavishyachallagolla/Desktop/RetailSense/.venv/lib/python3.12/site-packages/airflow/example_dags/example_xcomargs.py
[2026-07-17T20:23:45.417+0530] {logging_mixin.py:190} INFO - [2026-07-17T20:23:45.417+0530] {dag.py:3239} INFO - Sync 2 DAGs
[2026-07-17T20:23:45.420+0530] {logging_mixin.py:190} INFO - [2026-07-17T20:23:45.420+0530] {dag.py:4180} INFO - Setting next_dagrun for example_xcom_args to None, run_after=None
[2026-07-17T20:23:45.421+0530] {logging_mixin.py:190} INFO - [2026-07-17T20:23:45.421+0530] {dag.py:4180} INFO - Setting next_dagrun for example_xcom_args_with_operators to None, run_after=None
[2026-07-17T20:23:45.425+0530] {processor.py:208} INFO - Processing /Users/bhavishyachallagolla/Desktop/RetailSense/.venv/lib/python3.12/site-packages/airflow/example_dags/example_xcomargs.py took 0.047 seconds
[2026-07-17T20:24:36.043+0530] {processor.py:186} INFO - Started process (PID=88636) to work on /Users/bhavishyachallagolla/Desktop/RetailSense/.venv/lib/python3.12/site-packages/airflow/example_dags/example_xcomargs.py
[2026-07-17T20:24:36.043+0530] {processor.py:914} INFO - Processing file /Users/bhavishyachallagolla/Desktop/RetailSense/.venv/lib/python3.12/site-packages/airflow/example_dags/example_xcomargs.py for tasks to queue
[2026-07-17T20:24:36.044+0530] {logging_mixin.py:190} INFO - [2026-07-17T20:24:36.044+0530] {dagbag.py:588} INFO - Filling up the DagBag from /Users/bhavishyachallagolla/Desktop/RetailSense/.venv/lib/python3.12/site-packages/airflow/example_dags/example_xcomargs.py
[2026-07-17T20:24:36.056+0530] {processor.py:925} INFO - DAG(s) 'example_xcom_args_with_operators', 'example_xcom_args' retrieved from /Users/bhavishyachallagolla/Desktop/RetailSense/.venv/lib/python3.12/site-packages/airflow/example_dags/example_xcomargs.py
[2026-07-17T20:24:36.082+0530] {logging_mixin.py:190} INFO - [2026-07-17T20:24:36.082+0530] {dag.py:3239} INFO - Sync 2 DAGs
[2026-07-17T20:24:36.085+0530] {logging_mixin.py:190} INFO - [2026-07-17T20:24:36.085+0530] {dag.py:4180} INFO - Setting next_dagrun for example_xcom_args to None, run_after=None
[2026-07-17T20:24:36.086+0530] {logging_mixin.py:190} INFO - [2026-07-17T20:24:36.086+0530] {dag.py:4180} INFO - Setting next_dagrun for example_xcom_args_with_operators to None, run_after=None
[2026-07-17T20:24:36.090+0530] {processor.py:208} INFO - Processing /Users/bhavishyachallagolla/Desktop/RetailSense/.venv/lib/python3.12/site-packages/airflow/example_dags/example_xcomargs.py took 0.049 seconds
[2026-07-17T20:25:26.406+0530] {processor.py:186} INFO - Started process (PID=88710) to work on /Users/bhavishyachallagolla/Desktop/RetailSense/.venv/lib/python3.12/site-packages/airflow/example_dags/example_xcomargs.py
[2026-07-17T20:25:26.407+0530] {processor.py:914} INFO - Processing file /Users/bhavishyachallagolla/Desktop/RetailSense/.venv/lib/python3.12/site-packages/airflow/example_dags/example_xcomargs.py for tasks to queue
[2026-07-17T20:25:26.407+0530] {logging_mixin.py:190} INFO - [2026-07-17T20:25:26.407+0530] {dagbag.py:588} INFO - Filling up the DagBag from /Users/bhavishyachallagolla/Desktop/RetailSense/.venv/lib/python3.12/site-packages/airflow/example_dags/example_xcomargs.py
[2026-07-17T20:25:26.420+0530] {processor.py:925} INFO - DAG(s) 'example_xcom_args', 'example_xcom_args_with_operators' retrieved from /Users/bhavishyachallagolla/Desktop/RetailSense/.venv/lib/python3.12/site-packages/airflow/example_dags/example_xcomargs.py
[2026-07-17T20:25:26.445+0530] {logging_mixin.py:190} INFO - [2026-07-17T20:25:26.445+0530] {dag.py:3239} INFO - Sync 2 DAGs
[2026-07-17T20:25:26.448+0530] {logging_mixin.py:190} INFO - [2026-07-17T20:25:26.448+0530] {dag.py:4180} INFO - Setting next_dagrun for example_xcom_args to None, run_after=None
[2026-07-17T20:25:26.449+0530] {logging_mixin.py:190} INFO - [2026-07-17T20:25:26.449+0530] {dag.py:4180} INFO - Setting next_dagrun for example_xcom_args_with_operators to None, run_after=None
[2026-07-17T20:25:26.453+0530] {processor.py:208} INFO - Processing /Users/bhavishyachallagolla/Desktop/RetailSense/.venv/lib/python3.12/site-packages/airflow/example_dags/example_xcomargs.py took 0.048 seconds
[2026-07-17T20:26:16.952+0530] {processor.py:186} INFO - Started process (PID=88799) to work on /Users/bhavishyachallagolla/Desktop/RetailSense/.venv/lib/python3.12/site-packages/airflow/example_dags/example_xcomargs.py
[2026-07-17T20:26:16.953+0530] {processor.py:914} INFO - Processing file /Users/bhavishyachallagolla/Desktop/RetailSense/.venv/lib/python3.12/site-packages/airflow/example_dags/example_xcomargs.py for tasks to queue
[2026-07-17T20:26:16.953+0530] {logging_mixin.py:190} INFO - [2026-07-17T20:26:16.953+0530] {dagbag.py:588} INFO - Filling up the DagBag from /Users/bhavishyachallagolla/Desktop/RetailSense/.venv/lib/python3.12/site-packages/airflow/example_dags/example_xcomargs.py
[2026-07-17T20:26:16.966+0530] {processor.py:925} INFO - DAG(s) 'example_xcom_args_with_operators', 'example_xcom_args' retrieved from /Users/bhavishyachallagolla/Desktop/RetailSense/.venv/lib/python3.12/site-packages/airflow/example_dags/example_xcomargs.py
[2026-07-17T20:26:16.993+0530] {logging_mixin.py:190} INFO - [2026-07-17T20:26:16.993+0530] {dag.py:3239} INFO - Sync 2 DAGs
[2026-07-17T20:26:16.996+0530] {logging_mixin.py:190} INFO - [2026-07-17T20:26:16.996+0530] {dag.py:4180} INFO - Setting next_dagrun for example_xcom_args to None, run_after=None
[2026-07-17T20:26:16.997+0530] {logging_mixin.py:190} INFO - [2026-07-17T20:26:16.996+0530] {dag.py:4180} INFO - Setting next_dagrun for example_xcom_args_with_operators to None, run_after=None
[2026-07-17T20:26:17.001+0530] {processor.py:208} INFO - Processing /Users/bhavishyachallagolla/Desktop/RetailSense/.venv/lib/python3.12/site-packages/airflow/example_dags/example_xcomargs.py took 0.050 seconds
[2026-07-17T20:27:07.343+0530] {processor.py:186} INFO - Started process (PID=88879) to work on /Users/bhavishyachallagolla/Desktop/RetailSense/.venv/lib/python3.12/site-packages/airflow/example_dags/example_xcomargs.py
[2026-07-17T20:27:07.344+0530] {processor.py:914} INFO - Processing file /Users/bhavishyachallagolla/Desktop/RetailSense/.venv/lib/python3.12/site-packages/airflow/example_dags/example_xcomargs.py for tasks to queue
[2026-07-17T20:27:07.344+0530] {logging_mixin.py:190} INFO - [2026-07-17T20:27:07.344+0530] {dagbag.py:588} INFO - Filling up the DagBag from /Users/bhavishyachallagolla/Desktop/RetailSense/.venv/lib/python3.12/site-packages/airflow/example_dags/example_xcomargs.py
[2026-07-17T20:27:07.356+0530] {processor.py:925} INFO - DAG(s) 'example_xcom_args', 'example_xcom_args_with_operators' retrieved from /Users/bhavishyachallagolla/Desktop/RetailSense/.venv/lib/python3.12/site-packages/airflow/example_dags/example_xcomargs.py
[2026-07-17T20:27:07.381+0530] {logging_mixin.py:190} INFO - [2026-07-17T20:27:07.381+0530] {dag.py:3239} INFO - Sync 2 DAGs
[2026-07-17T20:27:07.384+0530] {logging_mixin.py:190} INFO - [2026-07-17T20:27:07.383+0530] {dag.py:4180} INFO - Setting next_dagrun for example_xcom_args to None, run_after=None
[2026-07-17T20:27:07.384+0530] {logging_mixin.py:190} INFO - [2026-07-17T20:27:07.384+0530] {dag.py:4180} INFO - Setting next_dagrun for example_xcom_args_with_operators to None, run_after=None
[2026-07-17T20:27:07.388+0530] {processor.py:208} INFO - Processing /Users/bhavishyachallagolla/Desktop/RetailSense/.venv/lib/python3.12/site-packages/airflow/example_dags/example_xcomargs.py took 0.046 seconds
[2026-07-17T20:27:55.990+0530] {processor.py:186} INFO - Started process (PID=88953) to work on /Users/bhavishyachallagolla/Desktop/RetailSense/.venv/lib/python3.12/site-packages/airflow/example_dags/example_xcomargs.py
[2026-07-17T20:27:55.991+0530] {processor.py:914} INFO - Processing file /Users/bhavishyachallagolla/Desktop/RetailSense/.venv/lib/python3.12/site-packages/airflow/example_dags/example_xcomargs.py for tasks to queue
[2026-07-17T20:27:55.991+0530] {logging_mixin.py:190} INFO - [2026-07-17T20:27:55.991+0530] {dagbag.py:588} INFO - Filling up the DagBag from /Users/bhavishyachallagolla/Desktop/RetailSense/.venv/lib/python3.12/site-packages/airflow/example_dags/example_xcomargs.py
[2026-07-17T20:27:56.003+0530] {processor.py:925} INFO - DAG(s) 'example_xcom_args', 'example_xcom_args_with_operators' retrieved from /Users/bhavishyachallagolla/Desktop/RetailSense/.venv/lib/python3.12/site-packages/airflow/example_dags/example_xcomargs.py
[2026-07-17T20:27:56.028+0530] {logging_mixin.py:190} INFO - [2026-07-17T20:27:56.028+0530] {dag.py:3239} INFO - Sync 2 DAGs
[2026-07-17T20:27:56.031+0530] {logging_mixin.py:190} INFO - [2026-07-17T20:27:56.031+0530] {dag.py:4180} INFO - Setting next_dagrun for example_xcom_args to None, run_after=None
[2026-07-17T20:27:56.032+0530] {logging_mixin.py:190} INFO - [2026-07-17T20:27:56.032+0530] {dag.py:4180} INFO - Setting next_dagrun for example_xcom_args_with_operators to None, run_after=None
[2026-07-17T20:27:56.036+0530] {processor.py:208} INFO - Processing /Users/bhavishyachallagolla/Desktop/RetailSense/.venv/lib/python3.12/site-packages/airflow/example_dags/example_xcomargs.py took 0.047 seconds
[2026-07-17T20:28:46.460+0530] {processor.py:186} INFO - Started process (PID=89029) to work on /Users/bhavishyachallagolla/Desktop/RetailSense/.venv/lib/python3.12/site-packages/airflow/example_dags/example_xcomargs.py
[2026-07-17T20:28:46.461+0530] {processor.py:914} INFO - Processing file /Users/bhavishyachallagolla/Desktop/RetailSense/.venv/lib/python3.12/site-packages/airflow/example_dags/example_xcomargs.py for tasks to queue
[2026-07-17T20:28:46.461+0530] {logging_mixin.py:190} INFO - [2026-07-17T20:28:46.461+0530] {dagbag.py:588} INFO - Filling up the DagBag from /Users/bhavishyachallagolla/Desktop/RetailSense/.venv/lib/python3.12/site-packages/airflow/example_dags/example_xcomargs.py
[2026-07-17T20:28:46.474+0530] {processor.py:925} INFO - DAG(s) 'example_xcom_args', 'example_xcom_args_with_operators' retrieved from /Users/bhavishyachallagolla/Desktop/RetailSense/.venv/lib/python3.12/site-packages/airflow/example_dags/example_xcomargs.py
[2026-07-17T20:28:46.500+0530] {logging_mixin.py:190} INFO - [2026-07-17T20:28:46.500+0530] {dag.py:3239} INFO - Sync 2 DAGs
[2026-07-17T20:28:46.503+0530] {logging_mixin.py:190} INFO - [2026-07-17T20:28:46.503+0530] {dag.py:4180} INFO - Setting next_dagrun for example_xcom_args to None, run_after=None
[2026-07-17T20:28:46.504+0530] {logging_mixin.py:190} INFO - [2026-07-17T20:28:46.504+0530] {dag.py:4180} INFO - Setting next_dagrun for example_xcom_args_with_operators to None, run_after=None
[2026-07-17T20:28:46.508+0530] {processor.py:208} INFO - Processing /Users/bhavishyachallagolla/Desktop/RetailSense/.venv/lib/python3.12/site-packages/airflow/example_dags/example_xcomargs.py took 0.048 seconds
[2026-07-17T20:29:34.519+0530] {processor.py:186} INFO - Started process (PID=89102) to work on /Users/bhavishyachallagolla/Desktop/RetailSense/.venv/lib/python3.12/site-packages/airflow/example_dags/example_xcomargs.py
[2026-07-17T20:29:34.519+0530] {processor.py:914} INFO - Processing file /Users/bhavishyachallagolla/Desktop/RetailSense/.venv/lib/python3.12/site-packages/airflow/example_dags/example_xcomargs.py for tasks to queue
[2026-07-17T20:29:34.519+0530] {logging_mixin.py:190} INFO - [2026-07-17T20:29:34.519+0530] {dagbag.py:588} INFO - Filling up the DagBag from /Users/bhavishyachallagolla/Desktop/RetailSense/.venv/lib/python3.12/site-packages/airflow/example_dags/example_xcomargs.py
[2026-07-17T20:29:34.531+0530] {processor.py:925} INFO - DAG(s) 'example_xcom_args_with_operators', 'example_xcom_args' retrieved from /Users/bhavishyachallagolla/Desktop/RetailSense/.venv/lib/python3.12/site-packages/airflow/example_dags/example_xcomargs.py
[2026-07-17T20:29:34.556+0530] {logging_mixin.py:190} INFO - [2026-07-17T20:29:34.556+0530] {dag.py:3239} INFO - Sync 2 DAGs
[2026-07-17T20:29:34.559+0530] {logging_mixin.py:190} INFO - [2026-07-17T20:29:34.559+0530] {dag.py:4180} INFO - Setting next_dagrun for example_xcom_args to None, run_after=None
[2026-07-17T20:29:34.560+0530] {logging_mixin.py:190} INFO - [2026-07-17T20:29:34.560+0530] {dag.py:4180} INFO - Setting next_dagrun for example_xcom_args_with_operators to None, run_after=None
[2026-07-17T20:29:34.564+0530] {processor.py:208} INFO - Processing /Users/bhavishyachallagolla/Desktop/RetailSense/.venv/lib/python3.12/site-packages/airflow/example_dags/example_xcomargs.py took 0.047 seconds
[2026-07-17T20:30:23.469+0530] {processor.py:186} INFO - Started process (PID=89184) to work on /Users/bhavishyachallagolla/Desktop/RetailSense/.venv/lib/python3.12/site-packages/airflow/example_dags/example_xcomargs.py
[2026-07-17T20:30:23.470+0530] {processor.py:914} INFO - Processing file /Users/bhavishyachallagolla/Desktop/RetailSense/.venv/lib/python3.12/site-packages/airflow/example_dags/example_xcomargs.py for tasks to queue
[2026-07-17T20:30:23.470+0530] {logging_mixin.py:190} INFO - [2026-07-17T20:30:23.470+0530] {dagbag.py:588} INFO - Filling up the DagBag from /Users/bhavishyachallagolla/Desktop/RetailSense/.venv/lib/python3.12/site-packages/airflow/example_dags/example_xcomargs.py
[2026-07-17T20:30:23.482+0530] {processor.py:925} INFO - DAG(s) 'example_xcom_args_with_operators', 'example_xcom_args' retrieved from /Users/bhavishyachallagolla/Desktop/RetailSense/.venv/lib/python3.12/site-packages/airflow/example_dags/example_xcomargs.py
[2026-07-17T20:30:23.508+0530] {logging_mixin.py:190} INFO - [2026-07-17T20:30:23.507+0530] {dag.py:3239} INFO - Sync 2 DAGs
[2026-07-17T20:30:23.510+0530] {logging_mixin.py:190} INFO - [2026-07-17T20:30:23.510+0530] {dag.py:4180} INFO - Setting next_dagrun for example_xcom_args to None, run_after=None
[2026-07-17T20:30:23.511+0530] {logging_mixin.py:190} INFO - [2026-07-17T20:30:23.511+0530] {dag.py:4180} INFO - Setting next_dagrun for example_xcom_args_with_operators to None, run_after=None
[2026-07-17T20:30:23.515+0530] {processor.py:208} INFO - Processing /Users/bhavishyachallagolla/Desktop/RetailSense/.venv/lib/python3.12/site-packages/airflow/example_dags/example_xcomargs.py took 0.048 seconds
[2026-07-17T20:31:14.122+0530] {processor.py:186} INFO - Started process (PID=89259) to work on /Users/bhavishyachallagolla/Desktop/RetailSense/.venv/lib/python3.12/site-packages/airflow/example_dags/example_xcomargs.py
[2026-07-17T20:31:14.122+0530] {processor.py:914} INFO - Processing file /Users/bhavishyachallagolla/Desktop/RetailSense/.venv/lib/python3.12/site-packages/airflow/example_dags/example_xcomargs.py for tasks to queue
[2026-07-17T20:31:14.123+0530] {logging_mixin.py:190} INFO - [2026-07-17T20:31:14.123+0530] {dagbag.py:588} INFO - Filling up the DagBag from /Users/bhavishyachallagolla/Desktop/RetailSense/.venv/lib/python3.12/site-packages/airflow/example_dags/example_xcomargs.py
[2026-07-17T20:31:14.135+0530] {processor.py:925} INFO - DAG(s) 'example_xcom_args', 'example_xcom_args_with_operators' retrieved from /Users/bhavishyachallagolla/Desktop/RetailSense/.venv/lib/python3.12/site-packages/airflow/example_dags/example_xcomargs.py
[2026-07-17T20:31:14.160+0530] {logging_mixin.py:190} INFO - [2026-07-17T20:31:14.160+0530] {dag.py:3239} INFO - Sync 2 DAGs
[2026-07-17T20:31:14.163+0530] {logging_mixin.py:190} INFO - [2026-07-17T20:31:14.163+0530] {dag.py:4180} INFO - Setting next_dagrun for example_xcom_args to None, run_after=None
[2026-07-17T20:31:14.164+0530] {logging_mixin.py:190} INFO - [2026-07-17T20:31:14.163+0530] {dag.py:4180} INFO - Setting next_dagrun for example_xcom_args_with_operators to None, run_after=None
[2026-07-17T20:31:14.168+0530] {processor.py:208} INFO - Processing /Users/bhavishyachallagolla/Desktop/RetailSense/.venv/lib/python3.12/site-packages/airflow/example_dags/example_xcomargs.py took 0.047 seconds
[2026-07-17T20:32:04.581+0530] {processor.py:186} INFO - Started process (PID=89334) to work on /Users/bhavishyachallagolla/Desktop/RetailSense/.venv/lib/python3.12/site-packages/airflow/example_dags/example_xcomargs.py
[2026-07-17T20:32:04.581+0530] {processor.py:914} INFO - Processing file /Users/bhavishyachallagolla/Desktop/RetailSense/.venv/lib/python3.12/site-packages/airflow/example_dags/example_xcomargs.py for tasks to queue
[2026-07-17T20:32:04.581+0530] {logging_mixin.py:190} INFO - [2026-07-17T20:32:04.581+0530] {dagbag.py:588} INFO - Filling up the DagBag from /Users/bhavishyachallagolla/Desktop/RetailSense/.venv/lib/python3.12/site-packages/airflow/example_dags/example_xcomargs.py
[2026-07-17T20:32:04.593+0530] {processor.py:925} INFO - DAG(s) 'example_xcom_args_with_operators', 'example_xcom_args' retrieved from /Users/bhavishyachallagolla/Desktop/RetailSense/.venv/lib/python3.12/site-packages/airflow/example_dags/example_xcomargs.py
[2026-07-17T20:32:04.618+0530] {logging_mixin.py:190} INFO - [2026-07-17T20:32:04.618+0530] {dag.py:3239} INFO - Sync 2 DAGs
[2026-07-17T20:32:04.621+0530] {logging_mixin.py:190} INFO - [2026-07-17T20:32:04.621+0530] {dag.py:4180} INFO - Setting next_dagrun for example_xcom_args to None, run_after=None
[2026-07-17T20:32:04.622+0530] {logging_mixin.py:190} INFO - [2026-07-17T20:32:04.622+0530] {dag.py:4180} INFO - Setting next_dagrun for example_xcom_args_with_operators to None, run_after=None
[2026-07-17T20:32:04.626+0530] {processor.py:208} INFO - Processing /Users/bhavishyachallagolla/Desktop/RetailSense/.venv/lib/python3.12/site-packages/airflow/example_dags/example_xcomargs.py took 0.046 seconds
[2026-07-17T20:32:55.059+0530] {processor.py:186} INFO - Started process (PID=89409) to work on /Users/bhavishyachallagolla/Desktop/RetailSense/.venv/lib/python3.12/site-packages/airflow/example_dags/example_xcomargs.py
[2026-07-17T20:32:55.059+0530] {processor.py:914} INFO - Processing file /Users/bhavishyachallagolla/Desktop/RetailSense/.venv/lib/python3.12/site-packages/airflow/example_dags/example_xcomargs.py for tasks to queue
[2026-07-17T20:32:55.060+0530] {logging_mixin.py:190} INFO - [2026-07-17T20:32:55.060+0530] {dagbag.py:588} INFO - Filling up the DagBag from /Users/bhavishyachallagolla/Desktop/RetailSense/.venv/lib/python3.12/site-packages/airflow/example_dags/example_xcomargs.py
[2026-07-17T20:32:55.071+0530] {processor.py:925} INFO - DAG(s) 'example_xcom_args_with_operators', 'example_xcom_args' retrieved from /Users/bhavishyachallagolla/Desktop/RetailSense/.venv/lib/python3.12/site-packages/airflow/example_dags/example_xcomargs.py
[2026-07-17T20:32:55.096+0530] {logging_mixin.py:190} INFO - [2026-07-17T20:32:55.096+0530] {dag.py:3239} INFO - Sync 2 DAGs
[2026-07-17T20:32:55.099+0530] {logging_mixin.py:190} INFO - [2026-07-17T20:32:55.098+0530] {dag.py:4180} INFO - Setting next_dagrun for example_xcom_args to None, run_after=None
[2026-07-17T20:32:55.099+0530] {logging_mixin.py:190} INFO - [2026-07-17T20:32:55.099+0530] {dag.py:4180} INFO - Setting next_dagrun for example_xcom_args_with_operators to None, run_after=None
[2026-07-17T20:32:55.103+0530] {processor.py:208} INFO - Processing /Users/bhavishyachallagolla/Desktop/RetailSense/.venv/lib/python3.12/site-packages/airflow/example_dags/example_xcomargs.py took 0.045 seconds
[2026-07-17T20:33:45.487+0530] {processor.py:186} INFO - Started process (PID=89484) to work on /Users/bhavishyachallagolla/Desktop/RetailSense/.venv/lib/python3.12/site-packages/airflow/example_dags/example_xcomargs.py
[2026-07-17T20:33:45.487+0530] {processor.py:914} INFO - Processing file /Users/bhavishyachallagolla/Desktop/RetailSense/.venv/lib/python3.12/site-packages/airflow/example_dags/example_xcomargs.py for tasks to queue
[2026-07-17T20:33:45.487+0530] {logging_mixin.py:190} INFO - [2026-07-17T20:33:45.487+0530] {dagbag.py:588} INFO - Filling up the DagBag from /Users/bhavishyachallagolla/Desktop/RetailSense/.venv/lib/python3.12/site-packages/airflow/example_dags/example_xcomargs.py
[2026-07-17T20:33:45.499+0530] {processor.py:925} INFO - DAG(s) 'example_xcom_args_with_operators', 'example_xcom_args' retrieved from /Users/bhavishyachallagolla/Desktop/RetailSense/.venv/lib/python3.12/site-packages/airflow/example_dags/example_xcomargs.py
[2026-07-17T20:33:45.524+0530] {logging_mixin.py:190} INFO - [2026-07-17T20:33:45.524+0530] {dag.py:3239} INFO - Sync 2 DAGs
[2026-07-17T20:33:45.527+0530] {logging_mixin.py:190} INFO - [2026-07-17T20:33:45.527+0530] {dag.py:4180} INFO - Setting next_dagrun for example_xcom_args to None, run_after=None
[2026-07-17T20:33:45.527+0530] {logging_mixin.py:190} INFO - [2026-07-17T20:33:45.527+0530] {dag.py:4180} INFO - Setting next_dagrun for example_xcom_args_with_operators to None, run_after=None
[2026-07-17T20:33:45.531+0530] {processor.py:208} INFO - Processing /Users/bhavishyachallagolla/Desktop/RetailSense/.venv/lib/python3.12/site-packages/airflow/example_dags/example_xcomargs.py took 0.046 seconds
[2026-07-17T20:34:35.978+0530] {processor.py:186} INFO - Started process (PID=89559) to work on /Users/bhavishyachallagolla/Desktop/RetailSense/.venv/lib/python3.12/site-packages/airflow/example_dags/example_xcomargs.py
[2026-07-17T20:34:35.978+0530] {processor.py:914} INFO - Processing file /Users/bhavishyachallagolla/Desktop/RetailSense/.venv/lib/python3.12/site-packages/airflow/example_dags/example_xcomargs.py for tasks to queue
[2026-07-17T20:34:35.978+0530] {logging_mixin.py:190} INFO - [2026-07-17T20:34:35.978+0530] {dagbag.py:588} INFO - Filling up the DagBag from /Users/bhavishyachallagolla/Desktop/RetailSense/.venv/lib/python3.12/site-packages/airflow/example_dags/example_xcomargs.py
[2026-07-17T20:34:35.991+0530] {processor.py:925} INFO - DAG(s) 'example_xcom_args_with_operators', 'example_xcom_args' retrieved from /Users/bhavishyachallagolla/Desktop/RetailSense/.venv/lib/python3.12/site-packages/airflow/example_dags/example_xcomargs.py
[2026-07-17T20:34:36.016+0530] {logging_mixin.py:190} INFO - [2026-07-17T20:34:36.016+0530] {dag.py:3239} INFO - Sync 2 DAGs
[2026-07-17T20:34:36.019+0530] {logging_mixin.py:190} INFO - [2026-07-17T20:34:36.018+0530] {dag.py:4180} INFO - Setting next_dagrun for example_xcom_args to None, run_after=None
[2026-07-17T20:34:36.019+0530] {logging_mixin.py:190} INFO - [2026-07-17T20:34:36.019+0530] {dag.py:4180} INFO - Setting next_dagrun for example_xcom_args_with_operators to None, run_after=None
[2026-07-17T20:34:36.024+0530] {processor.py:208} INFO - Processing /Users/bhavishyachallagolla/Desktop/RetailSense/.venv/lib/python3.12/site-packages/airflow/example_dags/example_xcomargs.py took 0.047 seconds
[2026-07-17T20:35:26.029+0530] {processor.py:186} INFO - Started process (PID=89633) to work on /Users/bhavishyachallagolla/Desktop/RetailSense/.venv/lib/python3.12/site-packages/airflow/example_dags/example_xcomargs.py
[2026-07-17T20:35:26.030+0530] {processor.py:914} INFO - Processing file /Users/bhavishyachallagolla/Desktop/RetailSense/.venv/lib/python3.12/site-packages/airflow/example_dags/example_xcomargs.py for tasks to queue
[2026-07-17T20:35:26.030+0530] {logging_mixin.py:190} INFO - [2026-07-17T20:35:26.030+0530] {dagbag.py:588} INFO - Filling up the DagBag from /Users/bhavishyachallagolla/Desktop/RetailSense/.venv/lib/python3.12/site-packages/airflow/example_dags/example_xcomargs.py
[2026-07-17T20:35:26.042+0530] {processor.py:925} INFO - DAG(s) 'example_xcom_args', 'example_xcom_args_with_operators' retrieved from /Users/bhavishyachallagolla/Desktop/RetailSense/.venv/lib/python3.12/site-packages/airflow/example_dags/example_xcomargs.py
[2026-07-17T20:35:26.067+0530] {logging_mixin.py:190} INFO - [2026-07-17T20:35:26.067+0530] {dag.py:3239} INFO - Sync 2 DAGs
[2026-07-17T20:35:26.070+0530] {logging_mixin.py:190} INFO - [2026-07-17T20:35:26.070+0530] {dag.py:4180} INFO - Setting next_dagrun for example_xcom_args to None, run_after=None
[2026-07-17T20:35:26.071+0530] {logging_mixin.py:190} INFO - [2026-07-17T20:35:26.071+0530] {dag.py:4180} INFO - Setting next_dagrun for example_xcom_args_with_operators to None, run_after=None
[2026-07-17T20:35:26.075+0530] {processor.py:208} INFO - Processing /Users/bhavishyachallagolla/Desktop/RetailSense/.venv/lib/python3.12/site-packages/airflow/example_dags/example_xcomargs.py took 0.047 seconds
[2026-07-17T20:36:16.557+0530] {processor.py:186} INFO - Started process (PID=89709) to work on /Users/bhavishyachallagolla/Desktop/RetailSense/.venv/lib/python3.12/site-packages/airflow/example_dags/example_xcomargs.py
[2026-07-17T20:36:16.557+0530] {processor.py:914} INFO - Processing file /Users/bhavishyachallagolla/Desktop/RetailSense/.venv/lib/python3.12/site-packages/airflow/example_dags/example_xcomargs.py for tasks to queue
[2026-07-17T20:36:16.557+0530] {logging_mixin.py:190} INFO - [2026-07-17T20:36:16.557+0530] {dagbag.py:588} INFO - Filling up the DagBag from /Users/bhavishyachallagolla/Desktop/RetailSense/.venv/lib/python3.12/site-packages/airflow/example_dags/example_xcomargs.py
[2026-07-17T20:36:16.569+0530] {processor.py:925} INFO - DAG(s) 'example_xcom_args_with_operators', 'example_xcom_args' retrieved from /Users/bhavishyachallagolla/Desktop/RetailSense/.venv/lib/python3.12/site-packages/airflow/example_dags/example_xcomargs.py
[2026-07-17T20:36:16.594+0530] {logging_mixin.py:190} INFO - [2026-07-17T20:36:16.594+0530] {dag.py:3239} INFO - Sync 2 DAGs
[2026-07-17T20:36:16.597+0530] {logging_mixin.py:190} INFO - [2026-07-17T20:36:16.597+0530] {dag.py:4180} INFO - Setting next_dagrun for example_xcom_args to None, run_after=None
[2026-07-17T20:36:16.598+0530] {logging_mixin.py:190} INFO - [2026-07-17T20:36:16.598+0530] {dag.py:4180} INFO - Setting next_dagrun for example_xcom_args_with_operators to None, run_after=None
[2026-07-17T20:36:16.602+0530] {processor.py:208} INFO - Processing /Users/bhavishyachallagolla/Desktop/RetailSense/.venv/lib/python3.12/site-packages/airflow/example_dags/example_xcomargs.py took 0.046 seconds
[2026-07-17T20:37:06.981+0530] {processor.py:186} INFO - Started process (PID=89784) to work on /Users/bhavishyachallagolla/Desktop/RetailSense/.venv/lib/python3.12/site-packages/airflow/example_dags/example_xcomargs.py
[2026-07-17T20:37:06.981+0530] {processor.py:914} INFO - Processing file /Users/bhavishyachallagolla/Desktop/RetailSense/.venv/lib/python3.12/site-packages/airflow/example_dags/example_xcomargs.py for tasks to queue
[2026-07-17T20:37:06.982+0530] {logging_mixin.py:190} INFO - [2026-07-17T20:37:06.982+0530] {dagbag.py:588} INFO - Filling up the DagBag from /Users/bhavishyachallagolla/Desktop/RetailSense/.venv/lib/python3.12/site-packages/airflow/example_dags/example_xcomargs.py
[2026-07-17T20:37:06.994+0530] {processor.py:925} INFO - DAG(s) 'example_xcom_args', 'example_xcom_args_with_operators' retrieved from /Users/bhavishyachallagolla/Desktop/RetailSense/.venv/lib/python3.12/site-packages/airflow/example_dags/example_xcomargs.py
[2026-07-17T20:37:07.019+0530] {logging_mixin.py:190} INFO - [2026-07-17T20:37:07.019+0530] {dag.py:3239} INFO - Sync 2 DAGs
[2026-07-17T20:37:07.022+0530] {logging_mixin.py:190} INFO - [2026-07-17T20:37:07.021+0530] {dag.py:4180} INFO - Setting next_dagrun for example_xcom_args to None, run_after=None
[2026-07-17T20:37:07.022+0530] {logging_mixin.py:190} INFO - [2026-07-17T20:37:07.022+0530] {dag.py:4180} INFO - Setting next_dagrun for example_xcom_args_with_operators to None, run_after=None
[2026-07-17T20:37:07.027+0530] {processor.py:208} INFO - Processing /Users/bhavishyachallagolla/Desktop/RetailSense/.venv/lib/python3.12/site-packages/airflow/example_dags/example_xcomargs.py took 0.046 seconds
[2026-07-17T20:37:58.000+0530] {processor.py:186} INFO - Started process (PID=89860) to work on /Users/bhavishyachallagolla/Desktop/RetailSense/.venv/lib/python3.12/site-packages/airflow/example_dags/example_xcomargs.py
[2026-07-17T20:37:58.001+0530] {processor.py:914} INFO - Processing file /Users/bhavishyachallagolla/Desktop/RetailSense/.venv/lib/python3.12/site-packages/airflow/example_dags/example_xcomargs.py for tasks to queue
[2026-07-17T20:37:58.001+0530] {logging_mixin.py:190} INFO - [2026-07-17T20:37:58.001+0530] {dagbag.py:588} INFO - Filling up the DagBag from /Users/bhavishyachallagolla/Desktop/RetailSense/.venv/lib/python3.12/site-packages/airflow/example_dags/example_xcomargs.py
[2026-07-17T20:37:58.013+0530] {processor.py:925} INFO - DAG(s) 'example_xcom_args_with_operators', 'example_xcom_args' retrieved from /Users/bhavishyachallagolla/Desktop/RetailSense/.venv/lib/python3.12/site-packages/airflow/example_dags/example_xcomargs.py
[2026-07-17T20:37:58.038+0530] {logging_mixin.py:190} INFO - [2026-07-17T20:37:58.038+0530] {dag.py:3239} INFO - Sync 2 DAGs
[2026-07-17T20:37:58.040+0530] {logging_mixin.py:190} INFO - [2026-07-17T20:37:58.040+0530] {dag.py:4180} INFO - Setting next_dagrun for example_xcom_args to None, run_after=None
[2026-07-17T20:37:58.041+0530] {logging_mixin.py:190} INFO - [2026-07-17T20:37:58.041+0530] {dag.py:4180} INFO - Setting next_dagrun for example_xcom_args_with_operators to None, run_after=None
[2026-07-17T20:37:58.045+0530] {processor.py:208} INFO - Processing /Users/bhavishyachallagolla/Desktop/RetailSense/.venv/lib/python3.12/site-packages/airflow/example_dags/example_xcomargs.py took 0.046 seconds
[2026-07-17T20:38:48.849+0530] {processor.py:186} INFO - Started process (PID=89946) to work on /Users/bhavishyachallagolla/Desktop/RetailSense/.venv/lib/python3.12/site-packages/airflow/example_dags/example_xcomargs.py
[2026-07-17T20:38:48.850+0530] {processor.py:914} INFO - Processing file /Users/bhavishyachallagolla/Desktop/RetailSense/.venv/lib/python3.12/site-packages/airflow/example_dags/example_xcomargs.py for tasks to queue
[2026-07-17T20:38:48.850+0530] {logging_mixin.py:190} INFO - [2026-07-17T20:38:48.850+0530] {dagbag.py:588} INFO - Filling up the DagBag from /Users/bhavishyachallagolla/Desktop/RetailSense/.venv/lib/python3.12/site-packages/airflow/example_dags/example_xcomargs.py
[2026-07-17T20:38:48.862+0530] {processor.py:925} INFO - DAG(s) 'example_xcom_args_with_operators', 'example_xcom_args' retrieved from /Users/bhavishyachallagolla/Desktop/RetailSense/.venv/lib/python3.12/site-packages/airflow/example_dags/example_xcomargs.py
[2026-07-17T20:38:48.887+0530] {logging_mixin.py:190} INFO - [2026-07-17T20:38:48.886+0530] {dag.py:3239} INFO - Sync 2 DAGs
[2026-07-17T20:38:48.889+0530] {logging_mixin.py:190} INFO - [2026-07-17T20:38:48.889+0530] {dag.py:4180} INFO - Setting next_dagrun for example_xcom_args to None, run_after=None
[2026-07-17T20:38:48.890+0530] {logging_mixin.py:190} INFO - [2026-07-17T20:38:48.890+0530] {dag.py:4180} INFO - Setting next_dagrun for example_xcom_args_with_operators to None, run_after=None
[2026-07-17T20:38:48.894+0530] {processor.py:208} INFO - Processing /Users/bhavishyachallagolla/Desktop/RetailSense/.venv/lib/python3.12/site-packages/airflow/example_dags/example_xcomargs.py took 0.046 seconds
[2026-07-17T20:39:40.543+0530] {processor.py:186} INFO - Started process (PID=90069) to work on /Users/bhavishyachallagolla/Desktop/RetailSense/.venv/lib/python3.12/site-packages/airflow/example_dags/example_xcomargs.py
[2026-07-17T20:39:40.544+0530] {processor.py:914} INFO - Processing file /Users/bhavishyachallagolla/Desktop/RetailSense/.venv/lib/python3.12/site-packages/airflow/example_dags/example_xcomargs.py for tasks to queue
[2026-07-17T20:39:40.545+0530] {logging_mixin.py:190} INFO - [2026-07-17T20:39:40.545+0530] {dagbag.py:588} INFO - Filling up the DagBag from /Users/bhavishyachallagolla/Desktop/RetailSense/.venv/lib/python3.12/site-packages/airflow/example_dags/example_xcomargs.py
[2026-07-17T20:39:40.557+0530] {processor.py:925} INFO - DAG(s) 'example_xcom_args', 'example_xcom_args_with_operators' retrieved from /Users/bhavishyachallagolla/Desktop/RetailSense/.venv/lib/python3.12/site-packages/airflow/example_dags/example_xcomargs.py
[2026-07-17T20:39:40.582+0530] {logging_mixin.py:190} INFO - [2026-07-17T20:39:40.582+0530] {dag.py:3239} INFO - Sync 2 DAGs
[2026-07-17T20:39:40.584+0530] {logging_mixin.py:190} INFO - [2026-07-17T20:39:40.584+0530] {dag.py:4180} INFO - Setting next_dagrun for example_xcom_args to None, run_after=None
[2026-07-17T20:39:40.585+0530] {logging_mixin.py:190} INFO - [2026-07-17T20:39:40.585+0530] {dag.py:4180} INFO - Setting next_dagrun for example_xcom_args_with_operators to None, run_after=None
[2026-07-17T20:39:40.589+0530] {processor.py:208} INFO - Processing /Users/bhavishyachallagolla/Desktop/RetailSense/.venv/lib/python3.12/site-packages/airflow/example_dags/example_xcomargs.py took 0.047 seconds
[2026-07-17T20:40:30.449+0530] {processor.py:186} INFO - Started process (PID=90194) to work on /Users/bhavishyachallagolla/Desktop/RetailSense/.venv/lib/python3.12/site-packages/airflow/example_dags/example_xcomargs.py
[2026-07-17T20:40:30.450+0530] {processor.py:914} INFO - Processing file /Users/bhavishyachallagolla/Desktop/RetailSense/.venv/lib/python3.12/site-packages/airflow/example_dags/example_xcomargs.py for tasks to queue
[2026-07-17T20:40:30.450+0530] {logging_mixin.py:190} INFO - [2026-07-17T20:40:30.450+0530] {dagbag.py:588} INFO - Filling up the DagBag from /Users/bhavishyachallagolla/Desktop/RetailSense/.venv/lib/python3.12/site-packages/airflow/example_dags/example_xcomargs.py
[2026-07-17T20:40:30.463+0530] {processor.py:925} INFO - DAG(s) 'example_xcom_args', 'example_xcom_args_with_operators' retrieved from /Users/bhavishyachallagolla/Desktop/RetailSense/.venv/lib/python3.12/site-packages/airflow/example_dags/example_xcomargs.py
[2026-07-17T20:40:30.488+0530] {logging_mixin.py:190} INFO - [2026-07-17T20:40:30.488+0530] {dag.py:3239} INFO - Sync 2 DAGs
[2026-07-17T20:40:30.491+0530] {logging_mixin.py:190} INFO - [2026-07-17T20:40:30.491+0530] {dag.py:4180} INFO - Setting next_dagrun for example_xcom_args to None, run_after=None
[2026-07-17T20:40:30.492+0530] {logging_mixin.py:190} INFO - [2026-07-17T20:40:30.492+0530] {dag.py:4180} INFO - Setting next_dagrun for example_xcom_args_with_operators to None, run_after=None
[2026-07-17T20:40:30.496+0530] {processor.py:208} INFO - Processing /Users/bhavishyachallagolla/Desktop/RetailSense/.venv/lib/python3.12/site-packages/airflow/example_dags/example_xcomargs.py took 0.048 seconds
[2026-07-17T20:41:18.478+0530] {processor.py:186} INFO - Started process (PID=90276) to work on /Users/bhavishyachallagolla/Desktop/RetailSense/.venv/lib/python3.12/site-packages/airflow/example_dags/example_xcomargs.py
[2026-07-17T20:41:18.479+0530] {processor.py:914} INFO - Processing file /Users/bhavishyachallagolla/Desktop/RetailSense/.venv/lib/python3.12/site-packages/airflow/example_dags/example_xcomargs.py for tasks to queue
[2026-07-17T20:41:18.479+0530] {logging_mixin.py:190} INFO - [2026-07-17T20:41:18.479+0530] {dagbag.py:588} INFO - Filling up the DagBag from /Users/bhavishyachallagolla/Desktop/RetailSense/.venv/lib/python3.12/site-packages/airflow/example_dags/example_xcomargs.py
[2026-07-17T20:41:18.492+0530] {processor.py:925} INFO - DAG(s) 'example_xcom_args_with_operators', 'example_xcom_args' retrieved from /Users/bhavishyachallagolla/Desktop/RetailSense/.venv/lib/python3.12/site-packages/airflow/example_dags/example_xcomargs.py
[2026-07-17T20:41:18.517+0530] {logging_mixin.py:190} INFO - [2026-07-17T20:41:18.517+0530] {dag.py:3239} INFO - Sync 2 DAGs
[2026-07-17T20:41:18.520+0530] {logging_mixin.py:190} INFO - [2026-07-17T20:41:18.520+0530] {dag.py:4180} INFO - Setting next_dagrun for example_xcom_args to None, run_after=None
[2026-07-17T20:41:18.520+0530] {logging_mixin.py:190} INFO - [2026-07-17T20:41:18.520+0530] {dag.py:4180} INFO - Setting next_dagrun for example_xcom_args_with_operators to None, run_after=None
[2026-07-17T20:41:18.525+0530] {processor.py:208} INFO - Processing /Users/bhavishyachallagolla/Desktop/RetailSense/.venv/lib/python3.12/site-packages/airflow/example_dags/example_xcomargs.py took 0.048 seconds
[2026-07-17T20:42:09.796+0530] {processor.py:186} INFO - Started process (PID=90369) to work on /Users/bhavishyachallagolla/Desktop/RetailSense/.venv/lib/python3.12/site-packages/airflow/example_dags/example_xcomargs.py
[2026-07-17T20:42:09.797+0530] {processor.py:914} INFO - Processing file /Users/bhavishyachallagolla/Desktop/RetailSense/.venv/lib/python3.12/site-packages/airflow/example_dags/example_xcomargs.py for tasks to queue
[2026-07-17T20:42:09.797+0530] {logging_mixin.py:190} INFO - [2026-07-17T20:42:09.797+0530] {dagbag.py:588} INFO - Filling up the DagBag from /Users/bhavishyachallagolla/Desktop/RetailSense/.venv/lib/python3.12/site-packages/airflow/example_dags/example_xcomargs.py
[2026-07-17T20:42:09.810+0530] {processor.py:925} INFO - DAG(s) 'example_xcom_args_with_operators', 'example_xcom_args' retrieved from /Users/bhavishyachallagolla/Desktop/RetailSense/.venv/lib/python3.12/site-packages/airflow/example_dags/example_xcomargs.py
[2026-07-17T20:42:09.834+0530] {logging_mixin.py:190} INFO - [2026-07-17T20:42:09.834+0530] {dag.py:3239} INFO - Sync 2 DAGs
[2026-07-17T20:42:09.837+0530] {logging_mixin.py:190} INFO - [2026-07-17T20:42:09.837+0530] {dag.py:4180} INFO - Setting next_dagrun for example_xcom_args to None, run_after=None
[2026-07-17T20:42:09.838+0530] {logging_mixin.py:190} INFO - [2026-07-17T20:42:09.838+0530] {dag.py:4180} INFO - Setting next_dagrun for example_xcom_args_with_operators to None, run_after=None
[2026-07-17T20:42:09.842+0530] {processor.py:208} INFO - Processing /Users/bhavishyachallagolla/Desktop/RetailSense/.venv/lib/python3.12/site-packages/airflow/example_dags/example_xcomargs.py took 0.047 seconds
[2026-07-17T20:43:00.183+0530] {processor.py:186} INFO - Started process (PID=90444) to work on /Users/bhavishyachallagolla/Desktop/RetailSense/.venv/lib/python3.12/site-packages/airflow/example_dags/example_xcomargs.py
[2026-07-17T20:43:00.184+0530] {processor.py:914} INFO - Processing file /Users/bhavishyachallagolla/Desktop/RetailSense/.venv/lib/python3.12/site-packages/airflow/example_dags/example_xcomargs.py for tasks to queue
[2026-07-17T20:43:00.184+0530] {logging_mixin.py:190} INFO - [2026-07-17T20:43:00.184+0530] {dagbag.py:588} INFO - Filling up the DagBag from /Users/bhavishyachallagolla/Desktop/RetailSense/.venv/lib/python3.12/site-packages/airflow/example_dags/example_xcomargs.py
[2026-07-17T20:43:00.197+0530] {processor.py:925} INFO - DAG(s) 'example_xcom_args_with_operators', 'example_xcom_args' retrieved from /Users/bhavishyachallagolla/Desktop/RetailSense/.venv/lib/python3.12/site-packages/airflow/example_dags/example_xcomargs.py
[2026-07-17T20:43:00.222+0530] {logging_mixin.py:190} INFO - [2026-07-17T20:43:00.222+0530] {dag.py:3239} INFO - Sync 2 DAGs
[2026-07-17T20:43:00.225+0530] {logging_mixin.py:190} INFO - [2026-07-17T20:43:00.225+0530] {dag.py:4180} INFO - Setting next_dagrun for example_xcom_args to None, run_after=None
[2026-07-17T20:43:00.226+0530] {logging_mixin.py:190} INFO - [2026-07-17T20:43:00.225+0530] {dag.py:4180} INFO - Setting next_dagrun for example_xcom_args_with_operators to None, run_after=None
[2026-07-17T20:43:00.230+0530] {processor.py:208} INFO - Processing /Users/bhavishyachallagolla/Desktop/RetailSense/.venv/lib/python3.12/site-packages/airflow/example_dags/example_xcomargs.py took 0.047 seconds
[2026-07-17T20:43:48.382+0530] {processor.py:186} INFO - Started process (PID=90517) to work on /Users/bhavishyachallagolla/Desktop/RetailSense/.venv/lib/python3.12/site-packages/airflow/example_dags/example_xcomargs.py
[2026-07-17T20:43:48.382+0530] {processor.py:914} INFO - Processing file /Users/bhavishyachallagolla/Desktop/RetailSense/.venv/lib/python3.12/site-packages/airflow/example_dags/example_xcomargs.py for tasks to queue
[2026-07-17T20:43:48.382+0530] {logging_mixin.py:190} INFO - [2026-07-17T20:43:48.382+0530] {dagbag.py:588} INFO - Filling up the DagBag from /Users/bhavishyachallagolla/Desktop/RetailSense/.venv/lib/python3.12/site-packages/airflow/example_dags/example_xcomargs.py
[2026-07-17T20:43:48.394+0530] {processor.py:925} INFO - DAG(s) 'example_xcom_args_with_operators', 'example_xcom_args' retrieved from /Users/bhavishyachallagolla/Desktop/RetailSense/.venv/lib/python3.12/site-packages/airflow/example_dags/example_xcomargs.py
[2026-07-17T20:43:48.419+0530] {logging_mixin.py:190} INFO - [2026-07-17T20:43:48.419+0530] {dag.py:3239} INFO - Sync 2 DAGs
[2026-07-17T20:43:48.422+0530] {logging_mixin.py:190} INFO - [2026-07-17T20:43:48.422+0530] {dag.py:4180} INFO - Setting next_dagrun for example_xcom_args to None, run_after=None
[2026-07-17T20:43:48.423+0530] {logging_mixin.py:190} INFO - [2026-07-17T20:43:48.423+0530] {dag.py:4180} INFO - Setting next_dagrun for example_xcom_args_with_operators to None, run_after=None
[2026-07-17T20:43:48.427+0530] {processor.py:208} INFO - Processing /Users/bhavishyachallagolla/Desktop/RetailSense/.venv/lib/python3.12/site-packages/airflow/example_dags/example_xcomargs.py took 0.046 seconds
[2026-07-17T20:44:39.257+0530] {processor.py:186} INFO - Started process (PID=90591) to work on /Users/bhavishyachallagolla/Desktop/RetailSense/.venv/lib/python3.12/site-packages/airflow/example_dags/example_xcomargs.py
[2026-07-17T20:44:39.258+0530] {processor.py:914} INFO - Processing file /Users/bhavishyachallagolla/Desktop/RetailSense/.venv/lib/python3.12/site-packages/airflow/example_dags/example_xcomargs.py for tasks to queue
[2026-07-17T20:44:39.258+0530] {logging_mixin.py:190} INFO - [2026-07-17T20:44:39.258+0530] {dagbag.py:588} INFO - Filling up the DagBag from /Users/bhavishyachallagolla/Desktop/RetailSense/.venv/lib/python3.12/site-packages/airflow/example_dags/example_xcomargs.py
[2026-07-17T20:44:39.270+0530] {processor.py:925} INFO - DAG(s) 'example_xcom_args_with_operators', 'example_xcom_args' retrieved from /Users/bhavishyachallagolla/Desktop/RetailSense/.venv/lib/python3.12/site-packages/airflow/example_dags/example_xcomargs.py
[2026-07-17T20:44:39.295+0530] {logging_mixin.py:190} INFO - [2026-07-17T20:44:39.295+0530] {dag.py:3239} INFO - Sync 2 DAGs
[2026-07-17T20:44:39.298+0530] {logging_mixin.py:190} INFO - [2026-07-17T20:44:39.298+0530] {dag.py:4180} INFO - Setting next_dagrun for example_xcom_args to None, run_after=None
[2026-07-17T20:44:39.299+0530] {logging_mixin.py:190} INFO - [2026-07-17T20:44:39.299+0530] {dag.py:4180} INFO - Setting next_dagrun for example_xcom_args_with_operators to None, run_after=None
[2026-07-17T20:44:39.303+0530] {processor.py:208} INFO - Processing /Users/bhavishyachallagolla/Desktop/RetailSense/.venv/lib/python3.12/site-packages/airflow/example_dags/example_xcomargs.py took 0.047 seconds
[2026-07-17T20:45:29.320+0530] {processor.py:186} INFO - Started process (PID=90676) to work on /Users/bhavishyachallagolla/Desktop/RetailSense/.venv/lib/python3.12/site-packages/airflow/example_dags/example_xcomargs.py
[2026-07-17T20:45:29.321+0530] {processor.py:914} INFO - Processing file /Users/bhavishyachallagolla/Desktop/RetailSense/.venv/lib/python3.12/site-packages/airflow/example_dags/example_xcomargs.py for tasks to queue
[2026-07-17T20:45:29.321+0530] {logging_mixin.py:190} INFO - [2026-07-17T20:45:29.321+0530] {dagbag.py:588} INFO - Filling up the DagBag from /Users/bhavishyachallagolla/Desktop/RetailSense/.venv/lib/python3.12/site-packages/airflow/example_dags/example_xcomargs.py
[2026-07-17T20:45:29.333+0530] {processor.py:925} INFO - DAG(s) 'example_xcom_args', 'example_xcom_args_with_operators' retrieved from /Users/bhavishyachallagolla/Desktop/RetailSense/.venv/lib/python3.12/site-packages/airflow/example_dags/example_xcomargs.py
[2026-07-17T20:45:29.358+0530] {logging_mixin.py:190} INFO - [2026-07-17T20:45:29.358+0530] {dag.py:3239} INFO - Sync 2 DAGs
[2026-07-17T20:45:29.361+0530] {logging_mixin.py:190} INFO - [2026-07-17T20:45:29.361+0530] {dag.py:4180} INFO - Setting next_dagrun for example_xcom_args to None, run_after=None
[2026-07-17T20:45:29.362+0530] {logging_mixin.py:190} INFO - [2026-07-17T20:45:29.362+0530] {dag.py:4180} INFO - Setting next_dagrun for example_xcom_args_with_operators to None, run_after=None
[2026-07-17T20:45:29.366+0530] {processor.py:208} INFO - Processing /Users/bhavishyachallagolla/Desktop/RetailSense/.venv/lib/python3.12/site-packages/airflow/example_dags/example_xcomargs.py took 0.046 seconds
[2026-07-17T20:46:19.751+0530] {processor.py:186} INFO - Started process (PID=90751) to work on /Users/bhavishyachallagolla/Desktop/RetailSense/.venv/lib/python3.12/site-packages/airflow/example_dags/example_xcomargs.py
[2026-07-17T20:46:19.751+0530] {processor.py:914} INFO - Processing file /Users/bhavishyachallagolla/Desktop/RetailSense/.venv/lib/python3.12/site-packages/airflow/example_dags/example_xcomargs.py for tasks to queue
[2026-07-17T20:46:19.751+0530] {logging_mixin.py:190} INFO - [2026-07-17T20:46:19.751+0530] {dagbag.py:588} INFO - Filling up the DagBag from /Users/bhavishyachallagolla/Desktop/RetailSense/.venv/lib/python3.12/site-packages/airflow/example_dags/example_xcomargs.py
[2026-07-17T20:46:19.763+0530] {processor.py:925} INFO - DAG(s) 'example_xcom_args_with_operators', 'example_xcom_args' retrieved from /Users/bhavishyachallagolla/Desktop/RetailSense/.venv/lib/python3.12/site-packages/airflow/example_dags/example_xcomargs.py
[2026-07-17T20:46:19.788+0530] {logging_mixin.py:190} INFO - [2026-07-17T20:46:19.788+0530] {dag.py:3239} INFO - Sync 2 DAGs
[2026-07-17T20:46:19.790+0530] {logging_mixin.py:190} INFO - [2026-07-17T20:46:19.790+0530] {dag.py:4180} INFO - Setting next_dagrun for example_xcom_args to None, run_after=None
[2026-07-17T20:46:19.791+0530] {logging_mixin.py:190} INFO - [2026-07-17T20:46:19.791+0530] {dag.py:4180} INFO - Setting next_dagrun for example_xcom_args_with_operators to None, run_after=None
[2026-07-17T20:46:19.796+0530] {processor.py:208} INFO - Processing /Users/bhavishyachallagolla/Desktop/RetailSense/.venv/lib/python3.12/site-packages/airflow/example_dags/example_xcomargs.py took 0.046 seconds
[2026-07-17T20:47:10.226+0530] {processor.py:186} INFO - Started process (PID=90827) to work on /Users/bhavishyachallagolla/Desktop/RetailSense/.venv/lib/python3.12/site-packages/airflow/example_dags/example_xcomargs.py
[2026-07-17T20:47:10.226+0530] {processor.py:914} INFO - Processing file /Users/bhavishyachallagolla/Desktop/RetailSense/.venv/lib/python3.12/site-packages/airflow/example_dags/example_xcomargs.py for tasks to queue
[2026-07-17T20:47:10.227+0530] {logging_mixin.py:190} INFO - [2026-07-17T20:47:10.227+0530] {dagbag.py:588} INFO - Filling up the DagBag from /Users/bhavishyachallagolla/Desktop/RetailSense/.venv/lib/python3.12/site-packages/airflow/example_dags/example_xcomargs.py
[2026-07-17T20:47:10.243+0530] {processor.py:925} INFO - DAG(s) 'example_xcom_args_with_operators', 'example_xcom_args' retrieved from /Users/bhavishyachallagolla/Desktop/RetailSense/.venv/lib/python3.12/site-packages/airflow/example_dags/example_xcomargs.py
[2026-07-17T20:47:10.270+0530] {logging_mixin.py:190} INFO - [2026-07-17T20:47:10.270+0530] {dag.py:3239} INFO - Sync 2 DAGs
[2026-07-17T20:47:10.274+0530] {logging_mixin.py:190} INFO - [2026-07-17T20:47:10.274+0530] {dag.py:4180} INFO - Setting next_dagrun for example_xcom_args to None, run_after=None
[2026-07-17T20:47:10.275+0530] {logging_mixin.py:190} INFO - [2026-07-17T20:47:10.274+0530] {dag.py:4180} INFO - Setting next_dagrun for example_xcom_args_with_operators to None, run_after=None
[2026-07-17T20:47:10.279+0530] {processor.py:208} INFO - Processing /Users/bhavishyachallagolla/Desktop/RetailSense/.venv/lib/python3.12/site-packages/airflow/example_dags/example_xcomargs.py took 0.055 seconds
[2026-07-17T20:48:00.189+0530] {processor.py:186} INFO - Started process (PID=90901) to work on /Users/bhavishyachallagolla/Desktop/RetailSense/.venv/lib/python3.12/site-packages/airflow/example_dags/example_xcomargs.py
[2026-07-17T20:48:00.191+0530] {processor.py:914} INFO - Processing file /Users/bhavishyachallagolla/Desktop/RetailSense/.venv/lib/python3.12/site-packages/airflow/example_dags/example_xcomargs.py for tasks to queue
[2026-07-17T20:48:00.191+0530] {logging_mixin.py:190} INFO - [2026-07-17T20:48:00.191+0530] {dagbag.py:588} INFO - Filling up the DagBag from /Users/bhavishyachallagolla/Desktop/RetailSense/.venv/lib/python3.12/site-packages/airflow/example_dags/example_xcomargs.py
[2026-07-17T20:48:00.203+0530] {processor.py:925} INFO - DAG(s) 'example_xcom_args', 'example_xcom_args_with_operators' retrieved from /Users/bhavishyachallagolla/Desktop/RetailSense/.venv/lib/python3.12/site-packages/airflow/example_dags/example_xcomargs.py
[2026-07-17T20:48:00.228+0530] {logging_mixin.py:190} INFO - [2026-07-17T20:48:00.228+0530] {dag.py:3239} INFO - Sync 2 DAGs
[2026-07-17T20:48:00.231+0530] {logging_mixin.py:190} INFO - [2026-07-17T20:48:00.231+0530] {dag.py:4180} INFO - Setting next_dagrun for example_xcom_args to None, run_after=None
[2026-07-17T20:48:00.232+0530] {logging_mixin.py:190} INFO - [2026-07-17T20:48:00.232+0530] {dag.py:4180} INFO - Setting next_dagrun for example_xcom_args_with_operators to None, run_after=None
[2026-07-17T20:48:00.236+0530] {processor.py:208} INFO - Processing /Users/bhavishyachallagolla/Desktop/RetailSense/.venv/lib/python3.12/site-packages/airflow/example_dags/example_xcomargs.py took 0.048 seconds
[2026-07-17T20:48:50.743+0530] {processor.py:186} INFO - Started process (PID=90982) to work on /Users/bhavishyachallagolla/Desktop/RetailSense/.venv/lib/python3.12/site-packages/airflow/example_dags/example_xcomargs.py
[2026-07-17T20:48:50.744+0530] {processor.py:914} INFO - Processing file /Users/bhavishyachallagolla/Desktop/RetailSense/.venv/lib/python3.12/site-packages/airflow/example_dags/example_xcomargs.py for tasks to queue
[2026-07-17T20:48:50.744+0530] {logging_mixin.py:190} INFO - [2026-07-17T20:48:50.744+0530] {dagbag.py:588} INFO - Filling up the DagBag from /Users/bhavishyachallagolla/Desktop/RetailSense/.venv/lib/python3.12/site-packages/airflow/example_dags/example_xcomargs.py
[2026-07-17T20:48:50.759+0530] {processor.py:925} INFO - DAG(s) 'example_xcom_args_with_operators', 'example_xcom_args' retrieved from /Users/bhavishyachallagolla/Desktop/RetailSense/.venv/lib/python3.12/site-packages/airflow/example_dags/example_xcomargs.py
[2026-07-17T20:48:50.785+0530] {logging_mixin.py:190} INFO - [2026-07-17T20:48:50.785+0530] {dag.py:3239} INFO - Sync 2 DAGs
[2026-07-17T20:48:50.788+0530] {logging_mixin.py:190} INFO - [2026-07-17T20:48:50.788+0530] {dag.py:4180} INFO - Setting next_dagrun for example_xcom_args to None, run_after=None
[2026-07-17T20:48:50.789+0530] {logging_mixin.py:190} INFO - [2026-07-17T20:48:50.789+0530] {dag.py:4180} INFO - Setting next_dagrun for example_xcom_args_with_operators to None, run_after=None
[2026-07-17T20:48:50.793+0530] {processor.py:208} INFO - Processing /Users/bhavishyachallagolla/Desktop/RetailSense/.venv/lib/python3.12/site-packages/airflow/example_dags/example_xcomargs.py took 0.051 seconds
[2026-07-17T20:49:41.675+0530] {processor.py:186} INFO - Started process (PID=91075) to work on /Users/bhavishyachallagolla/Desktop/RetailSense/.venv/lib/python3.12/site-packages/airflow/example_dags/example_xcomargs.py
[2026-07-17T20:49:41.676+0530] {processor.py:914} INFO - Processing file /Users/bhavishyachallagolla/Desktop/RetailSense/.venv/lib/python3.12/site-packages/airflow/example_dags/example_xcomargs.py for tasks to queue
[2026-07-17T20:49:41.676+0530] {logging_mixin.py:190} INFO - [2026-07-17T20:49:41.676+0530] {dagbag.py:588} INFO - Filling up the DagBag from /Users/bhavishyachallagolla/Desktop/RetailSense/.venv/lib/python3.12/site-packages/airflow/example_dags/example_xcomargs.py
[2026-07-17T20:49:41.688+0530] {processor.py:925} INFO - DAG(s) 'example_xcom_args_with_operators', 'example_xcom_args' retrieved from /Users/bhavishyachallagolla/Desktop/RetailSense/.venv/lib/python3.12/site-packages/airflow/example_dags/example_xcomargs.py
[2026-07-17T20:49:41.712+0530] {logging_mixin.py:190} INFO - [2026-07-17T20:49:41.712+0530] {dag.py:3239} INFO - Sync 2 DAGs
[2026-07-17T20:49:41.715+0530] {logging_mixin.py:190} INFO - [2026-07-17T20:49:41.715+0530] {dag.py:4180} INFO - Setting next_dagrun for example_xcom_args to None, run_after=None
[2026-07-17T20:49:41.716+0530] {logging_mixin.py:190} INFO - [2026-07-17T20:49:41.716+0530] {dag.py:4180} INFO - Setting next_dagrun for example_xcom_args_with_operators to None, run_after=None
[2026-07-17T20:49:41.720+0530] {processor.py:208} INFO - Processing /Users/bhavishyachallagolla/Desktop/RetailSense/.venv/lib/python3.12/site-packages/airflow/example_dags/example_xcomargs.py took 0.046 seconds
[2026-07-17T20:50:28.852+0530] {processor.py:186} INFO - Started process (PID=91148) to work on /Users/bhavishyachallagolla/Desktop/RetailSense/.venv/lib/python3.12/site-packages/airflow/example_dags/example_xcomargs.py
[2026-07-17T20:50:28.853+0530] {processor.py:914} INFO - Processing file /Users/bhavishyachallagolla/Desktop/RetailSense/.venv/lib/python3.12/site-packages/airflow/example_dags/example_xcomargs.py for tasks to queue
[2026-07-17T20:50:28.853+0530] {logging_mixin.py:190} INFO - [2026-07-17T20:50:28.853+0530] {dagbag.py:588} INFO - Filling up the DagBag from /Users/bhavishyachallagolla/Desktop/RetailSense/.venv/lib/python3.12/site-packages/airflow/example_dags/example_xcomargs.py
[2026-07-17T20:50:28.865+0530] {processor.py:925} INFO - DAG(s) 'example_xcom_args', 'example_xcom_args_with_operators' retrieved from /Users/bhavishyachallagolla/Desktop/RetailSense/.venv/lib/python3.12/site-packages/airflow/example_dags/example_xcomargs.py
[2026-07-17T20:50:28.890+0530] {logging_mixin.py:190} INFO - [2026-07-17T20:50:28.889+0530] {dag.py:3239} INFO - Sync 2 DAGs
[2026-07-17T20:50:28.892+0530] {logging_mixin.py:190} INFO - [2026-07-17T20:50:28.892+0530] {dag.py:4180} INFO - Setting next_dagrun for example_xcom_args to None, run_after=None
[2026-07-17T20:50:28.893+0530] {logging_mixin.py:190} INFO - [2026-07-17T20:50:28.893+0530] {dag.py:4180} INFO - Setting next_dagrun for example_xcom_args_with_operators to None, run_after=None
[2026-07-17T20:50:28.897+0530] {processor.py:208} INFO - Processing /Users/bhavishyachallagolla/Desktop/RetailSense/.venv/lib/python3.12/site-packages/airflow/example_dags/example_xcomargs.py took 0.046 seconds
[2026-07-17T20:51:18.644+0530] {processor.py:186} INFO - Started process (PID=91223) to work on /Users/bhavishyachallagolla/Desktop/RetailSense/.venv/lib/python3.12/site-packages/airflow/example_dags/example_xcomargs.py
[2026-07-17T20:51:18.646+0530] {processor.py:914} INFO - Processing file /Users/bhavishyachallagolla/Desktop/RetailSense/.venv/lib/python3.12/site-packages/airflow/example_dags/example_xcomargs.py for tasks to queue
[2026-07-17T20:51:18.646+0530] {logging_mixin.py:190} INFO - [2026-07-17T20:51:18.646+0530] {dagbag.py:588} INFO - Filling up the DagBag from /Users/bhavishyachallagolla/Desktop/RetailSense/.venv/lib/python3.12/site-packages/airflow/example_dags/example_xcomargs.py
[2026-07-17T20:51:18.658+0530] {processor.py:925} INFO - DAG(s) 'example_xcom_args', 'example_xcom_args_with_operators' retrieved from /Users/bhavishyachallagolla/Desktop/RetailSense/.venv/lib/python3.12/site-packages/airflow/example_dags/example_xcomargs.py
[2026-07-17T20:51:18.682+0530] {logging_mixin.py:190} INFO - [2026-07-17T20:51:18.682+0530] {dag.py:3239} INFO - Sync 2 DAGs
[2026-07-17T20:51:18.685+0530] {logging_mixin.py:190} INFO - [2026-07-17T20:51:18.685+0530] {dag.py:4180} INFO - Setting next_dagrun for example_xcom_args to None, run_after=None
[2026-07-17T20:51:18.686+0530] {logging_mixin.py:190} INFO - [2026-07-17T20:51:18.686+0530] {dag.py:4180} INFO - Setting next_dagrun for example_xcom_args_with_operators to None, run_after=None
[2026-07-17T20:51:18.690+0530] {processor.py:208} INFO - Processing /Users/bhavishyachallagolla/Desktop/RetailSense/.venv/lib/python3.12/site-packages/airflow/example_dags/example_xcomargs.py took 0.047 seconds
[2026-07-17T20:52:10.696+0530] {processor.py:186} INFO - Started process (PID=91300) to work on /Users/bhavishyachallagolla/Desktop/RetailSense/.venv/lib/python3.12/site-packages/airflow/example_dags/example_xcomargs.py
[2026-07-17T20:52:10.697+0530] {processor.py:914} INFO - Processing file /Users/bhavishyachallagolla/Desktop/RetailSense/.venv/lib/python3.12/site-packages/airflow/example_dags/example_xcomargs.py for tasks to queue
[2026-07-17T20:52:10.698+0530] {logging_mixin.py:190} INFO - [2026-07-17T20:52:10.698+0530] {dagbag.py:588} INFO - Filling up the DagBag from /Users/bhavishyachallagolla/Desktop/RetailSense/.venv/lib/python3.12/site-packages/airflow/example_dags/example_xcomargs.py
[2026-07-17T20:52:10.710+0530] {processor.py:925} INFO - DAG(s) 'example_xcom_args_with_operators', 'example_xcom_args' retrieved from /Users/bhavishyachallagolla/Desktop/RetailSense/.venv/lib/python3.12/site-packages/airflow/example_dags/example_xcomargs.py
[2026-07-17T20:52:10.735+0530] {logging_mixin.py:190} INFO - [2026-07-17T20:52:10.735+0530] {dag.py:3239} INFO - Sync 2 DAGs
[2026-07-17T20:52:10.738+0530] {logging_mixin.py:190} INFO - [2026-07-17T20:52:10.738+0530] {dag.py:4180} INFO - Setting next_dagrun for example_xcom_args to None, run_after=None
[2026-07-17T20:52:10.738+0530] {logging_mixin.py:190} INFO - [2026-07-17T20:52:10.738+0530] {dag.py:4180} INFO - Setting next_dagrun for example_xcom_args_with_operators to None, run_after=None
[2026-07-17T20:52:10.743+0530] {processor.py:208} INFO - Processing /Users/bhavishyachallagolla/Desktop/RetailSense/.venv/lib/python3.12/site-packages/airflow/example_dags/example_xcomargs.py took 0.047 seconds
[2026-07-17T20:53:01.223+0530] {processor.py:186} INFO - Started process (PID=91374) to work on /Users/bhavishyachallagolla/Desktop/RetailSense/.venv/lib/python3.12/site-packages/airflow/example_dags/example_xcomargs.py
[2026-07-17T20:53:01.224+0530] {processor.py:914} INFO - Processing file /Users/bhavishyachallagolla/Desktop/RetailSense/.venv/lib/python3.12/site-packages/airflow/example_dags/example_xcomargs.py for tasks to queue
[2026-07-17T20:53:01.224+0530] {logging_mixin.py:190} INFO - [2026-07-17T20:53:01.224+0530] {dagbag.py:588} INFO - Filling up the DagBag from /Users/bhavishyachallagolla/Desktop/RetailSense/.venv/lib/python3.12/site-packages/airflow/example_dags/example_xcomargs.py
[2026-07-17T20:53:01.236+0530] {processor.py:925} INFO - DAG(s) 'example_xcom_args', 'example_xcom_args_with_operators' retrieved from /Users/bhavishyachallagolla/Desktop/RetailSense/.venv/lib/python3.12/site-packages/airflow/example_dags/example_xcomargs.py
[2026-07-17T20:53:01.260+0530] {logging_mixin.py:190} INFO - [2026-07-17T20:53:01.260+0530] {dag.py:3239} INFO - Sync 2 DAGs
[2026-07-17T20:53:01.263+0530] {logging_mixin.py:190} INFO - [2026-07-17T20:53:01.263+0530] {dag.py:4180} INFO - Setting next_dagrun for example_xcom_args to None, run_after=None
[2026-07-17T20:53:01.264+0530] {logging_mixin.py:190} INFO - [2026-07-17T20:53:01.264+0530] {dag.py:4180} INFO - Setting next_dagrun for example_xcom_args_with_operators to None, run_after=None
[2026-07-17T20:53:01.268+0530] {processor.py:208} INFO - Processing /Users/bhavishyachallagolla/Desktop/RetailSense/.venv/lib/python3.12/site-packages/airflow/example_dags/example_xcomargs.py took 0.046 seconds
[2026-07-17T20:53:51.774+0530] {processor.py:186} INFO - Started process (PID=91450) to work on /Users/bhavishyachallagolla/Desktop/RetailSense/.venv/lib/python3.12/site-packages/airflow/example_dags/example_xcomargs.py
[2026-07-17T20:53:51.775+0530] {processor.py:914} INFO - Processing file /Users/bhavishyachallagolla/Desktop/RetailSense/.venv/lib/python3.12/site-packages/airflow/example_dags/example_xcomargs.py for tasks to queue
[2026-07-17T20:53:51.775+0530] {logging_mixin.py:190} INFO - [2026-07-17T20:53:51.775+0530] {dagbag.py:588} INFO - Filling up the DagBag from /Users/bhavishyachallagolla/Desktop/RetailSense/.venv/lib/python3.12/site-packages/airflow/example_dags/example_xcomargs.py
[2026-07-17T20:53:51.789+0530] {processor.py:925} INFO - DAG(s) 'example_xcom_args', 'example_xcom_args_with_operators' retrieved from /Users/bhavishyachallagolla/Desktop/RetailSense/.venv/lib/python3.12/site-packages/airflow/example_dags/example_xcomargs.py
[2026-07-17T20:53:51.815+0530] {logging_mixin.py:190} INFO - [2026-07-17T20:53:51.815+0530] {dag.py:3239} INFO - Sync 2 DAGs
[2026-07-17T20:53:51.818+0530] {logging_mixin.py:190} INFO - [2026-07-17T20:53:51.818+0530] {dag.py:4180} INFO - Setting next_dagrun for example_xcom_args to None, run_after=None
[2026-07-17T20:53:51.819+0530] {logging_mixin.py:190} INFO - [2026-07-17T20:53:51.819+0530] {dag.py:4180} INFO - Setting next_dagrun for example_xcom_args_with_operators to None, run_after=None
[2026-07-17T20:53:51.825+0530] {processor.py:208} INFO - Processing /Users/bhavishyachallagolla/Desktop/RetailSense/.venv/lib/python3.12/site-packages/airflow/example_dags/example_xcomargs.py took 0.052 seconds
[2026-07-17T20:54:42.407+0530] {processor.py:186} INFO - Started process (PID=91526) to work on /Users/bhavishyachallagolla/Desktop/RetailSense/.venv/lib/python3.12/site-packages/airflow/example_dags/example_xcomargs.py
[2026-07-17T20:54:42.408+0530] {processor.py:914} INFO - Processing file /Users/bhavishyachallagolla/Desktop/RetailSense/.venv/lib/python3.12/site-packages/airflow/example_dags/example_xcomargs.py for tasks to queue
[2026-07-17T20:54:42.408+0530] {logging_mixin.py:190} INFO - [2026-07-17T20:54:42.408+0530] {dagbag.py:588} INFO - Filling up the DagBag from /Users/bhavishyachallagolla/Desktop/RetailSense/.venv/lib/python3.12/site-packages/airflow/example_dags/example_xcomargs.py
[2026-07-17T20:54:42.420+0530] {processor.py:925} INFO - DAG(s) 'example_xcom_args', 'example_xcom_args_with_operators' retrieved from /Users/bhavishyachallagolla/Desktop/RetailSense/.venv/lib/python3.12/site-packages/airflow/example_dags/example_xcomargs.py
[2026-07-17T20:54:42.445+0530] {logging_mixin.py:190} INFO - [2026-07-17T20:54:42.444+0530] {dag.py:3239} INFO - Sync 2 DAGs
[2026-07-17T20:54:42.447+0530] {logging_mixin.py:190} INFO - [2026-07-17T20:54:42.447+0530] {dag.py:4180} INFO - Setting next_dagrun for example_xcom_args to None, run_after=None
[2026-07-17T20:54:42.448+0530] {logging_mixin.py:190} INFO - [2026-07-17T20:54:42.448+0530] {dag.py:4180} INFO - Setting next_dagrun for example_xcom_args_with_operators to None, run_after=None
[2026-07-17T20:54:42.452+0530] {processor.py:208} INFO - Processing /Users/bhavishyachallagolla/Desktop/RetailSense/.venv/lib/python3.12/site-packages/airflow/example_dags/example_xcomargs.py took 0.046 seconds
[2026-07-17T20:55:32.749+0530] {processor.py:186} INFO - Started process (PID=91618) to work on /Users/bhavishyachallagolla/Desktop/RetailSense/.venv/lib/python3.12/site-packages/airflow/example_dags/example_xcomargs.py
[2026-07-17T20:55:32.750+0530] {processor.py:914} INFO - Processing file /Users/bhavishyachallagolla/Desktop/RetailSense/.venv/lib/python3.12/site-packages/airflow/example_dags/example_xcomargs.py for tasks to queue
[2026-07-17T20:55:32.750+0530] {logging_mixin.py:190} INFO - [2026-07-17T20:55:32.750+0530] {dagbag.py:588} INFO - Filling up the DagBag from /Users/bhavishyachallagolla/Desktop/RetailSense/.venv/lib/python3.12/site-packages/airflow/example_dags/example_xcomargs.py
[2026-07-17T20:55:32.762+0530] {processor.py:925} INFO - DAG(s) 'example_xcom_args', 'example_xcom_args_with_operators' retrieved from /Users/bhavishyachallagolla/Desktop/RetailSense/.venv/lib/python3.12/site-packages/airflow/example_dags/example_xcomargs.py
[2026-07-17T20:55:32.787+0530] {logging_mixin.py:190} INFO - [2026-07-17T20:55:32.787+0530] {dag.py:3239} INFO - Sync 2 DAGs
[2026-07-17T20:55:32.790+0530] {logging_mixin.py:190} INFO - [2026-07-17T20:55:32.790+0530] {dag.py:4180} INFO - Setting next_dagrun for example_xcom_args to None, run_after=None
[2026-07-17T20:55:32.791+0530] {logging_mixin.py:190} INFO - [2026-07-17T20:55:32.791+0530] {dag.py:4180} INFO - Setting next_dagrun for example_xcom_args_with_operators to None, run_after=None
[2026-07-17T20:55:32.795+0530] {processor.py:208} INFO - Processing /Users/bhavishyachallagolla/Desktop/RetailSense/.venv/lib/python3.12/site-packages/airflow/example_dags/example_xcomargs.py took 0.047 seconds
[2026-07-17T20:56:22.616+0530] {processor.py:186} INFO - Started process (PID=91690) to work on /Users/bhavishyachallagolla/Desktop/RetailSense/.venv/lib/python3.12/site-packages/airflow/example_dags/example_xcomargs.py
[2026-07-17T20:56:22.617+0530] {processor.py:914} INFO - Processing file /Users/bhavishyachallagolla/Desktop/RetailSense/.venv/lib/python3.12/site-packages/airflow/example_dags/example_xcomargs.py for tasks to queue
[2026-07-17T20:56:22.617+0530] {logging_mixin.py:190} INFO - [2026-07-17T20:56:22.617+0530] {dagbag.py:588} INFO - Filling up the DagBag from /Users/bhavishyachallagolla/Desktop/RetailSense/.venv/lib/python3.12/site-packages/airflow/example_dags/example_xcomargs.py
[2026-07-17T20:56:22.630+0530] {processor.py:925} INFO - DAG(s) 'example_xcom_args', 'example_xcom_args_with_operators' retrieved from /Users/bhavishyachallagolla/Desktop/RetailSense/.venv/lib/python3.12/site-packages/airflow/example_dags/example_xcomargs.py
[2026-07-17T20:56:22.655+0530] {logging_mixin.py:190} INFO - [2026-07-17T20:56:22.655+0530] {dag.py:3239} INFO - Sync 2 DAGs
[2026-07-17T20:56:22.657+0530] {logging_mixin.py:190} INFO - [2026-07-17T20:56:22.657+0530] {dag.py:4180} INFO - Setting next_dagrun for example_xcom_args to None, run_after=None
[2026-07-17T20:56:22.658+0530] {logging_mixin.py:190} INFO - [2026-07-17T20:56:22.658+0530] {dag.py:4180} INFO - Setting next_dagrun for example_xcom_args_with_operators to None, run_after=None
[2026-07-17T20:56:22.662+0530] {processor.py:208} INFO - Processing /Users/bhavishyachallagolla/Desktop/RetailSense/.venv/lib/python3.12/site-packages/airflow/example_dags/example_xcomargs.py took 0.047 seconds
[2026-07-17T20:57:13.041+0530] {processor.py:186} INFO - Started process (PID=91765) to work on /Users/bhavishyachallagolla/Desktop/RetailSense/.venv/lib/python3.12/site-packages/airflow/example_dags/example_xcomargs.py
[2026-07-17T20:57:13.041+0530] {processor.py:914} INFO - Processing file /Users/bhavishyachallagolla/Desktop/RetailSense/.venv/lib/python3.12/site-packages/airflow/example_dags/example_xcomargs.py for tasks to queue
[2026-07-17T20:57:13.042+0530] {logging_mixin.py:190} INFO - [2026-07-17T20:57:13.042+0530] {dagbag.py:588} INFO - Filling up the DagBag from /Users/bhavishyachallagolla/Desktop/RetailSense/.venv/lib/python3.12/site-packages/airflow/example_dags/example_xcomargs.py
[2026-07-17T20:57:13.054+0530] {processor.py:925} INFO - DAG(s) 'example_xcom_args', 'example_xcom_args_with_operators' retrieved from /Users/bhavishyachallagolla/Desktop/RetailSense/.venv/lib/python3.12/site-packages/airflow/example_dags/example_xcomargs.py
[2026-07-17T20:57:13.079+0530] {logging_mixin.py:190} INFO - [2026-07-17T20:57:13.079+0530] {dag.py:3239} INFO - Sync 2 DAGs
[2026-07-17T20:57:13.082+0530] {logging_mixin.py:190} INFO - [2026-07-17T20:57:13.082+0530] {dag.py:4180} INFO - Setting next_dagrun for example_xcom_args to None, run_after=None
[2026-07-17T20:57:13.082+0530] {logging_mixin.py:190} INFO - [2026-07-17T20:57:13.082+0530] {dag.py:4180} INFO - Setting next_dagrun for example_xcom_args_with_operators to None, run_after=None
[2026-07-17T20:57:13.087+0530] {processor.py:208} INFO - Processing /Users/bhavishyachallagolla/Desktop/RetailSense/.venv/lib/python3.12/site-packages/airflow/example_dags/example_xcomargs.py took 0.046 seconds
[2026-07-17T20:58:02.757+0530] {processor.py:186} INFO - Started process (PID=91837) to work on /Users/bhavishyachallagolla/Desktop/RetailSense/.venv/lib/python3.12/site-packages/airflow/example_dags/example_xcomargs.py
[2026-07-17T20:58:02.758+0530] {processor.py:914} INFO - Processing file /Users/bhavishyachallagolla/Desktop/RetailSense/.venv/lib/python3.12/site-packages/airflow/example_dags/example_xcomargs.py for tasks to queue
[2026-07-17T20:58:02.759+0530] {logging_mixin.py:190} INFO - [2026-07-17T20:58:02.759+0530] {dagbag.py:588} INFO - Filling up the DagBag from /Users/bhavishyachallagolla/Desktop/RetailSense/.venv/lib/python3.12/site-packages/airflow/example_dags/example_xcomargs.py
[2026-07-17T20:58:02.770+0530] {processor.py:925} INFO - DAG(s) 'example_xcom_args', 'example_xcom_args_with_operators' retrieved from /Users/bhavishyachallagolla/Desktop/RetailSense/.venv/lib/python3.12/site-packages/airflow/example_dags/example_xcomargs.py
[2026-07-17T20:58:02.795+0530] {logging_mixin.py:190} INFO - [2026-07-17T20:58:02.795+0530] {dag.py:3239} INFO - Sync 2 DAGs
[2026-07-17T20:58:02.797+0530] {logging_mixin.py:190} INFO - [2026-07-17T20:58:02.797+0530] {dag.py:4180} INFO - Setting next_dagrun for example_xcom_args to None, run_after=None
[2026-07-17T20:58:02.798+0530] {logging_mixin.py:190} INFO - [2026-07-17T20:58:02.798+0530] {dag.py:4180} INFO - Setting next_dagrun for example_xcom_args_with_operators to None, run_after=None
[2026-07-17T20:58:02.802+0530] {processor.py:208} INFO - Processing /Users/bhavishyachallagolla/Desktop/RetailSense/.venv/lib/python3.12/site-packages/airflow/example_dags/example_xcomargs.py took 0.046 seconds
[2026-07-17T20:58:51.591+0530] {processor.py:186} INFO - Started process (PID=91910) to work on /Users/bhavishyachallagolla/Desktop/RetailSense/.venv/lib/python3.12/site-packages/airflow/example_dags/example_xcomargs.py
[2026-07-17T20:58:51.591+0530] {processor.py:914} INFO - Processing file /Users/bhavishyachallagolla/Desktop/RetailSense/.venv/lib/python3.12/site-packages/airflow/example_dags/example_xcomargs.py for tasks to queue
[2026-07-17T20:58:51.592+0530] {logging_mixin.py:190} INFO - [2026-07-17T20:58:51.592+0530] {dagbag.py:588} INFO - Filling up the DagBag from /Users/bhavishyachallagolla/Desktop/RetailSense/.venv/lib/python3.12/site-packages/airflow/example_dags/example_xcomargs.py
[2026-07-17T20:58:51.603+0530] {processor.py:925} INFO - DAG(s) 'example_xcom_args_with_operators', 'example_xcom_args' retrieved from /Users/bhavishyachallagolla/Desktop/RetailSense/.venv/lib/python3.12/site-packages/airflow/example_dags/example_xcomargs.py
[2026-07-17T20:58:51.627+0530] {logging_mixin.py:190} INFO - [2026-07-17T20:58:51.627+0530] {dag.py:3239} INFO - Sync 2 DAGs
[2026-07-17T20:58:51.630+0530] {logging_mixin.py:190} INFO - [2026-07-17T20:58:51.630+0530] {dag.py:4180} INFO - Setting next_dagrun for example_xcom_args to None, run_after=None
[2026-07-17T20:58:51.631+0530] {logging_mixin.py:190} INFO - [2026-07-17T20:58:51.631+0530] {dag.py:4180} INFO - Setting next_dagrun for example_xcom_args_with_operators to None, run_after=None
[2026-07-17T20:58:51.635+0530] {processor.py:208} INFO - Processing /Users/bhavishyachallagolla/Desktop/RetailSense/.venv/lib/python3.12/site-packages/airflow/example_dags/example_xcomargs.py took 0.045 seconds
[2026-07-17T20:59:42.013+0530] {processor.py:186} INFO - Started process (PID=91986) to work on /Users/bhavishyachallagolla/Desktop/RetailSense/.venv/lib/python3.12/site-packages/airflow/example_dags/example_xcomargs.py
[2026-07-17T20:59:42.013+0530] {processor.py:914} INFO - Processing file /Users/bhavishyachallagolla/Desktop/RetailSense/.venv/lib/python3.12/site-packages/airflow/example_dags/example_xcomargs.py for tasks to queue
[2026-07-17T20:59:42.013+0530] {logging_mixin.py:190} INFO - [2026-07-17T20:59:42.013+0530] {dagbag.py:588} INFO - Filling up the DagBag from /Users/bhavishyachallagolla/Desktop/RetailSense/.venv/lib/python3.12/site-packages/airflow/example_dags/example_xcomargs.py
[2026-07-17T20:59:42.026+0530] {processor.py:925} INFO - DAG(s) 'example_xcom_args', 'example_xcom_args_with_operators' retrieved from /Users/bhavishyachallagolla/Desktop/RetailSense/.venv/lib/python3.12/site-packages/airflow/example_dags/example_xcomargs.py
[2026-07-17T20:59:42.051+0530] {logging_mixin.py:190} INFO - [2026-07-17T20:59:42.051+0530] {dag.py:3239} INFO - Sync 2 DAGs
[2026-07-17T20:59:42.054+0530] {logging_mixin.py:190} INFO - [2026-07-17T20:59:42.054+0530] {dag.py:4180} INFO - Setting next_dagrun for example_xcom_args to None, run_after=None
[2026-07-17T20:59:42.055+0530] {logging_mixin.py:190} INFO - [2026-07-17T20:59:42.055+0530] {dag.py:4180} INFO - Setting next_dagrun for example_xcom_args_with_operators to None, run_after=None
[2026-07-17T20:59:42.059+0530] {processor.py:208} INFO - Processing /Users/bhavishyachallagolla/Desktop/RetailSense/.venv/lib/python3.12/site-packages/airflow/example_dags/example_xcomargs.py took 0.047 seconds
[2026-07-17T22:22:20.276+0530] {processor.py:186} INFO - Started process (PID=92070) to work on /Users/bhavishyachallagolla/Desktop/RetailSense/.venv/lib/python3.12/site-packages/airflow/example_dags/example_xcomargs.py
[2026-07-17T22:22:20.277+0530] {processor.py:914} INFO - Processing file /Users/bhavishyachallagolla/Desktop/RetailSense/.venv/lib/python3.12/site-packages/airflow/example_dags/example_xcomargs.py for tasks to queue
[2026-07-17T22:22:20.278+0530] {logging_mixin.py:190} INFO - [2026-07-17T22:22:20.278+0530] {dagbag.py:588} INFO - Filling up the DagBag from /Users/bhavishyachallagolla/Desktop/RetailSense/.venv/lib/python3.12/site-packages/airflow/example_dags/example_xcomargs.py
[2026-07-17T22:22:20.289+0530] {processor.py:925} INFO - DAG(s) 'example_xcom_args_with_operators', 'example_xcom_args' retrieved from /Users/bhavishyachallagolla/Desktop/RetailSense/.venv/lib/python3.12/site-packages/airflow/example_dags/example_xcomargs.py
[2026-07-17T22:22:20.313+0530] {logging_mixin.py:190} INFO - [2026-07-17T22:22:20.312+0530] {dag.py:3239} INFO - Sync 2 DAGs
[2026-07-17T22:22:20.315+0530] {logging_mixin.py:190} INFO - [2026-07-17T22:22:20.315+0530] {dag.py:4180} INFO - Setting next_dagrun for example_xcom_args to None, run_after=None
[2026-07-17T22:22:20.316+0530] {logging_mixin.py:190} INFO - [2026-07-17T22:22:20.316+0530] {dag.py:4180} INFO - Setting next_dagrun for example_xcom_args_with_operators to None, run_after=None
[2026-07-17T22:22:20.320+0530] {processor.py:208} INFO - Processing /Users/bhavishyachallagolla/Desktop/RetailSense/.venv/lib/python3.12/site-packages/airflow/example_dags/example_xcomargs.py took 0.045 seconds
[2026-07-17T22:23:39.285+0530] {processor.py:186} INFO - Started process (PID=92212) to work on /Users/bhavishyachallagolla/Desktop/RetailSense/.venv/lib/python3.12/site-packages/airflow/example_dags/example_xcomargs.py
[2026-07-17T22:23:39.285+0530] {processor.py:914} INFO - Processing file /Users/bhavishyachallagolla/Desktop/RetailSense/.venv/lib/python3.12/site-packages/airflow/example_dags/example_xcomargs.py for tasks to queue
[2026-07-17T22:23:39.286+0530] {logging_mixin.py:190} INFO - [2026-07-17T22:23:39.286+0530] {dagbag.py:588} INFO - Filling up the DagBag from /Users/bhavishyachallagolla/Desktop/RetailSense/.venv/lib/python3.12/site-packages/airflow/example_dags/example_xcomargs.py
[2026-07-17T22:23:39.297+0530] {processor.py:925} INFO - DAG(s) 'example_xcom_args', 'example_xcom_args_with_operators' retrieved from /Users/bhavishyachallagolla/Desktop/RetailSense/.venv/lib/python3.12/site-packages/airflow/example_dags/example_xcomargs.py
[2026-07-17T22:23:39.321+0530] {logging_mixin.py:190} INFO - [2026-07-17T22:23:39.321+0530] {dag.py:3239} INFO - Sync 2 DAGs
[2026-07-17T22:23:39.324+0530] {logging_mixin.py:190} INFO - [2026-07-17T22:23:39.324+0530] {dag.py:4180} INFO - Setting next_dagrun for example_xcom_args to None, run_after=None
[2026-07-17T22:23:39.325+0530] {logging_mixin.py:190} INFO - [2026-07-17T22:23:39.325+0530] {dag.py:4180} INFO - Setting next_dagrun for example_xcom_args_with_operators to None, run_after=None
[2026-07-17T22:23:39.329+0530] {processor.py:208} INFO - Processing /Users/bhavishyachallagolla/Desktop/RetailSense/.venv/lib/python3.12/site-packages/airflow/example_dags/example_xcomargs.py took 0.045 seconds
[2026-07-17T22:24:29.325+0530] {processor.py:186} INFO - Started process (PID=92289) to work on /Users/bhavishyachallagolla/Desktop/RetailSense/.venv/lib/python3.12/site-packages/airflow/example_dags/example_xcomargs.py
[2026-07-17T22:24:29.326+0530] {processor.py:914} INFO - Processing file /Users/bhavishyachallagolla/Desktop/RetailSense/.venv/lib/python3.12/site-packages/airflow/example_dags/example_xcomargs.py for tasks to queue
[2026-07-17T22:24:29.326+0530] {logging_mixin.py:190} INFO - [2026-07-17T22:24:29.326+0530] {dagbag.py:588} INFO - Filling up the DagBag from /Users/bhavishyachallagolla/Desktop/RetailSense/.venv/lib/python3.12/site-packages/airflow/example_dags/example_xcomargs.py
[2026-07-17T22:24:29.338+0530] {processor.py:925} INFO - DAG(s) 'example_xcom_args_with_operators', 'example_xcom_args' retrieved from /Users/bhavishyachallagolla/Desktop/RetailSense/.venv/lib/python3.12/site-packages/airflow/example_dags/example_xcomargs.py
[2026-07-17T22:24:29.362+0530] {logging_mixin.py:190} INFO - [2026-07-17T22:24:29.362+0530] {dag.py:3239} INFO - Sync 2 DAGs
[2026-07-17T22:24:29.365+0530] {logging_mixin.py:190} INFO - [2026-07-17T22:24:29.365+0530] {dag.py:4180} INFO - Setting next_dagrun for example_xcom_args to None, run_after=None
[2026-07-17T22:24:29.366+0530] {logging_mixin.py:190} INFO - [2026-07-17T22:24:29.366+0530] {dag.py:4180} INFO - Setting next_dagrun for example_xcom_args_with_operators to None, run_after=None
[2026-07-17T22:24:29.370+0530] {processor.py:208} INFO - Processing /Users/bhavishyachallagolla/Desktop/RetailSense/.venv/lib/python3.12/site-packages/airflow/example_dags/example_xcomargs.py took 0.046 seconds
[2026-07-17T22:25:18.101+0530] {processor.py:186} INFO - Started process (PID=92364) to work on /Users/bhavishyachallagolla/Desktop/RetailSense/.venv/lib/python3.12/site-packages/airflow/example_dags/example_xcomargs.py
[2026-07-17T22:25:18.101+0530] {processor.py:914} INFO - Processing file /Users/bhavishyachallagolla/Desktop/RetailSense/.venv/lib/python3.12/site-packages/airflow/example_dags/example_xcomargs.py for tasks to queue
[2026-07-17T22:25:18.102+0530] {logging_mixin.py:190} INFO - [2026-07-17T22:25:18.102+0530] {dagbag.py:588} INFO - Filling up the DagBag from /Users/bhavishyachallagolla/Desktop/RetailSense/.venv/lib/python3.12/site-packages/airflow/example_dags/example_xcomargs.py
[2026-07-17T22:25:18.113+0530] {processor.py:925} INFO - DAG(s) 'example_xcom_args_with_operators', 'example_xcom_args' retrieved from /Users/bhavishyachallagolla/Desktop/RetailSense/.venv/lib/python3.12/site-packages/airflow/example_dags/example_xcomargs.py
[2026-07-17T22:25:18.137+0530] {logging_mixin.py:190} INFO - [2026-07-17T22:25:18.137+0530] {dag.py:3239} INFO - Sync 2 DAGs
[2026-07-17T22:25:18.140+0530] {logging_mixin.py:190} INFO - [2026-07-17T22:25:18.140+0530] {dag.py:4180} INFO - Setting next_dagrun for example_xcom_args to None, run_after=None
[2026-07-17T22:25:18.140+0530] {logging_mixin.py:190} INFO - [2026-07-17T22:25:18.140+0530] {dag.py:4180} INFO - Setting next_dagrun for example_xcom_args_with_operators to None, run_after=None
[2026-07-17T22:25:18.144+0530] {processor.py:208} INFO - Processing /Users/bhavishyachallagolla/Desktop/RetailSense/.venv/lib/python3.12/site-packages/airflow/example_dags/example_xcomargs.py took 0.044 seconds
[2026-07-17T22:26:08.425+0530] {processor.py:186} INFO - Started process (PID=92439) to work on /Users/bhavishyachallagolla/Desktop/RetailSense/.venv/lib/python3.12/site-packages/airflow/example_dags/example_xcomargs.py
[2026-07-17T22:26:08.425+0530] {processor.py:914} INFO - Processing file /Users/bhavishyachallagolla/Desktop/RetailSense/.venv/lib/python3.12/site-packages/airflow/example_dags/example_xcomargs.py for tasks to queue
[2026-07-17T22:26:08.426+0530] {logging_mixin.py:190} INFO - [2026-07-17T22:26:08.425+0530] {dagbag.py:588} INFO - Filling up the DagBag from /Users/bhavishyachallagolla/Desktop/RetailSense/.venv/lib/python3.12/site-packages/airflow/example_dags/example_xcomargs.py
[2026-07-17T22:26:08.437+0530] {processor.py:925} INFO - DAG(s) 'example_xcom_args_with_operators', 'example_xcom_args' retrieved from /Users/bhavishyachallagolla/Desktop/RetailSense/.venv/lib/python3.12/site-packages/airflow/example_dags/example_xcomargs.py
[2026-07-17T22:26:08.461+0530] {logging_mixin.py:190} INFO - [2026-07-17T22:26:08.461+0530] {dag.py:3239} INFO - Sync 2 DAGs
[2026-07-17T22:26:08.464+0530] {logging_mixin.py:190} INFO - [2026-07-17T22:26:08.464+0530] {dag.py:4180} INFO - Setting next_dagrun for example_xcom_args to None, run_after=None
[2026-07-17T22:26:08.465+0530] {logging_mixin.py:190} INFO - [2026-07-17T22:26:08.465+0530] {dag.py:4180} INFO - Setting next_dagrun for example_xcom_args_with_operators to None, run_after=None
[2026-07-17T22:26:08.469+0530] {processor.py:208} INFO - Processing /Users/bhavishyachallagolla/Desktop/RetailSense/.venv/lib/python3.12/site-packages/airflow/example_dags/example_xcomargs.py took 0.045 seconds
[2026-07-17T22:26:59.028+0530] {processor.py:186} INFO - Started process (PID=92514) to work on /Users/bhavishyachallagolla/Desktop/RetailSense/.venv/lib/python3.12/site-packages/airflow/example_dags/example_xcomargs.py
[2026-07-17T22:26:59.029+0530] {processor.py:914} INFO - Processing file /Users/bhavishyachallagolla/Desktop/RetailSense/.venv/lib/python3.12/site-packages/airflow/example_dags/example_xcomargs.py for tasks to queue
[2026-07-17T22:26:59.029+0530] {logging_mixin.py:190} INFO - [2026-07-17T22:26:59.029+0530] {dagbag.py:588} INFO - Filling up the DagBag from /Users/bhavishyachallagolla/Desktop/RetailSense/.venv/lib/python3.12/site-packages/airflow/example_dags/example_xcomargs.py
[2026-07-17T22:26:59.041+0530] {processor.py:925} INFO - DAG(s) 'example_xcom_args_with_operators', 'example_xcom_args' retrieved from /Users/bhavishyachallagolla/Desktop/RetailSense/.venv/lib/python3.12/site-packages/airflow/example_dags/example_xcomargs.py
[2026-07-17T22:26:59.066+0530] {logging_mixin.py:190} INFO - [2026-07-17T22:26:59.066+0530] {dag.py:3239} INFO - Sync 2 DAGs
[2026-07-17T22:26:59.069+0530] {logging_mixin.py:190} INFO - [2026-07-17T22:26:59.069+0530] {dag.py:4180} INFO - Setting next_dagrun for example_xcom_args to None, run_after=None
[2026-07-17T22:26:59.070+0530] {logging_mixin.py:190} INFO - [2026-07-17T22:26:59.069+0530] {dag.py:4180} INFO - Setting next_dagrun for example_xcom_args_with_operators to None, run_after=None
[2026-07-17T22:26:59.074+0530] {processor.py:208} INFO - Processing /Users/bhavishyachallagolla/Desktop/RetailSense/.venv/lib/python3.12/site-packages/airflow/example_dags/example_xcomargs.py took 0.046 seconds
[2026-07-17T22:27:49.364+0530] {processor.py:186} INFO - Started process (PID=92589) to work on /Users/bhavishyachallagolla/Desktop/RetailSense/.venv/lib/python3.12/site-packages/airflow/example_dags/example_xcomargs.py
[2026-07-17T22:27:49.365+0530] {processor.py:914} INFO - Processing file /Users/bhavishyachallagolla/Desktop/RetailSense/.venv/lib/python3.12/site-packages/airflow/example_dags/example_xcomargs.py for tasks to queue
[2026-07-17T22:27:49.365+0530] {logging_mixin.py:190} INFO - [2026-07-17T22:27:49.365+0530] {dagbag.py:588} INFO - Filling up the DagBag from /Users/bhavishyachallagolla/Desktop/RetailSense/.venv/lib/python3.12/site-packages/airflow/example_dags/example_xcomargs.py
[2026-07-17T22:27:49.377+0530] {processor.py:925} INFO - DAG(s) 'example_xcom_args_with_operators', 'example_xcom_args' retrieved from /Users/bhavishyachallagolla/Desktop/RetailSense/.venv/lib/python3.12/site-packages/airflow/example_dags/example_xcomargs.py
[2026-07-17T22:27:49.402+0530] {logging_mixin.py:190} INFO - [2026-07-17T22:27:49.402+0530] {dag.py:3239} INFO - Sync 2 DAGs
[2026-07-17T22:27:49.405+0530] {logging_mixin.py:190} INFO - [2026-07-17T22:27:49.405+0530] {dag.py:4180} INFO - Setting next_dagrun for example_xcom_args to None, run_after=None
[2026-07-17T22:27:49.406+0530] {logging_mixin.py:190} INFO - [2026-07-17T22:27:49.406+0530] {dag.py:4180} INFO - Setting next_dagrun for example_xcom_args_with_operators to None, run_after=None
[2026-07-17T22:27:49.410+0530] {processor.py:208} INFO - Processing /Users/bhavishyachallagolla/Desktop/RetailSense/.venv/lib/python3.12/site-packages/airflow/example_dags/example_xcomargs.py took 0.047 seconds
[2026-07-17T22:28:40.000+0530] {processor.py:186} INFO - Started process (PID=92664) to work on /Users/bhavishyachallagolla/Desktop/RetailSense/.venv/lib/python3.12/site-packages/airflow/example_dags/example_xcomargs.py
[2026-07-17T22:28:40.000+0530] {processor.py:914} INFO - Processing file /Users/bhavishyachallagolla/Desktop/RetailSense/.venv/lib/python3.12/site-packages/airflow/example_dags/example_xcomargs.py for tasks to queue
[2026-07-17T22:28:40.001+0530] {logging_mixin.py:190} INFO - [2026-07-17T22:28:40.001+0530] {dagbag.py:588} INFO - Filling up the DagBag from /Users/bhavishyachallagolla/Desktop/RetailSense/.venv/lib/python3.12/site-packages/airflow/example_dags/example_xcomargs.py
[2026-07-17T22:28:40.014+0530] {processor.py:925} INFO - DAG(s) 'example_xcom_args_with_operators', 'example_xcom_args' retrieved from /Users/bhavishyachallagolla/Desktop/RetailSense/.venv/lib/python3.12/site-packages/airflow/example_dags/example_xcomargs.py
[2026-07-17T22:28:40.041+0530] {logging_mixin.py:190} INFO - [2026-07-17T22:28:40.041+0530] {dag.py:3239} INFO - Sync 2 DAGs
[2026-07-17T22:28:40.044+0530] {logging_mixin.py:190} INFO - [2026-07-17T22:28:40.044+0530] {dag.py:4180} INFO - Setting next_dagrun for example_xcom_args to None, run_after=None
[2026-07-17T22:28:40.045+0530] {logging_mixin.py:190} INFO - [2026-07-17T22:28:40.045+0530] {dag.py:4180} INFO - Setting next_dagrun for example_xcom_args_with_operators to None, run_after=None
[2026-07-17T22:28:40.049+0530] {processor.py:208} INFO - Processing /Users/bhavishyachallagolla/Desktop/RetailSense/.venv/lib/python3.12/site-packages/airflow/example_dags/example_xcomargs.py took 0.051 seconds
[2026-07-17T22:29:28.188+0530] {processor.py:186} INFO - Started process (PID=92739) to work on /Users/bhavishyachallagolla/Desktop/RetailSense/.venv/lib/python3.12/site-packages/airflow/example_dags/example_xcomargs.py
[2026-07-17T22:29:28.189+0530] {processor.py:914} INFO - Processing file /Users/bhavishyachallagolla/Desktop/RetailSense/.venv/lib/python3.12/site-packages/airflow/example_dags/example_xcomargs.py for tasks to queue
[2026-07-17T22:29:28.189+0530] {logging_mixin.py:190} INFO - [2026-07-17T22:29:28.189+0530] {dagbag.py:588} INFO - Filling up the DagBag from /Users/bhavishyachallagolla/Desktop/RetailSense/.venv/lib/python3.12/site-packages/airflow/example_dags/example_xcomargs.py
[2026-07-17T22:29:28.201+0530] {processor.py:925} INFO - DAG(s) 'example_xcom_args', 'example_xcom_args_with_operators' retrieved from /Users/bhavishyachallagolla/Desktop/RetailSense/.venv/lib/python3.12/site-packages/airflow/example_dags/example_xcomargs.py
[2026-07-17T22:29:28.225+0530] {logging_mixin.py:190} INFO - [2026-07-17T22:29:28.225+0530] {dag.py:3239} INFO - Sync 2 DAGs
[2026-07-17T22:29:28.228+0530] {logging_mixin.py:190} INFO - [2026-07-17T22:29:28.228+0530] {dag.py:4180} INFO - Setting next_dagrun for example_xcom_args to None, run_after=None
[2026-07-17T22:29:28.229+0530] {logging_mixin.py:190} INFO - [2026-07-17T22:29:28.229+0530] {dag.py:4180} INFO - Setting next_dagrun for example_xcom_args_with_operators to None, run_after=None
[2026-07-17T22:29:28.233+0530] {processor.py:208} INFO - Processing /Users/bhavishyachallagolla/Desktop/RetailSense/.venv/lib/python3.12/site-packages/airflow/example_dags/example_xcomargs.py took 0.046 seconds
[2026-07-17T22:30:15.625+0530] {processor.py:186} INFO - Started process (PID=92811) to work on /Users/bhavishyachallagolla/Desktop/RetailSense/.venv/lib/python3.12/site-packages/airflow/example_dags/example_xcomargs.py
[2026-07-17T22:30:15.627+0530] {processor.py:914} INFO - Processing file /Users/bhavishyachallagolla/Desktop/RetailSense/.venv/lib/python3.12/site-packages/airflow/example_dags/example_xcomargs.py for tasks to queue
[2026-07-17T22:30:15.627+0530] {logging_mixin.py:190} INFO - [2026-07-17T22:30:15.627+0530] {dagbag.py:588} INFO - Filling up the DagBag from /Users/bhavishyachallagolla/Desktop/RetailSense/.venv/lib/python3.12/site-packages/airflow/example_dags/example_xcomargs.py
[2026-07-17T22:30:15.639+0530] {processor.py:925} INFO - DAG(s) 'example_xcom_args_with_operators', 'example_xcom_args' retrieved from /Users/bhavishyachallagolla/Desktop/RetailSense/.venv/lib/python3.12/site-packages/airflow/example_dags/example_xcomargs.py
[2026-07-17T22:30:15.665+0530] {logging_mixin.py:190} INFO - [2026-07-17T22:30:15.665+0530] {dag.py:3239} INFO - Sync 2 DAGs
[2026-07-17T22:30:15.668+0530] {logging_mixin.py:190} INFO - [2026-07-17T22:30:15.668+0530] {dag.py:4180} INFO - Setting next_dagrun for example_xcom_args to None, run_after=None
[2026-07-17T22:30:15.669+0530] {logging_mixin.py:190} INFO - [2026-07-17T22:30:15.669+0530] {dag.py:4180} INFO - Setting next_dagrun for example_xcom_args_with_operators to None, run_after=None
[2026-07-17T22:30:15.673+0530] {processor.py:208} INFO - Processing /Users/bhavishyachallagolla/Desktop/RetailSense/.venv/lib/python3.12/site-packages/airflow/example_dags/example_xcomargs.py took 0.049 seconds
[2026-07-17T22:31:07.442+0530] {processor.py:186} INFO - Started process (PID=92888) to work on /Users/bhavishyachallagolla/Desktop/RetailSense/.venv/lib/python3.12/site-packages/airflow/example_dags/example_xcomargs.py
[2026-07-17T22:31:07.443+0530] {processor.py:914} INFO - Processing file /Users/bhavishyachallagolla/Desktop/RetailSense/.venv/lib/python3.12/site-packages/airflow/example_dags/example_xcomargs.py for tasks to queue
[2026-07-17T22:31:07.443+0530] {logging_mixin.py:190} INFO - [2026-07-17T22:31:07.443+0530] {dagbag.py:588} INFO - Filling up the DagBag from /Users/bhavishyachallagolla/Desktop/RetailSense/.venv/lib/python3.12/site-packages/airflow/example_dags/example_xcomargs.py
[2026-07-17T22:31:07.455+0530] {processor.py:925} INFO - DAG(s) 'example_xcom_args', 'example_xcom_args_with_operators' retrieved from /Users/bhavishyachallagolla/Desktop/RetailSense/.venv/lib/python3.12/site-packages/airflow/example_dags/example_xcomargs.py
[2026-07-17T22:31:07.479+0530] {logging_mixin.py:190} INFO - [2026-07-17T22:31:07.479+0530] {dag.py:3239} INFO - Sync 2 DAGs
[2026-07-17T22:31:07.482+0530] {logging_mixin.py:190} INFO - [2026-07-17T22:31:07.482+0530] {dag.py:4180} INFO - Setting next_dagrun for example_xcom_args to None, run_after=None
[2026-07-17T22:31:07.483+0530] {logging_mixin.py:190} INFO - [2026-07-17T22:31:07.483+0530] {dag.py:4180} INFO - Setting next_dagrun for example_xcom_args_with_operators to None, run_after=None
[2026-07-17T22:31:07.487+0530] {processor.py:208} INFO - Processing /Users/bhavishyachallagolla/Desktop/RetailSense/.venv/lib/python3.12/site-packages/airflow/example_dags/example_xcomargs.py took 0.046 seconds
[2026-07-17T22:31:58.574+0530] {processor.py:186} INFO - Started process (PID=92973) to work on /Users/bhavishyachallagolla/Desktop/RetailSense/.venv/lib/python3.12/site-packages/airflow/example_dags/example_xcomargs.py
[2026-07-17T22:31:58.575+0530] {processor.py:914} INFO - Processing file /Users/bhavishyachallagolla/Desktop/RetailSense/.venv/lib/python3.12/site-packages/airflow/example_dags/example_xcomargs.py for tasks to queue
[2026-07-17T22:31:58.575+0530] {logging_mixin.py:190} INFO - [2026-07-17T22:31:58.575+0530] {dagbag.py:588} INFO - Filling up the DagBag from /Users/bhavishyachallagolla/Desktop/RetailSense/.venv/lib/python3.12/site-packages/airflow/example_dags/example_xcomargs.py
[2026-07-17T22:31:58.587+0530] {processor.py:925} INFO - DAG(s) 'example_xcom_args', 'example_xcom_args_with_operators' retrieved from /Users/bhavishyachallagolla/Desktop/RetailSense/.venv/lib/python3.12/site-packages/airflow/example_dags/example_xcomargs.py
[2026-07-17T22:31:58.612+0530] {logging_mixin.py:190} INFO - [2026-07-17T22:31:58.612+0530] {dag.py:3239} INFO - Sync 2 DAGs
[2026-07-17T22:31:58.615+0530] {logging_mixin.py:190} INFO - [2026-07-17T22:31:58.615+0530] {dag.py:4180} INFO - Setting next_dagrun for example_xcom_args to None, run_after=None
[2026-07-17T22:31:58.616+0530] {logging_mixin.py:190} INFO - [2026-07-17T22:31:58.616+0530] {dag.py:4180} INFO - Setting next_dagrun for example_xcom_args_with_operators to None, run_after=None
[2026-07-17T22:31:58.620+0530] {processor.py:208} INFO - Processing /Users/bhavishyachallagolla/Desktop/RetailSense/.venv/lib/python3.12/site-packages/airflow/example_dags/example_xcomargs.py took 0.048 seconds
[2026-07-17T22:32:49.019+0530] {processor.py:186} INFO - Started process (PID=93048) to work on /Users/bhavishyachallagolla/Desktop/RetailSense/.venv/lib/python3.12/site-packages/airflow/example_dags/example_xcomargs.py
[2026-07-17T22:32:49.020+0530] {processor.py:914} INFO - Processing file /Users/bhavishyachallagolla/Desktop/RetailSense/.venv/lib/python3.12/site-packages/airflow/example_dags/example_xcomargs.py for tasks to queue
[2026-07-17T22:32:49.020+0530] {logging_mixin.py:190} INFO - [2026-07-17T22:32:49.020+0530] {dagbag.py:588} INFO - Filling up the DagBag from /Users/bhavishyachallagolla/Desktop/RetailSense/.venv/lib/python3.12/site-packages/airflow/example_dags/example_xcomargs.py
[2026-07-17T22:32:49.032+0530] {processor.py:925} INFO - DAG(s) 'example_xcom_args', 'example_xcom_args_with_operators' retrieved from /Users/bhavishyachallagolla/Desktop/RetailSense/.venv/lib/python3.12/site-packages/airflow/example_dags/example_xcomargs.py
[2026-07-17T22:32:49.056+0530] {logging_mixin.py:190} INFO - [2026-07-17T22:32:49.056+0530] {dag.py:3239} INFO - Sync 2 DAGs
[2026-07-17T22:32:49.059+0530] {logging_mixin.py:190} INFO - [2026-07-17T22:32:49.059+0530] {dag.py:4180} INFO - Setting next_dagrun for example_xcom_args to None, run_after=None
[2026-07-17T22:32:49.060+0530] {logging_mixin.py:190} INFO - [2026-07-17T22:32:49.060+0530] {dag.py:4180} INFO - Setting next_dagrun for example_xcom_args_with_operators to None, run_after=None
[2026-07-17T22:32:49.064+0530] {processor.py:208} INFO - Processing /Users/bhavishyachallagolla/Desktop/RetailSense/.venv/lib/python3.12/site-packages/airflow/example_dags/example_xcomargs.py took 0.045 seconds
[2026-07-17T22:33:38.814+0530] {processor.py:186} INFO - Started process (PID=93122) to work on /Users/bhavishyachallagolla/Desktop/RetailSense/.venv/lib/python3.12/site-packages/airflow/example_dags/example_xcomargs.py
[2026-07-17T22:33:38.815+0530] {processor.py:914} INFO - Processing file /Users/bhavishyachallagolla/Desktop/RetailSense/.venv/lib/python3.12/site-packages/airflow/example_dags/example_xcomargs.py for tasks to queue
[2026-07-17T22:33:38.815+0530] {logging_mixin.py:190} INFO - [2026-07-17T22:33:38.815+0530] {dagbag.py:588} INFO - Filling up the DagBag from /Users/bhavishyachallagolla/Desktop/RetailSense/.venv/lib/python3.12/site-packages/airflow/example_dags/example_xcomargs.py
[2026-07-17T22:33:38.827+0530] {processor.py:925} INFO - DAG(s) 'example_xcom_args', 'example_xcom_args_with_operators' retrieved from /Users/bhavishyachallagolla/Desktop/RetailSense/.venv/lib/python3.12/site-packages/airflow/example_dags/example_xcomargs.py
[2026-07-17T22:33:38.852+0530] {logging_mixin.py:190} INFO - [2026-07-17T22:33:38.852+0530] {dag.py:3239} INFO - Sync 2 DAGs
[2026-07-17T22:33:38.855+0530] {logging_mixin.py:190} INFO - [2026-07-17T22:33:38.854+0530] {dag.py:4180} INFO - Setting next_dagrun for example_xcom_args to None, run_after=None
[2026-07-17T22:33:38.855+0530] {logging_mixin.py:190} INFO - [2026-07-17T22:33:38.855+0530] {dag.py:4180} INFO - Setting next_dagrun for example_xcom_args_with_operators to None, run_after=None
[2026-07-17T22:33:38.859+0530] {processor.py:208} INFO - Processing /Users/bhavishyachallagolla/Desktop/RetailSense/.venv/lib/python3.12/site-packages/airflow/example_dags/example_xcomargs.py took 0.047 seconds
[2026-07-17T22:34:26.712+0530] {processor.py:186} INFO - Started process (PID=93194) to work on /Users/bhavishyachallagolla/Desktop/RetailSense/.venv/lib/python3.12/site-packages/airflow/example_dags/example_xcomargs.py
[2026-07-17T22:34:26.713+0530] {processor.py:914} INFO - Processing file /Users/bhavishyachallagolla/Desktop/RetailSense/.venv/lib/python3.12/site-packages/airflow/example_dags/example_xcomargs.py for tasks to queue
[2026-07-17T22:34:26.713+0530] {logging_mixin.py:190} INFO - [2026-07-17T22:34:26.713+0530] {dagbag.py:588} INFO - Filling up the DagBag from /Users/bhavishyachallagolla/Desktop/RetailSense/.venv/lib/python3.12/site-packages/airflow/example_dags/example_xcomargs.py
[2026-07-17T22:34:26.726+0530] {processor.py:925} INFO - DAG(s) 'example_xcom_args', 'example_xcom_args_with_operators' retrieved from /Users/bhavishyachallagolla/Desktop/RetailSense/.venv/lib/python3.12/site-packages/airflow/example_dags/example_xcomargs.py
[2026-07-17T22:34:26.752+0530] {logging_mixin.py:190} INFO - [2026-07-17T22:34:26.752+0530] {dag.py:3239} INFO - Sync 2 DAGs
[2026-07-17T22:34:26.755+0530] {logging_mixin.py:190} INFO - [2026-07-17T22:34:26.755+0530] {dag.py:4180} INFO - Setting next_dagrun for example_xcom_args to None, run_after=None
[2026-07-17T22:34:26.755+0530] {logging_mixin.py:190} INFO - [2026-07-17T22:34:26.755+0530] {dag.py:4180} INFO - Setting next_dagrun for example_xcom_args_with_operators to None, run_after=None
[2026-07-17T22:34:26.760+0530] {processor.py:208} INFO - Processing /Users/bhavishyachallagolla/Desktop/RetailSense/.venv/lib/python3.12/site-packages/airflow/example_dags/example_xcomargs.py took 0.049 seconds
[2026-07-17T22:35:17.178+0530] {processor.py:186} INFO - Started process (PID=93269) to work on /Users/bhavishyachallagolla/Desktop/RetailSense/.venv/lib/python3.12/site-packages/airflow/example_dags/example_xcomargs.py
[2026-07-17T22:35:17.178+0530] {processor.py:914} INFO - Processing file /Users/bhavishyachallagolla/Desktop/RetailSense/.venv/lib/python3.12/site-packages/airflow/example_dags/example_xcomargs.py for tasks to queue
[2026-07-17T22:35:17.178+0530] {logging_mixin.py:190} INFO - [2026-07-17T22:35:17.178+0530] {dagbag.py:588} INFO - Filling up the DagBag from /Users/bhavishyachallagolla/Desktop/RetailSense/.venv/lib/python3.12/site-packages/airflow/example_dags/example_xcomargs.py
[2026-07-17T22:35:17.190+0530] {processor.py:925} INFO - DAG(s) 'example_xcom_args_with_operators', 'example_xcom_args' retrieved from /Users/bhavishyachallagolla/Desktop/RetailSense/.venv/lib/python3.12/site-packages/airflow/example_dags/example_xcomargs.py
[2026-07-17T22:35:17.215+0530] {logging_mixin.py:190} INFO - [2026-07-17T22:35:17.215+0530] {dag.py:3239} INFO - Sync 2 DAGs
[2026-07-17T22:35:17.218+0530] {logging_mixin.py:190} INFO - [2026-07-17T22:35:17.218+0530] {dag.py:4180} INFO - Setting next_dagrun for example_xcom_args to None, run_after=None
[2026-07-17T22:35:17.219+0530] {logging_mixin.py:190} INFO - [2026-07-17T22:35:17.219+0530] {dag.py:4180} INFO - Setting next_dagrun for example_xcom_args_with_operators to None, run_after=None
[2026-07-17T22:35:17.224+0530] {processor.py:208} INFO - Processing /Users/bhavishyachallagolla/Desktop/RetailSense/.venv/lib/python3.12/site-packages/airflow/example_dags/example_xcomargs.py took 0.047 seconds
[2026-07-17T22:36:08.295+0530] {processor.py:186} INFO - Started process (PID=93345) to work on /Users/bhavishyachallagolla/Desktop/RetailSense/.venv/lib/python3.12/site-packages/airflow/example_dags/example_xcomargs.py
[2026-07-17T22:36:08.296+0530] {processor.py:914} INFO - Processing file /Users/bhavishyachallagolla/Desktop/RetailSense/.venv/lib/python3.12/site-packages/airflow/example_dags/example_xcomargs.py for tasks to queue
[2026-07-17T22:36:08.296+0530] {logging_mixin.py:190} INFO - [2026-07-17T22:36:08.296+0530] {dagbag.py:588} INFO - Filling up the DagBag from /Users/bhavishyachallagolla/Desktop/RetailSense/.venv/lib/python3.12/site-packages/airflow/example_dags/example_xcomargs.py
[2026-07-17T22:36:08.308+0530] {processor.py:925} INFO - DAG(s) 'example_xcom_args_with_operators', 'example_xcom_args' retrieved from /Users/bhavishyachallagolla/Desktop/RetailSense/.venv/lib/python3.12/site-packages/airflow/example_dags/example_xcomargs.py
[2026-07-17T22:36:08.333+0530] {logging_mixin.py:190} INFO - [2026-07-17T22:36:08.333+0530] {dag.py:3239} INFO - Sync 2 DAGs
[2026-07-17T22:36:08.336+0530] {logging_mixin.py:190} INFO - [2026-07-17T22:36:08.336+0530] {dag.py:4180} INFO - Setting next_dagrun for example_xcom_args to None, run_after=None
[2026-07-17T22:36:08.337+0530] {logging_mixin.py:190} INFO - [2026-07-17T22:36:08.337+0530] {dag.py:4180} INFO - Setting next_dagrun for example_xcom_args_with_operators to None, run_after=None
[2026-07-17T22:36:08.341+0530] {processor.py:208} INFO - Processing /Users/bhavishyachallagolla/Desktop/RetailSense/.venv/lib/python3.12/site-packages/airflow/example_dags/example_xcomargs.py took 0.046 seconds
[2026-07-17T22:36:58.759+0530] {processor.py:186} INFO - Started process (PID=93429) to work on /Users/bhavishyachallagolla/Desktop/RetailSense/.venv/lib/python3.12/site-packages/airflow/example_dags/example_xcomargs.py
[2026-07-17T22:36:58.760+0530] {processor.py:914} INFO - Processing file /Users/bhavishyachallagolla/Desktop/RetailSense/.venv/lib/python3.12/site-packages/airflow/example_dags/example_xcomargs.py for tasks to queue
[2026-07-17T22:36:58.760+0530] {logging_mixin.py:190} INFO - [2026-07-17T22:36:58.760+0530] {dagbag.py:588} INFO - Filling up the DagBag from /Users/bhavishyachallagolla/Desktop/RetailSense/.venv/lib/python3.12/site-packages/airflow/example_dags/example_xcomargs.py
[2026-07-17T22:36:58.772+0530] {processor.py:925} INFO - DAG(s) 'example_xcom_args', 'example_xcom_args_with_operators' retrieved from /Users/bhavishyachallagolla/Desktop/RetailSense/.venv/lib/python3.12/site-packages/airflow/example_dags/example_xcomargs.py
[2026-07-17T22:36:58.796+0530] {logging_mixin.py:190} INFO - [2026-07-17T22:36:58.796+0530] {dag.py:3239} INFO - Sync 2 DAGs
[2026-07-17T22:36:58.799+0530] {logging_mixin.py:190} INFO - [2026-07-17T22:36:58.799+0530] {dag.py:4180} INFO - Setting next_dagrun for example_xcom_args to None, run_after=None
[2026-07-17T22:36:58.799+0530] {logging_mixin.py:190} INFO - [2026-07-17T22:36:58.799+0530] {dag.py:4180} INFO - Setting next_dagrun for example_xcom_args_with_operators to None, run_after=None
[2026-07-17T22:36:58.803+0530] {processor.py:208} INFO - Processing /Users/bhavishyachallagolla/Desktop/RetailSense/.venv/lib/python3.12/site-packages/airflow/example_dags/example_xcomargs.py took 0.045 seconds
[2026-07-17T22:37:49.118+0530] {processor.py:186} INFO - Started process (PID=93505) to work on /Users/bhavishyachallagolla/Desktop/RetailSense/.venv/lib/python3.12/site-packages/airflow/example_dags/example_xcomargs.py
[2026-07-17T22:37:49.118+0530] {processor.py:914} INFO - Processing file /Users/bhavishyachallagolla/Desktop/RetailSense/.venv/lib/python3.12/site-packages/airflow/example_dags/example_xcomargs.py for tasks to queue
[2026-07-17T22:37:49.119+0530] {logging_mixin.py:190} INFO - [2026-07-17T22:37:49.118+0530] {dagbag.py:588} INFO - Filling up the DagBag from /Users/bhavishyachallagolla/Desktop/RetailSense/.venv/lib/python3.12/site-packages/airflow/example_dags/example_xcomargs.py
[2026-07-17T22:37:49.130+0530] {processor.py:925} INFO - DAG(s) 'example_xcom_args_with_operators', 'example_xcom_args' retrieved from /Users/bhavishyachallagolla/Desktop/RetailSense/.venv/lib/python3.12/site-packages/airflow/example_dags/example_xcomargs.py
[2026-07-17T22:37:49.155+0530] {logging_mixin.py:190} INFO - [2026-07-17T22:37:49.155+0530] {dag.py:3239} INFO - Sync 2 DAGs
[2026-07-17T22:37:49.158+0530] {logging_mixin.py:190} INFO - [2026-07-17T22:37:49.158+0530] {dag.py:4180} INFO - Setting next_dagrun for example_xcom_args to None, run_after=None
[2026-07-17T22:37:49.158+0530] {logging_mixin.py:190} INFO - [2026-07-17T22:37:49.158+0530] {dag.py:4180} INFO - Setting next_dagrun for example_xcom_args_with_operators to None, run_after=None
[2026-07-17T22:37:49.163+0530] {processor.py:208} INFO - Processing /Users/bhavishyachallagolla/Desktop/RetailSense/.venv/lib/python3.12/site-packages/airflow/example_dags/example_xcomargs.py took 0.046 seconds
[2026-07-17T22:38:39.143+0530] {processor.py:186} INFO - Started process (PID=93580) to work on /Users/bhavishyachallagolla/Desktop/RetailSense/.venv/lib/python3.12/site-packages/airflow/example_dags/example_xcomargs.py
[2026-07-17T22:38:39.143+0530] {processor.py:914} INFO - Processing file /Users/bhavishyachallagolla/Desktop/RetailSense/.venv/lib/python3.12/site-packages/airflow/example_dags/example_xcomargs.py for tasks to queue
[2026-07-17T22:38:39.144+0530] {logging_mixin.py:190} INFO - [2026-07-17T22:38:39.143+0530] {dagbag.py:588} INFO - Filling up the DagBag from /Users/bhavishyachallagolla/Desktop/RetailSense/.venv/lib/python3.12/site-packages/airflow/example_dags/example_xcomargs.py
[2026-07-17T22:38:39.155+0530] {processor.py:925} INFO - DAG(s) 'example_xcom_args_with_operators', 'example_xcom_args' retrieved from /Users/bhavishyachallagolla/Desktop/RetailSense/.venv/lib/python3.12/site-packages/airflow/example_dags/example_xcomargs.py
[2026-07-17T22:38:39.179+0530] {logging_mixin.py:190} INFO - [2026-07-17T22:38:39.179+0530] {dag.py:3239} INFO - Sync 2 DAGs
[2026-07-17T22:38:39.182+0530] {logging_mixin.py:190} INFO - [2026-07-17T22:38:39.182+0530] {dag.py:4180} INFO - Setting next_dagrun for example_xcom_args to None, run_after=None
[2026-07-17T22:38:39.183+0530] {logging_mixin.py:190} INFO - [2026-07-17T22:38:39.183+0530] {dag.py:4180} INFO - Setting next_dagrun for example_xcom_args_with_operators to None, run_after=None
[2026-07-17T22:38:39.187+0530] {processor.py:208} INFO - Processing /Users/bhavishyachallagolla/Desktop/RetailSense/.venv/lib/python3.12/site-packages/airflow/example_dags/example_xcomargs.py took 0.045 seconds
[2026-07-17T22:39:27.311+0530] {processor.py:186} INFO - Started process (PID=93653) to work on /Users/bhavishyachallagolla/Desktop/RetailSense/.venv/lib/python3.12/site-packages/airflow/example_dags/example_xcomargs.py
[2026-07-17T22:39:27.311+0530] {processor.py:914} INFO - Processing file /Users/bhavishyachallagolla/Desktop/RetailSense/.venv/lib/python3.12/site-packages/airflow/example_dags/example_xcomargs.py for tasks to queue
[2026-07-17T22:39:27.312+0530] {logging_mixin.py:190} INFO - [2026-07-17T22:39:27.312+0530] {dagbag.py:588} INFO - Filling up the DagBag from /Users/bhavishyachallagolla/Desktop/RetailSense/.venv/lib/python3.12/site-packages/airflow/example_dags/example_xcomargs.py
[2026-07-17T22:39:27.324+0530] {processor.py:925} INFO - DAG(s) 'example_xcom_args', 'example_xcom_args_with_operators' retrieved from /Users/bhavishyachallagolla/Desktop/RetailSense/.venv/lib/python3.12/site-packages/airflow/example_dags/example_xcomargs.py
[2026-07-17T22:39:27.349+0530] {logging_mixin.py:190} INFO - [2026-07-17T22:39:27.348+0530] {dag.py:3239} INFO - Sync 2 DAGs
[2026-07-17T22:39:27.351+0530] {logging_mixin.py:190} INFO - [2026-07-17T22:39:27.351+0530] {dag.py:4180} INFO - Setting next_dagrun for example_xcom_args to None, run_after=None
[2026-07-17T22:39:27.352+0530] {logging_mixin.py:190} INFO - [2026-07-17T22:39:27.352+0530] {dag.py:4180} INFO - Setting next_dagrun for example_xcom_args_with_operators to None, run_after=None
[2026-07-17T22:39:27.356+0530] {processor.py:208} INFO - Processing /Users/bhavishyachallagolla/Desktop/RetailSense/.venv/lib/python3.12/site-packages/airflow/example_dags/example_xcomargs.py took 0.046 seconds
[2026-07-17T22:40:18.489+0530] {processor.py:186} INFO - Started process (PID=93728) to work on /Users/bhavishyachallagolla/Desktop/RetailSense/.venv/lib/python3.12/site-packages/airflow/example_dags/example_xcomargs.py
[2026-07-17T22:40:18.490+0530] {processor.py:914} INFO - Processing file /Users/bhavishyachallagolla/Desktop/RetailSense/.venv/lib/python3.12/site-packages/airflow/example_dags/example_xcomargs.py for tasks to queue
[2026-07-17T22:40:18.490+0530] {logging_mixin.py:190} INFO - [2026-07-17T22:40:18.490+0530] {dagbag.py:588} INFO - Filling up the DagBag from /Users/bhavishyachallagolla/Desktop/RetailSense/.venv/lib/python3.12/site-packages/airflow/example_dags/example_xcomargs.py
[2026-07-17T22:40:18.502+0530] {processor.py:925} INFO - DAG(s) 'example_xcom_args', 'example_xcom_args_with_operators' retrieved from /Users/bhavishyachallagolla/Desktop/RetailSense/.venv/lib/python3.12/site-packages/airflow/example_dags/example_xcomargs.py
[2026-07-17T22:40:18.528+0530] {logging_mixin.py:190} INFO - [2026-07-17T22:40:18.527+0530] {dag.py:3239} INFO - Sync 2 DAGs
[2026-07-17T22:40:18.530+0530] {logging_mixin.py:190} INFO - [2026-07-17T22:40:18.530+0530] {dag.py:4180} INFO - Setting next_dagrun for example_xcom_args to None, run_after=None
[2026-07-17T22:40:18.531+0530] {logging_mixin.py:190} INFO - [2026-07-17T22:40:18.531+0530] {dag.py:4180} INFO - Setting next_dagrun for example_xcom_args_with_operators to None, run_after=None
[2026-07-17T22:40:18.535+0530] {processor.py:208} INFO - Processing /Users/bhavishyachallagolla/Desktop/RetailSense/.venv/lib/python3.12/site-packages/airflow/example_dags/example_xcomargs.py took 0.048 seconds
[2026-07-17T22:41:08.371+0530] {processor.py:186} INFO - Started process (PID=93803) to work on /Users/bhavishyachallagolla/Desktop/RetailSense/.venv/lib/python3.12/site-packages/airflow/example_dags/example_xcomargs.py
[2026-07-17T22:41:08.371+0530] {processor.py:914} INFO - Processing file /Users/bhavishyachallagolla/Desktop/RetailSense/.venv/lib/python3.12/site-packages/airflow/example_dags/example_xcomargs.py for tasks to queue
[2026-07-17T22:41:08.372+0530] {logging_mixin.py:190} INFO - [2026-07-17T22:41:08.372+0530] {dagbag.py:588} INFO - Filling up the DagBag from /Users/bhavishyachallagolla/Desktop/RetailSense/.venv/lib/python3.12/site-packages/airflow/example_dags/example_xcomargs.py
[2026-07-17T22:41:08.384+0530] {processor.py:925} INFO - DAG(s) 'example_xcom_args', 'example_xcom_args_with_operators' retrieved from /Users/bhavishyachallagolla/Desktop/RetailSense/.venv/lib/python3.12/site-packages/airflow/example_dags/example_xcomargs.py
[2026-07-17T22:41:08.410+0530] {logging_mixin.py:190} INFO - [2026-07-17T22:41:08.410+0530] {dag.py:3239} INFO - Sync 2 DAGs
[2026-07-17T22:41:08.413+0530] {logging_mixin.py:190} INFO - [2026-07-17T22:41:08.413+0530] {dag.py:4180} INFO - Setting next_dagrun for example_xcom_args to None, run_after=None
[2026-07-17T22:41:08.413+0530] {logging_mixin.py:190} INFO - [2026-07-17T22:41:08.413+0530] {dag.py:4180} INFO - Setting next_dagrun for example_xcom_args_with_operators to None, run_after=None
[2026-07-17T22:41:08.418+0530] {processor.py:208} INFO - Processing /Users/bhavishyachallagolla/Desktop/RetailSense/.venv/lib/python3.12/site-packages/airflow/example_dags/example_xcomargs.py took 0.048 seconds
[2026-07-17T22:41:58.586+0530] {processor.py:186} INFO - Started process (PID=93880) to work on /Users/bhavishyachallagolla/Desktop/RetailSense/.venv/lib/python3.12/site-packages/airflow/example_dags/example_xcomargs.py
[2026-07-17T22:41:58.587+0530] {processor.py:914} INFO - Processing file /Users/bhavishyachallagolla/Desktop/RetailSense/.venv/lib/python3.12/site-packages/airflow/example_dags/example_xcomargs.py for tasks to queue
[2026-07-17T22:41:58.588+0530] {logging_mixin.py:190} INFO - [2026-07-17T22:41:58.588+0530] {dagbag.py:588} INFO - Filling up the DagBag from /Users/bhavishyachallagolla/Desktop/RetailSense/.venv/lib/python3.12/site-packages/airflow/example_dags/example_xcomargs.py
[2026-07-17T22:41:58.601+0530] {processor.py:925} INFO - DAG(s) 'example_xcom_args_with_operators', 'example_xcom_args' retrieved from /Users/bhavishyachallagolla/Desktop/RetailSense/.venv/lib/python3.12/site-packages/airflow/example_dags/example_xcomargs.py
[2026-07-17T22:41:58.627+0530] {logging_mixin.py:190} INFO - [2026-07-17T22:41:58.627+0530] {dag.py:3239} INFO - Sync 2 DAGs
[2026-07-17T22:41:58.630+0530] {logging_mixin.py:190} INFO - [2026-07-17T22:41:58.630+0530] {dag.py:4180} INFO - Setting next_dagrun for example_xcom_args to None, run_after=None
[2026-07-17T22:41:58.631+0530] {logging_mixin.py:190} INFO - [2026-07-17T22:41:58.631+0530] {dag.py:4180} INFO - Setting next_dagrun for example_xcom_args_with_operators to None, run_after=None
[2026-07-17T22:41:58.635+0530] {processor.py:208} INFO - Processing /Users/bhavishyachallagolla/Desktop/RetailSense/.venv/lib/python3.12/site-packages/airflow/example_dags/example_xcomargs.py took 0.050 seconds
[2026-07-17T22:42:49.655+0530] {processor.py:186} INFO - Started process (PID=93954) to work on /Users/bhavishyachallagolla/Desktop/RetailSense/.venv/lib/python3.12/site-packages/airflow/example_dags/example_xcomargs.py
[2026-07-17T22:42:49.655+0530] {processor.py:914} INFO - Processing file /Users/bhavishyachallagolla/Desktop/RetailSense/.venv/lib/python3.12/site-packages/airflow/example_dags/example_xcomargs.py for tasks to queue
[2026-07-17T22:42:49.656+0530] {logging_mixin.py:190} INFO - [2026-07-17T22:42:49.656+0530] {dagbag.py:588} INFO - Filling up the DagBag from /Users/bhavishyachallagolla/Desktop/RetailSense/.venv/lib/python3.12/site-packages/airflow/example_dags/example_xcomargs.py
[2026-07-17T22:42:49.668+0530] {processor.py:925} INFO - DAG(s) 'example_xcom_args', 'example_xcom_args_with_operators' retrieved from /Users/bhavishyachallagolla/Desktop/RetailSense/.venv/lib/python3.12/site-packages/airflow/example_dags/example_xcomargs.py
[2026-07-17T22:42:49.693+0530] {logging_mixin.py:190} INFO - [2026-07-17T22:42:49.693+0530] {dag.py:3239} INFO - Sync 2 DAGs
[2026-07-17T22:42:49.696+0530] {logging_mixin.py:190} INFO - [2026-07-17T22:42:49.696+0530] {dag.py:4180} INFO - Setting next_dagrun for example_xcom_args to None, run_after=None
[2026-07-17T22:42:49.697+0530] {logging_mixin.py:190} INFO - [2026-07-17T22:42:49.696+0530] {dag.py:4180} INFO - Setting next_dagrun for example_xcom_args_with_operators to None, run_after=None
[2026-07-17T22:42:49.701+0530] {processor.py:208} INFO - Processing /Users/bhavishyachallagolla/Desktop/RetailSense/.venv/lib/python3.12/site-packages/airflow/example_dags/example_xcomargs.py took 0.047 seconds
[2026-07-17T22:43:40.116+0530] {processor.py:186} INFO - Started process (PID=94030) to work on /Users/bhavishyachallagolla/Desktop/RetailSense/.venv/lib/python3.12/site-packages/airflow/example_dags/example_xcomargs.py
[2026-07-17T22:43:40.116+0530] {processor.py:914} INFO - Processing file /Users/bhavishyachallagolla/Desktop/RetailSense/.venv/lib/python3.12/site-packages/airflow/example_dags/example_xcomargs.py for tasks to queue
[2026-07-17T22:43:40.117+0530] {logging_mixin.py:190} INFO - [2026-07-17T22:43:40.116+0530] {dagbag.py:588} INFO - Filling up the DagBag from /Users/bhavishyachallagolla/Desktop/RetailSense/.venv/lib/python3.12/site-packages/airflow/example_dags/example_xcomargs.py
[2026-07-17T22:43:40.129+0530] {processor.py:925} INFO - DAG(s) 'example_xcom_args_with_operators', 'example_xcom_args' retrieved from /Users/bhavishyachallagolla/Desktop/RetailSense/.venv/lib/python3.12/site-packages/airflow/example_dags/example_xcomargs.py
[2026-07-17T22:43:40.154+0530] {logging_mixin.py:190} INFO - [2026-07-17T22:43:40.153+0530] {dag.py:3239} INFO - Sync 2 DAGs
[2026-07-17T22:43:40.156+0530] {logging_mixin.py:190} INFO - [2026-07-17T22:43:40.156+0530] {dag.py:4180} INFO - Setting next_dagrun for example_xcom_args to None, run_after=None
[2026-07-17T22:43:40.157+0530] {logging_mixin.py:190} INFO - [2026-07-17T22:43:40.157+0530] {dag.py:4180} INFO - Setting next_dagrun for example_xcom_args_with_operators to None, run_after=None
[2026-07-17T22:43:40.161+0530] {processor.py:208} INFO - Processing /Users/bhavishyachallagolla/Desktop/RetailSense/.venv/lib/python3.12/site-packages/airflow/example_dags/example_xcomargs.py took 0.046 seconds
[2026-07-17T22:44:29.912+0530] {processor.py:186} INFO - Started process (PID=94104) to work on /Users/bhavishyachallagolla/Desktop/RetailSense/.venv/lib/python3.12/site-packages/airflow/example_dags/example_xcomargs.py
[2026-07-17T22:44:29.913+0530] {processor.py:914} INFO - Processing file /Users/bhavishyachallagolla/Desktop/RetailSense/.venv/lib/python3.12/site-packages/airflow/example_dags/example_xcomargs.py for tasks to queue
[2026-07-17T22:44:29.913+0530] {logging_mixin.py:190} INFO - [2026-07-17T22:44:29.913+0530] {dagbag.py:588} INFO - Filling up the DagBag from /Users/bhavishyachallagolla/Desktop/RetailSense/.venv/lib/python3.12/site-packages/airflow/example_dags/example_xcomargs.py
[2026-07-17T22:44:29.925+0530] {processor.py:925} INFO - DAG(s) 'example_xcom_args', 'example_xcom_args_with_operators' retrieved from /Users/bhavishyachallagolla/Desktop/RetailSense/.venv/lib/python3.12/site-packages/airflow/example_dags/example_xcomargs.py
[2026-07-17T22:44:29.949+0530] {logging_mixin.py:190} INFO - [2026-07-17T22:44:29.949+0530] {dag.py:3239} INFO - Sync 2 DAGs
[2026-07-17T22:44:29.952+0530] {logging_mixin.py:190} INFO - [2026-07-17T22:44:29.952+0530] {dag.py:4180} INFO - Setting next_dagrun for example_xcom_args to None, run_after=None
[2026-07-17T22:44:29.953+0530] {logging_mixin.py:190} INFO - [2026-07-17T22:44:29.953+0530] {dag.py:4180} INFO - Setting next_dagrun for example_xcom_args_with_operators to None, run_after=None
[2026-07-17T22:44:29.957+0530] {processor.py:208} INFO - Processing /Users/bhavishyachallagolla/Desktop/RetailSense/.venv/lib/python3.12/site-packages/airflow/example_dags/example_xcomargs.py took 0.045 seconds
[2026-07-17T22:45:20.483+0530] {processor.py:186} INFO - Started process (PID=94179) to work on /Users/bhavishyachallagolla/Desktop/RetailSense/.venv/lib/python3.12/site-packages/airflow/example_dags/example_xcomargs.py
[2026-07-17T22:45:20.484+0530] {processor.py:914} INFO - Processing file /Users/bhavishyachallagolla/Desktop/RetailSense/.venv/lib/python3.12/site-packages/airflow/example_dags/example_xcomargs.py for tasks to queue
[2026-07-17T22:45:20.484+0530] {logging_mixin.py:190} INFO - [2026-07-17T22:45:20.484+0530] {dagbag.py:588} INFO - Filling up the DagBag from /Users/bhavishyachallagolla/Desktop/RetailSense/.venv/lib/python3.12/site-packages/airflow/example_dags/example_xcomargs.py
[2026-07-17T22:45:20.496+0530] {processor.py:925} INFO - DAG(s) 'example_xcom_args', 'example_xcom_args_with_operators' retrieved from /Users/bhavishyachallagolla/Desktop/RetailSense/.venv/lib/python3.12/site-packages/airflow/example_dags/example_xcomargs.py
[2026-07-17T22:45:20.521+0530] {logging_mixin.py:190} INFO - [2026-07-17T22:45:20.521+0530] {dag.py:3239} INFO - Sync 2 DAGs
[2026-07-17T22:45:20.524+0530] {logging_mixin.py:190} INFO - [2026-07-17T22:45:20.524+0530] {dag.py:4180} INFO - Setting next_dagrun for example_xcom_args to None, run_after=None
[2026-07-17T22:45:20.525+0530] {logging_mixin.py:190} INFO - [2026-07-17T22:45:20.525+0530] {dag.py:4180} INFO - Setting next_dagrun for example_xcom_args_with_operators to None, run_after=None
[2026-07-17T22:45:20.529+0530] {processor.py:208} INFO - Processing /Users/bhavishyachallagolla/Desktop/RetailSense/.venv/lib/python3.12/site-packages/airflow/example_dags/example_xcomargs.py took 0.047 seconds
[2026-07-17T22:46:08.936+0530] {processor.py:186} INFO - Started process (PID=94253) to work on /Users/bhavishyachallagolla/Desktop/RetailSense/.venv/lib/python3.12/site-packages/airflow/example_dags/example_xcomargs.py
[2026-07-17T22:46:08.936+0530] {processor.py:914} INFO - Processing file /Users/bhavishyachallagolla/Desktop/RetailSense/.venv/lib/python3.12/site-packages/airflow/example_dags/example_xcomargs.py for tasks to queue
[2026-07-17T22:46:08.936+0530] {logging_mixin.py:190} INFO - [2026-07-17T22:46:08.936+0530] {dagbag.py:588} INFO - Filling up the DagBag from /Users/bhavishyachallagolla/Desktop/RetailSense/.venv/lib/python3.12/site-packages/airflow/example_dags/example_xcomargs.py
[2026-07-17T22:46:08.948+0530] {processor.py:925} INFO - DAG(s) 'example_xcom_args', 'example_xcom_args_with_operators' retrieved from /Users/bhavishyachallagolla/Desktop/RetailSense/.venv/lib/python3.12/site-packages/airflow/example_dags/example_xcomargs.py
[2026-07-17T22:46:08.973+0530] {logging_mixin.py:190} INFO - [2026-07-17T22:46:08.972+0530] {dag.py:3239} INFO - Sync 2 DAGs
[2026-07-17T22:46:08.975+0530] {logging_mixin.py:190} INFO - [2026-07-17T22:46:08.975+0530] {dag.py:4180} INFO - Setting next_dagrun for example_xcom_args to None, run_after=None
[2026-07-17T22:46:08.976+0530] {logging_mixin.py:190} INFO - [2026-07-17T22:46:08.976+0530] {dag.py:4180} INFO - Setting next_dagrun for example_xcom_args_with_operators to None, run_after=None
[2026-07-17T22:46:08.980+0530] {processor.py:208} INFO - Processing /Users/bhavishyachallagolla/Desktop/RetailSense/.venv/lib/python3.12/site-packages/airflow/example_dags/example_xcomargs.py took 0.045 seconds
[2026-07-17T22:46:56.736+0530] {processor.py:186} INFO - Started process (PID=94324) to work on /Users/bhavishyachallagolla/Desktop/RetailSense/.venv/lib/python3.12/site-packages/airflow/example_dags/example_xcomargs.py
[2026-07-17T22:46:56.737+0530] {processor.py:914} INFO - Processing file /Users/bhavishyachallagolla/Desktop/RetailSense/.venv/lib/python3.12/site-packages/airflow/example_dags/example_xcomargs.py for tasks to queue
[2026-07-17T22:46:56.737+0530] {logging_mixin.py:190} INFO - [2026-07-17T22:46:56.737+0530] {dagbag.py:588} INFO - Filling up the DagBag from /Users/bhavishyachallagolla/Desktop/RetailSense/.venv/lib/python3.12/site-packages/airflow/example_dags/example_xcomargs.py
[2026-07-17T22:46:56.749+0530] {processor.py:925} INFO - DAG(s) 'example_xcom_args', 'example_xcom_args_with_operators' retrieved from /Users/bhavishyachallagolla/Desktop/RetailSense/.venv/lib/python3.12/site-packages/airflow/example_dags/example_xcomargs.py
[2026-07-17T22:46:56.773+0530] {logging_mixin.py:190} INFO - [2026-07-17T22:46:56.773+0530] {dag.py:3239} INFO - Sync 2 DAGs
[2026-07-17T22:46:56.776+0530] {logging_mixin.py:190} INFO - [2026-07-17T22:46:56.776+0530] {dag.py:4180} INFO - Setting next_dagrun for example_xcom_args to None, run_after=None
[2026-07-17T22:46:56.777+0530] {logging_mixin.py:190} INFO - [2026-07-17T22:46:56.777+0530] {dag.py:4180} INFO - Setting next_dagrun for example_xcom_args_with_operators to None, run_after=None
[2026-07-17T22:46:56.781+0530] {processor.py:208} INFO - Processing /Users/bhavishyachallagolla/Desktop/RetailSense/.venv/lib/python3.12/site-packages/airflow/example_dags/example_xcomargs.py took 0.045 seconds
[2026-07-17T22:47:46.107+0530] {processor.py:186} INFO - Started process (PID=94400) to work on /Users/bhavishyachallagolla/Desktop/RetailSense/.venv/lib/python3.12/site-packages/airflow/example_dags/example_xcomargs.py
[2026-07-17T22:47:46.107+0530] {processor.py:914} INFO - Processing file /Users/bhavishyachallagolla/Desktop/RetailSense/.venv/lib/python3.12/site-packages/airflow/example_dags/example_xcomargs.py for tasks to queue
[2026-07-17T22:47:46.108+0530] {logging_mixin.py:190} INFO - [2026-07-17T22:47:46.108+0530] {dagbag.py:588} INFO - Filling up the DagBag from /Users/bhavishyachallagolla/Desktop/RetailSense/.venv/lib/python3.12/site-packages/airflow/example_dags/example_xcomargs.py
[2026-07-17T22:47:46.120+0530] {processor.py:925} INFO - DAG(s) 'example_xcom_args_with_operators', 'example_xcom_args' retrieved from /Users/bhavishyachallagolla/Desktop/RetailSense/.venv/lib/python3.12/site-packages/airflow/example_dags/example_xcomargs.py
[2026-07-17T22:47:46.145+0530] {logging_mixin.py:190} INFO - [2026-07-17T22:47:46.145+0530] {dag.py:3239} INFO - Sync 2 DAGs
[2026-07-17T22:47:46.147+0530] {logging_mixin.py:190} INFO - [2026-07-17T22:47:46.147+0530] {dag.py:4180} INFO - Setting next_dagrun for example_xcom_args to None, run_after=None
[2026-07-17T22:47:46.148+0530] {logging_mixin.py:190} INFO - [2026-07-17T22:47:46.148+0530] {dag.py:4180} INFO - Setting next_dagrun for example_xcom_args_with_operators to None, run_after=None
[2026-07-17T22:47:46.153+0530] {processor.py:208} INFO - Processing /Users/bhavishyachallagolla/Desktop/RetailSense/.venv/lib/python3.12/site-packages/airflow/example_dags/example_xcomargs.py took 0.046 seconds
[2026-07-17T22:48:37.098+0530] {processor.py:186} INFO - Started process (PID=94475) to work on /Users/bhavishyachallagolla/Desktop/RetailSense/.venv/lib/python3.12/site-packages/airflow/example_dags/example_xcomargs.py
[2026-07-17T22:48:37.098+0530] {processor.py:914} INFO - Processing file /Users/bhavishyachallagolla/Desktop/RetailSense/.venv/lib/python3.12/site-packages/airflow/example_dags/example_xcomargs.py for tasks to queue
[2026-07-17T22:48:37.099+0530] {logging_mixin.py:190} INFO - [2026-07-17T22:48:37.099+0530] {dagbag.py:588} INFO - Filling up the DagBag from /Users/bhavishyachallagolla/Desktop/RetailSense/.venv/lib/python3.12/site-packages/airflow/example_dags/example_xcomargs.py
[2026-07-17T22:48:37.111+0530] {processor.py:925} INFO - DAG(s) 'example_xcom_args_with_operators', 'example_xcom_args' retrieved from /Users/bhavishyachallagolla/Desktop/RetailSense/.venv/lib/python3.12/site-packages/airflow/example_dags/example_xcomargs.py
[2026-07-17T22:48:37.136+0530] {logging_mixin.py:190} INFO - [2026-07-17T22:48:37.136+0530] {dag.py:3239} INFO - Sync 2 DAGs
[2026-07-17T22:48:37.139+0530] {logging_mixin.py:190} INFO - [2026-07-17T22:48:37.139+0530] {dag.py:4180} INFO - Setting next_dagrun for example_xcom_args to None, run_after=None
[2026-07-17T22:48:37.139+0530] {logging_mixin.py:190} INFO - [2026-07-17T22:48:37.139+0530] {dag.py:4180} INFO - Setting next_dagrun for example_xcom_args_with_operators to None, run_after=None
[2026-07-17T22:48:37.144+0530] {processor.py:208} INFO - Processing /Users/bhavishyachallagolla/Desktop/RetailSense/.venv/lib/python3.12/site-packages/airflow/example_dags/example_xcomargs.py took 0.047 seconds
[2026-07-17T22:49:43.959+0530] {processor.py:186} INFO - Started process (PID=94556) to work on /Users/bhavishyachallagolla/Desktop/RetailSense/.venv/lib/python3.12/site-packages/airflow/example_dags/example_xcomargs.py
[2026-07-17T22:49:43.960+0530] {processor.py:914} INFO - Processing file /Users/bhavishyachallagolla/Desktop/RetailSense/.venv/lib/python3.12/site-packages/airflow/example_dags/example_xcomargs.py for tasks to queue
[2026-07-17T22:49:43.960+0530] {logging_mixin.py:190} INFO - [2026-07-17T22:49:43.960+0530] {dagbag.py:588} INFO - Filling up the DagBag from /Users/bhavishyachallagolla/Desktop/RetailSense/.venv/lib/python3.12/site-packages/airflow/example_dags/example_xcomargs.py
[2026-07-17T22:49:43.972+0530] {processor.py:925} INFO - DAG(s) 'example_xcom_args', 'example_xcom_args_with_operators' retrieved from /Users/bhavishyachallagolla/Desktop/RetailSense/.venv/lib/python3.12/site-packages/airflow/example_dags/example_xcomargs.py
[2026-07-17T22:49:43.996+0530] {logging_mixin.py:190} INFO - [2026-07-17T22:49:43.996+0530] {dag.py:3239} INFO - Sync 2 DAGs
[2026-07-17T22:49:43.999+0530] {logging_mixin.py:190} INFO - [2026-07-17T22:49:43.999+0530] {dag.py:4180} INFO - Setting next_dagrun for example_xcom_args to None, run_after=None
[2026-07-17T22:49:44.000+0530] {logging_mixin.py:190} INFO - [2026-07-17T22:49:44.000+0530] {dag.py:4180} INFO - Setting next_dagrun for example_xcom_args_with_operators to None, run_after=None
[2026-07-17T22:49:44.004+0530] {processor.py:208} INFO - Processing /Users/bhavishyachallagolla/Desktop/RetailSense/.venv/lib/python3.12/site-packages/airflow/example_dags/example_xcomargs.py took 0.046 seconds
[2026-07-17T22:50:33.107+0530] {processor.py:186} INFO - Started process (PID=94629) to work on /Users/bhavishyachallagolla/Desktop/RetailSense/.venv/lib/python3.12/site-packages/airflow/example_dags/example_xcomargs.py
[2026-07-17T22:50:33.107+0530] {processor.py:914} INFO - Processing file /Users/bhavishyachallagolla/Desktop/RetailSense/.venv/lib/python3.12/site-packages/airflow/example_dags/example_xcomargs.py for tasks to queue
[2026-07-17T22:50:33.108+0530] {logging_mixin.py:190} INFO - [2026-07-17T22:50:33.108+0530] {dagbag.py:588} INFO - Filling up the DagBag from /Users/bhavishyachallagolla/Desktop/RetailSense/.venv/lib/python3.12/site-packages/airflow/example_dags/example_xcomargs.py
[2026-07-17T22:50:33.120+0530] {processor.py:925} INFO - DAG(s) 'example_xcom_args', 'example_xcom_args_with_operators' retrieved from /Users/bhavishyachallagolla/Desktop/RetailSense/.venv/lib/python3.12/site-packages/airflow/example_dags/example_xcomargs.py
[2026-07-17T22:50:33.145+0530] {logging_mixin.py:190} INFO - [2026-07-17T22:50:33.145+0530] {dag.py:3239} INFO - Sync 2 DAGs
[2026-07-17T22:50:33.148+0530] {logging_mixin.py:190} INFO - [2026-07-17T22:50:33.148+0530] {dag.py:4180} INFO - Setting next_dagrun for example_xcom_args to None, run_after=None
[2026-07-17T22:50:33.149+0530] {logging_mixin.py:190} INFO - [2026-07-17T22:50:33.149+0530] {dag.py:4180} INFO - Setting next_dagrun for example_xcom_args_with_operators to None, run_after=None
[2026-07-17T22:50:33.153+0530] {processor.py:208} INFO - Processing /Users/bhavishyachallagolla/Desktop/RetailSense/.venv/lib/python3.12/site-packages/airflow/example_dags/example_xcomargs.py took 0.047 seconds
[2026-07-17T22:51:21.708+0530] {processor.py:186} INFO - Started process (PID=94706) to work on /Users/bhavishyachallagolla/Desktop/RetailSense/.venv/lib/python3.12/site-packages/airflow/example_dags/example_xcomargs.py
[2026-07-17T22:51:21.709+0530] {processor.py:914} INFO - Processing file /Users/bhavishyachallagolla/Desktop/RetailSense/.venv/lib/python3.12/site-packages/airflow/example_dags/example_xcomargs.py for tasks to queue
[2026-07-17T22:51:21.709+0530] {logging_mixin.py:190} INFO - [2026-07-17T22:51:21.709+0530] {dagbag.py:588} INFO - Filling up the DagBag from /Users/bhavishyachallagolla/Desktop/RetailSense/.venv/lib/python3.12/site-packages/airflow/example_dags/example_xcomargs.py
[2026-07-17T22:51:21.721+0530] {processor.py:925} INFO - DAG(s) 'example_xcom_args', 'example_xcom_args_with_operators' retrieved from /Users/bhavishyachallagolla/Desktop/RetailSense/.venv/lib/python3.12/site-packages/airflow/example_dags/example_xcomargs.py
[2026-07-17T22:51:21.746+0530] {logging_mixin.py:190} INFO - [2026-07-17T22:51:21.746+0530] {dag.py:3239} INFO - Sync 2 DAGs
[2026-07-17T22:51:21.749+0530] {logging_mixin.py:190} INFO - [2026-07-17T22:51:21.749+0530] {dag.py:4180} INFO - Setting next_dagrun for example_xcom_args to None, run_after=None
[2026-07-17T22:51:21.749+0530] {logging_mixin.py:190} INFO - [2026-07-17T22:51:21.749+0530] {dag.py:4180} INFO - Setting next_dagrun for example_xcom_args_with_operators to None, run_after=None
[2026-07-17T22:51:21.753+0530] {processor.py:208} INFO - Processing /Users/bhavishyachallagolla/Desktop/RetailSense/.venv/lib/python3.12/site-packages/airflow/example_dags/example_xcomargs.py took 0.046 seconds
[2026-07-17T22:52:11.710+0530] {processor.py:186} INFO - Started process (PID=94782) to work on /Users/bhavishyachallagolla/Desktop/RetailSense/.venv/lib/python3.12/site-packages/airflow/example_dags/example_xcomargs.py
[2026-07-17T22:52:11.711+0530] {processor.py:914} INFO - Processing file /Users/bhavishyachallagolla/Desktop/RetailSense/.venv/lib/python3.12/site-packages/airflow/example_dags/example_xcomargs.py for tasks to queue
[2026-07-17T22:52:11.711+0530] {logging_mixin.py:190} INFO - [2026-07-17T22:52:11.711+0530] {dagbag.py:588} INFO - Filling up the DagBag from /Users/bhavishyachallagolla/Desktop/RetailSense/.venv/lib/python3.12/site-packages/airflow/example_dags/example_xcomargs.py
[2026-07-17T22:52:11.723+0530] {processor.py:925} INFO - DAG(s) 'example_xcom_args', 'example_xcom_args_with_operators' retrieved from /Users/bhavishyachallagolla/Desktop/RetailSense/.venv/lib/python3.12/site-packages/airflow/example_dags/example_xcomargs.py
[2026-07-17T22:52:11.747+0530] {logging_mixin.py:190} INFO - [2026-07-17T22:52:11.747+0530] {dag.py:3239} INFO - Sync 2 DAGs
[2026-07-17T22:52:11.750+0530] {logging_mixin.py:190} INFO - [2026-07-17T22:52:11.750+0530] {dag.py:4180} INFO - Setting next_dagrun for example_xcom_args to None, run_after=None
[2026-07-17T22:52:11.751+0530] {logging_mixin.py:190} INFO - [2026-07-17T22:52:11.751+0530] {dag.py:4180} INFO - Setting next_dagrun for example_xcom_args_with_operators to None, run_after=None
[2026-07-17T22:52:11.755+0530] {processor.py:208} INFO - Processing /Users/bhavishyachallagolla/Desktop/RetailSense/.venv/lib/python3.12/site-packages/airflow/example_dags/example_xcomargs.py took 0.046 seconds
[2026-07-17T22:53:00.467+0530] {processor.py:186} INFO - Started process (PID=94858) to work on /Users/bhavishyachallagolla/Desktop/RetailSense/.venv/lib/python3.12/site-packages/airflow/example_dags/example_xcomargs.py
[2026-07-17T22:53:00.468+0530] {processor.py:914} INFO - Processing file /Users/bhavishyachallagolla/Desktop/RetailSense/.venv/lib/python3.12/site-packages/airflow/example_dags/example_xcomargs.py for tasks to queue
[2026-07-17T22:53:00.468+0530] {logging_mixin.py:190} INFO - [2026-07-17T22:53:00.468+0530] {dagbag.py:588} INFO - Filling up the DagBag from /Users/bhavishyachallagolla/Desktop/RetailSense/.venv/lib/python3.12/site-packages/airflow/example_dags/example_xcomargs.py
[2026-07-17T22:53:00.480+0530] {processor.py:925} INFO - DAG(s) 'example_xcom_args', 'example_xcom_args_with_operators' retrieved from /Users/bhavishyachallagolla/Desktop/RetailSense/.venv/lib/python3.12/site-packages/airflow/example_dags/example_xcomargs.py
[2026-07-17T22:53:00.505+0530] {logging_mixin.py:190} INFO - [2026-07-17T22:53:00.505+0530] {dag.py:3239} INFO - Sync 2 DAGs
[2026-07-17T22:53:00.507+0530] {logging_mixin.py:190} INFO - [2026-07-17T22:53:00.507+0530] {dag.py:4180} INFO - Setting next_dagrun for example_xcom_args to None, run_after=None
[2026-07-17T22:53:00.508+0530] {logging_mixin.py:190} INFO - [2026-07-17T22:53:00.508+0530] {dag.py:4180} INFO - Setting next_dagrun for example_xcom_args_with_operators to None, run_after=None
[2026-07-17T22:53:00.512+0530] {processor.py:208} INFO - Processing /Users/bhavishyachallagolla/Desktop/RetailSense/.venv/lib/python3.12/site-packages/airflow/example_dags/example_xcomargs.py took 0.046 seconds
[2026-07-17T22:53:50.342+0530] {processor.py:186} INFO - Started process (PID=94934) to work on /Users/bhavishyachallagolla/Desktop/RetailSense/.venv/lib/python3.12/site-packages/airflow/example_dags/example_xcomargs.py
[2026-07-17T22:53:50.343+0530] {processor.py:914} INFO - Processing file /Users/bhavishyachallagolla/Desktop/RetailSense/.venv/lib/python3.12/site-packages/airflow/example_dags/example_xcomargs.py for tasks to queue
[2026-07-17T22:53:50.343+0530] {logging_mixin.py:190} INFO - [2026-07-17T22:53:50.343+0530] {dagbag.py:588} INFO - Filling up the DagBag from /Users/bhavishyachallagolla/Desktop/RetailSense/.venv/lib/python3.12/site-packages/airflow/example_dags/example_xcomargs.py
[2026-07-17T22:53:50.355+0530] {processor.py:925} INFO - DAG(s) 'example_xcom_args_with_operators', 'example_xcom_args' retrieved from /Users/bhavishyachallagolla/Desktop/RetailSense/.venv/lib/python3.12/site-packages/airflow/example_dags/example_xcomargs.py
[2026-07-17T22:53:50.380+0530] {logging_mixin.py:190} INFO - [2026-07-17T22:53:50.379+0530] {dag.py:3239} INFO - Sync 2 DAGs
[2026-07-17T22:53:50.382+0530] {logging_mixin.py:190} INFO - [2026-07-17T22:53:50.382+0530] {dag.py:4180} INFO - Setting next_dagrun for example_xcom_args to None, run_after=None
[2026-07-17T22:53:50.383+0530] {logging_mixin.py:190} INFO - [2026-07-17T22:53:50.383+0530] {dag.py:4180} INFO - Setting next_dagrun for example_xcom_args_with_operators to None, run_after=None
[2026-07-17T22:53:50.387+0530] {processor.py:208} INFO - Processing /Users/bhavishyachallagolla/Desktop/RetailSense/.venv/lib/python3.12/site-packages/airflow/example_dags/example_xcomargs.py took 0.046 seconds
[2026-07-17T22:54:40.436+0530] {processor.py:186} INFO - Started process (PID=95009) to work on /Users/bhavishyachallagolla/Desktop/RetailSense/.venv/lib/python3.12/site-packages/airflow/example_dags/example_xcomargs.py
[2026-07-17T22:54:40.437+0530] {processor.py:914} INFO - Processing file /Users/bhavishyachallagolla/Desktop/RetailSense/.venv/lib/python3.12/site-packages/airflow/example_dags/example_xcomargs.py for tasks to queue
[2026-07-17T22:54:40.438+0530] {logging_mixin.py:190} INFO - [2026-07-17T22:54:40.438+0530] {dagbag.py:588} INFO - Filling up the DagBag from /Users/bhavishyachallagolla/Desktop/RetailSense/.venv/lib/python3.12/site-packages/airflow/example_dags/example_xcomargs.py
[2026-07-17T22:54:40.450+0530] {processor.py:925} INFO - DAG(s) 'example_xcom_args_with_operators', 'example_xcom_args' retrieved from /Users/bhavishyachallagolla/Desktop/RetailSense/.venv/lib/python3.12/site-packages/airflow/example_dags/example_xcomargs.py
[2026-07-17T22:54:40.476+0530] {logging_mixin.py:190} INFO - [2026-07-17T22:54:40.476+0530] {dag.py:3239} INFO - Sync 2 DAGs
[2026-07-17T22:54:40.479+0530] {logging_mixin.py:190} INFO - [2026-07-17T22:54:40.479+0530] {dag.py:4180} INFO - Setting next_dagrun for example_xcom_args to None, run_after=None
[2026-07-17T22:54:40.480+0530] {logging_mixin.py:190} INFO - [2026-07-17T22:54:40.480+0530] {dag.py:4180} INFO - Setting next_dagrun for example_xcom_args_with_operators to None, run_after=None
[2026-07-17T22:54:40.484+0530] {processor.py:208} INFO - Processing /Users/bhavishyachallagolla/Desktop/RetailSense/.venv/lib/python3.12/site-packages/airflow/example_dags/example_xcomargs.py took 0.049 seconds
[2026-07-17T22:55:29.909+0530] {processor.py:186} INFO - Started process (PID=95080) to work on /Users/bhavishyachallagolla/Desktop/RetailSense/.venv/lib/python3.12/site-packages/airflow/example_dags/example_xcomargs.py
[2026-07-17T22:55:29.909+0530] {processor.py:914} INFO - Processing file /Users/bhavishyachallagolla/Desktop/RetailSense/.venv/lib/python3.12/site-packages/airflow/example_dags/example_xcomargs.py for tasks to queue
[2026-07-17T22:55:29.910+0530] {logging_mixin.py:190} INFO - [2026-07-17T22:55:29.910+0530] {dagbag.py:588} INFO - Filling up the DagBag from /Users/bhavishyachallagolla/Desktop/RetailSense/.venv/lib/python3.12/site-packages/airflow/example_dags/example_xcomargs.py
[2026-07-17T22:55:29.922+0530] {processor.py:925} INFO - DAG(s) 'example_xcom_args', 'example_xcom_args_with_operators' retrieved from /Users/bhavishyachallagolla/Desktop/RetailSense/.venv/lib/python3.12/site-packages/airflow/example_dags/example_xcomargs.py
[2026-07-17T22:55:29.948+0530] {logging_mixin.py:190} INFO - [2026-07-17T22:55:29.948+0530] {dag.py:3239} INFO - Sync 2 DAGs
[2026-07-17T22:55:29.951+0530] {logging_mixin.py:190} INFO - [2026-07-17T22:55:29.951+0530] {dag.py:4180} INFO - Setting next_dagrun for example_xcom_args to None, run_after=None
[2026-07-17T22:55:29.952+0530] {logging_mixin.py:190} INFO - [2026-07-17T22:55:29.952+0530] {dag.py:4180} INFO - Setting next_dagrun for example_xcom_args_with_operators to None, run_after=None
[2026-07-17T22:55:29.956+0530] {processor.py:208} INFO - Processing /Users/bhavishyachallagolla/Desktop/RetailSense/.venv/lib/python3.12/site-packages/airflow/example_dags/example_xcomargs.py took 0.049 seconds
[2026-07-17T22:56:20.231+0530] {processor.py:186} INFO - Started process (PID=95157) to work on /Users/bhavishyachallagolla/Desktop/RetailSense/.venv/lib/python3.12/site-packages/airflow/example_dags/example_xcomargs.py
[2026-07-17T22:56:20.232+0530] {processor.py:914} INFO - Processing file /Users/bhavishyachallagolla/Desktop/RetailSense/.venv/lib/python3.12/site-packages/airflow/example_dags/example_xcomargs.py for tasks to queue
[2026-07-17T22:56:20.233+0530] {logging_mixin.py:190} INFO - [2026-07-17T22:56:20.233+0530] {dagbag.py:588} INFO - Filling up the DagBag from /Users/bhavishyachallagolla/Desktop/RetailSense/.venv/lib/python3.12/site-packages/airflow/example_dags/example_xcomargs.py
[2026-07-17T22:56:20.245+0530] {processor.py:925} INFO - DAG(s) 'example_xcom_args_with_operators', 'example_xcom_args' retrieved from /Users/bhavishyachallagolla/Desktop/RetailSense/.venv/lib/python3.12/site-packages/airflow/example_dags/example_xcomargs.py
[2026-07-17T22:56:20.270+0530] {logging_mixin.py:190} INFO - [2026-07-17T22:56:20.270+0530] {dag.py:3239} INFO - Sync 2 DAGs
[2026-07-17T22:56:20.273+0530] {logging_mixin.py:190} INFO - [2026-07-17T22:56:20.273+0530] {dag.py:4180} INFO - Setting next_dagrun for example_xcom_args to None, run_after=None
[2026-07-17T22:56:20.274+0530] {logging_mixin.py:190} INFO - [2026-07-17T22:56:20.274+0530] {dag.py:4180} INFO - Setting next_dagrun for example_xcom_args_with_operators to None, run_after=None
[2026-07-17T22:56:20.278+0530] {processor.py:208} INFO - Processing /Users/bhavishyachallagolla/Desktop/RetailSense/.venv/lib/python3.12/site-packages/airflow/example_dags/example_xcomargs.py took 0.047 seconds
[2026-07-17T22:57:09.217+0530] {processor.py:186} INFO - Started process (PID=95230) to work on /Users/bhavishyachallagolla/Desktop/RetailSense/.venv/lib/python3.12/site-packages/airflow/example_dags/example_xcomargs.py
[2026-07-17T22:57:09.217+0530] {processor.py:914} INFO - Processing file /Users/bhavishyachallagolla/Desktop/RetailSense/.venv/lib/python3.12/site-packages/airflow/example_dags/example_xcomargs.py for tasks to queue
[2026-07-17T22:57:09.218+0530] {logging_mixin.py:190} INFO - [2026-07-17T22:57:09.218+0530] {dagbag.py:588} INFO - Filling up the DagBag from /Users/bhavishyachallagolla/Desktop/RetailSense/.venv/lib/python3.12/site-packages/airflow/example_dags/example_xcomargs.py
[2026-07-17T22:57:09.231+0530] {processor.py:925} INFO - DAG(s) 'example_xcom_args_with_operators', 'example_xcom_args' retrieved from /Users/bhavishyachallagolla/Desktop/RetailSense/.venv/lib/python3.12/site-packages/airflow/example_dags/example_xcomargs.py
[2026-07-17T22:57:09.257+0530] {logging_mixin.py:190} INFO - [2026-07-17T22:57:09.257+0530] {dag.py:3239} INFO - Sync 2 DAGs
[2026-07-17T22:57:09.260+0530] {logging_mixin.py:190} INFO - [2026-07-17T22:57:09.260+0530] {dag.py:4180} INFO - Setting next_dagrun for example_xcom_args to None, run_after=None
[2026-07-17T22:57:09.261+0530] {logging_mixin.py:190} INFO - [2026-07-17T22:57:09.261+0530] {dag.py:4180} INFO - Setting next_dagrun for example_xcom_args_with_operators to None, run_after=None
[2026-07-17T22:57:09.265+0530] {processor.py:208} INFO - Processing /Users/bhavishyachallagolla/Desktop/RetailSense/.venv/lib/python3.12/site-packages/airflow/example_dags/example_xcomargs.py took 0.050 seconds
[2026-07-17T22:58:00.244+0530] {processor.py:186} INFO - Started process (PID=95312) to work on /Users/bhavishyachallagolla/Desktop/RetailSense/.venv/lib/python3.12/site-packages/airflow/example_dags/example_xcomargs.py
[2026-07-17T22:58:00.245+0530] {processor.py:914} INFO - Processing file /Users/bhavishyachallagolla/Desktop/RetailSense/.venv/lib/python3.12/site-packages/airflow/example_dags/example_xcomargs.py for tasks to queue
[2026-07-17T22:58:00.245+0530] {logging_mixin.py:190} INFO - [2026-07-17T22:58:00.245+0530] {dagbag.py:588} INFO - Filling up the DagBag from /Users/bhavishyachallagolla/Desktop/RetailSense/.venv/lib/python3.12/site-packages/airflow/example_dags/example_xcomargs.py
[2026-07-17T22:58:00.257+0530] {processor.py:925} INFO - DAG(s) 'example_xcom_args_with_operators', 'example_xcom_args' retrieved from /Users/bhavishyachallagolla/Desktop/RetailSense/.venv/lib/python3.12/site-packages/airflow/example_dags/example_xcomargs.py
[2026-07-17T22:58:00.282+0530] {logging_mixin.py:190} INFO - [2026-07-17T22:58:00.282+0530] {dag.py:3239} INFO - Sync 2 DAGs
[2026-07-17T22:58:00.285+0530] {logging_mixin.py:190} INFO - [2026-07-17T22:58:00.285+0530] {dag.py:4180} INFO - Setting next_dagrun for example_xcom_args to None, run_after=None
[2026-07-17T22:58:00.286+0530] {logging_mixin.py:190} INFO - [2026-07-17T22:58:00.286+0530] {dag.py:4180} INFO - Setting next_dagrun for example_xcom_args_with_operators to None, run_after=None
[2026-07-17T22:58:00.290+0530] {processor.py:208} INFO - Processing /Users/bhavishyachallagolla/Desktop/RetailSense/.venv/lib/python3.12/site-packages/airflow/example_dags/example_xcomargs.py took 0.047 seconds
[2026-07-17T22:58:49.344+0530] {processor.py:186} INFO - Started process (PID=95395) to work on /Users/bhavishyachallagolla/Desktop/RetailSense/.venv/lib/python3.12/site-packages/airflow/example_dags/example_xcomargs.py
[2026-07-17T22:58:49.345+0530] {processor.py:914} INFO - Processing file /Users/bhavishyachallagolla/Desktop/RetailSense/.venv/lib/python3.12/site-packages/airflow/example_dags/example_xcomargs.py for tasks to queue
[2026-07-17T22:58:49.345+0530] {logging_mixin.py:190} INFO - [2026-07-17T22:58:49.345+0530] {dagbag.py:588} INFO - Filling up the DagBag from /Users/bhavishyachallagolla/Desktop/RetailSense/.venv/lib/python3.12/site-packages/airflow/example_dags/example_xcomargs.py
[2026-07-17T22:58:49.357+0530] {processor.py:925} INFO - DAG(s) 'example_xcom_args_with_operators', 'example_xcom_args' retrieved from /Users/bhavishyachallagolla/Desktop/RetailSense/.venv/lib/python3.12/site-packages/airflow/example_dags/example_xcomargs.py
[2026-07-17T22:58:49.382+0530] {logging_mixin.py:190} INFO - [2026-07-17T22:58:49.382+0530] {dag.py:3239} INFO - Sync 2 DAGs
[2026-07-17T22:58:49.385+0530] {logging_mixin.py:190} INFO - [2026-07-17T22:58:49.385+0530] {dag.py:4180} INFO - Setting next_dagrun for example_xcom_args to None, run_after=None
[2026-07-17T22:58:49.386+0530] {logging_mixin.py:190} INFO - [2026-07-17T22:58:49.386+0530] {dag.py:4180} INFO - Setting next_dagrun for example_xcom_args_with_operators to None, run_after=None
[2026-07-17T22:58:49.390+0530] {processor.py:208} INFO - Processing /Users/bhavishyachallagolla/Desktop/RetailSense/.venv/lib/python3.12/site-packages/airflow/example_dags/example_xcomargs.py took 0.047 seconds
[2026-07-17T23:00:19.748+0530] {processor.py:186} INFO - Started process (PID=95513) to work on /Users/bhavishyachallagolla/Desktop/RetailSense/.venv/lib/python3.12/site-packages/airflow/example_dags/example_xcomargs.py
[2026-07-17T23:00:19.749+0530] {processor.py:914} INFO - Processing file /Users/bhavishyachallagolla/Desktop/RetailSense/.venv/lib/python3.12/site-packages/airflow/example_dags/example_xcomargs.py for tasks to queue
[2026-07-17T23:00:19.749+0530] {logging_mixin.py:190} INFO - [2026-07-17T23:00:19.749+0530] {dagbag.py:588} INFO - Filling up the DagBag from /Users/bhavishyachallagolla/Desktop/RetailSense/.venv/lib/python3.12/site-packages/airflow/example_dags/example_xcomargs.py
[2026-07-17T23:00:19.762+0530] {processor.py:925} INFO - DAG(s) 'example_xcom_args', 'example_xcom_args_with_operators' retrieved from /Users/bhavishyachallagolla/Desktop/RetailSense/.venv/lib/python3.12/site-packages/airflow/example_dags/example_xcomargs.py
[2026-07-17T23:00:19.788+0530] {logging_mixin.py:190} INFO - [2026-07-17T23:00:19.788+0530] {dag.py:3239} INFO - Sync 2 DAGs
[2026-07-17T23:00:19.792+0530] {logging_mixin.py:190} INFO - [2026-07-17T23:00:19.792+0530] {dag.py:4180} INFO - Setting next_dagrun for example_xcom_args to None, run_after=None
[2026-07-17T23:00:19.792+0530] {logging_mixin.py:190} INFO - [2026-07-17T23:00:19.792+0530] {dag.py:4180} INFO - Setting next_dagrun for example_xcom_args_with_operators to None, run_after=None
[2026-07-17T23:00:19.797+0530] {processor.py:208} INFO - Processing /Users/bhavishyachallagolla/Desktop/RetailSense/.venv/lib/python3.12/site-packages/airflow/example_dags/example_xcomargs.py took 0.050 seconds
[2026-07-17T23:01:35.295+0530] {processor.py:186} INFO - Started process (PID=95627) to work on /Users/bhavishyachallagolla/Desktop/RetailSense/.venv/lib/python3.12/site-packages/airflow/example_dags/example_xcomargs.py
[2026-07-17T23:01:35.296+0530] {processor.py:914} INFO - Processing file /Users/bhavishyachallagolla/Desktop/RetailSense/.venv/lib/python3.12/site-packages/airflow/example_dags/example_xcomargs.py for tasks to queue
[2026-07-17T23:01:35.296+0530] {logging_mixin.py:190} INFO - [2026-07-17T23:01:35.296+0530] {dagbag.py:588} INFO - Filling up the DagBag from /Users/bhavishyachallagolla/Desktop/RetailSense/.venv/lib/python3.12/site-packages/airflow/example_dags/example_xcomargs.py
[2026-07-17T23:01:35.309+0530] {processor.py:925} INFO - DAG(s) 'example_xcom_args_with_operators', 'example_xcom_args' retrieved from /Users/bhavishyachallagolla/Desktop/RetailSense/.venv/lib/python3.12/site-packages/airflow/example_dags/example_xcomargs.py
[2026-07-17T23:01:35.335+0530] {logging_mixin.py:190} INFO - [2026-07-17T23:01:35.335+0530] {dag.py:3239} INFO - Sync 2 DAGs
[2026-07-17T23:01:35.338+0530] {logging_mixin.py:190} INFO - [2026-07-17T23:01:35.338+0530] {dag.py:4180} INFO - Setting next_dagrun for example_xcom_args to None, run_after=None
[2026-07-17T23:01:35.339+0530] {logging_mixin.py:190} INFO - [2026-07-17T23:01:35.339+0530] {dag.py:4180} INFO - Setting next_dagrun for example_xcom_args_with_operators to None, run_after=None
[2026-07-17T23:01:35.343+0530] {processor.py:208} INFO - Processing /Users/bhavishyachallagolla/Desktop/RetailSense/.venv/lib/python3.12/site-packages/airflow/example_dags/example_xcomargs.py took 0.049 seconds
[2026-07-17T23:02:26.513+0530] {processor.py:186} INFO - Started process (PID=95724) to work on /Users/bhavishyachallagolla/Desktop/RetailSense/.venv/lib/python3.12/site-packages/airflow/example_dags/example_xcomargs.py
[2026-07-17T23:02:26.514+0530] {processor.py:914} INFO - Processing file /Users/bhavishyachallagolla/Desktop/RetailSense/.venv/lib/python3.12/site-packages/airflow/example_dags/example_xcomargs.py for tasks to queue
[2026-07-17T23:02:26.514+0530] {logging_mixin.py:190} INFO - [2026-07-17T23:02:26.514+0530] {dagbag.py:588} INFO - Filling up the DagBag from /Users/bhavishyachallagolla/Desktop/RetailSense/.venv/lib/python3.12/site-packages/airflow/example_dags/example_xcomargs.py
[2026-07-17T23:02:26.526+0530] {processor.py:925} INFO - DAG(s) 'example_xcom_args', 'example_xcom_args_with_operators' retrieved from /Users/bhavishyachallagolla/Desktop/RetailSense/.venv/lib/python3.12/site-packages/airflow/example_dags/example_xcomargs.py
[2026-07-17T23:02:26.550+0530] {logging_mixin.py:190} INFO - [2026-07-17T23:02:26.550+0530] {dag.py:3239} INFO - Sync 2 DAGs
[2026-07-17T23:02:26.553+0530] {logging_mixin.py:190} INFO - [2026-07-17T23:02:26.553+0530] {dag.py:4180} INFO - Setting next_dagrun for example_xcom_args to None, run_after=None
[2026-07-17T23:02:26.554+0530] {logging_mixin.py:190} INFO - [2026-07-17T23:02:26.554+0530] {dag.py:4180} INFO - Setting next_dagrun for example_xcom_args_with_operators to None, run_after=None
[2026-07-17T23:02:26.558+0530] {processor.py:208} INFO - Processing /Users/bhavishyachallagolla/Desktop/RetailSense/.venv/lib/python3.12/site-packages/airflow/example_dags/example_xcomargs.py took 0.046 seconds
[2026-07-17T23:03:18.374+0530] {processor.py:186} INFO - Started process (PID=95805) to work on /Users/bhavishyachallagolla/Desktop/RetailSense/.venv/lib/python3.12/site-packages/airflow/example_dags/example_xcomargs.py
[2026-07-17T23:03:18.375+0530] {processor.py:914} INFO - Processing file /Users/bhavishyachallagolla/Desktop/RetailSense/.venv/lib/python3.12/site-packages/airflow/example_dags/example_xcomargs.py for tasks to queue
[2026-07-17T23:03:18.375+0530] {logging_mixin.py:190} INFO - [2026-07-17T23:03:18.375+0530] {dagbag.py:588} INFO - Filling up the DagBag from /Users/bhavishyachallagolla/Desktop/RetailSense/.venv/lib/python3.12/site-packages/airflow/example_dags/example_xcomargs.py
[2026-07-17T23:03:18.387+0530] {processor.py:925} INFO - DAG(s) 'example_xcom_args_with_operators', 'example_xcom_args' retrieved from /Users/bhavishyachallagolla/Desktop/RetailSense/.venv/lib/python3.12/site-packages/airflow/example_dags/example_xcomargs.py
[2026-07-17T23:03:18.413+0530] {logging_mixin.py:190} INFO - [2026-07-17T23:03:18.413+0530] {dag.py:3239} INFO - Sync 2 DAGs
[2026-07-17T23:03:18.415+0530] {logging_mixin.py:190} INFO - [2026-07-17T23:03:18.415+0530] {dag.py:4180} INFO - Setting next_dagrun for example_xcom_args to None, run_after=None
[2026-07-17T23:03:18.416+0530] {logging_mixin.py:190} INFO - [2026-07-17T23:03:18.416+0530] {dag.py:4180} INFO - Setting next_dagrun for example_xcom_args_with_operators to None, run_after=None
[2026-07-17T23:03:18.420+0530] {processor.py:208} INFO - Processing /Users/bhavishyachallagolla/Desktop/RetailSense/.venv/lib/python3.12/site-packages/airflow/example_dags/example_xcomargs.py took 0.047 seconds
[2026-07-17T23:04:07.075+0530] {processor.py:186} INFO - Started process (PID=95877) to work on /Users/bhavishyachallagolla/Desktop/RetailSense/.venv/lib/python3.12/site-packages/airflow/example_dags/example_xcomargs.py
[2026-07-17T23:04:07.076+0530] {processor.py:914} INFO - Processing file /Users/bhavishyachallagolla/Desktop/RetailSense/.venv/lib/python3.12/site-packages/airflow/example_dags/example_xcomargs.py for tasks to queue
[2026-07-17T23:04:07.076+0530] {logging_mixin.py:190} INFO - [2026-07-17T23:04:07.076+0530] {dagbag.py:588} INFO - Filling up the DagBag from /Users/bhavishyachallagolla/Desktop/RetailSense/.venv/lib/python3.12/site-packages/airflow/example_dags/example_xcomargs.py
[2026-07-17T23:04:07.088+0530] {processor.py:925} INFO - DAG(s) 'example_xcom_args', 'example_xcom_args_with_operators' retrieved from /Users/bhavishyachallagolla/Desktop/RetailSense/.venv/lib/python3.12/site-packages/airflow/example_dags/example_xcomargs.py
[2026-07-17T23:04:07.113+0530] {logging_mixin.py:190} INFO - [2026-07-17T23:04:07.113+0530] {dag.py:3239} INFO - Sync 2 DAGs
[2026-07-17T23:04:07.116+0530] {logging_mixin.py:190} INFO - [2026-07-17T23:04:07.116+0530] {dag.py:4180} INFO - Setting next_dagrun for example_xcom_args to None, run_after=None
[2026-07-17T23:04:07.116+0530] {logging_mixin.py:190} INFO - [2026-07-17T23:04:07.116+0530] {dag.py:4180} INFO - Setting next_dagrun for example_xcom_args_with_operators to None, run_after=None
[2026-07-17T23:04:07.121+0530] {processor.py:208} INFO - Processing /Users/bhavishyachallagolla/Desktop/RetailSense/.venv/lib/python3.12/site-packages/airflow/example_dags/example_xcomargs.py took 0.046 seconds
[2026-07-17T23:04:57.575+0530] {processor.py:186} INFO - Started process (PID=95951) to work on /Users/bhavishyachallagolla/Desktop/RetailSense/.venv/lib/python3.12/site-packages/airflow/example_dags/example_xcomargs.py
[2026-07-17T23:04:57.576+0530] {processor.py:914} INFO - Processing file /Users/bhavishyachallagolla/Desktop/RetailSense/.venv/lib/python3.12/site-packages/airflow/example_dags/example_xcomargs.py for tasks to queue
[2026-07-17T23:04:57.576+0530] {logging_mixin.py:190} INFO - [2026-07-17T23:04:57.576+0530] {dagbag.py:588} INFO - Filling up the DagBag from /Users/bhavishyachallagolla/Desktop/RetailSense/.venv/lib/python3.12/site-packages/airflow/example_dags/example_xcomargs.py
[2026-07-17T23:04:57.587+0530] {processor.py:925} INFO - DAG(s) 'example_xcom_args_with_operators', 'example_xcom_args' retrieved from /Users/bhavishyachallagolla/Desktop/RetailSense/.venv/lib/python3.12/site-packages/airflow/example_dags/example_xcomargs.py
[2026-07-17T23:04:57.612+0530] {logging_mixin.py:190} INFO - [2026-07-17T23:04:57.612+0530] {dag.py:3239} INFO - Sync 2 DAGs
[2026-07-17T23:04:57.615+0530] {logging_mixin.py:190} INFO - [2026-07-17T23:04:57.615+0530] {dag.py:4180} INFO - Setting next_dagrun for example_xcom_args to None, run_after=None
[2026-07-17T23:04:57.616+0530] {logging_mixin.py:190} INFO - [2026-07-17T23:04:57.616+0530] {dag.py:4180} INFO - Setting next_dagrun for example_xcom_args_with_operators to None, run_after=None
[2026-07-17T23:04:57.620+0530] {processor.py:208} INFO - Processing /Users/bhavishyachallagolla/Desktop/RetailSense/.venv/lib/python3.12/site-packages/airflow/example_dags/example_xcomargs.py took 0.045 seconds
[2026-07-17T23:05:47.924+0530] {processor.py:186} INFO - Started process (PID=96029) to work on /Users/bhavishyachallagolla/Desktop/RetailSense/.venv/lib/python3.12/site-packages/airflow/example_dags/example_xcomargs.py
[2026-07-17T23:05:47.925+0530] {processor.py:914} INFO - Processing file /Users/bhavishyachallagolla/Desktop/RetailSense/.venv/lib/python3.12/site-packages/airflow/example_dags/example_xcomargs.py for tasks to queue
[2026-07-17T23:05:47.925+0530] {logging_mixin.py:190} INFO - [2026-07-17T23:05:47.925+0530] {dagbag.py:588} INFO - Filling up the DagBag from /Users/bhavishyachallagolla/Desktop/RetailSense/.venv/lib/python3.12/site-packages/airflow/example_dags/example_xcomargs.py
[2026-07-17T23:05:47.937+0530] {processor.py:925} INFO - DAG(s) 'example_xcom_args_with_operators', 'example_xcom_args' retrieved from /Users/bhavishyachallagolla/Desktop/RetailSense/.venv/lib/python3.12/site-packages/airflow/example_dags/example_xcomargs.py
[2026-07-17T23:05:47.962+0530] {logging_mixin.py:190} INFO - [2026-07-17T23:05:47.962+0530] {dag.py:3239} INFO - Sync 2 DAGs
[2026-07-17T23:05:47.965+0530] {logging_mixin.py:190} INFO - [2026-07-17T23:05:47.964+0530] {dag.py:4180} INFO - Setting next_dagrun for example_xcom_args to None, run_after=None
[2026-07-17T23:05:47.965+0530] {logging_mixin.py:190} INFO - [2026-07-17T23:05:47.965+0530] {dag.py:4180} INFO - Setting next_dagrun for example_xcom_args_with_operators to None, run_after=None
[2026-07-17T23:05:47.970+0530] {processor.py:208} INFO - Processing /Users/bhavishyachallagolla/Desktop/RetailSense/.venv/lib/python3.12/site-packages/airflow/example_dags/example_xcomargs.py took 0.046 seconds
[2026-07-17T23:06:38.325+0530] {processor.py:186} INFO - Started process (PID=96104) to work on /Users/bhavishyachallagolla/Desktop/RetailSense/.venv/lib/python3.12/site-packages/airflow/example_dags/example_xcomargs.py
[2026-07-17T23:06:38.325+0530] {processor.py:914} INFO - Processing file /Users/bhavishyachallagolla/Desktop/RetailSense/.venv/lib/python3.12/site-packages/airflow/example_dags/example_xcomargs.py for tasks to queue
[2026-07-17T23:06:38.326+0530] {logging_mixin.py:190} INFO - [2026-07-17T23:06:38.325+0530] {dagbag.py:588} INFO - Filling up the DagBag from /Users/bhavishyachallagolla/Desktop/RetailSense/.venv/lib/python3.12/site-packages/airflow/example_dags/example_xcomargs.py
[2026-07-17T23:06:38.337+0530] {processor.py:925} INFO - DAG(s) 'example_xcom_args_with_operators', 'example_xcom_args' retrieved from /Users/bhavishyachallagolla/Desktop/RetailSense/.venv/lib/python3.12/site-packages/airflow/example_dags/example_xcomargs.py
[2026-07-17T23:06:38.361+0530] {logging_mixin.py:190} INFO - [2026-07-17T23:06:38.361+0530] {dag.py:3239} INFO - Sync 2 DAGs
[2026-07-17T23:06:38.364+0530] {logging_mixin.py:190} INFO - [2026-07-17T23:06:38.364+0530] {dag.py:4180} INFO - Setting next_dagrun for example_xcom_args to None, run_after=None
[2026-07-17T23:06:38.365+0530] {logging_mixin.py:190} INFO - [2026-07-17T23:06:38.365+0530] {dag.py:4180} INFO - Setting next_dagrun for example_xcom_args_with_operators to None, run_after=None
[2026-07-17T23:06:38.369+0530] {processor.py:208} INFO - Processing /Users/bhavishyachallagolla/Desktop/RetailSense/.venv/lib/python3.12/site-packages/airflow/example_dags/example_xcomargs.py took 0.045 seconds
[2026-07-17T23:07:27.514+0530] {processor.py:186} INFO - Started process (PID=96179) to work on /Users/bhavishyachallagolla/Desktop/RetailSense/.venv/lib/python3.12/site-packages/airflow/example_dags/example_xcomargs.py
[2026-07-17T23:07:27.514+0530] {processor.py:914} INFO - Processing file /Users/bhavishyachallagolla/Desktop/RetailSense/.venv/lib/python3.12/site-packages/airflow/example_dags/example_xcomargs.py for tasks to queue
[2026-07-17T23:07:27.514+0530] {logging_mixin.py:190} INFO - [2026-07-17T23:07:27.514+0530] {dagbag.py:588} INFO - Filling up the DagBag from /Users/bhavishyachallagolla/Desktop/RetailSense/.venv/lib/python3.12/site-packages/airflow/example_dags/example_xcomargs.py
[2026-07-17T23:07:27.526+0530] {processor.py:925} INFO - DAG(s) 'example_xcom_args', 'example_xcom_args_with_operators' retrieved from /Users/bhavishyachallagolla/Desktop/RetailSense/.venv/lib/python3.12/site-packages/airflow/example_dags/example_xcomargs.py
[2026-07-17T23:07:27.551+0530] {logging_mixin.py:190} INFO - [2026-07-17T23:07:27.551+0530] {dag.py:3239} INFO - Sync 2 DAGs
[2026-07-17T23:07:27.554+0530] {logging_mixin.py:190} INFO - [2026-07-17T23:07:27.554+0530] {dag.py:4180} INFO - Setting next_dagrun for example_xcom_args to None, run_after=None
[2026-07-17T23:07:27.554+0530] {logging_mixin.py:190} INFO - [2026-07-17T23:07:27.554+0530] {dag.py:4180} INFO - Setting next_dagrun for example_xcom_args_with_operators to None, run_after=None
[2026-07-17T23:07:27.559+0530] {processor.py:208} INFO - Processing /Users/bhavishyachallagolla/Desktop/RetailSense/.venv/lib/python3.12/site-packages/airflow/example_dags/example_xcomargs.py took 0.046 seconds
[2026-07-17T23:08:20.030+0530] {processor.py:186} INFO - Started process (PID=96264) to work on /Users/bhavishyachallagolla/Desktop/RetailSense/.venv/lib/python3.12/site-packages/airflow/example_dags/example_xcomargs.py
[2026-07-17T23:08:20.030+0530] {processor.py:914} INFO - Processing file /Users/bhavishyachallagolla/Desktop/RetailSense/.venv/lib/python3.12/site-packages/airflow/example_dags/example_xcomargs.py for tasks to queue
[2026-07-17T23:08:20.030+0530] {logging_mixin.py:190} INFO - [2026-07-17T23:08:20.030+0530] {dagbag.py:588} INFO - Filling up the DagBag from /Users/bhavishyachallagolla/Desktop/RetailSense/.venv/lib/python3.12/site-packages/airflow/example_dags/example_xcomargs.py
[2026-07-17T23:08:20.042+0530] {processor.py:925} INFO - DAG(s) 'example_xcom_args_with_operators', 'example_xcom_args' retrieved from /Users/bhavishyachallagolla/Desktop/RetailSense/.venv/lib/python3.12/site-packages/airflow/example_dags/example_xcomargs.py
[2026-07-17T23:08:20.067+0530] {logging_mixin.py:190} INFO - [2026-07-17T23:08:20.067+0530] {dag.py:3239} INFO - Sync 2 DAGs
[2026-07-17T23:08:20.069+0530] {logging_mixin.py:190} INFO - [2026-07-17T23:08:20.069+0530] {dag.py:4180} INFO - Setting next_dagrun for example_xcom_args to None, run_after=None
[2026-07-17T23:08:20.070+0530] {logging_mixin.py:190} INFO - [2026-07-17T23:08:20.070+0530] {dag.py:4180} INFO - Setting next_dagrun for example_xcom_args_with_operators to None, run_after=None
[2026-07-17T23:08:20.074+0530] {processor.py:208} INFO - Processing /Users/bhavishyachallagolla/Desktop/RetailSense/.venv/lib/python3.12/site-packages/airflow/example_dags/example_xcomargs.py took 0.046 seconds
[2026-07-17T23:09:10.336+0530] {processor.py:186} INFO - Started process (PID=96340) to work on /Users/bhavishyachallagolla/Desktop/RetailSense/.venv/lib/python3.12/site-packages/airflow/example_dags/example_xcomargs.py
[2026-07-17T23:09:10.336+0530] {processor.py:914} INFO - Processing file /Users/bhavishyachallagolla/Desktop/RetailSense/.venv/lib/python3.12/site-packages/airflow/example_dags/example_xcomargs.py for tasks to queue
[2026-07-17T23:09:10.336+0530] {logging_mixin.py:190} INFO - [2026-07-17T23:09:10.336+0530] {dagbag.py:588} INFO - Filling up the DagBag from /Users/bhavishyachallagolla/Desktop/RetailSense/.venv/lib/python3.12/site-packages/airflow/example_dags/example_xcomargs.py
[2026-07-17T23:09:10.348+0530] {processor.py:925} INFO - DAG(s) 'example_xcom_args_with_operators', 'example_xcom_args' retrieved from /Users/bhavishyachallagolla/Desktop/RetailSense/.venv/lib/python3.12/site-packages/airflow/example_dags/example_xcomargs.py
[2026-07-17T23:09:10.374+0530] {logging_mixin.py:190} INFO - [2026-07-17T23:09:10.374+0530] {dag.py:3239} INFO - Sync 2 DAGs
[2026-07-17T23:09:10.377+0530] {logging_mixin.py:190} INFO - [2026-07-17T23:09:10.377+0530] {dag.py:4180} INFO - Setting next_dagrun for example_xcom_args to None, run_after=None
[2026-07-17T23:09:10.377+0530] {logging_mixin.py:190} INFO - [2026-07-17T23:09:10.377+0530] {dag.py:4180} INFO - Setting next_dagrun for example_xcom_args_with_operators to None, run_after=None
[2026-07-17T23:09:10.382+0530] {processor.py:208} INFO - Processing /Users/bhavishyachallagolla/Desktop/RetailSense/.venv/lib/python3.12/site-packages/airflow/example_dags/example_xcomargs.py took 0.047 seconds
[2026-07-17T23:09:59.164+0530] {processor.py:186} INFO - Started process (PID=96413) to work on /Users/bhavishyachallagolla/Desktop/RetailSense/.venv/lib/python3.12/site-packages/airflow/example_dags/example_xcomargs.py
[2026-07-17T23:09:59.164+0530] {processor.py:914} INFO - Processing file /Users/bhavishyachallagolla/Desktop/RetailSense/.venv/lib/python3.12/site-packages/airflow/example_dags/example_xcomargs.py for tasks to queue
[2026-07-17T23:09:59.164+0530] {logging_mixin.py:190} INFO - [2026-07-17T23:09:59.164+0530] {dagbag.py:588} INFO - Filling up the DagBag from /Users/bhavishyachallagolla/Desktop/RetailSense/.venv/lib/python3.12/site-packages/airflow/example_dags/example_xcomargs.py
[2026-07-17T23:09:59.176+0530] {processor.py:925} INFO - DAG(s) 'example_xcom_args', 'example_xcom_args_with_operators' retrieved from /Users/bhavishyachallagolla/Desktop/RetailSense/.venv/lib/python3.12/site-packages/airflow/example_dags/example_xcomargs.py
[2026-07-17T23:09:59.201+0530] {logging_mixin.py:190} INFO - [2026-07-17T23:09:59.201+0530] {dag.py:3239} INFO - Sync 2 DAGs
[2026-07-17T23:09:59.203+0530] {logging_mixin.py:190} INFO - [2026-07-17T23:09:59.203+0530] {dag.py:4180} INFO - Setting next_dagrun for example_xcom_args to None, run_after=None
[2026-07-17T23:09:59.204+0530] {logging_mixin.py:190} INFO - [2026-07-17T23:09:59.204+0530] {dag.py:4180} INFO - Setting next_dagrun for example_xcom_args_with_operators to None, run_after=None
[2026-07-17T23:09:59.208+0530] {processor.py:208} INFO - Processing /Users/bhavishyachallagolla/Desktop/RetailSense/.venv/lib/python3.12/site-packages/airflow/example_dags/example_xcomargs.py took 0.045 seconds
[2026-07-17T23:10:47.871+0530] {processor.py:186} INFO - Started process (PID=96487) to work on /Users/bhavishyachallagolla/Desktop/RetailSense/.venv/lib/python3.12/site-packages/airflow/example_dags/example_xcomargs.py
[2026-07-17T23:10:47.871+0530] {processor.py:914} INFO - Processing file /Users/bhavishyachallagolla/Desktop/RetailSense/.venv/lib/python3.12/site-packages/airflow/example_dags/example_xcomargs.py for tasks to queue
[2026-07-17T23:10:47.872+0530] {logging_mixin.py:190} INFO - [2026-07-17T23:10:47.872+0530] {dagbag.py:588} INFO - Filling up the DagBag from /Users/bhavishyachallagolla/Desktop/RetailSense/.venv/lib/python3.12/site-packages/airflow/example_dags/example_xcomargs.py
[2026-07-17T23:10:47.884+0530] {processor.py:925} INFO - DAG(s) 'example_xcom_args', 'example_xcom_args_with_operators' retrieved from /Users/bhavishyachallagolla/Desktop/RetailSense/.venv/lib/python3.12/site-packages/airflow/example_dags/example_xcomargs.py
[2026-07-17T23:10:47.909+0530] {logging_mixin.py:190} INFO - [2026-07-17T23:10:47.909+0530] {dag.py:3239} INFO - Sync 2 DAGs
[2026-07-17T23:10:47.912+0530] {logging_mixin.py:190} INFO - [2026-07-17T23:10:47.912+0530] {dag.py:4180} INFO - Setting next_dagrun for example_xcom_args to None, run_after=None
[2026-07-17T23:10:47.913+0530] {logging_mixin.py:190} INFO - [2026-07-17T23:10:47.913+0530] {dag.py:4180} INFO - Setting next_dagrun for example_xcom_args_with_operators to None, run_after=None
[2026-07-17T23:10:47.917+0530] {processor.py:208} INFO - Processing /Users/bhavishyachallagolla/Desktop/RetailSense/.venv/lib/python3.12/site-packages/airflow/example_dags/example_xcomargs.py took 0.047 seconds
[2026-07-17T23:11:36.889+0530] {processor.py:186} INFO - Started process (PID=96560) to work on /Users/bhavishyachallagolla/Desktop/RetailSense/.venv/lib/python3.12/site-packages/airflow/example_dags/example_xcomargs.py
[2026-07-17T23:11:36.889+0530] {processor.py:914} INFO - Processing file /Users/bhavishyachallagolla/Desktop/RetailSense/.venv/lib/python3.12/site-packages/airflow/example_dags/example_xcomargs.py for tasks to queue
[2026-07-17T23:11:36.889+0530] {logging_mixin.py:190} INFO - [2026-07-17T23:11:36.889+0530] {dagbag.py:588} INFO - Filling up the DagBag from /Users/bhavishyachallagolla/Desktop/RetailSense/.venv/lib/python3.12/site-packages/airflow/example_dags/example_xcomargs.py
[2026-07-17T23:11:36.902+0530] {processor.py:925} INFO - DAG(s) 'example_xcom_args_with_operators', 'example_xcom_args' retrieved from /Users/bhavishyachallagolla/Desktop/RetailSense/.venv/lib/python3.12/site-packages/airflow/example_dags/example_xcomargs.py
[2026-07-17T23:11:36.928+0530] {logging_mixin.py:190} INFO - [2026-07-17T23:11:36.928+0530] {dag.py:3239} INFO - Sync 2 DAGs
[2026-07-17T23:11:36.931+0530] {logging_mixin.py:190} INFO - [2026-07-17T23:11:36.931+0530] {dag.py:4180} INFO - Setting next_dagrun for example_xcom_args to None, run_after=None
[2026-07-17T23:11:36.932+0530] {logging_mixin.py:190} INFO - [2026-07-17T23:11:36.932+0530] {dag.py:4180} INFO - Setting next_dagrun for example_xcom_args_with_operators to None, run_after=None
[2026-07-17T23:11:36.936+0530] {processor.py:208} INFO - Processing /Users/bhavishyachallagolla/Desktop/RetailSense/.venv/lib/python3.12/site-packages/airflow/example_dags/example_xcomargs.py took 0.048 seconds
[2026-07-17T23:12:26.488+0530] {processor.py:186} INFO - Started process (PID=96705) to work on /Users/bhavishyachallagolla/Desktop/RetailSense/.venv/lib/python3.12/site-packages/airflow/example_dags/example_xcomargs.py
[2026-07-17T23:12:26.488+0530] {processor.py:914} INFO - Processing file /Users/bhavishyachallagolla/Desktop/RetailSense/.venv/lib/python3.12/site-packages/airflow/example_dags/example_xcomargs.py for tasks to queue
[2026-07-17T23:12:26.489+0530] {logging_mixin.py:190} INFO - [2026-07-17T23:12:26.489+0530] {dagbag.py:588} INFO - Filling up the DagBag from /Users/bhavishyachallagolla/Desktop/RetailSense/.venv/lib/python3.12/site-packages/airflow/example_dags/example_xcomargs.py
[2026-07-17T23:12:26.501+0530] {processor.py:925} INFO - DAG(s) 'example_xcom_args_with_operators', 'example_xcom_args' retrieved from /Users/bhavishyachallagolla/Desktop/RetailSense/.venv/lib/python3.12/site-packages/airflow/example_dags/example_xcomargs.py
[2026-07-17T23:12:26.526+0530] {logging_mixin.py:190} INFO - [2026-07-17T23:12:26.526+0530] {dag.py:3239} INFO - Sync 2 DAGs
[2026-07-17T23:12:26.528+0530] {logging_mixin.py:190} INFO - [2026-07-17T23:12:26.528+0530] {dag.py:4180} INFO - Setting next_dagrun for example_xcom_args to None, run_after=None
[2026-07-17T23:12:26.529+0530] {logging_mixin.py:190} INFO - [2026-07-17T23:12:26.529+0530] {dag.py:4180} INFO - Setting next_dagrun for example_xcom_args_with_operators to None, run_after=None
[2026-07-17T23:12:26.533+0530] {processor.py:208} INFO - Processing /Users/bhavishyachallagolla/Desktop/RetailSense/.venv/lib/python3.12/site-packages/airflow/example_dags/example_xcomargs.py took 0.047 seconds
[2026-07-17T23:13:14.487+0530] {processor.py:186} INFO - Started process (PID=96777) to work on /Users/bhavishyachallagolla/Desktop/RetailSense/.venv/lib/python3.12/site-packages/airflow/example_dags/example_xcomargs.py
[2026-07-17T23:13:14.488+0530] {processor.py:914} INFO - Processing file /Users/bhavishyachallagolla/Desktop/RetailSense/.venv/lib/python3.12/site-packages/airflow/example_dags/example_xcomargs.py for tasks to queue
[2026-07-17T23:13:14.488+0530] {logging_mixin.py:190} INFO - [2026-07-17T23:13:14.488+0530] {dagbag.py:588} INFO - Filling up the DagBag from /Users/bhavishyachallagolla/Desktop/RetailSense/.venv/lib/python3.12/site-packages/airflow/example_dags/example_xcomargs.py
[2026-07-17T23:13:14.500+0530] {processor.py:925} INFO - DAG(s) 'example_xcom_args_with_operators', 'example_xcom_args' retrieved from /Users/bhavishyachallagolla/Desktop/RetailSense/.venv/lib/python3.12/site-packages/airflow/example_dags/example_xcomargs.py
[2026-07-17T23:13:14.524+0530] {logging_mixin.py:190} INFO - [2026-07-17T23:13:14.524+0530] {dag.py:3239} INFO - Sync 2 DAGs
[2026-07-17T23:13:14.527+0530] {logging_mixin.py:190} INFO - [2026-07-17T23:13:14.527+0530] {dag.py:4180} INFO - Setting next_dagrun for example_xcom_args to None, run_after=None
[2026-07-17T23:13:14.528+0530] {logging_mixin.py:190} INFO - [2026-07-17T23:13:14.528+0530] {dag.py:4180} INFO - Setting next_dagrun for example_xcom_args_with_operators to None, run_after=None
[2026-07-17T23:13:14.532+0530] {processor.py:208} INFO - Processing /Users/bhavishyachallagolla/Desktop/RetailSense/.venv/lib/python3.12/site-packages/airflow/example_dags/example_xcomargs.py took 0.046 seconds
[2026-07-17T23:14:04.965+0530] {processor.py:186} INFO - Started process (PID=96853) to work on /Users/bhavishyachallagolla/Desktop/RetailSense/.venv/lib/python3.12/site-packages/airflow/example_dags/example_xcomargs.py
[2026-07-17T23:14:04.966+0530] {processor.py:914} INFO - Processing file /Users/bhavishyachallagolla/Desktop/RetailSense/.venv/lib/python3.12/site-packages/airflow/example_dags/example_xcomargs.py for tasks to queue
[2026-07-17T23:14:04.966+0530] {logging_mixin.py:190} INFO - [2026-07-17T23:14:04.966+0530] {dagbag.py:588} INFO - Filling up the DagBag from /Users/bhavishyachallagolla/Desktop/RetailSense/.venv/lib/python3.12/site-packages/airflow/example_dags/example_xcomargs.py
[2026-07-17T23:14:04.978+0530] {processor.py:925} INFO - DAG(s) 'example_xcom_args', 'example_xcom_args_with_operators' retrieved from /Users/bhavishyachallagolla/Desktop/RetailSense/.venv/lib/python3.12/site-packages/airflow/example_dags/example_xcomargs.py
[2026-07-17T23:14:05.003+0530] {logging_mixin.py:190} INFO - [2026-07-17T23:14:05.003+0530] {dag.py:3239} INFO - Sync 2 DAGs
[2026-07-17T23:14:05.006+0530] {logging_mixin.py:190} INFO - [2026-07-17T23:14:05.006+0530] {dag.py:4180} INFO - Setting next_dagrun for example_xcom_args to None, run_after=None
[2026-07-17T23:14:05.007+0530] {logging_mixin.py:190} INFO - [2026-07-17T23:14:05.007+0530] {dag.py:4180} INFO - Setting next_dagrun for example_xcom_args_with_operators to None, run_after=None
[2026-07-17T23:14:05.011+0530] {processor.py:208} INFO - Processing /Users/bhavishyachallagolla/Desktop/RetailSense/.venv/lib/python3.12/site-packages/airflow/example_dags/example_xcomargs.py took 0.047 seconds
[2026-07-17T23:14:56.626+0530] {processor.py:186} INFO - Started process (PID=96940) to work on /Users/bhavishyachallagolla/Desktop/RetailSense/.venv/lib/python3.12/site-packages/airflow/example_dags/example_xcomargs.py
[2026-07-17T23:14:56.627+0530] {processor.py:914} INFO - Processing file /Users/bhavishyachallagolla/Desktop/RetailSense/.venv/lib/python3.12/site-packages/airflow/example_dags/example_xcomargs.py for tasks to queue
[2026-07-17T23:14:56.627+0530] {logging_mixin.py:190} INFO - [2026-07-17T23:14:56.627+0530] {dagbag.py:588} INFO - Filling up the DagBag from /Users/bhavishyachallagolla/Desktop/RetailSense/.venv/lib/python3.12/site-packages/airflow/example_dags/example_xcomargs.py
[2026-07-17T23:14:56.640+0530] {processor.py:925} INFO - DAG(s) 'example_xcom_args', 'example_xcom_args_with_operators' retrieved from /Users/bhavishyachallagolla/Desktop/RetailSense/.venv/lib/python3.12/site-packages/airflow/example_dags/example_xcomargs.py
[2026-07-17T23:14:56.665+0530] {logging_mixin.py:190} INFO - [2026-07-17T23:14:56.665+0530] {dag.py:3239} INFO - Sync 2 DAGs
[2026-07-17T23:14:56.668+0530] {logging_mixin.py:190} INFO - [2026-07-17T23:14:56.668+0530] {dag.py:4180} INFO - Setting next_dagrun for example_xcom_args to None, run_after=None
[2026-07-17T23:14:56.669+0530] {logging_mixin.py:190} INFO - [2026-07-17T23:14:56.669+0530] {dag.py:4180} INFO - Setting next_dagrun for example_xcom_args_with_operators to None, run_after=None
[2026-07-17T23:14:56.673+0530] {processor.py:208} INFO - Processing /Users/bhavishyachallagolla/Desktop/RetailSense/.venv/lib/python3.12/site-packages/airflow/example_dags/example_xcomargs.py took 0.048 seconds
[2026-07-17T23:15:48.653+0530] {processor.py:186} INFO - Started process (PID=97024) to work on /Users/bhavishyachallagolla/Desktop/RetailSense/.venv/lib/python3.12/site-packages/airflow/example_dags/example_xcomargs.py
[2026-07-17T23:15:48.653+0530] {processor.py:914} INFO - Processing file /Users/bhavishyachallagolla/Desktop/RetailSense/.venv/lib/python3.12/site-packages/airflow/example_dags/example_xcomargs.py for tasks to queue
[2026-07-17T23:15:48.653+0530] {logging_mixin.py:190} INFO - [2026-07-17T23:15:48.653+0530] {dagbag.py:588} INFO - Filling up the DagBag from /Users/bhavishyachallagolla/Desktop/RetailSense/.venv/lib/python3.12/site-packages/airflow/example_dags/example_xcomargs.py
[2026-07-17T23:15:48.665+0530] {processor.py:925} INFO - DAG(s) 'example_xcom_args_with_operators', 'example_xcom_args' retrieved from /Users/bhavishyachallagolla/Desktop/RetailSense/.venv/lib/python3.12/site-packages/airflow/example_dags/example_xcomargs.py
[2026-07-17T23:15:48.691+0530] {logging_mixin.py:190} INFO - [2026-07-17T23:15:48.690+0530] {dag.py:3239} INFO - Sync 2 DAGs
[2026-07-17T23:15:48.693+0530] {logging_mixin.py:190} INFO - [2026-07-17T23:15:48.693+0530] {dag.py:4180} INFO - Setting next_dagrun for example_xcom_args to None, run_after=None
[2026-07-17T23:15:48.694+0530] {logging_mixin.py:190} INFO - [2026-07-17T23:15:48.694+0530] {dag.py:4180} INFO - Setting next_dagrun for example_xcom_args_with_operators to None, run_after=None
[2026-07-17T23:15:48.698+0530] {processor.py:208} INFO - Processing /Users/bhavishyachallagolla/Desktop/RetailSense/.venv/lib/python3.12/site-packages/airflow/example_dags/example_xcomargs.py took 0.047 seconds
[2026-07-17T23:16:39.824+0530] {processor.py:186} INFO - Started process (PID=97150) to work on /Users/bhavishyachallagolla/Desktop/RetailSense/.venv/lib/python3.12/site-packages/airflow/example_dags/example_xcomargs.py
[2026-07-17T23:16:39.824+0530] {processor.py:914} INFO - Processing file /Users/bhavishyachallagolla/Desktop/RetailSense/.venv/lib/python3.12/site-packages/airflow/example_dags/example_xcomargs.py for tasks to queue
[2026-07-17T23:16:39.825+0530] {logging_mixin.py:190} INFO - [2026-07-17T23:16:39.825+0530] {dagbag.py:588} INFO - Filling up the DagBag from /Users/bhavishyachallagolla/Desktop/RetailSense/.venv/lib/python3.12/site-packages/airflow/example_dags/example_xcomargs.py
[2026-07-17T23:16:39.837+0530] {processor.py:925} INFO - DAG(s) 'example_xcom_args_with_operators', 'example_xcom_args' retrieved from /Users/bhavishyachallagolla/Desktop/RetailSense/.venv/lib/python3.12/site-packages/airflow/example_dags/example_xcomargs.py
[2026-07-17T23:16:39.861+0530] {logging_mixin.py:190} INFO - [2026-07-17T23:16:39.861+0530] {dag.py:3239} INFO - Sync 2 DAGs
[2026-07-17T23:16:39.864+0530] {logging_mixin.py:190} INFO - [2026-07-17T23:16:39.864+0530] {dag.py:4180} INFO - Setting next_dagrun for example_xcom_args to None, run_after=None
[2026-07-17T23:16:39.865+0530] {logging_mixin.py:190} INFO - [2026-07-17T23:16:39.865+0530] {dag.py:4180} INFO - Setting next_dagrun for example_xcom_args_with_operators to None, run_after=None
[2026-07-17T23:16:39.869+0530] {processor.py:208} INFO - Processing /Users/bhavishyachallagolla/Desktop/RetailSense/.venv/lib/python3.12/site-packages/airflow/example_dags/example_xcomargs.py took 0.046 seconds
[2026-07-17T23:17:30.654+0530] {processor.py:186} INFO - Started process (PID=97245) to work on /Users/bhavishyachallagolla/Desktop/RetailSense/.venv/lib/python3.12/site-packages/airflow/example_dags/example_xcomargs.py
[2026-07-17T23:17:30.655+0530] {processor.py:914} INFO - Processing file /Users/bhavishyachallagolla/Desktop/RetailSense/.venv/lib/python3.12/site-packages/airflow/example_dags/example_xcomargs.py for tasks to queue
[2026-07-17T23:17:30.655+0530] {logging_mixin.py:190} INFO - [2026-07-17T23:17:30.655+0530] {dagbag.py:588} INFO - Filling up the DagBag from /Users/bhavishyachallagolla/Desktop/RetailSense/.venv/lib/python3.12/site-packages/airflow/example_dags/example_xcomargs.py
[2026-07-17T23:17:30.667+0530] {processor.py:925} INFO - DAG(s) 'example_xcom_args_with_operators', 'example_xcom_args' retrieved from /Users/bhavishyachallagolla/Desktop/RetailSense/.venv/lib/python3.12/site-packages/airflow/example_dags/example_xcomargs.py
[2026-07-17T23:17:30.692+0530] {logging_mixin.py:190} INFO - [2026-07-17T23:17:30.692+0530] {dag.py:3239} INFO - Sync 2 DAGs
[2026-07-17T23:17:30.695+0530] {logging_mixin.py:190} INFO - [2026-07-17T23:17:30.695+0530] {dag.py:4180} INFO - Setting next_dagrun for example_xcom_args to None, run_after=None
[2026-07-17T23:17:30.696+0530] {logging_mixin.py:190} INFO - [2026-07-17T23:17:30.696+0530] {dag.py:4180} INFO - Setting next_dagrun for example_xcom_args_with_operators to None, run_after=None
[2026-07-17T23:17:30.700+0530] {processor.py:208} INFO - Processing /Users/bhavishyachallagolla/Desktop/RetailSense/.venv/lib/python3.12/site-packages/airflow/example_dags/example_xcomargs.py took 0.047 seconds
[2026-07-17T23:18:21.459+0530] {processor.py:186} INFO - Started process (PID=97357) to work on /Users/bhavishyachallagolla/Desktop/RetailSense/.venv/lib/python3.12/site-packages/airflow/example_dags/example_xcomargs.py
[2026-07-17T23:18:21.459+0530] {processor.py:914} INFO - Processing file /Users/bhavishyachallagolla/Desktop/RetailSense/.venv/lib/python3.12/site-packages/airflow/example_dags/example_xcomargs.py for tasks to queue
[2026-07-17T23:18:21.459+0530] {logging_mixin.py:190} INFO - [2026-07-17T23:18:21.459+0530] {dagbag.py:588} INFO - Filling up the DagBag from /Users/bhavishyachallagolla/Desktop/RetailSense/.venv/lib/python3.12/site-packages/airflow/example_dags/example_xcomargs.py
[2026-07-17T23:18:21.471+0530] {processor.py:925} INFO - DAG(s) 'example_xcom_args', 'example_xcom_args_with_operators' retrieved from /Users/bhavishyachallagolla/Desktop/RetailSense/.venv/lib/python3.12/site-packages/airflow/example_dags/example_xcomargs.py
[2026-07-17T23:18:21.496+0530] {logging_mixin.py:190} INFO - [2026-07-17T23:18:21.496+0530] {dag.py:3239} INFO - Sync 2 DAGs
[2026-07-17T23:18:21.499+0530] {logging_mixin.py:190} INFO - [2026-07-17T23:18:21.499+0530] {dag.py:4180} INFO - Setting next_dagrun for example_xcom_args to None, run_after=None
[2026-07-17T23:18:21.499+0530] {logging_mixin.py:190} INFO - [2026-07-17T23:18:21.499+0530] {dag.py:4180} INFO - Setting next_dagrun for example_xcom_args_with_operators to None, run_after=None
[2026-07-17T23:18:21.504+0530] {processor.py:208} INFO - Processing /Users/bhavishyachallagolla/Desktop/RetailSense/.venv/lib/python3.12/site-packages/airflow/example_dags/example_xcomargs.py took 0.046 seconds
[2026-07-17T23:19:13.459+0530] {processor.py:186} INFO - Started process (PID=97433) to work on /Users/bhavishyachallagolla/Desktop/RetailSense/.venv/lib/python3.12/site-packages/airflow/example_dags/example_xcomargs.py
[2026-07-17T23:19:13.459+0530] {processor.py:914} INFO - Processing file /Users/bhavishyachallagolla/Desktop/RetailSense/.venv/lib/python3.12/site-packages/airflow/example_dags/example_xcomargs.py for tasks to queue
[2026-07-17T23:19:13.459+0530] {logging_mixin.py:190} INFO - [2026-07-17T23:19:13.459+0530] {dagbag.py:588} INFO - Filling up the DagBag from /Users/bhavishyachallagolla/Desktop/RetailSense/.venv/lib/python3.12/site-packages/airflow/example_dags/example_xcomargs.py
[2026-07-17T23:19:13.471+0530] {processor.py:925} INFO - DAG(s) 'example_xcom_args', 'example_xcom_args_with_operators' retrieved from /Users/bhavishyachallagolla/Desktop/RetailSense/.venv/lib/python3.12/site-packages/airflow/example_dags/example_xcomargs.py
[2026-07-17T23:19:13.496+0530] {logging_mixin.py:190} INFO - [2026-07-17T23:19:13.496+0530] {dag.py:3239} INFO - Sync 2 DAGs
[2026-07-17T23:19:13.499+0530] {logging_mixin.py:190} INFO - [2026-07-17T23:19:13.499+0530] {dag.py:4180} INFO - Setting next_dagrun for example_xcom_args to None, run_after=None
[2026-07-17T23:19:13.500+0530] {logging_mixin.py:190} INFO - [2026-07-17T23:19:13.500+0530] {dag.py:4180} INFO - Setting next_dagrun for example_xcom_args_with_operators to None, run_after=None
[2026-07-17T23:19:13.504+0530] {processor.py:208} INFO - Processing /Users/bhavishyachallagolla/Desktop/RetailSense/.venv/lib/python3.12/site-packages/airflow/example_dags/example_xcomargs.py took 0.046 seconds
[2026-07-17T23:20:03.870+0530] {processor.py:186} INFO - Started process (PID=97508) to work on /Users/bhavishyachallagolla/Desktop/RetailSense/.venv/lib/python3.12/site-packages/airflow/example_dags/example_xcomargs.py
[2026-07-17T23:20:03.870+0530] {processor.py:914} INFO - Processing file /Users/bhavishyachallagolla/Desktop/RetailSense/.venv/lib/python3.12/site-packages/airflow/example_dags/example_xcomargs.py for tasks to queue
[2026-07-17T23:20:03.870+0530] {logging_mixin.py:190} INFO - [2026-07-17T23:20:03.870+0530] {dagbag.py:588} INFO - Filling up the DagBag from /Users/bhavishyachallagolla/Desktop/RetailSense/.venv/lib/python3.12/site-packages/airflow/example_dags/example_xcomargs.py
[2026-07-17T23:20:03.883+0530] {processor.py:925} INFO - DAG(s) 'example_xcom_args', 'example_xcom_args_with_operators' retrieved from /Users/bhavishyachallagolla/Desktop/RetailSense/.venv/lib/python3.12/site-packages/airflow/example_dags/example_xcomargs.py
[2026-07-17T23:20:03.908+0530] {logging_mixin.py:190} INFO - [2026-07-17T23:20:03.908+0530] {dag.py:3239} INFO - Sync 2 DAGs
[2026-07-17T23:20:03.911+0530] {logging_mixin.py:190} INFO - [2026-07-17T23:20:03.911+0530] {dag.py:4180} INFO - Setting next_dagrun for example_xcom_args to None, run_after=None
[2026-07-17T23:20:03.912+0530] {logging_mixin.py:190} INFO - [2026-07-17T23:20:03.912+0530] {dag.py:4180} INFO - Setting next_dagrun for example_xcom_args_with_operators to None, run_after=None
[2026-07-17T23:20:03.916+0530] {processor.py:208} INFO - Processing /Users/bhavishyachallagolla/Desktop/RetailSense/.venv/lib/python3.12/site-packages/airflow/example_dags/example_xcomargs.py took 0.047 seconds
[2026-07-17T23:20:54.385+0530] {processor.py:186} INFO - Started process (PID=97584) to work on /Users/bhavishyachallagolla/Desktop/RetailSense/.venv/lib/python3.12/site-packages/airflow/example_dags/example_xcomargs.py
[2026-07-17T23:20:54.385+0530] {processor.py:914} INFO - Processing file /Users/bhavishyachallagolla/Desktop/RetailSense/.venv/lib/python3.12/site-packages/airflow/example_dags/example_xcomargs.py for tasks to queue
[2026-07-17T23:20:54.385+0530] {logging_mixin.py:190} INFO - [2026-07-17T23:20:54.385+0530] {dagbag.py:588} INFO - Filling up the DagBag from /Users/bhavishyachallagolla/Desktop/RetailSense/.venv/lib/python3.12/site-packages/airflow/example_dags/example_xcomargs.py
[2026-07-17T23:20:54.398+0530] {processor.py:925} INFO - DAG(s) 'example_xcom_args_with_operators', 'example_xcom_args' retrieved from /Users/bhavishyachallagolla/Desktop/RetailSense/.venv/lib/python3.12/site-packages/airflow/example_dags/example_xcomargs.py
[2026-07-17T23:20:54.423+0530] {logging_mixin.py:190} INFO - [2026-07-17T23:20:54.423+0530] {dag.py:3239} INFO - Sync 2 DAGs
[2026-07-17T23:20:54.425+0530] {logging_mixin.py:190} INFO - [2026-07-17T23:20:54.425+0530] {dag.py:4180} INFO - Setting next_dagrun for example_xcom_args to None, run_after=None
[2026-07-17T23:20:54.426+0530] {logging_mixin.py:190} INFO - [2026-07-17T23:20:54.426+0530] {dag.py:4180} INFO - Setting next_dagrun for example_xcom_args_with_operators to None, run_after=None
[2026-07-17T23:20:54.430+0530] {processor.py:208} INFO - Processing /Users/bhavishyachallagolla/Desktop/RetailSense/.venv/lib/python3.12/site-packages/airflow/example_dags/example_xcomargs.py took 0.047 seconds
[2026-07-17T23:21:45.000+0530] {processor.py:186} INFO - Started process (PID=97659) to work on /Users/bhavishyachallagolla/Desktop/RetailSense/.venv/lib/python3.12/site-packages/airflow/example_dags/example_xcomargs.py
[2026-07-17T23:21:45.001+0530] {processor.py:914} INFO - Processing file /Users/bhavishyachallagolla/Desktop/RetailSense/.venv/lib/python3.12/site-packages/airflow/example_dags/example_xcomargs.py for tasks to queue
[2026-07-17T23:21:45.001+0530] {logging_mixin.py:190} INFO - [2026-07-17T23:21:45.001+0530] {dagbag.py:588} INFO - Filling up the DagBag from /Users/bhavishyachallagolla/Desktop/RetailSense/.venv/lib/python3.12/site-packages/airflow/example_dags/example_xcomargs.py
[2026-07-17T23:21:45.013+0530] {processor.py:925} INFO - DAG(s) 'example_xcom_args_with_operators', 'example_xcom_args' retrieved from /Users/bhavishyachallagolla/Desktop/RetailSense/.venv/lib/python3.12/site-packages/airflow/example_dags/example_xcomargs.py
[2026-07-17T23:21:45.037+0530] {logging_mixin.py:190} INFO - [2026-07-17T23:21:45.037+0530] {dag.py:3239} INFO - Sync 2 DAGs
[2026-07-17T23:21:45.040+0530] {logging_mixin.py:190} INFO - [2026-07-17T23:21:45.040+0530] {dag.py:4180} INFO - Setting next_dagrun for example_xcom_args to None, run_after=None
[2026-07-17T23:21:45.041+0530] {logging_mixin.py:190} INFO - [2026-07-17T23:21:45.041+0530] {dag.py:4180} INFO - Setting next_dagrun for example_xcom_args_with_operators to None, run_after=None
[2026-07-17T23:21:45.045+0530] {processor.py:208} INFO - Processing /Users/bhavishyachallagolla/Desktop/RetailSense/.venv/lib/python3.12/site-packages/airflow/example_dags/example_xcomargs.py took 0.045 seconds
[2026-07-17T23:22:35.685+0530] {processor.py:186} INFO - Started process (PID=97736) to work on /Users/bhavishyachallagolla/Desktop/RetailSense/.venv/lib/python3.12/site-packages/airflow/example_dags/example_xcomargs.py
[2026-07-17T23:22:35.686+0530] {processor.py:914} INFO - Processing file /Users/bhavishyachallagolla/Desktop/RetailSense/.venv/lib/python3.12/site-packages/airflow/example_dags/example_xcomargs.py for tasks to queue
[2026-07-17T23:22:35.686+0530] {logging_mixin.py:190} INFO - [2026-07-17T23:22:35.686+0530] {dagbag.py:588} INFO - Filling up the DagBag from /Users/bhavishyachallagolla/Desktop/RetailSense/.venv/lib/python3.12/site-packages/airflow/example_dags/example_xcomargs.py
[2026-07-17T23:22:35.699+0530] {processor.py:925} INFO - DAG(s) 'example_xcom_args', 'example_xcom_args_with_operators' retrieved from /Users/bhavishyachallagolla/Desktop/RetailSense/.venv/lib/python3.12/site-packages/airflow/example_dags/example_xcomargs.py
[2026-07-17T23:22:35.727+0530] {logging_mixin.py:190} INFO - [2026-07-17T23:22:35.727+0530] {dag.py:3239} INFO - Sync 2 DAGs
[2026-07-17T23:22:35.730+0530] {logging_mixin.py:190} INFO - [2026-07-17T23:22:35.730+0530] {dag.py:4180} INFO - Setting next_dagrun for example_xcom_args to None, run_after=None
[2026-07-17T23:22:35.731+0530] {logging_mixin.py:190} INFO - [2026-07-17T23:22:35.731+0530] {dag.py:4180} INFO - Setting next_dagrun for example_xcom_args_with_operators to None, run_after=None
[2026-07-17T23:22:35.736+0530] {processor.py:208} INFO - Processing /Users/bhavishyachallagolla/Desktop/RetailSense/.venv/lib/python3.12/site-packages/airflow/example_dags/example_xcomargs.py took 0.052 seconds
[2026-07-17T23:23:25.539+0530] {processor.py:186} INFO - Started process (PID=97811) to work on /Users/bhavishyachallagolla/Desktop/RetailSense/.venv/lib/python3.12/site-packages/airflow/example_dags/example_xcomargs.py
[2026-07-17T23:23:25.540+0530] {processor.py:914} INFO - Processing file /Users/bhavishyachallagolla/Desktop/RetailSense/.venv/lib/python3.12/site-packages/airflow/example_dags/example_xcomargs.py for tasks to queue
[2026-07-17T23:23:25.540+0530] {logging_mixin.py:190} INFO - [2026-07-17T23:23:25.540+0530] {dagbag.py:588} INFO - Filling up the DagBag from /Users/bhavishyachallagolla/Desktop/RetailSense/.venv/lib/python3.12/site-packages/airflow/example_dags/example_xcomargs.py
[2026-07-17T23:23:25.553+0530] {processor.py:925} INFO - DAG(s) 'example_xcom_args', 'example_xcom_args_with_operators' retrieved from /Users/bhavishyachallagolla/Desktop/RetailSense/.venv/lib/python3.12/site-packages/airflow/example_dags/example_xcomargs.py
[2026-07-17T23:23:25.578+0530] {logging_mixin.py:190} INFO - [2026-07-17T23:23:25.578+0530] {dag.py:3239} INFO - Sync 2 DAGs
[2026-07-17T23:23:25.581+0530] {logging_mixin.py:190} INFO - [2026-07-17T23:23:25.581+0530] {dag.py:4180} INFO - Setting next_dagrun for example_xcom_args to None, run_after=None
[2026-07-17T23:23:25.582+0530] {logging_mixin.py:190} INFO - [2026-07-17T23:23:25.582+0530] {dag.py:4180} INFO - Setting next_dagrun for example_xcom_args_with_operators to None, run_after=None
[2026-07-17T23:23:25.586+0530] {processor.py:208} INFO - Processing /Users/bhavishyachallagolla/Desktop/RetailSense/.venv/lib/python3.12/site-packages/airflow/example_dags/example_xcomargs.py took 0.048 seconds
[2026-07-17T23:24:16.069+0530] {processor.py:186} INFO - Started process (PID=97886) to work on /Users/bhavishyachallagolla/Desktop/RetailSense/.venv/lib/python3.12/site-packages/airflow/example_dags/example_xcomargs.py
[2026-07-17T23:24:16.069+0530] {processor.py:914} INFO - Processing file /Users/bhavishyachallagolla/Desktop/RetailSense/.venv/lib/python3.12/site-packages/airflow/example_dags/example_xcomargs.py for tasks to queue
[2026-07-17T23:24:16.070+0530] {logging_mixin.py:190} INFO - [2026-07-17T23:24:16.070+0530] {dagbag.py:588} INFO - Filling up the DagBag from /Users/bhavishyachallagolla/Desktop/RetailSense/.venv/lib/python3.12/site-packages/airflow/example_dags/example_xcomargs.py
[2026-07-17T23:24:16.082+0530] {processor.py:925} INFO - DAG(s) 'example_xcom_args', 'example_xcom_args_with_operators' retrieved from /Users/bhavishyachallagolla/Desktop/RetailSense/.venv/lib/python3.12/site-packages/airflow/example_dags/example_xcomargs.py
[2026-07-17T23:24:16.107+0530] {logging_mixin.py:190} INFO - [2026-07-17T23:24:16.107+0530] {dag.py:3239} INFO - Sync 2 DAGs
[2026-07-17T23:24:16.110+0530] {logging_mixin.py:190} INFO - [2026-07-17T23:24:16.110+0530] {dag.py:4180} INFO - Setting next_dagrun for example_xcom_args to None, run_after=None
[2026-07-17T23:24:16.110+0530] {logging_mixin.py:190} INFO - [2026-07-17T23:24:16.110+0530] {dag.py:4180} INFO - Setting next_dagrun for example_xcom_args_with_operators to None, run_after=None
[2026-07-17T23:24:16.115+0530] {processor.py:208} INFO - Processing /Users/bhavishyachallagolla/Desktop/RetailSense/.venv/lib/python3.12/site-packages/airflow/example_dags/example_xcomargs.py took 0.047 seconds
[2026-07-17T23:25:06.315+0530] {processor.py:186} INFO - Started process (PID=97962) to work on /Users/bhavishyachallagolla/Desktop/RetailSense/.venv/lib/python3.12/site-packages/airflow/example_dags/example_xcomargs.py
[2026-07-17T23:25:06.315+0530] {processor.py:914} INFO - Processing file /Users/bhavishyachallagolla/Desktop/RetailSense/.venv/lib/python3.12/site-packages/airflow/example_dags/example_xcomargs.py for tasks to queue
[2026-07-17T23:25:06.316+0530] {logging_mixin.py:190} INFO - [2026-07-17T23:25:06.315+0530] {dagbag.py:588} INFO - Filling up the DagBag from /Users/bhavishyachallagolla/Desktop/RetailSense/.venv/lib/python3.12/site-packages/airflow/example_dags/example_xcomargs.py
[2026-07-17T23:25:06.328+0530] {processor.py:925} INFO - DAG(s) 'example_xcom_args_with_operators', 'example_xcom_args' retrieved from /Users/bhavishyachallagolla/Desktop/RetailSense/.venv/lib/python3.12/site-packages/airflow/example_dags/example_xcomargs.py
[2026-07-17T23:25:06.353+0530] {logging_mixin.py:190} INFO - [2026-07-17T23:25:06.353+0530] {dag.py:3239} INFO - Sync 2 DAGs
[2026-07-17T23:25:06.355+0530] {logging_mixin.py:190} INFO - [2026-07-17T23:25:06.355+0530] {dag.py:4180} INFO - Setting next_dagrun for example_xcom_args to None, run_after=None
[2026-07-17T23:25:06.356+0530] {logging_mixin.py:190} INFO - [2026-07-17T23:25:06.356+0530] {dag.py:4180} INFO - Setting next_dagrun for example_xcom_args_with_operators to None, run_after=None
[2026-07-17T23:25:06.360+0530] {processor.py:208} INFO - Processing /Users/bhavishyachallagolla/Desktop/RetailSense/.venv/lib/python3.12/site-packages/airflow/example_dags/example_xcomargs.py took 0.046 seconds
[2026-07-17T23:25:56.764+0530] {processor.py:186} INFO - Started process (PID=98037) to work on /Users/bhavishyachallagolla/Desktop/RetailSense/.venv/lib/python3.12/site-packages/airflow/example_dags/example_xcomargs.py
[2026-07-17T23:25:56.764+0530] {processor.py:914} INFO - Processing file /Users/bhavishyachallagolla/Desktop/RetailSense/.venv/lib/python3.12/site-packages/airflow/example_dags/example_xcomargs.py for tasks to queue
[2026-07-17T23:25:56.765+0530] {logging_mixin.py:190} INFO - [2026-07-17T23:25:56.765+0530] {dagbag.py:588} INFO - Filling up the DagBag from /Users/bhavishyachallagolla/Desktop/RetailSense/.venv/lib/python3.12/site-packages/airflow/example_dags/example_xcomargs.py
[2026-07-17T23:25:56.779+0530] {processor.py:925} INFO - DAG(s) 'example_xcom_args', 'example_xcom_args_with_operators' retrieved from /Users/bhavishyachallagolla/Desktop/RetailSense/.venv/lib/python3.12/site-packages/airflow/example_dags/example_xcomargs.py
[2026-07-17T23:25:56.806+0530] {logging_mixin.py:190} INFO - [2026-07-17T23:25:56.806+0530] {dag.py:3239} INFO - Sync 2 DAGs
[2026-07-17T23:25:56.809+0530] {logging_mixin.py:190} INFO - [2026-07-17T23:25:56.809+0530] {dag.py:4180} INFO - Setting next_dagrun for example_xcom_args to None, run_after=None
[2026-07-17T23:25:56.810+0530] {logging_mixin.py:190} INFO - [2026-07-17T23:25:56.810+0530] {dag.py:4180} INFO - Setting next_dagrun for example_xcom_args_with_operators to None, run_after=None
[2026-07-17T23:25:56.815+0530] {processor.py:208} INFO - Processing /Users/bhavishyachallagolla/Desktop/RetailSense/.venv/lib/python3.12/site-packages/airflow/example_dags/example_xcomargs.py took 0.052 seconds
[2026-07-17T23:26:48.976+0530] {processor.py:186} INFO - Started process (PID=98114) to work on /Users/bhavishyachallagolla/Desktop/RetailSense/.venv/lib/python3.12/site-packages/airflow/example_dags/example_xcomargs.py
[2026-07-17T23:26:48.976+0530] {processor.py:914} INFO - Processing file /Users/bhavishyachallagolla/Desktop/RetailSense/.venv/lib/python3.12/site-packages/airflow/example_dags/example_xcomargs.py for tasks to queue
[2026-07-17T23:26:48.976+0530] {logging_mixin.py:190} INFO - [2026-07-17T23:26:48.976+0530] {dagbag.py:588} INFO - Filling up the DagBag from /Users/bhavishyachallagolla/Desktop/RetailSense/.venv/lib/python3.12/site-packages/airflow/example_dags/example_xcomargs.py
[2026-07-17T23:26:48.990+0530] {processor.py:925} INFO - DAG(s) 'example_xcom_args', 'example_xcom_args_with_operators' retrieved from /Users/bhavishyachallagolla/Desktop/RetailSense/.venv/lib/python3.12/site-packages/airflow/example_dags/example_xcomargs.py
[2026-07-17T23:26:49.016+0530] {logging_mixin.py:190} INFO - [2026-07-17T23:26:49.016+0530] {dag.py:3239} INFO - Sync 2 DAGs
[2026-07-17T23:26:49.019+0530] {logging_mixin.py:190} INFO - [2026-07-17T23:26:49.019+0530] {dag.py:4180} INFO - Setting next_dagrun for example_xcom_args to None, run_after=None
[2026-07-17T23:26:49.020+0530] {logging_mixin.py:190} INFO - [2026-07-17T23:26:49.020+0530] {dag.py:4180} INFO - Setting next_dagrun for example_xcom_args_with_operators to None, run_after=None
[2026-07-17T23:26:49.024+0530] {processor.py:208} INFO - Processing /Users/bhavishyachallagolla/Desktop/RetailSense/.venv/lib/python3.12/site-packages/airflow/example_dags/example_xcomargs.py took 0.050 seconds
[2026-07-17T23:27:41.319+0530] {processor.py:186} INFO - Started process (PID=98199) to work on /Users/bhavishyachallagolla/Desktop/RetailSense/.venv/lib/python3.12/site-packages/airflow/example_dags/example_xcomargs.py
[2026-07-17T23:27:41.319+0530] {processor.py:914} INFO - Processing file /Users/bhavishyachallagolla/Desktop/RetailSense/.venv/lib/python3.12/site-packages/airflow/example_dags/example_xcomargs.py for tasks to queue
[2026-07-17T23:27:41.319+0530] {logging_mixin.py:190} INFO - [2026-07-17T23:27:41.319+0530] {dagbag.py:588} INFO - Filling up the DagBag from /Users/bhavishyachallagolla/Desktop/RetailSense/.venv/lib/python3.12/site-packages/airflow/example_dags/example_xcomargs.py
[2026-07-17T23:27:41.331+0530] {processor.py:925} INFO - DAG(s) 'example_xcom_args', 'example_xcom_args_with_operators' retrieved from /Users/bhavishyachallagolla/Desktop/RetailSense/.venv/lib/python3.12/site-packages/airflow/example_dags/example_xcomargs.py
[2026-07-17T23:27:41.356+0530] {logging_mixin.py:190} INFO - [2026-07-17T23:27:41.356+0530] {dag.py:3239} INFO - Sync 2 DAGs
[2026-07-17T23:27:41.359+0530] {logging_mixin.py:190} INFO - [2026-07-17T23:27:41.359+0530] {dag.py:4180} INFO - Setting next_dagrun for example_xcom_args to None, run_after=None
[2026-07-17T23:27:41.359+0530] {logging_mixin.py:190} INFO - [2026-07-17T23:27:41.359+0530] {dag.py:4180} INFO - Setting next_dagrun for example_xcom_args_with_operators to None, run_after=None
[2026-07-17T23:27:41.364+0530] {processor.py:208} INFO - Processing /Users/bhavishyachallagolla/Desktop/RetailSense/.venv/lib/python3.12/site-packages/airflow/example_dags/example_xcomargs.py took 0.046 seconds
[2026-07-17T23:28:32.702+0530] {processor.py:186} INFO - Started process (PID=98277) to work on /Users/bhavishyachallagolla/Desktop/RetailSense/.venv/lib/python3.12/site-packages/airflow/example_dags/example_xcomargs.py
[2026-07-17T23:28:32.702+0530] {processor.py:914} INFO - Processing file /Users/bhavishyachallagolla/Desktop/RetailSense/.venv/lib/python3.12/site-packages/airflow/example_dags/example_xcomargs.py for tasks to queue
[2026-07-17T23:28:32.703+0530] {logging_mixin.py:190} INFO - [2026-07-17T23:28:32.703+0530] {dagbag.py:588} INFO - Filling up the DagBag from /Users/bhavishyachallagolla/Desktop/RetailSense/.venv/lib/python3.12/site-packages/airflow/example_dags/example_xcomargs.py
[2026-07-17T23:28:32.715+0530] {processor.py:925} INFO - DAG(s) 'example_xcom_args', 'example_xcom_args_with_operators' retrieved from /Users/bhavishyachallagolla/Desktop/RetailSense/.venv/lib/python3.12/site-packages/airflow/example_dags/example_xcomargs.py
[2026-07-17T23:28:32.739+0530] {logging_mixin.py:190} INFO - [2026-07-17T23:28:32.739+0530] {dag.py:3239} INFO - Sync 2 DAGs
[2026-07-17T23:28:32.742+0530] {logging_mixin.py:190} INFO - [2026-07-17T23:28:32.742+0530] {dag.py:4180} INFO - Setting next_dagrun for example_xcom_args to None, run_after=None
[2026-07-17T23:28:32.743+0530] {logging_mixin.py:190} INFO - [2026-07-17T23:28:32.743+0530] {dag.py:4180} INFO - Setting next_dagrun for example_xcom_args_with_operators to None, run_after=None
[2026-07-17T23:28:32.747+0530] {processor.py:208} INFO - Processing /Users/bhavishyachallagolla/Desktop/RetailSense/.venv/lib/python3.12/site-packages/airflow/example_dags/example_xcomargs.py took 0.046 seconds
[2026-07-17T23:29:23.321+0530] {processor.py:186} INFO - Started process (PID=98352) to work on /Users/bhavishyachallagolla/Desktop/RetailSense/.venv/lib/python3.12/site-packages/airflow/example_dags/example_xcomargs.py
[2026-07-17T23:29:23.321+0530] {processor.py:914} INFO - Processing file /Users/bhavishyachallagolla/Desktop/RetailSense/.venv/lib/python3.12/site-packages/airflow/example_dags/example_xcomargs.py for tasks to queue
[2026-07-17T23:29:23.321+0530] {logging_mixin.py:190} INFO - [2026-07-17T23:29:23.321+0530] {dagbag.py:588} INFO - Filling up the DagBag from /Users/bhavishyachallagolla/Desktop/RetailSense/.venv/lib/python3.12/site-packages/airflow/example_dags/example_xcomargs.py
[2026-07-17T23:29:23.334+0530] {processor.py:925} INFO - DAG(s) 'example_xcom_args_with_operators', 'example_xcom_args' retrieved from /Users/bhavishyachallagolla/Desktop/RetailSense/.venv/lib/python3.12/site-packages/airflow/example_dags/example_xcomargs.py
[2026-07-17T23:29:23.358+0530] {logging_mixin.py:190} INFO - [2026-07-17T23:29:23.358+0530] {dag.py:3239} INFO - Sync 2 DAGs
[2026-07-17T23:29:23.361+0530] {logging_mixin.py:190} INFO - [2026-07-17T23:29:23.361+0530] {dag.py:4180} INFO - Setting next_dagrun for example_xcom_args to None, run_after=None
[2026-07-17T23:29:23.362+0530] {logging_mixin.py:190} INFO - [2026-07-17T23:29:23.362+0530] {dag.py:4180} INFO - Setting next_dagrun for example_xcom_args_with_operators to None, run_after=None
[2026-07-17T23:29:23.366+0530] {processor.py:208} INFO - Processing /Users/bhavishyachallagolla/Desktop/RetailSense/.venv/lib/python3.12/site-packages/airflow/example_dags/example_xcomargs.py took 0.046 seconds
[2026-07-17T23:30:13.958+0530] {processor.py:186} INFO - Started process (PID=98458) to work on /Users/bhavishyachallagolla/Desktop/RetailSense/.venv/lib/python3.12/site-packages/airflow/example_dags/example_xcomargs.py
[2026-07-17T23:30:13.959+0530] {processor.py:914} INFO - Processing file /Users/bhavishyachallagolla/Desktop/RetailSense/.venv/lib/python3.12/site-packages/airflow/example_dags/example_xcomargs.py for tasks to queue
[2026-07-17T23:30:13.959+0530] {logging_mixin.py:190} INFO - [2026-07-17T23:30:13.959+0530] {dagbag.py:588} INFO - Filling up the DagBag from /Users/bhavishyachallagolla/Desktop/RetailSense/.venv/lib/python3.12/site-packages/airflow/example_dags/example_xcomargs.py
[2026-07-17T23:30:13.971+0530] {processor.py:925} INFO - DAG(s) 'example_xcom_args', 'example_xcom_args_with_operators' retrieved from /Users/bhavishyachallagolla/Desktop/RetailSense/.venv/lib/python3.12/site-packages/airflow/example_dags/example_xcomargs.py
[2026-07-17T23:30:13.996+0530] {logging_mixin.py:190} INFO - [2026-07-17T23:30:13.996+0530] {dag.py:3239} INFO - Sync 2 DAGs
[2026-07-17T23:30:13.999+0530] {logging_mixin.py:190} INFO - [2026-07-17T23:30:13.999+0530] {dag.py:4180} INFO - Setting next_dagrun for example_xcom_args to None, run_after=None
[2026-07-17T23:30:14.000+0530] {logging_mixin.py:190} INFO - [2026-07-17T23:30:14.000+0530] {dag.py:4180} INFO - Setting next_dagrun for example_xcom_args_with_operators to None, run_after=None
[2026-07-17T23:30:14.004+0530] {processor.py:208} INFO - Processing /Users/bhavishyachallagolla/Desktop/RetailSense/.venv/lib/python3.12/site-packages/airflow/example_dags/example_xcomargs.py took 0.047 seconds
[2026-07-17T23:31:06.515+0530] {processor.py:186} INFO - Started process (PID=98553) to work on /Users/bhavishyachallagolla/Desktop/RetailSense/.venv/lib/python3.12/site-packages/airflow/example_dags/example_xcomargs.py
[2026-07-17T23:31:06.515+0530] {processor.py:914} INFO - Processing file /Users/bhavishyachallagolla/Desktop/RetailSense/.venv/lib/python3.12/site-packages/airflow/example_dags/example_xcomargs.py for tasks to queue
[2026-07-17T23:31:06.516+0530] {logging_mixin.py:190} INFO - [2026-07-17T23:31:06.515+0530] {dagbag.py:588} INFO - Filling up the DagBag from /Users/bhavishyachallagolla/Desktop/RetailSense/.venv/lib/python3.12/site-packages/airflow/example_dags/example_xcomargs.py
[2026-07-17T23:31:06.529+0530] {processor.py:925} INFO - DAG(s) 'example_xcom_args', 'example_xcom_args_with_operators' retrieved from /Users/bhavishyachallagolla/Desktop/RetailSense/.venv/lib/python3.12/site-packages/airflow/example_dags/example_xcomargs.py
[2026-07-17T23:31:06.555+0530] {logging_mixin.py:190} INFO - [2026-07-17T23:31:06.555+0530] {dag.py:3239} INFO - Sync 2 DAGs
[2026-07-17T23:31:06.558+0530] {logging_mixin.py:190} INFO - [2026-07-17T23:31:06.558+0530] {dag.py:4180} INFO - Setting next_dagrun for example_xcom_args to None, run_after=None
[2026-07-17T23:31:06.559+0530] {logging_mixin.py:190} INFO - [2026-07-17T23:31:06.559+0530] {dag.py:4180} INFO - Setting next_dagrun for example_xcom_args_with_operators to None, run_after=None
[2026-07-17T23:31:06.564+0530] {processor.py:208} INFO - Processing /Users/bhavishyachallagolla/Desktop/RetailSense/.venv/lib/python3.12/site-packages/airflow/example_dags/example_xcomargs.py took 0.050 seconds
[2026-07-17T23:32:00.469+0530] {processor.py:186} INFO - Started process (PID=98630) to work on /Users/bhavishyachallagolla/Desktop/RetailSense/.venv/lib/python3.12/site-packages/airflow/example_dags/example_xcomargs.py
[2026-07-17T23:32:00.469+0530] {processor.py:914} INFO - Processing file /Users/bhavishyachallagolla/Desktop/RetailSense/.venv/lib/python3.12/site-packages/airflow/example_dags/example_xcomargs.py for tasks to queue
[2026-07-17T23:32:00.470+0530] {logging_mixin.py:190} INFO - [2026-07-17T23:32:00.470+0530] {dagbag.py:588} INFO - Filling up the DagBag from /Users/bhavishyachallagolla/Desktop/RetailSense/.venv/lib/python3.12/site-packages/airflow/example_dags/example_xcomargs.py
[2026-07-17T23:32:00.482+0530] {processor.py:925} INFO - DAG(s) 'example_xcom_args', 'example_xcom_args_with_operators' retrieved from /Users/bhavishyachallagolla/Desktop/RetailSense/.venv/lib/python3.12/site-packages/airflow/example_dags/example_xcomargs.py
[2026-07-17T23:32:00.508+0530] {logging_mixin.py:190} INFO - [2026-07-17T23:32:00.508+0530] {dag.py:3239} INFO - Sync 2 DAGs
[2026-07-17T23:32:00.511+0530] {logging_mixin.py:190} INFO - [2026-07-17T23:32:00.510+0530] {dag.py:4180} INFO - Setting next_dagrun for example_xcom_args to None, run_after=None
[2026-07-17T23:32:00.511+0530] {logging_mixin.py:190} INFO - [2026-07-17T23:32:00.511+0530] {dag.py:4180} INFO - Setting next_dagrun for example_xcom_args_with_operators to None, run_after=None
[2026-07-17T23:32:00.516+0530] {processor.py:208} INFO - Processing /Users/bhavishyachallagolla/Desktop/RetailSense/.venv/lib/python3.12/site-packages/airflow/example_dags/example_xcomargs.py took 0.048 seconds
[2026-07-17T23:32:55.319+0530] {processor.py:186} INFO - Started process (PID=98717) to work on /Users/bhavishyachallagolla/Desktop/RetailSense/.venv/lib/python3.12/site-packages/airflow/example_dags/example_xcomargs.py
[2026-07-17T23:32:55.320+0530] {processor.py:914} INFO - Processing file /Users/bhavishyachallagolla/Desktop/RetailSense/.venv/lib/python3.12/site-packages/airflow/example_dags/example_xcomargs.py for tasks to queue
[2026-07-17T23:32:55.320+0530] {logging_mixin.py:190} INFO - [2026-07-17T23:32:55.320+0530] {dagbag.py:588} INFO - Filling up the DagBag from /Users/bhavishyachallagolla/Desktop/RetailSense/.venv/lib/python3.12/site-packages/airflow/example_dags/example_xcomargs.py
[2026-07-17T23:32:55.333+0530] {processor.py:925} INFO - DAG(s) 'example_xcom_args_with_operators', 'example_xcom_args' retrieved from /Users/bhavishyachallagolla/Desktop/RetailSense/.venv/lib/python3.12/site-packages/airflow/example_dags/example_xcomargs.py
[2026-07-17T23:32:55.358+0530] {logging_mixin.py:190} INFO - [2026-07-17T23:32:55.357+0530] {dag.py:3239} INFO - Sync 2 DAGs
[2026-07-17T23:32:55.360+0530] {logging_mixin.py:190} INFO - [2026-07-17T23:32:55.360+0530] {dag.py:4180} INFO - Setting next_dagrun for example_xcom_args to None, run_after=None
[2026-07-17T23:32:55.361+0530] {logging_mixin.py:190} INFO - [2026-07-17T23:32:55.361+0530] {dag.py:4180} INFO - Setting next_dagrun for example_xcom_args_with_operators to None, run_after=None
[2026-07-17T23:32:55.365+0530] {processor.py:208} INFO - Processing /Users/bhavishyachallagolla/Desktop/RetailSense/.venv/lib/python3.12/site-packages/airflow/example_dags/example_xcomargs.py took 0.047 seconds
[2026-07-17T23:33:49.136+0530] {processor.py:186} INFO - Started process (PID=98799) to work on /Users/bhavishyachallagolla/Desktop/RetailSense/.venv/lib/python3.12/site-packages/airflow/example_dags/example_xcomargs.py
[2026-07-17T23:33:49.136+0530] {processor.py:914} INFO - Processing file /Users/bhavishyachallagolla/Desktop/RetailSense/.venv/lib/python3.12/site-packages/airflow/example_dags/example_xcomargs.py for tasks to queue
[2026-07-17T23:33:49.136+0530] {logging_mixin.py:190} INFO - [2026-07-17T23:33:49.136+0530] {dagbag.py:588} INFO - Filling up the DagBag from /Users/bhavishyachallagolla/Desktop/RetailSense/.venv/lib/python3.12/site-packages/airflow/example_dags/example_xcomargs.py
[2026-07-17T23:33:49.149+0530] {processor.py:925} INFO - DAG(s) 'example_xcom_args_with_operators', 'example_xcom_args' retrieved from /Users/bhavishyachallagolla/Desktop/RetailSense/.venv/lib/python3.12/site-packages/airflow/example_dags/example_xcomargs.py
[2026-07-17T23:33:49.174+0530] {logging_mixin.py:190} INFO - [2026-07-17T23:33:49.174+0530] {dag.py:3239} INFO - Sync 2 DAGs
[2026-07-17T23:33:49.177+0530] {logging_mixin.py:190} INFO - [2026-07-17T23:33:49.177+0530] {dag.py:4180} INFO - Setting next_dagrun for example_xcom_args to None, run_after=None
[2026-07-17T23:33:49.177+0530] {logging_mixin.py:190} INFO - [2026-07-17T23:33:49.177+0530] {dag.py:4180} INFO - Setting next_dagrun for example_xcom_args_with_operators to None, run_after=None
[2026-07-17T23:33:49.182+0530] {processor.py:208} INFO - Processing /Users/bhavishyachallagolla/Desktop/RetailSense/.venv/lib/python3.12/site-packages/airflow/example_dags/example_xcomargs.py took 0.047 seconds
[2026-07-17T23:34:42.175+0530] {processor.py:186} INFO - Started process (PID=98890) to work on /Users/bhavishyachallagolla/Desktop/RetailSense/.venv/lib/python3.12/site-packages/airflow/example_dags/example_xcomargs.py
[2026-07-17T23:34:42.175+0530] {processor.py:914} INFO - Processing file /Users/bhavishyachallagolla/Desktop/RetailSense/.venv/lib/python3.12/site-packages/airflow/example_dags/example_xcomargs.py for tasks to queue
[2026-07-17T23:34:42.176+0530] {logging_mixin.py:190} INFO - [2026-07-17T23:34:42.175+0530] {dagbag.py:588} INFO - Filling up the DagBag from /Users/bhavishyachallagolla/Desktop/RetailSense/.venv/lib/python3.12/site-packages/airflow/example_dags/example_xcomargs.py
[2026-07-17T23:34:42.188+0530] {processor.py:925} INFO - DAG(s) 'example_xcom_args', 'example_xcom_args_with_operators' retrieved from /Users/bhavishyachallagolla/Desktop/RetailSense/.venv/lib/python3.12/site-packages/airflow/example_dags/example_xcomargs.py
[2026-07-17T23:34:42.213+0530] {logging_mixin.py:190} INFO - [2026-07-17T23:34:42.213+0530] {dag.py:3239} INFO - Sync 2 DAGs
[2026-07-17T23:34:42.216+0530] {logging_mixin.py:190} INFO - [2026-07-17T23:34:42.216+0530] {dag.py:4180} INFO - Setting next_dagrun for example_xcom_args to None, run_after=None
[2026-07-17T23:34:42.217+0530] {logging_mixin.py:190} INFO - [2026-07-17T23:34:42.217+0530] {dag.py:4180} INFO - Setting next_dagrun for example_xcom_args_with_operators to None, run_after=None
[2026-07-17T23:34:42.221+0530] {processor.py:208} INFO - Processing /Users/bhavishyachallagolla/Desktop/RetailSense/.venv/lib/python3.12/site-packages/airflow/example_dags/example_xcomargs.py took 0.047 seconds
[2026-07-17T23:35:33.764+0530] {processor.py:186} INFO - Started process (PID=98966) to work on /Users/bhavishyachallagolla/Desktop/RetailSense/.venv/lib/python3.12/site-packages/airflow/example_dags/example_xcomargs.py
[2026-07-17T23:35:33.765+0530] {processor.py:914} INFO - Processing file /Users/bhavishyachallagolla/Desktop/RetailSense/.venv/lib/python3.12/site-packages/airflow/example_dags/example_xcomargs.py for tasks to queue
[2026-07-17T23:35:33.765+0530] {logging_mixin.py:190} INFO - [2026-07-17T23:35:33.765+0530] {dagbag.py:588} INFO - Filling up the DagBag from /Users/bhavishyachallagolla/Desktop/RetailSense/.venv/lib/python3.12/site-packages/airflow/example_dags/example_xcomargs.py
[2026-07-17T23:35:33.777+0530] {processor.py:925} INFO - DAG(s) 'example_xcom_args_with_operators', 'example_xcom_args' retrieved from /Users/bhavishyachallagolla/Desktop/RetailSense/.venv/lib/python3.12/site-packages/airflow/example_dags/example_xcomargs.py
[2026-07-17T23:35:33.802+0530] {logging_mixin.py:190} INFO - [2026-07-17T23:35:33.802+0530] {dag.py:3239} INFO - Sync 2 DAGs
[2026-07-17T23:35:33.805+0530] {logging_mixin.py:190} INFO - [2026-07-17T23:35:33.805+0530] {dag.py:4180} INFO - Setting next_dagrun for example_xcom_args to None, run_after=None
[2026-07-17T23:35:33.806+0530] {logging_mixin.py:190} INFO - [2026-07-17T23:35:33.806+0530] {dag.py:4180} INFO - Setting next_dagrun for example_xcom_args_with_operators to None, run_after=None
[2026-07-17T23:35:33.810+0530] {processor.py:208} INFO - Processing /Users/bhavishyachallagolla/Desktop/RetailSense/.venv/lib/python3.12/site-packages/airflow/example_dags/example_xcomargs.py took 0.047 seconds
[2026-07-17T23:36:24.886+0530] {processor.py:186} INFO - Started process (PID=99044) to work on /Users/bhavishyachallagolla/Desktop/RetailSense/.venv/lib/python3.12/site-packages/airflow/example_dags/example_xcomargs.py
[2026-07-17T23:36:24.886+0530] {processor.py:914} INFO - Processing file /Users/bhavishyachallagolla/Desktop/RetailSense/.venv/lib/python3.12/site-packages/airflow/example_dags/example_xcomargs.py for tasks to queue
[2026-07-17T23:36:24.887+0530] {logging_mixin.py:190} INFO - [2026-07-17T23:36:24.886+0530] {dagbag.py:588} INFO - Filling up the DagBag from /Users/bhavishyachallagolla/Desktop/RetailSense/.venv/lib/python3.12/site-packages/airflow/example_dags/example_xcomargs.py
[2026-07-17T23:36:24.898+0530] {processor.py:925} INFO - DAG(s) 'example_xcom_args', 'example_xcom_args_with_operators' retrieved from /Users/bhavishyachallagolla/Desktop/RetailSense/.venv/lib/python3.12/site-packages/airflow/example_dags/example_xcomargs.py
[2026-07-17T23:36:24.923+0530] {logging_mixin.py:190} INFO - [2026-07-17T23:36:24.923+0530] {dag.py:3239} INFO - Sync 2 DAGs
[2026-07-17T23:36:24.926+0530] {logging_mixin.py:190} INFO - [2026-07-17T23:36:24.926+0530] {dag.py:4180} INFO - Setting next_dagrun for example_xcom_args to None, run_after=None
[2026-07-17T23:36:24.927+0530] {logging_mixin.py:190} INFO - [2026-07-17T23:36:24.927+0530] {dag.py:4180} INFO - Setting next_dagrun for example_xcom_args_with_operators to None, run_after=None
[2026-07-17T23:36:24.931+0530] {processor.py:208} INFO - Processing /Users/bhavishyachallagolla/Desktop/RetailSense/.venv/lib/python3.12/site-packages/airflow/example_dags/example_xcomargs.py took 0.046 seconds
[2026-07-17T23:37:15.304+0530] {processor.py:186} INFO - Started process (PID=99119) to work on /Users/bhavishyachallagolla/Desktop/RetailSense/.venv/lib/python3.12/site-packages/airflow/example_dags/example_xcomargs.py
[2026-07-17T23:37:15.305+0530] {processor.py:914} INFO - Processing file /Users/bhavishyachallagolla/Desktop/RetailSense/.venv/lib/python3.12/site-packages/airflow/example_dags/example_xcomargs.py for tasks to queue
[2026-07-17T23:37:15.305+0530] {logging_mixin.py:190} INFO - [2026-07-17T23:37:15.305+0530] {dagbag.py:588} INFO - Filling up the DagBag from /Users/bhavishyachallagolla/Desktop/RetailSense/.venv/lib/python3.12/site-packages/airflow/example_dags/example_xcomargs.py
[2026-07-17T23:37:15.317+0530] {processor.py:925} INFO - DAG(s) 'example_xcom_args_with_operators', 'example_xcom_args' retrieved from /Users/bhavishyachallagolla/Desktop/RetailSense/.venv/lib/python3.12/site-packages/airflow/example_dags/example_xcomargs.py
[2026-07-17T23:37:15.342+0530] {logging_mixin.py:190} INFO - [2026-07-17T23:37:15.342+0530] {dag.py:3239} INFO - Sync 2 DAGs
[2026-07-17T23:37:15.345+0530] {logging_mixin.py:190} INFO - [2026-07-17T23:37:15.345+0530] {dag.py:4180} INFO - Setting next_dagrun for example_xcom_args to None, run_after=None
[2026-07-17T23:37:15.346+0530] {logging_mixin.py:190} INFO - [2026-07-17T23:37:15.346+0530] {dag.py:4180} INFO - Setting next_dagrun for example_xcom_args_with_operators to None, run_after=None
[2026-07-17T23:37:15.350+0530] {processor.py:208} INFO - Processing /Users/bhavishyachallagolla/Desktop/RetailSense/.venv/lib/python3.12/site-packages/airflow/example_dags/example_xcomargs.py took 0.047 seconds
[2026-07-17T23:38:05.668+0530] {processor.py:186} INFO - Started process (PID=99196) to work on /Users/bhavishyachallagolla/Desktop/RetailSense/.venv/lib/python3.12/site-packages/airflow/example_dags/example_xcomargs.py
[2026-07-17T23:38:05.669+0530] {processor.py:914} INFO - Processing file /Users/bhavishyachallagolla/Desktop/RetailSense/.venv/lib/python3.12/site-packages/airflow/example_dags/example_xcomargs.py for tasks to queue
[2026-07-17T23:38:05.669+0530] {logging_mixin.py:190} INFO - [2026-07-17T23:38:05.669+0530] {dagbag.py:588} INFO - Filling up the DagBag from /Users/bhavishyachallagolla/Desktop/RetailSense/.venv/lib/python3.12/site-packages/airflow/example_dags/example_xcomargs.py
[2026-07-17T23:38:05.681+0530] {processor.py:925} INFO - DAG(s) 'example_xcom_args_with_operators', 'example_xcom_args' retrieved from /Users/bhavishyachallagolla/Desktop/RetailSense/.venv/lib/python3.12/site-packages/airflow/example_dags/example_xcomargs.py
[2026-07-17T23:38:05.707+0530] {logging_mixin.py:190} INFO - [2026-07-17T23:38:05.707+0530] {dag.py:3239} INFO - Sync 2 DAGs
[2026-07-17T23:38:05.710+0530] {logging_mixin.py:190} INFO - [2026-07-17T23:38:05.710+0530] {dag.py:4180} INFO - Setting next_dagrun for example_xcom_args to None, run_after=None
[2026-07-17T23:38:05.711+0530] {logging_mixin.py:190} INFO - [2026-07-17T23:38:05.710+0530] {dag.py:4180} INFO - Setting next_dagrun for example_xcom_args_with_operators to None, run_after=None
[2026-07-17T23:38:05.715+0530] {processor.py:208} INFO - Processing /Users/bhavishyachallagolla/Desktop/RetailSense/.venv/lib/python3.12/site-packages/airflow/example_dags/example_xcomargs.py took 0.047 seconds
[2026-07-17T23:38:57.984+0530] {processor.py:186} INFO - Started process (PID=99281) to work on /Users/bhavishyachallagolla/Desktop/RetailSense/.venv/lib/python3.12/site-packages/airflow/example_dags/example_xcomargs.py
[2026-07-17T23:38:57.984+0530] {processor.py:914} INFO - Processing file /Users/bhavishyachallagolla/Desktop/RetailSense/.venv/lib/python3.12/site-packages/airflow/example_dags/example_xcomargs.py for tasks to queue
[2026-07-17T23:38:57.985+0530] {logging_mixin.py:190} INFO - [2026-07-17T23:38:57.984+0530] {dagbag.py:588} INFO - Filling up the DagBag from /Users/bhavishyachallagolla/Desktop/RetailSense/.venv/lib/python3.12/site-packages/airflow/example_dags/example_xcomargs.py
[2026-07-17T23:38:57.996+0530] {processor.py:925} INFO - DAG(s) 'example_xcom_args', 'example_xcom_args_with_operators' retrieved from /Users/bhavishyachallagolla/Desktop/RetailSense/.venv/lib/python3.12/site-packages/airflow/example_dags/example_xcomargs.py
[2026-07-17T23:38:58.021+0530] {logging_mixin.py:190} INFO - [2026-07-17T23:38:58.021+0530] {dag.py:3239} INFO - Sync 2 DAGs
[2026-07-17T23:38:58.024+0530] {logging_mixin.py:190} INFO - [2026-07-17T23:38:58.024+0530] {dag.py:4180} INFO - Setting next_dagrun for example_xcom_args to None, run_after=None
[2026-07-17T23:38:58.024+0530] {logging_mixin.py:190} INFO - [2026-07-17T23:38:58.024+0530] {dag.py:4180} INFO - Setting next_dagrun for example_xcom_args_with_operators to None, run_after=None
[2026-07-17T23:38:58.029+0530] {processor.py:208} INFO - Processing /Users/bhavishyachallagolla/Desktop/RetailSense/.venv/lib/python3.12/site-packages/airflow/example_dags/example_xcomargs.py took 0.046 seconds
[2026-07-17T23:39:48.354+0530] {processor.py:186} INFO - Started process (PID=99356) to work on /Users/bhavishyachallagolla/Desktop/RetailSense/.venv/lib/python3.12/site-packages/airflow/example_dags/example_xcomargs.py
[2026-07-17T23:39:48.354+0530] {processor.py:914} INFO - Processing file /Users/bhavishyachallagolla/Desktop/RetailSense/.venv/lib/python3.12/site-packages/airflow/example_dags/example_xcomargs.py for tasks to queue
[2026-07-17T23:39:48.355+0530] {logging_mixin.py:190} INFO - [2026-07-17T23:39:48.355+0530] {dagbag.py:588} INFO - Filling up the DagBag from /Users/bhavishyachallagolla/Desktop/RetailSense/.venv/lib/python3.12/site-packages/airflow/example_dags/example_xcomargs.py
[2026-07-17T23:39:48.367+0530] {processor.py:925} INFO - DAG(s) 'example_xcom_args_with_operators', 'example_xcom_args' retrieved from /Users/bhavishyachallagolla/Desktop/RetailSense/.venv/lib/python3.12/site-packages/airflow/example_dags/example_xcomargs.py
[2026-07-17T23:39:48.392+0530] {logging_mixin.py:190} INFO - [2026-07-17T23:39:48.392+0530] {dag.py:3239} INFO - Sync 2 DAGs
[2026-07-17T23:39:48.395+0530] {logging_mixin.py:190} INFO - [2026-07-17T23:39:48.395+0530] {dag.py:4180} INFO - Setting next_dagrun for example_xcom_args to None, run_after=None
[2026-07-17T23:39:48.396+0530] {logging_mixin.py:190} INFO - [2026-07-17T23:39:48.396+0530] {dag.py:4180} INFO - Setting next_dagrun for example_xcom_args_with_operators to None, run_after=None
[2026-07-17T23:39:48.400+0530] {processor.py:208} INFO - Processing /Users/bhavishyachallagolla/Desktop/RetailSense/.venv/lib/python3.12/site-packages/airflow/example_dags/example_xcomargs.py took 0.047 seconds
[2026-07-17T23:40:38.344+0530] {processor.py:186} INFO - Started process (PID=99435) to work on /Users/bhavishyachallagolla/Desktop/RetailSense/.venv/lib/python3.12/site-packages/airflow/example_dags/example_xcomargs.py
[2026-07-17T23:40:38.345+0530] {processor.py:914} INFO - Processing file /Users/bhavishyachallagolla/Desktop/RetailSense/.venv/lib/python3.12/site-packages/airflow/example_dags/example_xcomargs.py for tasks to queue
[2026-07-17T23:40:38.345+0530] {logging_mixin.py:190} INFO - [2026-07-17T23:40:38.345+0530] {dagbag.py:588} INFO - Filling up the DagBag from /Users/bhavishyachallagolla/Desktop/RetailSense/.venv/lib/python3.12/site-packages/airflow/example_dags/example_xcomargs.py
[2026-07-17T23:40:38.357+0530] {processor.py:925} INFO - DAG(s) 'example_xcom_args_with_operators', 'example_xcom_args' retrieved from /Users/bhavishyachallagolla/Desktop/RetailSense/.venv/lib/python3.12/site-packages/airflow/example_dags/example_xcomargs.py
[2026-07-17T23:40:38.383+0530] {logging_mixin.py:190} INFO - [2026-07-17T23:40:38.382+0530] {dag.py:3239} INFO - Sync 2 DAGs
[2026-07-17T23:40:38.385+0530] {logging_mixin.py:190} INFO - [2026-07-17T23:40:38.385+0530] {dag.py:4180} INFO - Setting next_dagrun for example_xcom_args to None, run_after=None
[2026-07-17T23:40:38.386+0530] {logging_mixin.py:190} INFO - [2026-07-17T23:40:38.386+0530] {dag.py:4180} INFO - Setting next_dagrun for example_xcom_args_with_operators to None, run_after=None
[2026-07-17T23:40:38.390+0530] {processor.py:208} INFO - Processing /Users/bhavishyachallagolla/Desktop/RetailSense/.venv/lib/python3.12/site-packages/airflow/example_dags/example_xcomargs.py took 0.048 seconds
[2026-07-17T23:41:30.571+0530] {processor.py:186} INFO - Started process (PID=99512) to work on /Users/bhavishyachallagolla/Desktop/RetailSense/.venv/lib/python3.12/site-packages/airflow/example_dags/example_xcomargs.py
[2026-07-17T23:41:30.572+0530] {processor.py:914} INFO - Processing file /Users/bhavishyachallagolla/Desktop/RetailSense/.venv/lib/python3.12/site-packages/airflow/example_dags/example_xcomargs.py for tasks to queue
[2026-07-17T23:41:30.572+0530] {logging_mixin.py:190} INFO - [2026-07-17T23:41:30.572+0530] {dagbag.py:588} INFO - Filling up the DagBag from /Users/bhavishyachallagolla/Desktop/RetailSense/.venv/lib/python3.12/site-packages/airflow/example_dags/example_xcomargs.py
[2026-07-17T23:41:30.585+0530] {processor.py:925} INFO - DAG(s) 'example_xcom_args', 'example_xcom_args_with_operators' retrieved from /Users/bhavishyachallagolla/Desktop/RetailSense/.venv/lib/python3.12/site-packages/airflow/example_dags/example_xcomargs.py
[2026-07-17T23:41:30.611+0530] {logging_mixin.py:190} INFO - [2026-07-17T23:41:30.610+0530] {dag.py:3239} INFO - Sync 2 DAGs
[2026-07-17T23:41:30.613+0530] {logging_mixin.py:190} INFO - [2026-07-17T23:41:30.613+0530] {dag.py:4180} INFO - Setting next_dagrun for example_xcom_args to None, run_after=None
[2026-07-17T23:41:30.614+0530] {logging_mixin.py:190} INFO - [2026-07-17T23:41:30.614+0530] {dag.py:4180} INFO - Setting next_dagrun for example_xcom_args_with_operators to None, run_after=None
[2026-07-17T23:41:30.618+0530] {processor.py:208} INFO - Processing /Users/bhavishyachallagolla/Desktop/RetailSense/.venv/lib/python3.12/site-packages/airflow/example_dags/example_xcomargs.py took 0.049 seconds
[2026-07-17T23:42:22.659+0530] {processor.py:186} INFO - Started process (PID=99596) to work on /Users/bhavishyachallagolla/Desktop/RetailSense/.venv/lib/python3.12/site-packages/airflow/example_dags/example_xcomargs.py
[2026-07-17T23:42:22.659+0530] {processor.py:914} INFO - Processing file /Users/bhavishyachallagolla/Desktop/RetailSense/.venv/lib/python3.12/site-packages/airflow/example_dags/example_xcomargs.py for tasks to queue
[2026-07-17T23:42:22.659+0530] {logging_mixin.py:190} INFO - [2026-07-17T23:42:22.659+0530] {dagbag.py:588} INFO - Filling up the DagBag from /Users/bhavishyachallagolla/Desktop/RetailSense/.venv/lib/python3.12/site-packages/airflow/example_dags/example_xcomargs.py
[2026-07-17T23:42:22.671+0530] {processor.py:925} INFO - DAG(s) 'example_xcom_args_with_operators', 'example_xcom_args' retrieved from /Users/bhavishyachallagolla/Desktop/RetailSense/.venv/lib/python3.12/site-packages/airflow/example_dags/example_xcomargs.py
[2026-07-17T23:42:22.696+0530] {logging_mixin.py:190} INFO - [2026-07-17T23:42:22.696+0530] {dag.py:3239} INFO - Sync 2 DAGs
[2026-07-17T23:42:22.699+0530] {logging_mixin.py:190} INFO - [2026-07-17T23:42:22.699+0530] {dag.py:4180} INFO - Setting next_dagrun for example_xcom_args to None, run_after=None
[2026-07-17T23:42:22.699+0530] {logging_mixin.py:190} INFO - [2026-07-17T23:42:22.699+0530] {dag.py:4180} INFO - Setting next_dagrun for example_xcom_args_with_operators to None, run_after=None
[2026-07-17T23:42:22.704+0530] {processor.py:208} INFO - Processing /Users/bhavishyachallagolla/Desktop/RetailSense/.venv/lib/python3.12/site-packages/airflow/example_dags/example_xcomargs.py took 0.046 seconds
[2026-07-17T23:43:12.387+0530] {processor.py:186} INFO - Started process (PID=99670) to work on /Users/bhavishyachallagolla/Desktop/RetailSense/.venv/lib/python3.12/site-packages/airflow/example_dags/example_xcomargs.py
[2026-07-17T23:43:12.388+0530] {processor.py:914} INFO - Processing file /Users/bhavishyachallagolla/Desktop/RetailSense/.venv/lib/python3.12/site-packages/airflow/example_dags/example_xcomargs.py for tasks to queue
[2026-07-17T23:43:12.388+0530] {logging_mixin.py:190} INFO - [2026-07-17T23:43:12.388+0530] {dagbag.py:588} INFO - Filling up the DagBag from /Users/bhavishyachallagolla/Desktop/RetailSense/.venv/lib/python3.12/site-packages/airflow/example_dags/example_xcomargs.py
[2026-07-17T23:43:12.400+0530] {processor.py:925} INFO - DAG(s) 'example_xcom_args_with_operators', 'example_xcom_args' retrieved from /Users/bhavishyachallagolla/Desktop/RetailSense/.venv/lib/python3.12/site-packages/airflow/example_dags/example_xcomargs.py
[2026-07-17T23:43:12.425+0530] {logging_mixin.py:190} INFO - [2026-07-17T23:43:12.424+0530] {dag.py:3239} INFO - Sync 2 DAGs
[2026-07-17T23:43:12.427+0530] {logging_mixin.py:190} INFO - [2026-07-17T23:43:12.427+0530] {dag.py:4180} INFO - Setting next_dagrun for example_xcom_args to None, run_after=None
[2026-07-17T23:43:12.428+0530] {logging_mixin.py:190} INFO - [2026-07-17T23:43:12.428+0530] {dag.py:4180} INFO - Setting next_dagrun for example_xcom_args_with_operators to None, run_after=None
[2026-07-17T23:43:12.432+0530] {processor.py:208} INFO - Processing /Users/bhavishyachallagolla/Desktop/RetailSense/.venv/lib/python3.12/site-packages/airflow/example_dags/example_xcomargs.py took 0.046 seconds
[2026-07-17T23:44:02.984+0530] {processor.py:186} INFO - Started process (PID=99747) to work on /Users/bhavishyachallagolla/Desktop/RetailSense/.venv/lib/python3.12/site-packages/airflow/example_dags/example_xcomargs.py
[2026-07-17T23:44:02.985+0530] {processor.py:914} INFO - Processing file /Users/bhavishyachallagolla/Desktop/RetailSense/.venv/lib/python3.12/site-packages/airflow/example_dags/example_xcomargs.py for tasks to queue
[2026-07-17T23:44:02.985+0530] {logging_mixin.py:190} INFO - [2026-07-17T23:44:02.985+0530] {dagbag.py:588} INFO - Filling up the DagBag from /Users/bhavishyachallagolla/Desktop/RetailSense/.venv/lib/python3.12/site-packages/airflow/example_dags/example_xcomargs.py
[2026-07-17T23:44:02.998+0530] {processor.py:925} INFO - DAG(s) 'example_xcom_args_with_operators', 'example_xcom_args' retrieved from /Users/bhavishyachallagolla/Desktop/RetailSense/.venv/lib/python3.12/site-packages/airflow/example_dags/example_xcomargs.py
[2026-07-17T23:44:03.023+0530] {logging_mixin.py:190} INFO - [2026-07-17T23:44:03.023+0530] {dag.py:3239} INFO - Sync 2 DAGs
[2026-07-17T23:44:03.026+0530] {logging_mixin.py:190} INFO - [2026-07-17T23:44:03.026+0530] {dag.py:4180} INFO - Setting next_dagrun for example_xcom_args to None, run_after=None
[2026-07-17T23:44:03.027+0530] {logging_mixin.py:190} INFO - [2026-07-17T23:44:03.027+0530] {dag.py:4180} INFO - Setting next_dagrun for example_xcom_args_with_operators to None, run_after=None
[2026-07-17T23:44:03.031+0530] {processor.py:208} INFO - Processing /Users/bhavishyachallagolla/Desktop/RetailSense/.venv/lib/python3.12/site-packages/airflow/example_dags/example_xcomargs.py took 0.048 seconds
[2026-07-17T23:44:54.674+0530] {processor.py:186} INFO - Started process (PID=99824) to work on /Users/bhavishyachallagolla/Desktop/RetailSense/.venv/lib/python3.12/site-packages/airflow/example_dags/example_xcomargs.py
[2026-07-17T23:44:54.674+0530] {processor.py:914} INFO - Processing file /Users/bhavishyachallagolla/Desktop/RetailSense/.venv/lib/python3.12/site-packages/airflow/example_dags/example_xcomargs.py for tasks to queue
[2026-07-17T23:44:54.674+0530] {logging_mixin.py:190} INFO - [2026-07-17T23:44:54.674+0530] {dagbag.py:588} INFO - Filling up the DagBag from /Users/bhavishyachallagolla/Desktop/RetailSense/.venv/lib/python3.12/site-packages/airflow/example_dags/example_xcomargs.py
[2026-07-17T23:44:54.687+0530] {processor.py:925} INFO - DAG(s) 'example_xcom_args', 'example_xcom_args_with_operators' retrieved from /Users/bhavishyachallagolla/Desktop/RetailSense/.venv/lib/python3.12/site-packages/airflow/example_dags/example_xcomargs.py
[2026-07-17T23:44:54.713+0530] {logging_mixin.py:190} INFO - [2026-07-17T23:44:54.713+0530] {dag.py:3239} INFO - Sync 2 DAGs
[2026-07-17T23:44:54.716+0530] {logging_mixin.py:190} INFO - [2026-07-17T23:44:54.716+0530] {dag.py:4180} INFO - Setting next_dagrun for example_xcom_args to None, run_after=None
[2026-07-17T23:44:54.717+0530] {logging_mixin.py:190} INFO - [2026-07-17T23:44:54.717+0530] {dag.py:4180} INFO - Setting next_dagrun for example_xcom_args_with_operators to None, run_after=None
[2026-07-17T23:44:54.721+0530] {processor.py:208} INFO - Processing /Users/bhavishyachallagolla/Desktop/RetailSense/.venv/lib/python3.12/site-packages/airflow/example_dags/example_xcomargs.py took 0.049 seconds
[2026-07-17T23:45:46.048+0530] {processor.py:186} INFO - Started process (PID=99903) to work on /Users/bhavishyachallagolla/Desktop/RetailSense/.venv/lib/python3.12/site-packages/airflow/example_dags/example_xcomargs.py
[2026-07-17T23:45:46.048+0530] {processor.py:914} INFO - Processing file /Users/bhavishyachallagolla/Desktop/RetailSense/.venv/lib/python3.12/site-packages/airflow/example_dags/example_xcomargs.py for tasks to queue
[2026-07-17T23:45:46.048+0530] {logging_mixin.py:190} INFO - [2026-07-17T23:45:46.048+0530] {dagbag.py:588} INFO - Filling up the DagBag from /Users/bhavishyachallagolla/Desktop/RetailSense/.venv/lib/python3.12/site-packages/airflow/example_dags/example_xcomargs.py
[2026-07-17T23:45:46.060+0530] {processor.py:925} INFO - DAG(s) 'example_xcom_args_with_operators', 'example_xcom_args' retrieved from /Users/bhavishyachallagolla/Desktop/RetailSense/.venv/lib/python3.12/site-packages/airflow/example_dags/example_xcomargs.py
[2026-07-17T23:45:46.085+0530] {logging_mixin.py:190} INFO - [2026-07-17T23:45:46.085+0530] {dag.py:3239} INFO - Sync 2 DAGs
[2026-07-17T23:45:46.087+0530] {logging_mixin.py:190} INFO - [2026-07-17T23:45:46.087+0530] {dag.py:4180} INFO - Setting next_dagrun for example_xcom_args to None, run_after=None
[2026-07-17T23:45:46.088+0530] {logging_mixin.py:190} INFO - [2026-07-17T23:45:46.088+0530] {dag.py:4180} INFO - Setting next_dagrun for example_xcom_args_with_operators to None, run_after=None
[2026-07-17T23:45:46.092+0530] {processor.py:208} INFO - Processing /Users/bhavishyachallagolla/Desktop/RetailSense/.venv/lib/python3.12/site-packages/airflow/example_dags/example_xcomargs.py took 0.046 seconds
[2026-07-17T23:46:38.815+0530] {processor.py:186} INFO - Started process (PID=99986) to work on /Users/bhavishyachallagolla/Desktop/RetailSense/.venv/lib/python3.12/site-packages/airflow/example_dags/example_xcomargs.py
[2026-07-17T23:46:38.815+0530] {processor.py:914} INFO - Processing file /Users/bhavishyachallagolla/Desktop/RetailSense/.venv/lib/python3.12/site-packages/airflow/example_dags/example_xcomargs.py for tasks to queue
[2026-07-17T23:46:38.816+0530] {logging_mixin.py:190} INFO - [2026-07-17T23:46:38.816+0530] {dagbag.py:588} INFO - Filling up the DagBag from /Users/bhavishyachallagolla/Desktop/RetailSense/.venv/lib/python3.12/site-packages/airflow/example_dags/example_xcomargs.py
[2026-07-17T23:46:38.828+0530] {processor.py:925} INFO - DAG(s) 'example_xcom_args', 'example_xcom_args_with_operators' retrieved from /Users/bhavishyachallagolla/Desktop/RetailSense/.venv/lib/python3.12/site-packages/airflow/example_dags/example_xcomargs.py
[2026-07-17T23:46:38.852+0530] {logging_mixin.py:190} INFO - [2026-07-17T23:46:38.852+0530] {dag.py:3239} INFO - Sync 2 DAGs
[2026-07-17T23:46:38.855+0530] {logging_mixin.py:190} INFO - [2026-07-17T23:46:38.855+0530] {dag.py:4180} INFO - Setting next_dagrun for example_xcom_args to None, run_after=None
[2026-07-17T23:46:38.856+0530] {logging_mixin.py:190} INFO - [2026-07-17T23:46:38.856+0530] {dag.py:4180} INFO - Setting next_dagrun for example_xcom_args_with_operators to None, run_after=None
[2026-07-17T23:46:38.860+0530] {processor.py:208} INFO - Processing /Users/bhavishyachallagolla/Desktop/RetailSense/.venv/lib/python3.12/site-packages/airflow/example_dags/example_xcomargs.py took 0.046 seconds
[2026-07-17T23:47:30.084+0530] {processor.py:186} INFO - Started process (PID=161) to work on /Users/bhavishyachallagolla/Desktop/RetailSense/.venv/lib/python3.12/site-packages/airflow/example_dags/example_xcomargs.py
[2026-07-17T23:47:30.086+0530] {processor.py:914} INFO - Processing file /Users/bhavishyachallagolla/Desktop/RetailSense/.venv/lib/python3.12/site-packages/airflow/example_dags/example_xcomargs.py for tasks to queue
[2026-07-17T23:47:30.086+0530] {logging_mixin.py:190} INFO - [2026-07-17T23:47:30.086+0530] {dagbag.py:588} INFO - Filling up the DagBag from /Users/bhavishyachallagolla/Desktop/RetailSense/.venv/lib/python3.12/site-packages/airflow/example_dags/example_xcomargs.py
[2026-07-17T23:47:30.098+0530] {processor.py:925} INFO - DAG(s) 'example_xcom_args_with_operators', 'example_xcom_args' retrieved from /Users/bhavishyachallagolla/Desktop/RetailSense/.venv/lib/python3.12/site-packages/airflow/example_dags/example_xcomargs.py
[2026-07-17T23:47:30.124+0530] {logging_mixin.py:190} INFO - [2026-07-17T23:47:30.123+0530] {dag.py:3239} INFO - Sync 2 DAGs
[2026-07-17T23:47:30.126+0530] {logging_mixin.py:190} INFO - [2026-07-17T23:47:30.126+0530] {dag.py:4180} INFO - Setting next_dagrun for example_xcom_args to None, run_after=None
[2026-07-17T23:47:30.127+0530] {logging_mixin.py:190} INFO - [2026-07-17T23:47:30.127+0530] {dag.py:4180} INFO - Setting next_dagrun for example_xcom_args_with_operators to None, run_after=None
[2026-07-17T23:47:30.131+0530] {processor.py:208} INFO - Processing /Users/bhavishyachallagolla/Desktop/RetailSense/.venv/lib/python3.12/site-packages/airflow/example_dags/example_xcomargs.py took 0.048 seconds
[2026-07-17T23:48:38.401+0530] {processor.py:186} INFO - Started process (PID=269) to work on /Users/bhavishyachallagolla/Desktop/RetailSense/.venv/lib/python3.12/site-packages/airflow/example_dags/example_xcomargs.py
[2026-07-17T23:48:38.402+0530] {processor.py:914} INFO - Processing file /Users/bhavishyachallagolla/Desktop/RetailSense/.venv/lib/python3.12/site-packages/airflow/example_dags/example_xcomargs.py for tasks to queue
[2026-07-17T23:48:38.402+0530] {logging_mixin.py:190} INFO - [2026-07-17T23:48:38.402+0530] {dagbag.py:588} INFO - Filling up the DagBag from /Users/bhavishyachallagolla/Desktop/RetailSense/.venv/lib/python3.12/site-packages/airflow/example_dags/example_xcomargs.py
[2026-07-17T23:48:38.415+0530] {processor.py:925} INFO - DAG(s) 'example_xcom_args_with_operators', 'example_xcom_args' retrieved from /Users/bhavishyachallagolla/Desktop/RetailSense/.venv/lib/python3.12/site-packages/airflow/example_dags/example_xcomargs.py
[2026-07-17T23:48:38.439+0530] {logging_mixin.py:190} INFO - [2026-07-17T23:48:38.439+0530] {dag.py:3239} INFO - Sync 2 DAGs
[2026-07-17T23:48:38.442+0530] {logging_mixin.py:190} INFO - [2026-07-17T23:48:38.442+0530] {dag.py:4180} INFO - Setting next_dagrun for example_xcom_args to None, run_after=None
[2026-07-17T23:48:38.443+0530] {logging_mixin.py:190} INFO - [2026-07-17T23:48:38.443+0530] {dag.py:4180} INFO - Setting next_dagrun for example_xcom_args_with_operators to None, run_after=None
[2026-07-17T23:48:38.447+0530] {processor.py:208} INFO - Processing /Users/bhavishyachallagolla/Desktop/RetailSense/.venv/lib/python3.12/site-packages/airflow/example_dags/example_xcomargs.py took 0.048 seconds
[2026-07-17T23:49:31.258+0530] {processor.py:186} INFO - Started process (PID=377) to work on /Users/bhavishyachallagolla/Desktop/RetailSense/.venv/lib/python3.12/site-packages/airflow/example_dags/example_xcomargs.py
[2026-07-17T23:49:31.258+0530] {processor.py:914} INFO - Processing file /Users/bhavishyachallagolla/Desktop/RetailSense/.venv/lib/python3.12/site-packages/airflow/example_dags/example_xcomargs.py for tasks to queue
[2026-07-17T23:49:31.258+0530] {logging_mixin.py:190} INFO - [2026-07-17T23:49:31.258+0530] {dagbag.py:588} INFO - Filling up the DagBag from /Users/bhavishyachallagolla/Desktop/RetailSense/.venv/lib/python3.12/site-packages/airflow/example_dags/example_xcomargs.py
[2026-07-17T23:49:31.271+0530] {processor.py:925} INFO - DAG(s) 'example_xcom_args', 'example_xcom_args_with_operators' retrieved from /Users/bhavishyachallagolla/Desktop/RetailSense/.venv/lib/python3.12/site-packages/airflow/example_dags/example_xcomargs.py
[2026-07-17T23:49:31.296+0530] {logging_mixin.py:190} INFO - [2026-07-17T23:49:31.296+0530] {dag.py:3239} INFO - Sync 2 DAGs
[2026-07-17T23:49:31.299+0530] {logging_mixin.py:190} INFO - [2026-07-17T23:49:31.299+0530] {dag.py:4180} INFO - Setting next_dagrun for example_xcom_args to None, run_after=None
[2026-07-17T23:49:31.301+0530] {logging_mixin.py:190} INFO - [2026-07-17T23:49:31.301+0530] {dag.py:4180} INFO - Setting next_dagrun for example_xcom_args_with_operators to None, run_after=None
[2026-07-17T23:49:31.305+0530] {processor.py:208} INFO - Processing /Users/bhavishyachallagolla/Desktop/RetailSense/.venv/lib/python3.12/site-packages/airflow/example_dags/example_xcomargs.py took 0.048 seconds
[2026-07-17T23:50:23.285+0530] {processor.py:186} INFO - Started process (PID=486) to work on /Users/bhavishyachallagolla/Desktop/RetailSense/.venv/lib/python3.12/site-packages/airflow/example_dags/example_xcomargs.py
[2026-07-17T23:50:23.286+0530] {processor.py:914} INFO - Processing file /Users/bhavishyachallagolla/Desktop/RetailSense/.venv/lib/python3.12/site-packages/airflow/example_dags/example_xcomargs.py for tasks to queue
[2026-07-17T23:50:23.286+0530] {logging_mixin.py:190} INFO - [2026-07-17T23:50:23.286+0530] {dagbag.py:588} INFO - Filling up the DagBag from /Users/bhavishyachallagolla/Desktop/RetailSense/.venv/lib/python3.12/site-packages/airflow/example_dags/example_xcomargs.py
[2026-07-17T23:50:23.299+0530] {processor.py:925} INFO - DAG(s) 'example_xcom_args_with_operators', 'example_xcom_args' retrieved from /Users/bhavishyachallagolla/Desktop/RetailSense/.venv/lib/python3.12/site-packages/airflow/example_dags/example_xcomargs.py
[2026-07-17T23:50:23.324+0530] {logging_mixin.py:190} INFO - [2026-07-17T23:50:23.324+0530] {dag.py:3239} INFO - Sync 2 DAGs
[2026-07-17T23:50:23.327+0530] {logging_mixin.py:190} INFO - [2026-07-17T23:50:23.327+0530] {dag.py:4180} INFO - Setting next_dagrun for example_xcom_args to None, run_after=None
[2026-07-17T23:50:23.328+0530] {logging_mixin.py:190} INFO - [2026-07-17T23:50:23.328+0530] {dag.py:4180} INFO - Setting next_dagrun for example_xcom_args_with_operators to None, run_after=None
[2026-07-17T23:50:23.332+0530] {processor.py:208} INFO - Processing /Users/bhavishyachallagolla/Desktop/RetailSense/.venv/lib/python3.12/site-packages/airflow/example_dags/example_xcomargs.py took 0.048 seconds
[2026-07-17T23:51:15.597+0530] {processor.py:186} INFO - Started process (PID=597) to work on /Users/bhavishyachallagolla/Desktop/RetailSense/.venv/lib/python3.12/site-packages/airflow/example_dags/example_xcomargs.py
[2026-07-17T23:51:15.597+0530] {processor.py:914} INFO - Processing file /Users/bhavishyachallagolla/Desktop/RetailSense/.venv/lib/python3.12/site-packages/airflow/example_dags/example_xcomargs.py for tasks to queue
[2026-07-17T23:51:15.598+0530] {logging_mixin.py:190} INFO - [2026-07-17T23:51:15.598+0530] {dagbag.py:588} INFO - Filling up the DagBag from /Users/bhavishyachallagolla/Desktop/RetailSense/.venv/lib/python3.12/site-packages/airflow/example_dags/example_xcomargs.py
[2026-07-17T23:51:15.610+0530] {processor.py:925} INFO - DAG(s) 'example_xcom_args', 'example_xcom_args_with_operators' retrieved from /Users/bhavishyachallagolla/Desktop/RetailSense/.venv/lib/python3.12/site-packages/airflow/example_dags/example_xcomargs.py
[2026-07-17T23:51:15.635+0530] {logging_mixin.py:190} INFO - [2026-07-17T23:51:15.634+0530] {dag.py:3239} INFO - Sync 2 DAGs
[2026-07-17T23:51:15.637+0530] {logging_mixin.py:190} INFO - [2026-07-17T23:51:15.637+0530] {dag.py:4180} INFO - Setting next_dagrun for example_xcom_args to None, run_after=None
[2026-07-17T23:51:15.638+0530] {logging_mixin.py:190} INFO - [2026-07-17T23:51:15.638+0530] {dag.py:4180} INFO - Setting next_dagrun for example_xcom_args_with_operators to None, run_after=None
[2026-07-17T23:51:15.642+0530] {processor.py:208} INFO - Processing /Users/bhavishyachallagolla/Desktop/RetailSense/.venv/lib/python3.12/site-packages/airflow/example_dags/example_xcomargs.py took 0.046 seconds
[2026-07-17T23:52:06.733+0530] {processor.py:186} INFO - Started process (PID=733) to work on /Users/bhavishyachallagolla/Desktop/RetailSense/.venv/lib/python3.12/site-packages/airflow/example_dags/example_xcomargs.py
[2026-07-17T23:52:06.734+0530] {processor.py:914} INFO - Processing file /Users/bhavishyachallagolla/Desktop/RetailSense/.venv/lib/python3.12/site-packages/airflow/example_dags/example_xcomargs.py for tasks to queue
[2026-07-17T23:52:06.734+0530] {logging_mixin.py:190} INFO - [2026-07-17T23:52:06.734+0530] {dagbag.py:588} INFO - Filling up the DagBag from /Users/bhavishyachallagolla/Desktop/RetailSense/.venv/lib/python3.12/site-packages/airflow/example_dags/example_xcomargs.py
[2026-07-17T23:52:06.746+0530] {processor.py:925} INFO - DAG(s) 'example_xcom_args', 'example_xcom_args_with_operators' retrieved from /Users/bhavishyachallagolla/Desktop/RetailSense/.venv/lib/python3.12/site-packages/airflow/example_dags/example_xcomargs.py
[2026-07-17T23:52:06.770+0530] {logging_mixin.py:190} INFO - [2026-07-17T23:52:06.770+0530] {dag.py:3239} INFO - Sync 2 DAGs
[2026-07-17T23:52:06.773+0530] {logging_mixin.py:190} INFO - [2026-07-17T23:52:06.773+0530] {dag.py:4180} INFO - Setting next_dagrun for example_xcom_args to None, run_after=None
[2026-07-17T23:52:06.774+0530] {logging_mixin.py:190} INFO - [2026-07-17T23:52:06.774+0530] {dag.py:4180} INFO - Setting next_dagrun for example_xcom_args_with_operators to None, run_after=None
[2026-07-17T23:52:06.778+0530] {processor.py:208} INFO - Processing /Users/bhavishyachallagolla/Desktop/RetailSense/.venv/lib/python3.12/site-packages/airflow/example_dags/example_xcomargs.py took 0.046 seconds
[2026-07-17T23:52:56.830+0530] {processor.py:186} INFO - Started process (PID=840) to work on /Users/bhavishyachallagolla/Desktop/RetailSense/.venv/lib/python3.12/site-packages/airflow/example_dags/example_xcomargs.py
[2026-07-17T23:52:56.830+0530] {processor.py:914} INFO - Processing file /Users/bhavishyachallagolla/Desktop/RetailSense/.venv/lib/python3.12/site-packages/airflow/example_dags/example_xcomargs.py for tasks to queue
[2026-07-17T23:52:56.830+0530] {logging_mixin.py:190} INFO - [2026-07-17T23:52:56.830+0530] {dagbag.py:588} INFO - Filling up the DagBag from /Users/bhavishyachallagolla/Desktop/RetailSense/.venv/lib/python3.12/site-packages/airflow/example_dags/example_xcomargs.py
[2026-07-17T23:52:56.842+0530] {processor.py:925} INFO - DAG(s) 'example_xcom_args_with_operators', 'example_xcom_args' retrieved from /Users/bhavishyachallagolla/Desktop/RetailSense/.venv/lib/python3.12/site-packages/airflow/example_dags/example_xcomargs.py
[2026-07-17T23:52:56.867+0530] {logging_mixin.py:190} INFO - [2026-07-17T23:52:56.867+0530] {dag.py:3239} INFO - Sync 2 DAGs
[2026-07-17T23:52:56.869+0530] {logging_mixin.py:190} INFO - [2026-07-17T23:52:56.869+0530] {dag.py:4180} INFO - Setting next_dagrun for example_xcom_args to None, run_after=None
[2026-07-17T23:52:56.870+0530] {logging_mixin.py:190} INFO - [2026-07-17T23:52:56.870+0530] {dag.py:4180} INFO - Setting next_dagrun for example_xcom_args_with_operators to None, run_after=None
[2026-07-17T23:52:56.874+0530] {processor.py:208} INFO - Processing /Users/bhavishyachallagolla/Desktop/RetailSense/.venv/lib/python3.12/site-packages/airflow/example_dags/example_xcomargs.py took 0.046 seconds
[2026-07-17T23:53:56.532+0530] {processor.py:186} INFO - Started process (PID=959) to work on /Users/bhavishyachallagolla/Desktop/RetailSense/.venv/lib/python3.12/site-packages/airflow/example_dags/example_xcomargs.py
[2026-07-17T23:53:56.532+0530] {processor.py:914} INFO - Processing file /Users/bhavishyachallagolla/Desktop/RetailSense/.venv/lib/python3.12/site-packages/airflow/example_dags/example_xcomargs.py for tasks to queue
[2026-07-17T23:53:56.532+0530] {logging_mixin.py:190} INFO - [2026-07-17T23:53:56.532+0530] {dagbag.py:588} INFO - Filling up the DagBag from /Users/bhavishyachallagolla/Desktop/RetailSense/.venv/lib/python3.12/site-packages/airflow/example_dags/example_xcomargs.py
[2026-07-17T23:53:56.544+0530] {processor.py:925} INFO - DAG(s) 'example_xcom_args_with_operators', 'example_xcom_args' retrieved from /Users/bhavishyachallagolla/Desktop/RetailSense/.venv/lib/python3.12/site-packages/airflow/example_dags/example_xcomargs.py
[2026-07-17T23:53:56.569+0530] {logging_mixin.py:190} INFO - [2026-07-17T23:53:56.569+0530] {dag.py:3239} INFO - Sync 2 DAGs
[2026-07-17T23:53:56.571+0530] {logging_mixin.py:190} INFO - [2026-07-17T23:53:56.571+0530] {dag.py:4180} INFO - Setting next_dagrun for example_xcom_args to None, run_after=None
[2026-07-17T23:53:56.572+0530] {logging_mixin.py:190} INFO - [2026-07-17T23:53:56.572+0530] {dag.py:4180} INFO - Setting next_dagrun for example_xcom_args_with_operators to None, run_after=None
[2026-07-17T23:53:56.576+0530] {processor.py:208} INFO - Processing /Users/bhavishyachallagolla/Desktop/RetailSense/.venv/lib/python3.12/site-packages/airflow/example_dags/example_xcomargs.py took 0.046 seconds
[2026-07-17T23:54:56.880+0530] {processor.py:186} INFO - Started process (PID=1060) to work on /Users/bhavishyachallagolla/Desktop/RetailSense/.venv/lib/python3.12/site-packages/airflow/example_dags/example_xcomargs.py
[2026-07-17T23:54:56.880+0530] {processor.py:914} INFO - Processing file /Users/bhavishyachallagolla/Desktop/RetailSense/.venv/lib/python3.12/site-packages/airflow/example_dags/example_xcomargs.py for tasks to queue
[2026-07-17T23:54:56.881+0530] {logging_mixin.py:190} INFO - [2026-07-17T23:54:56.881+0530] {dagbag.py:588} INFO - Filling up the DagBag from /Users/bhavishyachallagolla/Desktop/RetailSense/.venv/lib/python3.12/site-packages/airflow/example_dags/example_xcomargs.py
[2026-07-17T23:54:56.893+0530] {processor.py:925} INFO - DAG(s) 'example_xcom_args_with_operators', 'example_xcom_args' retrieved from /Users/bhavishyachallagolla/Desktop/RetailSense/.venv/lib/python3.12/site-packages/airflow/example_dags/example_xcomargs.py
[2026-07-17T23:54:56.917+0530] {logging_mixin.py:190} INFO - [2026-07-17T23:54:56.917+0530] {dag.py:3239} INFO - Sync 2 DAGs
[2026-07-17T23:54:56.920+0530] {logging_mixin.py:190} INFO - [2026-07-17T23:54:56.920+0530] {dag.py:4180} INFO - Setting next_dagrun for example_xcom_args to None, run_after=None
[2026-07-17T23:54:56.921+0530] {logging_mixin.py:190} INFO - [2026-07-17T23:54:56.921+0530] {dag.py:4180} INFO - Setting next_dagrun for example_xcom_args_with_operators to None, run_after=None
[2026-07-17T23:54:56.925+0530] {processor.py:208} INFO - Processing /Users/bhavishyachallagolla/Desktop/RetailSense/.venv/lib/python3.12/site-packages/airflow/example_dags/example_xcomargs.py took 0.046 seconds
[2026-07-17T23:55:58.078+0530] {processor.py:186} INFO - Started process (PID=1164) to work on /Users/bhavishyachallagolla/Desktop/RetailSense/.venv/lib/python3.12/site-packages/airflow/example_dags/example_xcomargs.py
[2026-07-17T23:55:58.079+0530] {processor.py:914} INFO - Processing file /Users/bhavishyachallagolla/Desktop/RetailSense/.venv/lib/python3.12/site-packages/airflow/example_dags/example_xcomargs.py for tasks to queue
[2026-07-17T23:55:58.079+0530] {logging_mixin.py:190} INFO - [2026-07-17T23:55:58.079+0530] {dagbag.py:588} INFO - Filling up the DagBag from /Users/bhavishyachallagolla/Desktop/RetailSense/.venv/lib/python3.12/site-packages/airflow/example_dags/example_xcomargs.py
[2026-07-17T23:55:58.092+0530] {processor.py:925} INFO - DAG(s) 'example_xcom_args_with_operators', 'example_xcom_args' retrieved from /Users/bhavishyachallagolla/Desktop/RetailSense/.venv/lib/python3.12/site-packages/airflow/example_dags/example_xcomargs.py
[2026-07-17T23:55:58.118+0530] {logging_mixin.py:190} INFO - [2026-07-17T23:55:58.118+0530] {dag.py:3239} INFO - Sync 2 DAGs
[2026-07-17T23:55:58.121+0530] {logging_mixin.py:190} INFO - [2026-07-17T23:55:58.121+0530] {dag.py:4180} INFO - Setting next_dagrun for example_xcom_args to None, run_after=None
[2026-07-17T23:55:58.122+0530] {logging_mixin.py:190} INFO - [2026-07-17T23:55:58.122+0530] {dag.py:4180} INFO - Setting next_dagrun for example_xcom_args_with_operators to None, run_after=None
[2026-07-17T23:55:58.126+0530] {processor.py:208} INFO - Processing /Users/bhavishyachallagolla/Desktop/RetailSense/.venv/lib/python3.12/site-packages/airflow/example_dags/example_xcomargs.py took 0.049 seconds
[2026-07-17T23:56:49.400+0530] {processor.py:186} INFO - Started process (PID=1241) to work on /Users/bhavishyachallagolla/Desktop/RetailSense/.venv/lib/python3.12/site-packages/airflow/example_dags/example_xcomargs.py
[2026-07-17T23:56:49.400+0530] {processor.py:914} INFO - Processing file /Users/bhavishyachallagolla/Desktop/RetailSense/.venv/lib/python3.12/site-packages/airflow/example_dags/example_xcomargs.py for tasks to queue
[2026-07-17T23:56:49.401+0530] {logging_mixin.py:190} INFO - [2026-07-17T23:56:49.400+0530] {dagbag.py:588} INFO - Filling up the DagBag from /Users/bhavishyachallagolla/Desktop/RetailSense/.venv/lib/python3.12/site-packages/airflow/example_dags/example_xcomargs.py
[2026-07-17T23:56:49.413+0530] {processor.py:925} INFO - DAG(s) 'example_xcom_args', 'example_xcom_args_with_operators' retrieved from /Users/bhavishyachallagolla/Desktop/RetailSense/.venv/lib/python3.12/site-packages/airflow/example_dags/example_xcomargs.py
[2026-07-17T23:56:49.439+0530] {logging_mixin.py:190} INFO - [2026-07-17T23:56:49.439+0530] {dag.py:3239} INFO - Sync 2 DAGs
[2026-07-17T23:56:49.442+0530] {logging_mixin.py:190} INFO - [2026-07-17T23:56:49.442+0530] {dag.py:4180} INFO - Setting next_dagrun for example_xcom_args to None, run_after=None
[2026-07-17T23:56:49.442+0530] {logging_mixin.py:190} INFO - [2026-07-17T23:56:49.442+0530] {dag.py:4180} INFO - Setting next_dagrun for example_xcom_args_with_operators to None, run_after=None
[2026-07-17T23:56:49.446+0530] {processor.py:208} INFO - Processing /Users/bhavishyachallagolla/Desktop/RetailSense/.venv/lib/python3.12/site-packages/airflow/example_dags/example_xcomargs.py took 0.048 seconds
