[2026-07-17T20:09:31.203+0530] {processor.py:186} INFO - Started process (PID=87210) to work on /Users/bhavishyachallagolla/Desktop/RetailSense/.venv/lib/python3.12/site-packages/airflow/example_dags/example_nested_branch_dag.py
[2026-07-17T20:09:31.203+0530] {processor.py:914} INFO - Processing file /Users/bhavishyachallagolla/Desktop/RetailSense/.venv/lib/python3.12/site-packages/airflow/example_dags/example_nested_branch_dag.py for tasks to queue
[2026-07-17T20:09:31.204+0530] {logging_mixin.py:190} INFO - [2026-07-17T20:09:31.204+0530] {dagbag.py:588} INFO - Filling up the DagBag from /Users/bhavishyachallagolla/Desktop/RetailSense/.venv/lib/python3.12/site-packages/airflow/example_dags/example_nested_branch_dag.py
[2026-07-17T20:09:31.217+0530] {processor.py:925} INFO - DAG(s) 'example_nested_branch_dag' retrieved from /Users/bhavishyachallagolla/Desktop/RetailSense/.venv/lib/python3.12/site-packages/airflow/example_dags/example_nested_branch_dag.py
[2026-07-17T20:09:31.265+0530] {logging_mixin.py:190} INFO - [2026-07-17T20:09:31.265+0530] {dag.py:3239} INFO - Sync 1 DAGs
[2026-07-17T20:09:31.270+0530] {logging_mixin.py:190} INFO - [2026-07-17T20:09:31.269+0530] {dag.py:4180} INFO - Setting next_dagrun for example_nested_branch_dag to 2026-07-16 00:00:00+00:00, run_after=2026-07-17 00:00:00+00:00
[2026-07-17T20:09:31.295+0530] {processor.py:208} INFO - Processing /Users/bhavishyachallagolla/Desktop/RetailSense/.venv/lib/python3.12/site-packages/airflow/example_dags/example_nested_branch_dag.py took 0.094 seconds
[2026-07-17T20:10:28.574+0530] {processor.py:186} INFO - Started process (PID=87318) to work on /Users/bhavishyachallagolla/Desktop/RetailSense/.venv/lib/python3.12/site-packages/airflow/example_dags/example_nested_branch_dag.py
[2026-07-17T20:10:28.576+0530] {processor.py:914} INFO - Processing file /Users/bhavishyachallagolla/Desktop/RetailSense/.venv/lib/python3.12/site-packages/airflow/example_dags/example_nested_branch_dag.py for tasks to queue
[2026-07-17T20:10:28.576+0530] {logging_mixin.py:190} INFO - [2026-07-17T20:10:28.576+0530] {dagbag.py:588} INFO - Filling up the DagBag from /Users/bhavishyachallagolla/Desktop/RetailSense/.venv/lib/python3.12/site-packages/airflow/example_dags/example_nested_branch_dag.py
[2026-07-17T20:10:28.588+0530] {processor.py:925} INFO - DAG(s) 'example_nested_branch_dag' retrieved from /Users/bhavishyachallagolla/Desktop/RetailSense/.venv/lib/python3.12/site-packages/airflow/example_dags/example_nested_branch_dag.py
[2026-07-17T20:10:28.613+0530] {logging_mixin.py:190} INFO - [2026-07-17T20:10:28.613+0530] {dag.py:3239} INFO - Sync 1 DAGs
[2026-07-17T20:10:28.618+0530] {logging_mixin.py:190} INFO - [2026-07-17T20:10:28.618+0530] {dag.py:4180} INFO - Setting next_dagrun for example_nested_branch_dag to 2026-07-16 00:00:00+00:00, run_after=2026-07-17 00:00:00+00:00
[2026-07-17T20:10:28.622+0530] {processor.py:208} INFO - Processing /Users/bhavishyachallagolla/Desktop/RetailSense/.venv/lib/python3.12/site-packages/airflow/example_dags/example_nested_branch_dag.py took 0.049 seconds
[2026-07-17T20:11:47.332+0530] {processor.py:186} INFO - Started process (PID=87436) to work on /Users/bhavishyachallagolla/Desktop/RetailSense/.venv/lib/python3.12/site-packages/airflow/example_dags/example_nested_branch_dag.py
[2026-07-17T20:11:47.332+0530] {processor.py:914} INFO - Processing file /Users/bhavishyachallagolla/Desktop/RetailSense/.venv/lib/python3.12/site-packages/airflow/example_dags/example_nested_branch_dag.py for tasks to queue
[2026-07-17T20:11:47.332+0530] {logging_mixin.py:190} INFO - [2026-07-17T20:11:47.332+0530] {dagbag.py:588} INFO - Filling up the DagBag from /Users/bhavishyachallagolla/Desktop/RetailSense/.venv/lib/python3.12/site-packages/airflow/example_dags/example_nested_branch_dag.py
[2026-07-17T20:11:47.345+0530] {processor.py:925} INFO - DAG(s) 'example_nested_branch_dag' retrieved from /Users/bhavishyachallagolla/Desktop/RetailSense/.venv/lib/python3.12/site-packages/airflow/example_dags/example_nested_branch_dag.py
[2026-07-17T20:11:47.370+0530] {logging_mixin.py:190} INFO - [2026-07-17T20:11:47.369+0530] {dag.py:3239} INFO - Sync 1 DAGs
[2026-07-17T20:11:47.374+0530] {logging_mixin.py:190} INFO - [2026-07-17T20:11:47.374+0530] {dag.py:4180} INFO - Setting next_dagrun for example_nested_branch_dag to 2026-07-16 00:00:00+00:00, run_after=2026-07-17 00:00:00+00:00
[2026-07-17T20:11:47.379+0530] {processor.py:208} INFO - Processing /Users/bhavishyachallagolla/Desktop/RetailSense/.venv/lib/python3.12/site-packages/airflow/example_dags/example_nested_branch_dag.py took 0.048 seconds
[2026-07-17T20:13:27.969+0530] {processor.py:186} INFO - Started process (PID=87588) to work on /Users/bhavishyachallagolla/Desktop/RetailSense/.venv/lib/python3.12/site-packages/airflow/example_dags/example_nested_branch_dag.py
[2026-07-17T20:13:27.970+0530] {processor.py:914} INFO - Processing file /Users/bhavishyachallagolla/Desktop/RetailSense/.venv/lib/python3.12/site-packages/airflow/example_dags/example_nested_branch_dag.py for tasks to queue
[2026-07-17T20:13:27.970+0530] {logging_mixin.py:190} INFO - [2026-07-17T20:13:27.970+0530] {dagbag.py:588} INFO - Filling up the DagBag from /Users/bhavishyachallagolla/Desktop/RetailSense/.venv/lib/python3.12/site-packages/airflow/example_dags/example_nested_branch_dag.py
[2026-07-17T20:13:27.983+0530] {processor.py:925} INFO - DAG(s) 'example_nested_branch_dag' retrieved from /Users/bhavishyachallagolla/Desktop/RetailSense/.venv/lib/python3.12/site-packages/airflow/example_dags/example_nested_branch_dag.py
[2026-07-17T20:13:28.007+0530] {logging_mixin.py:190} INFO - [2026-07-17T20:13:28.007+0530] {dag.py:3239} INFO - Sync 1 DAGs
[2026-07-17T20:13:28.012+0530] {logging_mixin.py:190} INFO - [2026-07-17T20:13:28.012+0530] {dag.py:4180} INFO - Setting next_dagrun for example_nested_branch_dag to 2026-07-16 00:00:00+00:00, run_after=2026-07-17 00:00:00+00:00
[2026-07-17T20:13:28.016+0530] {processor.py:208} INFO - Processing /Users/bhavishyachallagolla/Desktop/RetailSense/.venv/lib/python3.12/site-packages/airflow/example_dags/example_nested_branch_dag.py took 0.049 seconds
[2026-07-17T20:15:06.977+0530] {processor.py:186} INFO - Started process (PID=87751) to work on /Users/bhavishyachallagolla/Desktop/RetailSense/.venv/lib/python3.12/site-packages/airflow/example_dags/example_nested_branch_dag.py
[2026-07-17T20:15:06.978+0530] {processor.py:914} INFO - Processing file /Users/bhavishyachallagolla/Desktop/RetailSense/.venv/lib/python3.12/site-packages/airflow/example_dags/example_nested_branch_dag.py for tasks to queue
[2026-07-17T20:15:06.978+0530] {logging_mixin.py:190} INFO - [2026-07-17T20:15:06.978+0530] {dagbag.py:588} INFO - Filling up the DagBag from /Users/bhavishyachallagolla/Desktop/RetailSense/.venv/lib/python3.12/site-packages/airflow/example_dags/example_nested_branch_dag.py
[2026-07-17T20:15:06.991+0530] {processor.py:925} INFO - DAG(s) 'example_nested_branch_dag' retrieved from /Users/bhavishyachallagolla/Desktop/RetailSense/.venv/lib/python3.12/site-packages/airflow/example_dags/example_nested_branch_dag.py
[2026-07-17T20:15:07.016+0530] {logging_mixin.py:190} INFO - [2026-07-17T20:15:07.016+0530] {dag.py:3239} INFO - Sync 1 DAGs
[2026-07-17T20:15:07.021+0530] {logging_mixin.py:190} INFO - [2026-07-17T20:15:07.021+0530] {dag.py:4180} INFO - Setting next_dagrun for example_nested_branch_dag to 2026-07-16 00:00:00+00:00, run_after=2026-07-17 00:00:00+00:00
[2026-07-17T20:15:07.025+0530] {processor.py:208} INFO - Processing /Users/bhavishyachallagolla/Desktop/RetailSense/.venv/lib/python3.12/site-packages/airflow/example_dags/example_nested_branch_dag.py took 0.049 seconds
[2026-07-17T20:16:47.201+0530] {processor.py:186} INFO - Started process (PID=87905) to work on /Users/bhavishyachallagolla/Desktop/RetailSense/.venv/lib/python3.12/site-packages/airflow/example_dags/example_nested_branch_dag.py
[2026-07-17T20:16:47.202+0530] {processor.py:914} INFO - Processing file /Users/bhavishyachallagolla/Desktop/RetailSense/.venv/lib/python3.12/site-packages/airflow/example_dags/example_nested_branch_dag.py for tasks to queue
[2026-07-17T20:16:47.203+0530] {logging_mixin.py:190} INFO - [2026-07-17T20:16:47.203+0530] {dagbag.py:588} INFO - Filling up the DagBag from /Users/bhavishyachallagolla/Desktop/RetailSense/.venv/lib/python3.12/site-packages/airflow/example_dags/example_nested_branch_dag.py
[2026-07-17T20:16:47.215+0530] {processor.py:925} INFO - DAG(s) 'example_nested_branch_dag' retrieved from /Users/bhavishyachallagolla/Desktop/RetailSense/.venv/lib/python3.12/site-packages/airflow/example_dags/example_nested_branch_dag.py
[2026-07-17T20:16:47.239+0530] {logging_mixin.py:190} INFO - [2026-07-17T20:16:47.239+0530] {dag.py:3239} INFO - Sync 1 DAGs
[2026-07-17T20:16:47.244+0530] {logging_mixin.py:190} INFO - [2026-07-17T20:16:47.244+0530] {dag.py:4180} INFO - Setting next_dagrun for example_nested_branch_dag to 2026-07-16 00:00:00+00:00, run_after=2026-07-17 00:00:00+00:00
[2026-07-17T20:16:47.248+0530] {processor.py:208} INFO - Processing /Users/bhavishyachallagolla/Desktop/RetailSense/.venv/lib/python3.12/site-packages/airflow/example_dags/example_nested_branch_dag.py took 0.048 seconds
[2026-07-17T20:18:26.494+0530] {processor.py:186} INFO - Started process (PID=88057) to work on /Users/bhavishyachallagolla/Desktop/RetailSense/.venv/lib/python3.12/site-packages/airflow/example_dags/example_nested_branch_dag.py
[2026-07-17T20:18:26.494+0530] {processor.py:914} INFO - Processing file /Users/bhavishyachallagolla/Desktop/RetailSense/.venv/lib/python3.12/site-packages/airflow/example_dags/example_nested_branch_dag.py for tasks to queue
[2026-07-17T20:18:26.495+0530] {logging_mixin.py:190} INFO - [2026-07-17T20:18:26.495+0530] {dagbag.py:588} INFO - Filling up the DagBag from /Users/bhavishyachallagolla/Desktop/RetailSense/.venv/lib/python3.12/site-packages/airflow/example_dags/example_nested_branch_dag.py
[2026-07-17T20:18:26.507+0530] {processor.py:925} INFO - DAG(s) 'example_nested_branch_dag' retrieved from /Users/bhavishyachallagolla/Desktop/RetailSense/.venv/lib/python3.12/site-packages/airflow/example_dags/example_nested_branch_dag.py
[2026-07-17T20:18:26.531+0530] {logging_mixin.py:190} INFO - [2026-07-17T20:18:26.531+0530] {dag.py:3239} INFO - Sync 1 DAGs
[2026-07-17T20:18:26.536+0530] {logging_mixin.py:190} INFO - [2026-07-17T20:18:26.536+0530] {dag.py:4180} INFO - Setting next_dagrun for example_nested_branch_dag to 2026-07-16 00:00:00+00:00, run_after=2026-07-17 00:00:00+00:00
[2026-07-17T20:18:26.540+0530] {processor.py:208} INFO - Processing /Users/bhavishyachallagolla/Desktop/RetailSense/.venv/lib/python3.12/site-packages/airflow/example_dags/example_nested_branch_dag.py took 0.047 seconds
[2026-07-17T20:20:05.603+0530] {processor.py:186} INFO - Started process (PID=88222) to work on /Users/bhavishyachallagolla/Desktop/RetailSense/.venv/lib/python3.12/site-packages/airflow/example_dags/example_nested_branch_dag.py
[2026-07-17T20:20:05.604+0530] {processor.py:914} INFO - Processing file /Users/bhavishyachallagolla/Desktop/RetailSense/.venv/lib/python3.12/site-packages/airflow/example_dags/example_nested_branch_dag.py for tasks to queue
[2026-07-17T20:20:05.604+0530] {logging_mixin.py:190} INFO - [2026-07-17T20:20:05.604+0530] {dagbag.py:588} INFO - Filling up the DagBag from /Users/bhavishyachallagolla/Desktop/RetailSense/.venv/lib/python3.12/site-packages/airflow/example_dags/example_nested_branch_dag.py
[2026-07-17T20:20:05.617+0530] {processor.py:925} INFO - DAG(s) 'example_nested_branch_dag' retrieved from /Users/bhavishyachallagolla/Desktop/RetailSense/.venv/lib/python3.12/site-packages/airflow/example_dags/example_nested_branch_dag.py
[2026-07-17T20:20:05.641+0530] {logging_mixin.py:190} INFO - [2026-07-17T20:20:05.641+0530] {dag.py:3239} INFO - Sync 1 DAGs
[2026-07-17T20:20:05.646+0530] {logging_mixin.py:190} INFO - [2026-07-17T20:20:05.646+0530] {dag.py:4180} INFO - Setting next_dagrun for example_nested_branch_dag to 2026-07-16 00:00:00+00:00, run_after=2026-07-17 00:00:00+00:00
[2026-07-17T20:20:05.650+0530] {processor.py:208} INFO - Processing /Users/bhavishyachallagolla/Desktop/RetailSense/.venv/lib/python3.12/site-packages/airflow/example_dags/example_nested_branch_dag.py took 0.049 seconds
[2026-07-17T20:21:45.833+0530] {processor.py:186} INFO - Started process (PID=88375) to work on /Users/bhavishyachallagolla/Desktop/RetailSense/.venv/lib/python3.12/site-packages/airflow/example_dags/example_nested_branch_dag.py
[2026-07-17T20:21:45.834+0530] {processor.py:914} INFO - Processing file /Users/bhavishyachallagolla/Desktop/RetailSense/.venv/lib/python3.12/site-packages/airflow/example_dags/example_nested_branch_dag.py for tasks to queue
[2026-07-17T20:21:45.835+0530] {logging_mixin.py:190} INFO - [2026-07-17T20:21:45.835+0530] {dagbag.py:588} INFO - Filling up the DagBag from /Users/bhavishyachallagolla/Desktop/RetailSense/.venv/lib/python3.12/site-packages/airflow/example_dags/example_nested_branch_dag.py
[2026-07-17T20:21:45.848+0530] {processor.py:925} INFO - DAG(s) 'example_nested_branch_dag' retrieved from /Users/bhavishyachallagolla/Desktop/RetailSense/.venv/lib/python3.12/site-packages/airflow/example_dags/example_nested_branch_dag.py
[2026-07-17T20:21:45.872+0530] {logging_mixin.py:190} INFO - [2026-07-17T20:21:45.872+0530] {dag.py:3239} INFO - Sync 1 DAGs
[2026-07-17T20:21:45.877+0530] {logging_mixin.py:190} INFO - [2026-07-17T20:21:45.877+0530] {dag.py:4180} INFO - Setting next_dagrun for example_nested_branch_dag to 2026-07-16 00:00:00+00:00, run_after=2026-07-17 00:00:00+00:00
[2026-07-17T20:21:45.882+0530] {processor.py:208} INFO - Processing /Users/bhavishyachallagolla/Desktop/RetailSense/.venv/lib/python3.12/site-packages/airflow/example_dags/example_nested_branch_dag.py took 0.050 seconds
[2026-07-17T20:23:26.908+0530] {processor.py:186} INFO - Started process (PID=88531) to work on /Users/bhavishyachallagolla/Desktop/RetailSense/.venv/lib/python3.12/site-packages/airflow/example_dags/example_nested_branch_dag.py
[2026-07-17T20:23:26.909+0530] {processor.py:914} INFO - Processing file /Users/bhavishyachallagolla/Desktop/RetailSense/.venv/lib/python3.12/site-packages/airflow/example_dags/example_nested_branch_dag.py for tasks to queue
[2026-07-17T20:23:26.909+0530] {logging_mixin.py:190} INFO - [2026-07-17T20:23:26.909+0530] {dagbag.py:588} INFO - Filling up the DagBag from /Users/bhavishyachallagolla/Desktop/RetailSense/.venv/lib/python3.12/site-packages/airflow/example_dags/example_nested_branch_dag.py
[2026-07-17T20:23:26.922+0530] {processor.py:925} INFO - DAG(s) 'example_nested_branch_dag' retrieved from /Users/bhavishyachallagolla/Desktop/RetailSense/.venv/lib/python3.12/site-packages/airflow/example_dags/example_nested_branch_dag.py
[2026-07-17T20:23:26.947+0530] {logging_mixin.py:190} INFO - [2026-07-17T20:23:26.947+0530] {dag.py:3239} INFO - Sync 1 DAGs
[2026-07-17T20:23:26.952+0530] {logging_mixin.py:190} INFO - [2026-07-17T20:23:26.952+0530] {dag.py:4180} INFO - Setting next_dagrun for example_nested_branch_dag to 2026-07-16 00:00:00+00:00, run_after=2026-07-17 00:00:00+00:00
[2026-07-17T20:23:26.957+0530] {processor.py:208} INFO - Processing /Users/bhavishyachallagolla/Desktop/RetailSense/.venv/lib/python3.12/site-packages/airflow/example_dags/example_nested_branch_dag.py took 0.050 seconds
[2026-07-17T20:25:07.982+0530] {processor.py:186} INFO - Started process (PID=88684) to work on /Users/bhavishyachallagolla/Desktop/RetailSense/.venv/lib/python3.12/site-packages/airflow/example_dags/example_nested_branch_dag.py
[2026-07-17T20:25:07.983+0530] {processor.py:914} INFO - Processing file /Users/bhavishyachallagolla/Desktop/RetailSense/.venv/lib/python3.12/site-packages/airflow/example_dags/example_nested_branch_dag.py for tasks to queue
[2026-07-17T20:25:07.984+0530] {logging_mixin.py:190} INFO - [2026-07-17T20:25:07.984+0530] {dagbag.py:588} INFO - Filling up the DagBag from /Users/bhavishyachallagolla/Desktop/RetailSense/.venv/lib/python3.12/site-packages/airflow/example_dags/example_nested_branch_dag.py
[2026-07-17T20:25:07.996+0530] {processor.py:925} INFO - DAG(s) 'example_nested_branch_dag' retrieved from /Users/bhavishyachallagolla/Desktop/RetailSense/.venv/lib/python3.12/site-packages/airflow/example_dags/example_nested_branch_dag.py
[2026-07-17T20:25:08.020+0530] {logging_mixin.py:190} INFO - [2026-07-17T20:25:08.020+0530] {dag.py:3239} INFO - Sync 1 DAGs
[2026-07-17T20:25:08.025+0530] {logging_mixin.py:190} INFO - [2026-07-17T20:25:08.025+0530] {dag.py:4180} INFO - Setting next_dagrun for example_nested_branch_dag to 2026-07-16 00:00:00+00:00, run_after=2026-07-17 00:00:00+00:00
[2026-07-17T20:25:08.029+0530] {processor.py:208} INFO - Processing /Users/bhavishyachallagolla/Desktop/RetailSense/.venv/lib/python3.12/site-packages/airflow/example_dags/example_nested_branch_dag.py took 0.048 seconds
[2026-07-17T20:26:48.927+0530] {processor.py:186} INFO - Started process (PID=88850) to work on /Users/bhavishyachallagolla/Desktop/RetailSense/.venv/lib/python3.12/site-packages/airflow/example_dags/example_nested_branch_dag.py
[2026-07-17T20:26:48.928+0530] {processor.py:914} INFO - Processing file /Users/bhavishyachallagolla/Desktop/RetailSense/.venv/lib/python3.12/site-packages/airflow/example_dags/example_nested_branch_dag.py for tasks to queue
[2026-07-17T20:26:48.928+0530] {logging_mixin.py:190} INFO - [2026-07-17T20:26:48.928+0530] {dagbag.py:588} INFO - Filling up the DagBag from /Users/bhavishyachallagolla/Desktop/RetailSense/.venv/lib/python3.12/site-packages/airflow/example_dags/example_nested_branch_dag.py
[2026-07-17T20:26:48.941+0530] {processor.py:925} INFO - DAG(s) 'example_nested_branch_dag' retrieved from /Users/bhavishyachallagolla/Desktop/RetailSense/.venv/lib/python3.12/site-packages/airflow/example_dags/example_nested_branch_dag.py
[2026-07-17T20:26:48.966+0530] {logging_mixin.py:190} INFO - [2026-07-17T20:26:48.966+0530] {dag.py:3239} INFO - Sync 1 DAGs
[2026-07-17T20:26:48.971+0530] {logging_mixin.py:190} INFO - [2026-07-17T20:26:48.971+0530] {dag.py:4180} INFO - Setting next_dagrun for example_nested_branch_dag to 2026-07-16 00:00:00+00:00, run_after=2026-07-17 00:00:00+00:00
[2026-07-17T20:26:48.976+0530] {processor.py:208} INFO - Processing /Users/bhavishyachallagolla/Desktop/RetailSense/.venv/lib/python3.12/site-packages/airflow/example_dags/example_nested_branch_dag.py took 0.050 seconds
[2026-07-17T20:28:28.958+0530] {processor.py:186} INFO - Started process (PID=89003) to work on /Users/bhavishyachallagolla/Desktop/RetailSense/.venv/lib/python3.12/site-packages/airflow/example_dags/example_nested_branch_dag.py
[2026-07-17T20:28:28.958+0530] {processor.py:914} INFO - Processing file /Users/bhavishyachallagolla/Desktop/RetailSense/.venv/lib/python3.12/site-packages/airflow/example_dags/example_nested_branch_dag.py for tasks to queue
[2026-07-17T20:28:28.959+0530] {logging_mixin.py:190} INFO - [2026-07-17T20:28:28.959+0530] {dagbag.py:588} INFO - Filling up the DagBag from /Users/bhavishyachallagolla/Desktop/RetailSense/.venv/lib/python3.12/site-packages/airflow/example_dags/example_nested_branch_dag.py
[2026-07-17T20:28:28.971+0530] {processor.py:925} INFO - DAG(s) 'example_nested_branch_dag' retrieved from /Users/bhavishyachallagolla/Desktop/RetailSense/.venv/lib/python3.12/site-packages/airflow/example_dags/example_nested_branch_dag.py
[2026-07-17T20:28:28.995+0530] {logging_mixin.py:190} INFO - [2026-07-17T20:28:28.995+0530] {dag.py:3239} INFO - Sync 1 DAGs
[2026-07-17T20:28:29.000+0530] {logging_mixin.py:190} INFO - [2026-07-17T20:28:29.000+0530] {dag.py:4180} INFO - Setting next_dagrun for example_nested_branch_dag to 2026-07-16 00:00:00+00:00, run_after=2026-07-17 00:00:00+00:00
[2026-07-17T20:28:29.004+0530] {processor.py:208} INFO - Processing /Users/bhavishyachallagolla/Desktop/RetailSense/.venv/lib/python3.12/site-packages/airflow/example_dags/example_nested_branch_dag.py took 0.047 seconds
[2026-07-17T20:30:05.063+0530] {processor.py:186} INFO - Started process (PID=89157) to work on /Users/bhavishyachallagolla/Desktop/RetailSense/.venv/lib/python3.12/site-packages/airflow/example_dags/example_nested_branch_dag.py
[2026-07-17T20:30:05.064+0530] {processor.py:914} INFO - Processing file /Users/bhavishyachallagolla/Desktop/RetailSense/.venv/lib/python3.12/site-packages/airflow/example_dags/example_nested_branch_dag.py for tasks to queue
[2026-07-17T20:30:05.064+0530] {logging_mixin.py:190} INFO - [2026-07-17T20:30:05.064+0530] {dagbag.py:588} INFO - Filling up the DagBag from /Users/bhavishyachallagolla/Desktop/RetailSense/.venv/lib/python3.12/site-packages/airflow/example_dags/example_nested_branch_dag.py
[2026-07-17T20:30:05.077+0530] {processor.py:925} INFO - DAG(s) 'example_nested_branch_dag' retrieved from /Users/bhavishyachallagolla/Desktop/RetailSense/.venv/lib/python3.12/site-packages/airflow/example_dags/example_nested_branch_dag.py
[2026-07-17T20:30:05.102+0530] {logging_mixin.py:190} INFO - [2026-07-17T20:30:05.102+0530] {dag.py:3239} INFO - Sync 1 DAGs
[2026-07-17T20:30:05.106+0530] {logging_mixin.py:190} INFO - [2026-07-17T20:30:05.106+0530] {dag.py:4180} INFO - Setting next_dagrun for example_nested_branch_dag to 2026-07-16 00:00:00+00:00, run_after=2026-07-17 00:00:00+00:00
[2026-07-17T20:30:05.111+0530] {processor.py:208} INFO - Processing /Users/bhavishyachallagolla/Desktop/RetailSense/.venv/lib/python3.12/site-packages/airflow/example_dags/example_nested_branch_dag.py took 0.049 seconds
[2026-07-17T20:31:46.148+0530] {processor.py:186} INFO - Started process (PID=89306) to work on /Users/bhavishyachallagolla/Desktop/RetailSense/.venv/lib/python3.12/site-packages/airflow/example_dags/example_nested_branch_dag.py
[2026-07-17T20:31:46.148+0530] {processor.py:914} INFO - Processing file /Users/bhavishyachallagolla/Desktop/RetailSense/.venv/lib/python3.12/site-packages/airflow/example_dags/example_nested_branch_dag.py for tasks to queue
[2026-07-17T20:31:46.148+0530] {logging_mixin.py:190} INFO - [2026-07-17T20:31:46.148+0530] {dagbag.py:588} INFO - Filling up the DagBag from /Users/bhavishyachallagolla/Desktop/RetailSense/.venv/lib/python3.12/site-packages/airflow/example_dags/example_nested_branch_dag.py
[2026-07-17T20:31:46.161+0530] {processor.py:925} INFO - DAG(s) 'example_nested_branch_dag' retrieved from /Users/bhavishyachallagolla/Desktop/RetailSense/.venv/lib/python3.12/site-packages/airflow/example_dags/example_nested_branch_dag.py
[2026-07-17T20:31:46.185+0530] {logging_mixin.py:190} INFO - [2026-07-17T20:31:46.185+0530] {dag.py:3239} INFO - Sync 1 DAGs
[2026-07-17T20:31:46.190+0530] {logging_mixin.py:190} INFO - [2026-07-17T20:31:46.190+0530] {dag.py:4180} INFO - Setting next_dagrun for example_nested_branch_dag to 2026-07-16 00:00:00+00:00, run_after=2026-07-17 00:00:00+00:00
[2026-07-17T20:31:46.194+0530] {processor.py:208} INFO - Processing /Users/bhavishyachallagolla/Desktop/RetailSense/.venv/lib/python3.12/site-packages/airflow/example_dags/example_nested_branch_dag.py took 0.048 seconds
[2026-07-17T20:33:27.108+0530] {processor.py:186} INFO - Started process (PID=89457) to work on /Users/bhavishyachallagolla/Desktop/RetailSense/.venv/lib/python3.12/site-packages/airflow/example_dags/example_nested_branch_dag.py
[2026-07-17T20:33:27.108+0530] {processor.py:914} INFO - Processing file /Users/bhavishyachallagolla/Desktop/RetailSense/.venv/lib/python3.12/site-packages/airflow/example_dags/example_nested_branch_dag.py for tasks to queue
[2026-07-17T20:33:27.109+0530] {logging_mixin.py:190} INFO - [2026-07-17T20:33:27.109+0530] {dagbag.py:588} INFO - Filling up the DagBag from /Users/bhavishyachallagolla/Desktop/RetailSense/.venv/lib/python3.12/site-packages/airflow/example_dags/example_nested_branch_dag.py
[2026-07-17T20:33:27.122+0530] {processor.py:925} INFO - DAG(s) 'example_nested_branch_dag' retrieved from /Users/bhavishyachallagolla/Desktop/RetailSense/.venv/lib/python3.12/site-packages/airflow/example_dags/example_nested_branch_dag.py
[2026-07-17T20:33:27.146+0530] {logging_mixin.py:190} INFO - [2026-07-17T20:33:27.146+0530] {dag.py:3239} INFO - Sync 1 DAGs
[2026-07-17T20:33:27.151+0530] {logging_mixin.py:190} INFO - [2026-07-17T20:33:27.151+0530] {dag.py:4180} INFO - Setting next_dagrun for example_nested_branch_dag to 2026-07-16 00:00:00+00:00, run_after=2026-07-17 00:00:00+00:00
[2026-07-17T20:33:27.156+0530] {processor.py:208} INFO - Processing /Users/bhavishyachallagolla/Desktop/RetailSense/.venv/lib/python3.12/site-packages/airflow/example_dags/example_nested_branch_dag.py took 0.049 seconds
[2026-07-17T20:35:07.626+0530] {processor.py:186} INFO - Started process (PID=89607) to work on /Users/bhavishyachallagolla/Desktop/RetailSense/.venv/lib/python3.12/site-packages/airflow/example_dags/example_nested_branch_dag.py
[2026-07-17T20:35:07.627+0530] {processor.py:914} INFO - Processing file /Users/bhavishyachallagolla/Desktop/RetailSense/.venv/lib/python3.12/site-packages/airflow/example_dags/example_nested_branch_dag.py for tasks to queue
[2026-07-17T20:35:07.628+0530] {logging_mixin.py:190} INFO - [2026-07-17T20:35:07.628+0530] {dagbag.py:588} INFO - Filling up the DagBag from /Users/bhavishyachallagolla/Desktop/RetailSense/.venv/lib/python3.12/site-packages/airflow/example_dags/example_nested_branch_dag.py
[2026-07-17T20:35:07.640+0530] {processor.py:925} INFO - DAG(s) 'example_nested_branch_dag' retrieved from /Users/bhavishyachallagolla/Desktop/RetailSense/.venv/lib/python3.12/site-packages/airflow/example_dags/example_nested_branch_dag.py
[2026-07-17T20:35:07.664+0530] {logging_mixin.py:190} INFO - [2026-07-17T20:35:07.664+0530] {dag.py:3239} INFO - Sync 1 DAGs
[2026-07-17T20:35:07.669+0530] {logging_mixin.py:190} INFO - [2026-07-17T20:35:07.669+0530] {dag.py:4180} INFO - Setting next_dagrun for example_nested_branch_dag to 2026-07-16 00:00:00+00:00, run_after=2026-07-17 00:00:00+00:00
[2026-07-17T20:35:07.674+0530] {processor.py:208} INFO - Processing /Users/bhavishyachallagolla/Desktop/RetailSense/.venv/lib/python3.12/site-packages/airflow/example_dags/example_nested_branch_dag.py took 0.049 seconds
[2026-07-17T20:36:48.590+0530] {processor.py:186} INFO - Started process (PID=89758) to work on /Users/bhavishyachallagolla/Desktop/RetailSense/.venv/lib/python3.12/site-packages/airflow/example_dags/example_nested_branch_dag.py
[2026-07-17T20:36:48.590+0530] {processor.py:914} INFO - Processing file /Users/bhavishyachallagolla/Desktop/RetailSense/.venv/lib/python3.12/site-packages/airflow/example_dags/example_nested_branch_dag.py for tasks to queue
[2026-07-17T20:36:48.591+0530] {logging_mixin.py:190} INFO - [2026-07-17T20:36:48.591+0530] {dagbag.py:588} INFO - Filling up the DagBag from /Users/bhavishyachallagolla/Desktop/RetailSense/.venv/lib/python3.12/site-packages/airflow/example_dags/example_nested_branch_dag.py
[2026-07-17T20:36:48.603+0530] {processor.py:925} INFO - DAG(s) 'example_nested_branch_dag' retrieved from /Users/bhavishyachallagolla/Desktop/RetailSense/.venv/lib/python3.12/site-packages/airflow/example_dags/example_nested_branch_dag.py
[2026-07-17T20:36:48.628+0530] {logging_mixin.py:190} INFO - [2026-07-17T20:36:48.628+0530] {dag.py:3239} INFO - Sync 1 DAGs
[2026-07-17T20:36:48.632+0530] {logging_mixin.py:190} INFO - [2026-07-17T20:36:48.632+0530] {dag.py:4180} INFO - Setting next_dagrun for example_nested_branch_dag to 2026-07-16 00:00:00+00:00, run_after=2026-07-17 00:00:00+00:00
[2026-07-17T20:36:48.637+0530] {processor.py:208} INFO - Processing /Users/bhavishyachallagolla/Desktop/RetailSense/.venv/lib/python3.12/site-packages/airflow/example_dags/example_nested_branch_dag.py took 0.048 seconds
[2026-07-17T20:38:30.397+0530] {processor.py:186} INFO - Started process (PID=89917) to work on /Users/bhavishyachallagolla/Desktop/RetailSense/.venv/lib/python3.12/site-packages/airflow/example_dags/example_nested_branch_dag.py
[2026-07-17T20:38:30.399+0530] {processor.py:914} INFO - Processing file /Users/bhavishyachallagolla/Desktop/RetailSense/.venv/lib/python3.12/site-packages/airflow/example_dags/example_nested_branch_dag.py for tasks to queue
[2026-07-17T20:38:30.399+0530] {logging_mixin.py:190} INFO - [2026-07-17T20:38:30.399+0530] {dagbag.py:588} INFO - Filling up the DagBag from /Users/bhavishyachallagolla/Desktop/RetailSense/.venv/lib/python3.12/site-packages/airflow/example_dags/example_nested_branch_dag.py
[2026-07-17T20:38:30.411+0530] {processor.py:925} INFO - DAG(s) 'example_nested_branch_dag' retrieved from /Users/bhavishyachallagolla/Desktop/RetailSense/.venv/lib/python3.12/site-packages/airflow/example_dags/example_nested_branch_dag.py
[2026-07-17T20:38:30.436+0530] {logging_mixin.py:190} INFO - [2026-07-17T20:38:30.435+0530] {dag.py:3239} INFO - Sync 1 DAGs
[2026-07-17T20:38:30.440+0530] {logging_mixin.py:190} INFO - [2026-07-17T20:38:30.440+0530] {dag.py:4180} INFO - Setting next_dagrun for example_nested_branch_dag to 2026-07-16 00:00:00+00:00, run_after=2026-07-17 00:00:00+00:00
[2026-07-17T20:38:30.445+0530] {processor.py:208} INFO - Processing /Users/bhavishyachallagolla/Desktop/RetailSense/.venv/lib/python3.12/site-packages/airflow/example_dags/example_nested_branch_dag.py took 0.048 seconds
[2026-07-17T20:40:13.560+0530] {processor.py:186} INFO - Started process (PID=90147) to work on /Users/bhavishyachallagolla/Desktop/RetailSense/.venv/lib/python3.12/site-packages/airflow/example_dags/example_nested_branch_dag.py
[2026-07-17T20:40:13.561+0530] {processor.py:914} INFO - Processing file /Users/bhavishyachallagolla/Desktop/RetailSense/.venv/lib/python3.12/site-packages/airflow/example_dags/example_nested_branch_dag.py for tasks to queue
[2026-07-17T20:40:13.561+0530] {logging_mixin.py:190} INFO - [2026-07-17T20:40:13.561+0530] {dagbag.py:588} INFO - Filling up the DagBag from /Users/bhavishyachallagolla/Desktop/RetailSense/.venv/lib/python3.12/site-packages/airflow/example_dags/example_nested_branch_dag.py
[2026-07-17T20:40:13.573+0530] {processor.py:925} INFO - DAG(s) 'example_nested_branch_dag' retrieved from /Users/bhavishyachallagolla/Desktop/RetailSense/.venv/lib/python3.12/site-packages/airflow/example_dags/example_nested_branch_dag.py
[2026-07-17T20:40:13.598+0530] {logging_mixin.py:190} INFO - [2026-07-17T20:40:13.598+0530] {dag.py:3239} INFO - Sync 1 DAGs
[2026-07-17T20:40:13.602+0530] {logging_mixin.py:190} INFO - [2026-07-17T20:40:13.602+0530] {dag.py:4180} INFO - Setting next_dagrun for example_nested_branch_dag to 2026-07-16 00:00:00+00:00, run_after=2026-07-17 00:00:00+00:00
[2026-07-17T20:40:13.607+0530] {processor.py:208} INFO - Processing /Users/bhavishyachallagolla/Desktop/RetailSense/.venv/lib/python3.12/site-packages/airflow/example_dags/example_nested_branch_dag.py took 0.048 seconds
[2026-07-17T20:41:50.954+0530] {processor.py:186} INFO - Started process (PID=90342) to work on /Users/bhavishyachallagolla/Desktop/RetailSense/.venv/lib/python3.12/site-packages/airflow/example_dags/example_nested_branch_dag.py
[2026-07-17T20:41:50.955+0530] {processor.py:914} INFO - Processing file /Users/bhavishyachallagolla/Desktop/RetailSense/.venv/lib/python3.12/site-packages/airflow/example_dags/example_nested_branch_dag.py for tasks to queue
[2026-07-17T20:41:50.955+0530] {logging_mixin.py:190} INFO - [2026-07-17T20:41:50.955+0530] {dagbag.py:588} INFO - Filling up the DagBag from /Users/bhavishyachallagolla/Desktop/RetailSense/.venv/lib/python3.12/site-packages/airflow/example_dags/example_nested_branch_dag.py
[2026-07-17T20:41:50.968+0530] {processor.py:925} INFO - DAG(s) 'example_nested_branch_dag' retrieved from /Users/bhavishyachallagolla/Desktop/RetailSense/.venv/lib/python3.12/site-packages/airflow/example_dags/example_nested_branch_dag.py
[2026-07-17T20:41:50.993+0530] {logging_mixin.py:190} INFO - [2026-07-17T20:41:50.992+0530] {dag.py:3239} INFO - Sync 1 DAGs
[2026-07-17T20:41:50.997+0530] {logging_mixin.py:190} INFO - [2026-07-17T20:41:50.997+0530] {dag.py:4180} INFO - Setting next_dagrun for example_nested_branch_dag to 2026-07-16 00:00:00+00:00, run_after=2026-07-17 00:00:00+00:00
[2026-07-17T20:41:51.002+0530] {processor.py:208} INFO - Processing /Users/bhavishyachallagolla/Desktop/RetailSense/.venv/lib/python3.12/site-packages/airflow/example_dags/example_nested_branch_dag.py took 0.049 seconds
[2026-07-17T20:43:30.627+0530] {processor.py:186} INFO - Started process (PID=90490) to work on /Users/bhavishyachallagolla/Desktop/RetailSense/.venv/lib/python3.12/site-packages/airflow/example_dags/example_nested_branch_dag.py
[2026-07-17T20:43:30.628+0530] {processor.py:914} INFO - Processing file /Users/bhavishyachallagolla/Desktop/RetailSense/.venv/lib/python3.12/site-packages/airflow/example_dags/example_nested_branch_dag.py for tasks to queue
[2026-07-17T20:43:30.628+0530] {logging_mixin.py:190} INFO - [2026-07-17T20:43:30.628+0530] {dagbag.py:588} INFO - Filling up the DagBag from /Users/bhavishyachallagolla/Desktop/RetailSense/.venv/lib/python3.12/site-packages/airflow/example_dags/example_nested_branch_dag.py
[2026-07-17T20:43:30.641+0530] {processor.py:925} INFO - DAG(s) 'example_nested_branch_dag' retrieved from /Users/bhavishyachallagolla/Desktop/RetailSense/.venv/lib/python3.12/site-packages/airflow/example_dags/example_nested_branch_dag.py
[2026-07-17T20:43:30.665+0530] {logging_mixin.py:190} INFO - [2026-07-17T20:43:30.665+0530] {dag.py:3239} INFO - Sync 1 DAGs
[2026-07-17T20:43:30.670+0530] {logging_mixin.py:190} INFO - [2026-07-17T20:43:30.670+0530] {dag.py:4180} INFO - Setting next_dagrun for example_nested_branch_dag to 2026-07-16 00:00:00+00:00, run_after=2026-07-17 00:00:00+00:00
[2026-07-17T20:43:30.674+0530] {processor.py:208} INFO - Processing /Users/bhavishyachallagolla/Desktop/RetailSense/.venv/lib/python3.12/site-packages/airflow/example_dags/example_nested_branch_dag.py took 0.048 seconds
[2026-07-17T20:45:10.495+0530] {processor.py:186} INFO - Started process (PID=90649) to work on /Users/bhavishyachallagolla/Desktop/RetailSense/.venv/lib/python3.12/site-packages/airflow/example_dags/example_nested_branch_dag.py
[2026-07-17T20:45:10.496+0530] {processor.py:914} INFO - Processing file /Users/bhavishyachallagolla/Desktop/RetailSense/.venv/lib/python3.12/site-packages/airflow/example_dags/example_nested_branch_dag.py for tasks to queue
[2026-07-17T20:45:10.496+0530] {logging_mixin.py:190} INFO - [2026-07-17T20:45:10.496+0530] {dagbag.py:588} INFO - Filling up the DagBag from /Users/bhavishyachallagolla/Desktop/RetailSense/.venv/lib/python3.12/site-packages/airflow/example_dags/example_nested_branch_dag.py
[2026-07-17T20:45:10.509+0530] {processor.py:925} INFO - DAG(s) 'example_nested_branch_dag' retrieved from /Users/bhavishyachallagolla/Desktop/RetailSense/.venv/lib/python3.12/site-packages/airflow/example_dags/example_nested_branch_dag.py
[2026-07-17T20:45:10.533+0530] {logging_mixin.py:190} INFO - [2026-07-17T20:45:10.533+0530] {dag.py:3239} INFO - Sync 1 DAGs
[2026-07-17T20:45:10.538+0530] {logging_mixin.py:190} INFO - [2026-07-17T20:45:10.538+0530] {dag.py:4180} INFO - Setting next_dagrun for example_nested_branch_dag to 2026-07-16 00:00:00+00:00, run_after=2026-07-17 00:00:00+00:00
[2026-07-17T20:45:10.543+0530] {processor.py:208} INFO - Processing /Users/bhavishyachallagolla/Desktop/RetailSense/.venv/lib/python3.12/site-packages/airflow/example_dags/example_nested_branch_dag.py took 0.048 seconds
[2026-07-17T20:46:51.743+0530] {processor.py:186} INFO - Started process (PID=90800) to work on /Users/bhavishyachallagolla/Desktop/RetailSense/.venv/lib/python3.12/site-packages/airflow/example_dags/example_nested_branch_dag.py
[2026-07-17T20:46:51.744+0530] {processor.py:914} INFO - Processing file /Users/bhavishyachallagolla/Desktop/RetailSense/.venv/lib/python3.12/site-packages/airflow/example_dags/example_nested_branch_dag.py for tasks to queue
[2026-07-17T20:46:51.744+0530] {logging_mixin.py:190} INFO - [2026-07-17T20:46:51.744+0530] {dagbag.py:588} INFO - Filling up the DagBag from /Users/bhavishyachallagolla/Desktop/RetailSense/.venv/lib/python3.12/site-packages/airflow/example_dags/example_nested_branch_dag.py
[2026-07-17T20:46:51.756+0530] {processor.py:925} INFO - DAG(s) 'example_nested_branch_dag' retrieved from /Users/bhavishyachallagolla/Desktop/RetailSense/.venv/lib/python3.12/site-packages/airflow/example_dags/example_nested_branch_dag.py
[2026-07-17T20:46:51.781+0530] {logging_mixin.py:190} INFO - [2026-07-17T20:46:51.781+0530] {dag.py:3239} INFO - Sync 1 DAGs
[2026-07-17T20:46:51.786+0530] {logging_mixin.py:190} INFO - [2026-07-17T20:46:51.786+0530] {dag.py:4180} INFO - Setting next_dagrun for example_nested_branch_dag to 2026-07-16 00:00:00+00:00, run_after=2026-07-17 00:00:00+00:00
[2026-07-17T20:46:51.790+0530] {processor.py:208} INFO - Processing /Users/bhavishyachallagolla/Desktop/RetailSense/.venv/lib/python3.12/site-packages/airflow/example_dags/example_nested_branch_dag.py took 0.048 seconds
[2026-07-17T20:48:32.321+0530] {processor.py:186} INFO - Started process (PID=90954) to work on /Users/bhavishyachallagolla/Desktop/RetailSense/.venv/lib/python3.12/site-packages/airflow/example_dags/example_nested_branch_dag.py
[2026-07-17T20:48:32.322+0530] {processor.py:914} INFO - Processing file /Users/bhavishyachallagolla/Desktop/RetailSense/.venv/lib/python3.12/site-packages/airflow/example_dags/example_nested_branch_dag.py for tasks to queue
[2026-07-17T20:48:32.322+0530] {logging_mixin.py:190} INFO - [2026-07-17T20:48:32.322+0530] {dagbag.py:588} INFO - Filling up the DagBag from /Users/bhavishyachallagolla/Desktop/RetailSense/.venv/lib/python3.12/site-packages/airflow/example_dags/example_nested_branch_dag.py
[2026-07-17T20:48:32.335+0530] {processor.py:925} INFO - DAG(s) 'example_nested_branch_dag' retrieved from /Users/bhavishyachallagolla/Desktop/RetailSense/.venv/lib/python3.12/site-packages/airflow/example_dags/example_nested_branch_dag.py
[2026-07-17T20:48:32.359+0530] {logging_mixin.py:190} INFO - [2026-07-17T20:48:32.359+0530] {dag.py:3239} INFO - Sync 1 DAGs
[2026-07-17T20:48:32.364+0530] {logging_mixin.py:190} INFO - [2026-07-17T20:48:32.364+0530] {dag.py:4180} INFO - Setting next_dagrun for example_nested_branch_dag to 2026-07-16 00:00:00+00:00, run_after=2026-07-17 00:00:00+00:00
[2026-07-17T20:48:32.368+0530] {processor.py:208} INFO - Processing /Users/bhavishyachallagolla/Desktop/RetailSense/.venv/lib/python3.12/site-packages/airflow/example_dags/example_nested_branch_dag.py took 0.049 seconds
[2026-07-17T20:50:10.407+0530] {processor.py:186} INFO - Started process (PID=91121) to work on /Users/bhavishyachallagolla/Desktop/RetailSense/.venv/lib/python3.12/site-packages/airflow/example_dags/example_nested_branch_dag.py
[2026-07-17T20:50:10.408+0530] {processor.py:914} INFO - Processing file /Users/bhavishyachallagolla/Desktop/RetailSense/.venv/lib/python3.12/site-packages/airflow/example_dags/example_nested_branch_dag.py for tasks to queue
[2026-07-17T20:50:10.409+0530] {logging_mixin.py:190} INFO - [2026-07-17T20:50:10.409+0530] {dagbag.py:588} INFO - Filling up the DagBag from /Users/bhavishyachallagolla/Desktop/RetailSense/.venv/lib/python3.12/site-packages/airflow/example_dags/example_nested_branch_dag.py
[2026-07-17T20:50:10.421+0530] {processor.py:925} INFO - DAG(s) 'example_nested_branch_dag' retrieved from /Users/bhavishyachallagolla/Desktop/RetailSense/.venv/lib/python3.12/site-packages/airflow/example_dags/example_nested_branch_dag.py
[2026-07-17T20:50:10.446+0530] {logging_mixin.py:190} INFO - [2026-07-17T20:50:10.446+0530] {dag.py:3239} INFO - Sync 1 DAGs
[2026-07-17T20:50:10.451+0530] {logging_mixin.py:190} INFO - [2026-07-17T20:50:10.451+0530] {dag.py:4180} INFO - Setting next_dagrun for example_nested_branch_dag to 2026-07-16 00:00:00+00:00, run_after=2026-07-17 00:00:00+00:00
[2026-07-17T20:50:10.456+0530] {processor.py:208} INFO - Processing /Users/bhavishyachallagolla/Desktop/RetailSense/.venv/lib/python3.12/site-packages/airflow/example_dags/example_nested_branch_dag.py took 0.049 seconds
[2026-07-17T20:51:50.678+0530] {processor.py:186} INFO - Started process (PID=91271) to work on /Users/bhavishyachallagolla/Desktop/RetailSense/.venv/lib/python3.12/site-packages/airflow/example_dags/example_nested_branch_dag.py
[2026-07-17T20:51:50.678+0530] {processor.py:914} INFO - Processing file /Users/bhavishyachallagolla/Desktop/RetailSense/.venv/lib/python3.12/site-packages/airflow/example_dags/example_nested_branch_dag.py for tasks to queue
[2026-07-17T20:51:50.679+0530] {logging_mixin.py:190} INFO - [2026-07-17T20:51:50.679+0530] {dagbag.py:588} INFO - Filling up the DagBag from /Users/bhavishyachallagolla/Desktop/RetailSense/.venv/lib/python3.12/site-packages/airflow/example_dags/example_nested_branch_dag.py
[2026-07-17T20:51:50.691+0530] {processor.py:925} INFO - DAG(s) 'example_nested_branch_dag' retrieved from /Users/bhavishyachallagolla/Desktop/RetailSense/.venv/lib/python3.12/site-packages/airflow/example_dags/example_nested_branch_dag.py
[2026-07-17T20:51:50.715+0530] {logging_mixin.py:190} INFO - [2026-07-17T20:51:50.715+0530] {dag.py:3239} INFO - Sync 1 DAGs
[2026-07-17T20:51:50.720+0530] {logging_mixin.py:190} INFO - [2026-07-17T20:51:50.720+0530] {dag.py:4180} INFO - Setting next_dagrun for example_nested_branch_dag to 2026-07-16 00:00:00+00:00, run_after=2026-07-17 00:00:00+00:00
[2026-07-17T20:51:50.724+0530] {processor.py:208} INFO - Processing /Users/bhavishyachallagolla/Desktop/RetailSense/.venv/lib/python3.12/site-packages/airflow/example_dags/example_nested_branch_dag.py took 0.048 seconds
[2026-07-17T20:53:31.545+0530] {processor.py:186} INFO - Started process (PID=91420) to work on /Users/bhavishyachallagolla/Desktop/RetailSense/.venv/lib/python3.12/site-packages/airflow/example_dags/example_nested_branch_dag.py
[2026-07-17T20:53:31.546+0530] {processor.py:914} INFO - Processing file /Users/bhavishyachallagolla/Desktop/RetailSense/.venv/lib/python3.12/site-packages/airflow/example_dags/example_nested_branch_dag.py for tasks to queue
[2026-07-17T20:53:31.546+0530] {logging_mixin.py:190} INFO - [2026-07-17T20:53:31.546+0530] {dagbag.py:588} INFO - Filling up the DagBag from /Users/bhavishyachallagolla/Desktop/RetailSense/.venv/lib/python3.12/site-packages/airflow/example_dags/example_nested_branch_dag.py
[2026-07-17T20:53:31.559+0530] {processor.py:925} INFO - DAG(s) 'example_nested_branch_dag' retrieved from /Users/bhavishyachallagolla/Desktop/RetailSense/.venv/lib/python3.12/site-packages/airflow/example_dags/example_nested_branch_dag.py
[2026-07-17T20:53:31.583+0530] {logging_mixin.py:190} INFO - [2026-07-17T20:53:31.583+0530] {dag.py:3239} INFO - Sync 1 DAGs
[2026-07-17T20:53:31.588+0530] {logging_mixin.py:190} INFO - [2026-07-17T20:53:31.588+0530] {dag.py:4180} INFO - Setting next_dagrun for example_nested_branch_dag to 2026-07-16 00:00:00+00:00, run_after=2026-07-17 00:00:00+00:00
[2026-07-17T20:53:31.592+0530] {processor.py:208} INFO - Processing /Users/bhavishyachallagolla/Desktop/RetailSense/.venv/lib/python3.12/site-packages/airflow/example_dags/example_nested_branch_dag.py took 0.048 seconds
[2026-07-17T20:55:13.188+0530] {processor.py:186} INFO - Started process (PID=91586) to work on /Users/bhavishyachallagolla/Desktop/RetailSense/.venv/lib/python3.12/site-packages/airflow/example_dags/example_nested_branch_dag.py
[2026-07-17T20:55:13.189+0530] {processor.py:914} INFO - Processing file /Users/bhavishyachallagolla/Desktop/RetailSense/.venv/lib/python3.12/site-packages/airflow/example_dags/example_nested_branch_dag.py for tasks to queue
[2026-07-17T20:55:13.189+0530] {logging_mixin.py:190} INFO - [2026-07-17T20:55:13.189+0530] {dagbag.py:588} INFO - Filling up the DagBag from /Users/bhavishyachallagolla/Desktop/RetailSense/.venv/lib/python3.12/site-packages/airflow/example_dags/example_nested_branch_dag.py
[2026-07-17T20:55:13.202+0530] {processor.py:925} INFO - DAG(s) 'example_nested_branch_dag' retrieved from /Users/bhavishyachallagolla/Desktop/RetailSense/.venv/lib/python3.12/site-packages/airflow/example_dags/example_nested_branch_dag.py
[2026-07-17T20:55:13.227+0530] {logging_mixin.py:190} INFO - [2026-07-17T20:55:13.227+0530] {dag.py:3239} INFO - Sync 1 DAGs
[2026-07-17T20:55:13.232+0530] {logging_mixin.py:190} INFO - [2026-07-17T20:55:13.232+0530] {dag.py:4180} INFO - Setting next_dagrun for example_nested_branch_dag to 2026-07-16 00:00:00+00:00, run_after=2026-07-17 00:00:00+00:00
[2026-07-17T20:55:13.237+0530] {processor.py:208} INFO - Processing /Users/bhavishyachallagolla/Desktop/RetailSense/.venv/lib/python3.12/site-packages/airflow/example_dags/example_nested_branch_dag.py took 0.050 seconds
[2026-07-17T20:56:53.905+0530] {processor.py:186} INFO - Started process (PID=91736) to work on /Users/bhavishyachallagolla/Desktop/RetailSense/.venv/lib/python3.12/site-packages/airflow/example_dags/example_nested_branch_dag.py
[2026-07-17T20:56:53.906+0530] {processor.py:914} INFO - Processing file /Users/bhavishyachallagolla/Desktop/RetailSense/.venv/lib/python3.12/site-packages/airflow/example_dags/example_nested_branch_dag.py for tasks to queue
[2026-07-17T20:56:53.906+0530] {logging_mixin.py:190} INFO - [2026-07-17T20:56:53.906+0530] {dagbag.py:588} INFO - Filling up the DagBag from /Users/bhavishyachallagolla/Desktop/RetailSense/.venv/lib/python3.12/site-packages/airflow/example_dags/example_nested_branch_dag.py
[2026-07-17T20:56:53.919+0530] {processor.py:925} INFO - DAG(s) 'example_nested_branch_dag' retrieved from /Users/bhavishyachallagolla/Desktop/RetailSense/.venv/lib/python3.12/site-packages/airflow/example_dags/example_nested_branch_dag.py
[2026-07-17T20:56:53.944+0530] {logging_mixin.py:190} INFO - [2026-07-17T20:56:53.944+0530] {dag.py:3239} INFO - Sync 1 DAGs
[2026-07-17T20:56:53.948+0530] {logging_mixin.py:190} INFO - [2026-07-17T20:56:53.948+0530] {dag.py:4180} INFO - Setting next_dagrun for example_nested_branch_dag to 2026-07-16 00:00:00+00:00, run_after=2026-07-17 00:00:00+00:00
[2026-07-17T20:56:53.953+0530] {processor.py:208} INFO - Processing /Users/bhavishyachallagolla/Desktop/RetailSense/.venv/lib/python3.12/site-packages/airflow/example_dags/example_nested_branch_dag.py took 0.049 seconds
[2026-07-17T20:58:31.573+0530] {processor.py:186} INFO - Started process (PID=91881) to work on /Users/bhavishyachallagolla/Desktop/RetailSense/.venv/lib/python3.12/site-packages/airflow/example_dags/example_nested_branch_dag.py
[2026-07-17T20:58:31.573+0530] {processor.py:914} INFO - Processing file /Users/bhavishyachallagolla/Desktop/RetailSense/.venv/lib/python3.12/site-packages/airflow/example_dags/example_nested_branch_dag.py for tasks to queue
[2026-07-17T20:58:31.574+0530] {logging_mixin.py:190} INFO - [2026-07-17T20:58:31.574+0530] {dagbag.py:588} INFO - Filling up the DagBag from /Users/bhavishyachallagolla/Desktop/RetailSense/.venv/lib/python3.12/site-packages/airflow/example_dags/example_nested_branch_dag.py
[2026-07-17T20:58:31.586+0530] {processor.py:925} INFO - DAG(s) 'example_nested_branch_dag' retrieved from /Users/bhavishyachallagolla/Desktop/RetailSense/.venv/lib/python3.12/site-packages/airflow/example_dags/example_nested_branch_dag.py
[2026-07-17T20:58:31.611+0530] {logging_mixin.py:190} INFO - [2026-07-17T20:58:31.611+0530] {dag.py:3239} INFO - Sync 1 DAGs
[2026-07-17T20:58:31.616+0530] {logging_mixin.py:190} INFO - [2026-07-17T20:58:31.616+0530] {dag.py:4180} INFO - Setting next_dagrun for example_nested_branch_dag to 2026-07-16 00:00:00+00:00, run_after=2026-07-17 00:00:00+00:00
[2026-07-17T20:58:31.620+0530] {processor.py:208} INFO - Processing /Users/bhavishyachallagolla/Desktop/RetailSense/.venv/lib/python3.12/site-packages/airflow/example_dags/example_nested_branch_dag.py took 0.049 seconds
[2026-07-17T22:05:31.277+0530] {processor.py:186} INFO - Started process (PID=92041) to work on /Users/bhavishyachallagolla/Desktop/RetailSense/.venv/lib/python3.12/site-packages/airflow/example_dags/example_nested_branch_dag.py
[2026-07-17T22:05:31.278+0530] {processor.py:914} INFO - Processing file /Users/bhavishyachallagolla/Desktop/RetailSense/.venv/lib/python3.12/site-packages/airflow/example_dags/example_nested_branch_dag.py for tasks to queue
[2026-07-17T22:05:31.278+0530] {logging_mixin.py:190} INFO - [2026-07-17T22:05:31.278+0530] {dagbag.py:588} INFO - Filling up the DagBag from /Users/bhavishyachallagolla/Desktop/RetailSense/.venv/lib/python3.12/site-packages/airflow/example_dags/example_nested_branch_dag.py
[2026-07-17T22:05:31.290+0530] {processor.py:925} INFO - DAG(s) 'example_nested_branch_dag' retrieved from /Users/bhavishyachallagolla/Desktop/RetailSense/.venv/lib/python3.12/site-packages/airflow/example_dags/example_nested_branch_dag.py
[2026-07-17T22:05:31.312+0530] {logging_mixin.py:190} INFO - [2026-07-17T22:05:31.312+0530] {dag.py:3239} INFO - Sync 1 DAGs
[2026-07-17T22:05:31.316+0530] {logging_mixin.py:190} INFO - [2026-07-17T22:05:31.316+0530] {dag.py:4180} INFO - Setting next_dagrun for example_nested_branch_dag to 2026-07-16 00:00:00+00:00, run_after=2026-07-17 00:00:00+00:00
[2026-07-17T22:05:31.320+0530] {processor.py:208} INFO - Processing /Users/bhavishyachallagolla/Desktop/RetailSense/.venv/lib/python3.12/site-packages/airflow/example_dags/example_nested_branch_dag.py took 0.044 seconds
[2026-07-17T22:22:52.086+0530] {processor.py:186} INFO - Started process (PID=92141) to work on /Users/bhavishyachallagolla/Desktop/RetailSense/.venv/lib/python3.12/site-packages/airflow/example_dags/example_nested_branch_dag.py
[2026-07-17T22:22:52.087+0530] {processor.py:914} INFO - Processing file /Users/bhavishyachallagolla/Desktop/RetailSense/.venv/lib/python3.12/site-packages/airflow/example_dags/example_nested_branch_dag.py for tasks to queue
[2026-07-17T22:22:52.087+0530] {logging_mixin.py:190} INFO - [2026-07-17T22:22:52.087+0530] {dagbag.py:588} INFO - Filling up the DagBag from /Users/bhavishyachallagolla/Desktop/RetailSense/.venv/lib/python3.12/site-packages/airflow/example_dags/example_nested_branch_dag.py
[2026-07-17T22:22:52.099+0530] {processor.py:925} INFO - DAG(s) 'example_nested_branch_dag' retrieved from /Users/bhavishyachallagolla/Desktop/RetailSense/.venv/lib/python3.12/site-packages/airflow/example_dags/example_nested_branch_dag.py
[2026-07-17T22:22:52.123+0530] {logging_mixin.py:190} INFO - [2026-07-17T22:22:52.123+0530] {dag.py:3239} INFO - Sync 1 DAGs
[2026-07-17T22:22:52.127+0530] {logging_mixin.py:190} INFO - [2026-07-17T22:22:52.127+0530] {dag.py:4180} INFO - Setting next_dagrun for example_nested_branch_dag to 2026-07-16 00:00:00+00:00, run_after=2026-07-17 00:00:00+00:00
[2026-07-17T22:22:52.132+0530] {processor.py:208} INFO - Processing /Users/bhavishyachallagolla/Desktop/RetailSense/.venv/lib/python3.12/site-packages/airflow/example_dags/example_nested_branch_dag.py took 0.047 seconds
[2026-07-17T22:24:10.944+0530] {processor.py:186} INFO - Started process (PID=92262) to work on /Users/bhavishyachallagolla/Desktop/RetailSense/.venv/lib/python3.12/site-packages/airflow/example_dags/example_nested_branch_dag.py
[2026-07-17T22:24:10.944+0530] {processor.py:914} INFO - Processing file /Users/bhavishyachallagolla/Desktop/RetailSense/.venv/lib/python3.12/site-packages/airflow/example_dags/example_nested_branch_dag.py for tasks to queue
[2026-07-17T22:24:10.945+0530] {logging_mixin.py:190} INFO - [2026-07-17T22:24:10.945+0530] {dagbag.py:588} INFO - Filling up the DagBag from /Users/bhavishyachallagolla/Desktop/RetailSense/.venv/lib/python3.12/site-packages/airflow/example_dags/example_nested_branch_dag.py
[2026-07-17T22:24:10.957+0530] {processor.py:925} INFO - DAG(s) 'example_nested_branch_dag' retrieved from /Users/bhavishyachallagolla/Desktop/RetailSense/.venv/lib/python3.12/site-packages/airflow/example_dags/example_nested_branch_dag.py
[2026-07-17T22:24:10.981+0530] {logging_mixin.py:190} INFO - [2026-07-17T22:24:10.981+0530] {dag.py:3239} INFO - Sync 1 DAGs
[2026-07-17T22:24:10.986+0530] {logging_mixin.py:190} INFO - [2026-07-17T22:24:10.986+0530] {dag.py:4180} INFO - Setting next_dagrun for example_nested_branch_dag to 2026-07-16 00:00:00+00:00, run_after=2026-07-17 00:00:00+00:00
[2026-07-17T22:24:10.990+0530] {processor.py:208} INFO - Processing /Users/bhavishyachallagolla/Desktop/RetailSense/.venv/lib/python3.12/site-packages/airflow/example_dags/example_nested_branch_dag.py took 0.047 seconds
[2026-07-17T22:25:50.064+0530] {processor.py:186} INFO - Started process (PID=92412) to work on /Users/bhavishyachallagolla/Desktop/RetailSense/.venv/lib/python3.12/site-packages/airflow/example_dags/example_nested_branch_dag.py
[2026-07-17T22:25:50.064+0530] {processor.py:914} INFO - Processing file /Users/bhavishyachallagolla/Desktop/RetailSense/.venv/lib/python3.12/site-packages/airflow/example_dags/example_nested_branch_dag.py for tasks to queue
[2026-07-17T22:25:50.065+0530] {logging_mixin.py:190} INFO - [2026-07-17T22:25:50.065+0530] {dagbag.py:588} INFO - Filling up the DagBag from /Users/bhavishyachallagolla/Desktop/RetailSense/.venv/lib/python3.12/site-packages/airflow/example_dags/example_nested_branch_dag.py
[2026-07-17T22:25:50.077+0530] {processor.py:925} INFO - DAG(s) 'example_nested_branch_dag' retrieved from /Users/bhavishyachallagolla/Desktop/RetailSense/.venv/lib/python3.12/site-packages/airflow/example_dags/example_nested_branch_dag.py
[2026-07-17T22:25:50.101+0530] {logging_mixin.py:190} INFO - [2026-07-17T22:25:50.101+0530] {dag.py:3239} INFO - Sync 1 DAGs
[2026-07-17T22:25:50.106+0530] {logging_mixin.py:190} INFO - [2026-07-17T22:25:50.106+0530] {dag.py:4180} INFO - Setting next_dagrun for example_nested_branch_dag to 2026-07-16 00:00:00+00:00, run_after=2026-07-17 00:00:00+00:00
[2026-07-17T22:25:50.111+0530] {processor.py:208} INFO - Processing /Users/bhavishyachallagolla/Desktop/RetailSense/.venv/lib/python3.12/site-packages/airflow/example_dags/example_nested_branch_dag.py took 0.048 seconds
[2026-07-17T22:27:31.020+0530] {processor.py:186} INFO - Started process (PID=92562) to work on /Users/bhavishyachallagolla/Desktop/RetailSense/.venv/lib/python3.12/site-packages/airflow/example_dags/example_nested_branch_dag.py
[2026-07-17T22:27:31.021+0530] {processor.py:914} INFO - Processing file /Users/bhavishyachallagolla/Desktop/RetailSense/.venv/lib/python3.12/site-packages/airflow/example_dags/example_nested_branch_dag.py for tasks to queue
[2026-07-17T22:27:31.021+0530] {logging_mixin.py:190} INFO - [2026-07-17T22:27:31.021+0530] {dagbag.py:588} INFO - Filling up the DagBag from /Users/bhavishyachallagolla/Desktop/RetailSense/.venv/lib/python3.12/site-packages/airflow/example_dags/example_nested_branch_dag.py
[2026-07-17T22:27:31.033+0530] {processor.py:925} INFO - DAG(s) 'example_nested_branch_dag' retrieved from /Users/bhavishyachallagolla/Desktop/RetailSense/.venv/lib/python3.12/site-packages/airflow/example_dags/example_nested_branch_dag.py
[2026-07-17T22:27:31.058+0530] {logging_mixin.py:190} INFO - [2026-07-17T22:27:31.058+0530] {dag.py:3239} INFO - Sync 1 DAGs
[2026-07-17T22:27:31.063+0530] {logging_mixin.py:190} INFO - [2026-07-17T22:27:31.063+0530] {dag.py:4180} INFO - Setting next_dagrun for example_nested_branch_dag to 2026-07-16 00:00:00+00:00, run_after=2026-07-17 00:00:00+00:00
[2026-07-17T22:27:31.068+0530] {processor.py:208} INFO - Processing /Users/bhavishyachallagolla/Desktop/RetailSense/.venv/lib/python3.12/site-packages/airflow/example_dags/example_nested_branch_dag.py took 0.049 seconds
[2026-07-17T22:29:10.687+0530] {processor.py:186} INFO - Started process (PID=92712) to work on /Users/bhavishyachallagolla/Desktop/RetailSense/.venv/lib/python3.12/site-packages/airflow/example_dags/example_nested_branch_dag.py
[2026-07-17T22:29:10.688+0530] {processor.py:914} INFO - Processing file /Users/bhavishyachallagolla/Desktop/RetailSense/.venv/lib/python3.12/site-packages/airflow/example_dags/example_nested_branch_dag.py for tasks to queue
[2026-07-17T22:29:10.688+0530] {logging_mixin.py:190} INFO - [2026-07-17T22:29:10.688+0530] {dagbag.py:588} INFO - Filling up the DagBag from /Users/bhavishyachallagolla/Desktop/RetailSense/.venv/lib/python3.12/site-packages/airflow/example_dags/example_nested_branch_dag.py
[2026-07-17T22:29:10.700+0530] {processor.py:925} INFO - DAG(s) 'example_nested_branch_dag' retrieved from /Users/bhavishyachallagolla/Desktop/RetailSense/.venv/lib/python3.12/site-packages/airflow/example_dags/example_nested_branch_dag.py
[2026-07-17T22:29:10.725+0530] {logging_mixin.py:190} INFO - [2026-07-17T22:29:10.724+0530] {dag.py:3239} INFO - Sync 1 DAGs
[2026-07-17T22:29:10.729+0530] {logging_mixin.py:190} INFO - [2026-07-17T22:29:10.729+0530] {dag.py:4180} INFO - Setting next_dagrun for example_nested_branch_dag to 2026-07-16 00:00:00+00:00, run_after=2026-07-17 00:00:00+00:00
[2026-07-17T22:29:10.734+0530] {processor.py:208} INFO - Processing /Users/bhavishyachallagolla/Desktop/RetailSense/.venv/lib/python3.12/site-packages/airflow/example_dags/example_nested_branch_dag.py took 0.047 seconds
[2026-07-17T22:30:49.362+0530] {processor.py:186} INFO - Started process (PID=92861) to work on /Users/bhavishyachallagolla/Desktop/RetailSense/.venv/lib/python3.12/site-packages/airflow/example_dags/example_nested_branch_dag.py
[2026-07-17T22:30:49.363+0530] {processor.py:914} INFO - Processing file /Users/bhavishyachallagolla/Desktop/RetailSense/.venv/lib/python3.12/site-packages/airflow/example_dags/example_nested_branch_dag.py for tasks to queue
[2026-07-17T22:30:49.363+0530] {logging_mixin.py:190} INFO - [2026-07-17T22:30:49.363+0530] {dagbag.py:588} INFO - Filling up the DagBag from /Users/bhavishyachallagolla/Desktop/RetailSense/.venv/lib/python3.12/site-packages/airflow/example_dags/example_nested_branch_dag.py
[2026-07-17T22:30:49.375+0530] {processor.py:925} INFO - DAG(s) 'example_nested_branch_dag' retrieved from /Users/bhavishyachallagolla/Desktop/RetailSense/.venv/lib/python3.12/site-packages/airflow/example_dags/example_nested_branch_dag.py
[2026-07-17T22:30:49.399+0530] {logging_mixin.py:190} INFO - [2026-07-17T22:30:49.399+0530] {dag.py:3239} INFO - Sync 1 DAGs
[2026-07-17T22:30:49.404+0530] {logging_mixin.py:190} INFO - [2026-07-17T22:30:49.404+0530] {dag.py:4180} INFO - Setting next_dagrun for example_nested_branch_dag to 2026-07-16 00:00:00+00:00, run_after=2026-07-17 00:00:00+00:00
[2026-07-17T22:30:49.409+0530] {processor.py:208} INFO - Processing /Users/bhavishyachallagolla/Desktop/RetailSense/.venv/lib/python3.12/site-packages/airflow/example_dags/example_nested_branch_dag.py took 0.048 seconds
[2026-07-17T22:32:31.527+0530] {processor.py:186} INFO - Started process (PID=93021) to work on /Users/bhavishyachallagolla/Desktop/RetailSense/.venv/lib/python3.12/site-packages/airflow/example_dags/example_nested_branch_dag.py
[2026-07-17T22:32:31.528+0530] {processor.py:914} INFO - Processing file /Users/bhavishyachallagolla/Desktop/RetailSense/.venv/lib/python3.12/site-packages/airflow/example_dags/example_nested_branch_dag.py for tasks to queue
[2026-07-17T22:32:31.528+0530] {logging_mixin.py:190} INFO - [2026-07-17T22:32:31.528+0530] {dagbag.py:588} INFO - Filling up the DagBag from /Users/bhavishyachallagolla/Desktop/RetailSense/.venv/lib/python3.12/site-packages/airflow/example_dags/example_nested_branch_dag.py
[2026-07-17T22:32:31.541+0530] {processor.py:925} INFO - DAG(s) 'example_nested_branch_dag' retrieved from /Users/bhavishyachallagolla/Desktop/RetailSense/.venv/lib/python3.12/site-packages/airflow/example_dags/example_nested_branch_dag.py
[2026-07-17T22:32:31.565+0530] {logging_mixin.py:190} INFO - [2026-07-17T22:32:31.565+0530] {dag.py:3239} INFO - Sync 1 DAGs
[2026-07-17T22:32:31.570+0530] {logging_mixin.py:190} INFO - [2026-07-17T22:32:31.570+0530] {dag.py:4180} INFO - Setting next_dagrun for example_nested_branch_dag to 2026-07-16 00:00:00+00:00, run_after=2026-07-17 00:00:00+00:00
[2026-07-17T22:32:31.575+0530] {processor.py:208} INFO - Processing /Users/bhavishyachallagolla/Desktop/RetailSense/.venv/lib/python3.12/site-packages/airflow/example_dags/example_nested_branch_dag.py took 0.049 seconds
[2026-07-17T22:34:08.883+0530] {processor.py:186} INFO - Started process (PID=93167) to work on /Users/bhavishyachallagolla/Desktop/RetailSense/.venv/lib/python3.12/site-packages/airflow/example_dags/example_nested_branch_dag.py
[2026-07-17T22:34:08.884+0530] {processor.py:914} INFO - Processing file /Users/bhavishyachallagolla/Desktop/RetailSense/.venv/lib/python3.12/site-packages/airflow/example_dags/example_nested_branch_dag.py for tasks to queue
[2026-07-17T22:34:08.884+0530] {logging_mixin.py:190} INFO - [2026-07-17T22:34:08.884+0530] {dagbag.py:588} INFO - Filling up the DagBag from /Users/bhavishyachallagolla/Desktop/RetailSense/.venv/lib/python3.12/site-packages/airflow/example_dags/example_nested_branch_dag.py
[2026-07-17T22:34:08.896+0530] {processor.py:925} INFO - DAG(s) 'example_nested_branch_dag' retrieved from /Users/bhavishyachallagolla/Desktop/RetailSense/.venv/lib/python3.12/site-packages/airflow/example_dags/example_nested_branch_dag.py
[2026-07-17T22:34:08.921+0530] {logging_mixin.py:190} INFO - [2026-07-17T22:34:08.921+0530] {dag.py:3239} INFO - Sync 1 DAGs
[2026-07-17T22:34:08.925+0530] {logging_mixin.py:190} INFO - [2026-07-17T22:34:08.925+0530] {dag.py:4180} INFO - Setting next_dagrun for example_nested_branch_dag to 2026-07-16 00:00:00+00:00, run_after=2026-07-17 00:00:00+00:00
[2026-07-17T22:34:08.930+0530] {processor.py:208} INFO - Processing /Users/bhavishyachallagolla/Desktop/RetailSense/.venv/lib/python3.12/site-packages/airflow/example_dags/example_nested_branch_dag.py took 0.048 seconds
[2026-07-17T22:35:49.875+0530] {processor.py:186} INFO - Started process (PID=93318) to work on /Users/bhavishyachallagolla/Desktop/RetailSense/.venv/lib/python3.12/site-packages/airflow/example_dags/example_nested_branch_dag.py
[2026-07-17T22:35:49.877+0530] {processor.py:914} INFO - Processing file /Users/bhavishyachallagolla/Desktop/RetailSense/.venv/lib/python3.12/site-packages/airflow/example_dags/example_nested_branch_dag.py for tasks to queue
[2026-07-17T22:35:49.877+0530] {logging_mixin.py:190} INFO - [2026-07-17T22:35:49.877+0530] {dagbag.py:588} INFO - Filling up the DagBag from /Users/bhavishyachallagolla/Desktop/RetailSense/.venv/lib/python3.12/site-packages/airflow/example_dags/example_nested_branch_dag.py
[2026-07-17T22:35:49.890+0530] {processor.py:925} INFO - DAG(s) 'example_nested_branch_dag' retrieved from /Users/bhavishyachallagolla/Desktop/RetailSense/.venv/lib/python3.12/site-packages/airflow/example_dags/example_nested_branch_dag.py
[2026-07-17T22:35:49.914+0530] {logging_mixin.py:190} INFO - [2026-07-17T22:35:49.914+0530] {dag.py:3239} INFO - Sync 1 DAGs
[2026-07-17T22:35:49.919+0530] {logging_mixin.py:190} INFO - [2026-07-17T22:35:49.919+0530] {dag.py:4180} INFO - Setting next_dagrun for example_nested_branch_dag to 2026-07-16 00:00:00+00:00, run_after=2026-07-17 00:00:00+00:00
[2026-07-17T22:35:49.923+0530] {processor.py:208} INFO - Processing /Users/bhavishyachallagolla/Desktop/RetailSense/.venv/lib/python3.12/site-packages/airflow/example_dags/example_nested_branch_dag.py took 0.049 seconds
[2026-07-17T22:37:30.787+0530] {processor.py:186} INFO - Started process (PID=93477) to work on /Users/bhavishyachallagolla/Desktop/RetailSense/.venv/lib/python3.12/site-packages/airflow/example_dags/example_nested_branch_dag.py
[2026-07-17T22:37:30.788+0530] {processor.py:914} INFO - Processing file /Users/bhavishyachallagolla/Desktop/RetailSense/.venv/lib/python3.12/site-packages/airflow/example_dags/example_nested_branch_dag.py for tasks to queue
[2026-07-17T22:37:30.788+0530] {logging_mixin.py:190} INFO - [2026-07-17T22:37:30.788+0530] {dagbag.py:588} INFO - Filling up the DagBag from /Users/bhavishyachallagolla/Desktop/RetailSense/.venv/lib/python3.12/site-packages/airflow/example_dags/example_nested_branch_dag.py
[2026-07-17T22:37:30.801+0530] {processor.py:925} INFO - DAG(s) 'example_nested_branch_dag' retrieved from /Users/bhavishyachallagolla/Desktop/RetailSense/.venv/lib/python3.12/site-packages/airflow/example_dags/example_nested_branch_dag.py
[2026-07-17T22:37:30.825+0530] {logging_mixin.py:190} INFO - [2026-07-17T22:37:30.825+0530] {dag.py:3239} INFO - Sync 1 DAGs
[2026-07-17T22:37:30.830+0530] {logging_mixin.py:190} INFO - [2026-07-17T22:37:30.830+0530] {dag.py:4180} INFO - Setting next_dagrun for example_nested_branch_dag to 2026-07-16 00:00:00+00:00, run_after=2026-07-17 00:00:00+00:00
[2026-07-17T22:37:30.834+0530] {processor.py:208} INFO - Processing /Users/bhavishyachallagolla/Desktop/RetailSense/.venv/lib/python3.12/site-packages/airflow/example_dags/example_nested_branch_dag.py took 0.049 seconds
[2026-07-17T22:39:09.525+0530] {processor.py:186} INFO - Started process (PID=93626) to work on /Users/bhavishyachallagolla/Desktop/RetailSense/.venv/lib/python3.12/site-packages/airflow/example_dags/example_nested_branch_dag.py
[2026-07-17T22:39:09.526+0530] {processor.py:914} INFO - Processing file /Users/bhavishyachallagolla/Desktop/RetailSense/.venv/lib/python3.12/site-packages/airflow/example_dags/example_nested_branch_dag.py for tasks to queue
[2026-07-17T22:39:09.526+0530] {logging_mixin.py:190} INFO - [2026-07-17T22:39:09.526+0530] {dagbag.py:588} INFO - Filling up the DagBag from /Users/bhavishyachallagolla/Desktop/RetailSense/.venv/lib/python3.12/site-packages/airflow/example_dags/example_nested_branch_dag.py
[2026-07-17T22:39:09.538+0530] {processor.py:925} INFO - DAG(s) 'example_nested_branch_dag' retrieved from /Users/bhavishyachallagolla/Desktop/RetailSense/.venv/lib/python3.12/site-packages/airflow/example_dags/example_nested_branch_dag.py
[2026-07-17T22:39:09.562+0530] {logging_mixin.py:190} INFO - [2026-07-17T22:39:09.562+0530] {dag.py:3239} INFO - Sync 1 DAGs
[2026-07-17T22:39:09.567+0530] {logging_mixin.py:190} INFO - [2026-07-17T22:39:09.567+0530] {dag.py:4180} INFO - Setting next_dagrun for example_nested_branch_dag to 2026-07-16 00:00:00+00:00, run_after=2026-07-17 00:00:00+00:00
[2026-07-17T22:39:09.571+0530] {processor.py:208} INFO - Processing /Users/bhavishyachallagolla/Desktop/RetailSense/.venv/lib/python3.12/site-packages/airflow/example_dags/example_nested_branch_dag.py took 0.047 seconds
[2026-07-17T22:40:50.935+0530] {processor.py:186} INFO - Started process (PID=93776) to work on /Users/bhavishyachallagolla/Desktop/RetailSense/.venv/lib/python3.12/site-packages/airflow/example_dags/example_nested_branch_dag.py
[2026-07-17T22:40:50.937+0530] {processor.py:914} INFO - Processing file /Users/bhavishyachallagolla/Desktop/RetailSense/.venv/lib/python3.12/site-packages/airflow/example_dags/example_nested_branch_dag.py for tasks to queue
[2026-07-17T22:40:50.937+0530] {logging_mixin.py:190} INFO - [2026-07-17T22:40:50.937+0530] {dagbag.py:588} INFO - Filling up the DagBag from /Users/bhavishyachallagolla/Desktop/RetailSense/.venv/lib/python3.12/site-packages/airflow/example_dags/example_nested_branch_dag.py
[2026-07-17T22:40:50.950+0530] {processor.py:925} INFO - DAG(s) 'example_nested_branch_dag' retrieved from /Users/bhavishyachallagolla/Desktop/RetailSense/.venv/lib/python3.12/site-packages/airflow/example_dags/example_nested_branch_dag.py
[2026-07-17T22:40:50.975+0530] {logging_mixin.py:190} INFO - [2026-07-17T22:40:50.975+0530] {dag.py:3239} INFO - Sync 1 DAGs
[2026-07-17T22:40:50.980+0530] {logging_mixin.py:190} INFO - [2026-07-17T22:40:50.980+0530] {dag.py:4180} INFO - Setting next_dagrun for example_nested_branch_dag to 2026-07-16 00:00:00+00:00, run_after=2026-07-17 00:00:00+00:00
[2026-07-17T22:40:50.985+0530] {processor.py:208} INFO - Processing /Users/bhavishyachallagolla/Desktop/RetailSense/.venv/lib/python3.12/site-packages/airflow/example_dags/example_nested_branch_dag.py took 0.050 seconds
[2026-07-17T22:42:31.248+0530] {processor.py:186} INFO - Started process (PID=93927) to work on /Users/bhavishyachallagolla/Desktop/RetailSense/.venv/lib/python3.12/site-packages/airflow/example_dags/example_nested_branch_dag.py
[2026-07-17T22:42:31.249+0530] {processor.py:914} INFO - Processing file /Users/bhavishyachallagolla/Desktop/RetailSense/.venv/lib/python3.12/site-packages/airflow/example_dags/example_nested_branch_dag.py for tasks to queue
[2026-07-17T22:42:31.249+0530] {logging_mixin.py:190} INFO - [2026-07-17T22:42:31.249+0530] {dagbag.py:588} INFO - Filling up the DagBag from /Users/bhavishyachallagolla/Desktop/RetailSense/.venv/lib/python3.12/site-packages/airflow/example_dags/example_nested_branch_dag.py
[2026-07-17T22:42:31.261+0530] {processor.py:925} INFO - DAG(s) 'example_nested_branch_dag' retrieved from /Users/bhavishyachallagolla/Desktop/RetailSense/.venv/lib/python3.12/site-packages/airflow/example_dags/example_nested_branch_dag.py
[2026-07-17T22:42:31.286+0530] {logging_mixin.py:190} INFO - [2026-07-17T22:42:31.286+0530] {dag.py:3239} INFO - Sync 1 DAGs
[2026-07-17T22:42:31.290+0530] {logging_mixin.py:190} INFO - [2026-07-17T22:42:31.290+0530] {dag.py:4180} INFO - Setting next_dagrun for example_nested_branch_dag to 2026-07-16 00:00:00+00:00, run_after=2026-07-17 00:00:00+00:00
[2026-07-17T22:42:31.295+0530] {processor.py:208} INFO - Processing /Users/bhavishyachallagolla/Desktop/RetailSense/.venv/lib/python3.12/site-packages/airflow/example_dags/example_nested_branch_dag.py took 0.048 seconds
[2026-07-17T22:44:12.123+0530] {processor.py:186} INFO - Started process (PID=94077) to work on /Users/bhavishyachallagolla/Desktop/RetailSense/.venv/lib/python3.12/site-packages/airflow/example_dags/example_nested_branch_dag.py
[2026-07-17T22:44:12.124+0530] {processor.py:914} INFO - Processing file /Users/bhavishyachallagolla/Desktop/RetailSense/.venv/lib/python3.12/site-packages/airflow/example_dags/example_nested_branch_dag.py for tasks to queue
[2026-07-17T22:44:12.124+0530] {logging_mixin.py:190} INFO - [2026-07-17T22:44:12.124+0530] {dagbag.py:588} INFO - Filling up the DagBag from /Users/bhavishyachallagolla/Desktop/RetailSense/.venv/lib/python3.12/site-packages/airflow/example_dags/example_nested_branch_dag.py
[2026-07-17T22:44:12.136+0530] {processor.py:925} INFO - DAG(s) 'example_nested_branch_dag' retrieved from /Users/bhavishyachallagolla/Desktop/RetailSense/.venv/lib/python3.12/site-packages/airflow/example_dags/example_nested_branch_dag.py
[2026-07-17T22:44:12.161+0530] {logging_mixin.py:190} INFO - [2026-07-17T22:44:12.161+0530] {dag.py:3239} INFO - Sync 1 DAGs
[2026-07-17T22:44:12.166+0530] {logging_mixin.py:190} INFO - [2026-07-17T22:44:12.166+0530] {dag.py:4180} INFO - Setting next_dagrun for example_nested_branch_dag to 2026-07-16 00:00:00+00:00, run_after=2026-07-17 00:00:00+00:00
[2026-07-17T22:44:12.170+0530] {processor.py:208} INFO - Processing /Users/bhavishyachallagolla/Desktop/RetailSense/.venv/lib/python3.12/site-packages/airflow/example_dags/example_nested_branch_dag.py took 0.048 seconds
[2026-07-17T22:45:51.770+0530] {processor.py:186} INFO - Started process (PID=94226) to work on /Users/bhavishyachallagolla/Desktop/RetailSense/.venv/lib/python3.12/site-packages/airflow/example_dags/example_nested_branch_dag.py
[2026-07-17T22:45:51.771+0530] {processor.py:914} INFO - Processing file /Users/bhavishyachallagolla/Desktop/RetailSense/.venv/lib/python3.12/site-packages/airflow/example_dags/example_nested_branch_dag.py for tasks to queue
[2026-07-17T22:45:51.771+0530] {logging_mixin.py:190} INFO - [2026-07-17T22:45:51.771+0530] {dagbag.py:588} INFO - Filling up the DagBag from /Users/bhavishyachallagolla/Desktop/RetailSense/.venv/lib/python3.12/site-packages/airflow/example_dags/example_nested_branch_dag.py
[2026-07-17T22:45:51.783+0530] {processor.py:925} INFO - DAG(s) 'example_nested_branch_dag' retrieved from /Users/bhavishyachallagolla/Desktop/RetailSense/.venv/lib/python3.12/site-packages/airflow/example_dags/example_nested_branch_dag.py
[2026-07-17T22:45:51.807+0530] {logging_mixin.py:190} INFO - [2026-07-17T22:45:51.807+0530] {dag.py:3239} INFO - Sync 1 DAGs
[2026-07-17T22:45:51.811+0530] {logging_mixin.py:190} INFO - [2026-07-17T22:45:51.811+0530] {dag.py:4180} INFO - Setting next_dagrun for example_nested_branch_dag to 2026-07-16 00:00:00+00:00, run_after=2026-07-17 00:00:00+00:00
[2026-07-17T22:45:51.816+0530] {processor.py:208} INFO - Processing /Users/bhavishyachallagolla/Desktop/RetailSense/.venv/lib/python3.12/site-packages/airflow/example_dags/example_nested_branch_dag.py took 0.047 seconds
[2026-07-17T22:47:28.757+0530] {processor.py:186} INFO - Started process (PID=94373) to work on /Users/bhavishyachallagolla/Desktop/RetailSense/.venv/lib/python3.12/site-packages/airflow/example_dags/example_nested_branch_dag.py
[2026-07-17T22:47:28.758+0530] {processor.py:914} INFO - Processing file /Users/bhavishyachallagolla/Desktop/RetailSense/.venv/lib/python3.12/site-packages/airflow/example_dags/example_nested_branch_dag.py for tasks to queue
[2026-07-17T22:47:28.758+0530] {logging_mixin.py:190} INFO - [2026-07-17T22:47:28.758+0530] {dagbag.py:588} INFO - Filling up the DagBag from /Users/bhavishyachallagolla/Desktop/RetailSense/.venv/lib/python3.12/site-packages/airflow/example_dags/example_nested_branch_dag.py
[2026-07-17T22:47:28.770+0530] {processor.py:925} INFO - DAG(s) 'example_nested_branch_dag' retrieved from /Users/bhavishyachallagolla/Desktop/RetailSense/.venv/lib/python3.12/site-packages/airflow/example_dags/example_nested_branch_dag.py
[2026-07-17T22:47:28.794+0530] {logging_mixin.py:190} INFO - [2026-07-17T22:47:28.794+0530] {dag.py:3239} INFO - Sync 1 DAGs
[2026-07-17T22:47:28.799+0530] {logging_mixin.py:190} INFO - [2026-07-17T22:47:28.799+0530] {dag.py:4180} INFO - Setting next_dagrun for example_nested_branch_dag to 2026-07-16 00:00:00+00:00, run_after=2026-07-17 00:00:00+00:00
[2026-07-17T22:47:28.803+0530] {processor.py:208} INFO - Processing /Users/bhavishyachallagolla/Desktop/RetailSense/.venv/lib/python3.12/site-packages/airflow/example_dags/example_nested_branch_dag.py took 0.047 seconds
[2026-07-17T22:49:09.112+0530] {processor.py:186} INFO - Started process (PID=94523) to work on /Users/bhavishyachallagolla/Desktop/RetailSense/.venv/lib/python3.12/site-packages/airflow/example_dags/example_nested_branch_dag.py
[2026-07-17T22:49:09.112+0530] {processor.py:914} INFO - Processing file /Users/bhavishyachallagolla/Desktop/RetailSense/.venv/lib/python3.12/site-packages/airflow/example_dags/example_nested_branch_dag.py for tasks to queue
[2026-07-17T22:49:09.113+0530] {logging_mixin.py:190} INFO - [2026-07-17T22:49:09.113+0530] {dagbag.py:588} INFO - Filling up the DagBag from /Users/bhavishyachallagolla/Desktop/RetailSense/.venv/lib/python3.12/site-packages/airflow/example_dags/example_nested_branch_dag.py
[2026-07-17T22:49:09.125+0530] {processor.py:925} INFO - DAG(s) 'example_nested_branch_dag' retrieved from /Users/bhavishyachallagolla/Desktop/RetailSense/.venv/lib/python3.12/site-packages/airflow/example_dags/example_nested_branch_dag.py
[2026-07-17T22:49:09.150+0530] {logging_mixin.py:190} INFO - [2026-07-17T22:49:09.149+0530] {dag.py:3239} INFO - Sync 1 DAGs
[2026-07-17T22:49:09.154+0530] {logging_mixin.py:190} INFO - [2026-07-17T22:49:09.154+0530] {dag.py:4180} INFO - Setting next_dagrun for example_nested_branch_dag to 2026-07-16 00:00:00+00:00, run_after=2026-07-17 00:00:00+00:00
[2026-07-17T22:49:09.159+0530] {processor.py:208} INFO - Processing /Users/bhavishyachallagolla/Desktop/RetailSense/.venv/lib/python3.12/site-packages/airflow/example_dags/example_nested_branch_dag.py took 0.048 seconds
[2026-07-17T22:51:03.461+0530] {processor.py:186} INFO - Started process (PID=94676) to work on /Users/bhavishyachallagolla/Desktop/RetailSense/.venv/lib/python3.12/site-packages/airflow/example_dags/example_nested_branch_dag.py
[2026-07-17T22:51:03.462+0530] {processor.py:914} INFO - Processing file /Users/bhavishyachallagolla/Desktop/RetailSense/.venv/lib/python3.12/site-packages/airflow/example_dags/example_nested_branch_dag.py for tasks to queue
[2026-07-17T22:51:03.462+0530] {logging_mixin.py:190} INFO - [2026-07-17T22:51:03.462+0530] {dagbag.py:588} INFO - Filling up the DagBag from /Users/bhavishyachallagolla/Desktop/RetailSense/.venv/lib/python3.12/site-packages/airflow/example_dags/example_nested_branch_dag.py
[2026-07-17T22:51:03.475+0530] {processor.py:925} INFO - DAG(s) 'example_nested_branch_dag' retrieved from /Users/bhavishyachallagolla/Desktop/RetailSense/.venv/lib/python3.12/site-packages/airflow/example_dags/example_nested_branch_dag.py
[2026-07-17T22:51:03.500+0530] {logging_mixin.py:190} INFO - [2026-07-17T22:51:03.500+0530] {dag.py:3239} INFO - Sync 1 DAGs
[2026-07-17T22:51:03.505+0530] {logging_mixin.py:190} INFO - [2026-07-17T22:51:03.505+0530] {dag.py:4180} INFO - Setting next_dagrun for example_nested_branch_dag to 2026-07-16 00:00:00+00:00, run_after=2026-07-17 00:00:00+00:00
[2026-07-17T22:51:03.509+0530] {processor.py:208} INFO - Processing /Users/bhavishyachallagolla/Desktop/RetailSense/.venv/lib/python3.12/site-packages/airflow/example_dags/example_nested_branch_dag.py took 0.049 seconds
[2026-07-17T22:52:43.000+0530] {processor.py:186} INFO - Started process (PID=94830) to work on /Users/bhavishyachallagolla/Desktop/RetailSense/.venv/lib/python3.12/site-packages/airflow/example_dags/example_nested_branch_dag.py
[2026-07-17T22:52:43.001+0530] {processor.py:914} INFO - Processing file /Users/bhavishyachallagolla/Desktop/RetailSense/.venv/lib/python3.12/site-packages/airflow/example_dags/example_nested_branch_dag.py for tasks to queue
[2026-07-17T22:52:43.001+0530] {logging_mixin.py:190} INFO - [2026-07-17T22:52:43.001+0530] {dagbag.py:588} INFO - Filling up the DagBag from /Users/bhavishyachallagolla/Desktop/RetailSense/.venv/lib/python3.12/site-packages/airflow/example_dags/example_nested_branch_dag.py
[2026-07-17T22:52:43.014+0530] {processor.py:925} INFO - DAG(s) 'example_nested_branch_dag' retrieved from /Users/bhavishyachallagolla/Desktop/RetailSense/.venv/lib/python3.12/site-packages/airflow/example_dags/example_nested_branch_dag.py
[2026-07-17T22:52:43.039+0530] {logging_mixin.py:190} INFO - [2026-07-17T22:52:43.038+0530] {dag.py:3239} INFO - Sync 1 DAGs
[2026-07-17T22:52:43.043+0530] {logging_mixin.py:190} INFO - [2026-07-17T22:52:43.043+0530] {dag.py:4180} INFO - Setting next_dagrun for example_nested_branch_dag to 2026-07-16 00:00:00+00:00, run_after=2026-07-17 00:00:00+00:00
[2026-07-17T22:52:43.048+0530] {processor.py:208} INFO - Processing /Users/bhavishyachallagolla/Desktop/RetailSense/.venv/lib/python3.12/site-packages/airflow/example_dags/example_nested_branch_dag.py took 0.049 seconds
[2026-07-17T22:54:21.998+0530] {processor.py:186} INFO - Started process (PID=94981) to work on /Users/bhavishyachallagolla/Desktop/RetailSense/.venv/lib/python3.12/site-packages/airflow/example_dags/example_nested_branch_dag.py
[2026-07-17T22:54:22.000+0530] {processor.py:914} INFO - Processing file /Users/bhavishyachallagolla/Desktop/RetailSense/.venv/lib/python3.12/site-packages/airflow/example_dags/example_nested_branch_dag.py for tasks to queue
[2026-07-17T22:54:22.000+0530] {logging_mixin.py:190} INFO - [2026-07-17T22:54:22.000+0530] {dagbag.py:588} INFO - Filling up the DagBag from /Users/bhavishyachallagolla/Desktop/RetailSense/.venv/lib/python3.12/site-packages/airflow/example_dags/example_nested_branch_dag.py
[2026-07-17T22:54:22.012+0530] {processor.py:925} INFO - DAG(s) 'example_nested_branch_dag' retrieved from /Users/bhavishyachallagolla/Desktop/RetailSense/.venv/lib/python3.12/site-packages/airflow/example_dags/example_nested_branch_dag.py
[2026-07-17T22:54:22.036+0530] {logging_mixin.py:190} INFO - [2026-07-17T22:54:22.036+0530] {dag.py:3239} INFO - Sync 1 DAGs
[2026-07-17T22:54:22.040+0530] {logging_mixin.py:190} INFO - [2026-07-17T22:54:22.040+0530] {dag.py:4180} INFO - Setting next_dagrun for example_nested_branch_dag to 2026-07-16 00:00:00+00:00, run_after=2026-07-17 00:00:00+00:00
[2026-07-17T22:54:22.045+0530] {processor.py:208} INFO - Processing /Users/bhavishyachallagolla/Desktop/RetailSense/.venv/lib/python3.12/site-packages/airflow/example_dags/example_nested_branch_dag.py took 0.047 seconds
[2026-07-17T22:56:01.964+0530] {processor.py:186} INFO - Started process (PID=95130) to work on /Users/bhavishyachallagolla/Desktop/RetailSense/.venv/lib/python3.12/site-packages/airflow/example_dags/example_nested_branch_dag.py
[2026-07-17T22:56:01.964+0530] {processor.py:914} INFO - Processing file /Users/bhavishyachallagolla/Desktop/RetailSense/.venv/lib/python3.12/site-packages/airflow/example_dags/example_nested_branch_dag.py for tasks to queue
[2026-07-17T22:56:01.964+0530] {logging_mixin.py:190} INFO - [2026-07-17T22:56:01.964+0530] {dagbag.py:588} INFO - Filling up the DagBag from /Users/bhavishyachallagolla/Desktop/RetailSense/.venv/lib/python3.12/site-packages/airflow/example_dags/example_nested_branch_dag.py
[2026-07-17T22:56:01.978+0530] {processor.py:925} INFO - DAG(s) 'example_nested_branch_dag' retrieved from /Users/bhavishyachallagolla/Desktop/RetailSense/.venv/lib/python3.12/site-packages/airflow/example_dags/example_nested_branch_dag.py
[2026-07-17T22:56:02.004+0530] {logging_mixin.py:190} INFO - [2026-07-17T22:56:02.004+0530] {dag.py:3239} INFO - Sync 1 DAGs
[2026-07-17T22:56:02.009+0530] {logging_mixin.py:190} INFO - [2026-07-17T22:56:02.009+0530] {dag.py:4180} INFO - Setting next_dagrun for example_nested_branch_dag to 2026-07-16 00:00:00+00:00, run_after=2026-07-17 00:00:00+00:00
[2026-07-17T22:56:02.014+0530] {processor.py:208} INFO - Processing /Users/bhavishyachallagolla/Desktop/RetailSense/.venv/lib/python3.12/site-packages/airflow/example_dags/example_nested_branch_dag.py took 0.052 seconds
[2026-07-17T22:57:40.443+0530] {processor.py:186} INFO - Started process (PID=95281) to work on /Users/bhavishyachallagolla/Desktop/RetailSense/.venv/lib/python3.12/site-packages/airflow/example_dags/example_nested_branch_dag.py
[2026-07-17T22:57:40.444+0530] {processor.py:914} INFO - Processing file /Users/bhavishyachallagolla/Desktop/RetailSense/.venv/lib/python3.12/site-packages/airflow/example_dags/example_nested_branch_dag.py for tasks to queue
[2026-07-17T22:57:40.444+0530] {logging_mixin.py:190} INFO - [2026-07-17T22:57:40.444+0530] {dagbag.py:588} INFO - Filling up the DagBag from /Users/bhavishyachallagolla/Desktop/RetailSense/.venv/lib/python3.12/site-packages/airflow/example_dags/example_nested_branch_dag.py
[2026-07-17T22:57:40.456+0530] {processor.py:925} INFO - DAG(s) 'example_nested_branch_dag' retrieved from /Users/bhavishyachallagolla/Desktop/RetailSense/.venv/lib/python3.12/site-packages/airflow/example_dags/example_nested_branch_dag.py
[2026-07-17T22:57:40.481+0530] {logging_mixin.py:190} INFO - [2026-07-17T22:57:40.480+0530] {dag.py:3239} INFO - Sync 1 DAGs
[2026-07-17T22:57:40.485+0530] {logging_mixin.py:190} INFO - [2026-07-17T22:57:40.485+0530] {dag.py:4180} INFO - Setting next_dagrun for example_nested_branch_dag to 2026-07-16 00:00:00+00:00, run_after=2026-07-17 00:00:00+00:00
[2026-07-17T22:57:40.490+0530] {processor.py:208} INFO - Processing /Users/bhavishyachallagolla/Desktop/RetailSense/.venv/lib/python3.12/site-packages/airflow/example_dags/example_nested_branch_dag.py took 0.048 seconds
[2026-07-17T23:00:00.348+0530] {processor.py:186} INFO - Started process (PID=95453) to work on /Users/bhavishyachallagolla/Desktop/RetailSense/.venv/lib/python3.12/site-packages/airflow/example_dags/example_nested_branch_dag.py
[2026-07-17T23:00:00.349+0530] {processor.py:914} INFO - Processing file /Users/bhavishyachallagolla/Desktop/RetailSense/.venv/lib/python3.12/site-packages/airflow/example_dags/example_nested_branch_dag.py for tasks to queue
[2026-07-17T23:00:00.349+0530] {logging_mixin.py:190} INFO - [2026-07-17T23:00:00.349+0530] {dagbag.py:588} INFO - Filling up the DagBag from /Users/bhavishyachallagolla/Desktop/RetailSense/.venv/lib/python3.12/site-packages/airflow/example_dags/example_nested_branch_dag.py
[2026-07-17T23:00:00.362+0530] {processor.py:925} INFO - DAG(s) 'example_nested_branch_dag' retrieved from /Users/bhavishyachallagolla/Desktop/RetailSense/.venv/lib/python3.12/site-packages/airflow/example_dags/example_nested_branch_dag.py
[2026-07-17T23:00:00.387+0530] {logging_mixin.py:190} INFO - [2026-07-17T23:00:00.387+0530] {dag.py:3239} INFO - Sync 1 DAGs
[2026-07-17T23:00:00.392+0530] {logging_mixin.py:190} INFO - [2026-07-17T23:00:00.392+0530] {dag.py:4180} INFO - Setting next_dagrun for example_nested_branch_dag to 2026-07-16 00:00:00+00:00, run_after=2026-07-17 00:00:00+00:00
[2026-07-17T23:00:00.397+0530] {processor.py:208} INFO - Processing /Users/bhavishyachallagolla/Desktop/RetailSense/.venv/lib/python3.12/site-packages/airflow/example_dags/example_nested_branch_dag.py took 0.049 seconds
[2026-07-17T23:02:08.714+0530] {processor.py:186} INFO - Started process (PID=95696) to work on /Users/bhavishyachallagolla/Desktop/RetailSense/.venv/lib/python3.12/site-packages/airflow/example_dags/example_nested_branch_dag.py
[2026-07-17T23:02:08.714+0530] {processor.py:914} INFO - Processing file /Users/bhavishyachallagolla/Desktop/RetailSense/.venv/lib/python3.12/site-packages/airflow/example_dags/example_nested_branch_dag.py for tasks to queue
[2026-07-17T23:02:08.714+0530] {logging_mixin.py:190} INFO - [2026-07-17T23:02:08.714+0530] {dagbag.py:588} INFO - Filling up the DagBag from /Users/bhavishyachallagolla/Desktop/RetailSense/.venv/lib/python3.12/site-packages/airflow/example_dags/example_nested_branch_dag.py
[2026-07-17T23:02:08.727+0530] {processor.py:925} INFO - DAG(s) 'example_nested_branch_dag' retrieved from /Users/bhavishyachallagolla/Desktop/RetailSense/.venv/lib/python3.12/site-packages/airflow/example_dags/example_nested_branch_dag.py
[2026-07-17T23:02:08.752+0530] {logging_mixin.py:190} INFO - [2026-07-17T23:02:08.751+0530] {dag.py:3239} INFO - Sync 1 DAGs
[2026-07-17T23:02:08.756+0530] {logging_mixin.py:190} INFO - [2026-07-17T23:02:08.756+0530] {dag.py:4180} INFO - Setting next_dagrun for example_nested_branch_dag to 2026-07-16 00:00:00+00:00, run_after=2026-07-17 00:00:00+00:00
[2026-07-17T23:02:08.761+0530] {processor.py:208} INFO - Processing /Users/bhavishyachallagolla/Desktop/RetailSense/.venv/lib/python3.12/site-packages/airflow/example_dags/example_nested_branch_dag.py took 0.048 seconds
[2026-07-17T23:03:48.286+0530] {processor.py:186} INFO - Started process (PID=95850) to work on /Users/bhavishyachallagolla/Desktop/RetailSense/.venv/lib/python3.12/site-packages/airflow/example_dags/example_nested_branch_dag.py
[2026-07-17T23:03:48.287+0530] {processor.py:914} INFO - Processing file /Users/bhavishyachallagolla/Desktop/RetailSense/.venv/lib/python3.12/site-packages/airflow/example_dags/example_nested_branch_dag.py for tasks to queue
[2026-07-17T23:03:48.287+0530] {logging_mixin.py:190} INFO - [2026-07-17T23:03:48.287+0530] {dagbag.py:588} INFO - Filling up the DagBag from /Users/bhavishyachallagolla/Desktop/RetailSense/.venv/lib/python3.12/site-packages/airflow/example_dags/example_nested_branch_dag.py
[2026-07-17T23:03:48.300+0530] {processor.py:925} INFO - DAG(s) 'example_nested_branch_dag' retrieved from /Users/bhavishyachallagolla/Desktop/RetailSense/.venv/lib/python3.12/site-packages/airflow/example_dags/example_nested_branch_dag.py
[2026-07-17T23:03:48.324+0530] {logging_mixin.py:190} INFO - [2026-07-17T23:03:48.324+0530] {dag.py:3239} INFO - Sync 1 DAGs
[2026-07-17T23:03:48.329+0530] {logging_mixin.py:190} INFO - [2026-07-17T23:03:48.329+0530] {dag.py:4180} INFO - Setting next_dagrun for example_nested_branch_dag to 2026-07-16 00:00:00+00:00, run_after=2026-07-17 00:00:00+00:00
[2026-07-17T23:03:48.334+0530] {processor.py:208} INFO - Processing /Users/bhavishyachallagolla/Desktop/RetailSense/.venv/lib/python3.12/site-packages/airflow/example_dags/example_nested_branch_dag.py took 0.048 seconds
[2026-07-17T23:05:29.574+0530] {processor.py:186} INFO - Started process (PID=96002) to work on /Users/bhavishyachallagolla/Desktop/RetailSense/.venv/lib/python3.12/site-packages/airflow/example_dags/example_nested_branch_dag.py
[2026-07-17T23:05:29.574+0530] {processor.py:914} INFO - Processing file /Users/bhavishyachallagolla/Desktop/RetailSense/.venv/lib/python3.12/site-packages/airflow/example_dags/example_nested_branch_dag.py for tasks to queue
[2026-07-17T23:05:29.574+0530] {logging_mixin.py:190} INFO - [2026-07-17T23:05:29.574+0530] {dagbag.py:588} INFO - Filling up the DagBag from /Users/bhavishyachallagolla/Desktop/RetailSense/.venv/lib/python3.12/site-packages/airflow/example_dags/example_nested_branch_dag.py
[2026-07-17T23:05:29.587+0530] {processor.py:925} INFO - DAG(s) 'example_nested_branch_dag' retrieved from /Users/bhavishyachallagolla/Desktop/RetailSense/.venv/lib/python3.12/site-packages/airflow/example_dags/example_nested_branch_dag.py
[2026-07-17T23:05:29.611+0530] {logging_mixin.py:190} INFO - [2026-07-17T23:05:29.611+0530] {dag.py:3239} INFO - Sync 1 DAGs
[2026-07-17T23:05:29.616+0530] {logging_mixin.py:190} INFO - [2026-07-17T23:05:29.616+0530] {dag.py:4180} INFO - Setting next_dagrun for example_nested_branch_dag to 2026-07-16 00:00:00+00:00, run_after=2026-07-17 00:00:00+00:00
[2026-07-17T23:05:29.621+0530] {processor.py:208} INFO - Processing /Users/bhavishyachallagolla/Desktop/RetailSense/.venv/lib/python3.12/site-packages/airflow/example_dags/example_nested_branch_dag.py took 0.048 seconds
[2026-07-17T23:07:10.357+0530] {processor.py:186} INFO - Started process (PID=96152) to work on /Users/bhavishyachallagolla/Desktop/RetailSense/.venv/lib/python3.12/site-packages/airflow/example_dags/example_nested_branch_dag.py
[2026-07-17T23:07:10.358+0530] {processor.py:914} INFO - Processing file /Users/bhavishyachallagolla/Desktop/RetailSense/.venv/lib/python3.12/site-packages/airflow/example_dags/example_nested_branch_dag.py for tasks to queue
[2026-07-17T23:07:10.358+0530] {logging_mixin.py:190} INFO - [2026-07-17T23:07:10.358+0530] {dagbag.py:588} INFO - Filling up the DagBag from /Users/bhavishyachallagolla/Desktop/RetailSense/.venv/lib/python3.12/site-packages/airflow/example_dags/example_nested_branch_dag.py
[2026-07-17T23:07:10.370+0530] {processor.py:925} INFO - DAG(s) 'example_nested_branch_dag' retrieved from /Users/bhavishyachallagolla/Desktop/RetailSense/.venv/lib/python3.12/site-packages/airflow/example_dags/example_nested_branch_dag.py
[2026-07-17T23:07:10.395+0530] {logging_mixin.py:190} INFO - [2026-07-17T23:07:10.395+0530] {dag.py:3239} INFO - Sync 1 DAGs
[2026-07-17T23:07:10.400+0530] {logging_mixin.py:190} INFO - [2026-07-17T23:07:10.400+0530] {dag.py:4180} INFO - Setting next_dagrun for example_nested_branch_dag to 2026-07-16 00:00:00+00:00, run_after=2026-07-17 00:00:00+00:00
[2026-07-17T23:07:10.404+0530] {processor.py:208} INFO - Processing /Users/bhavishyachallagolla/Desktop/RetailSense/.venv/lib/python3.12/site-packages/airflow/example_dags/example_nested_branch_dag.py took 0.048 seconds
[2026-07-17T23:08:51.423+0530] {processor.py:186} INFO - Started process (PID=96313) to work on /Users/bhavishyachallagolla/Desktop/RetailSense/.venv/lib/python3.12/site-packages/airflow/example_dags/example_nested_branch_dag.py
[2026-07-17T23:08:51.424+0530] {processor.py:914} INFO - Processing file /Users/bhavishyachallagolla/Desktop/RetailSense/.venv/lib/python3.12/site-packages/airflow/example_dags/example_nested_branch_dag.py for tasks to queue
[2026-07-17T23:08:51.424+0530] {logging_mixin.py:190} INFO - [2026-07-17T23:08:51.424+0530] {dagbag.py:588} INFO - Filling up the DagBag from /Users/bhavishyachallagolla/Desktop/RetailSense/.venv/lib/python3.12/site-packages/airflow/example_dags/example_nested_branch_dag.py
[2026-07-17T23:08:51.436+0530] {processor.py:925} INFO - DAG(s) 'example_nested_branch_dag' retrieved from /Users/bhavishyachallagolla/Desktop/RetailSense/.venv/lib/python3.12/site-packages/airflow/example_dags/example_nested_branch_dag.py
[2026-07-17T23:08:51.460+0530] {logging_mixin.py:190} INFO - [2026-07-17T23:08:51.460+0530] {dag.py:3239} INFO - Sync 1 DAGs
[2026-07-17T23:08:51.465+0530] {logging_mixin.py:190} INFO - [2026-07-17T23:08:51.465+0530] {dag.py:4180} INFO - Setting next_dagrun for example_nested_branch_dag to 2026-07-16 00:00:00+00:00, run_after=2026-07-17 00:00:00+00:00
[2026-07-17T23:08:51.470+0530] {processor.py:208} INFO - Processing /Users/bhavishyachallagolla/Desktop/RetailSense/.venv/lib/python3.12/site-packages/airflow/example_dags/example_nested_branch_dag.py took 0.047 seconds
[2026-07-17T23:10:29.440+0530] {processor.py:186} INFO - Started process (PID=96460) to work on /Users/bhavishyachallagolla/Desktop/RetailSense/.venv/lib/python3.12/site-packages/airflow/example_dags/example_nested_branch_dag.py
[2026-07-17T23:10:29.440+0530] {processor.py:914} INFO - Processing file /Users/bhavishyachallagolla/Desktop/RetailSense/.venv/lib/python3.12/site-packages/airflow/example_dags/example_nested_branch_dag.py for tasks to queue
[2026-07-17T23:10:29.441+0530] {logging_mixin.py:190} INFO - [2026-07-17T23:10:29.441+0530] {dagbag.py:588} INFO - Filling up the DagBag from /Users/bhavishyachallagolla/Desktop/RetailSense/.venv/lib/python3.12/site-packages/airflow/example_dags/example_nested_branch_dag.py
[2026-07-17T23:10:29.454+0530] {processor.py:925} INFO - DAG(s) 'example_nested_branch_dag' retrieved from /Users/bhavishyachallagolla/Desktop/RetailSense/.venv/lib/python3.12/site-packages/airflow/example_dags/example_nested_branch_dag.py
[2026-07-17T23:10:29.479+0530] {logging_mixin.py:190} INFO - [2026-07-17T23:10:29.478+0530] {dag.py:3239} INFO - Sync 1 DAGs
[2026-07-17T23:10:29.484+0530] {logging_mixin.py:190} INFO - [2026-07-17T23:10:29.484+0530] {dag.py:4180} INFO - Setting next_dagrun for example_nested_branch_dag to 2026-07-16 00:00:00+00:00, run_after=2026-07-17 00:00:00+00:00
[2026-07-17T23:10:29.489+0530] {processor.py:208} INFO - Processing /Users/bhavishyachallagolla/Desktop/RetailSense/.venv/lib/python3.12/site-packages/airflow/example_dags/example_nested_branch_dag.py took 0.050 seconds
[2026-07-17T23:12:07.953+0530] {processor.py:186} INFO - Started process (PID=96647) to work on /Users/bhavishyachallagolla/Desktop/RetailSense/.venv/lib/python3.12/site-packages/airflow/example_dags/example_nested_branch_dag.py
[2026-07-17T23:12:07.953+0530] {processor.py:914} INFO - Processing file /Users/bhavishyachallagolla/Desktop/RetailSense/.venv/lib/python3.12/site-packages/airflow/example_dags/example_nested_branch_dag.py for tasks to queue
[2026-07-17T23:12:07.954+0530] {logging_mixin.py:190} INFO - [2026-07-17T23:12:07.954+0530] {dagbag.py:588} INFO - Filling up the DagBag from /Users/bhavishyachallagolla/Desktop/RetailSense/.venv/lib/python3.12/site-packages/airflow/example_dags/example_nested_branch_dag.py
[2026-07-17T23:12:07.966+0530] {processor.py:925} INFO - DAG(s) 'example_nested_branch_dag' retrieved from /Users/bhavishyachallagolla/Desktop/RetailSense/.venv/lib/python3.12/site-packages/airflow/example_dags/example_nested_branch_dag.py
[2026-07-17T23:12:07.991+0530] {logging_mixin.py:190} INFO - [2026-07-17T23:12:07.991+0530] {dag.py:3239} INFO - Sync 1 DAGs
[2026-07-17T23:12:07.996+0530] {logging_mixin.py:190} INFO - [2026-07-17T23:12:07.996+0530] {dag.py:4180} INFO - Setting next_dagrun for example_nested_branch_dag to 2026-07-16 00:00:00+00:00, run_after=2026-07-17 00:00:00+00:00
[2026-07-17T23:12:08.001+0530] {processor.py:208} INFO - Processing /Users/bhavishyachallagolla/Desktop/RetailSense/.venv/lib/python3.12/site-packages/airflow/example_dags/example_nested_branch_dag.py took 0.049 seconds
[2026-07-17T23:13:46.559+0530] {processor.py:186} INFO - Started process (PID=96825) to work on /Users/bhavishyachallagolla/Desktop/RetailSense/.venv/lib/python3.12/site-packages/airflow/example_dags/example_nested_branch_dag.py
[2026-07-17T23:13:46.560+0530] {processor.py:914} INFO - Processing file /Users/bhavishyachallagolla/Desktop/RetailSense/.venv/lib/python3.12/site-packages/airflow/example_dags/example_nested_branch_dag.py for tasks to queue
[2026-07-17T23:13:46.560+0530] {logging_mixin.py:190} INFO - [2026-07-17T23:13:46.560+0530] {dagbag.py:588} INFO - Filling up the DagBag from /Users/bhavishyachallagolla/Desktop/RetailSense/.venv/lib/python3.12/site-packages/airflow/example_dags/example_nested_branch_dag.py
[2026-07-17T23:13:46.572+0530] {processor.py:925} INFO - DAG(s) 'example_nested_branch_dag' retrieved from /Users/bhavishyachallagolla/Desktop/RetailSense/.venv/lib/python3.12/site-packages/airflow/example_dags/example_nested_branch_dag.py
[2026-07-17T23:13:46.596+0530] {logging_mixin.py:190} INFO - [2026-07-17T23:13:46.596+0530] {dag.py:3239} INFO - Sync 1 DAGs
[2026-07-17T23:13:46.600+0530] {logging_mixin.py:190} INFO - [2026-07-17T23:13:46.600+0530] {dag.py:4180} INFO - Setting next_dagrun for example_nested_branch_dag to 2026-07-16 00:00:00+00:00, run_after=2026-07-17 00:00:00+00:00
[2026-07-17T23:13:46.605+0530] {processor.py:208} INFO - Processing /Users/bhavishyachallagolla/Desktop/RetailSense/.venv/lib/python3.12/site-packages/airflow/example_dags/example_nested_branch_dag.py took 0.046 seconds
[2026-07-17T23:15:29.526+0530] {processor.py:186} INFO - Started process (PID=96992) to work on /Users/bhavishyachallagolla/Desktop/RetailSense/.venv/lib/python3.12/site-packages/airflow/example_dags/example_nested_branch_dag.py
[2026-07-17T23:15:29.526+0530] {processor.py:914} INFO - Processing file /Users/bhavishyachallagolla/Desktop/RetailSense/.venv/lib/python3.12/site-packages/airflow/example_dags/example_nested_branch_dag.py for tasks to queue
[2026-07-17T23:15:29.526+0530] {logging_mixin.py:190} INFO - [2026-07-17T23:15:29.526+0530] {dagbag.py:588} INFO - Filling up the DagBag from /Users/bhavishyachallagolla/Desktop/RetailSense/.venv/lib/python3.12/site-packages/airflow/example_dags/example_nested_branch_dag.py
[2026-07-17T23:15:29.539+0530] {processor.py:925} INFO - DAG(s) 'example_nested_branch_dag' retrieved from /Users/bhavishyachallagolla/Desktop/RetailSense/.venv/lib/python3.12/site-packages/airflow/example_dags/example_nested_branch_dag.py
[2026-07-17T23:15:29.564+0530] {logging_mixin.py:190} INFO - [2026-07-17T23:15:29.564+0530] {dag.py:3239} INFO - Sync 1 DAGs
[2026-07-17T23:15:29.573+0530] {logging_mixin.py:190} INFO - [2026-07-17T23:15:29.573+0530] {dag.py:4180} INFO - Setting next_dagrun for example_nested_branch_dag to 2026-07-16 00:00:00+00:00, run_after=2026-07-17 00:00:00+00:00
[2026-07-17T23:15:29.578+0530] {processor.py:208} INFO - Processing /Users/bhavishyachallagolla/Desktop/RetailSense/.venv/lib/python3.12/site-packages/airflow/example_dags/example_nested_branch_dag.py took 0.053 seconds
[2026-07-17T23:17:11.295+0530] {processor.py:186} INFO - Started process (PID=97216) to work on /Users/bhavishyachallagolla/Desktop/RetailSense/.venv/lib/python3.12/site-packages/airflow/example_dags/example_nested_branch_dag.py
[2026-07-17T23:17:11.295+0530] {processor.py:914} INFO - Processing file /Users/bhavishyachallagolla/Desktop/RetailSense/.venv/lib/python3.12/site-packages/airflow/example_dags/example_nested_branch_dag.py for tasks to queue
[2026-07-17T23:17:11.295+0530] {logging_mixin.py:190} INFO - [2026-07-17T23:17:11.295+0530] {dagbag.py:588} INFO - Filling up the DagBag from /Users/bhavishyachallagolla/Desktop/RetailSense/.venv/lib/python3.12/site-packages/airflow/example_dags/example_nested_branch_dag.py
[2026-07-17T23:17:11.309+0530] {processor.py:925} INFO - DAG(s) 'example_nested_branch_dag' retrieved from /Users/bhavishyachallagolla/Desktop/RetailSense/.venv/lib/python3.12/site-packages/airflow/example_dags/example_nested_branch_dag.py
[2026-07-17T23:17:11.336+0530] {logging_mixin.py:190} INFO - [2026-07-17T23:17:11.335+0530] {dag.py:3239} INFO - Sync 1 DAGs
[2026-07-17T23:17:11.340+0530] {logging_mixin.py:190} INFO - [2026-07-17T23:17:11.340+0530] {dag.py:4180} INFO - Setting next_dagrun for example_nested_branch_dag to 2026-07-16 00:00:00+00:00, run_after=2026-07-17 00:00:00+00:00
[2026-07-17T23:17:11.345+0530] {processor.py:208} INFO - Processing /Users/bhavishyachallagolla/Desktop/RetailSense/.venv/lib/python3.12/site-packages/airflow/example_dags/example_nested_branch_dag.py took 0.052 seconds
[2026-07-17T23:18:54.342+0530] {processor.py:186} INFO - Started process (PID=97404) to work on /Users/bhavishyachallagolla/Desktop/RetailSense/.venv/lib/python3.12/site-packages/airflow/example_dags/example_nested_branch_dag.py
[2026-07-17T23:18:54.342+0530] {processor.py:914} INFO - Processing file /Users/bhavishyachallagolla/Desktop/RetailSense/.venv/lib/python3.12/site-packages/airflow/example_dags/example_nested_branch_dag.py for tasks to queue
[2026-07-17T23:18:54.343+0530] {logging_mixin.py:190} INFO - [2026-07-17T23:18:54.343+0530] {dagbag.py:588} INFO - Filling up the DagBag from /Users/bhavishyachallagolla/Desktop/RetailSense/.venv/lib/python3.12/site-packages/airflow/example_dags/example_nested_branch_dag.py
[2026-07-17T23:18:54.356+0530] {processor.py:925} INFO - DAG(s) 'example_nested_branch_dag' retrieved from /Users/bhavishyachallagolla/Desktop/RetailSense/.venv/lib/python3.12/site-packages/airflow/example_dags/example_nested_branch_dag.py
[2026-07-17T23:18:54.382+0530] {logging_mixin.py:190} INFO - [2026-07-17T23:18:54.381+0530] {dag.py:3239} INFO - Sync 1 DAGs
[2026-07-17T23:18:54.386+0530] {logging_mixin.py:190} INFO - [2026-07-17T23:18:54.386+0530] {dag.py:4180} INFO - Setting next_dagrun for example_nested_branch_dag to 2026-07-16 00:00:00+00:00, run_after=2026-07-17 00:00:00+00:00
[2026-07-17T23:18:54.391+0530] {processor.py:208} INFO - Processing /Users/bhavishyachallagolla/Desktop/RetailSense/.venv/lib/python3.12/site-packages/airflow/example_dags/example_nested_branch_dag.py took 0.051 seconds
[2026-07-17T23:20:34.870+0530] {processor.py:186} INFO - Started process (PID=97554) to work on /Users/bhavishyachallagolla/Desktop/RetailSense/.venv/lib/python3.12/site-packages/airflow/example_dags/example_nested_branch_dag.py
[2026-07-17T23:20:34.871+0530] {processor.py:914} INFO - Processing file /Users/bhavishyachallagolla/Desktop/RetailSense/.venv/lib/python3.12/site-packages/airflow/example_dags/example_nested_branch_dag.py for tasks to queue
[2026-07-17T23:20:34.871+0530] {logging_mixin.py:190} INFO - [2026-07-17T23:20:34.871+0530] {dagbag.py:588} INFO - Filling up the DagBag from /Users/bhavishyachallagolla/Desktop/RetailSense/.venv/lib/python3.12/site-packages/airflow/example_dags/example_nested_branch_dag.py
[2026-07-17T23:20:34.884+0530] {processor.py:925} INFO - DAG(s) 'example_nested_branch_dag' retrieved from /Users/bhavishyachallagolla/Desktop/RetailSense/.venv/lib/python3.12/site-packages/airflow/example_dags/example_nested_branch_dag.py
[2026-07-17T23:20:34.909+0530] {logging_mixin.py:190} INFO - [2026-07-17T23:20:34.909+0530] {dag.py:3239} INFO - Sync 1 DAGs
[2026-07-17T23:20:34.914+0530] {logging_mixin.py:190} INFO - [2026-07-17T23:20:34.914+0530] {dag.py:4180} INFO - Setting next_dagrun for example_nested_branch_dag to 2026-07-16 00:00:00+00:00, run_after=2026-07-17 00:00:00+00:00
[2026-07-17T23:20:34.918+0530] {processor.py:208} INFO - Processing /Users/bhavishyachallagolla/Desktop/RetailSense/.venv/lib/python3.12/site-packages/airflow/example_dags/example_nested_branch_dag.py took 0.049 seconds
[2026-07-17T23:22:15.758+0530] {processor.py:186} INFO - Started process (PID=97705) to work on /Users/bhavishyachallagolla/Desktop/RetailSense/.venv/lib/python3.12/site-packages/airflow/example_dags/example_nested_branch_dag.py
[2026-07-17T23:22:15.759+0530] {processor.py:914} INFO - Processing file /Users/bhavishyachallagolla/Desktop/RetailSense/.venv/lib/python3.12/site-packages/airflow/example_dags/example_nested_branch_dag.py for tasks to queue
[2026-07-17T23:22:15.759+0530] {logging_mixin.py:190} INFO - [2026-07-17T23:22:15.759+0530] {dagbag.py:588} INFO - Filling up the DagBag from /Users/bhavishyachallagolla/Desktop/RetailSense/.venv/lib/python3.12/site-packages/airflow/example_dags/example_nested_branch_dag.py
[2026-07-17T23:22:15.772+0530] {processor.py:925} INFO - DAG(s) 'example_nested_branch_dag' retrieved from /Users/bhavishyachallagolla/Desktop/RetailSense/.venv/lib/python3.12/site-packages/airflow/example_dags/example_nested_branch_dag.py
[2026-07-17T23:22:15.798+0530] {logging_mixin.py:190} INFO - [2026-07-17T23:22:15.797+0530] {dag.py:3239} INFO - Sync 1 DAGs
[2026-07-17T23:22:15.803+0530] {logging_mixin.py:190} INFO - [2026-07-17T23:22:15.803+0530] {dag.py:4180} INFO - Setting next_dagrun for example_nested_branch_dag to 2026-07-16 00:00:00+00:00, run_after=2026-07-17 00:00:00+00:00
[2026-07-17T23:22:15.808+0530] {processor.py:208} INFO - Processing /Users/bhavishyachallagolla/Desktop/RetailSense/.venv/lib/python3.12/site-packages/airflow/example_dags/example_nested_branch_dag.py took 0.050 seconds
[2026-07-17T23:23:56.732+0530] {processor.py:186} INFO - Started process (PID=97857) to work on /Users/bhavishyachallagolla/Desktop/RetailSense/.venv/lib/python3.12/site-packages/airflow/example_dags/example_nested_branch_dag.py
[2026-07-17T23:23:56.732+0530] {processor.py:914} INFO - Processing file /Users/bhavishyachallagolla/Desktop/RetailSense/.venv/lib/python3.12/site-packages/airflow/example_dags/example_nested_branch_dag.py for tasks to queue
[2026-07-17T23:23:56.732+0530] {logging_mixin.py:190} INFO - [2026-07-17T23:23:56.732+0530] {dagbag.py:588} INFO - Filling up the DagBag from /Users/bhavishyachallagolla/Desktop/RetailSense/.venv/lib/python3.12/site-packages/airflow/example_dags/example_nested_branch_dag.py
[2026-07-17T23:23:56.745+0530] {processor.py:925} INFO - DAG(s) 'example_nested_branch_dag' retrieved from /Users/bhavishyachallagolla/Desktop/RetailSense/.venv/lib/python3.12/site-packages/airflow/example_dags/example_nested_branch_dag.py
[2026-07-17T23:23:56.769+0530] {logging_mixin.py:190} INFO - [2026-07-17T23:23:56.769+0530] {dag.py:3239} INFO - Sync 1 DAGs
[2026-07-17T23:23:56.774+0530] {logging_mixin.py:190} INFO - [2026-07-17T23:23:56.774+0530] {dag.py:4180} INFO - Setting next_dagrun for example_nested_branch_dag to 2026-07-16 00:00:00+00:00, run_after=2026-07-17 00:00:00+00:00
[2026-07-17T23:23:56.779+0530] {processor.py:208} INFO - Processing /Users/bhavishyachallagolla/Desktop/RetailSense/.venv/lib/python3.12/site-packages/airflow/example_dags/example_nested_branch_dag.py took 0.048 seconds
[2026-07-17T23:25:37.612+0530] {processor.py:186} INFO - Started process (PID=98008) to work on /Users/bhavishyachallagolla/Desktop/RetailSense/.venv/lib/python3.12/site-packages/airflow/example_dags/example_nested_branch_dag.py
[2026-07-17T23:25:37.612+0530] {processor.py:914} INFO - Processing file /Users/bhavishyachallagolla/Desktop/RetailSense/.venv/lib/python3.12/site-packages/airflow/example_dags/example_nested_branch_dag.py for tasks to queue
[2026-07-17T23:25:37.613+0530] {logging_mixin.py:190} INFO - [2026-07-17T23:25:37.613+0530] {dagbag.py:588} INFO - Filling up the DagBag from /Users/bhavishyachallagolla/Desktop/RetailSense/.venv/lib/python3.12/site-packages/airflow/example_dags/example_nested_branch_dag.py
[2026-07-17T23:25:37.626+0530] {processor.py:925} INFO - DAG(s) 'example_nested_branch_dag' retrieved from /Users/bhavishyachallagolla/Desktop/RetailSense/.venv/lib/python3.12/site-packages/airflow/example_dags/example_nested_branch_dag.py
[2026-07-17T23:25:37.651+0530] {logging_mixin.py:190} INFO - [2026-07-17T23:25:37.651+0530] {dag.py:3239} INFO - Sync 1 DAGs
[2026-07-17T23:25:37.655+0530] {logging_mixin.py:190} INFO - [2026-07-17T23:25:37.655+0530] {dag.py:4180} INFO - Setting next_dagrun for example_nested_branch_dag to 2026-07-16 00:00:00+00:00, run_after=2026-07-17 00:00:00+00:00
[2026-07-17T23:25:37.660+0530] {processor.py:208} INFO - Processing /Users/bhavishyachallagolla/Desktop/RetailSense/.venv/lib/python3.12/site-packages/airflow/example_dags/example_nested_branch_dag.py took 0.049 seconds
[2026-07-17T23:27:19.590+0530] {processor.py:186} INFO - Started process (PID=98166) to work on /Users/bhavishyachallagolla/Desktop/RetailSense/.venv/lib/python3.12/site-packages/airflow/example_dags/example_nested_branch_dag.py
[2026-07-17T23:27:19.591+0530] {processor.py:914} INFO - Processing file /Users/bhavishyachallagolla/Desktop/RetailSense/.venv/lib/python3.12/site-packages/airflow/example_dags/example_nested_branch_dag.py for tasks to queue
[2026-07-17T23:27:19.591+0530] {logging_mixin.py:190} INFO - [2026-07-17T23:27:19.591+0530] {dagbag.py:588} INFO - Filling up the DagBag from /Users/bhavishyachallagolla/Desktop/RetailSense/.venv/lib/python3.12/site-packages/airflow/example_dags/example_nested_branch_dag.py
[2026-07-17T23:27:19.604+0530] {processor.py:925} INFO - DAG(s) 'example_nested_branch_dag' retrieved from /Users/bhavishyachallagolla/Desktop/RetailSense/.venv/lib/python3.12/site-packages/airflow/example_dags/example_nested_branch_dag.py
[2026-07-17T23:27:19.629+0530] {logging_mixin.py:190} INFO - [2026-07-17T23:27:19.629+0530] {dag.py:3239} INFO - Sync 1 DAGs
[2026-07-17T23:27:19.634+0530] {logging_mixin.py:190} INFO - [2026-07-17T23:27:19.634+0530] {dag.py:4180} INFO - Setting next_dagrun for example_nested_branch_dag to 2026-07-16 00:00:00+00:00, run_after=2026-07-17 00:00:00+00:00
[2026-07-17T23:27:19.639+0530] {processor.py:208} INFO - Processing /Users/bhavishyachallagolla/Desktop/RetailSense/.venv/lib/python3.12/site-packages/airflow/example_dags/example_nested_branch_dag.py took 0.049 seconds
[2026-07-17T23:29:02.505+0530] {processor.py:186} INFO - Started process (PID=98321) to work on /Users/bhavishyachallagolla/Desktop/RetailSense/.venv/lib/python3.12/site-packages/airflow/example_dags/example_nested_branch_dag.py
[2026-07-17T23:29:02.506+0530] {processor.py:914} INFO - Processing file /Users/bhavishyachallagolla/Desktop/RetailSense/.venv/lib/python3.12/site-packages/airflow/example_dags/example_nested_branch_dag.py for tasks to queue
[2026-07-17T23:29:02.506+0530] {logging_mixin.py:190} INFO - [2026-07-17T23:29:02.506+0530] {dagbag.py:588} INFO - Filling up the DagBag from /Users/bhavishyachallagolla/Desktop/RetailSense/.venv/lib/python3.12/site-packages/airflow/example_dags/example_nested_branch_dag.py
[2026-07-17T23:29:02.518+0530] {processor.py:925} INFO - DAG(s) 'example_nested_branch_dag' retrieved from /Users/bhavishyachallagolla/Desktop/RetailSense/.venv/lib/python3.12/site-packages/airflow/example_dags/example_nested_branch_dag.py
[2026-07-17T23:29:02.543+0530] {logging_mixin.py:190} INFO - [2026-07-17T23:29:02.543+0530] {dag.py:3239} INFO - Sync 1 DAGs
[2026-07-17T23:29:02.547+0530] {logging_mixin.py:190} INFO - [2026-07-17T23:29:02.547+0530] {dag.py:4180} INFO - Setting next_dagrun for example_nested_branch_dag to 2026-07-16 00:00:00+00:00, run_after=2026-07-17 00:00:00+00:00
[2026-07-17T23:29:02.552+0530] {processor.py:208} INFO - Processing /Users/bhavishyachallagolla/Desktop/RetailSense/.venv/lib/python3.12/site-packages/airflow/example_dags/example_nested_branch_dag.py took 0.048 seconds
[2026-07-17T23:30:43.571+0530] {processor.py:186} INFO - Started process (PID=98504) to work on /Users/bhavishyachallagolla/Desktop/RetailSense/.venv/lib/python3.12/site-packages/airflow/example_dags/example_nested_branch_dag.py
[2026-07-17T23:30:43.573+0530] {processor.py:914} INFO - Processing file /Users/bhavishyachallagolla/Desktop/RetailSense/.venv/lib/python3.12/site-packages/airflow/example_dags/example_nested_branch_dag.py for tasks to queue
[2026-07-17T23:30:43.573+0530] {logging_mixin.py:190} INFO - [2026-07-17T23:30:43.573+0530] {dagbag.py:588} INFO - Filling up the DagBag from /Users/bhavishyachallagolla/Desktop/RetailSense/.venv/lib/python3.12/site-packages/airflow/example_dags/example_nested_branch_dag.py
[2026-07-17T23:30:43.587+0530] {processor.py:925} INFO - DAG(s) 'example_nested_branch_dag' retrieved from /Users/bhavishyachallagolla/Desktop/RetailSense/.venv/lib/python3.12/site-packages/airflow/example_dags/example_nested_branch_dag.py
[2026-07-17T23:30:43.614+0530] {logging_mixin.py:190} INFO - [2026-07-17T23:30:43.614+0530] {dag.py:3239} INFO - Sync 1 DAGs
[2026-07-17T23:30:43.619+0530] {logging_mixin.py:190} INFO - [2026-07-17T23:30:43.619+0530] {dag.py:4180} INFO - Setting next_dagrun for example_nested_branch_dag to 2026-07-16 00:00:00+00:00, run_after=2026-07-17 00:00:00+00:00
[2026-07-17T23:30:43.625+0530] {processor.py:208} INFO - Processing /Users/bhavishyachallagolla/Desktop/RetailSense/.venv/lib/python3.12/site-packages/airflow/example_dags/example_nested_branch_dag.py took 0.054 seconds
[2026-07-17T23:32:33.534+0530] {processor.py:186} INFO - Started process (PID=98682) to work on /Users/bhavishyachallagolla/Desktop/RetailSense/.venv/lib/python3.12/site-packages/airflow/example_dags/example_nested_branch_dag.py
[2026-07-17T23:32:33.535+0530] {processor.py:914} INFO - Processing file /Users/bhavishyachallagolla/Desktop/RetailSense/.venv/lib/python3.12/site-packages/airflow/example_dags/example_nested_branch_dag.py for tasks to queue
[2026-07-17T23:32:33.535+0530] {logging_mixin.py:190} INFO - [2026-07-17T23:32:33.535+0530] {dagbag.py:588} INFO - Filling up the DagBag from /Users/bhavishyachallagolla/Desktop/RetailSense/.venv/lib/python3.12/site-packages/airflow/example_dags/example_nested_branch_dag.py
[2026-07-17T23:32:33.549+0530] {processor.py:925} INFO - DAG(s) 'example_nested_branch_dag' retrieved from /Users/bhavishyachallagolla/Desktop/RetailSense/.venv/lib/python3.12/site-packages/airflow/example_dags/example_nested_branch_dag.py
[2026-07-17T23:32:33.575+0530] {logging_mixin.py:190} INFO - [2026-07-17T23:32:33.575+0530] {dag.py:3239} INFO - Sync 1 DAGs
[2026-07-17T23:32:33.581+0530] {logging_mixin.py:190} INFO - [2026-07-17T23:32:33.581+0530] {dag.py:4180} INFO - Setting next_dagrun for example_nested_branch_dag to 2026-07-16 00:00:00+00:00, run_after=2026-07-17 00:00:00+00:00
[2026-07-17T23:32:33.586+0530] {processor.py:208} INFO - Processing /Users/bhavishyachallagolla/Desktop/RetailSense/.venv/lib/python3.12/site-packages/airflow/example_dags/example_nested_branch_dag.py took 0.053 seconds
[2026-07-17T23:34:21.541+0530] {processor.py:186} INFO - Started process (PID=98859) to work on /Users/bhavishyachallagolla/Desktop/RetailSense/.venv/lib/python3.12/site-packages/airflow/example_dags/example_nested_branch_dag.py
[2026-07-17T23:34:21.541+0530] {processor.py:914} INFO - Processing file /Users/bhavishyachallagolla/Desktop/RetailSense/.venv/lib/python3.12/site-packages/airflow/example_dags/example_nested_branch_dag.py for tasks to queue
[2026-07-17T23:34:21.541+0530] {logging_mixin.py:190} INFO - [2026-07-17T23:34:21.541+0530] {dagbag.py:588} INFO - Filling up the DagBag from /Users/bhavishyachallagolla/Desktop/RetailSense/.venv/lib/python3.12/site-packages/airflow/example_dags/example_nested_branch_dag.py
[2026-07-17T23:34:21.555+0530] {processor.py:925} INFO - DAG(s) 'example_nested_branch_dag' retrieved from /Users/bhavishyachallagolla/Desktop/RetailSense/.venv/lib/python3.12/site-packages/airflow/example_dags/example_nested_branch_dag.py
[2026-07-17T23:34:21.581+0530] {logging_mixin.py:190} INFO - [2026-07-17T23:34:21.581+0530] {dag.py:3239} INFO - Sync 1 DAGs
[2026-07-17T23:34:21.586+0530] {logging_mixin.py:190} INFO - [2026-07-17T23:34:21.586+0530] {dag.py:4180} INFO - Setting next_dagrun for example_nested_branch_dag to 2026-07-16 00:00:00+00:00, run_after=2026-07-17 00:00:00+00:00
[2026-07-17T23:34:21.591+0530] {processor.py:208} INFO - Processing /Users/bhavishyachallagolla/Desktop/RetailSense/.venv/lib/python3.12/site-packages/airflow/example_dags/example_nested_branch_dag.py took 0.051 seconds
[2026-07-17T23:36:04.163+0530] {processor.py:186} INFO - Started process (PID=99013) to work on /Users/bhavishyachallagolla/Desktop/RetailSense/.venv/lib/python3.12/site-packages/airflow/example_dags/example_nested_branch_dag.py
[2026-07-17T23:36:04.163+0530] {processor.py:914} INFO - Processing file /Users/bhavishyachallagolla/Desktop/RetailSense/.venv/lib/python3.12/site-packages/airflow/example_dags/example_nested_branch_dag.py for tasks to queue
[2026-07-17T23:36:04.163+0530] {logging_mixin.py:190} INFO - [2026-07-17T23:36:04.163+0530] {dagbag.py:588} INFO - Filling up the DagBag from /Users/bhavishyachallagolla/Desktop/RetailSense/.venv/lib/python3.12/site-packages/airflow/example_dags/example_nested_branch_dag.py
[2026-07-17T23:36:04.176+0530] {processor.py:925} INFO - DAG(s) 'example_nested_branch_dag' retrieved from /Users/bhavishyachallagolla/Desktop/RetailSense/.venv/lib/python3.12/site-packages/airflow/example_dags/example_nested_branch_dag.py
[2026-07-17T23:36:04.201+0530] {logging_mixin.py:190} INFO - [2026-07-17T23:36:04.201+0530] {dag.py:3239} INFO - Sync 1 DAGs
[2026-07-17T23:36:04.206+0530] {logging_mixin.py:190} INFO - [2026-07-17T23:36:04.206+0530] {dag.py:4180} INFO - Setting next_dagrun for example_nested_branch_dag to 2026-07-16 00:00:00+00:00, run_after=2026-07-17 00:00:00+00:00
[2026-07-17T23:36:04.211+0530] {processor.py:208} INFO - Processing /Users/bhavishyachallagolla/Desktop/RetailSense/.venv/lib/python3.12/site-packages/airflow/example_dags/example_nested_branch_dag.py took 0.049 seconds
[2026-07-17T23:37:44.918+0530] {processor.py:186} INFO - Started process (PID=99165) to work on /Users/bhavishyachallagolla/Desktop/RetailSense/.venv/lib/python3.12/site-packages/airflow/example_dags/example_nested_branch_dag.py
[2026-07-17T23:37:44.918+0530] {processor.py:914} INFO - Processing file /Users/bhavishyachallagolla/Desktop/RetailSense/.venv/lib/python3.12/site-packages/airflow/example_dags/example_nested_branch_dag.py for tasks to queue
[2026-07-17T23:37:44.919+0530] {logging_mixin.py:190} INFO - [2026-07-17T23:37:44.919+0530] {dagbag.py:588} INFO - Filling up the DagBag from /Users/bhavishyachallagolla/Desktop/RetailSense/.venv/lib/python3.12/site-packages/airflow/example_dags/example_nested_branch_dag.py
[2026-07-17T23:37:44.932+0530] {processor.py:925} INFO - DAG(s) 'example_nested_branch_dag' retrieved from /Users/bhavishyachallagolla/Desktop/RetailSense/.venv/lib/python3.12/site-packages/airflow/example_dags/example_nested_branch_dag.py
[2026-07-17T23:37:44.957+0530] {logging_mixin.py:190} INFO - [2026-07-17T23:37:44.957+0530] {dag.py:3239} INFO - Sync 1 DAGs
[2026-07-17T23:37:44.961+0530] {logging_mixin.py:190} INFO - [2026-07-17T23:37:44.961+0530] {dag.py:4180} INFO - Setting next_dagrun for example_nested_branch_dag to 2026-07-16 00:00:00+00:00, run_after=2026-07-17 00:00:00+00:00
[2026-07-17T23:37:44.966+0530] {processor.py:208} INFO - Processing /Users/bhavishyachallagolla/Desktop/RetailSense/.venv/lib/python3.12/site-packages/airflow/example_dags/example_nested_branch_dag.py took 0.049 seconds
[2026-07-17T23:39:27.030+0530] {processor.py:186} INFO - Started process (PID=99325) to work on /Users/bhavishyachallagolla/Desktop/RetailSense/.venv/lib/python3.12/site-packages/airflow/example_dags/example_nested_branch_dag.py
[2026-07-17T23:39:27.030+0530] {processor.py:914} INFO - Processing file /Users/bhavishyachallagolla/Desktop/RetailSense/.venv/lib/python3.12/site-packages/airflow/example_dags/example_nested_branch_dag.py for tasks to queue
[2026-07-17T23:39:27.030+0530] {logging_mixin.py:190} INFO - [2026-07-17T23:39:27.030+0530] {dagbag.py:588} INFO - Filling up the DagBag from /Users/bhavishyachallagolla/Desktop/RetailSense/.venv/lib/python3.12/site-packages/airflow/example_dags/example_nested_branch_dag.py
[2026-07-17T23:39:27.043+0530] {processor.py:925} INFO - DAG(s) 'example_nested_branch_dag' retrieved from /Users/bhavishyachallagolla/Desktop/RetailSense/.venv/lib/python3.12/site-packages/airflow/example_dags/example_nested_branch_dag.py
[2026-07-17T23:39:27.068+0530] {logging_mixin.py:190} INFO - [2026-07-17T23:39:27.068+0530] {dag.py:3239} INFO - Sync 1 DAGs
[2026-07-17T23:39:27.073+0530] {logging_mixin.py:190} INFO - [2026-07-17T23:39:27.073+0530] {dag.py:4180} INFO - Setting next_dagrun for example_nested_branch_dag to 2026-07-16 00:00:00+00:00, run_after=2026-07-17 00:00:00+00:00
[2026-07-17T23:39:27.078+0530] {processor.py:208} INFO - Processing /Users/bhavishyachallagolla/Desktop/RetailSense/.venv/lib/python3.12/site-packages/airflow/example_dags/example_nested_branch_dag.py took 0.049 seconds
[2026-07-17T23:41:09.450+0530] {processor.py:186} INFO - Started process (PID=99481) to work on /Users/bhavishyachallagolla/Desktop/RetailSense/.venv/lib/python3.12/site-packages/airflow/example_dags/example_nested_branch_dag.py
[2026-07-17T23:41:09.451+0530] {processor.py:914} INFO - Processing file /Users/bhavishyachallagolla/Desktop/RetailSense/.venv/lib/python3.12/site-packages/airflow/example_dags/example_nested_branch_dag.py for tasks to queue
[2026-07-17T23:41:09.451+0530] {logging_mixin.py:190} INFO - [2026-07-17T23:41:09.451+0530] {dagbag.py:588} INFO - Filling up the DagBag from /Users/bhavishyachallagolla/Desktop/RetailSense/.venv/lib/python3.12/site-packages/airflow/example_dags/example_nested_branch_dag.py
[2026-07-17T23:41:09.464+0530] {processor.py:925} INFO - DAG(s) 'example_nested_branch_dag' retrieved from /Users/bhavishyachallagolla/Desktop/RetailSense/.venv/lib/python3.12/site-packages/airflow/example_dags/example_nested_branch_dag.py
[2026-07-17T23:41:09.488+0530] {logging_mixin.py:190} INFO - [2026-07-17T23:41:09.488+0530] {dag.py:3239} INFO - Sync 1 DAGs
[2026-07-17T23:41:09.493+0530] {logging_mixin.py:190} INFO - [2026-07-17T23:41:09.493+0530] {dag.py:4180} INFO - Setting next_dagrun for example_nested_branch_dag to 2026-07-16 00:00:00+00:00, run_after=2026-07-17 00:00:00+00:00
[2026-07-17T23:41:09.498+0530] {processor.py:208} INFO - Processing /Users/bhavishyachallagolla/Desktop/RetailSense/.venv/lib/python3.12/site-packages/airflow/example_dags/example_nested_branch_dag.py took 0.049 seconds
[2026-07-17T23:42:51.464+0530] {processor.py:186} INFO - Started process (PID=99639) to work on /Users/bhavishyachallagolla/Desktop/RetailSense/.venv/lib/python3.12/site-packages/airflow/example_dags/example_nested_branch_dag.py
[2026-07-17T23:42:51.465+0530] {processor.py:914} INFO - Processing file /Users/bhavishyachallagolla/Desktop/RetailSense/.venv/lib/python3.12/site-packages/airflow/example_dags/example_nested_branch_dag.py for tasks to queue
[2026-07-17T23:42:51.465+0530] {logging_mixin.py:190} INFO - [2026-07-17T23:42:51.465+0530] {dagbag.py:588} INFO - Filling up the DagBag from /Users/bhavishyachallagolla/Desktop/RetailSense/.venv/lib/python3.12/site-packages/airflow/example_dags/example_nested_branch_dag.py
[2026-07-17T23:42:51.478+0530] {processor.py:925} INFO - DAG(s) 'example_nested_branch_dag' retrieved from /Users/bhavishyachallagolla/Desktop/RetailSense/.venv/lib/python3.12/site-packages/airflow/example_dags/example_nested_branch_dag.py
[2026-07-17T23:42:51.503+0530] {logging_mixin.py:190} INFO - [2026-07-17T23:42:51.503+0530] {dag.py:3239} INFO - Sync 1 DAGs
[2026-07-17T23:42:51.508+0530] {logging_mixin.py:190} INFO - [2026-07-17T23:42:51.508+0530] {dag.py:4180} INFO - Setting next_dagrun for example_nested_branch_dag to 2026-07-16 00:00:00+00:00, run_after=2026-07-17 00:00:00+00:00
[2026-07-17T23:42:51.513+0530] {processor.py:208} INFO - Processing /Users/bhavishyachallagolla/Desktop/RetailSense/.venv/lib/python3.12/site-packages/airflow/example_dags/example_nested_branch_dag.py took 0.049 seconds
[2026-07-17T23:44:33.030+0530] {processor.py:186} INFO - Started process (PID=99793) to work on /Users/bhavishyachallagolla/Desktop/RetailSense/.venv/lib/python3.12/site-packages/airflow/example_dags/example_nested_branch_dag.py
[2026-07-17T23:44:33.031+0530] {processor.py:914} INFO - Processing file /Users/bhavishyachallagolla/Desktop/RetailSense/.venv/lib/python3.12/site-packages/airflow/example_dags/example_nested_branch_dag.py for tasks to queue
[2026-07-17T23:44:33.032+0530] {logging_mixin.py:190} INFO - [2026-07-17T23:44:33.031+0530] {dagbag.py:588} INFO - Filling up the DagBag from /Users/bhavishyachallagolla/Desktop/RetailSense/.venv/lib/python3.12/site-packages/airflow/example_dags/example_nested_branch_dag.py
[2026-07-17T23:44:33.045+0530] {processor.py:925} INFO - DAG(s) 'example_nested_branch_dag' retrieved from /Users/bhavishyachallagolla/Desktop/RetailSense/.venv/lib/python3.12/site-packages/airflow/example_dags/example_nested_branch_dag.py
[2026-07-17T23:44:33.071+0530] {logging_mixin.py:190} INFO - [2026-07-17T23:44:33.071+0530] {dag.py:3239} INFO - Sync 1 DAGs
[2026-07-17T23:44:33.076+0530] {logging_mixin.py:190} INFO - [2026-07-17T23:44:33.076+0530] {dag.py:4180} INFO - Setting next_dagrun for example_nested_branch_dag to 2026-07-16 00:00:00+00:00, run_after=2026-07-17 00:00:00+00:00
[2026-07-17T23:44:33.081+0530] {processor.py:208} INFO - Processing /Users/bhavishyachallagolla/Desktop/RetailSense/.venv/lib/python3.12/site-packages/airflow/example_dags/example_nested_branch_dag.py took 0.052 seconds
[2026-07-17T23:46:18.015+0530] {processor.py:186} INFO - Started process (PID=99952) to work on /Users/bhavishyachallagolla/Desktop/RetailSense/.venv/lib/python3.12/site-packages/airflow/example_dags/example_nested_branch_dag.py
[2026-07-17T23:46:18.015+0530] {processor.py:914} INFO - Processing file /Users/bhavishyachallagolla/Desktop/RetailSense/.venv/lib/python3.12/site-packages/airflow/example_dags/example_nested_branch_dag.py for tasks to queue
[2026-07-17T23:46:18.016+0530] {logging_mixin.py:190} INFO - [2026-07-17T23:46:18.016+0530] {dagbag.py:588} INFO - Filling up the DagBag from /Users/bhavishyachallagolla/Desktop/RetailSense/.venv/lib/python3.12/site-packages/airflow/example_dags/example_nested_branch_dag.py
[2026-07-17T23:46:18.028+0530] {processor.py:925} INFO - DAG(s) 'example_nested_branch_dag' retrieved from /Users/bhavishyachallagolla/Desktop/RetailSense/.venv/lib/python3.12/site-packages/airflow/example_dags/example_nested_branch_dag.py
[2026-07-17T23:46:18.053+0530] {logging_mixin.py:190} INFO - [2026-07-17T23:46:18.053+0530] {dag.py:3239} INFO - Sync 1 DAGs
[2026-07-17T23:46:18.058+0530] {logging_mixin.py:190} INFO - [2026-07-17T23:46:18.058+0530] {dag.py:4180} INFO - Setting next_dagrun for example_nested_branch_dag to 2026-07-16 00:00:00+00:00, run_after=2026-07-17 00:00:00+00:00
[2026-07-17T23:46:18.063+0530] {processor.py:208} INFO - Processing /Users/bhavishyachallagolla/Desktop/RetailSense/.venv/lib/python3.12/site-packages/airflow/example_dags/example_nested_branch_dag.py took 0.049 seconds
[2026-07-17T23:48:16.722+0530] {processor.py:186} INFO - Started process (PID=234) to work on /Users/bhavishyachallagolla/Desktop/RetailSense/.venv/lib/python3.12/site-packages/airflow/example_dags/example_nested_branch_dag.py
[2026-07-17T23:48:16.723+0530] {processor.py:914} INFO - Processing file /Users/bhavishyachallagolla/Desktop/RetailSense/.venv/lib/python3.12/site-packages/airflow/example_dags/example_nested_branch_dag.py for tasks to queue
[2026-07-17T23:48:16.723+0530] {logging_mixin.py:190} INFO - [2026-07-17T23:48:16.723+0530] {dagbag.py:588} INFO - Filling up the DagBag from /Users/bhavishyachallagolla/Desktop/RetailSense/.venv/lib/python3.12/site-packages/airflow/example_dags/example_nested_branch_dag.py
[2026-07-17T23:48:16.736+0530] {processor.py:925} INFO - DAG(s) 'example_nested_branch_dag' retrieved from /Users/bhavishyachallagolla/Desktop/RetailSense/.venv/lib/python3.12/site-packages/airflow/example_dags/example_nested_branch_dag.py
[2026-07-17T23:48:16.760+0530] {logging_mixin.py:190} INFO - [2026-07-17T23:48:16.760+0530] {dag.py:3239} INFO - Sync 1 DAGs
[2026-07-17T23:48:16.765+0530] {logging_mixin.py:190} INFO - [2026-07-17T23:48:16.765+0530] {dag.py:4180} INFO - Setting next_dagrun for example_nested_branch_dag to 2026-07-16 00:00:00+00:00, run_after=2026-07-17 00:00:00+00:00
[2026-07-17T23:48:16.770+0530] {processor.py:208} INFO - Processing /Users/bhavishyachallagolla/Desktop/RetailSense/.venv/lib/python3.12/site-packages/airflow/example_dags/example_nested_branch_dag.py took 0.049 seconds
[2026-07-17T23:50:02.615+0530] {processor.py:186} INFO - Started process (PID=448) to work on /Users/bhavishyachallagolla/Desktop/RetailSense/.venv/lib/python3.12/site-packages/airflow/example_dags/example_nested_branch_dag.py
[2026-07-17T23:50:02.616+0530] {processor.py:914} INFO - Processing file /Users/bhavishyachallagolla/Desktop/RetailSense/.venv/lib/python3.12/site-packages/airflow/example_dags/example_nested_branch_dag.py for tasks to queue
[2026-07-17T23:50:02.616+0530] {logging_mixin.py:190} INFO - [2026-07-17T23:50:02.616+0530] {dagbag.py:588} INFO - Filling up the DagBag from /Users/bhavishyachallagolla/Desktop/RetailSense/.venv/lib/python3.12/site-packages/airflow/example_dags/example_nested_branch_dag.py
[2026-07-17T23:50:02.629+0530] {processor.py:925} INFO - DAG(s) 'example_nested_branch_dag' retrieved from /Users/bhavishyachallagolla/Desktop/RetailSense/.venv/lib/python3.12/site-packages/airflow/example_dags/example_nested_branch_dag.py
[2026-07-17T23:50:02.654+0530] {logging_mixin.py:190} INFO - [2026-07-17T23:50:02.654+0530] {dag.py:3239} INFO - Sync 1 DAGs
[2026-07-17T23:50:02.658+0530] {logging_mixin.py:190} INFO - [2026-07-17T23:50:02.658+0530] {dag.py:4180} INFO - Setting next_dagrun for example_nested_branch_dag to 2026-07-16 00:00:00+00:00, run_after=2026-07-17 00:00:00+00:00
[2026-07-17T23:50:02.663+0530] {processor.py:208} INFO - Processing /Users/bhavishyachallagolla/Desktop/RetailSense/.venv/lib/python3.12/site-packages/airflow/example_dags/example_nested_branch_dag.py took 0.049 seconds
[2026-07-17T23:51:45.900+0530] {processor.py:186} INFO - Started process (PID=677) to work on /Users/bhavishyachallagolla/Desktop/RetailSense/.venv/lib/python3.12/site-packages/airflow/example_dags/example_nested_branch_dag.py
[2026-07-17T23:51:45.900+0530] {processor.py:914} INFO - Processing file /Users/bhavishyachallagolla/Desktop/RetailSense/.venv/lib/python3.12/site-packages/airflow/example_dags/example_nested_branch_dag.py for tasks to queue
[2026-07-17T23:51:45.900+0530] {logging_mixin.py:190} INFO - [2026-07-17T23:51:45.900+0530] {dagbag.py:588} INFO - Filling up the DagBag from /Users/bhavishyachallagolla/Desktop/RetailSense/.venv/lib/python3.12/site-packages/airflow/example_dags/example_nested_branch_dag.py
[2026-07-17T23:51:45.913+0530] {processor.py:925} INFO - DAG(s) 'example_nested_branch_dag' retrieved from /Users/bhavishyachallagolla/Desktop/RetailSense/.venv/lib/python3.12/site-packages/airflow/example_dags/example_nested_branch_dag.py
[2026-07-17T23:51:45.938+0530] {logging_mixin.py:190} INFO - [2026-07-17T23:51:45.938+0530] {dag.py:3239} INFO - Sync 1 DAGs
[2026-07-17T23:51:45.942+0530] {logging_mixin.py:190} INFO - [2026-07-17T23:51:45.942+0530] {dag.py:4180} INFO - Setting next_dagrun for example_nested_branch_dag to 2026-07-16 00:00:00+00:00, run_after=2026-07-17 00:00:00+00:00
[2026-07-17T23:51:45.947+0530] {processor.py:208} INFO - Processing /Users/bhavishyachallagolla/Desktop/RetailSense/.venv/lib/python3.12/site-packages/airflow/example_dags/example_nested_branch_dag.py took 0.048 seconds
[2026-07-17T23:53:35.748+0530] {processor.py:186} INFO - Started process (PID=926) to work on /Users/bhavishyachallagolla/Desktop/RetailSense/.venv/lib/python3.12/site-packages/airflow/example_dags/example_nested_branch_dag.py
[2026-07-17T23:53:35.749+0530] {processor.py:914} INFO - Processing file /Users/bhavishyachallagolla/Desktop/RetailSense/.venv/lib/python3.12/site-packages/airflow/example_dags/example_nested_branch_dag.py for tasks to queue
[2026-07-17T23:53:35.749+0530] {logging_mixin.py:190} INFO - [2026-07-17T23:53:35.749+0530] {dagbag.py:588} INFO - Filling up the DagBag from /Users/bhavishyachallagolla/Desktop/RetailSense/.venv/lib/python3.12/site-packages/airflow/example_dags/example_nested_branch_dag.py
[2026-07-17T23:53:35.762+0530] {processor.py:925} INFO - DAG(s) 'example_nested_branch_dag' retrieved from /Users/bhavishyachallagolla/Desktop/RetailSense/.venv/lib/python3.12/site-packages/airflow/example_dags/example_nested_branch_dag.py
[2026-07-17T23:53:35.786+0530] {logging_mixin.py:190} INFO - [2026-07-17T23:53:35.786+0530] {dag.py:3239} INFO - Sync 1 DAGs
[2026-07-17T23:53:35.790+0530] {logging_mixin.py:190} INFO - [2026-07-17T23:53:35.790+0530] {dag.py:4180} INFO - Setting next_dagrun for example_nested_branch_dag to 2026-07-16 00:00:00+00:00, run_after=2026-07-17 00:00:00+00:00
[2026-07-17T23:53:35.795+0530] {processor.py:208} INFO - Processing /Users/bhavishyachallagolla/Desktop/RetailSense/.venv/lib/python3.12/site-packages/airflow/example_dags/example_nested_branch_dag.py took 0.048 seconds
[2026-07-17T23:55:30.044+0530] {processor.py:186} INFO - Started process (PID=1122) to work on /Users/bhavishyachallagolla/Desktop/RetailSense/.venv/lib/python3.12/site-packages/airflow/example_dags/example_nested_branch_dag.py
[2026-07-17T23:55:30.044+0530] {processor.py:914} INFO - Processing file /Users/bhavishyachallagolla/Desktop/RetailSense/.venv/lib/python3.12/site-packages/airflow/example_dags/example_nested_branch_dag.py for tasks to queue
[2026-07-17T23:55:30.045+0530] {logging_mixin.py:190} INFO - [2026-07-17T23:55:30.045+0530] {dagbag.py:588} INFO - Filling up the DagBag from /Users/bhavishyachallagolla/Desktop/RetailSense/.venv/lib/python3.12/site-packages/airflow/example_dags/example_nested_branch_dag.py
[2026-07-17T23:55:30.057+0530] {processor.py:925} INFO - DAG(s) 'example_nested_branch_dag' retrieved from /Users/bhavishyachallagolla/Desktop/RetailSense/.venv/lib/python3.12/site-packages/airflow/example_dags/example_nested_branch_dag.py
[2026-07-17T23:55:30.082+0530] {logging_mixin.py:190} INFO - [2026-07-17T23:55:30.082+0530] {dag.py:3239} INFO - Sync 1 DAGs
[2026-07-17T23:55:30.086+0530] {logging_mixin.py:190} INFO - [2026-07-17T23:55:30.086+0530] {dag.py:4180} INFO - Setting next_dagrun for example_nested_branch_dag to 2026-07-16 00:00:00+00:00, run_after=2026-07-17 00:00:00+00:00
[2026-07-17T23:55:30.091+0530] {processor.py:208} INFO - Processing /Users/bhavishyachallagolla/Desktop/RetailSense/.venv/lib/python3.12/site-packages/airflow/example_dags/example_nested_branch_dag.py took 0.048 seconds
