[2026-07-17T20:10:47.924+0530] {processor.py:186} INFO - Started process (PID=87347) to work on /Users/bhavishyachallagolla/Desktop/RetailSense/.venv/lib/python3.12/site-packages/airflow/example_dags/example_complex.py
[2026-07-17T20:10:47.924+0530] {processor.py:914} INFO - Processing file /Users/bhavishyachallagolla/Desktop/RetailSense/.venv/lib/python3.12/site-packages/airflow/example_dags/example_complex.py for tasks to queue
[2026-07-17T20:10:47.925+0530] {logging_mixin.py:190} INFO - [2026-07-17T20:10:47.925+0530] {dagbag.py:588} INFO - Filling up the DagBag from /Users/bhavishyachallagolla/Desktop/RetailSense/.venv/lib/python3.12/site-packages/airflow/example_dags/example_complex.py
[2026-07-17T20:10:47.929+0530] {processor.py:925} INFO - DAG(s) 'example_complex' retrieved from /Users/bhavishyachallagolla/Desktop/RetailSense/.venv/lib/python3.12/site-packages/airflow/example_dags/example_complex.py
[2026-07-17T20:10:47.979+0530] {logging_mixin.py:190} INFO - [2026-07-17T20:10:47.979+0530] {dag.py:3239} INFO - Sync 1 DAGs
[2026-07-17T20:10:47.982+0530] {logging_mixin.py:190} INFO - [2026-07-17T20:10:47.982+0530] {dag.py:4180} INFO - Setting next_dagrun for example_complex to None, run_after=None
[2026-07-17T20:10:47.987+0530] {processor.py:208} INFO - Processing /Users/bhavishyachallagolla/Desktop/RetailSense/.venv/lib/python3.12/site-packages/airflow/example_dags/example_complex.py took 0.064 seconds
[2026-07-17T20:12:27.936+0530] {processor.py:186} INFO - Started process (PID=87497) to work on /Users/bhavishyachallagolla/Desktop/RetailSense/.venv/lib/python3.12/site-packages/airflow/example_dags/example_complex.py
[2026-07-17T20:12:27.937+0530] {processor.py:914} INFO - Processing file /Users/bhavishyachallagolla/Desktop/RetailSense/.venv/lib/python3.12/site-packages/airflow/example_dags/example_complex.py for tasks to queue
[2026-07-17T20:12:27.937+0530] {logging_mixin.py:190} INFO - [2026-07-17T20:12:27.937+0530] {dagbag.py:588} INFO - Filling up the DagBag from /Users/bhavishyachallagolla/Desktop/RetailSense/.venv/lib/python3.12/site-packages/airflow/example_dags/example_complex.py
[2026-07-17T20:12:27.940+0530] {processor.py:925} INFO - DAG(s) 'example_complex' retrieved from /Users/bhavishyachallagolla/Desktop/RetailSense/.venv/lib/python3.12/site-packages/airflow/example_dags/example_complex.py
[2026-07-17T20:12:27.968+0530] {logging_mixin.py:190} INFO - [2026-07-17T20:12:27.968+0530] {dag.py:3239} INFO - Sync 1 DAGs
[2026-07-17T20:12:27.970+0530] {logging_mixin.py:190} INFO - [2026-07-17T20:12:27.970+0530] {dag.py:4180} INFO - Setting next_dagrun for example_complex to None, run_after=None
[2026-07-17T20:12:27.975+0530] {processor.py:208} INFO - Processing /Users/bhavishyachallagolla/Desktop/RetailSense/.venv/lib/python3.12/site-packages/airflow/example_dags/example_complex.py took 0.040 seconds
[2026-07-17T20:14:07.038+0530] {processor.py:186} INFO - Started process (PID=87650) to work on /Users/bhavishyachallagolla/Desktop/RetailSense/.venv/lib/python3.12/site-packages/airflow/example_dags/example_complex.py
[2026-07-17T20:14:07.039+0530] {processor.py:914} INFO - Processing file /Users/bhavishyachallagolla/Desktop/RetailSense/.venv/lib/python3.12/site-packages/airflow/example_dags/example_complex.py for tasks to queue
[2026-07-17T20:14:07.039+0530] {logging_mixin.py:190} INFO - [2026-07-17T20:14:07.039+0530] {dagbag.py:588} INFO - Filling up the DagBag from /Users/bhavishyachallagolla/Desktop/RetailSense/.venv/lib/python3.12/site-packages/airflow/example_dags/example_complex.py
[2026-07-17T20:14:07.043+0530] {processor.py:925} INFO - DAG(s) 'example_complex' retrieved from /Users/bhavishyachallagolla/Desktop/RetailSense/.venv/lib/python3.12/site-packages/airflow/example_dags/example_complex.py
[2026-07-17T20:14:07.071+0530] {logging_mixin.py:190} INFO - [2026-07-17T20:14:07.071+0530] {dag.py:3239} INFO - Sync 1 DAGs
[2026-07-17T20:14:07.074+0530] {logging_mixin.py:190} INFO - [2026-07-17T20:14:07.074+0530] {dag.py:4180} INFO - Setting next_dagrun for example_complex to None, run_after=None
[2026-07-17T20:14:07.079+0530] {processor.py:208} INFO - Processing /Users/bhavishyachallagolla/Desktop/RetailSense/.venv/lib/python3.12/site-packages/airflow/example_dags/example_complex.py took 0.042 seconds
[2026-07-17T20:15:47.714+0530] {processor.py:186} INFO - Started process (PID=87816) to work on /Users/bhavishyachallagolla/Desktop/RetailSense/.venv/lib/python3.12/site-packages/airflow/example_dags/example_complex.py
[2026-07-17T20:15:47.715+0530] {processor.py:914} INFO - Processing file /Users/bhavishyachallagolla/Desktop/RetailSense/.venv/lib/python3.12/site-packages/airflow/example_dags/example_complex.py for tasks to queue
[2026-07-17T20:15:47.715+0530] {logging_mixin.py:190} INFO - [2026-07-17T20:15:47.715+0530] {dagbag.py:588} INFO - Filling up the DagBag from /Users/bhavishyachallagolla/Desktop/RetailSense/.venv/lib/python3.12/site-packages/airflow/example_dags/example_complex.py
[2026-07-17T20:15:47.719+0530] {processor.py:925} INFO - DAG(s) 'example_complex' retrieved from /Users/bhavishyachallagolla/Desktop/RetailSense/.venv/lib/python3.12/site-packages/airflow/example_dags/example_complex.py
[2026-07-17T20:15:47.748+0530] {logging_mixin.py:190} INFO - [2026-07-17T20:15:47.748+0530] {dag.py:3239} INFO - Sync 1 DAGs
[2026-07-17T20:15:47.751+0530] {logging_mixin.py:190} INFO - [2026-07-17T20:15:47.751+0530] {dag.py:4180} INFO - Setting next_dagrun for example_complex to None, run_after=None
[2026-07-17T20:15:47.756+0530] {processor.py:208} INFO - Processing /Users/bhavishyachallagolla/Desktop/RetailSense/.venv/lib/python3.12/site-packages/airflow/example_dags/example_complex.py took 0.044 seconds
[2026-07-17T20:17:26.471+0530] {processor.py:186} INFO - Started process (PID=87962) to work on /Users/bhavishyachallagolla/Desktop/RetailSense/.venv/lib/python3.12/site-packages/airflow/example_dags/example_complex.py
[2026-07-17T20:17:26.472+0530] {processor.py:914} INFO - Processing file /Users/bhavishyachallagolla/Desktop/RetailSense/.venv/lib/python3.12/site-packages/airflow/example_dags/example_complex.py for tasks to queue
[2026-07-17T20:17:26.472+0530] {logging_mixin.py:190} INFO - [2026-07-17T20:17:26.472+0530] {dagbag.py:588} INFO - Filling up the DagBag from /Users/bhavishyachallagolla/Desktop/RetailSense/.venv/lib/python3.12/site-packages/airflow/example_dags/example_complex.py
[2026-07-17T20:17:26.475+0530] {processor.py:925} INFO - DAG(s) 'example_complex' retrieved from /Users/bhavishyachallagolla/Desktop/RetailSense/.venv/lib/python3.12/site-packages/airflow/example_dags/example_complex.py
[2026-07-17T20:17:26.504+0530] {logging_mixin.py:190} INFO - [2026-07-17T20:17:26.504+0530] {dag.py:3239} INFO - Sync 1 DAGs
[2026-07-17T20:17:26.507+0530] {logging_mixin.py:190} INFO - [2026-07-17T20:17:26.507+0530] {dag.py:4180} INFO - Setting next_dagrun for example_complex to None, run_after=None
[2026-07-17T20:17:26.512+0530] {processor.py:208} INFO - Processing /Users/bhavishyachallagolla/Desktop/RetailSense/.venv/lib/python3.12/site-packages/airflow/example_dags/example_complex.py took 0.042 seconds
[2026-07-17T20:19:07.477+0530] {processor.py:186} INFO - Started process (PID=88118) to work on /Users/bhavishyachallagolla/Desktop/RetailSense/.venv/lib/python3.12/site-packages/airflow/example_dags/example_complex.py
[2026-07-17T20:19:07.477+0530] {processor.py:914} INFO - Processing file /Users/bhavishyachallagolla/Desktop/RetailSense/.venv/lib/python3.12/site-packages/airflow/example_dags/example_complex.py for tasks to queue
[2026-07-17T20:19:07.477+0530] {logging_mixin.py:190} INFO - [2026-07-17T20:19:07.477+0530] {dagbag.py:588} INFO - Filling up the DagBag from /Users/bhavishyachallagolla/Desktop/RetailSense/.venv/lib/python3.12/site-packages/airflow/example_dags/example_complex.py
[2026-07-17T20:19:07.481+0530] {processor.py:925} INFO - DAG(s) 'example_complex' retrieved from /Users/bhavishyachallagolla/Desktop/RetailSense/.venv/lib/python3.12/site-packages/airflow/example_dags/example_complex.py
[2026-07-17T20:19:07.509+0530] {logging_mixin.py:190} INFO - [2026-07-17T20:19:07.509+0530] {dag.py:3239} INFO - Sync 1 DAGs
[2026-07-17T20:19:07.512+0530] {logging_mixin.py:190} INFO - [2026-07-17T20:19:07.512+0530] {dag.py:4180} INFO - Setting next_dagrun for example_complex to None, run_after=None
[2026-07-17T20:19:07.517+0530] {processor.py:208} INFO - Processing /Users/bhavishyachallagolla/Desktop/RetailSense/.venv/lib/python3.12/site-packages/airflow/example_dags/example_complex.py took 0.041 seconds
[2026-07-17T20:20:45.826+0530] {processor.py:186} INFO - Started process (PID=88283) to work on /Users/bhavishyachallagolla/Desktop/RetailSense/.venv/lib/python3.12/site-packages/airflow/example_dags/example_complex.py
[2026-07-17T20:20:45.827+0530] {processor.py:914} INFO - Processing file /Users/bhavishyachallagolla/Desktop/RetailSense/.venv/lib/python3.12/site-packages/airflow/example_dags/example_complex.py for tasks to queue
[2026-07-17T20:20:45.827+0530] {logging_mixin.py:190} INFO - [2026-07-17T20:20:45.827+0530] {dagbag.py:588} INFO - Filling up the DagBag from /Users/bhavishyachallagolla/Desktop/RetailSense/.venv/lib/python3.12/site-packages/airflow/example_dags/example_complex.py
[2026-07-17T20:20:45.831+0530] {processor.py:925} INFO - DAG(s) 'example_complex' retrieved from /Users/bhavishyachallagolla/Desktop/RetailSense/.venv/lib/python3.12/site-packages/airflow/example_dags/example_complex.py
[2026-07-17T20:20:45.859+0530] {logging_mixin.py:190} INFO - [2026-07-17T20:20:45.859+0530] {dag.py:3239} INFO - Sync 1 DAGs
[2026-07-17T20:20:45.862+0530] {logging_mixin.py:190} INFO - [2026-07-17T20:20:45.861+0530] {dag.py:4180} INFO - Setting next_dagrun for example_complex to None, run_after=None
[2026-07-17T20:20:45.867+0530] {processor.py:208} INFO - Processing /Users/bhavishyachallagolla/Desktop/RetailSense/.venv/lib/python3.12/site-packages/airflow/example_dags/example_complex.py took 0.042 seconds
[2026-07-17T20:22:26.902+0530] {processor.py:186} INFO - Started process (PID=88437) to work on /Users/bhavishyachallagolla/Desktop/RetailSense/.venv/lib/python3.12/site-packages/airflow/example_dags/example_complex.py
[2026-07-17T20:22:26.903+0530] {processor.py:914} INFO - Processing file /Users/bhavishyachallagolla/Desktop/RetailSense/.venv/lib/python3.12/site-packages/airflow/example_dags/example_complex.py for tasks to queue
[2026-07-17T20:22:26.903+0530] {logging_mixin.py:190} INFO - [2026-07-17T20:22:26.903+0530] {dagbag.py:588} INFO - Filling up the DagBag from /Users/bhavishyachallagolla/Desktop/RetailSense/.venv/lib/python3.12/site-packages/airflow/example_dags/example_complex.py
[2026-07-17T20:22:26.907+0530] {processor.py:925} INFO - DAG(s) 'example_complex' retrieved from /Users/bhavishyachallagolla/Desktop/RetailSense/.venv/lib/python3.12/site-packages/airflow/example_dags/example_complex.py
[2026-07-17T20:22:26.935+0530] {logging_mixin.py:190} INFO - [2026-07-17T20:22:26.935+0530] {dag.py:3239} INFO - Sync 1 DAGs
[2026-07-17T20:22:26.937+0530] {logging_mixin.py:190} INFO - [2026-07-17T20:22:26.937+0530] {dag.py:4180} INFO - Setting next_dagrun for example_complex to None, run_after=None
[2026-07-17T20:22:26.942+0530] {processor.py:208} INFO - Processing /Users/bhavishyachallagolla/Desktop/RetailSense/.venv/lib/python3.12/site-packages/airflow/example_dags/example_complex.py took 0.041 seconds
[2026-07-17T20:24:08.050+0530] {processor.py:186} INFO - Started process (PID=88595) to work on /Users/bhavishyachallagolla/Desktop/RetailSense/.venv/lib/python3.12/site-packages/airflow/example_dags/example_complex.py
[2026-07-17T20:24:08.051+0530] {processor.py:914} INFO - Processing file /Users/bhavishyachallagolla/Desktop/RetailSense/.venv/lib/python3.12/site-packages/airflow/example_dags/example_complex.py for tasks to queue
[2026-07-17T20:24:08.052+0530] {logging_mixin.py:190} INFO - [2026-07-17T20:24:08.052+0530] {dagbag.py:588} INFO - Filling up the DagBag from /Users/bhavishyachallagolla/Desktop/RetailSense/.venv/lib/python3.12/site-packages/airflow/example_dags/example_complex.py
[2026-07-17T20:24:08.056+0530] {processor.py:925} INFO - DAG(s) 'example_complex' retrieved from /Users/bhavishyachallagolla/Desktop/RetailSense/.venv/lib/python3.12/site-packages/airflow/example_dags/example_complex.py
[2026-07-17T20:24:08.084+0530] {logging_mixin.py:190} INFO - [2026-07-17T20:24:08.084+0530] {dag.py:3239} INFO - Sync 1 DAGs
[2026-07-17T20:24:08.087+0530] {logging_mixin.py:190} INFO - [2026-07-17T20:24:08.087+0530] {dag.py:4180} INFO - Setting next_dagrun for example_complex to None, run_after=None
[2026-07-17T20:24:08.092+0530] {processor.py:208} INFO - Processing /Users/bhavishyachallagolla/Desktop/RetailSense/.venv/lib/python3.12/site-packages/airflow/example_dags/example_complex.py took 0.043 seconds
[2026-07-17T20:25:48.957+0530] {processor.py:186} INFO - Started process (PID=88746) to work on /Users/bhavishyachallagolla/Desktop/RetailSense/.venv/lib/python3.12/site-packages/airflow/example_dags/example_complex.py
[2026-07-17T20:25:48.959+0530] {processor.py:914} INFO - Processing file /Users/bhavishyachallagolla/Desktop/RetailSense/.venv/lib/python3.12/site-packages/airflow/example_dags/example_complex.py for tasks to queue
[2026-07-17T20:25:48.959+0530] {logging_mixin.py:190} INFO - [2026-07-17T20:25:48.959+0530] {dagbag.py:588} INFO - Filling up the DagBag from /Users/bhavishyachallagolla/Desktop/RetailSense/.venv/lib/python3.12/site-packages/airflow/example_dags/example_complex.py
[2026-07-17T20:25:48.962+0530] {processor.py:925} INFO - DAG(s) 'example_complex' retrieved from /Users/bhavishyachallagolla/Desktop/RetailSense/.venv/lib/python3.12/site-packages/airflow/example_dags/example_complex.py
[2026-07-17T20:25:48.990+0530] {logging_mixin.py:190} INFO - [2026-07-17T20:25:48.990+0530] {dag.py:3239} INFO - Sync 1 DAGs
[2026-07-17T20:25:48.993+0530] {logging_mixin.py:190} INFO - [2026-07-17T20:25:48.993+0530] {dag.py:4180} INFO - Setting next_dagrun for example_complex to None, run_after=None
[2026-07-17T20:25:48.998+0530] {processor.py:208} INFO - Processing /Users/bhavishyachallagolla/Desktop/RetailSense/.venv/lib/python3.12/site-packages/airflow/example_dags/example_complex.py took 0.041 seconds
[2026-07-17T20:27:29.888+0530] {processor.py:186} INFO - Started process (PID=88912) to work on /Users/bhavishyachallagolla/Desktop/RetailSense/.venv/lib/python3.12/site-packages/airflow/example_dags/example_complex.py
[2026-07-17T20:27:29.889+0530] {processor.py:914} INFO - Processing file /Users/bhavishyachallagolla/Desktop/RetailSense/.venv/lib/python3.12/site-packages/airflow/example_dags/example_complex.py for tasks to queue
[2026-07-17T20:27:29.890+0530] {logging_mixin.py:190} INFO - [2026-07-17T20:27:29.889+0530] {dagbag.py:588} INFO - Filling up the DagBag from /Users/bhavishyachallagolla/Desktop/RetailSense/.venv/lib/python3.12/site-packages/airflow/example_dags/example_complex.py
[2026-07-17T20:27:29.893+0530] {processor.py:925} INFO - DAG(s) 'example_complex' retrieved from /Users/bhavishyachallagolla/Desktop/RetailSense/.venv/lib/python3.12/site-packages/airflow/example_dags/example_complex.py
[2026-07-17T20:27:29.921+0530] {logging_mixin.py:190} INFO - [2026-07-17T20:27:29.921+0530] {dag.py:3239} INFO - Sync 1 DAGs
[2026-07-17T20:27:29.924+0530] {logging_mixin.py:190} INFO - [2026-07-17T20:27:29.924+0530] {dag.py:4180} INFO - Setting next_dagrun for example_complex to None, run_after=None
[2026-07-17T20:27:29.929+0530] {processor.py:208} INFO - Processing /Users/bhavishyachallagolla/Desktop/RetailSense/.venv/lib/python3.12/site-packages/airflow/example_dags/example_complex.py took 0.041 seconds
[2026-07-17T20:29:06.581+0530] {processor.py:186} INFO - Started process (PID=89060) to work on /Users/bhavishyachallagolla/Desktop/RetailSense/.venv/lib/python3.12/site-packages/airflow/example_dags/example_complex.py
[2026-07-17T20:29:06.582+0530] {processor.py:914} INFO - Processing file /Users/bhavishyachallagolla/Desktop/RetailSense/.venv/lib/python3.12/site-packages/airflow/example_dags/example_complex.py for tasks to queue
[2026-07-17T20:29:06.582+0530] {logging_mixin.py:190} INFO - [2026-07-17T20:29:06.582+0530] {dagbag.py:588} INFO - Filling up the DagBag from /Users/bhavishyachallagolla/Desktop/RetailSense/.venv/lib/python3.12/site-packages/airflow/example_dags/example_complex.py
[2026-07-17T20:29:06.585+0530] {processor.py:925} INFO - DAG(s) 'example_complex' retrieved from /Users/bhavishyachallagolla/Desktop/RetailSense/.venv/lib/python3.12/site-packages/airflow/example_dags/example_complex.py
[2026-07-17T20:29:06.613+0530] {logging_mixin.py:190} INFO - [2026-07-17T20:29:06.613+0530] {dag.py:3239} INFO - Sync 1 DAGs
[2026-07-17T20:29:06.616+0530] {logging_mixin.py:190} INFO - [2026-07-17T20:29:06.616+0530] {dag.py:4180} INFO - Setting next_dagrun for example_complex to None, run_after=None
[2026-07-17T20:29:06.621+0530] {processor.py:208} INFO - Processing /Users/bhavishyachallagolla/Desktop/RetailSense/.venv/lib/python3.12/site-packages/airflow/example_dags/example_complex.py took 0.041 seconds
[2026-07-17T20:30:46.080+0530] {processor.py:186} INFO - Started process (PID=89217) to work on /Users/bhavishyachallagolla/Desktop/RetailSense/.venv/lib/python3.12/site-packages/airflow/example_dags/example_complex.py
[2026-07-17T20:30:46.081+0530] {processor.py:914} INFO - Processing file /Users/bhavishyachallagolla/Desktop/RetailSense/.venv/lib/python3.12/site-packages/airflow/example_dags/example_complex.py for tasks to queue
[2026-07-17T20:30:46.081+0530] {logging_mixin.py:190} INFO - [2026-07-17T20:30:46.081+0530] {dagbag.py:588} INFO - Filling up the DagBag from /Users/bhavishyachallagolla/Desktop/RetailSense/.venv/lib/python3.12/site-packages/airflow/example_dags/example_complex.py
[2026-07-17T20:30:46.085+0530] {processor.py:925} INFO - DAG(s) 'example_complex' retrieved from /Users/bhavishyachallagolla/Desktop/RetailSense/.venv/lib/python3.12/site-packages/airflow/example_dags/example_complex.py
[2026-07-17T20:30:46.113+0530] {logging_mixin.py:190} INFO - [2026-07-17T20:30:46.113+0530] {dag.py:3239} INFO - Sync 1 DAGs
[2026-07-17T20:30:46.116+0530] {logging_mixin.py:190} INFO - [2026-07-17T20:30:46.116+0530] {dag.py:4180} INFO - Setting next_dagrun for example_complex to None, run_after=None
[2026-07-17T20:30:46.121+0530] {processor.py:208} INFO - Processing /Users/bhavishyachallagolla/Desktop/RetailSense/.venv/lib/python3.12/site-packages/airflow/example_dags/example_complex.py took 0.042 seconds
[2026-07-17T20:32:27.182+0530] {processor.py:186} INFO - Started process (PID=89367) to work on /Users/bhavishyachallagolla/Desktop/RetailSense/.venv/lib/python3.12/site-packages/airflow/example_dags/example_complex.py
[2026-07-17T20:32:27.183+0530] {processor.py:914} INFO - Processing file /Users/bhavishyachallagolla/Desktop/RetailSense/.venv/lib/python3.12/site-packages/airflow/example_dags/example_complex.py for tasks to queue
[2026-07-17T20:32:27.183+0530] {logging_mixin.py:190} INFO - [2026-07-17T20:32:27.183+0530] {dagbag.py:588} INFO - Filling up the DagBag from /Users/bhavishyachallagolla/Desktop/RetailSense/.venv/lib/python3.12/site-packages/airflow/example_dags/example_complex.py
[2026-07-17T20:32:27.186+0530] {processor.py:925} INFO - DAG(s) 'example_complex' retrieved from /Users/bhavishyachallagolla/Desktop/RetailSense/.venv/lib/python3.12/site-packages/airflow/example_dags/example_complex.py
[2026-07-17T20:32:27.214+0530] {logging_mixin.py:190} INFO - [2026-07-17T20:32:27.214+0530] {dag.py:3239} INFO - Sync 1 DAGs
[2026-07-17T20:32:27.217+0530] {logging_mixin.py:190} INFO - [2026-07-17T20:32:27.217+0530] {dag.py:4180} INFO - Setting next_dagrun for example_complex to None, run_after=None
[2026-07-17T20:32:27.222+0530] {processor.py:208} INFO - Processing /Users/bhavishyachallagolla/Desktop/RetailSense/.venv/lib/python3.12/site-packages/airflow/example_dags/example_complex.py took 0.040 seconds
[2026-07-17T20:34:08.101+0530] {processor.py:186} INFO - Started process (PID=89518) to work on /Users/bhavishyachallagolla/Desktop/RetailSense/.venv/lib/python3.12/site-packages/airflow/example_dags/example_complex.py
[2026-07-17T20:34:08.102+0530] {processor.py:914} INFO - Processing file /Users/bhavishyachallagolla/Desktop/RetailSense/.venv/lib/python3.12/site-packages/airflow/example_dags/example_complex.py for tasks to queue
[2026-07-17T20:34:08.102+0530] {logging_mixin.py:190} INFO - [2026-07-17T20:34:08.102+0530] {dagbag.py:588} INFO - Filling up the DagBag from /Users/bhavishyachallagolla/Desktop/RetailSense/.venv/lib/python3.12/site-packages/airflow/example_dags/example_complex.py
[2026-07-17T20:34:08.106+0530] {processor.py:925} INFO - DAG(s) 'example_complex' retrieved from /Users/bhavishyachallagolla/Desktop/RetailSense/.venv/lib/python3.12/site-packages/airflow/example_dags/example_complex.py
[2026-07-17T20:34:08.135+0530] {logging_mixin.py:190} INFO - [2026-07-17T20:34:08.135+0530] {dag.py:3239} INFO - Sync 1 DAGs
[2026-07-17T20:34:08.138+0530] {logging_mixin.py:190} INFO - [2026-07-17T20:34:08.138+0530] {dag.py:4180} INFO - Setting next_dagrun for example_complex to None, run_after=None
[2026-07-17T20:34:08.144+0530] {processor.py:208} INFO - Processing /Users/bhavishyachallagolla/Desktop/RetailSense/.venv/lib/python3.12/site-packages/airflow/example_dags/example_complex.py took 0.044 seconds
[2026-07-17T20:35:48.581+0530] {processor.py:186} INFO - Started process (PID=89667) to work on /Users/bhavishyachallagolla/Desktop/RetailSense/.venv/lib/python3.12/site-packages/airflow/example_dags/example_complex.py
[2026-07-17T20:35:48.581+0530] {processor.py:914} INFO - Processing file /Users/bhavishyachallagolla/Desktop/RetailSense/.venv/lib/python3.12/site-packages/airflow/example_dags/example_complex.py for tasks to queue
[2026-07-17T20:35:48.582+0530] {logging_mixin.py:190} INFO - [2026-07-17T20:35:48.582+0530] {dagbag.py:588} INFO - Filling up the DagBag from /Users/bhavishyachallagolla/Desktop/RetailSense/.venv/lib/python3.12/site-packages/airflow/example_dags/example_complex.py
[2026-07-17T20:35:48.585+0530] {processor.py:925} INFO - DAG(s) 'example_complex' retrieved from /Users/bhavishyachallagolla/Desktop/RetailSense/.venv/lib/python3.12/site-packages/airflow/example_dags/example_complex.py
[2026-07-17T20:35:48.613+0530] {logging_mixin.py:190} INFO - [2026-07-17T20:35:48.613+0530] {dag.py:3239} INFO - Sync 1 DAGs
[2026-07-17T20:35:48.616+0530] {logging_mixin.py:190} INFO - [2026-07-17T20:35:48.616+0530] {dag.py:4180} INFO - Setting next_dagrun for example_complex to None, run_after=None
[2026-07-17T20:35:48.621+0530] {processor.py:208} INFO - Processing /Users/bhavishyachallagolla/Desktop/RetailSense/.venv/lib/python3.12/site-packages/airflow/example_dags/example_complex.py took 0.041 seconds
[2026-07-17T20:37:29.546+0530] {processor.py:186} INFO - Started process (PID=89818) to work on /Users/bhavishyachallagolla/Desktop/RetailSense/.venv/lib/python3.12/site-packages/airflow/example_dags/example_complex.py
[2026-07-17T20:37:29.546+0530] {processor.py:914} INFO - Processing file /Users/bhavishyachallagolla/Desktop/RetailSense/.venv/lib/python3.12/site-packages/airflow/example_dags/example_complex.py for tasks to queue
[2026-07-17T20:37:29.546+0530] {logging_mixin.py:190} INFO - [2026-07-17T20:37:29.546+0530] {dagbag.py:588} INFO - Filling up the DagBag from /Users/bhavishyachallagolla/Desktop/RetailSense/.venv/lib/python3.12/site-packages/airflow/example_dags/example_complex.py
[2026-07-17T20:37:29.550+0530] {processor.py:925} INFO - DAG(s) 'example_complex' retrieved from /Users/bhavishyachallagolla/Desktop/RetailSense/.venv/lib/python3.12/site-packages/airflow/example_dags/example_complex.py
[2026-07-17T20:37:29.578+0530] {logging_mixin.py:190} INFO - [2026-07-17T20:37:29.578+0530] {dag.py:3239} INFO - Sync 1 DAGs
[2026-07-17T20:37:29.581+0530] {logging_mixin.py:190} INFO - [2026-07-17T20:37:29.581+0530] {dag.py:4180} INFO - Setting next_dagrun for example_complex to None, run_after=None
[2026-07-17T20:37:29.586+0530] {processor.py:208} INFO - Processing /Users/bhavishyachallagolla/Desktop/RetailSense/.venv/lib/python3.12/site-packages/airflow/example_dags/example_complex.py took 0.041 seconds
[2026-07-17T20:39:11.412+0530] {processor.py:186} INFO - Started process (PID=89985) to work on /Users/bhavishyachallagolla/Desktop/RetailSense/.venv/lib/python3.12/site-packages/airflow/example_dags/example_complex.py
[2026-07-17T20:39:11.412+0530] {processor.py:914} INFO - Processing file /Users/bhavishyachallagolla/Desktop/RetailSense/.venv/lib/python3.12/site-packages/airflow/example_dags/example_complex.py for tasks to queue
[2026-07-17T20:39:11.413+0530] {logging_mixin.py:190} INFO - [2026-07-17T20:39:11.413+0530] {dagbag.py:588} INFO - Filling up the DagBag from /Users/bhavishyachallagolla/Desktop/RetailSense/.venv/lib/python3.12/site-packages/airflow/example_dags/example_complex.py
[2026-07-17T20:39:11.416+0530] {processor.py:925} INFO - DAG(s) 'example_complex' retrieved from /Users/bhavishyachallagolla/Desktop/RetailSense/.venv/lib/python3.12/site-packages/airflow/example_dags/example_complex.py
[2026-07-17T20:39:11.443+0530] {logging_mixin.py:190} INFO - [2026-07-17T20:39:11.443+0530] {dag.py:3239} INFO - Sync 1 DAGs
[2026-07-17T20:39:11.446+0530] {logging_mixin.py:190} INFO - [2026-07-17T20:39:11.446+0530] {dag.py:4180} INFO - Setting next_dagrun for example_complex to None, run_after=None
[2026-07-17T20:39:11.451+0530] {processor.py:208} INFO - Processing /Users/bhavishyachallagolla/Desktop/RetailSense/.venv/lib/python3.12/site-packages/airflow/example_dags/example_complex.py took 0.040 seconds
[2026-07-17T20:40:51.643+0530] {processor.py:186} INFO - Started process (PID=90235) to work on /Users/bhavishyachallagolla/Desktop/RetailSense/.venv/lib/python3.12/site-packages/airflow/example_dags/example_complex.py
[2026-07-17T20:40:51.644+0530] {processor.py:914} INFO - Processing file /Users/bhavishyachallagolla/Desktop/RetailSense/.venv/lib/python3.12/site-packages/airflow/example_dags/example_complex.py for tasks to queue
[2026-07-17T20:40:51.644+0530] {logging_mixin.py:190} INFO - [2026-07-17T20:40:51.644+0530] {dagbag.py:588} INFO - Filling up the DagBag from /Users/bhavishyachallagolla/Desktop/RetailSense/.venv/lib/python3.12/site-packages/airflow/example_dags/example_complex.py
[2026-07-17T20:40:51.648+0530] {processor.py:925} INFO - DAG(s) 'example_complex' retrieved from /Users/bhavishyachallagolla/Desktop/RetailSense/.venv/lib/python3.12/site-packages/airflow/example_dags/example_complex.py
[2026-07-17T20:40:51.675+0530] {logging_mixin.py:190} INFO - [2026-07-17T20:40:51.675+0530] {dag.py:3239} INFO - Sync 1 DAGs
[2026-07-17T20:40:51.678+0530] {logging_mixin.py:190} INFO - [2026-07-17T20:40:51.678+0530] {dag.py:4180} INFO - Setting next_dagrun for example_complex to None, run_after=None
[2026-07-17T20:40:51.683+0530] {processor.py:208} INFO - Processing /Users/bhavishyachallagolla/Desktop/RetailSense/.venv/lib/python3.12/site-packages/airflow/example_dags/example_complex.py took 0.041 seconds
[2026-07-17T20:42:32.315+0530] {processor.py:186} INFO - Started process (PID=90402) to work on /Users/bhavishyachallagolla/Desktop/RetailSense/.venv/lib/python3.12/site-packages/airflow/example_dags/example_complex.py
[2026-07-17T20:42:32.316+0530] {processor.py:914} INFO - Processing file /Users/bhavishyachallagolla/Desktop/RetailSense/.venv/lib/python3.12/site-packages/airflow/example_dags/example_complex.py for tasks to queue
[2026-07-17T20:42:32.316+0530] {logging_mixin.py:190} INFO - [2026-07-17T20:42:32.316+0530] {dagbag.py:588} INFO - Filling up the DagBag from /Users/bhavishyachallagolla/Desktop/RetailSense/.venv/lib/python3.12/site-packages/airflow/example_dags/example_complex.py
[2026-07-17T20:42:32.320+0530] {processor.py:925} INFO - DAG(s) 'example_complex' retrieved from /Users/bhavishyachallagolla/Desktop/RetailSense/.venv/lib/python3.12/site-packages/airflow/example_dags/example_complex.py
[2026-07-17T20:42:32.348+0530] {logging_mixin.py:190} INFO - [2026-07-17T20:42:32.347+0530] {dag.py:3239} INFO - Sync 1 DAGs
[2026-07-17T20:42:32.351+0530] {logging_mixin.py:190} INFO - [2026-07-17T20:42:32.351+0530] {dag.py:4180} INFO - Setting next_dagrun for example_complex to None, run_after=None
[2026-07-17T20:42:32.356+0530] {processor.py:208} INFO - Processing /Users/bhavishyachallagolla/Desktop/RetailSense/.venv/lib/python3.12/site-packages/airflow/example_dags/example_complex.py took 0.042 seconds
[2026-07-17T20:44:11.594+0530] {processor.py:186} INFO - Started process (PID=90550) to work on /Users/bhavishyachallagolla/Desktop/RetailSense/.venv/lib/python3.12/site-packages/airflow/example_dags/example_complex.py
[2026-07-17T20:44:11.595+0530] {processor.py:914} INFO - Processing file /Users/bhavishyachallagolla/Desktop/RetailSense/.venv/lib/python3.12/site-packages/airflow/example_dags/example_complex.py for tasks to queue
[2026-07-17T20:44:11.595+0530] {logging_mixin.py:190} INFO - [2026-07-17T20:44:11.595+0530] {dagbag.py:588} INFO - Filling up the DagBag from /Users/bhavishyachallagolla/Desktop/RetailSense/.venv/lib/python3.12/site-packages/airflow/example_dags/example_complex.py
[2026-07-17T20:44:11.599+0530] {processor.py:925} INFO - DAG(s) 'example_complex' retrieved from /Users/bhavishyachallagolla/Desktop/RetailSense/.venv/lib/python3.12/site-packages/airflow/example_dags/example_complex.py
[2026-07-17T20:44:11.626+0530] {logging_mixin.py:190} INFO - [2026-07-17T20:44:11.626+0530] {dag.py:3239} INFO - Sync 1 DAGs
[2026-07-17T20:44:11.629+0530] {logging_mixin.py:190} INFO - [2026-07-17T20:44:11.629+0530] {dag.py:4180} INFO - Setting next_dagrun for example_complex to None, run_after=None
[2026-07-17T20:44:11.634+0530] {processor.py:208} INFO - Processing /Users/bhavishyachallagolla/Desktop/RetailSense/.venv/lib/python3.12/site-packages/airflow/example_dags/example_complex.py took 0.041 seconds
[2026-07-17T20:45:51.893+0530] {processor.py:186} INFO - Started process (PID=90710) to work on /Users/bhavishyachallagolla/Desktop/RetailSense/.venv/lib/python3.12/site-packages/airflow/example_dags/example_complex.py
[2026-07-17T20:45:51.894+0530] {processor.py:914} INFO - Processing file /Users/bhavishyachallagolla/Desktop/RetailSense/.venv/lib/python3.12/site-packages/airflow/example_dags/example_complex.py for tasks to queue
[2026-07-17T20:45:51.894+0530] {logging_mixin.py:190} INFO - [2026-07-17T20:45:51.894+0530] {dagbag.py:588} INFO - Filling up the DagBag from /Users/bhavishyachallagolla/Desktop/RetailSense/.venv/lib/python3.12/site-packages/airflow/example_dags/example_complex.py
[2026-07-17T20:45:51.898+0530] {processor.py:925} INFO - DAG(s) 'example_complex' retrieved from /Users/bhavishyachallagolla/Desktop/RetailSense/.venv/lib/python3.12/site-packages/airflow/example_dags/example_complex.py
[2026-07-17T20:45:51.926+0530] {logging_mixin.py:190} INFO - [2026-07-17T20:45:51.926+0530] {dag.py:3239} INFO - Sync 1 DAGs
[2026-07-17T20:45:51.929+0530] {logging_mixin.py:190} INFO - [2026-07-17T20:45:51.929+0530] {dag.py:4180} INFO - Setting next_dagrun for example_complex to None, run_after=None
[2026-07-17T20:45:51.934+0530] {processor.py:208} INFO - Processing /Users/bhavishyachallagolla/Desktop/RetailSense/.venv/lib/python3.12/site-packages/airflow/example_dags/example_complex.py took 0.042 seconds
[2026-07-17T20:47:32.783+0530] {processor.py:186} INFO - Started process (PID=90860) to work on /Users/bhavishyachallagolla/Desktop/RetailSense/.venv/lib/python3.12/site-packages/airflow/example_dags/example_complex.py
[2026-07-17T20:47:32.784+0530] {processor.py:914} INFO - Processing file /Users/bhavishyachallagolla/Desktop/RetailSense/.venv/lib/python3.12/site-packages/airflow/example_dags/example_complex.py for tasks to queue
[2026-07-17T20:47:32.784+0530] {logging_mixin.py:190} INFO - [2026-07-17T20:47:32.784+0530] {dagbag.py:588} INFO - Filling up the DagBag from /Users/bhavishyachallagolla/Desktop/RetailSense/.venv/lib/python3.12/site-packages/airflow/example_dags/example_complex.py
[2026-07-17T20:47:32.788+0530] {processor.py:925} INFO - DAG(s) 'example_complex' retrieved from /Users/bhavishyachallagolla/Desktop/RetailSense/.venv/lib/python3.12/site-packages/airflow/example_dags/example_complex.py
[2026-07-17T20:47:32.817+0530] {logging_mixin.py:190} INFO - [2026-07-17T20:47:32.817+0530] {dag.py:3239} INFO - Sync 1 DAGs
[2026-07-17T20:47:32.820+0530] {logging_mixin.py:190} INFO - [2026-07-17T20:47:32.820+0530] {dag.py:4180} INFO - Setting next_dagrun for example_complex to None, run_after=None
[2026-07-17T20:47:32.826+0530] {processor.py:208} INFO - Processing /Users/bhavishyachallagolla/Desktop/RetailSense/.venv/lib/python3.12/site-packages/airflow/example_dags/example_complex.py took 0.044 seconds
[2026-07-17T20:49:13.866+0530] {processor.py:186} INFO - Started process (PID=91025) to work on /Users/bhavishyachallagolla/Desktop/RetailSense/.venv/lib/python3.12/site-packages/airflow/example_dags/example_complex.py
[2026-07-17T20:49:13.868+0530] {processor.py:914} INFO - Processing file /Users/bhavishyachallagolla/Desktop/RetailSense/.venv/lib/python3.12/site-packages/airflow/example_dags/example_complex.py for tasks to queue
[2026-07-17T20:49:13.868+0530] {logging_mixin.py:190} INFO - [2026-07-17T20:49:13.868+0530] {dagbag.py:588} INFO - Filling up the DagBag from /Users/bhavishyachallagolla/Desktop/RetailSense/.venv/lib/python3.12/site-packages/airflow/example_dags/example_complex.py
[2026-07-17T20:49:13.871+0530] {processor.py:925} INFO - DAG(s) 'example_complex' retrieved from /Users/bhavishyachallagolla/Desktop/RetailSense/.venv/lib/python3.12/site-packages/airflow/example_dags/example_complex.py
[2026-07-17T20:49:13.899+0530] {logging_mixin.py:190} INFO - [2026-07-17T20:49:13.899+0530] {dag.py:3239} INFO - Sync 1 DAGs
[2026-07-17T20:49:13.902+0530] {logging_mixin.py:190} INFO - [2026-07-17T20:49:13.902+0530] {dag.py:4180} INFO - Setting next_dagrun for example_complex to None, run_after=None
[2026-07-17T20:49:13.907+0530] {processor.py:208} INFO - Processing /Users/bhavishyachallagolla/Desktop/RetailSense/.venv/lib/python3.12/site-packages/airflow/example_dags/example_complex.py took 0.042 seconds
[2026-07-17T20:50:49.977+0530] {processor.py:186} INFO - Started process (PID=91179) to work on /Users/bhavishyachallagolla/Desktop/RetailSense/.venv/lib/python3.12/site-packages/airflow/example_dags/example_complex.py
[2026-07-17T20:50:49.978+0530] {processor.py:914} INFO - Processing file /Users/bhavishyachallagolla/Desktop/RetailSense/.venv/lib/python3.12/site-packages/airflow/example_dags/example_complex.py for tasks to queue
[2026-07-17T20:50:49.978+0530] {logging_mixin.py:190} INFO - [2026-07-17T20:50:49.978+0530] {dagbag.py:588} INFO - Filling up the DagBag from /Users/bhavishyachallagolla/Desktop/RetailSense/.venv/lib/python3.12/site-packages/airflow/example_dags/example_complex.py
[2026-07-17T20:50:49.981+0530] {processor.py:925} INFO - DAG(s) 'example_complex' retrieved from /Users/bhavishyachallagolla/Desktop/RetailSense/.venv/lib/python3.12/site-packages/airflow/example_dags/example_complex.py
[2026-07-17T20:50:50.009+0530] {logging_mixin.py:190} INFO - [2026-07-17T20:50:50.009+0530] {dag.py:3239} INFO - Sync 1 DAGs
[2026-07-17T20:50:50.011+0530] {logging_mixin.py:190} INFO - [2026-07-17T20:50:50.011+0530] {dag.py:4180} INFO - Setting next_dagrun for example_complex to None, run_after=None
[2026-07-17T20:50:50.016+0530] {processor.py:208} INFO - Processing /Users/bhavishyachallagolla/Desktop/RetailSense/.venv/lib/python3.12/site-packages/airflow/example_dags/example_complex.py took 0.041 seconds
[2026-07-17T20:52:33.244+0530] {processor.py:186} INFO - Started process (PID=91333) to work on /Users/bhavishyachallagolla/Desktop/RetailSense/.venv/lib/python3.12/site-packages/airflow/example_dags/example_complex.py
[2026-07-17T20:52:33.245+0530] {processor.py:914} INFO - Processing file /Users/bhavishyachallagolla/Desktop/RetailSense/.venv/lib/python3.12/site-packages/airflow/example_dags/example_complex.py for tasks to queue
[2026-07-17T20:52:33.245+0530] {logging_mixin.py:190} INFO - [2026-07-17T20:52:33.245+0530] {dagbag.py:588} INFO - Filling up the DagBag from /Users/bhavishyachallagolla/Desktop/RetailSense/.venv/lib/python3.12/site-packages/airflow/example_dags/example_complex.py
[2026-07-17T20:52:33.249+0530] {processor.py:925} INFO - DAG(s) 'example_complex' retrieved from /Users/bhavishyachallagolla/Desktop/RetailSense/.venv/lib/python3.12/site-packages/airflow/example_dags/example_complex.py
[2026-07-17T20:52:33.276+0530] {logging_mixin.py:190} INFO - [2026-07-17T20:52:33.276+0530] {dag.py:3239} INFO - Sync 1 DAGs
[2026-07-17T20:52:33.279+0530] {logging_mixin.py:190} INFO - [2026-07-17T20:52:33.279+0530] {dag.py:4180} INFO - Setting next_dagrun for example_complex to None, run_after=None
[2026-07-17T20:52:33.284+0530] {processor.py:208} INFO - Processing /Users/bhavishyachallagolla/Desktop/RetailSense/.venv/lib/python3.12/site-packages/airflow/example_dags/example_complex.py took 0.041 seconds
[2026-07-17T20:54:14.854+0530] {processor.py:186} INFO - Started process (PID=91483) to work on /Users/bhavishyachallagolla/Desktop/RetailSense/.venv/lib/python3.12/site-packages/airflow/example_dags/example_complex.py
[2026-07-17T20:54:14.855+0530] {processor.py:914} INFO - Processing file /Users/bhavishyachallagolla/Desktop/RetailSense/.venv/lib/python3.12/site-packages/airflow/example_dags/example_complex.py for tasks to queue
[2026-07-17T20:54:14.856+0530] {logging_mixin.py:190} INFO - [2026-07-17T20:54:14.856+0530] {dagbag.py:588} INFO - Filling up the DagBag from /Users/bhavishyachallagolla/Desktop/RetailSense/.venv/lib/python3.12/site-packages/airflow/example_dags/example_complex.py
[2026-07-17T20:54:14.859+0530] {processor.py:925} INFO - DAG(s) 'example_complex' retrieved from /Users/bhavishyachallagolla/Desktop/RetailSense/.venv/lib/python3.12/site-packages/airflow/example_dags/example_complex.py
[2026-07-17T20:54:14.887+0530] {logging_mixin.py:190} INFO - [2026-07-17T20:54:14.887+0530] {dag.py:3239} INFO - Sync 1 DAGs
[2026-07-17T20:54:14.890+0530] {logging_mixin.py:190} INFO - [2026-07-17T20:54:14.890+0530] {dag.py:4180} INFO - Setting next_dagrun for example_complex to None, run_after=None
[2026-07-17T20:54:14.895+0530] {processor.py:208} INFO - Processing /Users/bhavishyachallagolla/Desktop/RetailSense/.venv/lib/python3.12/site-packages/airflow/example_dags/example_complex.py took 0.042 seconds
[2026-07-17T20:55:54.573+0530] {processor.py:186} INFO - Started process (PID=91649) to work on /Users/bhavishyachallagolla/Desktop/RetailSense/.venv/lib/python3.12/site-packages/airflow/example_dags/example_complex.py
[2026-07-17T20:55:54.573+0530] {processor.py:914} INFO - Processing file /Users/bhavishyachallagolla/Desktop/RetailSense/.venv/lib/python3.12/site-packages/airflow/example_dags/example_complex.py for tasks to queue
[2026-07-17T20:55:54.574+0530] {logging_mixin.py:190} INFO - [2026-07-17T20:55:54.574+0530] {dagbag.py:588} INFO - Filling up the DagBag from /Users/bhavishyachallagolla/Desktop/RetailSense/.venv/lib/python3.12/site-packages/airflow/example_dags/example_complex.py
[2026-07-17T20:55:54.577+0530] {processor.py:925} INFO - DAG(s) 'example_complex' retrieved from /Users/bhavishyachallagolla/Desktop/RetailSense/.venv/lib/python3.12/site-packages/airflow/example_dags/example_complex.py
[2026-07-17T20:55:54.605+0530] {logging_mixin.py:190} INFO - [2026-07-17T20:55:54.604+0530] {dag.py:3239} INFO - Sync 1 DAGs
[2026-07-17T20:55:54.607+0530] {logging_mixin.py:190} INFO - [2026-07-17T20:55:54.607+0530] {dag.py:4180} INFO - Setting next_dagrun for example_complex to None, run_after=None
[2026-07-17T20:55:54.612+0530] {processor.py:208} INFO - Processing /Users/bhavishyachallagolla/Desktop/RetailSense/.venv/lib/python3.12/site-packages/airflow/example_dags/example_complex.py took 0.040 seconds
[2026-07-17T20:57:34.889+0530] {processor.py:186} INFO - Started process (PID=91796) to work on /Users/bhavishyachallagolla/Desktop/RetailSense/.venv/lib/python3.12/site-packages/airflow/example_dags/example_complex.py
[2026-07-17T20:57:34.890+0530] {processor.py:914} INFO - Processing file /Users/bhavishyachallagolla/Desktop/RetailSense/.venv/lib/python3.12/site-packages/airflow/example_dags/example_complex.py for tasks to queue
[2026-07-17T20:57:34.891+0530] {logging_mixin.py:190} INFO - [2026-07-17T20:57:34.891+0530] {dagbag.py:588} INFO - Filling up the DagBag from /Users/bhavishyachallagolla/Desktop/RetailSense/.venv/lib/python3.12/site-packages/airflow/example_dags/example_complex.py
[2026-07-17T20:57:34.894+0530] {processor.py:925} INFO - DAG(s) 'example_complex' retrieved from /Users/bhavishyachallagolla/Desktop/RetailSense/.venv/lib/python3.12/site-packages/airflow/example_dags/example_complex.py
[2026-07-17T20:57:34.922+0530] {logging_mixin.py:190} INFO - [2026-07-17T20:57:34.922+0530] {dag.py:3239} INFO - Sync 1 DAGs
[2026-07-17T20:57:34.925+0530] {logging_mixin.py:190} INFO - [2026-07-17T20:57:34.925+0530] {dag.py:4180} INFO - Setting next_dagrun for example_complex to None, run_after=None
[2026-07-17T20:57:34.930+0530] {processor.py:208} INFO - Processing /Users/bhavishyachallagolla/Desktop/RetailSense/.venv/lib/python3.12/site-packages/airflow/example_dags/example_complex.py took 0.042 seconds
[2026-07-17T20:59:14.058+0530] {processor.py:186} INFO - Started process (PID=91944) to work on /Users/bhavishyachallagolla/Desktop/RetailSense/.venv/lib/python3.12/site-packages/airflow/example_dags/example_complex.py
[2026-07-17T20:59:14.058+0530] {processor.py:914} INFO - Processing file /Users/bhavishyachallagolla/Desktop/RetailSense/.venv/lib/python3.12/site-packages/airflow/example_dags/example_complex.py for tasks to queue
[2026-07-17T20:59:14.058+0530] {logging_mixin.py:190} INFO - [2026-07-17T20:59:14.058+0530] {dagbag.py:588} INFO - Filling up the DagBag from /Users/bhavishyachallagolla/Desktop/RetailSense/.venv/lib/python3.12/site-packages/airflow/example_dags/example_complex.py
[2026-07-17T20:59:14.062+0530] {processor.py:925} INFO - DAG(s) 'example_complex' retrieved from /Users/bhavishyachallagolla/Desktop/RetailSense/.venv/lib/python3.12/site-packages/airflow/example_dags/example_complex.py
[2026-07-17T20:59:14.090+0530] {logging_mixin.py:190} INFO - [2026-07-17T20:59:14.090+0530] {dag.py:3239} INFO - Sync 1 DAGs
[2026-07-17T20:59:14.092+0530] {logging_mixin.py:190} INFO - [2026-07-17T20:59:14.092+0530] {dag.py:4180} INFO - Setting next_dagrun for example_complex to None, run_after=None
[2026-07-17T20:59:14.098+0530] {processor.py:208} INFO - Processing /Users/bhavishyachallagolla/Desktop/RetailSense/.venv/lib/python3.12/site-packages/airflow/example_dags/example_complex.py took 0.041 seconds
[2026-07-17T22:23:11.902+0530] {processor.py:186} INFO - Started process (PID=92170) to work on /Users/bhavishyachallagolla/Desktop/RetailSense/.venv/lib/python3.12/site-packages/airflow/example_dags/example_complex.py
[2026-07-17T22:23:11.903+0530] {processor.py:914} INFO - Processing file /Users/bhavishyachallagolla/Desktop/RetailSense/.venv/lib/python3.12/site-packages/airflow/example_dags/example_complex.py for tasks to queue
[2026-07-17T22:23:11.903+0530] {logging_mixin.py:190} INFO - [2026-07-17T22:23:11.903+0530] {dagbag.py:588} INFO - Filling up the DagBag from /Users/bhavishyachallagolla/Desktop/RetailSense/.venv/lib/python3.12/site-packages/airflow/example_dags/example_complex.py
[2026-07-17T22:23:11.907+0530] {processor.py:925} INFO - DAG(s) 'example_complex' retrieved from /Users/bhavishyachallagolla/Desktop/RetailSense/.venv/lib/python3.12/site-packages/airflow/example_dags/example_complex.py
[2026-07-17T22:23:11.933+0530] {logging_mixin.py:190} INFO - [2026-07-17T22:23:11.933+0530] {dag.py:3239} INFO - Sync 1 DAGs
[2026-07-17T22:23:11.936+0530] {logging_mixin.py:190} INFO - [2026-07-17T22:23:11.936+0530] {dag.py:4180} INFO - Setting next_dagrun for example_complex to None, run_after=None
[2026-07-17T22:23:11.940+0530] {processor.py:208} INFO - Processing /Users/bhavishyachallagolla/Desktop/RetailSense/.venv/lib/python3.12/site-packages/airflow/example_dags/example_complex.py took 0.039 seconds
[2026-07-17T22:24:51.122+0530] {processor.py:186} INFO - Started process (PID=92322) to work on /Users/bhavishyachallagolla/Desktop/RetailSense/.venv/lib/python3.12/site-packages/airflow/example_dags/example_complex.py
[2026-07-17T22:24:51.123+0530] {processor.py:914} INFO - Processing file /Users/bhavishyachallagolla/Desktop/RetailSense/.venv/lib/python3.12/site-packages/airflow/example_dags/example_complex.py for tasks to queue
[2026-07-17T22:24:51.123+0530] {logging_mixin.py:190} INFO - [2026-07-17T22:24:51.123+0530] {dagbag.py:588} INFO - Filling up the DagBag from /Users/bhavishyachallagolla/Desktop/RetailSense/.venv/lib/python3.12/site-packages/airflow/example_dags/example_complex.py
[2026-07-17T22:24:51.126+0530] {processor.py:925} INFO - DAG(s) 'example_complex' retrieved from /Users/bhavishyachallagolla/Desktop/RetailSense/.venv/lib/python3.12/site-packages/airflow/example_dags/example_complex.py
[2026-07-17T22:24:51.153+0530] {logging_mixin.py:190} INFO - [2026-07-17T22:24:51.153+0530] {dag.py:3239} INFO - Sync 1 DAGs
[2026-07-17T22:24:51.156+0530] {logging_mixin.py:190} INFO - [2026-07-17T22:24:51.156+0530] {dag.py:4180} INFO - Setting next_dagrun for example_complex to None, run_after=None
[2026-07-17T22:24:51.161+0530] {processor.py:208} INFO - Processing /Users/bhavishyachallagolla/Desktop/RetailSense/.venv/lib/python3.12/site-packages/airflow/example_dags/example_complex.py took 0.040 seconds
[2026-07-17T22:26:31.075+0530] {processor.py:186} INFO - Started process (PID=92472) to work on /Users/bhavishyachallagolla/Desktop/RetailSense/.venv/lib/python3.12/site-packages/airflow/example_dags/example_complex.py
[2026-07-17T22:26:31.076+0530] {processor.py:914} INFO - Processing file /Users/bhavishyachallagolla/Desktop/RetailSense/.venv/lib/python3.12/site-packages/airflow/example_dags/example_complex.py for tasks to queue
[2026-07-17T22:26:31.076+0530] {logging_mixin.py:190} INFO - [2026-07-17T22:26:31.076+0530] {dagbag.py:588} INFO - Filling up the DagBag from /Users/bhavishyachallagolla/Desktop/RetailSense/.venv/lib/python3.12/site-packages/airflow/example_dags/example_complex.py
[2026-07-17T22:26:31.080+0530] {processor.py:925} INFO - DAG(s) 'example_complex' retrieved from /Users/bhavishyachallagolla/Desktop/RetailSense/.venv/lib/python3.12/site-packages/airflow/example_dags/example_complex.py
[2026-07-17T22:26:31.108+0530] {logging_mixin.py:190} INFO - [2026-07-17T22:26:31.107+0530] {dag.py:3239} INFO - Sync 1 DAGs
[2026-07-17T22:26:31.110+0530] {logging_mixin.py:190} INFO - [2026-07-17T22:26:31.110+0530] {dag.py:4180} INFO - Setting next_dagrun for example_complex to None, run_after=None
[2026-07-17T22:26:31.115+0530] {processor.py:208} INFO - Processing /Users/bhavishyachallagolla/Desktop/RetailSense/.venv/lib/python3.12/site-packages/airflow/example_dags/example_complex.py took 0.042 seconds
[2026-07-17T22:28:11.942+0530] {processor.py:186} INFO - Started process (PID=92622) to work on /Users/bhavishyachallagolla/Desktop/RetailSense/.venv/lib/python3.12/site-packages/airflow/example_dags/example_complex.py
[2026-07-17T22:28:11.943+0530] {processor.py:914} INFO - Processing file /Users/bhavishyachallagolla/Desktop/RetailSense/.venv/lib/python3.12/site-packages/airflow/example_dags/example_complex.py for tasks to queue
[2026-07-17T22:28:11.943+0530] {logging_mixin.py:190} INFO - [2026-07-17T22:28:11.943+0530] {dagbag.py:588} INFO - Filling up the DagBag from /Users/bhavishyachallagolla/Desktop/RetailSense/.venv/lib/python3.12/site-packages/airflow/example_dags/example_complex.py
[2026-07-17T22:28:11.947+0530] {processor.py:925} INFO - DAG(s) 'example_complex' retrieved from /Users/bhavishyachallagolla/Desktop/RetailSense/.venv/lib/python3.12/site-packages/airflow/example_dags/example_complex.py
[2026-07-17T22:28:11.974+0530] {logging_mixin.py:190} INFO - [2026-07-17T22:28:11.974+0530] {dag.py:3239} INFO - Sync 1 DAGs
[2026-07-17T22:28:11.977+0530] {logging_mixin.py:190} INFO - [2026-07-17T22:28:11.977+0530] {dag.py:4180} INFO - Setting next_dagrun for example_complex to None, run_after=None
[2026-07-17T22:28:11.982+0530] {processor.py:208} INFO - Processing /Users/bhavishyachallagolla/Desktop/RetailSense/.venv/lib/python3.12/site-packages/airflow/example_dags/example_complex.py took 0.041 seconds
[2026-07-17T22:29:48.350+0530] {processor.py:186} INFO - Started process (PID=92768) to work on /Users/bhavishyachallagolla/Desktop/RetailSense/.venv/lib/python3.12/site-packages/airflow/example_dags/example_complex.py
[2026-07-17T22:29:48.351+0530] {processor.py:914} INFO - Processing file /Users/bhavishyachallagolla/Desktop/RetailSense/.venv/lib/python3.12/site-packages/airflow/example_dags/example_complex.py for tasks to queue
[2026-07-17T22:29:48.351+0530] {logging_mixin.py:190} INFO - [2026-07-17T22:29:48.351+0530] {dagbag.py:588} INFO - Filling up the DagBag from /Users/bhavishyachallagolla/Desktop/RetailSense/.venv/lib/python3.12/site-packages/airflow/example_dags/example_complex.py
[2026-07-17T22:29:48.355+0530] {processor.py:925} INFO - DAG(s) 'example_complex' retrieved from /Users/bhavishyachallagolla/Desktop/RetailSense/.venv/lib/python3.12/site-packages/airflow/example_dags/example_complex.py
[2026-07-17T22:29:48.382+0530] {logging_mixin.py:190} INFO - [2026-07-17T22:29:48.382+0530] {dag.py:3239} INFO - Sync 1 DAGs
[2026-07-17T22:29:48.385+0530] {logging_mixin.py:190} INFO - [2026-07-17T22:29:48.385+0530] {dag.py:4180} INFO - Setting next_dagrun for example_complex to None, run_after=None
[2026-07-17T22:29:48.390+0530] {processor.py:208} INFO - Processing /Users/bhavishyachallagolla/Desktop/RetailSense/.venv/lib/python3.12/site-packages/airflow/example_dags/example_complex.py took 0.042 seconds
[2026-07-17T22:31:30.197+0530] {processor.py:186} INFO - Started process (PID=92921) to work on /Users/bhavishyachallagolla/Desktop/RetailSense/.venv/lib/python3.12/site-packages/airflow/example_dags/example_complex.py
[2026-07-17T22:31:30.198+0530] {processor.py:914} INFO - Processing file /Users/bhavishyachallagolla/Desktop/RetailSense/.venv/lib/python3.12/site-packages/airflow/example_dags/example_complex.py for tasks to queue
[2026-07-17T22:31:30.199+0530] {logging_mixin.py:190} INFO - [2026-07-17T22:31:30.199+0530] {dagbag.py:588} INFO - Filling up the DagBag from /Users/bhavishyachallagolla/Desktop/RetailSense/.venv/lib/python3.12/site-packages/airflow/example_dags/example_complex.py
[2026-07-17T22:31:30.203+0530] {processor.py:925} INFO - DAG(s) 'example_complex' retrieved from /Users/bhavishyachallagolla/Desktop/RetailSense/.venv/lib/python3.12/site-packages/airflow/example_dags/example_complex.py
[2026-07-17T22:31:30.233+0530] {logging_mixin.py:190} INFO - [2026-07-17T22:31:30.232+0530] {dag.py:3239} INFO - Sync 1 DAGs
[2026-07-17T22:31:30.235+0530] {logging_mixin.py:190} INFO - [2026-07-17T22:31:30.235+0530] {dag.py:4180} INFO - Setting next_dagrun for example_complex to None, run_after=None
[2026-07-17T22:31:30.241+0530] {processor.py:208} INFO - Processing /Users/bhavishyachallagolla/Desktop/RetailSense/.venv/lib/python3.12/site-packages/airflow/example_dags/example_complex.py took 0.045 seconds
[2026-07-17T22:33:10.838+0530] {processor.py:186} INFO - Started process (PID=93079) to work on /Users/bhavishyachallagolla/Desktop/RetailSense/.venv/lib/python3.12/site-packages/airflow/example_dags/example_complex.py
[2026-07-17T22:33:10.839+0530] {processor.py:914} INFO - Processing file /Users/bhavishyachallagolla/Desktop/RetailSense/.venv/lib/python3.12/site-packages/airflow/example_dags/example_complex.py for tasks to queue
[2026-07-17T22:33:10.840+0530] {logging_mixin.py:190} INFO - [2026-07-17T22:33:10.840+0530] {dagbag.py:588} INFO - Filling up the DagBag from /Users/bhavishyachallagolla/Desktop/RetailSense/.venv/lib/python3.12/site-packages/airflow/example_dags/example_complex.py
[2026-07-17T22:33:10.843+0530] {processor.py:925} INFO - DAG(s) 'example_complex' retrieved from /Users/bhavishyachallagolla/Desktop/RetailSense/.venv/lib/python3.12/site-packages/airflow/example_dags/example_complex.py
[2026-07-17T22:33:10.871+0530] {logging_mixin.py:190} INFO - [2026-07-17T22:33:10.871+0530] {dag.py:3239} INFO - Sync 1 DAGs
[2026-07-17T22:33:10.874+0530] {logging_mixin.py:190} INFO - [2026-07-17T22:33:10.874+0530] {dag.py:4180} INFO - Setting next_dagrun for example_complex to None, run_after=None
[2026-07-17T22:33:10.879+0530] {processor.py:208} INFO - Processing /Users/bhavishyachallagolla/Desktop/RetailSense/.venv/lib/python3.12/site-packages/airflow/example_dags/example_complex.py took 0.042 seconds
[2026-07-17T22:34:49.930+0530] {processor.py:186} INFO - Started process (PID=93227) to work on /Users/bhavishyachallagolla/Desktop/RetailSense/.venv/lib/python3.12/site-packages/airflow/example_dags/example_complex.py
[2026-07-17T22:34:49.931+0530] {processor.py:914} INFO - Processing file /Users/bhavishyachallagolla/Desktop/RetailSense/.venv/lib/python3.12/site-packages/airflow/example_dags/example_complex.py for tasks to queue
[2026-07-17T22:34:49.931+0530] {logging_mixin.py:190} INFO - [2026-07-17T22:34:49.931+0530] {dagbag.py:588} INFO - Filling up the DagBag from /Users/bhavishyachallagolla/Desktop/RetailSense/.venv/lib/python3.12/site-packages/airflow/example_dags/example_complex.py
[2026-07-17T22:34:49.935+0530] {processor.py:925} INFO - DAG(s) 'example_complex' retrieved from /Users/bhavishyachallagolla/Desktop/RetailSense/.venv/lib/python3.12/site-packages/airflow/example_dags/example_complex.py
[2026-07-17T22:34:49.962+0530] {logging_mixin.py:190} INFO - [2026-07-17T22:34:49.962+0530] {dag.py:3239} INFO - Sync 1 DAGs
[2026-07-17T22:34:49.964+0530] {logging_mixin.py:190} INFO - [2026-07-17T22:34:49.964+0530] {dag.py:4180} INFO - Setting next_dagrun for example_complex to None, run_after=None
[2026-07-17T22:34:49.969+0530] {processor.py:208} INFO - Processing /Users/bhavishyachallagolla/Desktop/RetailSense/.venv/lib/python3.12/site-packages/airflow/example_dags/example_complex.py took 0.041 seconds
[2026-07-17T22:36:30.203+0530] {processor.py:186} INFO - Started process (PID=93378) to work on /Users/bhavishyachallagolla/Desktop/RetailSense/.venv/lib/python3.12/site-packages/airflow/example_dags/example_complex.py
[2026-07-17T22:36:30.205+0530] {processor.py:914} INFO - Processing file /Users/bhavishyachallagolla/Desktop/RetailSense/.venv/lib/python3.12/site-packages/airflow/example_dags/example_complex.py for tasks to queue
[2026-07-17T22:36:30.205+0530] {logging_mixin.py:190} INFO - [2026-07-17T22:36:30.205+0530] {dagbag.py:588} INFO - Filling up the DagBag from /Users/bhavishyachallagolla/Desktop/RetailSense/.venv/lib/python3.12/site-packages/airflow/example_dags/example_complex.py
[2026-07-17T22:36:30.209+0530] {processor.py:925} INFO - DAG(s) 'example_complex' retrieved from /Users/bhavishyachallagolla/Desktop/RetailSense/.venv/lib/python3.12/site-packages/airflow/example_dags/example_complex.py
[2026-07-17T22:36:30.238+0530] {logging_mixin.py:190} INFO - [2026-07-17T22:36:30.238+0530] {dag.py:3239} INFO - Sync 1 DAGs
[2026-07-17T22:36:30.240+0530] {logging_mixin.py:190} INFO - [2026-07-17T22:36:30.240+0530] {dag.py:4180} INFO - Setting next_dagrun for example_complex to None, run_after=None
[2026-07-17T22:36:30.246+0530] {processor.py:208} INFO - Processing /Users/bhavishyachallagolla/Desktop/RetailSense/.venv/lib/python3.12/site-packages/airflow/example_dags/example_complex.py took 0.043 seconds
[2026-07-17T22:38:11.347+0530] {processor.py:186} INFO - Started process (PID=93538) to work on /Users/bhavishyachallagolla/Desktop/RetailSense/.venv/lib/python3.12/site-packages/airflow/example_dags/example_complex.py
[2026-07-17T22:38:11.348+0530] {processor.py:914} INFO - Processing file /Users/bhavishyachallagolla/Desktop/RetailSense/.venv/lib/python3.12/site-packages/airflow/example_dags/example_complex.py for tasks to queue
[2026-07-17T22:38:11.349+0530] {logging_mixin.py:190} INFO - [2026-07-17T22:38:11.349+0530] {dagbag.py:588} INFO - Filling up the DagBag from /Users/bhavishyachallagolla/Desktop/RetailSense/.venv/lib/python3.12/site-packages/airflow/example_dags/example_complex.py
[2026-07-17T22:38:11.352+0530] {processor.py:925} INFO - DAG(s) 'example_complex' retrieved from /Users/bhavishyachallagolla/Desktop/RetailSense/.venv/lib/python3.12/site-packages/airflow/example_dags/example_complex.py
[2026-07-17T22:38:11.379+0530] {logging_mixin.py:190} INFO - [2026-07-17T22:38:11.379+0530] {dag.py:3239} INFO - Sync 1 DAGs
[2026-07-17T22:38:11.382+0530] {logging_mixin.py:190} INFO - [2026-07-17T22:38:11.382+0530] {dag.py:4180} INFO - Setting next_dagrun for example_complex to None, run_after=None
[2026-07-17T22:38:11.387+0530] {processor.py:208} INFO - Processing /Users/bhavishyachallagolla/Desktop/RetailSense/.venv/lib/python3.12/site-packages/airflow/example_dags/example_complex.py took 0.041 seconds
[2026-07-17T22:39:50.421+0530] {processor.py:186} INFO - Started process (PID=93686) to work on /Users/bhavishyachallagolla/Desktop/RetailSense/.venv/lib/python3.12/site-packages/airflow/example_dags/example_complex.py
[2026-07-17T22:39:50.423+0530] {processor.py:914} INFO - Processing file /Users/bhavishyachallagolla/Desktop/RetailSense/.venv/lib/python3.12/site-packages/airflow/example_dags/example_complex.py for tasks to queue
[2026-07-17T22:39:50.423+0530] {logging_mixin.py:190} INFO - [2026-07-17T22:39:50.423+0530] {dagbag.py:588} INFO - Filling up the DagBag from /Users/bhavishyachallagolla/Desktop/RetailSense/.venv/lib/python3.12/site-packages/airflow/example_dags/example_complex.py
[2026-07-17T22:39:50.426+0530] {processor.py:925} INFO - DAG(s) 'example_complex' retrieved from /Users/bhavishyachallagolla/Desktop/RetailSense/.venv/lib/python3.12/site-packages/airflow/example_dags/example_complex.py
[2026-07-17T22:39:50.454+0530] {logging_mixin.py:190} INFO - [2026-07-17T22:39:50.454+0530] {dag.py:3239} INFO - Sync 1 DAGs
[2026-07-17T22:39:50.457+0530] {logging_mixin.py:190} INFO - [2026-07-17T22:39:50.457+0530] {dag.py:4180} INFO - Setting next_dagrun for example_complex to None, run_after=None
[2026-07-17T22:39:50.462+0530] {processor.py:208} INFO - Processing /Users/bhavishyachallagolla/Desktop/RetailSense/.venv/lib/python3.12/site-packages/airflow/example_dags/example_complex.py took 0.042 seconds
[2026-07-17T22:41:31.021+0530] {processor.py:186} INFO - Started process (PID=93836) to work on /Users/bhavishyachallagolla/Desktop/RetailSense/.venv/lib/python3.12/site-packages/airflow/example_dags/example_complex.py
[2026-07-17T22:41:31.022+0530] {processor.py:914} INFO - Processing file /Users/bhavishyachallagolla/Desktop/RetailSense/.venv/lib/python3.12/site-packages/airflow/example_dags/example_complex.py for tasks to queue
[2026-07-17T22:41:31.022+0530] {logging_mixin.py:190} INFO - [2026-07-17T22:41:31.022+0530] {dagbag.py:588} INFO - Filling up the DagBag from /Users/bhavishyachallagolla/Desktop/RetailSense/.venv/lib/python3.12/site-packages/airflow/example_dags/example_complex.py
[2026-07-17T22:41:31.026+0530] {processor.py:925} INFO - DAG(s) 'example_complex' retrieved from /Users/bhavishyachallagolla/Desktop/RetailSense/.venv/lib/python3.12/site-packages/airflow/example_dags/example_complex.py
[2026-07-17T22:41:31.054+0530] {logging_mixin.py:190} INFO - [2026-07-17T22:41:31.054+0530] {dag.py:3239} INFO - Sync 1 DAGs
[2026-07-17T22:41:31.057+0530] {logging_mixin.py:190} INFO - [2026-07-17T22:41:31.057+0530] {dag.py:4180} INFO - Setting next_dagrun for example_complex to None, run_after=None
[2026-07-17T22:41:31.062+0530] {processor.py:208} INFO - Processing /Users/bhavishyachallagolla/Desktop/RetailSense/.venv/lib/python3.12/site-packages/airflow/example_dags/example_complex.py took 0.042 seconds
[2026-07-17T22:43:12.176+0530] {processor.py:186} INFO - Started process (PID=93988) to work on /Users/bhavishyachallagolla/Desktop/RetailSense/.venv/lib/python3.12/site-packages/airflow/example_dags/example_complex.py
[2026-07-17T22:43:12.177+0530] {processor.py:914} INFO - Processing file /Users/bhavishyachallagolla/Desktop/RetailSense/.venv/lib/python3.12/site-packages/airflow/example_dags/example_complex.py for tasks to queue
[2026-07-17T22:43:12.177+0530] {logging_mixin.py:190} INFO - [2026-07-17T22:43:12.177+0530] {dagbag.py:588} INFO - Filling up the DagBag from /Users/bhavishyachallagolla/Desktop/RetailSense/.venv/lib/python3.12/site-packages/airflow/example_dags/example_complex.py
[2026-07-17T22:43:12.181+0530] {processor.py:925} INFO - DAG(s) 'example_complex' retrieved from /Users/bhavishyachallagolla/Desktop/RetailSense/.venv/lib/python3.12/site-packages/airflow/example_dags/example_complex.py
[2026-07-17T22:43:12.208+0530] {logging_mixin.py:190} INFO - [2026-07-17T22:43:12.208+0530] {dag.py:3239} INFO - Sync 1 DAGs
[2026-07-17T22:43:12.211+0530] {logging_mixin.py:190} INFO - [2026-07-17T22:43:12.211+0530] {dag.py:4180} INFO - Setting next_dagrun for example_complex to None, run_after=None
[2026-07-17T22:43:12.216+0530] {processor.py:208} INFO - Processing /Users/bhavishyachallagolla/Desktop/RetailSense/.venv/lib/python3.12/site-packages/airflow/example_dags/example_complex.py took 0.041 seconds
[2026-07-17T22:44:52.600+0530] {processor.py:186} INFO - Started process (PID=94137) to work on /Users/bhavishyachallagolla/Desktop/RetailSense/.venv/lib/python3.12/site-packages/airflow/example_dags/example_complex.py
[2026-07-17T22:44:52.601+0530] {processor.py:914} INFO - Processing file /Users/bhavishyachallagolla/Desktop/RetailSense/.venv/lib/python3.12/site-packages/airflow/example_dags/example_complex.py for tasks to queue
[2026-07-17T22:44:52.601+0530] {logging_mixin.py:190} INFO - [2026-07-17T22:44:52.601+0530] {dagbag.py:588} INFO - Filling up the DagBag from /Users/bhavishyachallagolla/Desktop/RetailSense/.venv/lib/python3.12/site-packages/airflow/example_dags/example_complex.py
[2026-07-17T22:44:52.604+0530] {processor.py:925} INFO - DAG(s) 'example_complex' retrieved from /Users/bhavishyachallagolla/Desktop/RetailSense/.venv/lib/python3.12/site-packages/airflow/example_dags/example_complex.py
[2026-07-17T22:44:52.632+0530] {logging_mixin.py:190} INFO - [2026-07-17T22:44:52.632+0530] {dag.py:3239} INFO - Sync 1 DAGs
[2026-07-17T22:44:52.635+0530] {logging_mixin.py:190} INFO - [2026-07-17T22:44:52.635+0530] {dag.py:4180} INFO - Setting next_dagrun for example_complex to None, run_after=None
[2026-07-17T22:44:52.640+0530] {processor.py:208} INFO - Processing /Users/bhavishyachallagolla/Desktop/RetailSense/.venv/lib/python3.12/site-packages/airflow/example_dags/example_complex.py took 0.041 seconds
[2026-07-17T22:46:29.061+0530] {processor.py:186} INFO - Started process (PID=94283) to work on /Users/bhavishyachallagolla/Desktop/RetailSense/.venv/lib/python3.12/site-packages/airflow/example_dags/example_complex.py
[2026-07-17T22:46:29.061+0530] {processor.py:914} INFO - Processing file /Users/bhavishyachallagolla/Desktop/RetailSense/.venv/lib/python3.12/site-packages/airflow/example_dags/example_complex.py for tasks to queue
[2026-07-17T22:46:29.062+0530] {logging_mixin.py:190} INFO - [2026-07-17T22:46:29.061+0530] {dagbag.py:588} INFO - Filling up the DagBag from /Users/bhavishyachallagolla/Desktop/RetailSense/.venv/lib/python3.12/site-packages/airflow/example_dags/example_complex.py
[2026-07-17T22:46:29.065+0530] {processor.py:925} INFO - DAG(s) 'example_complex' retrieved from /Users/bhavishyachallagolla/Desktop/RetailSense/.venv/lib/python3.12/site-packages/airflow/example_dags/example_complex.py
[2026-07-17T22:46:29.093+0530] {logging_mixin.py:190} INFO - [2026-07-17T22:46:29.093+0530] {dag.py:3239} INFO - Sync 1 DAGs
[2026-07-17T22:46:29.096+0530] {logging_mixin.py:190} INFO - [2026-07-17T22:46:29.096+0530] {dag.py:4180} INFO - Setting next_dagrun for example_complex to None, run_after=None
[2026-07-17T22:46:29.101+0530] {processor.py:208} INFO - Processing /Users/bhavishyachallagolla/Desktop/RetailSense/.venv/lib/python3.12/site-packages/airflow/example_dags/example_complex.py took 0.041 seconds
[2026-07-17T22:48:08.484+0530] {processor.py:186} INFO - Started process (PID=94433) to work on /Users/bhavishyachallagolla/Desktop/RetailSense/.venv/lib/python3.12/site-packages/airflow/example_dags/example_complex.py
[2026-07-17T22:48:08.485+0530] {processor.py:914} INFO - Processing file /Users/bhavishyachallagolla/Desktop/RetailSense/.venv/lib/python3.12/site-packages/airflow/example_dags/example_complex.py for tasks to queue
[2026-07-17T22:48:08.485+0530] {logging_mixin.py:190} INFO - [2026-07-17T22:48:08.485+0530] {dagbag.py:588} INFO - Filling up the DagBag from /Users/bhavishyachallagolla/Desktop/RetailSense/.venv/lib/python3.12/site-packages/airflow/example_dags/example_complex.py
[2026-07-17T22:48:08.488+0530] {processor.py:925} INFO - DAG(s) 'example_complex' retrieved from /Users/bhavishyachallagolla/Desktop/RetailSense/.venv/lib/python3.12/site-packages/airflow/example_dags/example_complex.py
[2026-07-17T22:48:08.516+0530] {logging_mixin.py:190} INFO - [2026-07-17T22:48:08.516+0530] {dag.py:3239} INFO - Sync 1 DAGs
[2026-07-17T22:48:08.519+0530] {logging_mixin.py:190} INFO - [2026-07-17T22:48:08.519+0530] {dag.py:4180} INFO - Setting next_dagrun for example_complex to None, run_after=None
[2026-07-17T22:48:08.524+0530] {processor.py:208} INFO - Processing /Users/bhavishyachallagolla/Desktop/RetailSense/.venv/lib/python3.12/site-packages/airflow/example_dags/example_complex.py took 0.041 seconds
[2026-07-17T22:50:05.277+0530] {processor.py:186} INFO - Started process (PID=94589) to work on /Users/bhavishyachallagolla/Desktop/RetailSense/.venv/lib/python3.12/site-packages/airflow/example_dags/example_complex.py
[2026-07-17T22:50:05.278+0530] {processor.py:914} INFO - Processing file /Users/bhavishyachallagolla/Desktop/RetailSense/.venv/lib/python3.12/site-packages/airflow/example_dags/example_complex.py for tasks to queue
[2026-07-17T22:50:05.279+0530] {logging_mixin.py:190} INFO - [2026-07-17T22:50:05.279+0530] {dagbag.py:588} INFO - Filling up the DagBag from /Users/bhavishyachallagolla/Desktop/RetailSense/.venv/lib/python3.12/site-packages/airflow/example_dags/example_complex.py
[2026-07-17T22:50:05.282+0530] {processor.py:925} INFO - DAG(s) 'example_complex' retrieved from /Users/bhavishyachallagolla/Desktop/RetailSense/.venv/lib/python3.12/site-packages/airflow/example_dags/example_complex.py
[2026-07-17T22:50:05.310+0530] {logging_mixin.py:190} INFO - [2026-07-17T22:50:05.310+0530] {dag.py:3239} INFO - Sync 1 DAGs
[2026-07-17T22:50:05.313+0530] {logging_mixin.py:190} INFO - [2026-07-17T22:50:05.313+0530] {dag.py:4180} INFO - Setting next_dagrun for example_complex to None, run_after=None
[2026-07-17T22:50:05.318+0530] {processor.py:208} INFO - Processing /Users/bhavishyachallagolla/Desktop/RetailSense/.venv/lib/python3.12/site-packages/airflow/example_dags/example_complex.py took 0.042 seconds
[2026-07-17T22:51:43.470+0530] {processor.py:186} INFO - Started process (PID=94740) to work on /Users/bhavishyachallagolla/Desktop/RetailSense/.venv/lib/python3.12/site-packages/airflow/example_dags/example_complex.py
[2026-07-17T22:51:43.471+0530] {processor.py:914} INFO - Processing file /Users/bhavishyachallagolla/Desktop/RetailSense/.venv/lib/python3.12/site-packages/airflow/example_dags/example_complex.py for tasks to queue
[2026-07-17T22:51:43.471+0530] {logging_mixin.py:190} INFO - [2026-07-17T22:51:43.471+0530] {dagbag.py:588} INFO - Filling up the DagBag from /Users/bhavishyachallagolla/Desktop/RetailSense/.venv/lib/python3.12/site-packages/airflow/example_dags/example_complex.py
[2026-07-17T22:51:43.475+0530] {processor.py:925} INFO - DAG(s) 'example_complex' retrieved from /Users/bhavishyachallagolla/Desktop/RetailSense/.venv/lib/python3.12/site-packages/airflow/example_dags/example_complex.py
[2026-07-17T22:51:43.504+0530] {logging_mixin.py:190} INFO - [2026-07-17T22:51:43.503+0530] {dag.py:3239} INFO - Sync 1 DAGs
[2026-07-17T22:51:43.507+0530] {logging_mixin.py:190} INFO - [2026-07-17T22:51:43.507+0530] {dag.py:4180} INFO - Setting next_dagrun for example_complex to None, run_after=None
[2026-07-17T22:51:43.512+0530] {processor.py:208} INFO - Processing /Users/bhavishyachallagolla/Desktop/RetailSense/.venv/lib/python3.12/site-packages/airflow/example_dags/example_complex.py took 0.043 seconds
[2026-07-17T22:53:22.364+0530] {processor.py:186} INFO - Started process (PID=94888) to work on /Users/bhavishyachallagolla/Desktop/RetailSense/.venv/lib/python3.12/site-packages/airflow/example_dags/example_complex.py
[2026-07-17T22:53:22.365+0530] {processor.py:914} INFO - Processing file /Users/bhavishyachallagolla/Desktop/RetailSense/.venv/lib/python3.12/site-packages/airflow/example_dags/example_complex.py for tasks to queue
[2026-07-17T22:53:22.365+0530] {logging_mixin.py:190} INFO - [2026-07-17T22:53:22.365+0530] {dagbag.py:588} INFO - Filling up the DagBag from /Users/bhavishyachallagolla/Desktop/RetailSense/.venv/lib/python3.12/site-packages/airflow/example_dags/example_complex.py
[2026-07-17T22:53:22.369+0530] {processor.py:925} INFO - DAG(s) 'example_complex' retrieved from /Users/bhavishyachallagolla/Desktop/RetailSense/.venv/lib/python3.12/site-packages/airflow/example_dags/example_complex.py
[2026-07-17T22:53:22.397+0530] {logging_mixin.py:190} INFO - [2026-07-17T22:53:22.397+0530] {dag.py:3239} INFO - Sync 1 DAGs
[2026-07-17T22:53:22.400+0530] {logging_mixin.py:190} INFO - [2026-07-17T22:53:22.400+0530] {dag.py:4180} INFO - Setting next_dagrun for example_complex to None, run_after=None
[2026-07-17T22:53:22.405+0530] {processor.py:208} INFO - Processing /Users/bhavishyachallagolla/Desktop/RetailSense/.venv/lib/python3.12/site-packages/airflow/example_dags/example_complex.py took 0.042 seconds
[2026-07-17T22:55:02.247+0530] {processor.py:186} INFO - Started process (PID=95040) to work on /Users/bhavishyachallagolla/Desktop/RetailSense/.venv/lib/python3.12/site-packages/airflow/example_dags/example_complex.py
[2026-07-17T22:55:02.248+0530] {processor.py:914} INFO - Processing file /Users/bhavishyachallagolla/Desktop/RetailSense/.venv/lib/python3.12/site-packages/airflow/example_dags/example_complex.py for tasks to queue
[2026-07-17T22:55:02.249+0530] {logging_mixin.py:190} INFO - [2026-07-17T22:55:02.248+0530] {dagbag.py:588} INFO - Filling up the DagBag from /Users/bhavishyachallagolla/Desktop/RetailSense/.venv/lib/python3.12/site-packages/airflow/example_dags/example_complex.py
[2026-07-17T22:55:02.252+0530] {processor.py:925} INFO - DAG(s) 'example_complex' retrieved from /Users/bhavishyachallagolla/Desktop/RetailSense/.venv/lib/python3.12/site-packages/airflow/example_dags/example_complex.py
[2026-07-17T22:55:02.279+0530] {logging_mixin.py:190} INFO - [2026-07-17T22:55:02.279+0530] {dag.py:3239} INFO - Sync 1 DAGs
[2026-07-17T22:55:02.282+0530] {logging_mixin.py:190} INFO - [2026-07-17T22:55:02.282+0530] {dag.py:4180} INFO - Setting next_dagrun for example_complex to None, run_after=None
[2026-07-17T22:55:02.287+0530] {processor.py:208} INFO - Processing /Users/bhavishyachallagolla/Desktop/RetailSense/.venv/lib/python3.12/site-packages/airflow/example_dags/example_complex.py took 0.041 seconds
[2026-07-17T22:56:41.358+0530] {processor.py:186} INFO - Started process (PID=95189) to work on /Users/bhavishyachallagolla/Desktop/RetailSense/.venv/lib/python3.12/site-packages/airflow/example_dags/example_complex.py
[2026-07-17T22:56:41.358+0530] {processor.py:914} INFO - Processing file /Users/bhavishyachallagolla/Desktop/RetailSense/.venv/lib/python3.12/site-packages/airflow/example_dags/example_complex.py for tasks to queue
[2026-07-17T22:56:41.358+0530] {logging_mixin.py:190} INFO - [2026-07-17T22:56:41.358+0530] {dagbag.py:588} INFO - Filling up the DagBag from /Users/bhavishyachallagolla/Desktop/RetailSense/.venv/lib/python3.12/site-packages/airflow/example_dags/example_complex.py
[2026-07-17T22:56:41.362+0530] {processor.py:925} INFO - DAG(s) 'example_complex' retrieved from /Users/bhavishyachallagolla/Desktop/RetailSense/.venv/lib/python3.12/site-packages/airflow/example_dags/example_complex.py
[2026-07-17T22:56:41.390+0530] {logging_mixin.py:190} INFO - [2026-07-17T22:56:41.390+0530] {dag.py:3239} INFO - Sync 1 DAGs
[2026-07-17T22:56:41.393+0530] {logging_mixin.py:190} INFO - [2026-07-17T22:56:41.393+0530] {dag.py:4180} INFO - Setting next_dagrun for example_complex to None, run_after=None
[2026-07-17T22:56:41.398+0530] {processor.py:208} INFO - Processing /Users/bhavishyachallagolla/Desktop/RetailSense/.venv/lib/python3.12/site-packages/airflow/example_dags/example_complex.py took 0.041 seconds
[2026-07-17T22:58:21.285+0530] {processor.py:186} INFO - Started process (PID=95353) to work on /Users/bhavishyachallagolla/Desktop/RetailSense/.venv/lib/python3.12/site-packages/airflow/example_dags/example_complex.py
[2026-07-17T22:58:21.286+0530] {processor.py:914} INFO - Processing file /Users/bhavishyachallagolla/Desktop/RetailSense/.venv/lib/python3.12/site-packages/airflow/example_dags/example_complex.py for tasks to queue
[2026-07-17T22:58:21.286+0530] {logging_mixin.py:190} INFO - [2026-07-17T22:58:21.286+0530] {dagbag.py:588} INFO - Filling up the DagBag from /Users/bhavishyachallagolla/Desktop/RetailSense/.venv/lib/python3.12/site-packages/airflow/example_dags/example_complex.py
[2026-07-17T22:58:21.290+0530] {processor.py:925} INFO - DAG(s) 'example_complex' retrieved from /Users/bhavishyachallagolla/Desktop/RetailSense/.venv/lib/python3.12/site-packages/airflow/example_dags/example_complex.py
[2026-07-17T22:58:21.317+0530] {logging_mixin.py:190} INFO - [2026-07-17T22:58:21.317+0530] {dag.py:3239} INFO - Sync 1 DAGs
[2026-07-17T22:58:21.319+0530] {logging_mixin.py:190} INFO - [2026-07-17T22:58:21.319+0530] {dag.py:4180} INFO - Setting next_dagrun for example_complex to None, run_after=None
[2026-07-17T22:58:21.324+0530] {processor.py:208} INFO - Processing /Users/bhavishyachallagolla/Desktop/RetailSense/.venv/lib/python3.12/site-packages/airflow/example_dags/example_complex.py took 0.041 seconds
[2026-07-17T23:01:07.351+0530] {processor.py:186} INFO - Started process (PID=95585) to work on /Users/bhavishyachallagolla/Desktop/RetailSense/.venv/lib/python3.12/site-packages/airflow/example_dags/example_complex.py
[2026-07-17T23:01:07.352+0530] {processor.py:914} INFO - Processing file /Users/bhavishyachallagolla/Desktop/RetailSense/.venv/lib/python3.12/site-packages/airflow/example_dags/example_complex.py for tasks to queue
[2026-07-17T23:01:07.352+0530] {logging_mixin.py:190} INFO - [2026-07-17T23:01:07.352+0530] {dagbag.py:588} INFO - Filling up the DagBag from /Users/bhavishyachallagolla/Desktop/RetailSense/.venv/lib/python3.12/site-packages/airflow/example_dags/example_complex.py
[2026-07-17T23:01:07.356+0530] {processor.py:925} INFO - DAG(s) 'example_complex' retrieved from /Users/bhavishyachallagolla/Desktop/RetailSense/.venv/lib/python3.12/site-packages/airflow/example_dags/example_complex.py
[2026-07-17T23:01:07.386+0530] {logging_mixin.py:190} INFO - [2026-07-17T23:01:07.385+0530] {dag.py:3239} INFO - Sync 1 DAGs
[2026-07-17T23:01:07.388+0530] {logging_mixin.py:190} INFO - [2026-07-17T23:01:07.388+0530] {dag.py:4180} INFO - Setting next_dagrun for example_complex to None, run_after=None
[2026-07-17T23:01:07.394+0530] {processor.py:208} INFO - Processing /Users/bhavishyachallagolla/Desktop/RetailSense/.venv/lib/python3.12/site-packages/airflow/example_dags/example_complex.py took 0.043 seconds
[2026-07-17T23:02:50.854+0530] {processor.py:186} INFO - Started process (PID=95761) to work on /Users/bhavishyachallagolla/Desktop/RetailSense/.venv/lib/python3.12/site-packages/airflow/example_dags/example_complex.py
[2026-07-17T23:02:50.855+0530] {processor.py:914} INFO - Processing file /Users/bhavishyachallagolla/Desktop/RetailSense/.venv/lib/python3.12/site-packages/airflow/example_dags/example_complex.py for tasks to queue
[2026-07-17T23:02:50.855+0530] {logging_mixin.py:190} INFO - [2026-07-17T23:02:50.855+0530] {dagbag.py:588} INFO - Filling up the DagBag from /Users/bhavishyachallagolla/Desktop/RetailSense/.venv/lib/python3.12/site-packages/airflow/example_dags/example_complex.py
[2026-07-17T23:02:50.858+0530] {processor.py:925} INFO - DAG(s) 'example_complex' retrieved from /Users/bhavishyachallagolla/Desktop/RetailSense/.venv/lib/python3.12/site-packages/airflow/example_dags/example_complex.py
[2026-07-17T23:02:50.886+0530] {logging_mixin.py:190} INFO - [2026-07-17T23:02:50.886+0530] {dag.py:3239} INFO - Sync 1 DAGs
[2026-07-17T23:02:50.889+0530] {logging_mixin.py:190} INFO - [2026-07-17T23:02:50.889+0530] {dag.py:4180} INFO - Setting next_dagrun for example_complex to None, run_after=None
[2026-07-17T23:02:50.894+0530] {processor.py:208} INFO - Processing /Users/bhavishyachallagolla/Desktop/RetailSense/.venv/lib/python3.12/site-packages/airflow/example_dags/example_complex.py took 0.041 seconds
[2026-07-17T23:04:29.719+0530] {processor.py:186} INFO - Started process (PID=95910) to work on /Users/bhavishyachallagolla/Desktop/RetailSense/.venv/lib/python3.12/site-packages/airflow/example_dags/example_complex.py
[2026-07-17T23:04:29.720+0530] {processor.py:914} INFO - Processing file /Users/bhavishyachallagolla/Desktop/RetailSense/.venv/lib/python3.12/site-packages/airflow/example_dags/example_complex.py for tasks to queue
[2026-07-17T23:04:29.720+0530] {logging_mixin.py:190} INFO - [2026-07-17T23:04:29.720+0530] {dagbag.py:588} INFO - Filling up the DagBag from /Users/bhavishyachallagolla/Desktop/RetailSense/.venv/lib/python3.12/site-packages/airflow/example_dags/example_complex.py
[2026-07-17T23:04:29.723+0530] {processor.py:925} INFO - DAG(s) 'example_complex' retrieved from /Users/bhavishyachallagolla/Desktop/RetailSense/.venv/lib/python3.12/site-packages/airflow/example_dags/example_complex.py
[2026-07-17T23:04:29.750+0530] {logging_mixin.py:190} INFO - [2026-07-17T23:04:29.750+0530] {dag.py:3239} INFO - Sync 1 DAGs
[2026-07-17T23:04:29.753+0530] {logging_mixin.py:190} INFO - [2026-07-17T23:04:29.753+0530] {dag.py:4180} INFO - Setting next_dagrun for example_complex to None, run_after=None
[2026-07-17T23:04:29.758+0530] {processor.py:208} INFO - Processing /Users/bhavishyachallagolla/Desktop/RetailSense/.venv/lib/python3.12/site-packages/airflow/example_dags/example_complex.py took 0.040 seconds
[2026-07-17T23:06:10.129+0530] {processor.py:186} INFO - Started process (PID=96062) to work on /Users/bhavishyachallagolla/Desktop/RetailSense/.venv/lib/python3.12/site-packages/airflow/example_dags/example_complex.py
[2026-07-17T23:06:10.129+0530] {processor.py:914} INFO - Processing file /Users/bhavishyachallagolla/Desktop/RetailSense/.venv/lib/python3.12/site-packages/airflow/example_dags/example_complex.py for tasks to queue
[2026-07-17T23:06:10.130+0530] {logging_mixin.py:190} INFO - [2026-07-17T23:06:10.130+0530] {dagbag.py:588} INFO - Filling up the DagBag from /Users/bhavishyachallagolla/Desktop/RetailSense/.venv/lib/python3.12/site-packages/airflow/example_dags/example_complex.py
[2026-07-17T23:06:10.133+0530] {processor.py:925} INFO - DAG(s) 'example_complex' retrieved from /Users/bhavishyachallagolla/Desktop/RetailSense/.venv/lib/python3.12/site-packages/airflow/example_dags/example_complex.py
[2026-07-17T23:06:10.161+0530] {logging_mixin.py:190} INFO - [2026-07-17T23:06:10.161+0530] {dag.py:3239} INFO - Sync 1 DAGs
[2026-07-17T23:06:10.164+0530] {logging_mixin.py:190} INFO - [2026-07-17T23:06:10.164+0530] {dag.py:4180} INFO - Setting next_dagrun for example_complex to None, run_after=None
[2026-07-17T23:06:10.169+0530] {processor.py:208} INFO - Processing /Users/bhavishyachallagolla/Desktop/RetailSense/.venv/lib/python3.12/site-packages/airflow/example_dags/example_complex.py took 0.041 seconds
[2026-07-17T23:07:50.859+0530] {processor.py:186} INFO - Started process (PID=96221) to work on /Users/bhavishyachallagolla/Desktop/RetailSense/.venv/lib/python3.12/site-packages/airflow/example_dags/example_complex.py
[2026-07-17T23:07:50.859+0530] {processor.py:914} INFO - Processing file /Users/bhavishyachallagolla/Desktop/RetailSense/.venv/lib/python3.12/site-packages/airflow/example_dags/example_complex.py for tasks to queue
[2026-07-17T23:07:50.859+0530] {logging_mixin.py:190} INFO - [2026-07-17T23:07:50.859+0530] {dagbag.py:588} INFO - Filling up the DagBag from /Users/bhavishyachallagolla/Desktop/RetailSense/.venv/lib/python3.12/site-packages/airflow/example_dags/example_complex.py
[2026-07-17T23:07:50.863+0530] {processor.py:925} INFO - DAG(s) 'example_complex' retrieved from /Users/bhavishyachallagolla/Desktop/RetailSense/.venv/lib/python3.12/site-packages/airflow/example_dags/example_complex.py
[2026-07-17T23:07:50.890+0530] {logging_mixin.py:190} INFO - [2026-07-17T23:07:50.890+0530] {dag.py:3239} INFO - Sync 1 DAGs
[2026-07-17T23:07:50.893+0530] {logging_mixin.py:190} INFO - [2026-07-17T23:07:50.893+0530] {dag.py:4180} INFO - Setting next_dagrun for example_complex to None, run_after=None
[2026-07-17T23:07:50.898+0530] {processor.py:208} INFO - Processing /Users/bhavishyachallagolla/Desktop/RetailSense/.venv/lib/python3.12/site-packages/airflow/example_dags/example_complex.py took 0.040 seconds
[2026-07-17T23:09:31.075+0530] {processor.py:186} INFO - Started process (PID=96371) to work on /Users/bhavishyachallagolla/Desktop/RetailSense/.venv/lib/python3.12/site-packages/airflow/example_dags/example_complex.py
[2026-07-17T23:09:31.076+0530] {processor.py:914} INFO - Processing file /Users/bhavishyachallagolla/Desktop/RetailSense/.venv/lib/python3.12/site-packages/airflow/example_dags/example_complex.py for tasks to queue
[2026-07-17T23:09:31.076+0530] {logging_mixin.py:190} INFO - [2026-07-17T23:09:31.076+0530] {dagbag.py:588} INFO - Filling up the DagBag from /Users/bhavishyachallagolla/Desktop/RetailSense/.venv/lib/python3.12/site-packages/airflow/example_dags/example_complex.py
[2026-07-17T23:09:31.080+0530] {processor.py:925} INFO - DAG(s) 'example_complex' retrieved from /Users/bhavishyachallagolla/Desktop/RetailSense/.venv/lib/python3.12/site-packages/airflow/example_dags/example_complex.py
[2026-07-17T23:09:31.107+0530] {logging_mixin.py:190} INFO - [2026-07-17T23:09:31.107+0530] {dag.py:3239} INFO - Sync 1 DAGs
[2026-07-17T23:09:31.110+0530] {logging_mixin.py:190} INFO - [2026-07-17T23:09:31.110+0530] {dag.py:4180} INFO - Setting next_dagrun for example_complex to None, run_after=None
[2026-07-17T23:09:31.115+0530] {processor.py:208} INFO - Processing /Users/bhavishyachallagolla/Desktop/RetailSense/.venv/lib/python3.12/site-packages/airflow/example_dags/example_complex.py took 0.041 seconds
[2026-07-17T23:11:08.761+0530] {processor.py:186} INFO - Started process (PID=96519) to work on /Users/bhavishyachallagolla/Desktop/RetailSense/.venv/lib/python3.12/site-packages/airflow/example_dags/example_complex.py
[2026-07-17T23:11:08.761+0530] {processor.py:914} INFO - Processing file /Users/bhavishyachallagolla/Desktop/RetailSense/.venv/lib/python3.12/site-packages/airflow/example_dags/example_complex.py for tasks to queue
[2026-07-17T23:11:08.762+0530] {logging_mixin.py:190} INFO - [2026-07-17T23:11:08.762+0530] {dagbag.py:588} INFO - Filling up the DagBag from /Users/bhavishyachallagolla/Desktop/RetailSense/.venv/lib/python3.12/site-packages/airflow/example_dags/example_complex.py
[2026-07-17T23:11:08.765+0530] {processor.py:925} INFO - DAG(s) 'example_complex' retrieved from /Users/bhavishyachallagolla/Desktop/RetailSense/.venv/lib/python3.12/site-packages/airflow/example_dags/example_complex.py
[2026-07-17T23:11:08.793+0530] {logging_mixin.py:190} INFO - [2026-07-17T23:11:08.792+0530] {dag.py:3239} INFO - Sync 1 DAGs
[2026-07-17T23:11:08.795+0530] {logging_mixin.py:190} INFO - [2026-07-17T23:11:08.795+0530] {dag.py:4180} INFO - Setting next_dagrun for example_complex to None, run_after=None
[2026-07-17T23:11:08.800+0530] {processor.py:208} INFO - Processing /Users/bhavishyachallagolla/Desktop/RetailSense/.venv/lib/python3.12/site-packages/airflow/example_dags/example_complex.py took 0.040 seconds
[2026-07-17T23:12:47.383+0530] {processor.py:186} INFO - Started process (PID=96736) to work on /Users/bhavishyachallagolla/Desktop/RetailSense/.venv/lib/python3.12/site-packages/airflow/example_dags/example_complex.py
[2026-07-17T23:12:47.383+0530] {processor.py:914} INFO - Processing file /Users/bhavishyachallagolla/Desktop/RetailSense/.venv/lib/python3.12/site-packages/airflow/example_dags/example_complex.py for tasks to queue
[2026-07-17T23:12:47.384+0530] {logging_mixin.py:190} INFO - [2026-07-17T23:12:47.384+0530] {dagbag.py:588} INFO - Filling up the DagBag from /Users/bhavishyachallagolla/Desktop/RetailSense/.venv/lib/python3.12/site-packages/airflow/example_dags/example_complex.py
[2026-07-17T23:12:47.387+0530] {processor.py:925} INFO - DAG(s) 'example_complex' retrieved from /Users/bhavishyachallagolla/Desktop/RetailSense/.venv/lib/python3.12/site-packages/airflow/example_dags/example_complex.py
[2026-07-17T23:12:47.415+0530] {logging_mixin.py:190} INFO - [2026-07-17T23:12:47.415+0530] {dag.py:3239} INFO - Sync 1 DAGs
[2026-07-17T23:12:47.418+0530] {logging_mixin.py:190} INFO - [2026-07-17T23:12:47.418+0530] {dag.py:4180} INFO - Setting next_dagrun for example_complex to None, run_after=None
[2026-07-17T23:12:47.423+0530] {processor.py:208} INFO - Processing /Users/bhavishyachallagolla/Desktop/RetailSense/.venv/lib/python3.12/site-packages/airflow/example_dags/example_complex.py took 0.041 seconds
[2026-07-17T23:14:27.640+0530] {processor.py:186} INFO - Started process (PID=96886) to work on /Users/bhavishyachallagolla/Desktop/RetailSense/.venv/lib/python3.12/site-packages/airflow/example_dags/example_complex.py
[2026-07-17T23:14:27.640+0530] {processor.py:914} INFO - Processing file /Users/bhavishyachallagolla/Desktop/RetailSense/.venv/lib/python3.12/site-packages/airflow/example_dags/example_complex.py for tasks to queue
[2026-07-17T23:14:27.640+0530] {logging_mixin.py:190} INFO - [2026-07-17T23:14:27.640+0530] {dagbag.py:588} INFO - Filling up the DagBag from /Users/bhavishyachallagolla/Desktop/RetailSense/.venv/lib/python3.12/site-packages/airflow/example_dags/example_complex.py
[2026-07-17T23:14:27.644+0530] {processor.py:925} INFO - DAG(s) 'example_complex' retrieved from /Users/bhavishyachallagolla/Desktop/RetailSense/.venv/lib/python3.12/site-packages/airflow/example_dags/example_complex.py
[2026-07-17T23:14:27.672+0530] {logging_mixin.py:190} INFO - [2026-07-17T23:14:27.671+0530] {dag.py:3239} INFO - Sync 1 DAGs
[2026-07-17T23:14:27.674+0530] {logging_mixin.py:190} INFO - [2026-07-17T23:14:27.674+0530] {dag.py:4180} INFO - Setting next_dagrun for example_complex to None, run_after=None
[2026-07-17T23:14:27.679+0530] {processor.py:208} INFO - Processing /Users/bhavishyachallagolla/Desktop/RetailSense/.venv/lib/python3.12/site-packages/airflow/example_dags/example_complex.py took 0.041 seconds
[2026-07-17T23:16:12.199+0530] {processor.py:186} INFO - Started process (PID=97073) to work on /Users/bhavishyachallagolla/Desktop/RetailSense/.venv/lib/python3.12/site-packages/airflow/example_dags/example_complex.py
[2026-07-17T23:16:12.199+0530] {processor.py:914} INFO - Processing file /Users/bhavishyachallagolla/Desktop/RetailSense/.venv/lib/python3.12/site-packages/airflow/example_dags/example_complex.py for tasks to queue
[2026-07-17T23:16:12.200+0530] {logging_mixin.py:190} INFO - [2026-07-17T23:16:12.200+0530] {dagbag.py:588} INFO - Filling up the DagBag from /Users/bhavishyachallagolla/Desktop/RetailSense/.venv/lib/python3.12/site-packages/airflow/example_dags/example_complex.py
[2026-07-17T23:16:12.203+0530] {processor.py:925} INFO - DAG(s) 'example_complex' retrieved from /Users/bhavishyachallagolla/Desktop/RetailSense/.venv/lib/python3.12/site-packages/airflow/example_dags/example_complex.py
[2026-07-17T23:16:12.231+0530] {logging_mixin.py:190} INFO - [2026-07-17T23:16:12.231+0530] {dag.py:3239} INFO - Sync 1 DAGs
[2026-07-17T23:16:12.234+0530] {logging_mixin.py:190} INFO - [2026-07-17T23:16:12.234+0530] {dag.py:4180} INFO - Setting next_dagrun for example_complex to None, run_after=None
[2026-07-17T23:16:12.239+0530] {processor.py:208} INFO - Processing /Users/bhavishyachallagolla/Desktop/RetailSense/.venv/lib/python3.12/site-packages/airflow/example_dags/example_complex.py took 0.041 seconds
[2026-07-17T23:17:53.354+0530] {processor.py:186} INFO - Started process (PID=97302) to work on /Users/bhavishyachallagolla/Desktop/RetailSense/.venv/lib/python3.12/site-packages/airflow/example_dags/example_complex.py
[2026-07-17T23:17:53.354+0530] {processor.py:914} INFO - Processing file /Users/bhavishyachallagolla/Desktop/RetailSense/.venv/lib/python3.12/site-packages/airflow/example_dags/example_complex.py for tasks to queue
[2026-07-17T23:17:53.355+0530] {logging_mixin.py:190} INFO - [2026-07-17T23:17:53.355+0530] {dagbag.py:588} INFO - Filling up the DagBag from /Users/bhavishyachallagolla/Desktop/RetailSense/.venv/lib/python3.12/site-packages/airflow/example_dags/example_complex.py
[2026-07-17T23:17:53.358+0530] {processor.py:925} INFO - DAG(s) 'example_complex' retrieved from /Users/bhavishyachallagolla/Desktop/RetailSense/.venv/lib/python3.12/site-packages/airflow/example_dags/example_complex.py
[2026-07-17T23:17:53.385+0530] {logging_mixin.py:190} INFO - [2026-07-17T23:17:53.385+0530] {dag.py:3239} INFO - Sync 1 DAGs
[2026-07-17T23:17:53.388+0530] {logging_mixin.py:190} INFO - [2026-07-17T23:17:53.388+0530] {dag.py:4180} INFO - Setting next_dagrun for example_complex to None, run_after=None
[2026-07-17T23:17:53.393+0530] {processor.py:208} INFO - Processing /Users/bhavishyachallagolla/Desktop/RetailSense/.venv/lib/python3.12/site-packages/airflow/example_dags/example_complex.py took 0.040 seconds
[2026-07-17T23:19:36.018+0530] {processor.py:186} INFO - Started process (PID=97466) to work on /Users/bhavishyachallagolla/Desktop/RetailSense/.venv/lib/python3.12/site-packages/airflow/example_dags/example_complex.py
[2026-07-17T23:19:36.018+0530] {processor.py:914} INFO - Processing file /Users/bhavishyachallagolla/Desktop/RetailSense/.venv/lib/python3.12/site-packages/airflow/example_dags/example_complex.py for tasks to queue
[2026-07-17T23:19:36.019+0530] {logging_mixin.py:190} INFO - [2026-07-17T23:19:36.019+0530] {dagbag.py:588} INFO - Filling up the DagBag from /Users/bhavishyachallagolla/Desktop/RetailSense/.venv/lib/python3.12/site-packages/airflow/example_dags/example_complex.py
[2026-07-17T23:19:36.022+0530] {processor.py:925} INFO - DAG(s) 'example_complex' retrieved from /Users/bhavishyachallagolla/Desktop/RetailSense/.venv/lib/python3.12/site-packages/airflow/example_dags/example_complex.py
[2026-07-17T23:19:36.050+0530] {logging_mixin.py:190} INFO - [2026-07-17T23:19:36.050+0530] {dag.py:3239} INFO - Sync 1 DAGs
[2026-07-17T23:19:36.053+0530] {logging_mixin.py:190} INFO - [2026-07-17T23:19:36.053+0530] {dag.py:4180} INFO - Setting next_dagrun for example_complex to None, run_after=None
[2026-07-17T23:19:36.058+0530] {processor.py:208} INFO - Processing /Users/bhavishyachallagolla/Desktop/RetailSense/.venv/lib/python3.12/site-packages/airflow/example_dags/example_complex.py took 0.041 seconds
[2026-07-17T23:21:17.004+0530] {processor.py:186} INFO - Started process (PID=97617) to work on /Users/bhavishyachallagolla/Desktop/RetailSense/.venv/lib/python3.12/site-packages/airflow/example_dags/example_complex.py
[2026-07-17T23:21:17.004+0530] {processor.py:914} INFO - Processing file /Users/bhavishyachallagolla/Desktop/RetailSense/.venv/lib/python3.12/site-packages/airflow/example_dags/example_complex.py for tasks to queue
[2026-07-17T23:21:17.005+0530] {logging_mixin.py:190} INFO - [2026-07-17T23:21:17.005+0530] {dagbag.py:588} INFO - Filling up the DagBag from /Users/bhavishyachallagolla/Desktop/RetailSense/.venv/lib/python3.12/site-packages/airflow/example_dags/example_complex.py
[2026-07-17T23:21:17.008+0530] {processor.py:925} INFO - DAG(s) 'example_complex' retrieved from /Users/bhavishyachallagolla/Desktop/RetailSense/.venv/lib/python3.12/site-packages/airflow/example_dags/example_complex.py
[2026-07-17T23:21:17.038+0530] {logging_mixin.py:190} INFO - [2026-07-17T23:21:17.037+0530] {dag.py:3239} INFO - Sync 1 DAGs
[2026-07-17T23:21:17.040+0530] {logging_mixin.py:190} INFO - [2026-07-17T23:21:17.040+0530] {dag.py:4180} INFO - Setting next_dagrun for example_complex to None, run_after=None
[2026-07-17T23:21:17.046+0530] {processor.py:208} INFO - Processing /Users/bhavishyachallagolla/Desktop/RetailSense/.venv/lib/python3.12/site-packages/airflow/example_dags/example_complex.py took 0.043 seconds
[2026-07-17T23:22:58.200+0530] {processor.py:186} INFO - Started process (PID=97770) to work on /Users/bhavishyachallagolla/Desktop/RetailSense/.venv/lib/python3.12/site-packages/airflow/example_dags/example_complex.py
[2026-07-17T23:22:58.201+0530] {processor.py:914} INFO - Processing file /Users/bhavishyachallagolla/Desktop/RetailSense/.venv/lib/python3.12/site-packages/airflow/example_dags/example_complex.py for tasks to queue
[2026-07-17T23:22:58.201+0530] {logging_mixin.py:190} INFO - [2026-07-17T23:22:58.201+0530] {dagbag.py:588} INFO - Filling up the DagBag from /Users/bhavishyachallagolla/Desktop/RetailSense/.venv/lib/python3.12/site-packages/airflow/example_dags/example_complex.py
[2026-07-17T23:22:58.204+0530] {processor.py:925} INFO - DAG(s) 'example_complex' retrieved from /Users/bhavishyachallagolla/Desktop/RetailSense/.venv/lib/python3.12/site-packages/airflow/example_dags/example_complex.py
[2026-07-17T23:22:58.232+0530] {logging_mixin.py:190} INFO - [2026-07-17T23:22:58.232+0530] {dag.py:3239} INFO - Sync 1 DAGs
[2026-07-17T23:22:58.235+0530] {logging_mixin.py:190} INFO - [2026-07-17T23:22:58.235+0530] {dag.py:4180} INFO - Setting next_dagrun for example_complex to None, run_after=None
[2026-07-17T23:22:58.240+0530] {processor.py:208} INFO - Processing /Users/bhavishyachallagolla/Desktop/RetailSense/.venv/lib/python3.12/site-packages/airflow/example_dags/example_complex.py took 0.041 seconds
[2026-07-17T23:24:38.433+0530] {processor.py:186} INFO - Started process (PID=97920) to work on /Users/bhavishyachallagolla/Desktop/RetailSense/.venv/lib/python3.12/site-packages/airflow/example_dags/example_complex.py
[2026-07-17T23:24:38.434+0530] {processor.py:914} INFO - Processing file /Users/bhavishyachallagolla/Desktop/RetailSense/.venv/lib/python3.12/site-packages/airflow/example_dags/example_complex.py for tasks to queue
[2026-07-17T23:24:38.434+0530] {logging_mixin.py:190} INFO - [2026-07-17T23:24:38.434+0530] {dagbag.py:588} INFO - Filling up the DagBag from /Users/bhavishyachallagolla/Desktop/RetailSense/.venv/lib/python3.12/site-packages/airflow/example_dags/example_complex.py
[2026-07-17T23:24:38.437+0530] {processor.py:925} INFO - DAG(s) 'example_complex' retrieved from /Users/bhavishyachallagolla/Desktop/RetailSense/.venv/lib/python3.12/site-packages/airflow/example_dags/example_complex.py
[2026-07-17T23:24:38.465+0530] {logging_mixin.py:190} INFO - [2026-07-17T23:24:38.465+0530] {dag.py:3239} INFO - Sync 1 DAGs
[2026-07-17T23:24:38.467+0530] {logging_mixin.py:190} INFO - [2026-07-17T23:24:38.467+0530] {dag.py:4180} INFO - Setting next_dagrun for example_complex to None, run_after=None
[2026-07-17T23:24:38.472+0530] {processor.py:208} INFO - Processing /Users/bhavishyachallagolla/Desktop/RetailSense/.venv/lib/python3.12/site-packages/airflow/example_dags/example_complex.py took 0.040 seconds
[2026-07-17T23:26:19.404+0530] {processor.py:186} INFO - Started process (PID=98071) to work on /Users/bhavishyachallagolla/Desktop/RetailSense/.venv/lib/python3.12/site-packages/airflow/example_dags/example_complex.py
[2026-07-17T23:26:19.404+0530] {processor.py:914} INFO - Processing file /Users/bhavishyachallagolla/Desktop/RetailSense/.venv/lib/python3.12/site-packages/airflow/example_dags/example_complex.py for tasks to queue
[2026-07-17T23:26:19.405+0530] {logging_mixin.py:190} INFO - [2026-07-17T23:26:19.405+0530] {dagbag.py:588} INFO - Filling up the DagBag from /Users/bhavishyachallagolla/Desktop/RetailSense/.venv/lib/python3.12/site-packages/airflow/example_dags/example_complex.py
[2026-07-17T23:26:19.408+0530] {processor.py:925} INFO - DAG(s) 'example_complex' retrieved from /Users/bhavishyachallagolla/Desktop/RetailSense/.venv/lib/python3.12/site-packages/airflow/example_dags/example_complex.py
[2026-07-17T23:26:19.438+0530] {logging_mixin.py:190} INFO - [2026-07-17T23:26:19.438+0530] {dag.py:3239} INFO - Sync 1 DAGs
[2026-07-17T23:26:19.441+0530] {logging_mixin.py:190} INFO - [2026-07-17T23:26:19.441+0530] {dag.py:4180} INFO - Setting next_dagrun for example_complex to None, run_after=None
[2026-07-17T23:26:19.447+0530] {processor.py:208} INFO - Processing /Users/bhavishyachallagolla/Desktop/RetailSense/.venv/lib/python3.12/site-packages/airflow/example_dags/example_complex.py took 0.044 seconds
[2026-07-17T23:28:03.352+0530] {processor.py:186} INFO - Started process (PID=98234) to work on /Users/bhavishyachallagolla/Desktop/RetailSense/.venv/lib/python3.12/site-packages/airflow/example_dags/example_complex.py
[2026-07-17T23:28:03.352+0530] {processor.py:914} INFO - Processing file /Users/bhavishyachallagolla/Desktop/RetailSense/.venv/lib/python3.12/site-packages/airflow/example_dags/example_complex.py for tasks to queue
[2026-07-17T23:28:03.353+0530] {logging_mixin.py:190} INFO - [2026-07-17T23:28:03.353+0530] {dagbag.py:588} INFO - Filling up the DagBag from /Users/bhavishyachallagolla/Desktop/RetailSense/.venv/lib/python3.12/site-packages/airflow/example_dags/example_complex.py
[2026-07-17T23:28:03.356+0530] {processor.py:925} INFO - DAG(s) 'example_complex' retrieved from /Users/bhavishyachallagolla/Desktop/RetailSense/.venv/lib/python3.12/site-packages/airflow/example_dags/example_complex.py
[2026-07-17T23:28:03.385+0530] {logging_mixin.py:190} INFO - [2026-07-17T23:28:03.385+0530] {dag.py:3239} INFO - Sync 1 DAGs
[2026-07-17T23:28:03.388+0530] {logging_mixin.py:190} INFO - [2026-07-17T23:28:03.388+0530] {dag.py:4180} INFO - Setting next_dagrun for example_complex to None, run_after=None
[2026-07-17T23:28:03.394+0530] {processor.py:208} INFO - Processing /Users/bhavishyachallagolla/Desktop/RetailSense/.venv/lib/python3.12/site-packages/airflow/example_dags/example_complex.py took 0.043 seconds
[2026-07-17T23:29:44.493+0530] {processor.py:186} INFO - Started process (PID=98388) to work on /Users/bhavishyachallagolla/Desktop/RetailSense/.venv/lib/python3.12/site-packages/airflow/example_dags/example_complex.py
[2026-07-17T23:29:44.494+0530] {processor.py:914} INFO - Processing file /Users/bhavishyachallagolla/Desktop/RetailSense/.venv/lib/python3.12/site-packages/airflow/example_dags/example_complex.py for tasks to queue
[2026-07-17T23:29:44.494+0530] {logging_mixin.py:190} INFO - [2026-07-17T23:29:44.494+0530] {dagbag.py:588} INFO - Filling up the DagBag from /Users/bhavishyachallagolla/Desktop/RetailSense/.venv/lib/python3.12/site-packages/airflow/example_dags/example_complex.py
[2026-07-17T23:29:44.498+0530] {processor.py:925} INFO - DAG(s) 'example_complex' retrieved from /Users/bhavishyachallagolla/Desktop/RetailSense/.venv/lib/python3.12/site-packages/airflow/example_dags/example_complex.py
[2026-07-17T23:29:44.525+0530] {logging_mixin.py:190} INFO - [2026-07-17T23:29:44.525+0530] {dag.py:3239} INFO - Sync 1 DAGs
[2026-07-17T23:29:44.528+0530] {logging_mixin.py:190} INFO - [2026-07-17T23:29:44.528+0530] {dag.py:4180} INFO - Setting next_dagrun for example_complex to None, run_after=None
[2026-07-17T23:29:44.533+0530] {processor.py:208} INFO - Processing /Users/bhavishyachallagolla/Desktop/RetailSense/.venv/lib/python3.12/site-packages/airflow/example_dags/example_complex.py took 0.040 seconds
[2026-07-17T23:31:29.660+0530] {processor.py:186} INFO - Started process (PID=98586) to work on /Users/bhavishyachallagolla/Desktop/RetailSense/.venv/lib/python3.12/site-packages/airflow/example_dags/example_complex.py
[2026-07-17T23:31:29.661+0530] {processor.py:914} INFO - Processing file /Users/bhavishyachallagolla/Desktop/RetailSense/.venv/lib/python3.12/site-packages/airflow/example_dags/example_complex.py for tasks to queue
[2026-07-17T23:31:29.661+0530] {logging_mixin.py:190} INFO - [2026-07-17T23:31:29.661+0530] {dagbag.py:588} INFO - Filling up the DagBag from /Users/bhavishyachallagolla/Desktop/RetailSense/.venv/lib/python3.12/site-packages/airflow/example_dags/example_complex.py
[2026-07-17T23:31:29.665+0530] {processor.py:925} INFO - DAG(s) 'example_complex' retrieved from /Users/bhavishyachallagolla/Desktop/RetailSense/.venv/lib/python3.12/site-packages/airflow/example_dags/example_complex.py
[2026-07-17T23:31:29.694+0530] {logging_mixin.py:190} INFO - [2026-07-17T23:31:29.694+0530] {dag.py:3239} INFO - Sync 1 DAGs
[2026-07-17T23:31:29.697+0530] {logging_mixin.py:190} INFO - [2026-07-17T23:31:29.697+0530] {dag.py:4180} INFO - Setting next_dagrun for example_complex to None, run_after=None
[2026-07-17T23:31:29.702+0530] {processor.py:208} INFO - Processing /Users/bhavishyachallagolla/Desktop/RetailSense/.venv/lib/python3.12/site-packages/airflow/example_dags/example_complex.py took 0.043 seconds
[2026-07-17T23:33:19.544+0530] {processor.py:186} INFO - Started process (PID=98754) to work on /Users/bhavishyachallagolla/Desktop/RetailSense/.venv/lib/python3.12/site-packages/airflow/example_dags/example_complex.py
[2026-07-17T23:33:19.545+0530] {processor.py:914} INFO - Processing file /Users/bhavishyachallagolla/Desktop/RetailSense/.venv/lib/python3.12/site-packages/airflow/example_dags/example_complex.py for tasks to queue
[2026-07-17T23:33:19.546+0530] {logging_mixin.py:190} INFO - [2026-07-17T23:33:19.546+0530] {dagbag.py:588} INFO - Filling up the DagBag from /Users/bhavishyachallagolla/Desktop/RetailSense/.venv/lib/python3.12/site-packages/airflow/example_dags/example_complex.py
[2026-07-17T23:33:19.550+0530] {processor.py:925} INFO - DAG(s) 'example_complex' retrieved from /Users/bhavishyachallagolla/Desktop/RetailSense/.venv/lib/python3.12/site-packages/airflow/example_dags/example_complex.py
[2026-07-17T23:33:19.577+0530] {logging_mixin.py:190} INFO - [2026-07-17T23:33:19.577+0530] {dag.py:3239} INFO - Sync 1 DAGs
[2026-07-17T23:33:19.580+0530] {logging_mixin.py:190} INFO - [2026-07-17T23:33:19.580+0530] {dag.py:4180} INFO - Setting next_dagrun for example_complex to None, run_after=None
[2026-07-17T23:33:19.585+0530] {processor.py:208} INFO - Processing /Users/bhavishyachallagolla/Desktop/RetailSense/.venv/lib/python3.12/site-packages/airflow/example_dags/example_complex.py took 0.042 seconds
[2026-07-17T23:35:04.617+0530] {processor.py:186} INFO - Started process (PID=98923) to work on /Users/bhavishyachallagolla/Desktop/RetailSense/.venv/lib/python3.12/site-packages/airflow/example_dags/example_complex.py
[2026-07-17T23:35:04.618+0530] {processor.py:914} INFO - Processing file /Users/bhavishyachallagolla/Desktop/RetailSense/.venv/lib/python3.12/site-packages/airflow/example_dags/example_complex.py for tasks to queue
[2026-07-17T23:35:04.618+0530] {logging_mixin.py:190} INFO - [2026-07-17T23:35:04.618+0530] {dagbag.py:588} INFO - Filling up the DagBag from /Users/bhavishyachallagolla/Desktop/RetailSense/.venv/lib/python3.12/site-packages/airflow/example_dags/example_complex.py
[2026-07-17T23:35:04.621+0530] {processor.py:925} INFO - DAG(s) 'example_complex' retrieved from /Users/bhavishyachallagolla/Desktop/RetailSense/.venv/lib/python3.12/site-packages/airflow/example_dags/example_complex.py
[2026-07-17T23:35:04.649+0530] {logging_mixin.py:190} INFO - [2026-07-17T23:35:04.649+0530] {dag.py:3239} INFO - Sync 1 DAGs
[2026-07-17T23:35:04.652+0530] {logging_mixin.py:190} INFO - [2026-07-17T23:35:04.652+0530] {dag.py:4180} INFO - Setting next_dagrun for example_complex to None, run_after=None
[2026-07-17T23:35:04.657+0530] {processor.py:208} INFO - Processing /Users/bhavishyachallagolla/Desktop/RetailSense/.venv/lib/python3.12/site-packages/airflow/example_dags/example_complex.py took 0.041 seconds
[2026-07-17T23:36:46.670+0530] {processor.py:186} INFO - Started process (PID=99075) to work on /Users/bhavishyachallagolla/Desktop/RetailSense/.venv/lib/python3.12/site-packages/airflow/example_dags/example_complex.py
[2026-07-17T23:36:46.671+0530] {processor.py:914} INFO - Processing file /Users/bhavishyachallagolla/Desktop/RetailSense/.venv/lib/python3.12/site-packages/airflow/example_dags/example_complex.py for tasks to queue
[2026-07-17T23:36:46.671+0530] {logging_mixin.py:190} INFO - [2026-07-17T23:36:46.671+0530] {dagbag.py:588} INFO - Filling up the DagBag from /Users/bhavishyachallagolla/Desktop/RetailSense/.venv/lib/python3.12/site-packages/airflow/example_dags/example_complex.py
[2026-07-17T23:36:46.675+0530] {processor.py:925} INFO - DAG(s) 'example_complex' retrieved from /Users/bhavishyachallagolla/Desktop/RetailSense/.venv/lib/python3.12/site-packages/airflow/example_dags/example_complex.py
[2026-07-17T23:36:46.703+0530] {logging_mixin.py:190} INFO - [2026-07-17T23:36:46.703+0530] {dag.py:3239} INFO - Sync 1 DAGs
[2026-07-17T23:36:46.706+0530] {logging_mixin.py:190} INFO - [2026-07-17T23:36:46.706+0530] {dag.py:4180} INFO - Setting next_dagrun for example_complex to None, run_after=None
[2026-07-17T23:36:46.711+0530] {processor.py:208} INFO - Processing /Users/bhavishyachallagolla/Desktop/RetailSense/.venv/lib/python3.12/site-packages/airflow/example_dags/example_complex.py took 0.041 seconds
[2026-07-17T23:38:28.188+0530] {processor.py:186} INFO - Started process (PID=99237) to work on /Users/bhavishyachallagolla/Desktop/RetailSense/.venv/lib/python3.12/site-packages/airflow/example_dags/example_complex.py
[2026-07-17T23:38:28.188+0530] {processor.py:914} INFO - Processing file /Users/bhavishyachallagolla/Desktop/RetailSense/.venv/lib/python3.12/site-packages/airflow/example_dags/example_complex.py for tasks to queue
[2026-07-17T23:38:28.189+0530] {logging_mixin.py:190} INFO - [2026-07-17T23:38:28.188+0530] {dagbag.py:588} INFO - Filling up the DagBag from /Users/bhavishyachallagolla/Desktop/RetailSense/.venv/lib/python3.12/site-packages/airflow/example_dags/example_complex.py
[2026-07-17T23:38:28.192+0530] {processor.py:925} INFO - DAG(s) 'example_complex' retrieved from /Users/bhavishyachallagolla/Desktop/RetailSense/.venv/lib/python3.12/site-packages/airflow/example_dags/example_complex.py
[2026-07-17T23:38:28.221+0530] {logging_mixin.py:190} INFO - [2026-07-17T23:38:28.221+0530] {dag.py:3239} INFO - Sync 1 DAGs
[2026-07-17T23:38:28.224+0530] {logging_mixin.py:190} INFO - [2026-07-17T23:38:28.224+0530] {dag.py:4180} INFO - Setting next_dagrun for example_complex to None, run_after=None
[2026-07-17T23:38:28.229+0530] {processor.py:208} INFO - Processing /Users/bhavishyachallagolla/Desktop/RetailSense/.venv/lib/python3.12/site-packages/airflow/example_dags/example_complex.py took 0.042 seconds
[2026-07-17T23:40:09.224+0530] {processor.py:186} INFO - Started process (PID=99387) to work on /Users/bhavishyachallagolla/Desktop/RetailSense/.venv/lib/python3.12/site-packages/airflow/example_dags/example_complex.py
[2026-07-17T23:40:09.225+0530] {processor.py:914} INFO - Processing file /Users/bhavishyachallagolla/Desktop/RetailSense/.venv/lib/python3.12/site-packages/airflow/example_dags/example_complex.py for tasks to queue
[2026-07-17T23:40:09.225+0530] {logging_mixin.py:190} INFO - [2026-07-17T23:40:09.225+0530] {dagbag.py:588} INFO - Filling up the DagBag from /Users/bhavishyachallagolla/Desktop/RetailSense/.venv/lib/python3.12/site-packages/airflow/example_dags/example_complex.py
[2026-07-17T23:40:09.228+0530] {processor.py:925} INFO - DAG(s) 'example_complex' retrieved from /Users/bhavishyachallagolla/Desktop/RetailSense/.venv/lib/python3.12/site-packages/airflow/example_dags/example_complex.py
[2026-07-17T23:40:09.256+0530] {logging_mixin.py:190} INFO - [2026-07-17T23:40:09.256+0530] {dag.py:3239} INFO - Sync 1 DAGs
[2026-07-17T23:40:09.259+0530] {logging_mixin.py:190} INFO - [2026-07-17T23:40:09.259+0530] {dag.py:4180} INFO - Setting next_dagrun for example_complex to None, run_after=None
[2026-07-17T23:40:09.264+0530] {processor.py:208} INFO - Processing /Users/bhavishyachallagolla/Desktop/RetailSense/.venv/lib/python3.12/site-packages/airflow/example_dags/example_complex.py took 0.041 seconds
[2026-07-17T23:41:54.245+0530] {processor.py:186} INFO - Started process (PID=99547) to work on /Users/bhavishyachallagolla/Desktop/RetailSense/.venv/lib/python3.12/site-packages/airflow/example_dags/example_complex.py
[2026-07-17T23:41:54.246+0530] {processor.py:914} INFO - Processing file /Users/bhavishyachallagolla/Desktop/RetailSense/.venv/lib/python3.12/site-packages/airflow/example_dags/example_complex.py for tasks to queue
[2026-07-17T23:41:54.247+0530] {logging_mixin.py:190} INFO - [2026-07-17T23:41:54.247+0530] {dagbag.py:588} INFO - Filling up the DagBag from /Users/bhavishyachallagolla/Desktop/RetailSense/.venv/lib/python3.12/site-packages/airflow/example_dags/example_complex.py
[2026-07-17T23:41:54.250+0530] {processor.py:925} INFO - DAG(s) 'example_complex' retrieved from /Users/bhavishyachallagolla/Desktop/RetailSense/.venv/lib/python3.12/site-packages/airflow/example_dags/example_complex.py
[2026-07-17T23:41:54.278+0530] {logging_mixin.py:190} INFO - [2026-07-17T23:41:54.278+0530] {dag.py:3239} INFO - Sync 1 DAGs
[2026-07-17T23:41:54.281+0530] {logging_mixin.py:190} INFO - [2026-07-17T23:41:54.281+0530] {dag.py:4180} INFO - Setting next_dagrun for example_complex to None, run_after=None
[2026-07-17T23:41:54.286+0530] {processor.py:208} INFO - Processing /Users/bhavishyachallagolla/Desktop/RetailSense/.venv/lib/python3.12/site-packages/airflow/example_dags/example_complex.py took 0.042 seconds
[2026-07-17T23:43:34.080+0530] {processor.py:186} INFO - Started process (PID=99701) to work on /Users/bhavishyachallagolla/Desktop/RetailSense/.venv/lib/python3.12/site-packages/airflow/example_dags/example_complex.py
[2026-07-17T23:43:34.081+0530] {processor.py:914} INFO - Processing file /Users/bhavishyachallagolla/Desktop/RetailSense/.venv/lib/python3.12/site-packages/airflow/example_dags/example_complex.py for tasks to queue
[2026-07-17T23:43:34.082+0530] {logging_mixin.py:190} INFO - [2026-07-17T23:43:34.082+0530] {dagbag.py:588} INFO - Filling up the DagBag from /Users/bhavishyachallagolla/Desktop/RetailSense/.venv/lib/python3.12/site-packages/airflow/example_dags/example_complex.py
[2026-07-17T23:43:34.085+0530] {processor.py:925} INFO - DAG(s) 'example_complex' retrieved from /Users/bhavishyachallagolla/Desktop/RetailSense/.venv/lib/python3.12/site-packages/airflow/example_dags/example_complex.py
[2026-07-17T23:43:34.112+0530] {logging_mixin.py:190} INFO - [2026-07-17T23:43:34.112+0530] {dag.py:3239} INFO - Sync 1 DAGs
[2026-07-17T23:43:34.115+0530] {logging_mixin.py:190} INFO - [2026-07-17T23:43:34.115+0530] {dag.py:4180} INFO - Setting next_dagrun for example_complex to None, run_after=None
[2026-07-17T23:43:34.120+0530] {processor.py:208} INFO - Processing /Users/bhavishyachallagolla/Desktop/RetailSense/.venv/lib/python3.12/site-packages/airflow/example_dags/example_complex.py took 0.041 seconds
[2026-07-17T23:45:16.356+0530] {processor.py:186} INFO - Started process (PID=99855) to work on /Users/bhavishyachallagolla/Desktop/RetailSense/.venv/lib/python3.12/site-packages/airflow/example_dags/example_complex.py
[2026-07-17T23:45:16.357+0530] {processor.py:914} INFO - Processing file /Users/bhavishyachallagolla/Desktop/RetailSense/.venv/lib/python3.12/site-packages/airflow/example_dags/example_complex.py for tasks to queue
[2026-07-17T23:45:16.357+0530] {logging_mixin.py:190} INFO - [2026-07-17T23:45:16.357+0530] {dagbag.py:588} INFO - Filling up the DagBag from /Users/bhavishyachallagolla/Desktop/RetailSense/.venv/lib/python3.12/site-packages/airflow/example_dags/example_complex.py
[2026-07-17T23:45:16.361+0530] {processor.py:925} INFO - DAG(s) 'example_complex' retrieved from /Users/bhavishyachallagolla/Desktop/RetailSense/.venv/lib/python3.12/site-packages/airflow/example_dags/example_complex.py
[2026-07-17T23:45:16.388+0530] {logging_mixin.py:190} INFO - [2026-07-17T23:45:16.388+0530] {dag.py:3239} INFO - Sync 1 DAGs
[2026-07-17T23:45:16.391+0530] {logging_mixin.py:190} INFO - [2026-07-17T23:45:16.391+0530] {dag.py:4180} INFO - Setting next_dagrun for example_complex to None, run_after=None
[2026-07-17T23:45:16.396+0530] {processor.py:208} INFO - Processing /Users/bhavishyachallagolla/Desktop/RetailSense/.venv/lib/python3.12/site-packages/airflow/example_dags/example_complex.py took 0.041 seconds
[2026-07-17T23:47:00.663+0530] {processor.py:186} INFO - Started process (PID=118) to work on /Users/bhavishyachallagolla/Desktop/RetailSense/.venv/lib/python3.12/site-packages/airflow/example_dags/example_complex.py
[2026-07-17T23:47:00.664+0530] {processor.py:914} INFO - Processing file /Users/bhavishyachallagolla/Desktop/RetailSense/.venv/lib/python3.12/site-packages/airflow/example_dags/example_complex.py for tasks to queue
[2026-07-17T23:47:00.664+0530] {logging_mixin.py:190} INFO - [2026-07-17T23:47:00.664+0530] {dagbag.py:588} INFO - Filling up the DagBag from /Users/bhavishyachallagolla/Desktop/RetailSense/.venv/lib/python3.12/site-packages/airflow/example_dags/example_complex.py
[2026-07-17T23:47:00.667+0530] {processor.py:925} INFO - DAG(s) 'example_complex' retrieved from /Users/bhavishyachallagolla/Desktop/RetailSense/.venv/lib/python3.12/site-packages/airflow/example_dags/example_complex.py
[2026-07-17T23:47:00.696+0530] {logging_mixin.py:190} INFO - [2026-07-17T23:47:00.696+0530] {dag.py:3239} INFO - Sync 1 DAGs
[2026-07-17T23:47:00.699+0530] {logging_mixin.py:190} INFO - [2026-07-17T23:47:00.699+0530] {dag.py:4180} INFO - Setting next_dagrun for example_complex to None, run_after=None
[2026-07-17T23:47:00.704+0530] {processor.py:208} INFO - Processing /Users/bhavishyachallagolla/Desktop/RetailSense/.venv/lib/python3.12/site-packages/airflow/example_dags/example_complex.py took 0.042 seconds
[2026-07-17T23:49:01.554+0530] {processor.py:186} INFO - Started process (PID=307) to work on /Users/bhavishyachallagolla/Desktop/RetailSense/.venv/lib/python3.12/site-packages/airflow/example_dags/example_complex.py
[2026-07-17T23:49:01.554+0530] {processor.py:914} INFO - Processing file /Users/bhavishyachallagolla/Desktop/RetailSense/.venv/lib/python3.12/site-packages/airflow/example_dags/example_complex.py for tasks to queue
[2026-07-17T23:49:01.555+0530] {logging_mixin.py:190} INFO - [2026-07-17T23:49:01.554+0530] {dagbag.py:588} INFO - Filling up the DagBag from /Users/bhavishyachallagolla/Desktop/RetailSense/.venv/lib/python3.12/site-packages/airflow/example_dags/example_complex.py
[2026-07-17T23:49:01.558+0530] {processor.py:925} INFO - DAG(s) 'example_complex' retrieved from /Users/bhavishyachallagolla/Desktop/RetailSense/.venv/lib/python3.12/site-packages/airflow/example_dags/example_complex.py
[2026-07-17T23:49:01.585+0530] {logging_mixin.py:190} INFO - [2026-07-17T23:49:01.585+0530] {dag.py:3239} INFO - Sync 1 DAGs
[2026-07-17T23:49:01.588+0530] {logging_mixin.py:190} INFO - [2026-07-17T23:49:01.588+0530] {dag.py:4180} INFO - Setting next_dagrun for example_complex to None, run_after=None
[2026-07-17T23:49:01.593+0530] {processor.py:208} INFO - Processing /Users/bhavishyachallagolla/Desktop/RetailSense/.venv/lib/python3.12/site-packages/airflow/example_dags/example_complex.py took 0.040 seconds
[2026-07-17T23:50:46.019+0530] {processor.py:186} INFO - Started process (PID=536) to work on /Users/bhavishyachallagolla/Desktop/RetailSense/.venv/lib/python3.12/site-packages/airflow/example_dags/example_complex.py
[2026-07-17T23:50:46.019+0530] {processor.py:914} INFO - Processing file /Users/bhavishyachallagolla/Desktop/RetailSense/.venv/lib/python3.12/site-packages/airflow/example_dags/example_complex.py for tasks to queue
[2026-07-17T23:50:46.019+0530] {logging_mixin.py:190} INFO - [2026-07-17T23:50:46.019+0530] {dagbag.py:588} INFO - Filling up the DagBag from /Users/bhavishyachallagolla/Desktop/RetailSense/.venv/lib/python3.12/site-packages/airflow/example_dags/example_complex.py
[2026-07-17T23:50:46.023+0530] {processor.py:925} INFO - DAG(s) 'example_complex' retrieved from /Users/bhavishyachallagolla/Desktop/RetailSense/.venv/lib/python3.12/site-packages/airflow/example_dags/example_complex.py
[2026-07-17T23:50:46.050+0530] {logging_mixin.py:190} INFO - [2026-07-17T23:50:46.050+0530] {dag.py:3239} INFO - Sync 1 DAGs
[2026-07-17T23:50:46.053+0530] {logging_mixin.py:190} INFO - [2026-07-17T23:50:46.053+0530] {dag.py:4180} INFO - Setting next_dagrun for example_complex to None, run_after=None
[2026-07-17T23:50:46.058+0530] {processor.py:208} INFO - Processing /Users/bhavishyachallagolla/Desktop/RetailSense/.venv/lib/python3.12/site-packages/airflow/example_dags/example_complex.py took 0.040 seconds
[2026-07-17T23:52:28.453+0530] {processor.py:186} INFO - Started process (PID=782) to work on /Users/bhavishyachallagolla/Desktop/RetailSense/.venv/lib/python3.12/site-packages/airflow/example_dags/example_complex.py
[2026-07-17T23:52:28.453+0530] {processor.py:914} INFO - Processing file /Users/bhavishyachallagolla/Desktop/RetailSense/.venv/lib/python3.12/site-packages/airflow/example_dags/example_complex.py for tasks to queue
[2026-07-17T23:52:28.453+0530] {logging_mixin.py:190} INFO - [2026-07-17T23:52:28.453+0530] {dagbag.py:588} INFO - Filling up the DagBag from /Users/bhavishyachallagolla/Desktop/RetailSense/.venv/lib/python3.12/site-packages/airflow/example_dags/example_complex.py
[2026-07-17T23:52:28.457+0530] {processor.py:925} INFO - DAG(s) 'example_complex' retrieved from /Users/bhavishyachallagolla/Desktop/RetailSense/.venv/lib/python3.12/site-packages/airflow/example_dags/example_complex.py
[2026-07-17T23:52:28.487+0530] {logging_mixin.py:190} INFO - [2026-07-17T23:52:28.487+0530] {dag.py:3239} INFO - Sync 1 DAGs
[2026-07-17T23:52:28.490+0530] {logging_mixin.py:190} INFO - [2026-07-17T23:52:28.490+0530] {dag.py:4180} INFO - Setting next_dagrun for example_complex to None, run_after=None
[2026-07-17T23:52:28.496+0530] {processor.py:208} INFO - Processing /Users/bhavishyachallagolla/Desktop/RetailSense/.venv/lib/python3.12/site-packages/airflow/example_dags/example_complex.py took 0.044 seconds
[2026-07-17T23:54:18.339+0530] {processor.py:186} INFO - Started process (PID=993) to work on /Users/bhavishyachallagolla/Desktop/RetailSense/.venv/lib/python3.12/site-packages/airflow/example_dags/example_complex.py
[2026-07-17T23:54:18.340+0530] {processor.py:914} INFO - Processing file /Users/bhavishyachallagolla/Desktop/RetailSense/.venv/lib/python3.12/site-packages/airflow/example_dags/example_complex.py for tasks to queue
[2026-07-17T23:54:18.340+0530] {logging_mixin.py:190} INFO - [2026-07-17T23:54:18.340+0530] {dagbag.py:588} INFO - Filling up the DagBag from /Users/bhavishyachallagolla/Desktop/RetailSense/.venv/lib/python3.12/site-packages/airflow/example_dags/example_complex.py
[2026-07-17T23:54:18.343+0530] {processor.py:925} INFO - DAG(s) 'example_complex' retrieved from /Users/bhavishyachallagolla/Desktop/RetailSense/.venv/lib/python3.12/site-packages/airflow/example_dags/example_complex.py
[2026-07-17T23:54:18.371+0530] {logging_mixin.py:190} INFO - [2026-07-17T23:54:18.371+0530] {dag.py:3239} INFO - Sync 1 DAGs
[2026-07-17T23:54:18.374+0530] {logging_mixin.py:190} INFO - [2026-07-17T23:54:18.374+0530] {dag.py:4180} INFO - Setting next_dagrun for example_complex to None, run_after=None
[2026-07-17T23:54:18.379+0530] {processor.py:208} INFO - Processing /Users/bhavishyachallagolla/Desktop/RetailSense/.venv/lib/python3.12/site-packages/airflow/example_dags/example_complex.py took 0.042 seconds
[2026-07-17T23:56:19.946+0530] {processor.py:186} INFO - Started process (PID=1198) to work on /Users/bhavishyachallagolla/Desktop/RetailSense/.venv/lib/python3.12/site-packages/airflow/example_dags/example_complex.py
[2026-07-17T23:56:19.947+0530] {processor.py:914} INFO - Processing file /Users/bhavishyachallagolla/Desktop/RetailSense/.venv/lib/python3.12/site-packages/airflow/example_dags/example_complex.py for tasks to queue
[2026-07-17T23:56:19.947+0530] {logging_mixin.py:190} INFO - [2026-07-17T23:56:19.947+0530] {dagbag.py:588} INFO - Filling up the DagBag from /Users/bhavishyachallagolla/Desktop/RetailSense/.venv/lib/python3.12/site-packages/airflow/example_dags/example_complex.py
[2026-07-17T23:56:19.951+0530] {processor.py:925} INFO - DAG(s) 'example_complex' retrieved from /Users/bhavishyachallagolla/Desktop/RetailSense/.venv/lib/python3.12/site-packages/airflow/example_dags/example_complex.py
[2026-07-17T23:56:19.979+0530] {logging_mixin.py:190} INFO - [2026-07-17T23:56:19.979+0530] {dag.py:3239} INFO - Sync 1 DAGs
[2026-07-17T23:56:19.982+0530] {logging_mixin.py:190} INFO - [2026-07-17T23:56:19.982+0530] {dag.py:4180} INFO - Setting next_dagrun for example_complex to None, run_after=None
[2026-07-17T23:56:19.987+0530] {processor.py:208} INFO - Processing /Users/bhavishyachallagolla/Desktop/RetailSense/.venv/lib/python3.12/site-packages/airflow/example_dags/example_complex.py took 0.042 seconds
