[2026-07-17T20:09:29.539+0530] {processor.py:186} INFO - Started process (PID=87208) to work on /Users/bhavishyachallagolla/Desktop/RetailSense/.venv/lib/python3.12/site-packages/airflow/example_dags/example_outlet_event_extra.py
[2026-07-17T20:09:29.540+0530] {processor.py:914} INFO - Processing file /Users/bhavishyachallagolla/Desktop/RetailSense/.venv/lib/python3.12/site-packages/airflow/example_dags/example_outlet_event_extra.py for tasks to queue
[2026-07-17T20:09:29.540+0530] {logging_mixin.py:190} INFO - [2026-07-17T20:09:29.540+0530] {dagbag.py:588} INFO - Filling up the DagBag from /Users/bhavishyachallagolla/Desktop/RetailSense/.venv/lib/python3.12/site-packages/airflow/example_dags/example_outlet_event_extra.py
[2026-07-17T20:09:29.569+0530] {processor.py:925} INFO - DAG(s) 'dataset_with_extra_from_classic_operator', 'dataset_with_extra_by_yield', 'dataset_with_extra_by_context' retrieved from /Users/bhavishyachallagolla/Desktop/RetailSense/.venv/lib/python3.12/site-packages/airflow/example_dags/example_outlet_event_extra.py
[2026-07-17T20:09:29.622+0530] {logging_mixin.py:190} INFO - [2026-07-17T20:09:29.622+0530] {dag.py:3239} INFO - Sync 3 DAGs
[2026-07-17T20:09:29.647+0530] {logging_mixin.py:190} INFO - [2026-07-17T20:09:29.647+0530] {dag.py:4180} INFO - Setting next_dagrun for dataset_with_extra_by_context to 2026-07-16 00:00:00+00:00, run_after=2026-07-17 00:00:00+00:00
[2026-07-17T20:09:29.648+0530] {logging_mixin.py:190} INFO - [2026-07-17T20:09:29.648+0530] {dag.py:4180} INFO - Setting next_dagrun for dataset_with_extra_by_yield to 2026-07-16 00:00:00+00:00, run_after=2026-07-17 00:00:00+00:00
[2026-07-17T20:09:29.648+0530] {logging_mixin.py:190} INFO - [2026-07-17T20:09:29.648+0530] {dag.py:4180} INFO - Setting next_dagrun for dataset_with_extra_from_classic_operator to 2026-07-16 00:00:00+00:00, run_after=2026-07-17 00:00:00+00:00
[2026-07-17T20:09:29.654+0530] {processor.py:208} INFO - Processing /Users/bhavishyachallagolla/Desktop/RetailSense/.venv/lib/python3.12/site-packages/airflow/example_dags/example_outlet_event_extra.py took 0.116 seconds
[2026-07-17T20:10:26.932+0530] {processor.py:186} INFO - Started process (PID=87315) to work on /Users/bhavishyachallagolla/Desktop/RetailSense/.venv/lib/python3.12/site-packages/airflow/example_dags/example_outlet_event_extra.py
[2026-07-17T20:10:26.933+0530] {processor.py:914} INFO - Processing file /Users/bhavishyachallagolla/Desktop/RetailSense/.venv/lib/python3.12/site-packages/airflow/example_dags/example_outlet_event_extra.py for tasks to queue
[2026-07-17T20:10:26.934+0530] {logging_mixin.py:190} INFO - [2026-07-17T20:10:26.934+0530] {dagbag.py:588} INFO - Filling up the DagBag from /Users/bhavishyachallagolla/Desktop/RetailSense/.venv/lib/python3.12/site-packages/airflow/example_dags/example_outlet_event_extra.py
[2026-07-17T20:10:26.963+0530] {processor.py:925} INFO - DAG(s) 'dataset_with_extra_by_yield', 'dataset_with_extra_by_context', 'dataset_with_extra_from_classic_operator' retrieved from /Users/bhavishyachallagolla/Desktop/RetailSense/.venv/lib/python3.12/site-packages/airflow/example_dags/example_outlet_event_extra.py
[2026-07-17T20:10:26.988+0530] {logging_mixin.py:190} INFO - [2026-07-17T20:10:26.988+0530] {dag.py:3239} INFO - Sync 3 DAGs
[2026-07-17T20:10:26.993+0530] {logging_mixin.py:190} INFO - [2026-07-17T20:10:26.993+0530] {dag.py:4180} INFO - Setting next_dagrun for dataset_with_extra_by_context to 2026-07-16 00:00:00+00:00, run_after=2026-07-17 00:00:00+00:00
[2026-07-17T20:10:26.994+0530] {logging_mixin.py:190} INFO - [2026-07-17T20:10:26.994+0530] {dag.py:4180} INFO - Setting next_dagrun for dataset_with_extra_by_yield to 2026-07-16 00:00:00+00:00, run_after=2026-07-17 00:00:00+00:00
[2026-07-17T20:10:26.995+0530] {logging_mixin.py:190} INFO - [2026-07-17T20:10:26.994+0530] {dag.py:4180} INFO - Setting next_dagrun for dataset_with_extra_from_classic_operator to 2026-07-16 00:00:00+00:00, run_after=2026-07-17 00:00:00+00:00
[2026-07-17T20:10:27.000+0530] {processor.py:208} INFO - Processing /Users/bhavishyachallagolla/Desktop/RetailSense/.venv/lib/python3.12/site-packages/airflow/example_dags/example_outlet_event_extra.py took 0.069 seconds
[2026-07-17T20:11:46.132+0530] {processor.py:186} INFO - Started process (PID=87433) to work on /Users/bhavishyachallagolla/Desktop/RetailSense/.venv/lib/python3.12/site-packages/airflow/example_dags/example_outlet_event_extra.py
[2026-07-17T20:11:46.133+0530] {processor.py:914} INFO - Processing file /Users/bhavishyachallagolla/Desktop/RetailSense/.venv/lib/python3.12/site-packages/airflow/example_dags/example_outlet_event_extra.py for tasks to queue
[2026-07-17T20:11:46.133+0530] {logging_mixin.py:190} INFO - [2026-07-17T20:11:46.133+0530] {dagbag.py:588} INFO - Filling up the DagBag from /Users/bhavishyachallagolla/Desktop/RetailSense/.venv/lib/python3.12/site-packages/airflow/example_dags/example_outlet_event_extra.py
[2026-07-17T20:11:46.155+0530] {processor.py:925} INFO - DAG(s) 'dataset_with_extra_by_context', 'dataset_with_extra_by_yield', 'dataset_with_extra_from_classic_operator' retrieved from /Users/bhavishyachallagolla/Desktop/RetailSense/.venv/lib/python3.12/site-packages/airflow/example_dags/example_outlet_event_extra.py
[2026-07-17T20:11:46.180+0530] {logging_mixin.py:190} INFO - [2026-07-17T20:11:46.180+0530] {dag.py:3239} INFO - Sync 3 DAGs
[2026-07-17T20:11:46.185+0530] {logging_mixin.py:190} INFO - [2026-07-17T20:11:46.185+0530] {dag.py:4180} INFO - Setting next_dagrun for dataset_with_extra_by_context to 2026-07-16 00:00:00+00:00, run_after=2026-07-17 00:00:00+00:00
[2026-07-17T20:11:46.186+0530] {logging_mixin.py:190} INFO - [2026-07-17T20:11:46.186+0530] {dag.py:4180} INFO - Setting next_dagrun for dataset_with_extra_by_yield to 2026-07-16 00:00:00+00:00, run_after=2026-07-17 00:00:00+00:00
[2026-07-17T20:11:46.187+0530] {logging_mixin.py:190} INFO - [2026-07-17T20:11:46.187+0530] {dag.py:4180} INFO - Setting next_dagrun for dataset_with_extra_from_classic_operator to 2026-07-16 00:00:00+00:00, run_after=2026-07-17 00:00:00+00:00
[2026-07-17T20:11:46.193+0530] {processor.py:208} INFO - Processing /Users/bhavishyachallagolla/Desktop/RetailSense/.venv/lib/python3.12/site-packages/airflow/example_dags/example_outlet_event_extra.py took 0.062 seconds
[2026-07-17T20:13:27.216+0530] {processor.py:186} INFO - Started process (PID=87586) to work on /Users/bhavishyachallagolla/Desktop/RetailSense/.venv/lib/python3.12/site-packages/airflow/example_dags/example_outlet_event_extra.py
[2026-07-17T20:13:27.217+0530] {processor.py:914} INFO - Processing file /Users/bhavishyachallagolla/Desktop/RetailSense/.venv/lib/python3.12/site-packages/airflow/example_dags/example_outlet_event_extra.py for tasks to queue
[2026-07-17T20:13:27.218+0530] {logging_mixin.py:190} INFO - [2026-07-17T20:13:27.218+0530] {dagbag.py:588} INFO - Filling up the DagBag from /Users/bhavishyachallagolla/Desktop/RetailSense/.venv/lib/python3.12/site-packages/airflow/example_dags/example_outlet_event_extra.py
[2026-07-17T20:13:27.247+0530] {processor.py:925} INFO - DAG(s) 'dataset_with_extra_by_context', 'dataset_with_extra_from_classic_operator', 'dataset_with_extra_by_yield' retrieved from /Users/bhavishyachallagolla/Desktop/RetailSense/.venv/lib/python3.12/site-packages/airflow/example_dags/example_outlet_event_extra.py
[2026-07-17T20:13:27.273+0530] {logging_mixin.py:190} INFO - [2026-07-17T20:13:27.272+0530] {dag.py:3239} INFO - Sync 3 DAGs
[2026-07-17T20:13:27.278+0530] {logging_mixin.py:190} INFO - [2026-07-17T20:13:27.278+0530] {dag.py:4180} INFO - Setting next_dagrun for dataset_with_extra_by_context to 2026-07-16 00:00:00+00:00, run_after=2026-07-17 00:00:00+00:00
[2026-07-17T20:13:27.279+0530] {logging_mixin.py:190} INFO - [2026-07-17T20:13:27.279+0530] {dag.py:4180} INFO - Setting next_dagrun for dataset_with_extra_by_yield to 2026-07-16 00:00:00+00:00, run_after=2026-07-17 00:00:00+00:00
[2026-07-17T20:13:27.279+0530] {logging_mixin.py:190} INFO - [2026-07-17T20:13:27.279+0530] {dag.py:4180} INFO - Setting next_dagrun for dataset_with_extra_from_classic_operator to 2026-07-16 00:00:00+00:00, run_after=2026-07-17 00:00:00+00:00
[2026-07-17T20:13:27.285+0530] {processor.py:208} INFO - Processing /Users/bhavishyachallagolla/Desktop/RetailSense/.venv/lib/python3.12/site-packages/airflow/example_dags/example_outlet_event_extra.py took 0.069 seconds
[2026-07-17T20:15:05.347+0530] {processor.py:186} INFO - Started process (PID=87749) to work on /Users/bhavishyachallagolla/Desktop/RetailSense/.venv/lib/python3.12/site-packages/airflow/example_dags/example_outlet_event_extra.py
[2026-07-17T20:15:05.348+0530] {processor.py:914} INFO - Processing file /Users/bhavishyachallagolla/Desktop/RetailSense/.venv/lib/python3.12/site-packages/airflow/example_dags/example_outlet_event_extra.py for tasks to queue
[2026-07-17T20:15:05.348+0530] {logging_mixin.py:190} INFO - [2026-07-17T20:15:05.348+0530] {dagbag.py:588} INFO - Filling up the DagBag from /Users/bhavishyachallagolla/Desktop/RetailSense/.venv/lib/python3.12/site-packages/airflow/example_dags/example_outlet_event_extra.py
[2026-07-17T20:15:05.377+0530] {processor.py:925} INFO - DAG(s) 'dataset_with_extra_from_classic_operator', 'dataset_with_extra_by_yield', 'dataset_with_extra_by_context' retrieved from /Users/bhavishyachallagolla/Desktop/RetailSense/.venv/lib/python3.12/site-packages/airflow/example_dags/example_outlet_event_extra.py
[2026-07-17T20:15:05.403+0530] {logging_mixin.py:190} INFO - [2026-07-17T20:15:05.403+0530] {dag.py:3239} INFO - Sync 3 DAGs
[2026-07-17T20:15:05.408+0530] {logging_mixin.py:190} INFO - [2026-07-17T20:15:05.408+0530] {dag.py:4180} INFO - Setting next_dagrun for dataset_with_extra_by_context to 2026-07-16 00:00:00+00:00, run_after=2026-07-17 00:00:00+00:00
[2026-07-17T20:15:05.409+0530] {logging_mixin.py:190} INFO - [2026-07-17T20:15:05.409+0530] {dag.py:4180} INFO - Setting next_dagrun for dataset_with_extra_by_yield to 2026-07-16 00:00:00+00:00, run_after=2026-07-17 00:00:00+00:00
[2026-07-17T20:15:05.410+0530] {logging_mixin.py:190} INFO - [2026-07-17T20:15:05.410+0530] {dag.py:4180} INFO - Setting next_dagrun for dataset_with_extra_from_classic_operator to 2026-07-16 00:00:00+00:00, run_after=2026-07-17 00:00:00+00:00
[2026-07-17T20:15:05.415+0530] {processor.py:208} INFO - Processing /Users/bhavishyachallagolla/Desktop/RetailSense/.venv/lib/python3.12/site-packages/airflow/example_dags/example_outlet_event_extra.py took 0.069 seconds
[2026-07-17T20:16:45.576+0530] {processor.py:186} INFO - Started process (PID=87902) to work on /Users/bhavishyachallagolla/Desktop/RetailSense/.venv/lib/python3.12/site-packages/airflow/example_dags/example_outlet_event_extra.py
[2026-07-17T20:16:45.577+0530] {processor.py:914} INFO - Processing file /Users/bhavishyachallagolla/Desktop/RetailSense/.venv/lib/python3.12/site-packages/airflow/example_dags/example_outlet_event_extra.py for tasks to queue
[2026-07-17T20:16:45.578+0530] {logging_mixin.py:190} INFO - [2026-07-17T20:16:45.578+0530] {dagbag.py:588} INFO - Filling up the DagBag from /Users/bhavishyachallagolla/Desktop/RetailSense/.venv/lib/python3.12/site-packages/airflow/example_dags/example_outlet_event_extra.py
[2026-07-17T20:16:45.600+0530] {processor.py:925} INFO - DAG(s) 'dataset_with_extra_by_yield', 'dataset_with_extra_by_context', 'dataset_with_extra_from_classic_operator' retrieved from /Users/bhavishyachallagolla/Desktop/RetailSense/.venv/lib/python3.12/site-packages/airflow/example_dags/example_outlet_event_extra.py
[2026-07-17T20:16:45.625+0530] {logging_mixin.py:190} INFO - [2026-07-17T20:16:45.625+0530] {dag.py:3239} INFO - Sync 3 DAGs
[2026-07-17T20:16:45.630+0530] {logging_mixin.py:190} INFO - [2026-07-17T20:16:45.630+0530] {dag.py:4180} INFO - Setting next_dagrun for dataset_with_extra_by_context to 2026-07-16 00:00:00+00:00, run_after=2026-07-17 00:00:00+00:00
[2026-07-17T20:16:45.631+0530] {logging_mixin.py:190} INFO - [2026-07-17T20:16:45.631+0530] {dag.py:4180} INFO - Setting next_dagrun for dataset_with_extra_by_yield to 2026-07-16 00:00:00+00:00, run_after=2026-07-17 00:00:00+00:00
[2026-07-17T20:16:45.632+0530] {logging_mixin.py:190} INFO - [2026-07-17T20:16:45.632+0530] {dag.py:4180} INFO - Setting next_dagrun for dataset_with_extra_from_classic_operator to 2026-07-16 00:00:00+00:00, run_after=2026-07-17 00:00:00+00:00
[2026-07-17T20:16:45.637+0530] {processor.py:208} INFO - Processing /Users/bhavishyachallagolla/Desktop/RetailSense/.venv/lib/python3.12/site-packages/airflow/example_dags/example_outlet_event_extra.py took 0.062 seconds
[2026-07-17T20:18:24.842+0530] {processor.py:186} INFO - Started process (PID=88055) to work on /Users/bhavishyachallagolla/Desktop/RetailSense/.venv/lib/python3.12/site-packages/airflow/example_dags/example_outlet_event_extra.py
[2026-07-17T20:18:24.842+0530] {processor.py:914} INFO - Processing file /Users/bhavishyachallagolla/Desktop/RetailSense/.venv/lib/python3.12/site-packages/airflow/example_dags/example_outlet_event_extra.py for tasks to queue
[2026-07-17T20:18:24.842+0530] {logging_mixin.py:190} INFO - [2026-07-17T20:18:24.842+0530] {dagbag.py:588} INFO - Filling up the DagBag from /Users/bhavishyachallagolla/Desktop/RetailSense/.venv/lib/python3.12/site-packages/airflow/example_dags/example_outlet_event_extra.py
[2026-07-17T20:18:24.866+0530] {processor.py:925} INFO - DAG(s) 'dataset_with_extra_from_classic_operator', 'dataset_with_extra_by_context', 'dataset_with_extra_by_yield' retrieved from /Users/bhavishyachallagolla/Desktop/RetailSense/.venv/lib/python3.12/site-packages/airflow/example_dags/example_outlet_event_extra.py
[2026-07-17T20:18:24.893+0530] {logging_mixin.py:190} INFO - [2026-07-17T20:18:24.893+0530] {dag.py:3239} INFO - Sync 3 DAGs
[2026-07-17T20:18:24.898+0530] {logging_mixin.py:190} INFO - [2026-07-17T20:18:24.898+0530] {dag.py:4180} INFO - Setting next_dagrun for dataset_with_extra_by_context to 2026-07-16 00:00:00+00:00, run_after=2026-07-17 00:00:00+00:00
[2026-07-17T20:18:24.899+0530] {logging_mixin.py:190} INFO - [2026-07-17T20:18:24.899+0530] {dag.py:4180} INFO - Setting next_dagrun for dataset_with_extra_by_yield to 2026-07-16 00:00:00+00:00, run_after=2026-07-17 00:00:00+00:00
[2026-07-17T20:18:24.900+0530] {logging_mixin.py:190} INFO - [2026-07-17T20:18:24.900+0530] {dag.py:4180} INFO - Setting next_dagrun for dataset_with_extra_from_classic_operator to 2026-07-16 00:00:00+00:00, run_after=2026-07-17 00:00:00+00:00
[2026-07-17T20:18:24.905+0530] {processor.py:208} INFO - Processing /Users/bhavishyachallagolla/Desktop/RetailSense/.venv/lib/python3.12/site-packages/airflow/example_dags/example_outlet_event_extra.py took 0.065 seconds
[2026-07-17T20:20:04.883+0530] {processor.py:186} INFO - Started process (PID=88220) to work on /Users/bhavishyachallagolla/Desktop/RetailSense/.venv/lib/python3.12/site-packages/airflow/example_dags/example_outlet_event_extra.py
[2026-07-17T20:20:04.884+0530] {processor.py:914} INFO - Processing file /Users/bhavishyachallagolla/Desktop/RetailSense/.venv/lib/python3.12/site-packages/airflow/example_dags/example_outlet_event_extra.py for tasks to queue
[2026-07-17T20:20:04.884+0530] {logging_mixin.py:190} INFO - [2026-07-17T20:20:04.884+0530] {dagbag.py:588} INFO - Filling up the DagBag from /Users/bhavishyachallagolla/Desktop/RetailSense/.venv/lib/python3.12/site-packages/airflow/example_dags/example_outlet_event_extra.py
[2026-07-17T20:20:04.914+0530] {processor.py:925} INFO - DAG(s) 'dataset_with_extra_from_classic_operator', 'dataset_with_extra_by_context', 'dataset_with_extra_by_yield' retrieved from /Users/bhavishyachallagolla/Desktop/RetailSense/.venv/lib/python3.12/site-packages/airflow/example_dags/example_outlet_event_extra.py
[2026-07-17T20:20:04.940+0530] {logging_mixin.py:190} INFO - [2026-07-17T20:20:04.940+0530] {dag.py:3239} INFO - Sync 3 DAGs
[2026-07-17T20:20:04.945+0530] {logging_mixin.py:190} INFO - [2026-07-17T20:20:04.945+0530] {dag.py:4180} INFO - Setting next_dagrun for dataset_with_extra_by_context to 2026-07-16 00:00:00+00:00, run_after=2026-07-17 00:00:00+00:00
[2026-07-17T20:20:04.946+0530] {logging_mixin.py:190} INFO - [2026-07-17T20:20:04.946+0530] {dag.py:4180} INFO - Setting next_dagrun for dataset_with_extra_by_yield to 2026-07-16 00:00:00+00:00, run_after=2026-07-17 00:00:00+00:00
[2026-07-17T20:20:04.946+0530] {logging_mixin.py:190} INFO - [2026-07-17T20:20:04.946+0530] {dag.py:4180} INFO - Setting next_dagrun for dataset_with_extra_from_classic_operator to 2026-07-16 00:00:00+00:00, run_after=2026-07-17 00:00:00+00:00
[2026-07-17T20:20:04.952+0530] {processor.py:208} INFO - Processing /Users/bhavishyachallagolla/Desktop/RetailSense/.venv/lib/python3.12/site-packages/airflow/example_dags/example_outlet_event_extra.py took 0.070 seconds
[2026-07-17T20:21:44.217+0530] {processor.py:186} INFO - Started process (PID=88373) to work on /Users/bhavishyachallagolla/Desktop/RetailSense/.venv/lib/python3.12/site-packages/airflow/example_dags/example_outlet_event_extra.py
[2026-07-17T20:21:44.218+0530] {processor.py:914} INFO - Processing file /Users/bhavishyachallagolla/Desktop/RetailSense/.venv/lib/python3.12/site-packages/airflow/example_dags/example_outlet_event_extra.py for tasks to queue
[2026-07-17T20:21:44.218+0530] {logging_mixin.py:190} INFO - [2026-07-17T20:21:44.218+0530] {dagbag.py:588} INFO - Filling up the DagBag from /Users/bhavishyachallagolla/Desktop/RetailSense/.venv/lib/python3.12/site-packages/airflow/example_dags/example_outlet_event_extra.py
[2026-07-17T20:21:44.247+0530] {processor.py:925} INFO - DAG(s) 'dataset_with_extra_from_classic_operator', 'dataset_with_extra_by_yield', 'dataset_with_extra_by_context' retrieved from /Users/bhavishyachallagolla/Desktop/RetailSense/.venv/lib/python3.12/site-packages/airflow/example_dags/example_outlet_event_extra.py
[2026-07-17T20:21:44.273+0530] {logging_mixin.py:190} INFO - [2026-07-17T20:21:44.273+0530] {dag.py:3239} INFO - Sync 3 DAGs
[2026-07-17T20:21:44.278+0530] {logging_mixin.py:190} INFO - [2026-07-17T20:21:44.278+0530] {dag.py:4180} INFO - Setting next_dagrun for dataset_with_extra_by_context to 2026-07-16 00:00:00+00:00, run_after=2026-07-17 00:00:00+00:00
[2026-07-17T20:21:44.279+0530] {logging_mixin.py:190} INFO - [2026-07-17T20:21:44.279+0530] {dag.py:4180} INFO - Setting next_dagrun for dataset_with_extra_by_yield to 2026-07-16 00:00:00+00:00, run_after=2026-07-17 00:00:00+00:00
[2026-07-17T20:21:44.280+0530] {logging_mixin.py:190} INFO - [2026-07-17T20:21:44.279+0530] {dag.py:4180} INFO - Setting next_dagrun for dataset_with_extra_from_classic_operator to 2026-07-16 00:00:00+00:00, run_after=2026-07-17 00:00:00+00:00
[2026-07-17T20:21:44.285+0530] {processor.py:208} INFO - Processing /Users/bhavishyachallagolla/Desktop/RetailSense/.venv/lib/python3.12/site-packages/airflow/example_dags/example_outlet_event_extra.py took 0.069 seconds
[2026-07-17T20:23:26.220+0530] {processor.py:186} INFO - Started process (PID=88529) to work on /Users/bhavishyachallagolla/Desktop/RetailSense/.venv/lib/python3.12/site-packages/airflow/example_dags/example_outlet_event_extra.py
[2026-07-17T20:23:26.221+0530] {processor.py:914} INFO - Processing file /Users/bhavishyachallagolla/Desktop/RetailSense/.venv/lib/python3.12/site-packages/airflow/example_dags/example_outlet_event_extra.py for tasks to queue
[2026-07-17T20:23:26.221+0530] {logging_mixin.py:190} INFO - [2026-07-17T20:23:26.221+0530] {dagbag.py:588} INFO - Filling up the DagBag from /Users/bhavishyachallagolla/Desktop/RetailSense/.venv/lib/python3.12/site-packages/airflow/example_dags/example_outlet_event_extra.py
[2026-07-17T20:23:26.246+0530] {processor.py:925} INFO - DAG(s) 'dataset_with_extra_from_classic_operator', 'dataset_with_extra_by_context', 'dataset_with_extra_by_yield' retrieved from /Users/bhavishyachallagolla/Desktop/RetailSense/.venv/lib/python3.12/site-packages/airflow/example_dags/example_outlet_event_extra.py
[2026-07-17T20:23:26.271+0530] {logging_mixin.py:190} INFO - [2026-07-17T20:23:26.271+0530] {dag.py:3239} INFO - Sync 3 DAGs
[2026-07-17T20:23:26.276+0530] {logging_mixin.py:190} INFO - [2026-07-17T20:23:26.276+0530] {dag.py:4180} INFO - Setting next_dagrun for dataset_with_extra_by_context to 2026-07-16 00:00:00+00:00, run_after=2026-07-17 00:00:00+00:00
[2026-07-17T20:23:26.277+0530] {logging_mixin.py:190} INFO - [2026-07-17T20:23:26.277+0530] {dag.py:4180} INFO - Setting next_dagrun for dataset_with_extra_by_yield to 2026-07-16 00:00:00+00:00, run_after=2026-07-17 00:00:00+00:00
[2026-07-17T20:23:26.277+0530] {logging_mixin.py:190} INFO - [2026-07-17T20:23:26.277+0530] {dag.py:4180} INFO - Setting next_dagrun for dataset_with_extra_from_classic_operator to 2026-07-16 00:00:00+00:00, run_after=2026-07-17 00:00:00+00:00
[2026-07-17T20:23:26.283+0530] {processor.py:208} INFO - Processing /Users/bhavishyachallagolla/Desktop/RetailSense/.venv/lib/python3.12/site-packages/airflow/example_dags/example_outlet_event_extra.py took 0.064 seconds
[2026-07-17T20:25:07.131+0530] {processor.py:186} INFO - Started process (PID=88682) to work on /Users/bhavishyachallagolla/Desktop/RetailSense/.venv/lib/python3.12/site-packages/airflow/example_dags/example_outlet_event_extra.py
[2026-07-17T20:25:07.132+0530] {processor.py:914} INFO - Processing file /Users/bhavishyachallagolla/Desktop/RetailSense/.venv/lib/python3.12/site-packages/airflow/example_dags/example_outlet_event_extra.py for tasks to queue
[2026-07-17T20:25:07.133+0530] {logging_mixin.py:190} INFO - [2026-07-17T20:25:07.133+0530] {dagbag.py:588} INFO - Filling up the DagBag from /Users/bhavishyachallagolla/Desktop/RetailSense/.venv/lib/python3.12/site-packages/airflow/example_dags/example_outlet_event_extra.py
[2026-07-17T20:25:07.154+0530] {processor.py:925} INFO - DAG(s) 'dataset_with_extra_by_yield', 'dataset_with_extra_by_context', 'dataset_with_extra_from_classic_operator' retrieved from /Users/bhavishyachallagolla/Desktop/RetailSense/.venv/lib/python3.12/site-packages/airflow/example_dags/example_outlet_event_extra.py
[2026-07-17T20:25:07.180+0530] {logging_mixin.py:190} INFO - [2026-07-17T20:25:07.180+0530] {dag.py:3239} INFO - Sync 3 DAGs
[2026-07-17T20:25:07.185+0530] {logging_mixin.py:190} INFO - [2026-07-17T20:25:07.185+0530] {dag.py:4180} INFO - Setting next_dagrun for dataset_with_extra_by_context to 2026-07-16 00:00:00+00:00, run_after=2026-07-17 00:00:00+00:00
[2026-07-17T20:25:07.186+0530] {logging_mixin.py:190} INFO - [2026-07-17T20:25:07.186+0530] {dag.py:4180} INFO - Setting next_dagrun for dataset_with_extra_by_yield to 2026-07-16 00:00:00+00:00, run_after=2026-07-17 00:00:00+00:00
[2026-07-17T20:25:07.187+0530] {logging_mixin.py:190} INFO - [2026-07-17T20:25:07.187+0530] {dag.py:4180} INFO - Setting next_dagrun for dataset_with_extra_from_classic_operator to 2026-07-16 00:00:00+00:00, run_after=2026-07-17 00:00:00+00:00
[2026-07-17T20:25:07.192+0530] {processor.py:208} INFO - Processing /Users/bhavishyachallagolla/Desktop/RetailSense/.venv/lib/python3.12/site-packages/airflow/example_dags/example_outlet_event_extra.py took 0.062 seconds
[2026-07-17T20:26:48.231+0530] {processor.py:186} INFO - Started process (PID=88848) to work on /Users/bhavishyachallagolla/Desktop/RetailSense/.venv/lib/python3.12/site-packages/airflow/example_dags/example_outlet_event_extra.py
[2026-07-17T20:26:48.232+0530] {processor.py:914} INFO - Processing file /Users/bhavishyachallagolla/Desktop/RetailSense/.venv/lib/python3.12/site-packages/airflow/example_dags/example_outlet_event_extra.py for tasks to queue
[2026-07-17T20:26:48.232+0530] {logging_mixin.py:190} INFO - [2026-07-17T20:26:48.232+0530] {dagbag.py:588} INFO - Filling up the DagBag from /Users/bhavishyachallagolla/Desktop/RetailSense/.venv/lib/python3.12/site-packages/airflow/example_dags/example_outlet_event_extra.py
[2026-07-17T20:26:48.262+0530] {processor.py:925} INFO - DAG(s) 'dataset_with_extra_by_context', 'dataset_with_extra_by_yield', 'dataset_with_extra_from_classic_operator' retrieved from /Users/bhavishyachallagolla/Desktop/RetailSense/.venv/lib/python3.12/site-packages/airflow/example_dags/example_outlet_event_extra.py
[2026-07-17T20:26:48.287+0530] {logging_mixin.py:190} INFO - [2026-07-17T20:26:48.287+0530] {dag.py:3239} INFO - Sync 3 DAGs
[2026-07-17T20:26:48.292+0530] {logging_mixin.py:190} INFO - [2026-07-17T20:26:48.292+0530] {dag.py:4180} INFO - Setting next_dagrun for dataset_with_extra_by_context to 2026-07-16 00:00:00+00:00, run_after=2026-07-17 00:00:00+00:00
[2026-07-17T20:26:48.293+0530] {logging_mixin.py:190} INFO - [2026-07-17T20:26:48.293+0530] {dag.py:4180} INFO - Setting next_dagrun for dataset_with_extra_by_yield to 2026-07-16 00:00:00+00:00, run_after=2026-07-17 00:00:00+00:00
[2026-07-17T20:26:48.293+0530] {logging_mixin.py:190} INFO - [2026-07-17T20:26:48.293+0530] {dag.py:4180} INFO - Setting next_dagrun for dataset_with_extra_from_classic_operator to 2026-07-16 00:00:00+00:00, run_after=2026-07-17 00:00:00+00:00
[2026-07-17T20:26:48.299+0530] {processor.py:208} INFO - Processing /Users/bhavishyachallagolla/Desktop/RetailSense/.venv/lib/python3.12/site-packages/airflow/example_dags/example_outlet_event_extra.py took 0.069 seconds
[2026-07-17T20:28:27.318+0530] {processor.py:186} INFO - Started process (PID=89000) to work on /Users/bhavishyachallagolla/Desktop/RetailSense/.venv/lib/python3.12/site-packages/airflow/example_dags/example_outlet_event_extra.py
[2026-07-17T20:28:27.318+0530] {processor.py:914} INFO - Processing file /Users/bhavishyachallagolla/Desktop/RetailSense/.venv/lib/python3.12/site-packages/airflow/example_dags/example_outlet_event_extra.py for tasks to queue
[2026-07-17T20:28:27.318+0530] {logging_mixin.py:190} INFO - [2026-07-17T20:28:27.318+0530] {dagbag.py:588} INFO - Filling up the DagBag from /Users/bhavishyachallagolla/Desktop/RetailSense/.venv/lib/python3.12/site-packages/airflow/example_dags/example_outlet_event_extra.py
[2026-07-17T20:28:27.341+0530] {processor.py:925} INFO - DAG(s) 'dataset_with_extra_by_context', 'dataset_with_extra_by_yield', 'dataset_with_extra_from_classic_operator' retrieved from /Users/bhavishyachallagolla/Desktop/RetailSense/.venv/lib/python3.12/site-packages/airflow/example_dags/example_outlet_event_extra.py
[2026-07-17T20:28:27.368+0530] {logging_mixin.py:190} INFO - [2026-07-17T20:28:27.367+0530] {dag.py:3239} INFO - Sync 3 DAGs
[2026-07-17T20:28:27.373+0530] {logging_mixin.py:190} INFO - [2026-07-17T20:28:27.373+0530] {dag.py:4180} INFO - Setting next_dagrun for dataset_with_extra_by_context to 2026-07-16 00:00:00+00:00, run_after=2026-07-17 00:00:00+00:00
[2026-07-17T20:28:27.374+0530] {logging_mixin.py:190} INFO - [2026-07-17T20:28:27.374+0530] {dag.py:4180} INFO - Setting next_dagrun for dataset_with_extra_by_yield to 2026-07-16 00:00:00+00:00, run_after=2026-07-17 00:00:00+00:00
[2026-07-17T20:28:27.374+0530] {logging_mixin.py:190} INFO - [2026-07-17T20:28:27.374+0530] {dag.py:4180} INFO - Setting next_dagrun for dataset_with_extra_from_classic_operator to 2026-07-16 00:00:00+00:00, run_after=2026-07-17 00:00:00+00:00
[2026-07-17T20:28:27.380+0530] {processor.py:208} INFO - Processing /Users/bhavishyachallagolla/Desktop/RetailSense/.venv/lib/python3.12/site-packages/airflow/example_dags/example_outlet_event_extra.py took 0.063 seconds
[2026-07-17T20:30:04.402+0530] {processor.py:186} INFO - Started process (PID=89155) to work on /Users/bhavishyachallagolla/Desktop/RetailSense/.venv/lib/python3.12/site-packages/airflow/example_dags/example_outlet_event_extra.py
[2026-07-17T20:30:04.403+0530] {processor.py:914} INFO - Processing file /Users/bhavishyachallagolla/Desktop/RetailSense/.venv/lib/python3.12/site-packages/airflow/example_dags/example_outlet_event_extra.py for tasks to queue
[2026-07-17T20:30:04.404+0530] {logging_mixin.py:190} INFO - [2026-07-17T20:30:04.404+0530] {dagbag.py:588} INFO - Filling up the DagBag from /Users/bhavishyachallagolla/Desktop/RetailSense/.venv/lib/python3.12/site-packages/airflow/example_dags/example_outlet_event_extra.py
[2026-07-17T20:30:04.433+0530] {processor.py:925} INFO - DAG(s) 'dataset_with_extra_from_classic_operator', 'dataset_with_extra_by_yield', 'dataset_with_extra_by_context' retrieved from /Users/bhavishyachallagolla/Desktop/RetailSense/.venv/lib/python3.12/site-packages/airflow/example_dags/example_outlet_event_extra.py
[2026-07-17T20:30:04.458+0530] {logging_mixin.py:190} INFO - [2026-07-17T20:30:04.458+0530] {dag.py:3239} INFO - Sync 3 DAGs
[2026-07-17T20:30:04.463+0530] {logging_mixin.py:190} INFO - [2026-07-17T20:30:04.463+0530] {dag.py:4180} INFO - Setting next_dagrun for dataset_with_extra_by_context to 2026-07-16 00:00:00+00:00, run_after=2026-07-17 00:00:00+00:00
[2026-07-17T20:30:04.464+0530] {logging_mixin.py:190} INFO - [2026-07-17T20:30:04.464+0530] {dag.py:4180} INFO - Setting next_dagrun for dataset_with_extra_by_yield to 2026-07-16 00:00:00+00:00, run_after=2026-07-17 00:00:00+00:00
[2026-07-17T20:30:04.465+0530] {logging_mixin.py:190} INFO - [2026-07-17T20:30:04.465+0530] {dag.py:4180} INFO - Setting next_dagrun for dataset_with_extra_from_classic_operator to 2026-07-16 00:00:00+00:00, run_after=2026-07-17 00:00:00+00:00
[2026-07-17T20:30:04.470+0530] {processor.py:208} INFO - Processing /Users/bhavishyachallagolla/Desktop/RetailSense/.venv/lib/python3.12/site-packages/airflow/example_dags/example_outlet_event_extra.py took 0.068 seconds
[2026-07-17T20:31:44.851+0530] {processor.py:186} INFO - Started process (PID=89304) to work on /Users/bhavishyachallagolla/Desktop/RetailSense/.venv/lib/python3.12/site-packages/airflow/example_dags/example_outlet_event_extra.py
[2026-07-17T20:31:44.851+0530] {processor.py:914} INFO - Processing file /Users/bhavishyachallagolla/Desktop/RetailSense/.venv/lib/python3.12/site-packages/airflow/example_dags/example_outlet_event_extra.py for tasks to queue
[2026-07-17T20:31:44.852+0530] {logging_mixin.py:190} INFO - [2026-07-17T20:31:44.852+0530] {dagbag.py:588} INFO - Filling up the DagBag from /Users/bhavishyachallagolla/Desktop/RetailSense/.venv/lib/python3.12/site-packages/airflow/example_dags/example_outlet_event_extra.py
[2026-07-17T20:31:44.873+0530] {processor.py:925} INFO - DAG(s) 'dataset_with_extra_by_context', 'dataset_with_extra_by_yield', 'dataset_with_extra_from_classic_operator' retrieved from /Users/bhavishyachallagolla/Desktop/RetailSense/.venv/lib/python3.12/site-packages/airflow/example_dags/example_outlet_event_extra.py
[2026-07-17T20:31:44.899+0530] {logging_mixin.py:190} INFO - [2026-07-17T20:31:44.899+0530] {dag.py:3239} INFO - Sync 3 DAGs
[2026-07-17T20:31:44.904+0530] {logging_mixin.py:190} INFO - [2026-07-17T20:31:44.904+0530] {dag.py:4180} INFO - Setting next_dagrun for dataset_with_extra_by_context to 2026-07-16 00:00:00+00:00, run_after=2026-07-17 00:00:00+00:00
[2026-07-17T20:31:44.905+0530] {logging_mixin.py:190} INFO - [2026-07-17T20:31:44.905+0530] {dag.py:4180} INFO - Setting next_dagrun for dataset_with_extra_by_yield to 2026-07-16 00:00:00+00:00, run_after=2026-07-17 00:00:00+00:00
[2026-07-17T20:31:44.906+0530] {logging_mixin.py:190} INFO - [2026-07-17T20:31:44.906+0530] {dag.py:4180} INFO - Setting next_dagrun for dataset_with_extra_from_classic_operator to 2026-07-16 00:00:00+00:00, run_after=2026-07-17 00:00:00+00:00
[2026-07-17T20:31:44.911+0530] {processor.py:208} INFO - Processing /Users/bhavishyachallagolla/Desktop/RetailSense/.venv/lib/python3.12/site-packages/airflow/example_dags/example_outlet_event_extra.py took 0.061 seconds
[2026-07-17T20:33:26.424+0530] {processor.py:186} INFO - Started process (PID=89454) to work on /Users/bhavishyachallagolla/Desktop/RetailSense/.venv/lib/python3.12/site-packages/airflow/example_dags/example_outlet_event_extra.py
[2026-07-17T20:33:26.425+0530] {processor.py:914} INFO - Processing file /Users/bhavishyachallagolla/Desktop/RetailSense/.venv/lib/python3.12/site-packages/airflow/example_dags/example_outlet_event_extra.py for tasks to queue
[2026-07-17T20:33:26.425+0530] {logging_mixin.py:190} INFO - [2026-07-17T20:33:26.425+0530] {dagbag.py:588} INFO - Filling up the DagBag from /Users/bhavishyachallagolla/Desktop/RetailSense/.venv/lib/python3.12/site-packages/airflow/example_dags/example_outlet_event_extra.py
[2026-07-17T20:33:26.448+0530] {processor.py:925} INFO - DAG(s) 'dataset_with_extra_from_classic_operator', 'dataset_with_extra_by_context', 'dataset_with_extra_by_yield' retrieved from /Users/bhavishyachallagolla/Desktop/RetailSense/.venv/lib/python3.12/site-packages/airflow/example_dags/example_outlet_event_extra.py
[2026-07-17T20:33:26.473+0530] {logging_mixin.py:190} INFO - [2026-07-17T20:33:26.473+0530] {dag.py:3239} INFO - Sync 3 DAGs
[2026-07-17T20:33:26.478+0530] {logging_mixin.py:190} INFO - [2026-07-17T20:33:26.477+0530] {dag.py:4180} INFO - Setting next_dagrun for dataset_with_extra_by_context to 2026-07-16 00:00:00+00:00, run_after=2026-07-17 00:00:00+00:00
[2026-07-17T20:33:26.479+0530] {logging_mixin.py:190} INFO - [2026-07-17T20:33:26.479+0530] {dag.py:4180} INFO - Setting next_dagrun for dataset_with_extra_by_yield to 2026-07-16 00:00:00+00:00, run_after=2026-07-17 00:00:00+00:00
[2026-07-17T20:33:26.479+0530] {logging_mixin.py:190} INFO - [2026-07-17T20:33:26.479+0530] {dag.py:4180} INFO - Setting next_dagrun for dataset_with_extra_from_classic_operator to 2026-07-16 00:00:00+00:00, run_after=2026-07-17 00:00:00+00:00
[2026-07-17T20:33:26.484+0530] {processor.py:208} INFO - Processing /Users/bhavishyachallagolla/Desktop/RetailSense/.venv/lib/python3.12/site-packages/airflow/example_dags/example_outlet_event_extra.py took 0.061 seconds
[2026-07-17T20:35:06.919+0530] {processor.py:186} INFO - Started process (PID=89604) to work on /Users/bhavishyachallagolla/Desktop/RetailSense/.venv/lib/python3.12/site-packages/airflow/example_dags/example_outlet_event_extra.py
[2026-07-17T20:35:06.919+0530] {processor.py:914} INFO - Processing file /Users/bhavishyachallagolla/Desktop/RetailSense/.venv/lib/python3.12/site-packages/airflow/example_dags/example_outlet_event_extra.py for tasks to queue
[2026-07-17T20:35:06.920+0530] {logging_mixin.py:190} INFO - [2026-07-17T20:35:06.919+0530] {dagbag.py:588} INFO - Filling up the DagBag from /Users/bhavishyachallagolla/Desktop/RetailSense/.venv/lib/python3.12/site-packages/airflow/example_dags/example_outlet_event_extra.py
[2026-07-17T20:35:06.950+0530] {processor.py:925} INFO - DAG(s) 'dataset_with_extra_from_classic_operator', 'dataset_with_extra_by_yield', 'dataset_with_extra_by_context' retrieved from /Users/bhavishyachallagolla/Desktop/RetailSense/.venv/lib/python3.12/site-packages/airflow/example_dags/example_outlet_event_extra.py
[2026-07-17T20:35:06.977+0530] {logging_mixin.py:190} INFO - [2026-07-17T20:35:06.977+0530] {dag.py:3239} INFO - Sync 3 DAGs
[2026-07-17T20:35:06.982+0530] {logging_mixin.py:190} INFO - [2026-07-17T20:35:06.982+0530] {dag.py:4180} INFO - Setting next_dagrun for dataset_with_extra_by_context to 2026-07-16 00:00:00+00:00, run_after=2026-07-17 00:00:00+00:00
[2026-07-17T20:35:06.983+0530] {logging_mixin.py:190} INFO - [2026-07-17T20:35:06.983+0530] {dag.py:4180} INFO - Setting next_dagrun for dataset_with_extra_by_yield to 2026-07-16 00:00:00+00:00, run_after=2026-07-17 00:00:00+00:00
[2026-07-17T20:35:06.984+0530] {logging_mixin.py:190} INFO - [2026-07-17T20:35:06.984+0530] {dag.py:4180} INFO - Setting next_dagrun for dataset_with_extra_from_classic_operator to 2026-07-16 00:00:00+00:00, run_after=2026-07-17 00:00:00+00:00
[2026-07-17T20:35:06.989+0530] {processor.py:208} INFO - Processing /Users/bhavishyachallagolla/Desktop/RetailSense/.venv/lib/python3.12/site-packages/airflow/example_dags/example_outlet_event_extra.py took 0.072 seconds
[2026-07-17T20:36:47.892+0530] {processor.py:186} INFO - Started process (PID=89756) to work on /Users/bhavishyachallagolla/Desktop/RetailSense/.venv/lib/python3.12/site-packages/airflow/example_dags/example_outlet_event_extra.py
[2026-07-17T20:36:47.893+0530] {processor.py:914} INFO - Processing file /Users/bhavishyachallagolla/Desktop/RetailSense/.venv/lib/python3.12/site-packages/airflow/example_dags/example_outlet_event_extra.py for tasks to queue
[2026-07-17T20:36:47.893+0530] {logging_mixin.py:190} INFO - [2026-07-17T20:36:47.893+0530] {dagbag.py:588} INFO - Filling up the DagBag from /Users/bhavishyachallagolla/Desktop/RetailSense/.venv/lib/python3.12/site-packages/airflow/example_dags/example_outlet_event_extra.py
[2026-07-17T20:36:47.915+0530] {processor.py:925} INFO - DAG(s) 'dataset_with_extra_from_classic_operator', 'dataset_with_extra_by_yield', 'dataset_with_extra_by_context' retrieved from /Users/bhavishyachallagolla/Desktop/RetailSense/.venv/lib/python3.12/site-packages/airflow/example_dags/example_outlet_event_extra.py
[2026-07-17T20:36:47.941+0530] {logging_mixin.py:190} INFO - [2026-07-17T20:36:47.941+0530] {dag.py:3239} INFO - Sync 3 DAGs
[2026-07-17T20:36:47.946+0530] {logging_mixin.py:190} INFO - [2026-07-17T20:36:47.946+0530] {dag.py:4180} INFO - Setting next_dagrun for dataset_with_extra_by_context to 2026-07-16 00:00:00+00:00, run_after=2026-07-17 00:00:00+00:00
[2026-07-17T20:36:47.947+0530] {logging_mixin.py:190} INFO - [2026-07-17T20:36:47.947+0530] {dag.py:4180} INFO - Setting next_dagrun for dataset_with_extra_by_yield to 2026-07-16 00:00:00+00:00, run_after=2026-07-17 00:00:00+00:00
[2026-07-17T20:36:47.948+0530] {logging_mixin.py:190} INFO - [2026-07-17T20:36:47.948+0530] {dag.py:4180} INFO - Setting next_dagrun for dataset_with_extra_from_classic_operator to 2026-07-16 00:00:00+00:00, run_after=2026-07-17 00:00:00+00:00
[2026-07-17T20:36:47.953+0530] {processor.py:208} INFO - Processing /Users/bhavishyachallagolla/Desktop/RetailSense/.venv/lib/python3.12/site-packages/airflow/example_dags/example_outlet_event_extra.py took 0.062 seconds
[2026-07-17T20:38:28.749+0530] {processor.py:186} INFO - Started process (PID=89915) to work on /Users/bhavishyachallagolla/Desktop/RetailSense/.venv/lib/python3.12/site-packages/airflow/example_dags/example_outlet_event_extra.py
[2026-07-17T20:38:28.749+0530] {processor.py:914} INFO - Processing file /Users/bhavishyachallagolla/Desktop/RetailSense/.venv/lib/python3.12/site-packages/airflow/example_dags/example_outlet_event_extra.py for tasks to queue
[2026-07-17T20:38:28.750+0530] {logging_mixin.py:190} INFO - [2026-07-17T20:38:28.750+0530] {dagbag.py:588} INFO - Filling up the DagBag from /Users/bhavishyachallagolla/Desktop/RetailSense/.venv/lib/python3.12/site-packages/airflow/example_dags/example_outlet_event_extra.py
[2026-07-17T20:38:28.778+0530] {processor.py:925} INFO - DAG(s) 'dataset_with_extra_by_context', 'dataset_with_extra_from_classic_operator', 'dataset_with_extra_by_yield' retrieved from /Users/bhavishyachallagolla/Desktop/RetailSense/.venv/lib/python3.12/site-packages/airflow/example_dags/example_outlet_event_extra.py
[2026-07-17T20:38:28.804+0530] {logging_mixin.py:190} INFO - [2026-07-17T20:38:28.804+0530] {dag.py:3239} INFO - Sync 3 DAGs
[2026-07-17T20:38:28.809+0530] {logging_mixin.py:190} INFO - [2026-07-17T20:38:28.809+0530] {dag.py:4180} INFO - Setting next_dagrun for dataset_with_extra_by_context to 2026-07-16 00:00:00+00:00, run_after=2026-07-17 00:00:00+00:00
[2026-07-17T20:38:28.810+0530] {logging_mixin.py:190} INFO - [2026-07-17T20:38:28.810+0530] {dag.py:4180} INFO - Setting next_dagrun for dataset_with_extra_by_yield to 2026-07-16 00:00:00+00:00, run_after=2026-07-17 00:00:00+00:00
[2026-07-17T20:38:28.811+0530] {logging_mixin.py:190} INFO - [2026-07-17T20:38:28.811+0530] {dag.py:4180} INFO - Setting next_dagrun for dataset_with_extra_from_classic_operator to 2026-07-16 00:00:00+00:00, run_after=2026-07-17 00:00:00+00:00
[2026-07-17T20:38:28.816+0530] {processor.py:208} INFO - Processing /Users/bhavishyachallagolla/Desktop/RetailSense/.venv/lib/python3.12/site-packages/airflow/example_dags/example_outlet_event_extra.py took 0.068 seconds
[2026-07-17T20:40:11.895+0530] {processor.py:186} INFO - Started process (PID=90141) to work on /Users/bhavishyachallagolla/Desktop/RetailSense/.venv/lib/python3.12/site-packages/airflow/example_dags/example_outlet_event_extra.py
[2026-07-17T20:40:11.895+0530] {processor.py:914} INFO - Processing file /Users/bhavishyachallagolla/Desktop/RetailSense/.venv/lib/python3.12/site-packages/airflow/example_dags/example_outlet_event_extra.py for tasks to queue
[2026-07-17T20:40:11.896+0530] {logging_mixin.py:190} INFO - [2026-07-17T20:40:11.896+0530] {dagbag.py:588} INFO - Filling up the DagBag from /Users/bhavishyachallagolla/Desktop/RetailSense/.venv/lib/python3.12/site-packages/airflow/example_dags/example_outlet_event_extra.py
[2026-07-17T20:40:11.924+0530] {processor.py:925} INFO - DAG(s) 'dataset_with_extra_from_classic_operator', 'dataset_with_extra_by_yield', 'dataset_with_extra_by_context' retrieved from /Users/bhavishyachallagolla/Desktop/RetailSense/.venv/lib/python3.12/site-packages/airflow/example_dags/example_outlet_event_extra.py
[2026-07-17T20:40:11.950+0530] {logging_mixin.py:190} INFO - [2026-07-17T20:40:11.950+0530] {dag.py:3239} INFO - Sync 3 DAGs
[2026-07-17T20:40:11.956+0530] {logging_mixin.py:190} INFO - [2026-07-17T20:40:11.956+0530] {dag.py:4180} INFO - Setting next_dagrun for dataset_with_extra_by_context to 2026-07-16 00:00:00+00:00, run_after=2026-07-17 00:00:00+00:00
[2026-07-17T20:40:11.957+0530] {logging_mixin.py:190} INFO - [2026-07-17T20:40:11.957+0530] {dag.py:4180} INFO - Setting next_dagrun for dataset_with_extra_by_yield to 2026-07-16 00:00:00+00:00, run_after=2026-07-17 00:00:00+00:00
[2026-07-17T20:40:11.957+0530] {logging_mixin.py:190} INFO - [2026-07-17T20:40:11.957+0530] {dag.py:4180} INFO - Setting next_dagrun for dataset_with_extra_from_classic_operator to 2026-07-16 00:00:00+00:00, run_after=2026-07-17 00:00:00+00:00
[2026-07-17T20:40:11.963+0530] {processor.py:208} INFO - Processing /Users/bhavishyachallagolla/Desktop/RetailSense/.venv/lib/python3.12/site-packages/airflow/example_dags/example_outlet_event_extra.py took 0.069 seconds
[2026-07-17T20:41:49.314+0530] {processor.py:186} INFO - Started process (PID=90340) to work on /Users/bhavishyachallagolla/Desktop/RetailSense/.venv/lib/python3.12/site-packages/airflow/example_dags/example_outlet_event_extra.py
[2026-07-17T20:41:49.315+0530] {processor.py:914} INFO - Processing file /Users/bhavishyachallagolla/Desktop/RetailSense/.venv/lib/python3.12/site-packages/airflow/example_dags/example_outlet_event_extra.py for tasks to queue
[2026-07-17T20:41:49.316+0530] {logging_mixin.py:190} INFO - [2026-07-17T20:41:49.316+0530] {dagbag.py:588} INFO - Filling up the DagBag from /Users/bhavishyachallagolla/Desktop/RetailSense/.venv/lib/python3.12/site-packages/airflow/example_dags/example_outlet_event_extra.py
[2026-07-17T20:41:49.344+0530] {processor.py:925} INFO - DAG(s) 'dataset_with_extra_by_yield', 'dataset_with_extra_by_context', 'dataset_with_extra_from_classic_operator' retrieved from /Users/bhavishyachallagolla/Desktop/RetailSense/.venv/lib/python3.12/site-packages/airflow/example_dags/example_outlet_event_extra.py
[2026-07-17T20:41:49.370+0530] {logging_mixin.py:190} INFO - [2026-07-17T20:41:49.370+0530] {dag.py:3239} INFO - Sync 3 DAGs
[2026-07-17T20:41:49.375+0530] {logging_mixin.py:190} INFO - [2026-07-17T20:41:49.375+0530] {dag.py:4180} INFO - Setting next_dagrun for dataset_with_extra_by_context to 2026-07-16 00:00:00+00:00, run_after=2026-07-17 00:00:00+00:00
[2026-07-17T20:41:49.376+0530] {logging_mixin.py:190} INFO - [2026-07-17T20:41:49.376+0530] {dag.py:4180} INFO - Setting next_dagrun for dataset_with_extra_by_yield to 2026-07-16 00:00:00+00:00, run_after=2026-07-17 00:00:00+00:00
[2026-07-17T20:41:49.376+0530] {logging_mixin.py:190} INFO - [2026-07-17T20:41:49.376+0530] {dag.py:4180} INFO - Setting next_dagrun for dataset_with_extra_from_classic_operator to 2026-07-16 00:00:00+00:00, run_after=2026-07-17 00:00:00+00:00
[2026-07-17T20:41:49.382+0530] {processor.py:208} INFO - Processing /Users/bhavishyachallagolla/Desktop/RetailSense/.venv/lib/python3.12/site-packages/airflow/example_dags/example_outlet_event_extra.py took 0.068 seconds
[2026-07-17T20:43:28.992+0530] {processor.py:186} INFO - Started process (PID=90488) to work on /Users/bhavishyachallagolla/Desktop/RetailSense/.venv/lib/python3.12/site-packages/airflow/example_dags/example_outlet_event_extra.py
[2026-07-17T20:43:28.993+0530] {processor.py:914} INFO - Processing file /Users/bhavishyachallagolla/Desktop/RetailSense/.venv/lib/python3.12/site-packages/airflow/example_dags/example_outlet_event_extra.py for tasks to queue
[2026-07-17T20:43:28.994+0530] {logging_mixin.py:190} INFO - [2026-07-17T20:43:28.994+0530] {dagbag.py:588} INFO - Filling up the DagBag from /Users/bhavishyachallagolla/Desktop/RetailSense/.venv/lib/python3.12/site-packages/airflow/example_dags/example_outlet_event_extra.py
[2026-07-17T20:43:29.023+0530] {processor.py:925} INFO - DAG(s) 'dataset_with_extra_from_classic_operator', 'dataset_with_extra_by_context', 'dataset_with_extra_by_yield' retrieved from /Users/bhavishyachallagolla/Desktop/RetailSense/.venv/lib/python3.12/site-packages/airflow/example_dags/example_outlet_event_extra.py
[2026-07-17T20:43:29.048+0530] {logging_mixin.py:190} INFO - [2026-07-17T20:43:29.048+0530] {dag.py:3239} INFO - Sync 3 DAGs
[2026-07-17T20:43:29.053+0530] {logging_mixin.py:190} INFO - [2026-07-17T20:43:29.053+0530] {dag.py:4180} INFO - Setting next_dagrun for dataset_with_extra_by_context to 2026-07-16 00:00:00+00:00, run_after=2026-07-17 00:00:00+00:00
[2026-07-17T20:43:29.054+0530] {logging_mixin.py:190} INFO - [2026-07-17T20:43:29.054+0530] {dag.py:4180} INFO - Setting next_dagrun for dataset_with_extra_by_yield to 2026-07-16 00:00:00+00:00, run_after=2026-07-17 00:00:00+00:00
[2026-07-17T20:43:29.055+0530] {logging_mixin.py:190} INFO - [2026-07-17T20:43:29.055+0530] {dag.py:4180} INFO - Setting next_dagrun for dataset_with_extra_from_classic_operator to 2026-07-16 00:00:00+00:00, run_after=2026-07-17 00:00:00+00:00
[2026-07-17T20:43:29.060+0530] {processor.py:208} INFO - Processing /Users/bhavishyachallagolla/Desktop/RetailSense/.venv/lib/python3.12/site-packages/airflow/example_dags/example_outlet_event_extra.py took 0.069 seconds
[2026-07-17T20:45:09.293+0530] {processor.py:186} INFO - Started process (PID=90647) to work on /Users/bhavishyachallagolla/Desktop/RetailSense/.venv/lib/python3.12/site-packages/airflow/example_dags/example_outlet_event_extra.py
[2026-07-17T20:45:09.293+0530] {processor.py:914} INFO - Processing file /Users/bhavishyachallagolla/Desktop/RetailSense/.venv/lib/python3.12/site-packages/airflow/example_dags/example_outlet_event_extra.py for tasks to queue
[2026-07-17T20:45:09.294+0530] {logging_mixin.py:190} INFO - [2026-07-17T20:45:09.294+0530] {dagbag.py:588} INFO - Filling up the DagBag from /Users/bhavishyachallagolla/Desktop/RetailSense/.venv/lib/python3.12/site-packages/airflow/example_dags/example_outlet_event_extra.py
[2026-07-17T20:45:09.315+0530] {processor.py:925} INFO - DAG(s) 'dataset_with_extra_by_yield', 'dataset_with_extra_by_context', 'dataset_with_extra_from_classic_operator' retrieved from /Users/bhavishyachallagolla/Desktop/RetailSense/.venv/lib/python3.12/site-packages/airflow/example_dags/example_outlet_event_extra.py
[2026-07-17T20:45:09.341+0530] {logging_mixin.py:190} INFO - [2026-07-17T20:45:09.341+0530] {dag.py:3239} INFO - Sync 3 DAGs
[2026-07-17T20:45:09.346+0530] {logging_mixin.py:190} INFO - [2026-07-17T20:45:09.346+0530] {dag.py:4180} INFO - Setting next_dagrun for dataset_with_extra_by_context to 2026-07-16 00:00:00+00:00, run_after=2026-07-17 00:00:00+00:00
[2026-07-17T20:45:09.347+0530] {logging_mixin.py:190} INFO - [2026-07-17T20:45:09.347+0530] {dag.py:4180} INFO - Setting next_dagrun for dataset_with_extra_by_yield to 2026-07-16 00:00:00+00:00, run_after=2026-07-17 00:00:00+00:00
[2026-07-17T20:45:09.348+0530] {logging_mixin.py:190} INFO - [2026-07-17T20:45:09.348+0530] {dag.py:4180} INFO - Setting next_dagrun for dataset_with_extra_from_classic_operator to 2026-07-16 00:00:00+00:00, run_after=2026-07-17 00:00:00+00:00
[2026-07-17T20:45:09.353+0530] {processor.py:208} INFO - Processing /Users/bhavishyachallagolla/Desktop/RetailSense/.venv/lib/python3.12/site-packages/airflow/example_dags/example_outlet_event_extra.py took 0.061 seconds
[2026-07-17T20:46:50.112+0530] {processor.py:186} INFO - Started process (PID=90798) to work on /Users/bhavishyachallagolla/Desktop/RetailSense/.venv/lib/python3.12/site-packages/airflow/example_dags/example_outlet_event_extra.py
[2026-07-17T20:46:50.112+0530] {processor.py:914} INFO - Processing file /Users/bhavishyachallagolla/Desktop/RetailSense/.venv/lib/python3.12/site-packages/airflow/example_dags/example_outlet_event_extra.py for tasks to queue
[2026-07-17T20:46:50.112+0530] {logging_mixin.py:190} INFO - [2026-07-17T20:46:50.112+0530] {dagbag.py:588} INFO - Filling up the DagBag from /Users/bhavishyachallagolla/Desktop/RetailSense/.venv/lib/python3.12/site-packages/airflow/example_dags/example_outlet_event_extra.py
[2026-07-17T20:46:50.133+0530] {processor.py:925} INFO - DAG(s) 'dataset_with_extra_by_yield', 'dataset_with_extra_by_context', 'dataset_with_extra_from_classic_operator' retrieved from /Users/bhavishyachallagolla/Desktop/RetailSense/.venv/lib/python3.12/site-packages/airflow/example_dags/example_outlet_event_extra.py
[2026-07-17T20:46:50.158+0530] {logging_mixin.py:190} INFO - [2026-07-17T20:46:50.158+0530] {dag.py:3239} INFO - Sync 3 DAGs
[2026-07-17T20:46:50.163+0530] {logging_mixin.py:190} INFO - [2026-07-17T20:46:50.163+0530] {dag.py:4180} INFO - Setting next_dagrun for dataset_with_extra_by_context to 2026-07-16 00:00:00+00:00, run_after=2026-07-17 00:00:00+00:00
[2026-07-17T20:46:50.164+0530] {logging_mixin.py:190} INFO - [2026-07-17T20:46:50.164+0530] {dag.py:4180} INFO - Setting next_dagrun for dataset_with_extra_by_yield to 2026-07-16 00:00:00+00:00, run_after=2026-07-17 00:00:00+00:00
[2026-07-17T20:46:50.165+0530] {logging_mixin.py:190} INFO - [2026-07-17T20:46:50.165+0530] {dag.py:4180} INFO - Setting next_dagrun for dataset_with_extra_from_classic_operator to 2026-07-16 00:00:00+00:00, run_after=2026-07-17 00:00:00+00:00
[2026-07-17T20:46:50.170+0530] {processor.py:208} INFO - Processing /Users/bhavishyachallagolla/Desktop/RetailSense/.venv/lib/python3.12/site-packages/airflow/example_dags/example_outlet_event_extra.py took 0.060 seconds
[2026-07-17T20:48:30.639+0530] {processor.py:186} INFO - Started process (PID=90952) to work on /Users/bhavishyachallagolla/Desktop/RetailSense/.venv/lib/python3.12/site-packages/airflow/example_dags/example_outlet_event_extra.py
[2026-07-17T20:48:30.640+0530] {processor.py:914} INFO - Processing file /Users/bhavishyachallagolla/Desktop/RetailSense/.venv/lib/python3.12/site-packages/airflow/example_dags/example_outlet_event_extra.py for tasks to queue
[2026-07-17T20:48:30.640+0530] {logging_mixin.py:190} INFO - [2026-07-17T20:48:30.640+0530] {dagbag.py:588} INFO - Filling up the DagBag from /Users/bhavishyachallagolla/Desktop/RetailSense/.venv/lib/python3.12/site-packages/airflow/example_dags/example_outlet_event_extra.py
[2026-07-17T20:48:30.669+0530] {processor.py:925} INFO - DAG(s) 'dataset_with_extra_by_context', 'dataset_with_extra_from_classic_operator', 'dataset_with_extra_by_yield' retrieved from /Users/bhavishyachallagolla/Desktop/RetailSense/.venv/lib/python3.12/site-packages/airflow/example_dags/example_outlet_event_extra.py
[2026-07-17T20:48:30.695+0530] {logging_mixin.py:190} INFO - [2026-07-17T20:48:30.695+0530] {dag.py:3239} INFO - Sync 3 DAGs
[2026-07-17T20:48:30.700+0530] {logging_mixin.py:190} INFO - [2026-07-17T20:48:30.700+0530] {dag.py:4180} INFO - Setting next_dagrun for dataset_with_extra_by_context to 2026-07-16 00:00:00+00:00, run_after=2026-07-17 00:00:00+00:00
[2026-07-17T20:48:30.702+0530] {logging_mixin.py:190} INFO - [2026-07-17T20:48:30.702+0530] {dag.py:4180} INFO - Setting next_dagrun for dataset_with_extra_by_yield to 2026-07-16 00:00:00+00:00, run_after=2026-07-17 00:00:00+00:00
[2026-07-17T20:48:30.702+0530] {logging_mixin.py:190} INFO - [2026-07-17T20:48:30.702+0530] {dag.py:4180} INFO - Setting next_dagrun for dataset_with_extra_from_classic_operator to 2026-07-16 00:00:00+00:00, run_after=2026-07-17 00:00:00+00:00
[2026-07-17T20:48:30.708+0530] {processor.py:208} INFO - Processing /Users/bhavishyachallagolla/Desktop/RetailSense/.venv/lib/python3.12/site-packages/airflow/example_dags/example_outlet_event_extra.py took 0.070 seconds
[2026-07-17T20:50:09.784+0530] {processor.py:186} INFO - Started process (PID=91119) to work on /Users/bhavishyachallagolla/Desktop/RetailSense/.venv/lib/python3.12/site-packages/airflow/example_dags/example_outlet_event_extra.py
[2026-07-17T20:50:09.785+0530] {processor.py:914} INFO - Processing file /Users/bhavishyachallagolla/Desktop/RetailSense/.venv/lib/python3.12/site-packages/airflow/example_dags/example_outlet_event_extra.py for tasks to queue
[2026-07-17T20:50:09.785+0530] {logging_mixin.py:190} INFO - [2026-07-17T20:50:09.785+0530] {dagbag.py:588} INFO - Filling up the DagBag from /Users/bhavishyachallagolla/Desktop/RetailSense/.venv/lib/python3.12/site-packages/airflow/example_dags/example_outlet_event_extra.py
[2026-07-17T20:50:09.816+0530] {processor.py:925} INFO - DAG(s) 'dataset_with_extra_from_classic_operator', 'dataset_with_extra_by_context', 'dataset_with_extra_by_yield' retrieved from /Users/bhavishyachallagolla/Desktop/RetailSense/.venv/lib/python3.12/site-packages/airflow/example_dags/example_outlet_event_extra.py
[2026-07-17T20:50:09.842+0530] {logging_mixin.py:190} INFO - [2026-07-17T20:50:09.842+0530] {dag.py:3239} INFO - Sync 3 DAGs
[2026-07-17T20:50:09.848+0530] {logging_mixin.py:190} INFO - [2026-07-17T20:50:09.847+0530] {dag.py:4180} INFO - Setting next_dagrun for dataset_with_extra_by_context to 2026-07-16 00:00:00+00:00, run_after=2026-07-17 00:00:00+00:00
[2026-07-17T20:50:09.849+0530] {logging_mixin.py:190} INFO - [2026-07-17T20:50:09.849+0530] {dag.py:4180} INFO - Setting next_dagrun for dataset_with_extra_by_yield to 2026-07-16 00:00:00+00:00, run_after=2026-07-17 00:00:00+00:00
[2026-07-17T20:50:09.849+0530] {logging_mixin.py:190} INFO - [2026-07-17T20:50:09.849+0530] {dag.py:4180} INFO - Setting next_dagrun for dataset_with_extra_from_classic_operator to 2026-07-16 00:00:00+00:00, run_after=2026-07-17 00:00:00+00:00
[2026-07-17T20:50:09.855+0530] {processor.py:208} INFO - Processing /Users/bhavishyachallagolla/Desktop/RetailSense/.venv/lib/python3.12/site-packages/airflow/example_dags/example_outlet_event_extra.py took 0.072 seconds
[2026-07-17T20:51:49.989+0530] {processor.py:186} INFO - Started process (PID=91269) to work on /Users/bhavishyachallagolla/Desktop/RetailSense/.venv/lib/python3.12/site-packages/airflow/example_dags/example_outlet_event_extra.py
[2026-07-17T20:51:49.990+0530] {processor.py:914} INFO - Processing file /Users/bhavishyachallagolla/Desktop/RetailSense/.venv/lib/python3.12/site-packages/airflow/example_dags/example_outlet_event_extra.py for tasks to queue
[2026-07-17T20:51:49.990+0530] {logging_mixin.py:190} INFO - [2026-07-17T20:51:49.990+0530] {dagbag.py:588} INFO - Filling up the DagBag from /Users/bhavishyachallagolla/Desktop/RetailSense/.venv/lib/python3.12/site-packages/airflow/example_dags/example_outlet_event_extra.py
[2026-07-17T20:51:50.019+0530] {processor.py:925} INFO - DAG(s) 'dataset_with_extra_by_context', 'dataset_with_extra_by_yield', 'dataset_with_extra_from_classic_operator' retrieved from /Users/bhavishyachallagolla/Desktop/RetailSense/.venv/lib/python3.12/site-packages/airflow/example_dags/example_outlet_event_extra.py
[2026-07-17T20:51:50.044+0530] {logging_mixin.py:190} INFO - [2026-07-17T20:51:50.044+0530] {dag.py:3239} INFO - Sync 3 DAGs
[2026-07-17T20:51:50.049+0530] {logging_mixin.py:190} INFO - [2026-07-17T20:51:50.049+0530] {dag.py:4180} INFO - Setting next_dagrun for dataset_with_extra_by_context to 2026-07-16 00:00:00+00:00, run_after=2026-07-17 00:00:00+00:00
[2026-07-17T20:51:50.050+0530] {logging_mixin.py:190} INFO - [2026-07-17T20:51:50.050+0530] {dag.py:4180} INFO - Setting next_dagrun for dataset_with_extra_by_yield to 2026-07-16 00:00:00+00:00, run_after=2026-07-17 00:00:00+00:00
[2026-07-17T20:51:50.051+0530] {logging_mixin.py:190} INFO - [2026-07-17T20:51:50.051+0530] {dag.py:4180} INFO - Setting next_dagrun for dataset_with_extra_from_classic_operator to 2026-07-16 00:00:00+00:00, run_after=2026-07-17 00:00:00+00:00
[2026-07-17T20:51:50.056+0530] {processor.py:208} INFO - Processing /Users/bhavishyachallagolla/Desktop/RetailSense/.venv/lib/python3.12/site-packages/airflow/example_dags/example_outlet_event_extra.py took 0.068 seconds
[2026-07-17T20:53:30.848+0530] {processor.py:186} INFO - Started process (PID=91418) to work on /Users/bhavishyachallagolla/Desktop/RetailSense/.venv/lib/python3.12/site-packages/airflow/example_dags/example_outlet_event_extra.py
[2026-07-17T20:53:30.849+0530] {processor.py:914} INFO - Processing file /Users/bhavishyachallagolla/Desktop/RetailSense/.venv/lib/python3.12/site-packages/airflow/example_dags/example_outlet_event_extra.py for tasks to queue
[2026-07-17T20:53:30.850+0530] {logging_mixin.py:190} INFO - [2026-07-17T20:53:30.850+0530] {dagbag.py:588} INFO - Filling up the DagBag from /Users/bhavishyachallagolla/Desktop/RetailSense/.venv/lib/python3.12/site-packages/airflow/example_dags/example_outlet_event_extra.py
[2026-07-17T20:53:30.880+0530] {processor.py:925} INFO - DAG(s) 'dataset_with_extra_by_context', 'dataset_with_extra_from_classic_operator', 'dataset_with_extra_by_yield' retrieved from /Users/bhavishyachallagolla/Desktop/RetailSense/.venv/lib/python3.12/site-packages/airflow/example_dags/example_outlet_event_extra.py
[2026-07-17T20:53:30.905+0530] {logging_mixin.py:190} INFO - [2026-07-17T20:53:30.905+0530] {dag.py:3239} INFO - Sync 3 DAGs
[2026-07-17T20:53:30.910+0530] {logging_mixin.py:190} INFO - [2026-07-17T20:53:30.910+0530] {dag.py:4180} INFO - Setting next_dagrun for dataset_with_extra_by_context to 2026-07-16 00:00:00+00:00, run_after=2026-07-17 00:00:00+00:00
[2026-07-17T20:53:30.911+0530] {logging_mixin.py:190} INFO - [2026-07-17T20:53:30.911+0530] {dag.py:4180} INFO - Setting next_dagrun for dataset_with_extra_by_yield to 2026-07-16 00:00:00+00:00, run_after=2026-07-17 00:00:00+00:00
[2026-07-17T20:53:30.912+0530] {logging_mixin.py:190} INFO - [2026-07-17T20:53:30.912+0530] {dag.py:4180} INFO - Setting next_dagrun for dataset_with_extra_from_classic_operator to 2026-07-16 00:00:00+00:00, run_after=2026-07-17 00:00:00+00:00
[2026-07-17T20:53:30.917+0530] {processor.py:208} INFO - Processing /Users/bhavishyachallagolla/Desktop/RetailSense/.venv/lib/python3.12/site-packages/airflow/example_dags/example_outlet_event_extra.py took 0.070 seconds
[2026-07-17T20:55:11.533+0530] {processor.py:186} INFO - Started process (PID=91580) to work on /Users/bhavishyachallagolla/Desktop/RetailSense/.venv/lib/python3.12/site-packages/airflow/example_dags/example_outlet_event_extra.py
[2026-07-17T20:55:11.534+0530] {processor.py:914} INFO - Processing file /Users/bhavishyachallagolla/Desktop/RetailSense/.venv/lib/python3.12/site-packages/airflow/example_dags/example_outlet_event_extra.py for tasks to queue
[2026-07-17T20:55:11.535+0530] {logging_mixin.py:190} INFO - [2026-07-17T20:55:11.535+0530] {dagbag.py:588} INFO - Filling up the DagBag from /Users/bhavishyachallagolla/Desktop/RetailSense/.venv/lib/python3.12/site-packages/airflow/example_dags/example_outlet_event_extra.py
[2026-07-17T20:55:11.566+0530] {processor.py:925} INFO - DAG(s) 'dataset_with_extra_from_classic_operator', 'dataset_with_extra_by_yield', 'dataset_with_extra_by_context' retrieved from /Users/bhavishyachallagolla/Desktop/RetailSense/.venv/lib/python3.12/site-packages/airflow/example_dags/example_outlet_event_extra.py
[2026-07-17T20:55:11.592+0530] {logging_mixin.py:190} INFO - [2026-07-17T20:55:11.592+0530] {dag.py:3239} INFO - Sync 3 DAGs
[2026-07-17T20:55:11.597+0530] {logging_mixin.py:190} INFO - [2026-07-17T20:55:11.597+0530] {dag.py:4180} INFO - Setting next_dagrun for dataset_with_extra_by_context to 2026-07-16 00:00:00+00:00, run_after=2026-07-17 00:00:00+00:00
[2026-07-17T20:55:11.598+0530] {logging_mixin.py:190} INFO - [2026-07-17T20:55:11.598+0530] {dag.py:4180} INFO - Setting next_dagrun for dataset_with_extra_by_yield to 2026-07-16 00:00:00+00:00, run_after=2026-07-17 00:00:00+00:00
[2026-07-17T20:55:11.599+0530] {logging_mixin.py:190} INFO - [2026-07-17T20:55:11.599+0530] {dag.py:4180} INFO - Setting next_dagrun for dataset_with_extra_from_classic_operator to 2026-07-16 00:00:00+00:00, run_after=2026-07-17 00:00:00+00:00
[2026-07-17T20:55:11.604+0530] {processor.py:208} INFO - Processing /Users/bhavishyachallagolla/Desktop/RetailSense/.venv/lib/python3.12/site-packages/airflow/example_dags/example_outlet_event_extra.py took 0.071 seconds
[2026-07-17T20:56:52.261+0530] {processor.py:186} INFO - Started process (PID=91734) to work on /Users/bhavishyachallagolla/Desktop/RetailSense/.venv/lib/python3.12/site-packages/airflow/example_dags/example_outlet_event_extra.py
[2026-07-17T20:56:52.262+0530] {processor.py:914} INFO - Processing file /Users/bhavishyachallagolla/Desktop/RetailSense/.venv/lib/python3.12/site-packages/airflow/example_dags/example_outlet_event_extra.py for tasks to queue
[2026-07-17T20:56:52.262+0530] {logging_mixin.py:190} INFO - [2026-07-17T20:56:52.262+0530] {dagbag.py:588} INFO - Filling up the DagBag from /Users/bhavishyachallagolla/Desktop/RetailSense/.venv/lib/python3.12/site-packages/airflow/example_dags/example_outlet_event_extra.py
[2026-07-17T20:56:52.283+0530] {processor.py:925} INFO - DAG(s) 'dataset_with_extra_from_classic_operator', 'dataset_with_extra_by_yield', 'dataset_with_extra_by_context' retrieved from /Users/bhavishyachallagolla/Desktop/RetailSense/.venv/lib/python3.12/site-packages/airflow/example_dags/example_outlet_event_extra.py
[2026-07-17T20:56:52.308+0530] {logging_mixin.py:190} INFO - [2026-07-17T20:56:52.308+0530] {dag.py:3239} INFO - Sync 3 DAGs
[2026-07-17T20:56:52.313+0530] {logging_mixin.py:190} INFO - [2026-07-17T20:56:52.313+0530] {dag.py:4180} INFO - Setting next_dagrun for dataset_with_extra_by_context to 2026-07-16 00:00:00+00:00, run_after=2026-07-17 00:00:00+00:00
[2026-07-17T20:56:52.314+0530] {logging_mixin.py:190} INFO - [2026-07-17T20:56:52.314+0530] {dag.py:4180} INFO - Setting next_dagrun for dataset_with_extra_by_yield to 2026-07-16 00:00:00+00:00, run_after=2026-07-17 00:00:00+00:00
[2026-07-17T20:56:52.315+0530] {logging_mixin.py:190} INFO - [2026-07-17T20:56:52.315+0530] {dag.py:4180} INFO - Setting next_dagrun for dataset_with_extra_from_classic_operator to 2026-07-16 00:00:00+00:00, run_after=2026-07-17 00:00:00+00:00
[2026-07-17T20:56:52.320+0530] {processor.py:208} INFO - Processing /Users/bhavishyachallagolla/Desktop/RetailSense/.venv/lib/python3.12/site-packages/airflow/example_dags/example_outlet_event_extra.py took 0.060 seconds
[2026-07-17T20:58:30.819+0530] {processor.py:186} INFO - Started process (PID=91879) to work on /Users/bhavishyachallagolla/Desktop/RetailSense/.venv/lib/python3.12/site-packages/airflow/example_dags/example_outlet_event_extra.py
[2026-07-17T20:58:30.820+0530] {processor.py:914} INFO - Processing file /Users/bhavishyachallagolla/Desktop/RetailSense/.venv/lib/python3.12/site-packages/airflow/example_dags/example_outlet_event_extra.py for tasks to queue
[2026-07-17T20:58:30.821+0530] {logging_mixin.py:190} INFO - [2026-07-17T20:58:30.821+0530] {dagbag.py:588} INFO - Filling up the DagBag from /Users/bhavishyachallagolla/Desktop/RetailSense/.venv/lib/python3.12/site-packages/airflow/example_dags/example_outlet_event_extra.py
[2026-07-17T20:58:30.843+0530] {processor.py:925} INFO - DAG(s) 'dataset_with_extra_by_context', 'dataset_with_extra_by_yield', 'dataset_with_extra_from_classic_operator' retrieved from /Users/bhavishyachallagolla/Desktop/RetailSense/.venv/lib/python3.12/site-packages/airflow/example_dags/example_outlet_event_extra.py
[2026-07-17T20:58:30.869+0530] {logging_mixin.py:190} INFO - [2026-07-17T20:58:30.869+0530] {dag.py:3239} INFO - Sync 3 DAGs
[2026-07-17T20:58:30.874+0530] {logging_mixin.py:190} INFO - [2026-07-17T20:58:30.874+0530] {dag.py:4180} INFO - Setting next_dagrun for dataset_with_extra_by_context to 2026-07-16 00:00:00+00:00, run_after=2026-07-17 00:00:00+00:00
[2026-07-17T20:58:30.875+0530] {logging_mixin.py:190} INFO - [2026-07-17T20:58:30.875+0530] {dag.py:4180} INFO - Setting next_dagrun for dataset_with_extra_by_yield to 2026-07-16 00:00:00+00:00, run_after=2026-07-17 00:00:00+00:00
[2026-07-17T20:58:30.875+0530] {logging_mixin.py:190} INFO - [2026-07-17T20:58:30.875+0530] {dag.py:4180} INFO - Setting next_dagrun for dataset_with_extra_from_classic_operator to 2026-07-16 00:00:00+00:00, run_after=2026-07-17 00:00:00+00:00
[2026-07-17T20:58:30.881+0530] {processor.py:208} INFO - Processing /Users/bhavishyachallagolla/Desktop/RetailSense/.venv/lib/python3.12/site-packages/airflow/example_dags/example_outlet_event_extra.py took 0.062 seconds
[2026-07-17T22:05:29.652+0530] {processor.py:186} INFO - Started process (PID=92039) to work on /Users/bhavishyachallagolla/Desktop/RetailSense/.venv/lib/python3.12/site-packages/airflow/example_dags/example_outlet_event_extra.py
[2026-07-17T22:05:29.652+0530] {processor.py:914} INFO - Processing file /Users/bhavishyachallagolla/Desktop/RetailSense/.venv/lib/python3.12/site-packages/airflow/example_dags/example_outlet_event_extra.py for tasks to queue
[2026-07-17T22:05:29.653+0530] {logging_mixin.py:190} INFO - [2026-07-17T22:05:29.653+0530] {dagbag.py:588} INFO - Filling up the DagBag from /Users/bhavishyachallagolla/Desktop/RetailSense/.venv/lib/python3.12/site-packages/airflow/example_dags/example_outlet_event_extra.py
[2026-07-17T22:05:29.686+0530] {processor.py:925} INFO - DAG(s) 'dataset_with_extra_by_context', 'dataset_with_extra_from_classic_operator', 'dataset_with_extra_by_yield' retrieved from /Users/bhavishyachallagolla/Desktop/RetailSense/.venv/lib/python3.12/site-packages/airflow/example_dags/example_outlet_event_extra.py
[2026-07-17T22:05:29.709+0530] {logging_mixin.py:190} INFO - [2026-07-17T22:05:29.709+0530] {dag.py:3239} INFO - Sync 3 DAGs
[2026-07-17T22:05:29.714+0530] {logging_mixin.py:190} INFO - [2026-07-17T22:05:29.714+0530] {dag.py:4180} INFO - Setting next_dagrun for dataset_with_extra_by_context to 2026-07-16 00:00:00+00:00, run_after=2026-07-17 00:00:00+00:00
[2026-07-17T22:05:29.715+0530] {logging_mixin.py:190} INFO - [2026-07-17T22:05:29.715+0530] {dag.py:4180} INFO - Setting next_dagrun for dataset_with_extra_by_yield to 2026-07-16 00:00:00+00:00, run_after=2026-07-17 00:00:00+00:00
[2026-07-17T22:05:29.716+0530] {logging_mixin.py:190} INFO - [2026-07-17T22:05:29.716+0530] {dag.py:4180} INFO - Setting next_dagrun for dataset_with_extra_from_classic_operator to 2026-07-16 00:00:00+00:00, run_after=2026-07-17 00:00:00+00:00
[2026-07-17T22:05:29.720+0530] {processor.py:208} INFO - Processing /Users/bhavishyachallagolla/Desktop/RetailSense/.venv/lib/python3.12/site-packages/airflow/example_dags/example_outlet_event_extra.py took 0.070 seconds
[2026-07-17T22:22:50.458+0530] {processor.py:186} INFO - Started process (PID=92139) to work on /Users/bhavishyachallagolla/Desktop/RetailSense/.venv/lib/python3.12/site-packages/airflow/example_dags/example_outlet_event_extra.py
[2026-07-17T22:22:50.459+0530] {processor.py:914} INFO - Processing file /Users/bhavishyachallagolla/Desktop/RetailSense/.venv/lib/python3.12/site-packages/airflow/example_dags/example_outlet_event_extra.py for tasks to queue
[2026-07-17T22:22:50.459+0530] {logging_mixin.py:190} INFO - [2026-07-17T22:22:50.459+0530] {dagbag.py:588} INFO - Filling up the DagBag from /Users/bhavishyachallagolla/Desktop/RetailSense/.venv/lib/python3.12/site-packages/airflow/example_dags/example_outlet_event_extra.py
[2026-07-17T22:22:50.488+0530] {processor.py:925} INFO - DAG(s) 'dataset_with_extra_from_classic_operator', 'dataset_with_extra_by_yield', 'dataset_with_extra_by_context' retrieved from /Users/bhavishyachallagolla/Desktop/RetailSense/.venv/lib/python3.12/site-packages/airflow/example_dags/example_outlet_event_extra.py
[2026-07-17T22:22:50.512+0530] {logging_mixin.py:190} INFO - [2026-07-17T22:22:50.512+0530] {dag.py:3239} INFO - Sync 3 DAGs
[2026-07-17T22:22:50.517+0530] {logging_mixin.py:190} INFO - [2026-07-17T22:22:50.517+0530] {dag.py:4180} INFO - Setting next_dagrun for dataset_with_extra_by_context to 2026-07-16 00:00:00+00:00, run_after=2026-07-17 00:00:00+00:00
[2026-07-17T22:22:50.518+0530] {logging_mixin.py:190} INFO - [2026-07-17T22:22:50.518+0530] {dag.py:4180} INFO - Setting next_dagrun for dataset_with_extra_by_yield to 2026-07-16 00:00:00+00:00, run_after=2026-07-17 00:00:00+00:00
[2026-07-17T22:22:50.518+0530] {logging_mixin.py:190} INFO - [2026-07-17T22:22:50.518+0530] {dag.py:4180} INFO - Setting next_dagrun for dataset_with_extra_from_classic_operator to 2026-07-16 00:00:00+00:00, run_after=2026-07-17 00:00:00+00:00
[2026-07-17T22:22:50.524+0530] {processor.py:208} INFO - Processing /Users/bhavishyachallagolla/Desktop/RetailSense/.venv/lib/python3.12/site-packages/airflow/example_dags/example_outlet_event_extra.py took 0.067 seconds
[2026-07-17T22:24:09.289+0530] {processor.py:186} INFO - Started process (PID=92260) to work on /Users/bhavishyachallagolla/Desktop/RetailSense/.venv/lib/python3.12/site-packages/airflow/example_dags/example_outlet_event_extra.py
[2026-07-17T22:24:09.290+0530] {processor.py:914} INFO - Processing file /Users/bhavishyachallagolla/Desktop/RetailSense/.venv/lib/python3.12/site-packages/airflow/example_dags/example_outlet_event_extra.py for tasks to queue
[2026-07-17T22:24:09.290+0530] {logging_mixin.py:190} INFO - [2026-07-17T22:24:09.290+0530] {dagbag.py:588} INFO - Filling up the DagBag from /Users/bhavishyachallagolla/Desktop/RetailSense/.venv/lib/python3.12/site-packages/airflow/example_dags/example_outlet_event_extra.py
[2026-07-17T22:24:09.319+0530] {processor.py:925} INFO - DAG(s) 'dataset_with_extra_from_classic_operator', 'dataset_with_extra_by_yield', 'dataset_with_extra_by_context' retrieved from /Users/bhavishyachallagolla/Desktop/RetailSense/.venv/lib/python3.12/site-packages/airflow/example_dags/example_outlet_event_extra.py
[2026-07-17T22:24:09.344+0530] {logging_mixin.py:190} INFO - [2026-07-17T22:24:09.344+0530] {dag.py:3239} INFO - Sync 3 DAGs
[2026-07-17T22:24:09.349+0530] {logging_mixin.py:190} INFO - [2026-07-17T22:24:09.349+0530] {dag.py:4180} INFO - Setting next_dagrun for dataset_with_extra_by_context to 2026-07-16 00:00:00+00:00, run_after=2026-07-17 00:00:00+00:00
[2026-07-17T22:24:09.350+0530] {logging_mixin.py:190} INFO - [2026-07-17T22:24:09.350+0530] {dag.py:4180} INFO - Setting next_dagrun for dataset_with_extra_by_yield to 2026-07-16 00:00:00+00:00, run_after=2026-07-17 00:00:00+00:00
[2026-07-17T22:24:09.351+0530] {logging_mixin.py:190} INFO - [2026-07-17T22:24:09.351+0530] {dag.py:4180} INFO - Setting next_dagrun for dataset_with_extra_from_classic_operator to 2026-07-16 00:00:00+00:00, run_after=2026-07-17 00:00:00+00:00
[2026-07-17T22:24:09.356+0530] {processor.py:208} INFO - Processing /Users/bhavishyachallagolla/Desktop/RetailSense/.venv/lib/python3.12/site-packages/airflow/example_dags/example_outlet_event_extra.py took 0.068 seconds
[2026-07-17T22:25:49.265+0530] {processor.py:186} INFO - Started process (PID=92410) to work on /Users/bhavishyachallagolla/Desktop/RetailSense/.venv/lib/python3.12/site-packages/airflow/example_dags/example_outlet_event_extra.py
[2026-07-17T22:25:49.266+0530] {processor.py:914} INFO - Processing file /Users/bhavishyachallagolla/Desktop/RetailSense/.venv/lib/python3.12/site-packages/airflow/example_dags/example_outlet_event_extra.py for tasks to queue
[2026-07-17T22:25:49.266+0530] {logging_mixin.py:190} INFO - [2026-07-17T22:25:49.266+0530] {dagbag.py:588} INFO - Filling up the DagBag from /Users/bhavishyachallagolla/Desktop/RetailSense/.venv/lib/python3.12/site-packages/airflow/example_dags/example_outlet_event_extra.py
[2026-07-17T22:25:49.286+0530] {processor.py:925} INFO - DAG(s) 'dataset_with_extra_from_classic_operator', 'dataset_with_extra_by_yield', 'dataset_with_extra_by_context' retrieved from /Users/bhavishyachallagolla/Desktop/RetailSense/.venv/lib/python3.12/site-packages/airflow/example_dags/example_outlet_event_extra.py
[2026-07-17T22:25:49.311+0530] {logging_mixin.py:190} INFO - [2026-07-17T22:25:49.311+0530] {dag.py:3239} INFO - Sync 3 DAGs
[2026-07-17T22:25:49.316+0530] {logging_mixin.py:190} INFO - [2026-07-17T22:25:49.316+0530] {dag.py:4180} INFO - Setting next_dagrun for dataset_with_extra_by_context to 2026-07-16 00:00:00+00:00, run_after=2026-07-17 00:00:00+00:00
[2026-07-17T22:25:49.317+0530] {logging_mixin.py:190} INFO - [2026-07-17T22:25:49.317+0530] {dag.py:4180} INFO - Setting next_dagrun for dataset_with_extra_by_yield to 2026-07-16 00:00:00+00:00, run_after=2026-07-17 00:00:00+00:00
[2026-07-17T22:25:49.317+0530] {logging_mixin.py:190} INFO - [2026-07-17T22:25:49.317+0530] {dag.py:4180} INFO - Setting next_dagrun for dataset_with_extra_from_classic_operator to 2026-07-16 00:00:00+00:00, run_after=2026-07-17 00:00:00+00:00
[2026-07-17T22:25:49.322+0530] {processor.py:208} INFO - Processing /Users/bhavishyachallagolla/Desktop/RetailSense/.venv/lib/python3.12/site-packages/airflow/example_dags/example_outlet_event_extra.py took 0.058 seconds
[2026-07-17T22:27:30.247+0530] {processor.py:186} INFO - Started process (PID=92560) to work on /Users/bhavishyachallagolla/Desktop/RetailSense/.venv/lib/python3.12/site-packages/airflow/example_dags/example_outlet_event_extra.py
[2026-07-17T22:27:30.248+0530] {processor.py:914} INFO - Processing file /Users/bhavishyachallagolla/Desktop/RetailSense/.venv/lib/python3.12/site-packages/airflow/example_dags/example_outlet_event_extra.py for tasks to queue
[2026-07-17T22:27:30.248+0530] {logging_mixin.py:190} INFO - [2026-07-17T22:27:30.248+0530] {dagbag.py:588} INFO - Filling up the DagBag from /Users/bhavishyachallagolla/Desktop/RetailSense/.venv/lib/python3.12/site-packages/airflow/example_dags/example_outlet_event_extra.py
[2026-07-17T22:27:30.270+0530] {processor.py:925} INFO - DAG(s) 'dataset_with_extra_from_classic_operator', 'dataset_with_extra_by_yield', 'dataset_with_extra_by_context' retrieved from /Users/bhavishyachallagolla/Desktop/RetailSense/.venv/lib/python3.12/site-packages/airflow/example_dags/example_outlet_event_extra.py
[2026-07-17T22:27:30.295+0530] {logging_mixin.py:190} INFO - [2026-07-17T22:27:30.295+0530] {dag.py:3239} INFO - Sync 3 DAGs
[2026-07-17T22:27:30.300+0530] {logging_mixin.py:190} INFO - [2026-07-17T22:27:30.300+0530] {dag.py:4180} INFO - Setting next_dagrun for dataset_with_extra_by_context to 2026-07-16 00:00:00+00:00, run_after=2026-07-17 00:00:00+00:00
[2026-07-17T22:27:30.301+0530] {logging_mixin.py:190} INFO - [2026-07-17T22:27:30.301+0530] {dag.py:4180} INFO - Setting next_dagrun for dataset_with_extra_by_yield to 2026-07-16 00:00:00+00:00, run_after=2026-07-17 00:00:00+00:00
[2026-07-17T22:27:30.302+0530] {logging_mixin.py:190} INFO - [2026-07-17T22:27:30.302+0530] {dag.py:4180} INFO - Setting next_dagrun for dataset_with_extra_from_classic_operator to 2026-07-16 00:00:00+00:00, run_after=2026-07-17 00:00:00+00:00
[2026-07-17T22:27:30.307+0530] {processor.py:208} INFO - Processing /Users/bhavishyachallagolla/Desktop/RetailSense/.venv/lib/python3.12/site-packages/airflow/example_dags/example_outlet_event_extra.py took 0.061 seconds
[2026-07-17T22:29:09.037+0530] {processor.py:186} INFO - Started process (PID=92710) to work on /Users/bhavishyachallagolla/Desktop/RetailSense/.venv/lib/python3.12/site-packages/airflow/example_dags/example_outlet_event_extra.py
[2026-07-17T22:29:09.039+0530] {processor.py:914} INFO - Processing file /Users/bhavishyachallagolla/Desktop/RetailSense/.venv/lib/python3.12/site-packages/airflow/example_dags/example_outlet_event_extra.py for tasks to queue
[2026-07-17T22:29:09.039+0530] {logging_mixin.py:190} INFO - [2026-07-17T22:29:09.039+0530] {dagbag.py:588} INFO - Filling up the DagBag from /Users/bhavishyachallagolla/Desktop/RetailSense/.venv/lib/python3.12/site-packages/airflow/example_dags/example_outlet_event_extra.py
[2026-07-17T22:29:09.067+0530] {processor.py:925} INFO - DAG(s) 'dataset_with_extra_by_yield', 'dataset_with_extra_by_context', 'dataset_with_extra_from_classic_operator' retrieved from /Users/bhavishyachallagolla/Desktop/RetailSense/.venv/lib/python3.12/site-packages/airflow/example_dags/example_outlet_event_extra.py
[2026-07-17T22:29:09.093+0530] {logging_mixin.py:190} INFO - [2026-07-17T22:29:09.093+0530] {dag.py:3239} INFO - Sync 3 DAGs
[2026-07-17T22:29:09.098+0530] {logging_mixin.py:190} INFO - [2026-07-17T22:29:09.098+0530] {dag.py:4180} INFO - Setting next_dagrun for dataset_with_extra_by_context to 2026-07-16 00:00:00+00:00, run_after=2026-07-17 00:00:00+00:00
[2026-07-17T22:29:09.099+0530] {logging_mixin.py:190} INFO - [2026-07-17T22:29:09.099+0530] {dag.py:4180} INFO - Setting next_dagrun for dataset_with_extra_by_yield to 2026-07-16 00:00:00+00:00, run_after=2026-07-17 00:00:00+00:00
[2026-07-17T22:29:09.099+0530] {logging_mixin.py:190} INFO - [2026-07-17T22:29:09.099+0530] {dag.py:4180} INFO - Setting next_dagrun for dataset_with_extra_from_classic_operator to 2026-07-16 00:00:00+00:00, run_after=2026-07-17 00:00:00+00:00
[2026-07-17T22:29:09.104+0530] {processor.py:208} INFO - Processing /Users/bhavishyachallagolla/Desktop/RetailSense/.venv/lib/python3.12/site-packages/airflow/example_dags/example_outlet_event_extra.py took 0.068 seconds
[2026-07-17T22:30:47.713+0530] {processor.py:186} INFO - Started process (PID=92859) to work on /Users/bhavishyachallagolla/Desktop/RetailSense/.venv/lib/python3.12/site-packages/airflow/example_dags/example_outlet_event_extra.py
[2026-07-17T22:30:47.714+0530] {processor.py:914} INFO - Processing file /Users/bhavishyachallagolla/Desktop/RetailSense/.venv/lib/python3.12/site-packages/airflow/example_dags/example_outlet_event_extra.py for tasks to queue
[2026-07-17T22:30:47.714+0530] {logging_mixin.py:190} INFO - [2026-07-17T22:30:47.714+0530] {dagbag.py:588} INFO - Filling up the DagBag from /Users/bhavishyachallagolla/Desktop/RetailSense/.venv/lib/python3.12/site-packages/airflow/example_dags/example_outlet_event_extra.py
[2026-07-17T22:30:47.743+0530] {processor.py:925} INFO - DAG(s) 'dataset_with_extra_by_yield', 'dataset_with_extra_by_context', 'dataset_with_extra_from_classic_operator' retrieved from /Users/bhavishyachallagolla/Desktop/RetailSense/.venv/lib/python3.12/site-packages/airflow/example_dags/example_outlet_event_extra.py
[2026-07-17T22:30:47.769+0530] {logging_mixin.py:190} INFO - [2026-07-17T22:30:47.769+0530] {dag.py:3239} INFO - Sync 3 DAGs
[2026-07-17T22:30:47.774+0530] {logging_mixin.py:190} INFO - [2026-07-17T22:30:47.773+0530] {dag.py:4180} INFO - Setting next_dagrun for dataset_with_extra_by_context to 2026-07-16 00:00:00+00:00, run_after=2026-07-17 00:00:00+00:00
[2026-07-17T22:30:47.775+0530] {logging_mixin.py:190} INFO - [2026-07-17T22:30:47.775+0530] {dag.py:4180} INFO - Setting next_dagrun for dataset_with_extra_by_yield to 2026-07-16 00:00:00+00:00, run_after=2026-07-17 00:00:00+00:00
[2026-07-17T22:30:47.775+0530] {logging_mixin.py:190} INFO - [2026-07-17T22:30:47.775+0530] {dag.py:4180} INFO - Setting next_dagrun for dataset_with_extra_from_classic_operator to 2026-07-16 00:00:00+00:00, run_after=2026-07-17 00:00:00+00:00
[2026-07-17T22:30:47.780+0530] {processor.py:208} INFO - Processing /Users/bhavishyachallagolla/Desktop/RetailSense/.venv/lib/python3.12/site-packages/airflow/example_dags/example_outlet_event_extra.py took 0.068 seconds
[2026-07-17T22:32:29.891+0530] {processor.py:186} INFO - Started process (PID=93019) to work on /Users/bhavishyachallagolla/Desktop/RetailSense/.venv/lib/python3.12/site-packages/airflow/example_dags/example_outlet_event_extra.py
[2026-07-17T22:32:29.892+0530] {processor.py:914} INFO - Processing file /Users/bhavishyachallagolla/Desktop/RetailSense/.venv/lib/python3.12/site-packages/airflow/example_dags/example_outlet_event_extra.py for tasks to queue
[2026-07-17T22:32:29.892+0530] {logging_mixin.py:190} INFO - [2026-07-17T22:32:29.892+0530] {dagbag.py:588} INFO - Filling up the DagBag from /Users/bhavishyachallagolla/Desktop/RetailSense/.venv/lib/python3.12/site-packages/airflow/example_dags/example_outlet_event_extra.py
[2026-07-17T22:32:29.922+0530] {processor.py:925} INFO - DAG(s) 'dataset_with_extra_by_yield', 'dataset_with_extra_by_context', 'dataset_with_extra_from_classic_operator' retrieved from /Users/bhavishyachallagolla/Desktop/RetailSense/.venv/lib/python3.12/site-packages/airflow/example_dags/example_outlet_event_extra.py
[2026-07-17T22:32:29.948+0530] {logging_mixin.py:190} INFO - [2026-07-17T22:32:29.948+0530] {dag.py:3239} INFO - Sync 3 DAGs
[2026-07-17T22:32:29.953+0530] {logging_mixin.py:190} INFO - [2026-07-17T22:32:29.953+0530] {dag.py:4180} INFO - Setting next_dagrun for dataset_with_extra_by_context to 2026-07-16 00:00:00+00:00, run_after=2026-07-17 00:00:00+00:00
[2026-07-17T22:32:29.954+0530] {logging_mixin.py:190} INFO - [2026-07-17T22:32:29.954+0530] {dag.py:4180} INFO - Setting next_dagrun for dataset_with_extra_by_yield to 2026-07-16 00:00:00+00:00, run_after=2026-07-17 00:00:00+00:00
[2026-07-17T22:32:29.954+0530] {logging_mixin.py:190} INFO - [2026-07-17T22:32:29.954+0530] {dag.py:4180} INFO - Setting next_dagrun for dataset_with_extra_from_classic_operator to 2026-07-16 00:00:00+00:00, run_after=2026-07-17 00:00:00+00:00
[2026-07-17T22:32:29.960+0530] {processor.py:208} INFO - Processing /Users/bhavishyachallagolla/Desktop/RetailSense/.venv/lib/python3.12/site-packages/airflow/example_dags/example_outlet_event_extra.py took 0.070 seconds
[2026-07-17T22:34:07.230+0530] {processor.py:186} INFO - Started process (PID=93165) to work on /Users/bhavishyachallagolla/Desktop/RetailSense/.venv/lib/python3.12/site-packages/airflow/example_dags/example_outlet_event_extra.py
[2026-07-17T22:34:07.230+0530] {processor.py:914} INFO - Processing file /Users/bhavishyachallagolla/Desktop/RetailSense/.venv/lib/python3.12/site-packages/airflow/example_dags/example_outlet_event_extra.py for tasks to queue
[2026-07-17T22:34:07.231+0530] {logging_mixin.py:190} INFO - [2026-07-17T22:34:07.230+0530] {dagbag.py:588} INFO - Filling up the DagBag from /Users/bhavishyachallagolla/Desktop/RetailSense/.venv/lib/python3.12/site-packages/airflow/example_dags/example_outlet_event_extra.py
[2026-07-17T22:34:07.259+0530] {processor.py:925} INFO - DAG(s) 'dataset_with_extra_by_context', 'dataset_with_extra_by_yield', 'dataset_with_extra_from_classic_operator' retrieved from /Users/bhavishyachallagolla/Desktop/RetailSense/.venv/lib/python3.12/site-packages/airflow/example_dags/example_outlet_event_extra.py
[2026-07-17T22:34:07.284+0530] {logging_mixin.py:190} INFO - [2026-07-17T22:34:07.284+0530] {dag.py:3239} INFO - Sync 3 DAGs
[2026-07-17T22:34:07.289+0530] {logging_mixin.py:190} INFO - [2026-07-17T22:34:07.289+0530] {dag.py:4180} INFO - Setting next_dagrun for dataset_with_extra_by_context to 2026-07-16 00:00:00+00:00, run_after=2026-07-17 00:00:00+00:00
[2026-07-17T22:34:07.290+0530] {logging_mixin.py:190} INFO - [2026-07-17T22:34:07.290+0530] {dag.py:4180} INFO - Setting next_dagrun for dataset_with_extra_by_yield to 2026-07-16 00:00:00+00:00, run_after=2026-07-17 00:00:00+00:00
[2026-07-17T22:34:07.290+0530] {logging_mixin.py:190} INFO - [2026-07-17T22:34:07.290+0530] {dag.py:4180} INFO - Setting next_dagrun for dataset_with_extra_from_classic_operator to 2026-07-16 00:00:00+00:00, run_after=2026-07-17 00:00:00+00:00
[2026-07-17T22:34:07.295+0530] {processor.py:208} INFO - Processing /Users/bhavishyachallagolla/Desktop/RetailSense/.venv/lib/python3.12/site-packages/airflow/example_dags/example_outlet_event_extra.py took 0.067 seconds
[2026-07-17T22:35:48.232+0530] {processor.py:186} INFO - Started process (PID=93316) to work on /Users/bhavishyachallagolla/Desktop/RetailSense/.venv/lib/python3.12/site-packages/airflow/example_dags/example_outlet_event_extra.py
[2026-07-17T22:35:48.233+0530] {processor.py:914} INFO - Processing file /Users/bhavishyachallagolla/Desktop/RetailSense/.venv/lib/python3.12/site-packages/airflow/example_dags/example_outlet_event_extra.py for tasks to queue
[2026-07-17T22:35:48.233+0530] {logging_mixin.py:190} INFO - [2026-07-17T22:35:48.233+0530] {dagbag.py:588} INFO - Filling up the DagBag from /Users/bhavishyachallagolla/Desktop/RetailSense/.venv/lib/python3.12/site-packages/airflow/example_dags/example_outlet_event_extra.py
[2026-07-17T22:35:48.263+0530] {processor.py:925} INFO - DAG(s) 'dataset_with_extra_by_yield', 'dataset_with_extra_by_context', 'dataset_with_extra_from_classic_operator' retrieved from /Users/bhavishyachallagolla/Desktop/RetailSense/.venv/lib/python3.12/site-packages/airflow/example_dags/example_outlet_event_extra.py
[2026-07-17T22:35:48.289+0530] {logging_mixin.py:190} INFO - [2026-07-17T22:35:48.289+0530] {dag.py:3239} INFO - Sync 3 DAGs
[2026-07-17T22:35:48.294+0530] {logging_mixin.py:190} INFO - [2026-07-17T22:35:48.294+0530] {dag.py:4180} INFO - Setting next_dagrun for dataset_with_extra_by_context to 2026-07-16 00:00:00+00:00, run_after=2026-07-17 00:00:00+00:00
[2026-07-17T22:35:48.295+0530] {logging_mixin.py:190} INFO - [2026-07-17T22:35:48.295+0530] {dag.py:4180} INFO - Setting next_dagrun for dataset_with_extra_by_yield to 2026-07-16 00:00:00+00:00, run_after=2026-07-17 00:00:00+00:00
[2026-07-17T22:35:48.296+0530] {logging_mixin.py:190} INFO - [2026-07-17T22:35:48.296+0530] {dag.py:4180} INFO - Setting next_dagrun for dataset_with_extra_from_classic_operator to 2026-07-16 00:00:00+00:00, run_after=2026-07-17 00:00:00+00:00
[2026-07-17T22:35:48.301+0530] {processor.py:208} INFO - Processing /Users/bhavishyachallagolla/Desktop/RetailSense/.venv/lib/python3.12/site-packages/airflow/example_dags/example_outlet_event_extra.py took 0.070 seconds
[2026-07-17T22:37:29.135+0530] {processor.py:186} INFO - Started process (PID=93475) to work on /Users/bhavishyachallagolla/Desktop/RetailSense/.venv/lib/python3.12/site-packages/airflow/example_dags/example_outlet_event_extra.py
[2026-07-17T22:37:29.136+0530] {processor.py:914} INFO - Processing file /Users/bhavishyachallagolla/Desktop/RetailSense/.venv/lib/python3.12/site-packages/airflow/example_dags/example_outlet_event_extra.py for tasks to queue
[2026-07-17T22:37:29.137+0530] {logging_mixin.py:190} INFO - [2026-07-17T22:37:29.137+0530] {dagbag.py:588} INFO - Filling up the DagBag from /Users/bhavishyachallagolla/Desktop/RetailSense/.venv/lib/python3.12/site-packages/airflow/example_dags/example_outlet_event_extra.py
[2026-07-17T22:37:29.165+0530] {processor.py:925} INFO - DAG(s) 'dataset_with_extra_by_yield', 'dataset_with_extra_by_context', 'dataset_with_extra_from_classic_operator' retrieved from /Users/bhavishyachallagolla/Desktop/RetailSense/.venv/lib/python3.12/site-packages/airflow/example_dags/example_outlet_event_extra.py
[2026-07-17T22:37:29.190+0530] {logging_mixin.py:190} INFO - [2026-07-17T22:37:29.190+0530] {dag.py:3239} INFO - Sync 3 DAGs
[2026-07-17T22:37:29.195+0530] {logging_mixin.py:190} INFO - [2026-07-17T22:37:29.195+0530] {dag.py:4180} INFO - Setting next_dagrun for dataset_with_extra_by_context to 2026-07-16 00:00:00+00:00, run_after=2026-07-17 00:00:00+00:00
[2026-07-17T22:37:29.196+0530] {logging_mixin.py:190} INFO - [2026-07-17T22:37:29.196+0530] {dag.py:4180} INFO - Setting next_dagrun for dataset_with_extra_by_yield to 2026-07-16 00:00:00+00:00, run_after=2026-07-17 00:00:00+00:00
[2026-07-17T22:37:29.197+0530] {logging_mixin.py:190} INFO - [2026-07-17T22:37:29.197+0530] {dag.py:4180} INFO - Setting next_dagrun for dataset_with_extra_from_classic_operator to 2026-07-16 00:00:00+00:00, run_after=2026-07-17 00:00:00+00:00
[2026-07-17T22:37:29.202+0530] {processor.py:208} INFO - Processing /Users/bhavishyachallagolla/Desktop/RetailSense/.venv/lib/python3.12/site-packages/airflow/example_dags/example_outlet_event_extra.py took 0.068 seconds
[2026-07-17T22:39:08.150+0530] {processor.py:186} INFO - Started process (PID=93624) to work on /Users/bhavishyachallagolla/Desktop/RetailSense/.venv/lib/python3.12/site-packages/airflow/example_dags/example_outlet_event_extra.py
[2026-07-17T22:39:08.150+0530] {processor.py:914} INFO - Processing file /Users/bhavishyachallagolla/Desktop/RetailSense/.venv/lib/python3.12/site-packages/airflow/example_dags/example_outlet_event_extra.py for tasks to queue
[2026-07-17T22:39:08.150+0530] {logging_mixin.py:190} INFO - [2026-07-17T22:39:08.150+0530] {dagbag.py:588} INFO - Filling up the DagBag from /Users/bhavishyachallagolla/Desktop/RetailSense/.venv/lib/python3.12/site-packages/airflow/example_dags/example_outlet_event_extra.py
[2026-07-17T22:39:08.171+0530] {processor.py:925} INFO - DAG(s) 'dataset_with_extra_by_yield', 'dataset_with_extra_by_context', 'dataset_with_extra_from_classic_operator' retrieved from /Users/bhavishyachallagolla/Desktop/RetailSense/.venv/lib/python3.12/site-packages/airflow/example_dags/example_outlet_event_extra.py
[2026-07-17T22:39:08.196+0530] {logging_mixin.py:190} INFO - [2026-07-17T22:39:08.196+0530] {dag.py:3239} INFO - Sync 3 DAGs
[2026-07-17T22:39:08.201+0530] {logging_mixin.py:190} INFO - [2026-07-17T22:39:08.201+0530] {dag.py:4180} INFO - Setting next_dagrun for dataset_with_extra_by_context to 2026-07-16 00:00:00+00:00, run_after=2026-07-17 00:00:00+00:00
[2026-07-17T22:39:08.202+0530] {logging_mixin.py:190} INFO - [2026-07-17T22:39:08.202+0530] {dag.py:4180} INFO - Setting next_dagrun for dataset_with_extra_by_yield to 2026-07-16 00:00:00+00:00, run_after=2026-07-17 00:00:00+00:00
[2026-07-17T22:39:08.203+0530] {logging_mixin.py:190} INFO - [2026-07-17T22:39:08.203+0530] {dag.py:4180} INFO - Setting next_dagrun for dataset_with_extra_from_classic_operator to 2026-07-16 00:00:00+00:00, run_after=2026-07-17 00:00:00+00:00
[2026-07-17T22:39:08.208+0530] {processor.py:208} INFO - Processing /Users/bhavishyachallagolla/Desktop/RetailSense/.venv/lib/python3.12/site-packages/airflow/example_dags/example_outlet_event_extra.py took 0.059 seconds
[2026-07-17T22:40:49.928+0530] {processor.py:186} INFO - Started process (PID=93774) to work on /Users/bhavishyachallagolla/Desktop/RetailSense/.venv/lib/python3.12/site-packages/airflow/example_dags/example_outlet_event_extra.py
[2026-07-17T22:40:49.930+0530] {processor.py:914} INFO - Processing file /Users/bhavishyachallagolla/Desktop/RetailSense/.venv/lib/python3.12/site-packages/airflow/example_dags/example_outlet_event_extra.py for tasks to queue
[2026-07-17T22:40:49.930+0530] {logging_mixin.py:190} INFO - [2026-07-17T22:40:49.930+0530] {dagbag.py:588} INFO - Filling up the DagBag from /Users/bhavishyachallagolla/Desktop/RetailSense/.venv/lib/python3.12/site-packages/airflow/example_dags/example_outlet_event_extra.py
[2026-07-17T22:40:49.960+0530] {processor.py:925} INFO - DAG(s) 'dataset_with_extra_by_context', 'dataset_with_extra_from_classic_operator', 'dataset_with_extra_by_yield' retrieved from /Users/bhavishyachallagolla/Desktop/RetailSense/.venv/lib/python3.12/site-packages/airflow/example_dags/example_outlet_event_extra.py
[2026-07-17T22:40:49.987+0530] {logging_mixin.py:190} INFO - [2026-07-17T22:40:49.987+0530] {dag.py:3239} INFO - Sync 3 DAGs
[2026-07-17T22:40:49.993+0530] {logging_mixin.py:190} INFO - [2026-07-17T22:40:49.993+0530] {dag.py:4180} INFO - Setting next_dagrun for dataset_with_extra_by_context to 2026-07-16 00:00:00+00:00, run_after=2026-07-17 00:00:00+00:00
[2026-07-17T22:40:49.994+0530] {logging_mixin.py:190} INFO - [2026-07-17T22:40:49.994+0530] {dag.py:4180} INFO - Setting next_dagrun for dataset_with_extra_by_yield to 2026-07-16 00:00:00+00:00, run_after=2026-07-17 00:00:00+00:00
[2026-07-17T22:40:49.994+0530] {logging_mixin.py:190} INFO - [2026-07-17T22:40:49.994+0530] {dag.py:4180} INFO - Setting next_dagrun for dataset_with_extra_from_classic_operator to 2026-07-16 00:00:00+00:00, run_after=2026-07-17 00:00:00+00:00
[2026-07-17T22:40:50.000+0530] {processor.py:208} INFO - Processing /Users/bhavishyachallagolla/Desktop/RetailSense/.venv/lib/python3.12/site-packages/airflow/example_dags/example_outlet_event_extra.py took 0.073 seconds
[2026-07-17T22:42:30.554+0530] {processor.py:186} INFO - Started process (PID=93925) to work on /Users/bhavishyachallagolla/Desktop/RetailSense/.venv/lib/python3.12/site-packages/airflow/example_dags/example_outlet_event_extra.py
[2026-07-17T22:42:30.555+0530] {processor.py:914} INFO - Processing file /Users/bhavishyachallagolla/Desktop/RetailSense/.venv/lib/python3.12/site-packages/airflow/example_dags/example_outlet_event_extra.py for tasks to queue
[2026-07-17T22:42:30.555+0530] {logging_mixin.py:190} INFO - [2026-07-17T22:42:30.555+0530] {dagbag.py:588} INFO - Filling up the DagBag from /Users/bhavishyachallagolla/Desktop/RetailSense/.venv/lib/python3.12/site-packages/airflow/example_dags/example_outlet_event_extra.py
[2026-07-17T22:42:30.586+0530] {processor.py:925} INFO - DAG(s) 'dataset_with_extra_by_context', 'dataset_with_extra_from_classic_operator', 'dataset_with_extra_by_yield' retrieved from /Users/bhavishyachallagolla/Desktop/RetailSense/.venv/lib/python3.12/site-packages/airflow/example_dags/example_outlet_event_extra.py
[2026-07-17T22:42:30.611+0530] {logging_mixin.py:190} INFO - [2026-07-17T22:42:30.611+0530] {dag.py:3239} INFO - Sync 3 DAGs
[2026-07-17T22:42:30.616+0530] {logging_mixin.py:190} INFO - [2026-07-17T22:42:30.616+0530] {dag.py:4180} INFO - Setting next_dagrun for dataset_with_extra_by_context to 2026-07-16 00:00:00+00:00, run_after=2026-07-17 00:00:00+00:00
[2026-07-17T22:42:30.617+0530] {logging_mixin.py:190} INFO - [2026-07-17T22:42:30.617+0530] {dag.py:4180} INFO - Setting next_dagrun for dataset_with_extra_by_yield to 2026-07-16 00:00:00+00:00, run_after=2026-07-17 00:00:00+00:00
[2026-07-17T22:42:30.617+0530] {logging_mixin.py:190} INFO - [2026-07-17T22:42:30.617+0530] {dag.py:4180} INFO - Setting next_dagrun for dataset_with_extra_from_classic_operator to 2026-07-16 00:00:00+00:00, run_after=2026-07-17 00:00:00+00:00
[2026-07-17T22:42:30.623+0530] {processor.py:208} INFO - Processing /Users/bhavishyachallagolla/Desktop/RetailSense/.venv/lib/python3.12/site-packages/airflow/example_dags/example_outlet_event_extra.py took 0.070 seconds
[2026-07-17T22:44:10.717+0530] {processor.py:186} INFO - Started process (PID=94075) to work on /Users/bhavishyachallagolla/Desktop/RetailSense/.venv/lib/python3.12/site-packages/airflow/example_dags/example_outlet_event_extra.py
[2026-07-17T22:44:10.718+0530] {processor.py:914} INFO - Processing file /Users/bhavishyachallagolla/Desktop/RetailSense/.venv/lib/python3.12/site-packages/airflow/example_dags/example_outlet_event_extra.py for tasks to queue
[2026-07-17T22:44:10.718+0530] {logging_mixin.py:190} INFO - [2026-07-17T22:44:10.718+0530] {dagbag.py:588} INFO - Filling up the DagBag from /Users/bhavishyachallagolla/Desktop/RetailSense/.venv/lib/python3.12/site-packages/airflow/example_dags/example_outlet_event_extra.py
[2026-07-17T22:44:10.739+0530] {processor.py:925} INFO - DAG(s) 'dataset_with_extra_by_yield', 'dataset_with_extra_from_classic_operator', 'dataset_with_extra_by_context' retrieved from /Users/bhavishyachallagolla/Desktop/RetailSense/.venv/lib/python3.12/site-packages/airflow/example_dags/example_outlet_event_extra.py
[2026-07-17T22:44:10.765+0530] {logging_mixin.py:190} INFO - [2026-07-17T22:44:10.765+0530] {dag.py:3239} INFO - Sync 3 DAGs
[2026-07-17T22:44:10.770+0530] {logging_mixin.py:190} INFO - [2026-07-17T22:44:10.770+0530] {dag.py:4180} INFO - Setting next_dagrun for dataset_with_extra_by_context to 2026-07-16 00:00:00+00:00, run_after=2026-07-17 00:00:00+00:00
[2026-07-17T22:44:10.771+0530] {logging_mixin.py:190} INFO - [2026-07-17T22:44:10.771+0530] {dag.py:4180} INFO - Setting next_dagrun for dataset_with_extra_by_yield to 2026-07-16 00:00:00+00:00, run_after=2026-07-17 00:00:00+00:00
[2026-07-17T22:44:10.772+0530] {logging_mixin.py:190} INFO - [2026-07-17T22:44:10.772+0530] {dag.py:4180} INFO - Setting next_dagrun for dataset_with_extra_from_classic_operator to 2026-07-16 00:00:00+00:00, run_after=2026-07-17 00:00:00+00:00
[2026-07-17T22:44:10.777+0530] {processor.py:208} INFO - Processing /Users/bhavishyachallagolla/Desktop/RetailSense/.venv/lib/python3.12/site-packages/airflow/example_dags/example_outlet_event_extra.py took 0.061 seconds
[2026-07-17T22:45:50.145+0530] {processor.py:186} INFO - Started process (PID=94224) to work on /Users/bhavishyachallagolla/Desktop/RetailSense/.venv/lib/python3.12/site-packages/airflow/example_dags/example_outlet_event_extra.py
[2026-07-17T22:45:50.145+0530] {processor.py:914} INFO - Processing file /Users/bhavishyachallagolla/Desktop/RetailSense/.venv/lib/python3.12/site-packages/airflow/example_dags/example_outlet_event_extra.py for tasks to queue
[2026-07-17T22:45:50.146+0530] {logging_mixin.py:190} INFO - [2026-07-17T22:45:50.146+0530] {dagbag.py:588} INFO - Filling up the DagBag from /Users/bhavishyachallagolla/Desktop/RetailSense/.venv/lib/python3.12/site-packages/airflow/example_dags/example_outlet_event_extra.py
[2026-07-17T22:45:50.167+0530] {processor.py:925} INFO - DAG(s) 'dataset_with_extra_from_classic_operator', 'dataset_with_extra_by_context', 'dataset_with_extra_by_yield' retrieved from /Users/bhavishyachallagolla/Desktop/RetailSense/.venv/lib/python3.12/site-packages/airflow/example_dags/example_outlet_event_extra.py
[2026-07-17T22:45:50.193+0530] {logging_mixin.py:190} INFO - [2026-07-17T22:45:50.192+0530] {dag.py:3239} INFO - Sync 3 DAGs
[2026-07-17T22:45:50.198+0530] {logging_mixin.py:190} INFO - [2026-07-17T22:45:50.197+0530] {dag.py:4180} INFO - Setting next_dagrun for dataset_with_extra_by_context to 2026-07-16 00:00:00+00:00, run_after=2026-07-17 00:00:00+00:00
[2026-07-17T22:45:50.199+0530] {logging_mixin.py:190} INFO - [2026-07-17T22:45:50.199+0530] {dag.py:4180} INFO - Setting next_dagrun for dataset_with_extra_by_yield to 2026-07-16 00:00:00+00:00, run_after=2026-07-17 00:00:00+00:00
[2026-07-17T22:45:50.199+0530] {logging_mixin.py:190} INFO - [2026-07-17T22:45:50.199+0530] {dag.py:4180} INFO - Setting next_dagrun for dataset_with_extra_from_classic_operator to 2026-07-16 00:00:00+00:00, run_after=2026-07-17 00:00:00+00:00
[2026-07-17T22:45:50.205+0530] {processor.py:208} INFO - Processing /Users/bhavishyachallagolla/Desktop/RetailSense/.venv/lib/python3.12/site-packages/airflow/example_dags/example_outlet_event_extra.py took 0.061 seconds
[2026-07-17T22:47:27.133+0530] {processor.py:186} INFO - Started process (PID=94371) to work on /Users/bhavishyachallagolla/Desktop/RetailSense/.venv/lib/python3.12/site-packages/airflow/example_dags/example_outlet_event_extra.py
[2026-07-17T22:47:27.133+0530] {processor.py:914} INFO - Processing file /Users/bhavishyachallagolla/Desktop/RetailSense/.venv/lib/python3.12/site-packages/airflow/example_dags/example_outlet_event_extra.py for tasks to queue
[2026-07-17T22:47:27.134+0530] {logging_mixin.py:190} INFO - [2026-07-17T22:47:27.134+0530] {dagbag.py:588} INFO - Filling up the DagBag from /Users/bhavishyachallagolla/Desktop/RetailSense/.venv/lib/python3.12/site-packages/airflow/example_dags/example_outlet_event_extra.py
[2026-07-17T22:47:27.155+0530] {processor.py:925} INFO - DAG(s) 'dataset_with_extra_by_context', 'dataset_with_extra_from_classic_operator', 'dataset_with_extra_by_yield' retrieved from /Users/bhavishyachallagolla/Desktop/RetailSense/.venv/lib/python3.12/site-packages/airflow/example_dags/example_outlet_event_extra.py
[2026-07-17T22:47:27.180+0530] {logging_mixin.py:190} INFO - [2026-07-17T22:47:27.179+0530] {dag.py:3239} INFO - Sync 3 DAGs
[2026-07-17T22:47:27.184+0530] {logging_mixin.py:190} INFO - [2026-07-17T22:47:27.184+0530] {dag.py:4180} INFO - Setting next_dagrun for dataset_with_extra_by_context to 2026-07-16 00:00:00+00:00, run_after=2026-07-17 00:00:00+00:00
[2026-07-17T22:47:27.185+0530] {logging_mixin.py:190} INFO - [2026-07-17T22:47:27.185+0530] {dag.py:4180} INFO - Setting next_dagrun for dataset_with_extra_by_yield to 2026-07-16 00:00:00+00:00, run_after=2026-07-17 00:00:00+00:00
[2026-07-17T22:47:27.186+0530] {logging_mixin.py:190} INFO - [2026-07-17T22:47:27.186+0530] {dag.py:4180} INFO - Setting next_dagrun for dataset_with_extra_from_classic_operator to 2026-07-16 00:00:00+00:00, run_after=2026-07-17 00:00:00+00:00
[2026-07-17T22:47:27.191+0530] {processor.py:208} INFO - Processing /Users/bhavishyachallagolla/Desktop/RetailSense/.venv/lib/python3.12/site-packages/airflow/example_dags/example_outlet_event_extra.py took 0.059 seconds
[2026-07-17T22:49:07.487+0530] {processor.py:186} INFO - Started process (PID=94521) to work on /Users/bhavishyachallagolla/Desktop/RetailSense/.venv/lib/python3.12/site-packages/airflow/example_dags/example_outlet_event_extra.py
[2026-07-17T22:49:07.488+0530] {processor.py:914} INFO - Processing file /Users/bhavishyachallagolla/Desktop/RetailSense/.venv/lib/python3.12/site-packages/airflow/example_dags/example_outlet_event_extra.py for tasks to queue
[2026-07-17T22:49:07.488+0530] {logging_mixin.py:190} INFO - [2026-07-17T22:49:07.488+0530] {dagbag.py:588} INFO - Filling up the DagBag from /Users/bhavishyachallagolla/Desktop/RetailSense/.venv/lib/python3.12/site-packages/airflow/example_dags/example_outlet_event_extra.py
[2026-07-17T22:49:07.509+0530] {processor.py:925} INFO - DAG(s) 'dataset_with_extra_from_classic_operator', 'dataset_with_extra_by_context', 'dataset_with_extra_by_yield' retrieved from /Users/bhavishyachallagolla/Desktop/RetailSense/.venv/lib/python3.12/site-packages/airflow/example_dags/example_outlet_event_extra.py
[2026-07-17T22:49:07.535+0530] {logging_mixin.py:190} INFO - [2026-07-17T22:49:07.535+0530] {dag.py:3239} INFO - Sync 3 DAGs
[2026-07-17T22:49:07.540+0530] {logging_mixin.py:190} INFO - [2026-07-17T22:49:07.540+0530] {dag.py:4180} INFO - Setting next_dagrun for dataset_with_extra_by_context to 2026-07-16 00:00:00+00:00, run_after=2026-07-17 00:00:00+00:00
[2026-07-17T22:49:07.541+0530] {logging_mixin.py:190} INFO - [2026-07-17T22:49:07.541+0530] {dag.py:4180} INFO - Setting next_dagrun for dataset_with_extra_by_yield to 2026-07-16 00:00:00+00:00, run_after=2026-07-17 00:00:00+00:00
[2026-07-17T22:49:07.541+0530] {logging_mixin.py:190} INFO - [2026-07-17T22:49:07.541+0530] {dag.py:4180} INFO - Setting next_dagrun for dataset_with_extra_from_classic_operator to 2026-07-16 00:00:00+00:00, run_after=2026-07-17 00:00:00+00:00
[2026-07-17T22:49:07.547+0530] {processor.py:208} INFO - Processing /Users/bhavishyachallagolla/Desktop/RetailSense/.venv/lib/python3.12/site-packages/airflow/example_dags/example_outlet_event_extra.py took 0.061 seconds
[2026-07-17T22:51:02.776+0530] {processor.py:186} INFO - Started process (PID=94674) to work on /Users/bhavishyachallagolla/Desktop/RetailSense/.venv/lib/python3.12/site-packages/airflow/example_dags/example_outlet_event_extra.py
[2026-07-17T22:51:02.778+0530] {processor.py:914} INFO - Processing file /Users/bhavishyachallagolla/Desktop/RetailSense/.venv/lib/python3.12/site-packages/airflow/example_dags/example_outlet_event_extra.py for tasks to queue
[2026-07-17T22:51:02.778+0530] {logging_mixin.py:190} INFO - [2026-07-17T22:51:02.778+0530] {dagbag.py:588} INFO - Filling up the DagBag from /Users/bhavishyachallagolla/Desktop/RetailSense/.venv/lib/python3.12/site-packages/airflow/example_dags/example_outlet_event_extra.py
[2026-07-17T22:51:02.807+0530] {processor.py:925} INFO - DAG(s) 'dataset_with_extra_by_context', 'dataset_with_extra_from_classic_operator', 'dataset_with_extra_by_yield' retrieved from /Users/bhavishyachallagolla/Desktop/RetailSense/.venv/lib/python3.12/site-packages/airflow/example_dags/example_outlet_event_extra.py
[2026-07-17T22:51:02.833+0530] {logging_mixin.py:190} INFO - [2026-07-17T22:51:02.833+0530] {dag.py:3239} INFO - Sync 3 DAGs
[2026-07-17T22:51:02.838+0530] {logging_mixin.py:190} INFO - [2026-07-17T22:51:02.838+0530] {dag.py:4180} INFO - Setting next_dagrun for dataset_with_extra_by_context to 2026-07-16 00:00:00+00:00, run_after=2026-07-17 00:00:00+00:00
[2026-07-17T22:51:02.839+0530] {logging_mixin.py:190} INFO - [2026-07-17T22:51:02.839+0530] {dag.py:4180} INFO - Setting next_dagrun for dataset_with_extra_by_yield to 2026-07-16 00:00:00+00:00, run_after=2026-07-17 00:00:00+00:00
[2026-07-17T22:51:02.840+0530] {logging_mixin.py:190} INFO - [2026-07-17T22:51:02.840+0530] {dag.py:4180} INFO - Setting next_dagrun for dataset_with_extra_from_classic_operator to 2026-07-16 00:00:00+00:00, run_after=2026-07-17 00:00:00+00:00
[2026-07-17T22:51:02.845+0530] {processor.py:208} INFO - Processing /Users/bhavishyachallagolla/Desktop/RetailSense/.venv/lib/python3.12/site-packages/airflow/example_dags/example_outlet_event_extra.py took 0.070 seconds
[2026-07-17T22:52:41.356+0530] {processor.py:186} INFO - Started process (PID=94828) to work on /Users/bhavishyachallagolla/Desktop/RetailSense/.venv/lib/python3.12/site-packages/airflow/example_dags/example_outlet_event_extra.py
[2026-07-17T22:52:41.357+0530] {processor.py:914} INFO - Processing file /Users/bhavishyachallagolla/Desktop/RetailSense/.venv/lib/python3.12/site-packages/airflow/example_dags/example_outlet_event_extra.py for tasks to queue
[2026-07-17T22:52:41.357+0530] {logging_mixin.py:190} INFO - [2026-07-17T22:52:41.357+0530] {dagbag.py:588} INFO - Filling up the DagBag from /Users/bhavishyachallagolla/Desktop/RetailSense/.venv/lib/python3.12/site-packages/airflow/example_dags/example_outlet_event_extra.py
[2026-07-17T22:52:41.386+0530] {processor.py:925} INFO - DAG(s) 'dataset_with_extra_by_yield', 'dataset_with_extra_by_context', 'dataset_with_extra_from_classic_operator' retrieved from /Users/bhavishyachallagolla/Desktop/RetailSense/.venv/lib/python3.12/site-packages/airflow/example_dags/example_outlet_event_extra.py
[2026-07-17T22:52:41.411+0530] {logging_mixin.py:190} INFO - [2026-07-17T22:52:41.411+0530] {dag.py:3239} INFO - Sync 3 DAGs
[2026-07-17T22:52:41.416+0530] {logging_mixin.py:190} INFO - [2026-07-17T22:52:41.416+0530] {dag.py:4180} INFO - Setting next_dagrun for dataset_with_extra_by_context to 2026-07-16 00:00:00+00:00, run_after=2026-07-17 00:00:00+00:00
[2026-07-17T22:52:41.417+0530] {logging_mixin.py:190} INFO - [2026-07-17T22:52:41.417+0530] {dag.py:4180} INFO - Setting next_dagrun for dataset_with_extra_by_yield to 2026-07-16 00:00:00+00:00, run_after=2026-07-17 00:00:00+00:00
[2026-07-17T22:52:41.418+0530] {logging_mixin.py:190} INFO - [2026-07-17T22:52:41.418+0530] {dag.py:4180} INFO - Setting next_dagrun for dataset_with_extra_from_classic_operator to 2026-07-16 00:00:00+00:00, run_after=2026-07-17 00:00:00+00:00
[2026-07-17T22:52:41.423+0530] {processor.py:208} INFO - Processing /Users/bhavishyachallagolla/Desktop/RetailSense/.venv/lib/python3.12/site-packages/airflow/example_dags/example_outlet_event_extra.py took 0.068 seconds
[2026-07-17T22:54:20.361+0530] {processor.py:186} INFO - Started process (PID=94979) to work on /Users/bhavishyachallagolla/Desktop/RetailSense/.venv/lib/python3.12/site-packages/airflow/example_dags/example_outlet_event_extra.py
[2026-07-17T22:54:20.362+0530] {processor.py:914} INFO - Processing file /Users/bhavishyachallagolla/Desktop/RetailSense/.venv/lib/python3.12/site-packages/airflow/example_dags/example_outlet_event_extra.py for tasks to queue
[2026-07-17T22:54:20.363+0530] {logging_mixin.py:190} INFO - [2026-07-17T22:54:20.363+0530] {dagbag.py:588} INFO - Filling up the DagBag from /Users/bhavishyachallagolla/Desktop/RetailSense/.venv/lib/python3.12/site-packages/airflow/example_dags/example_outlet_event_extra.py
[2026-07-17T22:54:20.391+0530] {processor.py:925} INFO - DAG(s) 'dataset_with_extra_from_classic_operator', 'dataset_with_extra_by_yield', 'dataset_with_extra_by_context' retrieved from /Users/bhavishyachallagolla/Desktop/RetailSense/.venv/lib/python3.12/site-packages/airflow/example_dags/example_outlet_event_extra.py
[2026-07-17T22:54:20.416+0530] {logging_mixin.py:190} INFO - [2026-07-17T22:54:20.416+0530] {dag.py:3239} INFO - Sync 3 DAGs
[2026-07-17T22:54:20.421+0530] {logging_mixin.py:190} INFO - [2026-07-17T22:54:20.421+0530] {dag.py:4180} INFO - Setting next_dagrun for dataset_with_extra_by_context to 2026-07-16 00:00:00+00:00, run_after=2026-07-17 00:00:00+00:00
[2026-07-17T22:54:20.422+0530] {logging_mixin.py:190} INFO - [2026-07-17T22:54:20.422+0530] {dag.py:4180} INFO - Setting next_dagrun for dataset_with_extra_by_yield to 2026-07-16 00:00:00+00:00, run_after=2026-07-17 00:00:00+00:00
[2026-07-17T22:54:20.423+0530] {logging_mixin.py:190} INFO - [2026-07-17T22:54:20.423+0530] {dag.py:4180} INFO - Setting next_dagrun for dataset_with_extra_from_classic_operator to 2026-07-16 00:00:00+00:00, run_after=2026-07-17 00:00:00+00:00
[2026-07-17T22:54:20.428+0530] {processor.py:208} INFO - Processing /Users/bhavishyachallagolla/Desktop/RetailSense/.venv/lib/python3.12/site-packages/airflow/example_dags/example_outlet_event_extra.py took 0.068 seconds
[2026-07-17T22:56:00.297+0530] {processor.py:186} INFO - Started process (PID=95128) to work on /Users/bhavishyachallagolla/Desktop/RetailSense/.venv/lib/python3.12/site-packages/airflow/example_dags/example_outlet_event_extra.py
[2026-07-17T22:56:00.298+0530] {processor.py:914} INFO - Processing file /Users/bhavishyachallagolla/Desktop/RetailSense/.venv/lib/python3.12/site-packages/airflow/example_dags/example_outlet_event_extra.py for tasks to queue
[2026-07-17T22:56:00.298+0530] {logging_mixin.py:190} INFO - [2026-07-17T22:56:00.298+0530] {dagbag.py:588} INFO - Filling up the DagBag from /Users/bhavishyachallagolla/Desktop/RetailSense/.venv/lib/python3.12/site-packages/airflow/example_dags/example_outlet_event_extra.py
[2026-07-17T22:56:00.330+0530] {processor.py:925} INFO - DAG(s) 'dataset_with_extra_from_classic_operator', 'dataset_with_extra_by_yield', 'dataset_with_extra_by_context' retrieved from /Users/bhavishyachallagolla/Desktop/RetailSense/.venv/lib/python3.12/site-packages/airflow/example_dags/example_outlet_event_extra.py
[2026-07-17T22:56:00.356+0530] {logging_mixin.py:190} INFO - [2026-07-17T22:56:00.356+0530] {dag.py:3239} INFO - Sync 3 DAGs
[2026-07-17T22:56:00.361+0530] {logging_mixin.py:190} INFO - [2026-07-17T22:56:00.361+0530] {dag.py:4180} INFO - Setting next_dagrun for dataset_with_extra_by_context to 2026-07-16 00:00:00+00:00, run_after=2026-07-17 00:00:00+00:00
[2026-07-17T22:56:00.362+0530] {logging_mixin.py:190} INFO - [2026-07-17T22:56:00.362+0530] {dag.py:4180} INFO - Setting next_dagrun for dataset_with_extra_by_yield to 2026-07-16 00:00:00+00:00, run_after=2026-07-17 00:00:00+00:00
[2026-07-17T22:56:00.362+0530] {logging_mixin.py:190} INFO - [2026-07-17T22:56:00.362+0530] {dag.py:4180} INFO - Setting next_dagrun for dataset_with_extra_from_classic_operator to 2026-07-16 00:00:00+00:00, run_after=2026-07-17 00:00:00+00:00
[2026-07-17T22:56:00.368+0530] {processor.py:208} INFO - Processing /Users/bhavishyachallagolla/Desktop/RetailSense/.venv/lib/python3.12/site-packages/airflow/example_dags/example_outlet_event_extra.py took 0.072 seconds
[2026-07-17T22:57:39.251+0530] {processor.py:186} INFO - Started process (PID=95279) to work on /Users/bhavishyachallagolla/Desktop/RetailSense/.venv/lib/python3.12/site-packages/airflow/example_dags/example_outlet_event_extra.py
[2026-07-17T22:57:39.252+0530] {processor.py:914} INFO - Processing file /Users/bhavishyachallagolla/Desktop/RetailSense/.venv/lib/python3.12/site-packages/airflow/example_dags/example_outlet_event_extra.py for tasks to queue
[2026-07-17T22:57:39.253+0530] {logging_mixin.py:190} INFO - [2026-07-17T22:57:39.253+0530] {dagbag.py:588} INFO - Filling up the DagBag from /Users/bhavishyachallagolla/Desktop/RetailSense/.venv/lib/python3.12/site-packages/airflow/example_dags/example_outlet_event_extra.py
[2026-07-17T22:57:39.282+0530] {processor.py:925} INFO - DAG(s) 'dataset_with_extra_by_context', 'dataset_with_extra_from_classic_operator', 'dataset_with_extra_by_yield' retrieved from /Users/bhavishyachallagolla/Desktop/RetailSense/.venv/lib/python3.12/site-packages/airflow/example_dags/example_outlet_event_extra.py
[2026-07-17T22:57:39.307+0530] {logging_mixin.py:190} INFO - [2026-07-17T22:57:39.307+0530] {dag.py:3239} INFO - Sync 3 DAGs
[2026-07-17T22:57:39.312+0530] {logging_mixin.py:190} INFO - [2026-07-17T22:57:39.312+0530] {dag.py:4180} INFO - Setting next_dagrun for dataset_with_extra_by_context to 2026-07-16 00:00:00+00:00, run_after=2026-07-17 00:00:00+00:00
[2026-07-17T22:57:39.313+0530] {logging_mixin.py:190} INFO - [2026-07-17T22:57:39.313+0530] {dag.py:4180} INFO - Setting next_dagrun for dataset_with_extra_by_yield to 2026-07-16 00:00:00+00:00, run_after=2026-07-17 00:00:00+00:00
[2026-07-17T22:57:39.314+0530] {logging_mixin.py:190} INFO - [2026-07-17T22:57:39.314+0530] {dag.py:4180} INFO - Setting next_dagrun for dataset_with_extra_from_classic_operator to 2026-07-16 00:00:00+00:00, run_after=2026-07-17 00:00:00+00:00
[2026-07-17T22:57:39.319+0530] {processor.py:208} INFO - Processing /Users/bhavishyachallagolla/Desktop/RetailSense/.venv/lib/python3.12/site-packages/airflow/example_dags/example_outlet_event_extra.py took 0.069 seconds
[2026-07-17T22:59:58.336+0530] {processor.py:186} INFO - Started process (PID=95442) to work on /Users/bhavishyachallagolla/Desktop/RetailSense/.venv/lib/python3.12/site-packages/airflow/example_dags/example_outlet_event_extra.py
[2026-07-17T22:59:58.337+0530] {processor.py:914} INFO - Processing file /Users/bhavishyachallagolla/Desktop/RetailSense/.venv/lib/python3.12/site-packages/airflow/example_dags/example_outlet_event_extra.py for tasks to queue
[2026-07-17T22:59:58.337+0530] {logging_mixin.py:190} INFO - [2026-07-17T22:59:58.337+0530] {dagbag.py:588} INFO - Filling up the DagBag from /Users/bhavishyachallagolla/Desktop/RetailSense/.venv/lib/python3.12/site-packages/airflow/example_dags/example_outlet_event_extra.py
[2026-07-17T22:59:58.423+0530] {processor.py:925} INFO - DAG(s) 'dataset_with_extra_by_context', 'dataset_with_extra_from_classic_operator', 'dataset_with_extra_by_yield' retrieved from /Users/bhavishyachallagolla/Desktop/RetailSense/.venv/lib/python3.12/site-packages/airflow/example_dags/example_outlet_event_extra.py
[2026-07-17T22:59:58.457+0530] {logging_mixin.py:190} INFO - [2026-07-17T22:59:58.457+0530] {dag.py:3239} INFO - Sync 3 DAGs
[2026-07-17T22:59:58.464+0530] {logging_mixin.py:190} INFO - [2026-07-17T22:59:58.464+0530] {dag.py:4180} INFO - Setting next_dagrun for dataset_with_extra_by_context to 2026-07-16 00:00:00+00:00, run_after=2026-07-17 00:00:00+00:00
[2026-07-17T22:59:58.466+0530] {logging_mixin.py:190} INFO - [2026-07-17T22:59:58.466+0530] {dag.py:4180} INFO - Setting next_dagrun for dataset_with_extra_by_yield to 2026-07-16 00:00:00+00:00, run_after=2026-07-17 00:00:00+00:00
[2026-07-17T22:59:58.467+0530] {logging_mixin.py:190} INFO - [2026-07-17T22:59:58.467+0530] {dag.py:4180} INFO - Setting next_dagrun for dataset_with_extra_from_classic_operator to 2026-07-16 00:00:00+00:00, run_after=2026-07-17 00:00:00+00:00
[2026-07-17T22:59:58.475+0530] {processor.py:208} INFO - Processing /Users/bhavishyachallagolla/Desktop/RetailSense/.venv/lib/python3.12/site-packages/airflow/example_dags/example_outlet_event_extra.py took 0.140 seconds
[2026-07-17T23:02:07.056+0530] {processor.py:186} INFO - Started process (PID=95694) to work on /Users/bhavishyachallagolla/Desktop/RetailSense/.venv/lib/python3.12/site-packages/airflow/example_dags/example_outlet_event_extra.py
[2026-07-17T23:02:07.057+0530] {processor.py:914} INFO - Processing file /Users/bhavishyachallagolla/Desktop/RetailSense/.venv/lib/python3.12/site-packages/airflow/example_dags/example_outlet_event_extra.py for tasks to queue
[2026-07-17T23:02:07.057+0530] {logging_mixin.py:190} INFO - [2026-07-17T23:02:07.057+0530] {dagbag.py:588} INFO - Filling up the DagBag from /Users/bhavishyachallagolla/Desktop/RetailSense/.venv/lib/python3.12/site-packages/airflow/example_dags/example_outlet_event_extra.py
[2026-07-17T23:02:07.080+0530] {processor.py:925} INFO - DAG(s) 'dataset_with_extra_from_classic_operator', 'dataset_with_extra_by_yield', 'dataset_with_extra_by_context' retrieved from /Users/bhavishyachallagolla/Desktop/RetailSense/.venv/lib/python3.12/site-packages/airflow/example_dags/example_outlet_event_extra.py
[2026-07-17T23:02:07.106+0530] {logging_mixin.py:190} INFO - [2026-07-17T23:02:07.106+0530] {dag.py:3239} INFO - Sync 3 DAGs
[2026-07-17T23:02:07.111+0530] {logging_mixin.py:190} INFO - [2026-07-17T23:02:07.111+0530] {dag.py:4180} INFO - Setting next_dagrun for dataset_with_extra_by_context to 2026-07-16 00:00:00+00:00, run_after=2026-07-17 00:00:00+00:00
[2026-07-17T23:02:07.112+0530] {logging_mixin.py:190} INFO - [2026-07-17T23:02:07.112+0530] {dag.py:4180} INFO - Setting next_dagrun for dataset_with_extra_by_yield to 2026-07-16 00:00:00+00:00, run_after=2026-07-17 00:00:00+00:00
[2026-07-17T23:02:07.112+0530] {logging_mixin.py:190} INFO - [2026-07-17T23:02:07.112+0530] {dag.py:4180} INFO - Setting next_dagrun for dataset_with_extra_from_classic_operator to 2026-07-16 00:00:00+00:00, run_after=2026-07-17 00:00:00+00:00
[2026-07-17T23:02:07.118+0530] {processor.py:208} INFO - Processing /Users/bhavishyachallagolla/Desktop/RetailSense/.venv/lib/python3.12/site-packages/airflow/example_dags/example_outlet_event_extra.py took 0.062 seconds
[2026-07-17T23:03:47.226+0530] {processor.py:186} INFO - Started process (PID=95848) to work on /Users/bhavishyachallagolla/Desktop/RetailSense/.venv/lib/python3.12/site-packages/airflow/example_dags/example_outlet_event_extra.py
[2026-07-17T23:03:47.226+0530] {processor.py:914} INFO - Processing file /Users/bhavishyachallagolla/Desktop/RetailSense/.venv/lib/python3.12/site-packages/airflow/example_dags/example_outlet_event_extra.py for tasks to queue
[2026-07-17T23:03:47.226+0530] {logging_mixin.py:190} INFO - [2026-07-17T23:03:47.226+0530] {dagbag.py:588} INFO - Filling up the DagBag from /Users/bhavishyachallagolla/Desktop/RetailSense/.venv/lib/python3.12/site-packages/airflow/example_dags/example_outlet_event_extra.py
[2026-07-17T23:03:47.248+0530] {processor.py:925} INFO - DAG(s) 'dataset_with_extra_from_classic_operator', 'dataset_with_extra_by_yield', 'dataset_with_extra_by_context' retrieved from /Users/bhavishyachallagolla/Desktop/RetailSense/.venv/lib/python3.12/site-packages/airflow/example_dags/example_outlet_event_extra.py
[2026-07-17T23:03:47.274+0530] {logging_mixin.py:190} INFO - [2026-07-17T23:03:47.274+0530] {dag.py:3239} INFO - Sync 3 DAGs
[2026-07-17T23:03:47.279+0530] {logging_mixin.py:190} INFO - [2026-07-17T23:03:47.279+0530] {dag.py:4180} INFO - Setting next_dagrun for dataset_with_extra_by_context to 2026-07-16 00:00:00+00:00, run_after=2026-07-17 00:00:00+00:00
[2026-07-17T23:03:47.280+0530] {logging_mixin.py:190} INFO - [2026-07-17T23:03:47.280+0530] {dag.py:4180} INFO - Setting next_dagrun for dataset_with_extra_by_yield to 2026-07-16 00:00:00+00:00, run_after=2026-07-17 00:00:00+00:00
[2026-07-17T23:03:47.281+0530] {logging_mixin.py:190} INFO - [2026-07-17T23:03:47.281+0530] {dag.py:4180} INFO - Setting next_dagrun for dataset_with_extra_from_classic_operator to 2026-07-16 00:00:00+00:00, run_after=2026-07-17 00:00:00+00:00
[2026-07-17T23:03:47.286+0530] {processor.py:208} INFO - Processing /Users/bhavishyachallagolla/Desktop/RetailSense/.venv/lib/python3.12/site-packages/airflow/example_dags/example_outlet_event_extra.py took 0.061 seconds
[2026-07-17T23:05:27.967+0530] {processor.py:186} INFO - Started process (PID=96000) to work on /Users/bhavishyachallagolla/Desktop/RetailSense/.venv/lib/python3.12/site-packages/airflow/example_dags/example_outlet_event_extra.py
[2026-07-17T23:05:27.967+0530] {processor.py:914} INFO - Processing file /Users/bhavishyachallagolla/Desktop/RetailSense/.venv/lib/python3.12/site-packages/airflow/example_dags/example_outlet_event_extra.py for tasks to queue
[2026-07-17T23:05:27.967+0530] {logging_mixin.py:190} INFO - [2026-07-17T23:05:27.967+0530] {dagbag.py:588} INFO - Filling up the DagBag from /Users/bhavishyachallagolla/Desktop/RetailSense/.venv/lib/python3.12/site-packages/airflow/example_dags/example_outlet_event_extra.py
[2026-07-17T23:05:27.988+0530] {processor.py:925} INFO - DAG(s) 'dataset_with_extra_by_yield', 'dataset_with_extra_by_context', 'dataset_with_extra_from_classic_operator' retrieved from /Users/bhavishyachallagolla/Desktop/RetailSense/.venv/lib/python3.12/site-packages/airflow/example_dags/example_outlet_event_extra.py
[2026-07-17T23:05:28.013+0530] {logging_mixin.py:190} INFO - [2026-07-17T23:05:28.013+0530] {dag.py:3239} INFO - Sync 3 DAGs
[2026-07-17T23:05:28.018+0530] {logging_mixin.py:190} INFO - [2026-07-17T23:05:28.018+0530] {dag.py:4180} INFO - Setting next_dagrun for dataset_with_extra_by_context to 2026-07-16 00:00:00+00:00, run_after=2026-07-17 00:00:00+00:00
[2026-07-17T23:05:28.019+0530] {logging_mixin.py:190} INFO - [2026-07-17T23:05:28.019+0530] {dag.py:4180} INFO - Setting next_dagrun for dataset_with_extra_by_yield to 2026-07-16 00:00:00+00:00, run_after=2026-07-17 00:00:00+00:00
[2026-07-17T23:05:28.020+0530] {logging_mixin.py:190} INFO - [2026-07-17T23:05:28.019+0530] {dag.py:4180} INFO - Setting next_dagrun for dataset_with_extra_from_classic_operator to 2026-07-16 00:00:00+00:00, run_after=2026-07-17 00:00:00+00:00
[2026-07-17T23:05:28.024+0530] {processor.py:208} INFO - Processing /Users/bhavishyachallagolla/Desktop/RetailSense/.venv/lib/python3.12/site-packages/airflow/example_dags/example_outlet_event_extra.py took 0.059 seconds
[2026-07-17T23:07:08.732+0530] {processor.py:186} INFO - Started process (PID=96150) to work on /Users/bhavishyachallagolla/Desktop/RetailSense/.venv/lib/python3.12/site-packages/airflow/example_dags/example_outlet_event_extra.py
[2026-07-17T23:07:08.732+0530] {processor.py:914} INFO - Processing file /Users/bhavishyachallagolla/Desktop/RetailSense/.venv/lib/python3.12/site-packages/airflow/example_dags/example_outlet_event_extra.py for tasks to queue
[2026-07-17T23:07:08.733+0530] {logging_mixin.py:190} INFO - [2026-07-17T23:07:08.733+0530] {dagbag.py:588} INFO - Filling up the DagBag from /Users/bhavishyachallagolla/Desktop/RetailSense/.venv/lib/python3.12/site-packages/airflow/example_dags/example_outlet_event_extra.py
[2026-07-17T23:07:08.754+0530] {processor.py:925} INFO - DAG(s) 'dataset_with_extra_by_yield', 'dataset_with_extra_by_context', 'dataset_with_extra_from_classic_operator' retrieved from /Users/bhavishyachallagolla/Desktop/RetailSense/.venv/lib/python3.12/site-packages/airflow/example_dags/example_outlet_event_extra.py
[2026-07-17T23:07:08.779+0530] {logging_mixin.py:190} INFO - [2026-07-17T23:07:08.779+0530] {dag.py:3239} INFO - Sync 3 DAGs
[2026-07-17T23:07:08.784+0530] {logging_mixin.py:190} INFO - [2026-07-17T23:07:08.784+0530] {dag.py:4180} INFO - Setting next_dagrun for dataset_with_extra_by_context to 2026-07-16 00:00:00+00:00, run_after=2026-07-17 00:00:00+00:00
[2026-07-17T23:07:08.785+0530] {logging_mixin.py:190} INFO - [2026-07-17T23:07:08.785+0530] {dag.py:4180} INFO - Setting next_dagrun for dataset_with_extra_by_yield to 2026-07-16 00:00:00+00:00, run_after=2026-07-17 00:00:00+00:00
[2026-07-17T23:07:08.786+0530] {logging_mixin.py:190} INFO - [2026-07-17T23:07:08.786+0530] {dag.py:4180} INFO - Setting next_dagrun for dataset_with_extra_from_classic_operator to 2026-07-16 00:00:00+00:00, run_after=2026-07-17 00:00:00+00:00
[2026-07-17T23:07:08.791+0530] {processor.py:208} INFO - Processing /Users/bhavishyachallagolla/Desktop/RetailSense/.venv/lib/python3.12/site-packages/airflow/example_dags/example_outlet_event_extra.py took 0.060 seconds
[2026-07-17T23:08:49.789+0530] {processor.py:186} INFO - Started process (PID=96311) to work on /Users/bhavishyachallagolla/Desktop/RetailSense/.venv/lib/python3.12/site-packages/airflow/example_dags/example_outlet_event_extra.py
[2026-07-17T23:08:49.789+0530] {processor.py:914} INFO - Processing file /Users/bhavishyachallagolla/Desktop/RetailSense/.venv/lib/python3.12/site-packages/airflow/example_dags/example_outlet_event_extra.py for tasks to queue
[2026-07-17T23:08:49.790+0530] {logging_mixin.py:190} INFO - [2026-07-17T23:08:49.789+0530] {dagbag.py:588} INFO - Filling up the DagBag from /Users/bhavishyachallagolla/Desktop/RetailSense/.venv/lib/python3.12/site-packages/airflow/example_dags/example_outlet_event_extra.py
[2026-07-17T23:08:49.811+0530] {processor.py:925} INFO - DAG(s) 'dataset_with_extra_by_context', 'dataset_with_extra_by_yield', 'dataset_with_extra_from_classic_operator' retrieved from /Users/bhavishyachallagolla/Desktop/RetailSense/.venv/lib/python3.12/site-packages/airflow/example_dags/example_outlet_event_extra.py
[2026-07-17T23:08:49.837+0530] {logging_mixin.py:190} INFO - [2026-07-17T23:08:49.837+0530] {dag.py:3239} INFO - Sync 3 DAGs
[2026-07-17T23:08:49.842+0530] {logging_mixin.py:190} INFO - [2026-07-17T23:08:49.842+0530] {dag.py:4180} INFO - Setting next_dagrun for dataset_with_extra_by_context to 2026-07-16 00:00:00+00:00, run_after=2026-07-17 00:00:00+00:00
[2026-07-17T23:08:49.843+0530] {logging_mixin.py:190} INFO - [2026-07-17T23:08:49.843+0530] {dag.py:4180} INFO - Setting next_dagrun for dataset_with_extra_by_yield to 2026-07-16 00:00:00+00:00, run_after=2026-07-17 00:00:00+00:00
[2026-07-17T23:08:49.843+0530] {logging_mixin.py:190} INFO - [2026-07-17T23:08:49.843+0530] {dag.py:4180} INFO - Setting next_dagrun for dataset_with_extra_from_classic_operator to 2026-07-16 00:00:00+00:00, run_after=2026-07-17 00:00:00+00:00
[2026-07-17T23:08:49.849+0530] {processor.py:208} INFO - Processing /Users/bhavishyachallagolla/Desktop/RetailSense/.venv/lib/python3.12/site-packages/airflow/example_dags/example_outlet_event_extra.py took 0.061 seconds
[2026-07-17T23:10:28.696+0530] {processor.py:186} INFO - Started process (PID=96458) to work on /Users/bhavishyachallagolla/Desktop/RetailSense/.venv/lib/python3.12/site-packages/airflow/example_dags/example_outlet_event_extra.py
[2026-07-17T23:10:28.696+0530] {processor.py:914} INFO - Processing file /Users/bhavishyachallagolla/Desktop/RetailSense/.venv/lib/python3.12/site-packages/airflow/example_dags/example_outlet_event_extra.py for tasks to queue
[2026-07-17T23:10:28.697+0530] {logging_mixin.py:190} INFO - [2026-07-17T23:10:28.697+0530] {dagbag.py:588} INFO - Filling up the DagBag from /Users/bhavishyachallagolla/Desktop/RetailSense/.venv/lib/python3.12/site-packages/airflow/example_dags/example_outlet_event_extra.py
[2026-07-17T23:10:28.718+0530] {processor.py:925} INFO - DAG(s) 'dataset_with_extra_by_context', 'dataset_with_extra_by_yield', 'dataset_with_extra_from_classic_operator' retrieved from /Users/bhavishyachallagolla/Desktop/RetailSense/.venv/lib/python3.12/site-packages/airflow/example_dags/example_outlet_event_extra.py
[2026-07-17T23:10:28.743+0530] {logging_mixin.py:190} INFO - [2026-07-17T23:10:28.743+0530] {dag.py:3239} INFO - Sync 3 DAGs
[2026-07-17T23:10:28.748+0530] {logging_mixin.py:190} INFO - [2026-07-17T23:10:28.748+0530] {dag.py:4180} INFO - Setting next_dagrun for dataset_with_extra_by_context to 2026-07-16 00:00:00+00:00, run_after=2026-07-17 00:00:00+00:00
[2026-07-17T23:10:28.749+0530] {logging_mixin.py:190} INFO - [2026-07-17T23:10:28.749+0530] {dag.py:4180} INFO - Setting next_dagrun for dataset_with_extra_by_yield to 2026-07-16 00:00:00+00:00, run_after=2026-07-17 00:00:00+00:00
[2026-07-17T23:10:28.750+0530] {logging_mixin.py:190} INFO - [2026-07-17T23:10:28.750+0530] {dag.py:4180} INFO - Setting next_dagrun for dataset_with_extra_from_classic_operator to 2026-07-16 00:00:00+00:00, run_after=2026-07-17 00:00:00+00:00
[2026-07-17T23:10:28.755+0530] {processor.py:208} INFO - Processing /Users/bhavishyachallagolla/Desktop/RetailSense/.venv/lib/python3.12/site-packages/airflow/example_dags/example_outlet_event_extra.py took 0.059 seconds
[2026-07-17T23:12:06.663+0530] {processor.py:186} INFO - Started process (PID=96645) to work on /Users/bhavishyachallagolla/Desktop/RetailSense/.venv/lib/python3.12/site-packages/airflow/example_dags/example_outlet_event_extra.py
[2026-07-17T23:12:06.664+0530] {processor.py:914} INFO - Processing file /Users/bhavishyachallagolla/Desktop/RetailSense/.venv/lib/python3.12/site-packages/airflow/example_dags/example_outlet_event_extra.py for tasks to queue
[2026-07-17T23:12:06.664+0530] {logging_mixin.py:190} INFO - [2026-07-17T23:12:06.664+0530] {dagbag.py:588} INFO - Filling up the DagBag from /Users/bhavishyachallagolla/Desktop/RetailSense/.venv/lib/python3.12/site-packages/airflow/example_dags/example_outlet_event_extra.py
[2026-07-17T23:12:06.686+0530] {processor.py:925} INFO - DAG(s) 'dataset_with_extra_by_yield', 'dataset_with_extra_by_context', 'dataset_with_extra_from_classic_operator' retrieved from /Users/bhavishyachallagolla/Desktop/RetailSense/.venv/lib/python3.12/site-packages/airflow/example_dags/example_outlet_event_extra.py
[2026-07-17T23:12:06.711+0530] {logging_mixin.py:190} INFO - [2026-07-17T23:12:06.711+0530] {dag.py:3239} INFO - Sync 3 DAGs
[2026-07-17T23:12:06.716+0530] {logging_mixin.py:190} INFO - [2026-07-17T23:12:06.716+0530] {dag.py:4180} INFO - Setting next_dagrun for dataset_with_extra_by_context to 2026-07-16 00:00:00+00:00, run_after=2026-07-17 00:00:00+00:00
[2026-07-17T23:12:06.717+0530] {logging_mixin.py:190} INFO - [2026-07-17T23:12:06.717+0530] {dag.py:4180} INFO - Setting next_dagrun for dataset_with_extra_by_yield to 2026-07-16 00:00:00+00:00, run_after=2026-07-17 00:00:00+00:00
[2026-07-17T23:12:06.717+0530] {logging_mixin.py:190} INFO - [2026-07-17T23:12:06.717+0530] {dag.py:4180} INFO - Setting next_dagrun for dataset_with_extra_from_classic_operator to 2026-07-16 00:00:00+00:00, run_after=2026-07-17 00:00:00+00:00
[2026-07-17T23:12:06.722+0530] {processor.py:208} INFO - Processing /Users/bhavishyachallagolla/Desktop/RetailSense/.venv/lib/python3.12/site-packages/airflow/example_dags/example_outlet_event_extra.py took 0.060 seconds
[2026-07-17T23:13:44.921+0530] {processor.py:186} INFO - Started process (PID=96823) to work on /Users/bhavishyachallagolla/Desktop/RetailSense/.venv/lib/python3.12/site-packages/airflow/example_dags/example_outlet_event_extra.py
[2026-07-17T23:13:44.922+0530] {processor.py:914} INFO - Processing file /Users/bhavishyachallagolla/Desktop/RetailSense/.venv/lib/python3.12/site-packages/airflow/example_dags/example_outlet_event_extra.py for tasks to queue
[2026-07-17T23:13:44.922+0530] {logging_mixin.py:190} INFO - [2026-07-17T23:13:44.922+0530] {dagbag.py:588} INFO - Filling up the DagBag from /Users/bhavishyachallagolla/Desktop/RetailSense/.venv/lib/python3.12/site-packages/airflow/example_dags/example_outlet_event_extra.py
[2026-07-17T23:13:44.944+0530] {processor.py:925} INFO - DAG(s) 'dataset_with_extra_from_classic_operator', 'dataset_with_extra_by_yield', 'dataset_with_extra_by_context' retrieved from /Users/bhavishyachallagolla/Desktop/RetailSense/.venv/lib/python3.12/site-packages/airflow/example_dags/example_outlet_event_extra.py
[2026-07-17T23:13:44.969+0530] {logging_mixin.py:190} INFO - [2026-07-17T23:13:44.969+0530] {dag.py:3239} INFO - Sync 3 DAGs
[2026-07-17T23:13:44.974+0530] {logging_mixin.py:190} INFO - [2026-07-17T23:13:44.974+0530] {dag.py:4180} INFO - Setting next_dagrun for dataset_with_extra_by_context to 2026-07-16 00:00:00+00:00, run_after=2026-07-17 00:00:00+00:00
[2026-07-17T23:13:44.975+0530] {logging_mixin.py:190} INFO - [2026-07-17T23:13:44.975+0530] {dag.py:4180} INFO - Setting next_dagrun for dataset_with_extra_by_yield to 2026-07-16 00:00:00+00:00, run_after=2026-07-17 00:00:00+00:00
[2026-07-17T23:13:44.976+0530] {logging_mixin.py:190} INFO - [2026-07-17T23:13:44.976+0530] {dag.py:4180} INFO - Setting next_dagrun for dataset_with_extra_from_classic_operator to 2026-07-16 00:00:00+00:00, run_after=2026-07-17 00:00:00+00:00
[2026-07-17T23:13:44.981+0530] {processor.py:208} INFO - Processing /Users/bhavishyachallagolla/Desktop/RetailSense/.venv/lib/python3.12/site-packages/airflow/example_dags/example_outlet_event_extra.py took 0.061 seconds
[2026-07-17T23:15:27.875+0530] {processor.py:186} INFO - Started process (PID=96990) to work on /Users/bhavishyachallagolla/Desktop/RetailSense/.venv/lib/python3.12/site-packages/airflow/example_dags/example_outlet_event_extra.py
[2026-07-17T23:15:27.876+0530] {processor.py:914} INFO - Processing file /Users/bhavishyachallagolla/Desktop/RetailSense/.venv/lib/python3.12/site-packages/airflow/example_dags/example_outlet_event_extra.py for tasks to queue
[2026-07-17T23:15:27.876+0530] {logging_mixin.py:190} INFO - [2026-07-17T23:15:27.876+0530] {dagbag.py:588} INFO - Filling up the DagBag from /Users/bhavishyachallagolla/Desktop/RetailSense/.venv/lib/python3.12/site-packages/airflow/example_dags/example_outlet_event_extra.py
[2026-07-17T23:15:27.898+0530] {processor.py:925} INFO - DAG(s) 'dataset_with_extra_by_context', 'dataset_with_extra_by_yield', 'dataset_with_extra_from_classic_operator' retrieved from /Users/bhavishyachallagolla/Desktop/RetailSense/.venv/lib/python3.12/site-packages/airflow/example_dags/example_outlet_event_extra.py
[2026-07-17T23:15:27.925+0530] {logging_mixin.py:190} INFO - [2026-07-17T23:15:27.924+0530] {dag.py:3239} INFO - Sync 3 DAGs
[2026-07-17T23:15:27.930+0530] {logging_mixin.py:190} INFO - [2026-07-17T23:15:27.929+0530] {dag.py:4180} INFO - Setting next_dagrun for dataset_with_extra_by_context to 2026-07-16 00:00:00+00:00, run_after=2026-07-17 00:00:00+00:00
[2026-07-17T23:15:27.931+0530] {logging_mixin.py:190} INFO - [2026-07-17T23:15:27.931+0530] {dag.py:4180} INFO - Setting next_dagrun for dataset_with_extra_by_yield to 2026-07-16 00:00:00+00:00, run_after=2026-07-17 00:00:00+00:00
[2026-07-17T23:15:27.931+0530] {logging_mixin.py:190} INFO - [2026-07-17T23:15:27.931+0530] {dag.py:4180} INFO - Setting next_dagrun for dataset_with_extra_from_classic_operator to 2026-07-16 00:00:00+00:00, run_after=2026-07-17 00:00:00+00:00
[2026-07-17T23:15:27.936+0530] {processor.py:208} INFO - Processing /Users/bhavishyachallagolla/Desktop/RetailSense/.venv/lib/python3.12/site-packages/airflow/example_dags/example_outlet_event_extra.py took 0.062 seconds
[2026-07-17T23:17:09.595+0530] {processor.py:186} INFO - Started process (PID=97214) to work on /Users/bhavishyachallagolla/Desktop/RetailSense/.venv/lib/python3.12/site-packages/airflow/example_dags/example_outlet_event_extra.py
[2026-07-17T23:17:09.595+0530] {processor.py:914} INFO - Processing file /Users/bhavishyachallagolla/Desktop/RetailSense/.venv/lib/python3.12/site-packages/airflow/example_dags/example_outlet_event_extra.py for tasks to queue
[2026-07-17T23:17:09.595+0530] {logging_mixin.py:190} INFO - [2026-07-17T23:17:09.595+0530] {dagbag.py:588} INFO - Filling up the DagBag from /Users/bhavishyachallagolla/Desktop/RetailSense/.venv/lib/python3.12/site-packages/airflow/example_dags/example_outlet_event_extra.py
[2026-07-17T23:17:09.618+0530] {processor.py:925} INFO - DAG(s) 'dataset_with_extra_by_context', 'dataset_with_extra_by_yield', 'dataset_with_extra_from_classic_operator' retrieved from /Users/bhavishyachallagolla/Desktop/RetailSense/.venv/lib/python3.12/site-packages/airflow/example_dags/example_outlet_event_extra.py
[2026-07-17T23:17:09.645+0530] {logging_mixin.py:190} INFO - [2026-07-17T23:17:09.645+0530] {dag.py:3239} INFO - Sync 3 DAGs
[2026-07-17T23:17:09.650+0530] {logging_mixin.py:190} INFO - [2026-07-17T23:17:09.650+0530] {dag.py:4180} INFO - Setting next_dagrun for dataset_with_extra_by_context to 2026-07-16 00:00:00+00:00, run_after=2026-07-17 00:00:00+00:00
[2026-07-17T23:17:09.651+0530] {logging_mixin.py:190} INFO - [2026-07-17T23:17:09.651+0530] {dag.py:4180} INFO - Setting next_dagrun for dataset_with_extra_by_yield to 2026-07-16 00:00:00+00:00, run_after=2026-07-17 00:00:00+00:00
[2026-07-17T23:17:09.651+0530] {logging_mixin.py:190} INFO - [2026-07-17T23:17:09.651+0530] {dag.py:4180} INFO - Setting next_dagrun for dataset_with_extra_from_classic_operator to 2026-07-16 00:00:00+00:00, run_after=2026-07-17 00:00:00+00:00
[2026-07-17T23:17:09.657+0530] {processor.py:208} INFO - Processing /Users/bhavishyachallagolla/Desktop/RetailSense/.venv/lib/python3.12/site-packages/airflow/example_dags/example_outlet_event_extra.py took 0.063 seconds
[2026-07-17T23:18:52.688+0530] {processor.py:186} INFO - Started process (PID=97402) to work on /Users/bhavishyachallagolla/Desktop/RetailSense/.venv/lib/python3.12/site-packages/airflow/example_dags/example_outlet_event_extra.py
[2026-07-17T23:18:52.689+0530] {processor.py:914} INFO - Processing file /Users/bhavishyachallagolla/Desktop/RetailSense/.venv/lib/python3.12/site-packages/airflow/example_dags/example_outlet_event_extra.py for tasks to queue
[2026-07-17T23:18:52.689+0530] {logging_mixin.py:190} INFO - [2026-07-17T23:18:52.689+0530] {dagbag.py:588} INFO - Filling up the DagBag from /Users/bhavishyachallagolla/Desktop/RetailSense/.venv/lib/python3.12/site-packages/airflow/example_dags/example_outlet_event_extra.py
[2026-07-17T23:18:52.711+0530] {processor.py:925} INFO - DAG(s) 'dataset_with_extra_by_context', 'dataset_with_extra_from_classic_operator', 'dataset_with_extra_by_yield' retrieved from /Users/bhavishyachallagolla/Desktop/RetailSense/.venv/lib/python3.12/site-packages/airflow/example_dags/example_outlet_event_extra.py
[2026-07-17T23:18:52.737+0530] {logging_mixin.py:190} INFO - [2026-07-17T23:18:52.737+0530] {dag.py:3239} INFO - Sync 3 DAGs
[2026-07-17T23:18:52.742+0530] {logging_mixin.py:190} INFO - [2026-07-17T23:18:52.742+0530] {dag.py:4180} INFO - Setting next_dagrun for dataset_with_extra_by_context to 2026-07-16 00:00:00+00:00, run_after=2026-07-17 00:00:00+00:00
[2026-07-17T23:18:52.743+0530] {logging_mixin.py:190} INFO - [2026-07-17T23:18:52.743+0530] {dag.py:4180} INFO - Setting next_dagrun for dataset_with_extra_by_yield to 2026-07-16 00:00:00+00:00, run_after=2026-07-17 00:00:00+00:00
[2026-07-17T23:18:52.743+0530] {logging_mixin.py:190} INFO - [2026-07-17T23:18:52.743+0530] {dag.py:4180} INFO - Setting next_dagrun for dataset_with_extra_from_classic_operator to 2026-07-16 00:00:00+00:00, run_after=2026-07-17 00:00:00+00:00
[2026-07-17T23:18:52.748+0530] {processor.py:208} INFO - Processing /Users/bhavishyachallagolla/Desktop/RetailSense/.venv/lib/python3.12/site-packages/airflow/example_dags/example_outlet_event_extra.py took 0.061 seconds
[2026-07-17T23:20:33.736+0530] {processor.py:186} INFO - Started process (PID=97552) to work on /Users/bhavishyachallagolla/Desktop/RetailSense/.venv/lib/python3.12/site-packages/airflow/example_dags/example_outlet_event_extra.py
[2026-07-17T23:20:33.737+0530] {processor.py:914} INFO - Processing file /Users/bhavishyachallagolla/Desktop/RetailSense/.venv/lib/python3.12/site-packages/airflow/example_dags/example_outlet_event_extra.py for tasks to queue
[2026-07-17T23:20:33.737+0530] {logging_mixin.py:190} INFO - [2026-07-17T23:20:33.737+0530] {dagbag.py:588} INFO - Filling up the DagBag from /Users/bhavishyachallagolla/Desktop/RetailSense/.venv/lib/python3.12/site-packages/airflow/example_dags/example_outlet_event_extra.py
[2026-07-17T23:20:33.759+0530] {processor.py:925} INFO - DAG(s) 'dataset_with_extra_from_classic_operator', 'dataset_with_extra_by_context', 'dataset_with_extra_by_yield' retrieved from /Users/bhavishyachallagolla/Desktop/RetailSense/.venv/lib/python3.12/site-packages/airflow/example_dags/example_outlet_event_extra.py
[2026-07-17T23:20:33.785+0530] {logging_mixin.py:190} INFO - [2026-07-17T23:20:33.785+0530] {dag.py:3239} INFO - Sync 3 DAGs
[2026-07-17T23:20:33.790+0530] {logging_mixin.py:190} INFO - [2026-07-17T23:20:33.790+0530] {dag.py:4180} INFO - Setting next_dagrun for dataset_with_extra_by_context to 2026-07-16 00:00:00+00:00, run_after=2026-07-17 00:00:00+00:00
[2026-07-17T23:20:33.791+0530] {logging_mixin.py:190} INFO - [2026-07-17T23:20:33.791+0530] {dag.py:4180} INFO - Setting next_dagrun for dataset_with_extra_by_yield to 2026-07-16 00:00:00+00:00, run_after=2026-07-17 00:00:00+00:00
[2026-07-17T23:20:33.792+0530] {logging_mixin.py:190} INFO - [2026-07-17T23:20:33.792+0530] {dag.py:4180} INFO - Setting next_dagrun for dataset_with_extra_from_classic_operator to 2026-07-16 00:00:00+00:00, run_after=2026-07-17 00:00:00+00:00
[2026-07-17T23:20:33.797+0530] {processor.py:208} INFO - Processing /Users/bhavishyachallagolla/Desktop/RetailSense/.venv/lib/python3.12/site-packages/airflow/example_dags/example_outlet_event_extra.py took 0.062 seconds
[2026-07-17T23:22:14.109+0530] {processor.py:186} INFO - Started process (PID=97703) to work on /Users/bhavishyachallagolla/Desktop/RetailSense/.venv/lib/python3.12/site-packages/airflow/example_dags/example_outlet_event_extra.py
[2026-07-17T23:22:14.109+0530] {processor.py:914} INFO - Processing file /Users/bhavishyachallagolla/Desktop/RetailSense/.venv/lib/python3.12/site-packages/airflow/example_dags/example_outlet_event_extra.py for tasks to queue
[2026-07-17T23:22:14.110+0530] {logging_mixin.py:190} INFO - [2026-07-17T23:22:14.110+0530] {dagbag.py:588} INFO - Filling up the DagBag from /Users/bhavishyachallagolla/Desktop/RetailSense/.venv/lib/python3.12/site-packages/airflow/example_dags/example_outlet_event_extra.py
[2026-07-17T23:22:14.132+0530] {processor.py:925} INFO - DAG(s) 'dataset_with_extra_by_yield', 'dataset_with_extra_from_classic_operator', 'dataset_with_extra_by_context' retrieved from /Users/bhavishyachallagolla/Desktop/RetailSense/.venv/lib/python3.12/site-packages/airflow/example_dags/example_outlet_event_extra.py
[2026-07-17T23:22:14.159+0530] {logging_mixin.py:190} INFO - [2026-07-17T23:22:14.159+0530] {dag.py:3239} INFO - Sync 3 DAGs
[2026-07-17T23:22:14.164+0530] {logging_mixin.py:190} INFO - [2026-07-17T23:22:14.164+0530] {dag.py:4180} INFO - Setting next_dagrun for dataset_with_extra_by_context to 2026-07-16 00:00:00+00:00, run_after=2026-07-17 00:00:00+00:00
[2026-07-17T23:22:14.165+0530] {logging_mixin.py:190} INFO - [2026-07-17T23:22:14.165+0530] {dag.py:4180} INFO - Setting next_dagrun for dataset_with_extra_by_yield to 2026-07-16 00:00:00+00:00, run_after=2026-07-17 00:00:00+00:00
[2026-07-17T23:22:14.165+0530] {logging_mixin.py:190} INFO - [2026-07-17T23:22:14.165+0530] {dag.py:4180} INFO - Setting next_dagrun for dataset_with_extra_from_classic_operator to 2026-07-16 00:00:00+00:00, run_after=2026-07-17 00:00:00+00:00
[2026-07-17T23:22:14.171+0530] {processor.py:208} INFO - Processing /Users/bhavishyachallagolla/Desktop/RetailSense/.venv/lib/python3.12/site-packages/airflow/example_dags/example_outlet_event_extra.py took 0.063 seconds
[2026-07-17T23:23:55.706+0530] {processor.py:186} INFO - Started process (PID=97855) to work on /Users/bhavishyachallagolla/Desktop/RetailSense/.venv/lib/python3.12/site-packages/airflow/example_dags/example_outlet_event_extra.py
[2026-07-17T23:23:55.707+0530] {processor.py:914} INFO - Processing file /Users/bhavishyachallagolla/Desktop/RetailSense/.venv/lib/python3.12/site-packages/airflow/example_dags/example_outlet_event_extra.py for tasks to queue
[2026-07-17T23:23:55.707+0530] {logging_mixin.py:190} INFO - [2026-07-17T23:23:55.707+0530] {dagbag.py:588} INFO - Filling up the DagBag from /Users/bhavishyachallagolla/Desktop/RetailSense/.venv/lib/python3.12/site-packages/airflow/example_dags/example_outlet_event_extra.py
[2026-07-17T23:23:55.729+0530] {processor.py:925} INFO - DAG(s) 'dataset_with_extra_by_yield', 'dataset_with_extra_from_classic_operator', 'dataset_with_extra_by_context' retrieved from /Users/bhavishyachallagolla/Desktop/RetailSense/.venv/lib/python3.12/site-packages/airflow/example_dags/example_outlet_event_extra.py
[2026-07-17T23:23:55.754+0530] {logging_mixin.py:190} INFO - [2026-07-17T23:23:55.753+0530] {dag.py:3239} INFO - Sync 3 DAGs
[2026-07-17T23:23:55.758+0530] {logging_mixin.py:190} INFO - [2026-07-17T23:23:55.758+0530] {dag.py:4180} INFO - Setting next_dagrun for dataset_with_extra_by_context to 2026-07-16 00:00:00+00:00, run_after=2026-07-17 00:00:00+00:00
[2026-07-17T23:23:55.759+0530] {logging_mixin.py:190} INFO - [2026-07-17T23:23:55.759+0530] {dag.py:4180} INFO - Setting next_dagrun for dataset_with_extra_by_yield to 2026-07-16 00:00:00+00:00, run_after=2026-07-17 00:00:00+00:00
[2026-07-17T23:23:55.760+0530] {logging_mixin.py:190} INFO - [2026-07-17T23:23:55.760+0530] {dag.py:4180} INFO - Setting next_dagrun for dataset_with_extra_from_classic_operator to 2026-07-16 00:00:00+00:00, run_after=2026-07-17 00:00:00+00:00
[2026-07-17T23:23:55.765+0530] {processor.py:208} INFO - Processing /Users/bhavishyachallagolla/Desktop/RetailSense/.venv/lib/python3.12/site-packages/airflow/example_dags/example_outlet_event_extra.py took 0.059 seconds
[2026-07-17T23:25:35.933+0530] {processor.py:186} INFO - Started process (PID=98006) to work on /Users/bhavishyachallagolla/Desktop/RetailSense/.venv/lib/python3.12/site-packages/airflow/example_dags/example_outlet_event_extra.py
[2026-07-17T23:25:35.934+0530] {processor.py:914} INFO - Processing file /Users/bhavishyachallagolla/Desktop/RetailSense/.venv/lib/python3.12/site-packages/airflow/example_dags/example_outlet_event_extra.py for tasks to queue
[2026-07-17T23:25:35.934+0530] {logging_mixin.py:190} INFO - [2026-07-17T23:25:35.934+0530] {dagbag.py:588} INFO - Filling up the DagBag from /Users/bhavishyachallagolla/Desktop/RetailSense/.venv/lib/python3.12/site-packages/airflow/example_dags/example_outlet_event_extra.py
[2026-07-17T23:25:35.957+0530] {processor.py:925} INFO - DAG(s) 'dataset_with_extra_from_classic_operator', 'dataset_with_extra_by_yield', 'dataset_with_extra_by_context' retrieved from /Users/bhavishyachallagolla/Desktop/RetailSense/.venv/lib/python3.12/site-packages/airflow/example_dags/example_outlet_event_extra.py
[2026-07-17T23:25:35.983+0530] {logging_mixin.py:190} INFO - [2026-07-17T23:25:35.983+0530] {dag.py:3239} INFO - Sync 3 DAGs
[2026-07-17T23:25:35.988+0530] {logging_mixin.py:190} INFO - [2026-07-17T23:25:35.988+0530] {dag.py:4180} INFO - Setting next_dagrun for dataset_with_extra_by_context to 2026-07-16 00:00:00+00:00, run_after=2026-07-17 00:00:00+00:00
[2026-07-17T23:25:35.989+0530] {logging_mixin.py:190} INFO - [2026-07-17T23:25:35.989+0530] {dag.py:4180} INFO - Setting next_dagrun for dataset_with_extra_by_yield to 2026-07-16 00:00:00+00:00, run_after=2026-07-17 00:00:00+00:00
[2026-07-17T23:25:35.990+0530] {logging_mixin.py:190} INFO - [2026-07-17T23:25:35.990+0530] {dag.py:4180} INFO - Setting next_dagrun for dataset_with_extra_from_classic_operator to 2026-07-16 00:00:00+00:00, run_after=2026-07-17 00:00:00+00:00
[2026-07-17T23:25:35.995+0530] {processor.py:208} INFO - Processing /Users/bhavishyachallagolla/Desktop/RetailSense/.venv/lib/python3.12/site-packages/airflow/example_dags/example_outlet_event_extra.py took 0.063 seconds
[2026-07-17T23:27:18.270+0530] {processor.py:186} INFO - Started process (PID=98163) to work on /Users/bhavishyachallagolla/Desktop/RetailSense/.venv/lib/python3.12/site-packages/airflow/example_dags/example_outlet_event_extra.py
[2026-07-17T23:27:18.270+0530] {processor.py:914} INFO - Processing file /Users/bhavishyachallagolla/Desktop/RetailSense/.venv/lib/python3.12/site-packages/airflow/example_dags/example_outlet_event_extra.py for tasks to queue
[2026-07-17T23:27:18.270+0530] {logging_mixin.py:190} INFO - [2026-07-17T23:27:18.270+0530] {dagbag.py:588} INFO - Filling up the DagBag from /Users/bhavishyachallagolla/Desktop/RetailSense/.venv/lib/python3.12/site-packages/airflow/example_dags/example_outlet_event_extra.py
[2026-07-17T23:27:18.292+0530] {processor.py:925} INFO - DAG(s) 'dataset_with_extra_by_yield', 'dataset_with_extra_by_context', 'dataset_with_extra_from_classic_operator' retrieved from /Users/bhavishyachallagolla/Desktop/RetailSense/.venv/lib/python3.12/site-packages/airflow/example_dags/example_outlet_event_extra.py
[2026-07-17T23:27:18.317+0530] {logging_mixin.py:190} INFO - [2026-07-17T23:27:18.317+0530] {dag.py:3239} INFO - Sync 3 DAGs
[2026-07-17T23:27:18.322+0530] {logging_mixin.py:190} INFO - [2026-07-17T23:27:18.322+0530] {dag.py:4180} INFO - Setting next_dagrun for dataset_with_extra_by_context to 2026-07-16 00:00:00+00:00, run_after=2026-07-17 00:00:00+00:00
[2026-07-17T23:27:18.323+0530] {logging_mixin.py:190} INFO - [2026-07-17T23:27:18.323+0530] {dag.py:4180} INFO - Setting next_dagrun for dataset_with_extra_by_yield to 2026-07-16 00:00:00+00:00, run_after=2026-07-17 00:00:00+00:00
[2026-07-17T23:27:18.324+0530] {logging_mixin.py:190} INFO - [2026-07-17T23:27:18.324+0530] {dag.py:4180} INFO - Setting next_dagrun for dataset_with_extra_from_classic_operator to 2026-07-16 00:00:00+00:00, run_after=2026-07-17 00:00:00+00:00
[2026-07-17T23:27:18.329+0530] {processor.py:208} INFO - Processing /Users/bhavishyachallagolla/Desktop/RetailSense/.venv/lib/python3.12/site-packages/airflow/example_dags/example_outlet_event_extra.py took 0.060 seconds
[2026-07-17T23:29:00.822+0530] {processor.py:186} INFO - Started process (PID=98319) to work on /Users/bhavishyachallagolla/Desktop/RetailSense/.venv/lib/python3.12/site-packages/airflow/example_dags/example_outlet_event_extra.py
[2026-07-17T23:29:00.823+0530] {processor.py:914} INFO - Processing file /Users/bhavishyachallagolla/Desktop/RetailSense/.venv/lib/python3.12/site-packages/airflow/example_dags/example_outlet_event_extra.py for tasks to queue
[2026-07-17T23:29:00.823+0530] {logging_mixin.py:190} INFO - [2026-07-17T23:29:00.823+0530] {dagbag.py:588} INFO - Filling up the DagBag from /Users/bhavishyachallagolla/Desktop/RetailSense/.venv/lib/python3.12/site-packages/airflow/example_dags/example_outlet_event_extra.py
[2026-07-17T23:29:00.856+0530] {processor.py:925} INFO - DAG(s) 'dataset_with_extra_by_context', 'dataset_with_extra_from_classic_operator', 'dataset_with_extra_by_yield' retrieved from /Users/bhavishyachallagolla/Desktop/RetailSense/.venv/lib/python3.12/site-packages/airflow/example_dags/example_outlet_event_extra.py
[2026-07-17T23:29:00.884+0530] {logging_mixin.py:190} INFO - [2026-07-17T23:29:00.883+0530] {dag.py:3239} INFO - Sync 3 DAGs
[2026-07-17T23:29:00.889+0530] {logging_mixin.py:190} INFO - [2026-07-17T23:29:00.889+0530] {dag.py:4180} INFO - Setting next_dagrun for dataset_with_extra_by_context to 2026-07-16 00:00:00+00:00, run_after=2026-07-17 00:00:00+00:00
[2026-07-17T23:29:00.890+0530] {logging_mixin.py:190} INFO - [2026-07-17T23:29:00.890+0530] {dag.py:4180} INFO - Setting next_dagrun for dataset_with_extra_by_yield to 2026-07-16 00:00:00+00:00, run_after=2026-07-17 00:00:00+00:00
[2026-07-17T23:29:00.891+0530] {logging_mixin.py:190} INFO - [2026-07-17T23:29:00.891+0530] {dag.py:4180} INFO - Setting next_dagrun for dataset_with_extra_from_classic_operator to 2026-07-16 00:00:00+00:00, run_after=2026-07-17 00:00:00+00:00
[2026-07-17T23:29:00.896+0530] {processor.py:208} INFO - Processing /Users/bhavishyachallagolla/Desktop/RetailSense/.venv/lib/python3.12/site-packages/airflow/example_dags/example_outlet_event_extra.py took 0.076 seconds
[2026-07-17T23:30:41.841+0530] {processor.py:186} INFO - Started process (PID=98502) to work on /Users/bhavishyachallagolla/Desktop/RetailSense/.venv/lib/python3.12/site-packages/airflow/example_dags/example_outlet_event_extra.py
[2026-07-17T23:30:41.842+0530] {processor.py:914} INFO - Processing file /Users/bhavishyachallagolla/Desktop/RetailSense/.venv/lib/python3.12/site-packages/airflow/example_dags/example_outlet_event_extra.py for tasks to queue
[2026-07-17T23:30:41.842+0530] {logging_mixin.py:190} INFO - [2026-07-17T23:30:41.842+0530] {dagbag.py:588} INFO - Filling up the DagBag from /Users/bhavishyachallagolla/Desktop/RetailSense/.venv/lib/python3.12/site-packages/airflow/example_dags/example_outlet_event_extra.py
[2026-07-17T23:30:41.874+0530] {processor.py:925} INFO - DAG(s) 'dataset_with_extra_by_yield', 'dataset_with_extra_by_context', 'dataset_with_extra_from_classic_operator' retrieved from /Users/bhavishyachallagolla/Desktop/RetailSense/.venv/lib/python3.12/site-packages/airflow/example_dags/example_outlet_event_extra.py
[2026-07-17T23:30:41.900+0530] {logging_mixin.py:190} INFO - [2026-07-17T23:30:41.900+0530] {dag.py:3239} INFO - Sync 3 DAGs
[2026-07-17T23:30:41.905+0530] {logging_mixin.py:190} INFO - [2026-07-17T23:30:41.905+0530] {dag.py:4180} INFO - Setting next_dagrun for dataset_with_extra_by_context to 2026-07-16 00:00:00+00:00, run_after=2026-07-17 00:00:00+00:00
[2026-07-17T23:30:41.906+0530] {logging_mixin.py:190} INFO - [2026-07-17T23:30:41.906+0530] {dag.py:4180} INFO - Setting next_dagrun for dataset_with_extra_by_yield to 2026-07-16 00:00:00+00:00, run_after=2026-07-17 00:00:00+00:00
[2026-07-17T23:30:41.906+0530] {logging_mixin.py:190} INFO - [2026-07-17T23:30:41.906+0530] {dag.py:4180} INFO - Setting next_dagrun for dataset_with_extra_from_classic_operator to 2026-07-16 00:00:00+00:00, run_after=2026-07-17 00:00:00+00:00
[2026-07-17T23:30:41.911+0530] {processor.py:208} INFO - Processing /Users/bhavishyachallagolla/Desktop/RetailSense/.venv/lib/python3.12/site-packages/airflow/example_dags/example_outlet_event_extra.py took 0.071 seconds
[2026-07-17T23:32:31.806+0530] {processor.py:186} INFO - Started process (PID=98680) to work on /Users/bhavishyachallagolla/Desktop/RetailSense/.venv/lib/python3.12/site-packages/airflow/example_dags/example_outlet_event_extra.py
[2026-07-17T23:32:31.807+0530] {processor.py:914} INFO - Processing file /Users/bhavishyachallagolla/Desktop/RetailSense/.venv/lib/python3.12/site-packages/airflow/example_dags/example_outlet_event_extra.py for tasks to queue
[2026-07-17T23:32:31.808+0530] {logging_mixin.py:190} INFO - [2026-07-17T23:32:31.808+0530] {dagbag.py:588} INFO - Filling up the DagBag from /Users/bhavishyachallagolla/Desktop/RetailSense/.venv/lib/python3.12/site-packages/airflow/example_dags/example_outlet_event_extra.py
[2026-07-17T23:32:31.833+0530] {processor.py:925} INFO - DAG(s) 'dataset_with_extra_by_yield', 'dataset_with_extra_by_context', 'dataset_with_extra_from_classic_operator' retrieved from /Users/bhavishyachallagolla/Desktop/RetailSense/.venv/lib/python3.12/site-packages/airflow/example_dags/example_outlet_event_extra.py
[2026-07-17T23:32:31.859+0530] {logging_mixin.py:190} INFO - [2026-07-17T23:32:31.859+0530] {dag.py:3239} INFO - Sync 3 DAGs
[2026-07-17T23:32:31.865+0530] {logging_mixin.py:190} INFO - [2026-07-17T23:32:31.865+0530] {dag.py:4180} INFO - Setting next_dagrun for dataset_with_extra_by_context to 2026-07-16 00:00:00+00:00, run_after=2026-07-17 00:00:00+00:00
[2026-07-17T23:32:31.866+0530] {logging_mixin.py:190} INFO - [2026-07-17T23:32:31.866+0530] {dag.py:4180} INFO - Setting next_dagrun for dataset_with_extra_by_yield to 2026-07-16 00:00:00+00:00, run_after=2026-07-17 00:00:00+00:00
[2026-07-17T23:32:31.867+0530] {logging_mixin.py:190} INFO - [2026-07-17T23:32:31.867+0530] {dag.py:4180} INFO - Setting next_dagrun for dataset_with_extra_from_classic_operator to 2026-07-16 00:00:00+00:00, run_after=2026-07-17 00:00:00+00:00
[2026-07-17T23:32:31.872+0530] {processor.py:208} INFO - Processing /Users/bhavishyachallagolla/Desktop/RetailSense/.venv/lib/python3.12/site-packages/airflow/example_dags/example_outlet_event_extra.py took 0.067 seconds
[2026-07-17T23:34:19.907+0530] {processor.py:186} INFO - Started process (PID=98857) to work on /Users/bhavishyachallagolla/Desktop/RetailSense/.venv/lib/python3.12/site-packages/airflow/example_dags/example_outlet_event_extra.py
[2026-07-17T23:34:19.908+0530] {processor.py:914} INFO - Processing file /Users/bhavishyachallagolla/Desktop/RetailSense/.venv/lib/python3.12/site-packages/airflow/example_dags/example_outlet_event_extra.py for tasks to queue
[2026-07-17T23:34:19.908+0530] {logging_mixin.py:190} INFO - [2026-07-17T23:34:19.908+0530] {dagbag.py:588} INFO - Filling up the DagBag from /Users/bhavishyachallagolla/Desktop/RetailSense/.venv/lib/python3.12/site-packages/airflow/example_dags/example_outlet_event_extra.py
[2026-07-17T23:34:19.931+0530] {processor.py:925} INFO - DAG(s) 'dataset_with_extra_by_context', 'dataset_with_extra_by_yield', 'dataset_with_extra_from_classic_operator' retrieved from /Users/bhavishyachallagolla/Desktop/RetailSense/.venv/lib/python3.12/site-packages/airflow/example_dags/example_outlet_event_extra.py
[2026-07-17T23:34:19.958+0530] {logging_mixin.py:190} INFO - [2026-07-17T23:34:19.958+0530] {dag.py:3239} INFO - Sync 3 DAGs
[2026-07-17T23:34:19.963+0530] {logging_mixin.py:190} INFO - [2026-07-17T23:34:19.963+0530] {dag.py:4180} INFO - Setting next_dagrun for dataset_with_extra_by_context to 2026-07-16 00:00:00+00:00, run_after=2026-07-17 00:00:00+00:00
[2026-07-17T23:34:19.964+0530] {logging_mixin.py:190} INFO - [2026-07-17T23:34:19.964+0530] {dag.py:4180} INFO - Setting next_dagrun for dataset_with_extra_by_yield to 2026-07-16 00:00:00+00:00, run_after=2026-07-17 00:00:00+00:00
[2026-07-17T23:34:19.964+0530] {logging_mixin.py:190} INFO - [2026-07-17T23:34:19.964+0530] {dag.py:4180} INFO - Setting next_dagrun for dataset_with_extra_from_classic_operator to 2026-07-16 00:00:00+00:00, run_after=2026-07-17 00:00:00+00:00
[2026-07-17T23:34:19.970+0530] {processor.py:208} INFO - Processing /Users/bhavishyachallagolla/Desktop/RetailSense/.venv/lib/python3.12/site-packages/airflow/example_dags/example_outlet_event_extra.py took 0.063 seconds
[2026-07-17T23:36:02.554+0530] {processor.py:186} INFO - Started process (PID=99010) to work on /Users/bhavishyachallagolla/Desktop/RetailSense/.venv/lib/python3.12/site-packages/airflow/example_dags/example_outlet_event_extra.py
[2026-07-17T23:36:02.555+0530] {processor.py:914} INFO - Processing file /Users/bhavishyachallagolla/Desktop/RetailSense/.venv/lib/python3.12/site-packages/airflow/example_dags/example_outlet_event_extra.py for tasks to queue
[2026-07-17T23:36:02.555+0530] {logging_mixin.py:190} INFO - [2026-07-17T23:36:02.555+0530] {dagbag.py:588} INFO - Filling up the DagBag from /Users/bhavishyachallagolla/Desktop/RetailSense/.venv/lib/python3.12/site-packages/airflow/example_dags/example_outlet_event_extra.py
[2026-07-17T23:36:02.576+0530] {processor.py:925} INFO - DAG(s) 'dataset_with_extra_from_classic_operator', 'dataset_with_extra_by_context', 'dataset_with_extra_by_yield' retrieved from /Users/bhavishyachallagolla/Desktop/RetailSense/.venv/lib/python3.12/site-packages/airflow/example_dags/example_outlet_event_extra.py
[2026-07-17T23:36:02.601+0530] {logging_mixin.py:190} INFO - [2026-07-17T23:36:02.601+0530] {dag.py:3239} INFO - Sync 3 DAGs
[2026-07-17T23:36:02.605+0530] {logging_mixin.py:190} INFO - [2026-07-17T23:36:02.605+0530] {dag.py:4180} INFO - Setting next_dagrun for dataset_with_extra_by_context to 2026-07-16 00:00:00+00:00, run_after=2026-07-17 00:00:00+00:00
[2026-07-17T23:36:02.606+0530] {logging_mixin.py:190} INFO - [2026-07-17T23:36:02.606+0530] {dag.py:4180} INFO - Setting next_dagrun for dataset_with_extra_by_yield to 2026-07-16 00:00:00+00:00, run_after=2026-07-17 00:00:00+00:00
[2026-07-17T23:36:02.607+0530] {logging_mixin.py:190} INFO - [2026-07-17T23:36:02.607+0530] {dag.py:4180} INFO - Setting next_dagrun for dataset_with_extra_from_classic_operator to 2026-07-16 00:00:00+00:00, run_after=2026-07-17 00:00:00+00:00
[2026-07-17T23:36:02.612+0530] {processor.py:208} INFO - Processing /Users/bhavishyachallagolla/Desktop/RetailSense/.venv/lib/python3.12/site-packages/airflow/example_dags/example_outlet_event_extra.py took 0.059 seconds
[2026-07-17T23:37:43.270+0530] {processor.py:186} INFO - Started process (PID=99163) to work on /Users/bhavishyachallagolla/Desktop/RetailSense/.venv/lib/python3.12/site-packages/airflow/example_dags/example_outlet_event_extra.py
[2026-07-17T23:37:43.270+0530] {processor.py:914} INFO - Processing file /Users/bhavishyachallagolla/Desktop/RetailSense/.venv/lib/python3.12/site-packages/airflow/example_dags/example_outlet_event_extra.py for tasks to queue
[2026-07-17T23:37:43.271+0530] {logging_mixin.py:190} INFO - [2026-07-17T23:37:43.271+0530] {dagbag.py:588} INFO - Filling up the DagBag from /Users/bhavishyachallagolla/Desktop/RetailSense/.venv/lib/python3.12/site-packages/airflow/example_dags/example_outlet_event_extra.py
[2026-07-17T23:37:43.293+0530] {processor.py:925} INFO - DAG(s) 'dataset_with_extra_from_classic_operator', 'dataset_with_extra_by_yield', 'dataset_with_extra_by_context' retrieved from /Users/bhavishyachallagolla/Desktop/RetailSense/.venv/lib/python3.12/site-packages/airflow/example_dags/example_outlet_event_extra.py
[2026-07-17T23:37:43.318+0530] {logging_mixin.py:190} INFO - [2026-07-17T23:37:43.318+0530] {dag.py:3239} INFO - Sync 3 DAGs
[2026-07-17T23:37:43.322+0530] {logging_mixin.py:190} INFO - [2026-07-17T23:37:43.322+0530] {dag.py:4180} INFO - Setting next_dagrun for dataset_with_extra_by_context to 2026-07-16 00:00:00+00:00, run_after=2026-07-17 00:00:00+00:00
[2026-07-17T23:37:43.324+0530] {logging_mixin.py:190} INFO - [2026-07-17T23:37:43.324+0530] {dag.py:4180} INFO - Setting next_dagrun for dataset_with_extra_by_yield to 2026-07-16 00:00:00+00:00, run_after=2026-07-17 00:00:00+00:00
[2026-07-17T23:37:43.324+0530] {logging_mixin.py:190} INFO - [2026-07-17T23:37:43.324+0530] {dag.py:4180} INFO - Setting next_dagrun for dataset_with_extra_from_classic_operator to 2026-07-16 00:00:00+00:00, run_after=2026-07-17 00:00:00+00:00
[2026-07-17T23:37:43.330+0530] {processor.py:208} INFO - Processing /Users/bhavishyachallagolla/Desktop/RetailSense/.venv/lib/python3.12/site-packages/airflow/example_dags/example_outlet_event_extra.py took 0.060 seconds
[2026-07-17T23:39:25.412+0530] {processor.py:186} INFO - Started process (PID=99323) to work on /Users/bhavishyachallagolla/Desktop/RetailSense/.venv/lib/python3.12/site-packages/airflow/example_dags/example_outlet_event_extra.py
[2026-07-17T23:39:25.412+0530] {processor.py:914} INFO - Processing file /Users/bhavishyachallagolla/Desktop/RetailSense/.venv/lib/python3.12/site-packages/airflow/example_dags/example_outlet_event_extra.py for tasks to queue
[2026-07-17T23:39:25.412+0530] {logging_mixin.py:190} INFO - [2026-07-17T23:39:25.412+0530] {dagbag.py:588} INFO - Filling up the DagBag from /Users/bhavishyachallagolla/Desktop/RetailSense/.venv/lib/python3.12/site-packages/airflow/example_dags/example_outlet_event_extra.py
[2026-07-17T23:39:25.435+0530] {processor.py:925} INFO - DAG(s) 'dataset_with_extra_from_classic_operator', 'dataset_with_extra_by_context', 'dataset_with_extra_by_yield' retrieved from /Users/bhavishyachallagolla/Desktop/RetailSense/.venv/lib/python3.12/site-packages/airflow/example_dags/example_outlet_event_extra.py
[2026-07-17T23:39:25.461+0530] {logging_mixin.py:190} INFO - [2026-07-17T23:39:25.461+0530] {dag.py:3239} INFO - Sync 3 DAGs
[2026-07-17T23:39:25.466+0530] {logging_mixin.py:190} INFO - [2026-07-17T23:39:25.466+0530] {dag.py:4180} INFO - Setting next_dagrun for dataset_with_extra_by_context to 2026-07-16 00:00:00+00:00, run_after=2026-07-17 00:00:00+00:00
[2026-07-17T23:39:25.467+0530] {logging_mixin.py:190} INFO - [2026-07-17T23:39:25.467+0530] {dag.py:4180} INFO - Setting next_dagrun for dataset_with_extra_by_yield to 2026-07-16 00:00:00+00:00, run_after=2026-07-17 00:00:00+00:00
[2026-07-17T23:39:25.467+0530] {logging_mixin.py:190} INFO - [2026-07-17T23:39:25.467+0530] {dag.py:4180} INFO - Setting next_dagrun for dataset_with_extra_from_classic_operator to 2026-07-16 00:00:00+00:00, run_after=2026-07-17 00:00:00+00:00
[2026-07-17T23:39:25.473+0530] {processor.py:208} INFO - Processing /Users/bhavishyachallagolla/Desktop/RetailSense/.venv/lib/python3.12/site-packages/airflow/example_dags/example_outlet_event_extra.py took 0.062 seconds
[2026-07-17T23:41:07.798+0530] {processor.py:186} INFO - Started process (PID=99479) to work on /Users/bhavishyachallagolla/Desktop/RetailSense/.venv/lib/python3.12/site-packages/airflow/example_dags/example_outlet_event_extra.py
[2026-07-17T23:41:07.799+0530] {processor.py:914} INFO - Processing file /Users/bhavishyachallagolla/Desktop/RetailSense/.venv/lib/python3.12/site-packages/airflow/example_dags/example_outlet_event_extra.py for tasks to queue
[2026-07-17T23:41:07.800+0530] {logging_mixin.py:190} INFO - [2026-07-17T23:41:07.800+0530] {dagbag.py:588} INFO - Filling up the DagBag from /Users/bhavishyachallagolla/Desktop/RetailSense/.venv/lib/python3.12/site-packages/airflow/example_dags/example_outlet_event_extra.py
[2026-07-17T23:41:07.831+0530] {processor.py:925} INFO - DAG(s) 'dataset_with_extra_by_context', 'dataset_with_extra_from_classic_operator', 'dataset_with_extra_by_yield' retrieved from /Users/bhavishyachallagolla/Desktop/RetailSense/.venv/lib/python3.12/site-packages/airflow/example_dags/example_outlet_event_extra.py
[2026-07-17T23:41:07.857+0530] {logging_mixin.py:190} INFO - [2026-07-17T23:41:07.857+0530] {dag.py:3239} INFO - Sync 3 DAGs
[2026-07-17T23:41:07.862+0530] {logging_mixin.py:190} INFO - [2026-07-17T23:41:07.862+0530] {dag.py:4180} INFO - Setting next_dagrun for dataset_with_extra_by_context to 2026-07-16 00:00:00+00:00, run_after=2026-07-17 00:00:00+00:00
[2026-07-17T23:41:07.863+0530] {logging_mixin.py:190} INFO - [2026-07-17T23:41:07.863+0530] {dag.py:4180} INFO - Setting next_dagrun for dataset_with_extra_by_yield to 2026-07-16 00:00:00+00:00, run_after=2026-07-17 00:00:00+00:00
[2026-07-17T23:41:07.863+0530] {logging_mixin.py:190} INFO - [2026-07-17T23:41:07.863+0530] {dag.py:4180} INFO - Setting next_dagrun for dataset_with_extra_from_classic_operator to 2026-07-16 00:00:00+00:00, run_after=2026-07-17 00:00:00+00:00
[2026-07-17T23:41:07.868+0530] {processor.py:208} INFO - Processing /Users/bhavishyachallagolla/Desktop/RetailSense/.venv/lib/python3.12/site-packages/airflow/example_dags/example_outlet_event_extra.py took 0.071 seconds
[2026-07-17T23:42:49.801+0530] {processor.py:186} INFO - Started process (PID=99637) to work on /Users/bhavishyachallagolla/Desktop/RetailSense/.venv/lib/python3.12/site-packages/airflow/example_dags/example_outlet_event_extra.py
[2026-07-17T23:42:49.802+0530] {processor.py:914} INFO - Processing file /Users/bhavishyachallagolla/Desktop/RetailSense/.venv/lib/python3.12/site-packages/airflow/example_dags/example_outlet_event_extra.py for tasks to queue
[2026-07-17T23:42:49.802+0530] {logging_mixin.py:190} INFO - [2026-07-17T23:42:49.802+0530] {dagbag.py:588} INFO - Filling up the DagBag from /Users/bhavishyachallagolla/Desktop/RetailSense/.venv/lib/python3.12/site-packages/airflow/example_dags/example_outlet_event_extra.py
[2026-07-17T23:42:49.833+0530] {processor.py:925} INFO - DAG(s) 'dataset_with_extra_by_yield', 'dataset_with_extra_by_context', 'dataset_with_extra_from_classic_operator' retrieved from /Users/bhavishyachallagolla/Desktop/RetailSense/.venv/lib/python3.12/site-packages/airflow/example_dags/example_outlet_event_extra.py
[2026-07-17T23:42:49.858+0530] {logging_mixin.py:190} INFO - [2026-07-17T23:42:49.858+0530] {dag.py:3239} INFO - Sync 3 DAGs
[2026-07-17T23:42:49.863+0530] {logging_mixin.py:190} INFO - [2026-07-17T23:42:49.863+0530] {dag.py:4180} INFO - Setting next_dagrun for dataset_with_extra_by_context to 2026-07-16 00:00:00+00:00, run_after=2026-07-17 00:00:00+00:00
[2026-07-17T23:42:49.864+0530] {logging_mixin.py:190} INFO - [2026-07-17T23:42:49.864+0530] {dag.py:4180} INFO - Setting next_dagrun for dataset_with_extra_by_yield to 2026-07-16 00:00:00+00:00, run_after=2026-07-17 00:00:00+00:00
[2026-07-17T23:42:49.865+0530] {logging_mixin.py:190} INFO - [2026-07-17T23:42:49.865+0530] {dag.py:4180} INFO - Setting next_dagrun for dataset_with_extra_from_classic_operator to 2026-07-16 00:00:00+00:00, run_after=2026-07-17 00:00:00+00:00
[2026-07-17T23:42:49.870+0530] {processor.py:208} INFO - Processing /Users/bhavishyachallagolla/Desktop/RetailSense/.venv/lib/python3.12/site-packages/airflow/example_dags/example_outlet_event_extra.py took 0.070 seconds
[2026-07-17T23:44:32.166+0530] {processor.py:186} INFO - Started process (PID=99791) to work on /Users/bhavishyachallagolla/Desktop/RetailSense/.venv/lib/python3.12/site-packages/airflow/example_dags/example_outlet_event_extra.py
[2026-07-17T23:44:32.167+0530] {processor.py:914} INFO - Processing file /Users/bhavishyachallagolla/Desktop/RetailSense/.venv/lib/python3.12/site-packages/airflow/example_dags/example_outlet_event_extra.py for tasks to queue
[2026-07-17T23:44:32.167+0530] {logging_mixin.py:190} INFO - [2026-07-17T23:44:32.167+0530] {dagbag.py:588} INFO - Filling up the DagBag from /Users/bhavishyachallagolla/Desktop/RetailSense/.venv/lib/python3.12/site-packages/airflow/example_dags/example_outlet_event_extra.py
[2026-07-17T23:44:32.199+0530] {processor.py:925} INFO - DAG(s) 'dataset_with_extra_by_context', 'dataset_with_extra_from_classic_operator', 'dataset_with_extra_by_yield' retrieved from /Users/bhavishyachallagolla/Desktop/RetailSense/.venv/lib/python3.12/site-packages/airflow/example_dags/example_outlet_event_extra.py
[2026-07-17T23:44:32.226+0530] {logging_mixin.py:190} INFO - [2026-07-17T23:44:32.226+0530] {dag.py:3239} INFO - Sync 3 DAGs
[2026-07-17T23:44:32.231+0530] {logging_mixin.py:190} INFO - [2026-07-17T23:44:32.231+0530] {dag.py:4180} INFO - Setting next_dagrun for dataset_with_extra_by_context to 2026-07-16 00:00:00+00:00, run_after=2026-07-17 00:00:00+00:00
[2026-07-17T23:44:32.232+0530] {logging_mixin.py:190} INFO - [2026-07-17T23:44:32.232+0530] {dag.py:4180} INFO - Setting next_dagrun for dataset_with_extra_by_yield to 2026-07-16 00:00:00+00:00, run_after=2026-07-17 00:00:00+00:00
[2026-07-17T23:44:32.232+0530] {logging_mixin.py:190} INFO - [2026-07-17T23:44:32.232+0530] {dag.py:4180} INFO - Setting next_dagrun for dataset_with_extra_from_classic_operator to 2026-07-16 00:00:00+00:00, run_after=2026-07-17 00:00:00+00:00
[2026-07-17T23:44:32.237+0530] {processor.py:208} INFO - Processing /Users/bhavishyachallagolla/Desktop/RetailSense/.venv/lib/python3.12/site-packages/airflow/example_dags/example_outlet_event_extra.py took 0.072 seconds
[2026-07-17T23:46:16.374+0530] {processor.py:186} INFO - Started process (PID=99950) to work on /Users/bhavishyachallagolla/Desktop/RetailSense/.venv/lib/python3.12/site-packages/airflow/example_dags/example_outlet_event_extra.py
[2026-07-17T23:46:16.374+0530] {processor.py:914} INFO - Processing file /Users/bhavishyachallagolla/Desktop/RetailSense/.venv/lib/python3.12/site-packages/airflow/example_dags/example_outlet_event_extra.py for tasks to queue
[2026-07-17T23:46:16.374+0530] {logging_mixin.py:190} INFO - [2026-07-17T23:46:16.374+0530] {dagbag.py:588} INFO - Filling up the DagBag from /Users/bhavishyachallagolla/Desktop/RetailSense/.venv/lib/python3.12/site-packages/airflow/example_dags/example_outlet_event_extra.py
[2026-07-17T23:46:16.396+0530] {processor.py:925} INFO - DAG(s) 'dataset_with_extra_by_context', 'dataset_with_extra_by_yield', 'dataset_with_extra_from_classic_operator' retrieved from /Users/bhavishyachallagolla/Desktop/RetailSense/.venv/lib/python3.12/site-packages/airflow/example_dags/example_outlet_event_extra.py
[2026-07-17T23:46:16.421+0530] {logging_mixin.py:190} INFO - [2026-07-17T23:46:16.421+0530] {dag.py:3239} INFO - Sync 3 DAGs
[2026-07-17T23:46:16.426+0530] {logging_mixin.py:190} INFO - [2026-07-17T23:46:16.426+0530] {dag.py:4180} INFO - Setting next_dagrun for dataset_with_extra_by_context to 2026-07-16 00:00:00+00:00, run_after=2026-07-17 00:00:00+00:00
[2026-07-17T23:46:16.427+0530] {logging_mixin.py:190} INFO - [2026-07-17T23:46:16.427+0530] {dag.py:4180} INFO - Setting next_dagrun for dataset_with_extra_by_yield to 2026-07-16 00:00:00+00:00, run_after=2026-07-17 00:00:00+00:00
[2026-07-17T23:46:16.428+0530] {logging_mixin.py:190} INFO - [2026-07-17T23:46:16.428+0530] {dag.py:4180} INFO - Setting next_dagrun for dataset_with_extra_from_classic_operator to 2026-07-16 00:00:00+00:00, run_after=2026-07-17 00:00:00+00:00
[2026-07-17T23:46:16.433+0530] {processor.py:208} INFO - Processing /Users/bhavishyachallagolla/Desktop/RetailSense/.venv/lib/python3.12/site-packages/airflow/example_dags/example_outlet_event_extra.py took 0.060 seconds
[2026-07-17T23:48:15.051+0530] {processor.py:186} INFO - Started process (PID=232) to work on /Users/bhavishyachallagolla/Desktop/RetailSense/.venv/lib/python3.12/site-packages/airflow/example_dags/example_outlet_event_extra.py
[2026-07-17T23:48:15.052+0530] {processor.py:914} INFO - Processing file /Users/bhavishyachallagolla/Desktop/RetailSense/.venv/lib/python3.12/site-packages/airflow/example_dags/example_outlet_event_extra.py for tasks to queue
[2026-07-17T23:48:15.053+0530] {logging_mixin.py:190} INFO - [2026-07-17T23:48:15.053+0530] {dagbag.py:588} INFO - Filling up the DagBag from /Users/bhavishyachallagolla/Desktop/RetailSense/.venv/lib/python3.12/site-packages/airflow/example_dags/example_outlet_event_extra.py
[2026-07-17T23:48:15.077+0530] {processor.py:925} INFO - DAG(s) 'dataset_with_extra_by_yield', 'dataset_with_extra_from_classic_operator', 'dataset_with_extra_by_context' retrieved from /Users/bhavishyachallagolla/Desktop/RetailSense/.venv/lib/python3.12/site-packages/airflow/example_dags/example_outlet_event_extra.py
[2026-07-17T23:48:15.104+0530] {logging_mixin.py:190} INFO - [2026-07-17T23:48:15.104+0530] {dag.py:3239} INFO - Sync 3 DAGs
[2026-07-17T23:48:15.109+0530] {logging_mixin.py:190} INFO - [2026-07-17T23:48:15.109+0530] {dag.py:4180} INFO - Setting next_dagrun for dataset_with_extra_by_context to 2026-07-16 00:00:00+00:00, run_after=2026-07-17 00:00:00+00:00
[2026-07-17T23:48:15.110+0530] {logging_mixin.py:190} INFO - [2026-07-17T23:48:15.110+0530] {dag.py:4180} INFO - Setting next_dagrun for dataset_with_extra_by_yield to 2026-07-16 00:00:00+00:00, run_after=2026-07-17 00:00:00+00:00
[2026-07-17T23:48:15.111+0530] {logging_mixin.py:190} INFO - [2026-07-17T23:48:15.111+0530] {dag.py:4180} INFO - Setting next_dagrun for dataset_with_extra_from_classic_operator to 2026-07-16 00:00:00+00:00, run_after=2026-07-17 00:00:00+00:00
[2026-07-17T23:48:15.116+0530] {processor.py:208} INFO - Processing /Users/bhavishyachallagolla/Desktop/RetailSense/.venv/lib/python3.12/site-packages/airflow/example_dags/example_outlet_event_extra.py took 0.066 seconds
[2026-07-17T23:50:00.974+0530] {processor.py:186} INFO - Started process (PID=446) to work on /Users/bhavishyachallagolla/Desktop/RetailSense/.venv/lib/python3.12/site-packages/airflow/example_dags/example_outlet_event_extra.py
[2026-07-17T23:50:00.975+0530] {processor.py:914} INFO - Processing file /Users/bhavishyachallagolla/Desktop/RetailSense/.venv/lib/python3.12/site-packages/airflow/example_dags/example_outlet_event_extra.py for tasks to queue
[2026-07-17T23:50:00.975+0530] {logging_mixin.py:190} INFO - [2026-07-17T23:50:00.975+0530] {dagbag.py:588} INFO - Filling up the DagBag from /Users/bhavishyachallagolla/Desktop/RetailSense/.venv/lib/python3.12/site-packages/airflow/example_dags/example_outlet_event_extra.py
[2026-07-17T23:50:00.996+0530] {processor.py:925} INFO - DAG(s) 'dataset_with_extra_by_yield', 'dataset_with_extra_by_context', 'dataset_with_extra_from_classic_operator' retrieved from /Users/bhavishyachallagolla/Desktop/RetailSense/.venv/lib/python3.12/site-packages/airflow/example_dags/example_outlet_event_extra.py
[2026-07-17T23:50:01.021+0530] {logging_mixin.py:190} INFO - [2026-07-17T23:50:01.021+0530] {dag.py:3239} INFO - Sync 3 DAGs
[2026-07-17T23:50:01.026+0530] {logging_mixin.py:190} INFO - [2026-07-17T23:50:01.026+0530] {dag.py:4180} INFO - Setting next_dagrun for dataset_with_extra_by_context to 2026-07-16 00:00:00+00:00, run_after=2026-07-17 00:00:00+00:00
[2026-07-17T23:50:01.027+0530] {logging_mixin.py:190} INFO - [2026-07-17T23:50:01.027+0530] {dag.py:4180} INFO - Setting next_dagrun for dataset_with_extra_by_yield to 2026-07-16 00:00:00+00:00, run_after=2026-07-17 00:00:00+00:00
[2026-07-17T23:50:01.027+0530] {logging_mixin.py:190} INFO - [2026-07-17T23:50:01.027+0530] {dag.py:4180} INFO - Setting next_dagrun for dataset_with_extra_from_classic_operator to 2026-07-16 00:00:00+00:00, run_after=2026-07-17 00:00:00+00:00
[2026-07-17T23:50:01.032+0530] {processor.py:208} INFO - Processing /Users/bhavishyachallagolla/Desktop/RetailSense/.venv/lib/python3.12/site-packages/airflow/example_dags/example_outlet_event_extra.py took 0.059 seconds
[2026-07-17T23:51:44.264+0530] {processor.py:186} INFO - Started process (PID=675) to work on /Users/bhavishyachallagolla/Desktop/RetailSense/.venv/lib/python3.12/site-packages/airflow/example_dags/example_outlet_event_extra.py
[2026-07-17T23:51:44.264+0530] {processor.py:914} INFO - Processing file /Users/bhavishyachallagolla/Desktop/RetailSense/.venv/lib/python3.12/site-packages/airflow/example_dags/example_outlet_event_extra.py for tasks to queue
[2026-07-17T23:51:44.265+0530] {logging_mixin.py:190} INFO - [2026-07-17T23:51:44.265+0530] {dagbag.py:588} INFO - Filling up the DagBag from /Users/bhavishyachallagolla/Desktop/RetailSense/.venv/lib/python3.12/site-packages/airflow/example_dags/example_outlet_event_extra.py
[2026-07-17T23:51:44.286+0530] {processor.py:925} INFO - DAG(s) 'dataset_with_extra_by_context', 'dataset_with_extra_by_yield', 'dataset_with_extra_from_classic_operator' retrieved from /Users/bhavishyachallagolla/Desktop/RetailSense/.venv/lib/python3.12/site-packages/airflow/example_dags/example_outlet_event_extra.py
[2026-07-17T23:51:44.311+0530] {logging_mixin.py:190} INFO - [2026-07-17T23:51:44.311+0530] {dag.py:3239} INFO - Sync 3 DAGs
[2026-07-17T23:51:44.316+0530] {logging_mixin.py:190} INFO - [2026-07-17T23:51:44.316+0530] {dag.py:4180} INFO - Setting next_dagrun for dataset_with_extra_by_context to 2026-07-16 00:00:00+00:00, run_after=2026-07-17 00:00:00+00:00
[2026-07-17T23:51:44.317+0530] {logging_mixin.py:190} INFO - [2026-07-17T23:51:44.317+0530] {dag.py:4180} INFO - Setting next_dagrun for dataset_with_extra_by_yield to 2026-07-16 00:00:00+00:00, run_after=2026-07-17 00:00:00+00:00
[2026-07-17T23:51:44.318+0530] {logging_mixin.py:190} INFO - [2026-07-17T23:51:44.318+0530] {dag.py:4180} INFO - Setting next_dagrun for dataset_with_extra_from_classic_operator to 2026-07-16 00:00:00+00:00, run_after=2026-07-17 00:00:00+00:00
[2026-07-17T23:51:44.323+0530] {processor.py:208} INFO - Processing /Users/bhavishyachallagolla/Desktop/RetailSense/.venv/lib/python3.12/site-packages/airflow/example_dags/example_outlet_event_extra.py took 0.060 seconds
[2026-07-17T23:53:34.101+0530] {processor.py:186} INFO - Started process (PID=924) to work on /Users/bhavishyachallagolla/Desktop/RetailSense/.venv/lib/python3.12/site-packages/airflow/example_dags/example_outlet_event_extra.py
[2026-07-17T23:53:34.102+0530] {processor.py:914} INFO - Processing file /Users/bhavishyachallagolla/Desktop/RetailSense/.venv/lib/python3.12/site-packages/airflow/example_dags/example_outlet_event_extra.py for tasks to queue
[2026-07-17T23:53:34.103+0530] {logging_mixin.py:190} INFO - [2026-07-17T23:53:34.103+0530] {dagbag.py:588} INFO - Filling up the DagBag from /Users/bhavishyachallagolla/Desktop/RetailSense/.venv/lib/python3.12/site-packages/airflow/example_dags/example_outlet_event_extra.py
[2026-07-17T23:53:34.125+0530] {processor.py:925} INFO - DAG(s) 'dataset_with_extra_from_classic_operator', 'dataset_with_extra_by_yield', 'dataset_with_extra_by_context' retrieved from /Users/bhavishyachallagolla/Desktop/RetailSense/.venv/lib/python3.12/site-packages/airflow/example_dags/example_outlet_event_extra.py
[2026-07-17T23:53:34.151+0530] {logging_mixin.py:190} INFO - [2026-07-17T23:53:34.150+0530] {dag.py:3239} INFO - Sync 3 DAGs
[2026-07-17T23:53:34.155+0530] {logging_mixin.py:190} INFO - [2026-07-17T23:53:34.155+0530] {dag.py:4180} INFO - Setting next_dagrun for dataset_with_extra_by_context to 2026-07-16 00:00:00+00:00, run_after=2026-07-17 00:00:00+00:00
[2026-07-17T23:53:34.156+0530] {logging_mixin.py:190} INFO - [2026-07-17T23:53:34.156+0530] {dag.py:4180} INFO - Setting next_dagrun for dataset_with_extra_by_yield to 2026-07-16 00:00:00+00:00, run_after=2026-07-17 00:00:00+00:00
[2026-07-17T23:53:34.157+0530] {logging_mixin.py:190} INFO - [2026-07-17T23:53:34.157+0530] {dag.py:4180} INFO - Setting next_dagrun for dataset_with_extra_from_classic_operator to 2026-07-16 00:00:00+00:00, run_after=2026-07-17 00:00:00+00:00
[2026-07-17T23:53:34.162+0530] {processor.py:208} INFO - Processing /Users/bhavishyachallagolla/Desktop/RetailSense/.venv/lib/python3.12/site-packages/airflow/example_dags/example_outlet_event_extra.py took 0.062 seconds
[2026-07-17T23:55:28.402+0530] {processor.py:186} INFO - Started process (PID=1120) to work on /Users/bhavishyachallagolla/Desktop/RetailSense/.venv/lib/python3.12/site-packages/airflow/example_dags/example_outlet_event_extra.py
[2026-07-17T23:55:28.403+0530] {processor.py:914} INFO - Processing file /Users/bhavishyachallagolla/Desktop/RetailSense/.venv/lib/python3.12/site-packages/airflow/example_dags/example_outlet_event_extra.py for tasks to queue
[2026-07-17T23:55:28.404+0530] {logging_mixin.py:190} INFO - [2026-07-17T23:55:28.404+0530] {dagbag.py:588} INFO - Filling up the DagBag from /Users/bhavishyachallagolla/Desktop/RetailSense/.venv/lib/python3.12/site-packages/airflow/example_dags/example_outlet_event_extra.py
[2026-07-17T23:55:28.428+0530] {processor.py:925} INFO - DAG(s) 'dataset_with_extra_by_context', 'dataset_with_extra_by_yield', 'dataset_with_extra_from_classic_operator' retrieved from /Users/bhavishyachallagolla/Desktop/RetailSense/.venv/lib/python3.12/site-packages/airflow/example_dags/example_outlet_event_extra.py
[2026-07-17T23:55:28.453+0530] {logging_mixin.py:190} INFO - [2026-07-17T23:55:28.453+0530] {dag.py:3239} INFO - Sync 3 DAGs
[2026-07-17T23:55:28.458+0530] {logging_mixin.py:190} INFO - [2026-07-17T23:55:28.458+0530] {dag.py:4180} INFO - Setting next_dagrun for dataset_with_extra_by_context to 2026-07-16 00:00:00+00:00, run_after=2026-07-17 00:00:00+00:00
[2026-07-17T23:55:28.459+0530] {logging_mixin.py:190} INFO - [2026-07-17T23:55:28.459+0530] {dag.py:4180} INFO - Setting next_dagrun for dataset_with_extra_by_yield to 2026-07-16 00:00:00+00:00, run_after=2026-07-17 00:00:00+00:00
[2026-07-17T23:55:28.459+0530] {logging_mixin.py:190} INFO - [2026-07-17T23:55:28.459+0530] {dag.py:4180} INFO - Setting next_dagrun for dataset_with_extra_from_classic_operator to 2026-07-16 00:00:00+00:00, run_after=2026-07-17 00:00:00+00:00
[2026-07-17T23:55:28.464+0530] {processor.py:208} INFO - Processing /Users/bhavishyachallagolla/Desktop/RetailSense/.venv/lib/python3.12/site-packages/airflow/example_dags/example_outlet_event_extra.py took 0.063 seconds
