[2026-07-17T20:09:14.166+0530] {processor.py:186} INFO - Started process (PID=87182) to work on /Users/bhavishyachallagolla/Desktop/RetailSense/.venv/lib/python3.12/site-packages/airflow/example_dags/example_short_circuit_operator.py
[2026-07-17T20:09:14.166+0530] {processor.py:914} INFO - Processing file /Users/bhavishyachallagolla/Desktop/RetailSense/.venv/lib/python3.12/site-packages/airflow/example_dags/example_short_circuit_operator.py for tasks to queue
[2026-07-17T20:09:14.166+0530] {logging_mixin.py:190} INFO - [2026-07-17T20:09:14.166+0530] {dagbag.py:588} INFO - Filling up the DagBag from /Users/bhavishyachallagolla/Desktop/RetailSense/.venv/lib/python3.12/site-packages/airflow/example_dags/example_short_circuit_operator.py
[2026-07-17T20:09:14.175+0530] {processor.py:925} INFO - DAG(s) 'example_short_circuit_operator' retrieved from /Users/bhavishyachallagolla/Desktop/RetailSense/.venv/lib/python3.12/site-packages/airflow/example_dags/example_short_circuit_operator.py
[2026-07-17T20:09:14.224+0530] {logging_mixin.py:190} INFO - [2026-07-17T20:09:14.224+0530] {dag.py:3239} INFO - Sync 1 DAGs
[2026-07-17T20:09:14.227+0530] {logging_mixin.py:190} INFO - [2026-07-17T20:09:14.227+0530] {dag.py:4180} INFO - Setting next_dagrun for example_short_circuit_operator to None, run_after=None
[2026-07-17T20:09:14.232+0530] {processor.py:208} INFO - Processing /Users/bhavishyachallagolla/Desktop/RetailSense/.venv/lib/python3.12/site-packages/airflow/example_dags/example_short_circuit_operator.py took 0.068 seconds
[2026-07-17T20:10:11.729+0530] {processor.py:186} INFO - Started process (PID=87290) to work on /Users/bhavishyachallagolla/Desktop/RetailSense/.venv/lib/python3.12/site-packages/airflow/example_dags/example_short_circuit_operator.py
[2026-07-17T20:10:11.730+0530] {processor.py:914} INFO - Processing file /Users/bhavishyachallagolla/Desktop/RetailSense/.venv/lib/python3.12/site-packages/airflow/example_dags/example_short_circuit_operator.py for tasks to queue
[2026-07-17T20:10:11.730+0530] {logging_mixin.py:190} INFO - [2026-07-17T20:10:11.730+0530] {dagbag.py:588} INFO - Filling up the DagBag from /Users/bhavishyachallagolla/Desktop/RetailSense/.venv/lib/python3.12/site-packages/airflow/example_dags/example_short_circuit_operator.py
[2026-07-17T20:10:11.739+0530] {processor.py:925} INFO - DAG(s) 'example_short_circuit_operator' retrieved from /Users/bhavishyachallagolla/Desktop/RetailSense/.venv/lib/python3.12/site-packages/airflow/example_dags/example_short_circuit_operator.py
[2026-07-17T20:10:11.764+0530] {logging_mixin.py:190} INFO - [2026-07-17T20:10:11.763+0530] {dag.py:3239} INFO - Sync 1 DAGs
[2026-07-17T20:10:11.766+0530] {logging_mixin.py:190} INFO - [2026-07-17T20:10:11.766+0530] {dag.py:4180} INFO - Setting next_dagrun for example_short_circuit_operator to None, run_after=None
[2026-07-17T20:10:11.771+0530] {processor.py:208} INFO - Processing /Users/bhavishyachallagolla/Desktop/RetailSense/.venv/lib/python3.12/site-packages/airflow/example_dags/example_short_circuit_operator.py took 0.043 seconds
[2026-07-17T20:11:30.695+0530] {processor.py:186} INFO - Started process (PID=87411) to work on /Users/bhavishyachallagolla/Desktop/RetailSense/.venv/lib/python3.12/site-packages/airflow/example_dags/example_short_circuit_operator.py
[2026-07-17T20:11:30.697+0530] {processor.py:914} INFO - Processing file /Users/bhavishyachallagolla/Desktop/RetailSense/.venv/lib/python3.12/site-packages/airflow/example_dags/example_short_circuit_operator.py for tasks to queue
[2026-07-17T20:11:30.697+0530] {logging_mixin.py:190} INFO - [2026-07-17T20:11:30.697+0530] {dagbag.py:588} INFO - Filling up the DagBag from /Users/bhavishyachallagolla/Desktop/RetailSense/.venv/lib/python3.12/site-packages/airflow/example_dags/example_short_circuit_operator.py
[2026-07-17T20:11:30.706+0530] {processor.py:925} INFO - DAG(s) 'example_short_circuit_operator' retrieved from /Users/bhavishyachallagolla/Desktop/RetailSense/.venv/lib/python3.12/site-packages/airflow/example_dags/example_short_circuit_operator.py
[2026-07-17T20:11:30.731+0530] {logging_mixin.py:190} INFO - [2026-07-17T20:11:30.730+0530] {dag.py:3239} INFO - Sync 1 DAGs
[2026-07-17T20:11:30.733+0530] {logging_mixin.py:190} INFO - [2026-07-17T20:11:30.733+0530] {dag.py:4180} INFO - Setting next_dagrun for example_short_circuit_operator to None, run_after=None
[2026-07-17T20:11:30.738+0530] {processor.py:208} INFO - Processing /Users/bhavishyachallagolla/Desktop/RetailSense/.venv/lib/python3.12/site-packages/airflow/example_dags/example_short_circuit_operator.py took 0.043 seconds
[2026-07-17T20:13:11.130+0530] {processor.py:186} INFO - Started process (PID=87563) to work on /Users/bhavishyachallagolla/Desktop/RetailSense/.venv/lib/python3.12/site-packages/airflow/example_dags/example_short_circuit_operator.py
[2026-07-17T20:13:11.131+0530] {processor.py:914} INFO - Processing file /Users/bhavishyachallagolla/Desktop/RetailSense/.venv/lib/python3.12/site-packages/airflow/example_dags/example_short_circuit_operator.py for tasks to queue
[2026-07-17T20:13:11.131+0530] {logging_mixin.py:190} INFO - [2026-07-17T20:13:11.131+0530] {dagbag.py:588} INFO - Filling up the DagBag from /Users/bhavishyachallagolla/Desktop/RetailSense/.venv/lib/python3.12/site-packages/airflow/example_dags/example_short_circuit_operator.py
[2026-07-17T20:13:11.140+0530] {processor.py:925} INFO - DAG(s) 'example_short_circuit_operator' retrieved from /Users/bhavishyachallagolla/Desktop/RetailSense/.venv/lib/python3.12/site-packages/airflow/example_dags/example_short_circuit_operator.py
[2026-07-17T20:13:11.164+0530] {logging_mixin.py:190} INFO - [2026-07-17T20:13:11.164+0530] {dag.py:3239} INFO - Sync 1 DAGs
[2026-07-17T20:13:11.167+0530] {logging_mixin.py:190} INFO - [2026-07-17T20:13:11.167+0530] {dag.py:4180} INFO - Setting next_dagrun for example_short_circuit_operator to None, run_after=None
[2026-07-17T20:13:11.171+0530] {processor.py:208} INFO - Processing /Users/bhavishyachallagolla/Desktop/RetailSense/.venv/lib/python3.12/site-packages/airflow/example_dags/example_short_circuit_operator.py took 0.043 seconds
[2026-07-17T20:14:49.733+0530] {processor.py:186} INFO - Started process (PID=87713) to work on /Users/bhavishyachallagolla/Desktop/RetailSense/.venv/lib/python3.12/site-packages/airflow/example_dags/example_short_circuit_operator.py
[2026-07-17T20:14:49.733+0530] {processor.py:914} INFO - Processing file /Users/bhavishyachallagolla/Desktop/RetailSense/.venv/lib/python3.12/site-packages/airflow/example_dags/example_short_circuit_operator.py for tasks to queue
[2026-07-17T20:14:49.733+0530] {logging_mixin.py:190} INFO - [2026-07-17T20:14:49.733+0530] {dagbag.py:588} INFO - Filling up the DagBag from /Users/bhavishyachallagolla/Desktop/RetailSense/.venv/lib/python3.12/site-packages/airflow/example_dags/example_short_circuit_operator.py
[2026-07-17T20:14:49.744+0530] {processor.py:925} INFO - DAG(s) 'example_short_circuit_operator' retrieved from /Users/bhavishyachallagolla/Desktop/RetailSense/.venv/lib/python3.12/site-packages/airflow/example_dags/example_short_circuit_operator.py
[2026-07-17T20:14:49.770+0530] {logging_mixin.py:190} INFO - [2026-07-17T20:14:49.769+0530] {dag.py:3239} INFO - Sync 1 DAGs
[2026-07-17T20:14:49.773+0530] {logging_mixin.py:190} INFO - [2026-07-17T20:14:49.773+0530] {dag.py:4180} INFO - Setting next_dagrun for example_short_circuit_operator to None, run_after=None
[2026-07-17T20:14:49.778+0530] {processor.py:208} INFO - Processing /Users/bhavishyachallagolla/Desktop/RetailSense/.venv/lib/python3.12/site-packages/airflow/example_dags/example_short_circuit_operator.py took 0.046 seconds
[2026-07-17T20:16:30.337+0530] {processor.py:186} INFO - Started process (PID=87880) to work on /Users/bhavishyachallagolla/Desktop/RetailSense/.venv/lib/python3.12/site-packages/airflow/example_dags/example_short_circuit_operator.py
[2026-07-17T20:16:30.338+0530] {processor.py:914} INFO - Processing file /Users/bhavishyachallagolla/Desktop/RetailSense/.venv/lib/python3.12/site-packages/airflow/example_dags/example_short_circuit_operator.py for tasks to queue
[2026-07-17T20:16:30.338+0530] {logging_mixin.py:190} INFO - [2026-07-17T20:16:30.338+0530] {dagbag.py:588} INFO - Filling up the DagBag from /Users/bhavishyachallagolla/Desktop/RetailSense/.venv/lib/python3.12/site-packages/airflow/example_dags/example_short_circuit_operator.py
[2026-07-17T20:16:30.348+0530] {processor.py:925} INFO - DAG(s) 'example_short_circuit_operator' retrieved from /Users/bhavishyachallagolla/Desktop/RetailSense/.venv/lib/python3.12/site-packages/airflow/example_dags/example_short_circuit_operator.py
[2026-07-17T20:16:30.373+0530] {logging_mixin.py:190} INFO - [2026-07-17T20:16:30.372+0530] {dag.py:3239} INFO - Sync 1 DAGs
[2026-07-17T20:16:30.376+0530] {logging_mixin.py:190} INFO - [2026-07-17T20:16:30.376+0530] {dag.py:4180} INFO - Setting next_dagrun for example_short_circuit_operator to None, run_after=None
[2026-07-17T20:16:30.381+0530] {processor.py:208} INFO - Processing /Users/bhavishyachallagolla/Desktop/RetailSense/.venv/lib/python3.12/site-packages/airflow/example_dags/example_short_circuit_operator.py took 0.045 seconds
[2026-07-17T20:18:09.630+0530] {processor.py:186} INFO - Started process (PID=88033) to work on /Users/bhavishyachallagolla/Desktop/RetailSense/.venv/lib/python3.12/site-packages/airflow/example_dags/example_short_circuit_operator.py
[2026-07-17T20:18:09.630+0530] {processor.py:914} INFO - Processing file /Users/bhavishyachallagolla/Desktop/RetailSense/.venv/lib/python3.12/site-packages/airflow/example_dags/example_short_circuit_operator.py for tasks to queue
[2026-07-17T20:18:09.631+0530] {logging_mixin.py:190} INFO - [2026-07-17T20:18:09.631+0530] {dagbag.py:588} INFO - Filling up the DagBag from /Users/bhavishyachallagolla/Desktop/RetailSense/.venv/lib/python3.12/site-packages/airflow/example_dags/example_short_circuit_operator.py
[2026-07-17T20:18:09.640+0530] {processor.py:925} INFO - DAG(s) 'example_short_circuit_operator' retrieved from /Users/bhavishyachallagolla/Desktop/RetailSense/.venv/lib/python3.12/site-packages/airflow/example_dags/example_short_circuit_operator.py
[2026-07-17T20:18:09.665+0530] {logging_mixin.py:190} INFO - [2026-07-17T20:18:09.664+0530] {dag.py:3239} INFO - Sync 1 DAGs
[2026-07-17T20:18:09.668+0530] {logging_mixin.py:190} INFO - [2026-07-17T20:18:09.668+0530] {dag.py:4180} INFO - Setting next_dagrun for example_short_circuit_operator to None, run_after=None
[2026-07-17T20:18:09.672+0530] {processor.py:208} INFO - Processing /Users/bhavishyachallagolla/Desktop/RetailSense/.venv/lib/python3.12/site-packages/airflow/example_dags/example_short_circuit_operator.py took 0.043 seconds
[2026-07-17T20:19:48.829+0530] {processor.py:186} INFO - Started process (PID=88185) to work on /Users/bhavishyachallagolla/Desktop/RetailSense/.venv/lib/python3.12/site-packages/airflow/example_dags/example_short_circuit_operator.py
[2026-07-17T20:19:48.829+0530] {processor.py:914} INFO - Processing file /Users/bhavishyachallagolla/Desktop/RetailSense/.venv/lib/python3.12/site-packages/airflow/example_dags/example_short_circuit_operator.py for tasks to queue
[2026-07-17T20:19:48.830+0530] {logging_mixin.py:190} INFO - [2026-07-17T20:19:48.830+0530] {dagbag.py:588} INFO - Filling up the DagBag from /Users/bhavishyachallagolla/Desktop/RetailSense/.venv/lib/python3.12/site-packages/airflow/example_dags/example_short_circuit_operator.py
[2026-07-17T20:19:48.839+0530] {processor.py:925} INFO - DAG(s) 'example_short_circuit_operator' retrieved from /Users/bhavishyachallagolla/Desktop/RetailSense/.venv/lib/python3.12/site-packages/airflow/example_dags/example_short_circuit_operator.py
[2026-07-17T20:19:48.863+0530] {logging_mixin.py:190} INFO - [2026-07-17T20:19:48.863+0530] {dag.py:3239} INFO - Sync 1 DAGs
[2026-07-17T20:19:48.866+0530] {logging_mixin.py:190} INFO - [2026-07-17T20:19:48.866+0530] {dag.py:4180} INFO - Setting next_dagrun for example_short_circuit_operator to None, run_after=None
[2026-07-17T20:19:48.870+0530] {processor.py:208} INFO - Processing /Users/bhavishyachallagolla/Desktop/RetailSense/.venv/lib/python3.12/site-packages/airflow/example_dags/example_short_circuit_operator.py took 0.042 seconds
[2026-07-17T20:21:29.018+0530] {processor.py:186} INFO - Started process (PID=88351) to work on /Users/bhavishyachallagolla/Desktop/RetailSense/.venv/lib/python3.12/site-packages/airflow/example_dags/example_short_circuit_operator.py
[2026-07-17T20:21:29.019+0530] {processor.py:914} INFO - Processing file /Users/bhavishyachallagolla/Desktop/RetailSense/.venv/lib/python3.12/site-packages/airflow/example_dags/example_short_circuit_operator.py for tasks to queue
[2026-07-17T20:21:29.019+0530] {logging_mixin.py:190} INFO - [2026-07-17T20:21:29.019+0530] {dagbag.py:588} INFO - Filling up the DagBag from /Users/bhavishyachallagolla/Desktop/RetailSense/.venv/lib/python3.12/site-packages/airflow/example_dags/example_short_circuit_operator.py
[2026-07-17T20:21:29.028+0530] {processor.py:925} INFO - DAG(s) 'example_short_circuit_operator' retrieved from /Users/bhavishyachallagolla/Desktop/RetailSense/.venv/lib/python3.12/site-packages/airflow/example_dags/example_short_circuit_operator.py
[2026-07-17T20:21:29.053+0530] {logging_mixin.py:190} INFO - [2026-07-17T20:21:29.052+0530] {dag.py:3239} INFO - Sync 1 DAGs
[2026-07-17T20:21:29.056+0530] {logging_mixin.py:190} INFO - [2026-07-17T20:21:29.055+0530] {dag.py:4180} INFO - Setting next_dagrun for example_short_circuit_operator to None, run_after=None
[2026-07-17T20:21:29.060+0530] {processor.py:208} INFO - Processing /Users/bhavishyachallagolla/Desktop/RetailSense/.venv/lib/python3.12/site-packages/airflow/example_dags/example_short_circuit_operator.py took 0.043 seconds
[2026-07-17T20:23:10.048+0530] {processor.py:186} INFO - Started process (PID=88507) to work on /Users/bhavishyachallagolla/Desktop/RetailSense/.venv/lib/python3.12/site-packages/airflow/example_dags/example_short_circuit_operator.py
[2026-07-17T20:23:10.048+0530] {processor.py:914} INFO - Processing file /Users/bhavishyachallagolla/Desktop/RetailSense/.venv/lib/python3.12/site-packages/airflow/example_dags/example_short_circuit_operator.py for tasks to queue
[2026-07-17T20:23:10.049+0530] {logging_mixin.py:190} INFO - [2026-07-17T20:23:10.049+0530] {dagbag.py:588} INFO - Filling up the DagBag from /Users/bhavishyachallagolla/Desktop/RetailSense/.venv/lib/python3.12/site-packages/airflow/example_dags/example_short_circuit_operator.py
[2026-07-17T20:23:10.057+0530] {processor.py:925} INFO - DAG(s) 'example_short_circuit_operator' retrieved from /Users/bhavishyachallagolla/Desktop/RetailSense/.venv/lib/python3.12/site-packages/airflow/example_dags/example_short_circuit_operator.py
[2026-07-17T20:23:10.082+0530] {logging_mixin.py:190} INFO - [2026-07-17T20:23:10.082+0530] {dag.py:3239} INFO - Sync 1 DAGs
[2026-07-17T20:23:10.085+0530] {logging_mixin.py:190} INFO - [2026-07-17T20:23:10.085+0530] {dag.py:4180} INFO - Setting next_dagrun for example_short_circuit_operator to None, run_after=None
[2026-07-17T20:23:10.089+0530] {processor.py:208} INFO - Processing /Users/bhavishyachallagolla/Desktop/RetailSense/.venv/lib/python3.12/site-packages/airflow/example_dags/example_short_circuit_operator.py took 0.042 seconds
[2026-07-17T20:24:51.157+0530] {processor.py:186} INFO - Started process (PID=88659) to work on /Users/bhavishyachallagolla/Desktop/RetailSense/.venv/lib/python3.12/site-packages/airflow/example_dags/example_short_circuit_operator.py
[2026-07-17T20:24:51.158+0530] {processor.py:914} INFO - Processing file /Users/bhavishyachallagolla/Desktop/RetailSense/.venv/lib/python3.12/site-packages/airflow/example_dags/example_short_circuit_operator.py for tasks to queue
[2026-07-17T20:24:51.158+0530] {logging_mixin.py:190} INFO - [2026-07-17T20:24:51.158+0530] {dagbag.py:588} INFO - Filling up the DagBag from /Users/bhavishyachallagolla/Desktop/RetailSense/.venv/lib/python3.12/site-packages/airflow/example_dags/example_short_circuit_operator.py
[2026-07-17T20:24:51.167+0530] {processor.py:925} INFO - DAG(s) 'example_short_circuit_operator' retrieved from /Users/bhavishyachallagolla/Desktop/RetailSense/.venv/lib/python3.12/site-packages/airflow/example_dags/example_short_circuit_operator.py
[2026-07-17T20:24:51.191+0530] {logging_mixin.py:190} INFO - [2026-07-17T20:24:51.191+0530] {dag.py:3239} INFO - Sync 1 DAGs
[2026-07-17T20:24:51.194+0530] {logging_mixin.py:190} INFO - [2026-07-17T20:24:51.194+0530] {dag.py:4180} INFO - Setting next_dagrun for example_short_circuit_operator to None, run_after=None
[2026-07-17T20:24:51.199+0530] {processor.py:208} INFO - Processing /Users/bhavishyachallagolla/Desktop/RetailSense/.venv/lib/python3.12/site-packages/airflow/example_dags/example_short_circuit_operator.py took 0.042 seconds
[2026-07-17T20:26:32.148+0530] {processor.py:186} INFO - Started process (PID=88824) to work on /Users/bhavishyachallagolla/Desktop/RetailSense/.venv/lib/python3.12/site-packages/airflow/example_dags/example_short_circuit_operator.py
[2026-07-17T20:26:32.149+0530] {processor.py:914} INFO - Processing file /Users/bhavishyachallagolla/Desktop/RetailSense/.venv/lib/python3.12/site-packages/airflow/example_dags/example_short_circuit_operator.py for tasks to queue
[2026-07-17T20:26:32.149+0530] {logging_mixin.py:190} INFO - [2026-07-17T20:26:32.149+0530] {dagbag.py:588} INFO - Filling up the DagBag from /Users/bhavishyachallagolla/Desktop/RetailSense/.venv/lib/python3.12/site-packages/airflow/example_dags/example_short_circuit_operator.py
[2026-07-17T20:26:32.158+0530] {processor.py:925} INFO - DAG(s) 'example_short_circuit_operator' retrieved from /Users/bhavishyachallagolla/Desktop/RetailSense/.venv/lib/python3.12/site-packages/airflow/example_dags/example_short_circuit_operator.py
[2026-07-17T20:26:32.183+0530] {logging_mixin.py:190} INFO - [2026-07-17T20:26:32.182+0530] {dag.py:3239} INFO - Sync 1 DAGs
[2026-07-17T20:26:32.186+0530] {logging_mixin.py:190} INFO - [2026-07-17T20:26:32.186+0530] {dag.py:4180} INFO - Setting next_dagrun for example_short_circuit_operator to None, run_after=None
[2026-07-17T20:26:32.190+0530] {processor.py:208} INFO - Processing /Users/bhavishyachallagolla/Desktop/RetailSense/.venv/lib/python3.12/site-packages/airflow/example_dags/example_short_circuit_operator.py took 0.043 seconds
[2026-07-17T20:28:12.042+0530] {processor.py:186} INFO - Started process (PID=88978) to work on /Users/bhavishyachallagolla/Desktop/RetailSense/.venv/lib/python3.12/site-packages/airflow/example_dags/example_short_circuit_operator.py
[2026-07-17T20:28:12.042+0530] {processor.py:914} INFO - Processing file /Users/bhavishyachallagolla/Desktop/RetailSense/.venv/lib/python3.12/site-packages/airflow/example_dags/example_short_circuit_operator.py for tasks to queue
[2026-07-17T20:28:12.043+0530] {logging_mixin.py:190} INFO - [2026-07-17T20:28:12.043+0530] {dagbag.py:588} INFO - Filling up the DagBag from /Users/bhavishyachallagolla/Desktop/RetailSense/.venv/lib/python3.12/site-packages/airflow/example_dags/example_short_circuit_operator.py
[2026-07-17T20:28:12.051+0530] {processor.py:925} INFO - DAG(s) 'example_short_circuit_operator' retrieved from /Users/bhavishyachallagolla/Desktop/RetailSense/.venv/lib/python3.12/site-packages/airflow/example_dags/example_short_circuit_operator.py
[2026-07-17T20:28:12.076+0530] {logging_mixin.py:190} INFO - [2026-07-17T20:28:12.076+0530] {dag.py:3239} INFO - Sync 1 DAGs
[2026-07-17T20:28:12.079+0530] {logging_mixin.py:190} INFO - [2026-07-17T20:28:12.079+0530] {dag.py:4180} INFO - Setting next_dagrun for example_short_circuit_operator to None, run_after=None
[2026-07-17T20:28:12.083+0530] {processor.py:208} INFO - Processing /Users/bhavishyachallagolla/Desktop/RetailSense/.venv/lib/python3.12/site-packages/airflow/example_dags/example_short_circuit_operator.py took 0.042 seconds
[2026-07-17T20:29:48.229+0530] {processor.py:186} INFO - Started process (PID=89124) to work on /Users/bhavishyachallagolla/Desktop/RetailSense/.venv/lib/python3.12/site-packages/airflow/example_dags/example_short_circuit_operator.py
[2026-07-17T20:29:48.230+0530] {processor.py:914} INFO - Processing file /Users/bhavishyachallagolla/Desktop/RetailSense/.venv/lib/python3.12/site-packages/airflow/example_dags/example_short_circuit_operator.py for tasks to queue
[2026-07-17T20:29:48.230+0530] {logging_mixin.py:190} INFO - [2026-07-17T20:29:48.230+0530] {dagbag.py:588} INFO - Filling up the DagBag from /Users/bhavishyachallagolla/Desktop/RetailSense/.venv/lib/python3.12/site-packages/airflow/example_dags/example_short_circuit_operator.py
[2026-07-17T20:29:48.241+0530] {processor.py:925} INFO - DAG(s) 'example_short_circuit_operator' retrieved from /Users/bhavishyachallagolla/Desktop/RetailSense/.venv/lib/python3.12/site-packages/airflow/example_dags/example_short_circuit_operator.py
[2026-07-17T20:29:48.268+0530] {logging_mixin.py:190} INFO - [2026-07-17T20:29:48.268+0530] {dag.py:3239} INFO - Sync 1 DAGs
[2026-07-17T20:29:48.271+0530] {logging_mixin.py:190} INFO - [2026-07-17T20:29:48.271+0530] {dag.py:4180} INFO - Setting next_dagrun for example_short_circuit_operator to None, run_after=None
[2026-07-17T20:29:48.276+0530] {processor.py:208} INFO - Processing /Users/bhavishyachallagolla/Desktop/RetailSense/.venv/lib/python3.12/site-packages/airflow/example_dags/example_short_circuit_operator.py took 0.048 seconds
[2026-07-17T20:31:29.296+0530] {processor.py:186} INFO - Started process (PID=89282) to work on /Users/bhavishyachallagolla/Desktop/RetailSense/.venv/lib/python3.12/site-packages/airflow/example_dags/example_short_circuit_operator.py
[2026-07-17T20:31:29.297+0530] {processor.py:914} INFO - Processing file /Users/bhavishyachallagolla/Desktop/RetailSense/.venv/lib/python3.12/site-packages/airflow/example_dags/example_short_circuit_operator.py for tasks to queue
[2026-07-17T20:31:29.297+0530] {logging_mixin.py:190} INFO - [2026-07-17T20:31:29.297+0530] {dagbag.py:588} INFO - Filling up the DagBag from /Users/bhavishyachallagolla/Desktop/RetailSense/.venv/lib/python3.12/site-packages/airflow/example_dags/example_short_circuit_operator.py
[2026-07-17T20:31:29.306+0530] {processor.py:925} INFO - DAG(s) 'example_short_circuit_operator' retrieved from /Users/bhavishyachallagolla/Desktop/RetailSense/.venv/lib/python3.12/site-packages/airflow/example_dags/example_short_circuit_operator.py
[2026-07-17T20:31:29.330+0530] {logging_mixin.py:190} INFO - [2026-07-17T20:31:29.330+0530] {dag.py:3239} INFO - Sync 1 DAGs
[2026-07-17T20:31:29.333+0530] {logging_mixin.py:190} INFO - [2026-07-17T20:31:29.333+0530] {dag.py:4180} INFO - Setting next_dagrun for example_short_circuit_operator to None, run_after=None
[2026-07-17T20:31:29.338+0530] {processor.py:208} INFO - Processing /Users/bhavishyachallagolla/Desktop/RetailSense/.venv/lib/python3.12/site-packages/airflow/example_dags/example_short_circuit_operator.py took 0.043 seconds
[2026-07-17T20:33:10.289+0530] {processor.py:186} INFO - Started process (PID=89432) to work on /Users/bhavishyachallagolla/Desktop/RetailSense/.venv/lib/python3.12/site-packages/airflow/example_dags/example_short_circuit_operator.py
[2026-07-17T20:33:10.289+0530] {processor.py:914} INFO - Processing file /Users/bhavishyachallagolla/Desktop/RetailSense/.venv/lib/python3.12/site-packages/airflow/example_dags/example_short_circuit_operator.py for tasks to queue
[2026-07-17T20:33:10.289+0530] {logging_mixin.py:190} INFO - [2026-07-17T20:33:10.289+0530] {dagbag.py:588} INFO - Filling up the DagBag from /Users/bhavishyachallagolla/Desktop/RetailSense/.venv/lib/python3.12/site-packages/airflow/example_dags/example_short_circuit_operator.py
[2026-07-17T20:33:10.298+0530] {processor.py:925} INFO - DAG(s) 'example_short_circuit_operator' retrieved from /Users/bhavishyachallagolla/Desktop/RetailSense/.venv/lib/python3.12/site-packages/airflow/example_dags/example_short_circuit_operator.py
[2026-07-17T20:33:10.323+0530] {logging_mixin.py:190} INFO - [2026-07-17T20:33:10.323+0530] {dag.py:3239} INFO - Sync 1 DAGs
[2026-07-17T20:33:10.326+0530] {logging_mixin.py:190} INFO - [2026-07-17T20:33:10.326+0530] {dag.py:4180} INFO - Setting next_dagrun for example_short_circuit_operator to None, run_after=None
[2026-07-17T20:33:10.331+0530] {processor.py:208} INFO - Processing /Users/bhavishyachallagolla/Desktop/RetailSense/.venv/lib/python3.12/site-packages/airflow/example_dags/example_short_circuit_operator.py took 0.043 seconds
[2026-07-17T20:34:50.762+0530] {processor.py:186} INFO - Started process (PID=89582) to work on /Users/bhavishyachallagolla/Desktop/RetailSense/.venv/lib/python3.12/site-packages/airflow/example_dags/example_short_circuit_operator.py
[2026-07-17T20:34:50.763+0530] {processor.py:914} INFO - Processing file /Users/bhavishyachallagolla/Desktop/RetailSense/.venv/lib/python3.12/site-packages/airflow/example_dags/example_short_circuit_operator.py for tasks to queue
[2026-07-17T20:34:50.763+0530] {logging_mixin.py:190} INFO - [2026-07-17T20:34:50.763+0530] {dagbag.py:588} INFO - Filling up the DagBag from /Users/bhavishyachallagolla/Desktop/RetailSense/.venv/lib/python3.12/site-packages/airflow/example_dags/example_short_circuit_operator.py
[2026-07-17T20:34:50.772+0530] {processor.py:925} INFO - DAG(s) 'example_short_circuit_operator' retrieved from /Users/bhavishyachallagolla/Desktop/RetailSense/.venv/lib/python3.12/site-packages/airflow/example_dags/example_short_circuit_operator.py
[2026-07-17T20:34:50.797+0530] {logging_mixin.py:190} INFO - [2026-07-17T20:34:50.796+0530] {dag.py:3239} INFO - Sync 1 DAGs
[2026-07-17T20:34:50.800+0530] {logging_mixin.py:190} INFO - [2026-07-17T20:34:50.800+0530] {dag.py:4180} INFO - Setting next_dagrun for example_short_circuit_operator to None, run_after=None
[2026-07-17T20:34:50.804+0530] {processor.py:208} INFO - Processing /Users/bhavishyachallagolla/Desktop/RetailSense/.venv/lib/python3.12/site-packages/airflow/example_dags/example_short_circuit_operator.py took 0.043 seconds
[2026-07-17T20:36:31.761+0530] {processor.py:186} INFO - Started process (PID=89732) to work on /Users/bhavishyachallagolla/Desktop/RetailSense/.venv/lib/python3.12/site-packages/airflow/example_dags/example_short_circuit_operator.py
[2026-07-17T20:36:31.761+0530] {processor.py:914} INFO - Processing file /Users/bhavishyachallagolla/Desktop/RetailSense/.venv/lib/python3.12/site-packages/airflow/example_dags/example_short_circuit_operator.py for tasks to queue
[2026-07-17T20:36:31.761+0530] {logging_mixin.py:190} INFO - [2026-07-17T20:36:31.761+0530] {dagbag.py:588} INFO - Filling up the DagBag from /Users/bhavishyachallagolla/Desktop/RetailSense/.venv/lib/python3.12/site-packages/airflow/example_dags/example_short_circuit_operator.py
[2026-07-17T20:36:31.771+0530] {processor.py:925} INFO - DAG(s) 'example_short_circuit_operator' retrieved from /Users/bhavishyachallagolla/Desktop/RetailSense/.venv/lib/python3.12/site-packages/airflow/example_dags/example_short_circuit_operator.py
[2026-07-17T20:36:31.797+0530] {logging_mixin.py:190} INFO - [2026-07-17T20:36:31.796+0530] {dag.py:3239} INFO - Sync 1 DAGs
[2026-07-17T20:36:31.799+0530] {logging_mixin.py:190} INFO - [2026-07-17T20:36:31.799+0530] {dag.py:4180} INFO - Setting next_dagrun for example_short_circuit_operator to None, run_after=None
[2026-07-17T20:36:31.804+0530] {processor.py:208} INFO - Processing /Users/bhavishyachallagolla/Desktop/RetailSense/.venv/lib/python3.12/site-packages/airflow/example_dags/example_short_circuit_operator.py took 0.045 seconds
[2026-07-17T20:38:13.577+0530] {processor.py:186} INFO - Started process (PID=89883) to work on /Users/bhavishyachallagolla/Desktop/RetailSense/.venv/lib/python3.12/site-packages/airflow/example_dags/example_short_circuit_operator.py
[2026-07-17T20:38:13.577+0530] {processor.py:914} INFO - Processing file /Users/bhavishyachallagolla/Desktop/RetailSense/.venv/lib/python3.12/site-packages/airflow/example_dags/example_short_circuit_operator.py for tasks to queue
[2026-07-17T20:38:13.578+0530] {logging_mixin.py:190} INFO - [2026-07-17T20:38:13.578+0530] {dagbag.py:588} INFO - Filling up the DagBag from /Users/bhavishyachallagolla/Desktop/RetailSense/.venv/lib/python3.12/site-packages/airflow/example_dags/example_short_circuit_operator.py
[2026-07-17T20:38:13.587+0530] {processor.py:925} INFO - DAG(s) 'example_short_circuit_operator' retrieved from /Users/bhavishyachallagolla/Desktop/RetailSense/.venv/lib/python3.12/site-packages/airflow/example_dags/example_short_circuit_operator.py
[2026-07-17T20:38:13.613+0530] {logging_mixin.py:190} INFO - [2026-07-17T20:38:13.613+0530] {dag.py:3239} INFO - Sync 1 DAGs
[2026-07-17T20:38:13.616+0530] {logging_mixin.py:190} INFO - [2026-07-17T20:38:13.616+0530] {dag.py:4180} INFO - Setting next_dagrun for example_short_circuit_operator to None, run_after=None
[2026-07-17T20:38:13.621+0530] {processor.py:208} INFO - Processing /Users/bhavishyachallagolla/Desktop/RetailSense/.venv/lib/python3.12/site-packages/airflow/example_dags/example_short_circuit_operator.py took 0.045 seconds
[2026-07-17T20:39:56.113+0530] {processor.py:186} INFO - Started process (PID=90106) to work on /Users/bhavishyachallagolla/Desktop/RetailSense/.venv/lib/python3.12/site-packages/airflow/example_dags/example_short_circuit_operator.py
[2026-07-17T20:39:56.114+0530] {processor.py:914} INFO - Processing file /Users/bhavishyachallagolla/Desktop/RetailSense/.venv/lib/python3.12/site-packages/airflow/example_dags/example_short_circuit_operator.py for tasks to queue
[2026-07-17T20:39:56.115+0530] {logging_mixin.py:190} INFO - [2026-07-17T20:39:56.115+0530] {dagbag.py:588} INFO - Filling up the DagBag from /Users/bhavishyachallagolla/Desktop/RetailSense/.venv/lib/python3.12/site-packages/airflow/example_dags/example_short_circuit_operator.py
[2026-07-17T20:39:56.124+0530] {processor.py:925} INFO - DAG(s) 'example_short_circuit_operator' retrieved from /Users/bhavishyachallagolla/Desktop/RetailSense/.venv/lib/python3.12/site-packages/airflow/example_dags/example_short_circuit_operator.py
[2026-07-17T20:39:56.149+0530] {logging_mixin.py:190} INFO - [2026-07-17T20:39:56.148+0530] {dag.py:3239} INFO - Sync 1 DAGs
[2026-07-17T20:39:56.152+0530] {logging_mixin.py:190} INFO - [2026-07-17T20:39:56.152+0530] {dag.py:4180} INFO - Setting next_dagrun for example_short_circuit_operator to None, run_after=None
[2026-07-17T20:39:56.156+0530] {processor.py:208} INFO - Processing /Users/bhavishyachallagolla/Desktop/RetailSense/.venv/lib/python3.12/site-packages/airflow/example_dags/example_short_circuit_operator.py took 0.044 seconds
[2026-07-17T20:41:33.682+0530] {processor.py:186} INFO - Started process (PID=90309) to work on /Users/bhavishyachallagolla/Desktop/RetailSense/.venv/lib/python3.12/site-packages/airflow/example_dags/example_short_circuit_operator.py
[2026-07-17T20:41:33.682+0530] {processor.py:914} INFO - Processing file /Users/bhavishyachallagolla/Desktop/RetailSense/.venv/lib/python3.12/site-packages/airflow/example_dags/example_short_circuit_operator.py for tasks to queue
[2026-07-17T20:41:33.683+0530] {logging_mixin.py:190} INFO - [2026-07-17T20:41:33.683+0530] {dagbag.py:588} INFO - Filling up the DagBag from /Users/bhavishyachallagolla/Desktop/RetailSense/.venv/lib/python3.12/site-packages/airflow/example_dags/example_short_circuit_operator.py
[2026-07-17T20:41:33.692+0530] {processor.py:925} INFO - DAG(s) 'example_short_circuit_operator' retrieved from /Users/bhavishyachallagolla/Desktop/RetailSense/.venv/lib/python3.12/site-packages/airflow/example_dags/example_short_circuit_operator.py
[2026-07-17T20:41:33.717+0530] {logging_mixin.py:190} INFO - [2026-07-17T20:41:33.716+0530] {dag.py:3239} INFO - Sync 1 DAGs
[2026-07-17T20:41:33.720+0530] {logging_mixin.py:190} INFO - [2026-07-17T20:41:33.719+0530] {dag.py:4180} INFO - Setting next_dagrun for example_short_circuit_operator to None, run_after=None
[2026-07-17T20:41:33.724+0530] {processor.py:208} INFO - Processing /Users/bhavishyachallagolla/Desktop/RetailSense/.venv/lib/python3.12/site-packages/airflow/example_dags/example_short_circuit_operator.py took 0.043 seconds
[2026-07-17T20:43:13.811+0530] {processor.py:186} INFO - Started process (PID=90465) to work on /Users/bhavishyachallagolla/Desktop/RetailSense/.venv/lib/python3.12/site-packages/airflow/example_dags/example_short_circuit_operator.py
[2026-07-17T20:43:13.811+0530] {processor.py:914} INFO - Processing file /Users/bhavishyachallagolla/Desktop/RetailSense/.venv/lib/python3.12/site-packages/airflow/example_dags/example_short_circuit_operator.py for tasks to queue
[2026-07-17T20:43:13.812+0530] {logging_mixin.py:190} INFO - [2026-07-17T20:43:13.812+0530] {dagbag.py:588} INFO - Filling up the DagBag from /Users/bhavishyachallagolla/Desktop/RetailSense/.venv/lib/python3.12/site-packages/airflow/example_dags/example_short_circuit_operator.py
[2026-07-17T20:43:13.820+0530] {processor.py:925} INFO - DAG(s) 'example_short_circuit_operator' retrieved from /Users/bhavishyachallagolla/Desktop/RetailSense/.venv/lib/python3.12/site-packages/airflow/example_dags/example_short_circuit_operator.py
[2026-07-17T20:43:13.845+0530] {logging_mixin.py:190} INFO - [2026-07-17T20:43:13.845+0530] {dag.py:3239} INFO - Sync 1 DAGs
[2026-07-17T20:43:13.848+0530] {logging_mixin.py:190} INFO - [2026-07-17T20:43:13.848+0530] {dag.py:4180} INFO - Setting next_dagrun for example_short_circuit_operator to None, run_after=None
[2026-07-17T20:43:13.853+0530] {processor.py:208} INFO - Processing /Users/bhavishyachallagolla/Desktop/RetailSense/.venv/lib/python3.12/site-packages/airflow/example_dags/example_short_circuit_operator.py took 0.043 seconds
[2026-07-17T20:44:53.704+0530] {processor.py:186} INFO - Started process (PID=90623) to work on /Users/bhavishyachallagolla/Desktop/RetailSense/.venv/lib/python3.12/site-packages/airflow/example_dags/example_short_circuit_operator.py
[2026-07-17T20:44:53.704+0530] {processor.py:914} INFO - Processing file /Users/bhavishyachallagolla/Desktop/RetailSense/.venv/lib/python3.12/site-packages/airflow/example_dags/example_short_circuit_operator.py for tasks to queue
[2026-07-17T20:44:53.705+0530] {logging_mixin.py:190} INFO - [2026-07-17T20:44:53.705+0530] {dagbag.py:588} INFO - Filling up the DagBag from /Users/bhavishyachallagolla/Desktop/RetailSense/.venv/lib/python3.12/site-packages/airflow/example_dags/example_short_circuit_operator.py
[2026-07-17T20:44:53.713+0530] {processor.py:925} INFO - DAG(s) 'example_short_circuit_operator' retrieved from /Users/bhavishyachallagolla/Desktop/RetailSense/.venv/lib/python3.12/site-packages/airflow/example_dags/example_short_circuit_operator.py
[2026-07-17T20:44:53.737+0530] {logging_mixin.py:190} INFO - [2026-07-17T20:44:53.737+0530] {dag.py:3239} INFO - Sync 1 DAGs
[2026-07-17T20:44:53.740+0530] {logging_mixin.py:190} INFO - [2026-07-17T20:44:53.740+0530] {dag.py:4180} INFO - Setting next_dagrun for example_short_circuit_operator to None, run_after=None
[2026-07-17T20:44:53.745+0530] {processor.py:208} INFO - Processing /Users/bhavishyachallagolla/Desktop/RetailSense/.venv/lib/python3.12/site-packages/airflow/example_dags/example_short_circuit_operator.py took 0.042 seconds
[2026-07-17T20:46:34.906+0530] {processor.py:186} INFO - Started process (PID=90775) to work on /Users/bhavishyachallagolla/Desktop/RetailSense/.venv/lib/python3.12/site-packages/airflow/example_dags/example_short_circuit_operator.py
[2026-07-17T20:46:34.907+0530] {processor.py:914} INFO - Processing file /Users/bhavishyachallagolla/Desktop/RetailSense/.venv/lib/python3.12/site-packages/airflow/example_dags/example_short_circuit_operator.py for tasks to queue
[2026-07-17T20:46:34.907+0530] {logging_mixin.py:190} INFO - [2026-07-17T20:46:34.907+0530] {dagbag.py:588} INFO - Filling up the DagBag from /Users/bhavishyachallagolla/Desktop/RetailSense/.venv/lib/python3.12/site-packages/airflow/example_dags/example_short_circuit_operator.py
[2026-07-17T20:46:34.916+0530] {processor.py:925} INFO - DAG(s) 'example_short_circuit_operator' retrieved from /Users/bhavishyachallagolla/Desktop/RetailSense/.venv/lib/python3.12/site-packages/airflow/example_dags/example_short_circuit_operator.py
[2026-07-17T20:46:34.940+0530] {logging_mixin.py:190} INFO - [2026-07-17T20:46:34.940+0530] {dag.py:3239} INFO - Sync 1 DAGs
[2026-07-17T20:46:34.943+0530] {logging_mixin.py:190} INFO - [2026-07-17T20:46:34.943+0530] {dag.py:4180} INFO - Setting next_dagrun for example_short_circuit_operator to None, run_after=None
[2026-07-17T20:46:34.947+0530] {processor.py:208} INFO - Processing /Users/bhavishyachallagolla/Desktop/RetailSense/.venv/lib/python3.12/site-packages/airflow/example_dags/example_short_circuit_operator.py took 0.042 seconds
[2026-07-17T20:48:15.475+0530] {processor.py:186} INFO - Started process (PID=90929) to work on /Users/bhavishyachallagolla/Desktop/RetailSense/.venv/lib/python3.12/site-packages/airflow/example_dags/example_short_circuit_operator.py
[2026-07-17T20:48:15.476+0530] {processor.py:914} INFO - Processing file /Users/bhavishyachallagolla/Desktop/RetailSense/.venv/lib/python3.12/site-packages/airflow/example_dags/example_short_circuit_operator.py for tasks to queue
[2026-07-17T20:48:15.477+0530] {logging_mixin.py:190} INFO - [2026-07-17T20:48:15.477+0530] {dagbag.py:588} INFO - Filling up the DagBag from /Users/bhavishyachallagolla/Desktop/RetailSense/.venv/lib/python3.12/site-packages/airflow/example_dags/example_short_circuit_operator.py
[2026-07-17T20:48:15.486+0530] {processor.py:925} INFO - DAG(s) 'example_short_circuit_operator' retrieved from /Users/bhavishyachallagolla/Desktop/RetailSense/.venv/lib/python3.12/site-packages/airflow/example_dags/example_short_circuit_operator.py
[2026-07-17T20:48:15.511+0530] {logging_mixin.py:190} INFO - [2026-07-17T20:48:15.511+0530] {dag.py:3239} INFO - Sync 1 DAGs
[2026-07-17T20:48:15.514+0530] {logging_mixin.py:190} INFO - [2026-07-17T20:48:15.514+0530] {dag.py:4180} INFO - Setting next_dagrun for example_short_circuit_operator to None, run_after=None
[2026-07-17T20:48:15.519+0530] {processor.py:208} INFO - Processing /Users/bhavishyachallagolla/Desktop/RetailSense/.venv/lib/python3.12/site-packages/airflow/example_dags/example_short_circuit_operator.py took 0.045 seconds
[2026-07-17T20:49:53.597+0530] {processor.py:186} INFO - Started process (PID=91096) to work on /Users/bhavishyachallagolla/Desktop/RetailSense/.venv/lib/python3.12/site-packages/airflow/example_dags/example_short_circuit_operator.py
[2026-07-17T20:49:53.598+0530] {processor.py:914} INFO - Processing file /Users/bhavishyachallagolla/Desktop/RetailSense/.venv/lib/python3.12/site-packages/airflow/example_dags/example_short_circuit_operator.py for tasks to queue
[2026-07-17T20:49:53.598+0530] {logging_mixin.py:190} INFO - [2026-07-17T20:49:53.598+0530] {dagbag.py:588} INFO - Filling up the DagBag from /Users/bhavishyachallagolla/Desktop/RetailSense/.venv/lib/python3.12/site-packages/airflow/example_dags/example_short_circuit_operator.py
[2026-07-17T20:49:53.607+0530] {processor.py:925} INFO - DAG(s) 'example_short_circuit_operator' retrieved from /Users/bhavishyachallagolla/Desktop/RetailSense/.venv/lib/python3.12/site-packages/airflow/example_dags/example_short_circuit_operator.py
[2026-07-17T20:49:53.632+0530] {logging_mixin.py:190} INFO - [2026-07-17T20:49:53.631+0530] {dag.py:3239} INFO - Sync 1 DAGs
[2026-07-17T20:49:53.635+0530] {logging_mixin.py:190} INFO - [2026-07-17T20:49:53.635+0530] {dag.py:4180} INFO - Setting next_dagrun for example_short_circuit_operator to None, run_after=None
[2026-07-17T20:49:53.639+0530] {processor.py:208} INFO - Processing /Users/bhavishyachallagolla/Desktop/RetailSense/.venv/lib/python3.12/site-packages/airflow/example_dags/example_short_circuit_operator.py took 0.043 seconds
[2026-07-17T20:51:33.842+0530] {processor.py:186} INFO - Started process (PID=91246) to work on /Users/bhavishyachallagolla/Desktop/RetailSense/.venv/lib/python3.12/site-packages/airflow/example_dags/example_short_circuit_operator.py
[2026-07-17T20:51:33.843+0530] {processor.py:914} INFO - Processing file /Users/bhavishyachallagolla/Desktop/RetailSense/.venv/lib/python3.12/site-packages/airflow/example_dags/example_short_circuit_operator.py for tasks to queue
[2026-07-17T20:51:33.843+0530] {logging_mixin.py:190} INFO - [2026-07-17T20:51:33.843+0530] {dagbag.py:588} INFO - Filling up the DagBag from /Users/bhavishyachallagolla/Desktop/RetailSense/.venv/lib/python3.12/site-packages/airflow/example_dags/example_short_circuit_operator.py
[2026-07-17T20:51:33.852+0530] {processor.py:925} INFO - DAG(s) 'example_short_circuit_operator' retrieved from /Users/bhavishyachallagolla/Desktop/RetailSense/.venv/lib/python3.12/site-packages/airflow/example_dags/example_short_circuit_operator.py
[2026-07-17T20:51:33.878+0530] {logging_mixin.py:190} INFO - [2026-07-17T20:51:33.877+0530] {dag.py:3239} INFO - Sync 1 DAGs
[2026-07-17T20:51:33.880+0530] {logging_mixin.py:190} INFO - [2026-07-17T20:51:33.880+0530] {dag.py:4180} INFO - Setting next_dagrun for example_short_circuit_operator to None, run_after=None
[2026-07-17T20:51:33.885+0530] {processor.py:208} INFO - Processing /Users/bhavishyachallagolla/Desktop/RetailSense/.venv/lib/python3.12/site-packages/airflow/example_dags/example_short_circuit_operator.py took 0.044 seconds
[2026-07-17T20:53:14.747+0530] {processor.py:186} INFO - Started process (PID=91395) to work on /Users/bhavishyachallagolla/Desktop/RetailSense/.venv/lib/python3.12/site-packages/airflow/example_dags/example_short_circuit_operator.py
[2026-07-17T20:53:14.748+0530] {processor.py:914} INFO - Processing file /Users/bhavishyachallagolla/Desktop/RetailSense/.venv/lib/python3.12/site-packages/airflow/example_dags/example_short_circuit_operator.py for tasks to queue
[2026-07-17T20:53:14.748+0530] {logging_mixin.py:190} INFO - [2026-07-17T20:53:14.748+0530] {dagbag.py:588} INFO - Filling up the DagBag from /Users/bhavishyachallagolla/Desktop/RetailSense/.venv/lib/python3.12/site-packages/airflow/example_dags/example_short_circuit_operator.py
[2026-07-17T20:53:14.757+0530] {processor.py:925} INFO - DAG(s) 'example_short_circuit_operator' retrieved from /Users/bhavishyachallagolla/Desktop/RetailSense/.venv/lib/python3.12/site-packages/airflow/example_dags/example_short_circuit_operator.py
[2026-07-17T20:53:14.782+0530] {logging_mixin.py:190} INFO - [2026-07-17T20:53:14.782+0530] {dag.py:3239} INFO - Sync 1 DAGs
[2026-07-17T20:53:14.785+0530] {logging_mixin.py:190} INFO - [2026-07-17T20:53:14.785+0530] {dag.py:4180} INFO - Setting next_dagrun for example_short_circuit_operator to None, run_after=None
[2026-07-17T20:53:14.790+0530] {processor.py:208} INFO - Processing /Users/bhavishyachallagolla/Desktop/RetailSense/.venv/lib/python3.12/site-packages/airflow/example_dags/example_short_circuit_operator.py took 0.044 seconds
[2026-07-17T20:54:56.407+0530] {processor.py:186} INFO - Started process (PID=91547) to work on /Users/bhavishyachallagolla/Desktop/RetailSense/.venv/lib/python3.12/site-packages/airflow/example_dags/example_short_circuit_operator.py
[2026-07-17T20:54:56.407+0530] {processor.py:914} INFO - Processing file /Users/bhavishyachallagolla/Desktop/RetailSense/.venv/lib/python3.12/site-packages/airflow/example_dags/example_short_circuit_operator.py for tasks to queue
[2026-07-17T20:54:56.408+0530] {logging_mixin.py:190} INFO - [2026-07-17T20:54:56.407+0530] {dagbag.py:588} INFO - Filling up the DagBag from /Users/bhavishyachallagolla/Desktop/RetailSense/.venv/lib/python3.12/site-packages/airflow/example_dags/example_short_circuit_operator.py
[2026-07-17T20:54:56.416+0530] {processor.py:925} INFO - DAG(s) 'example_short_circuit_operator' retrieved from /Users/bhavishyachallagolla/Desktop/RetailSense/.venv/lib/python3.12/site-packages/airflow/example_dags/example_short_circuit_operator.py
[2026-07-17T20:54:56.440+0530] {logging_mixin.py:190} INFO - [2026-07-17T20:54:56.440+0530] {dag.py:3239} INFO - Sync 1 DAGs
[2026-07-17T20:54:56.443+0530] {logging_mixin.py:190} INFO - [2026-07-17T20:54:56.443+0530] {dag.py:4180} INFO - Setting next_dagrun for example_short_circuit_operator to None, run_after=None
[2026-07-17T20:54:56.448+0530] {processor.py:208} INFO - Processing /Users/bhavishyachallagolla/Desktop/RetailSense/.venv/lib/python3.12/site-packages/airflow/example_dags/example_short_circuit_operator.py took 0.042 seconds
[2026-07-17T20:56:36.441+0530] {processor.py:186} INFO - Started process (PID=91711) to work on /Users/bhavishyachallagolla/Desktop/RetailSense/.venv/lib/python3.12/site-packages/airflow/example_dags/example_short_circuit_operator.py
[2026-07-17T20:56:36.442+0530] {processor.py:914} INFO - Processing file /Users/bhavishyachallagolla/Desktop/RetailSense/.venv/lib/python3.12/site-packages/airflow/example_dags/example_short_circuit_operator.py for tasks to queue
[2026-07-17T20:56:36.442+0530] {logging_mixin.py:190} INFO - [2026-07-17T20:56:36.442+0530] {dagbag.py:588} INFO - Filling up the DagBag from /Users/bhavishyachallagolla/Desktop/RetailSense/.venv/lib/python3.12/site-packages/airflow/example_dags/example_short_circuit_operator.py
[2026-07-17T20:56:36.451+0530] {processor.py:925} INFO - DAG(s) 'example_short_circuit_operator' retrieved from /Users/bhavishyachallagolla/Desktop/RetailSense/.venv/lib/python3.12/site-packages/airflow/example_dags/example_short_circuit_operator.py
[2026-07-17T20:56:36.476+0530] {logging_mixin.py:190} INFO - [2026-07-17T20:56:36.475+0530] {dag.py:3239} INFO - Sync 1 DAGs
[2026-07-17T20:56:36.479+0530] {logging_mixin.py:190} INFO - [2026-07-17T20:56:36.479+0530] {dag.py:4180} INFO - Setting next_dagrun for example_short_circuit_operator to None, run_after=None
[2026-07-17T20:56:36.483+0530] {processor.py:208} INFO - Processing /Users/bhavishyachallagolla/Desktop/RetailSense/.venv/lib/python3.12/site-packages/airflow/example_dags/example_short_circuit_operator.py took 0.043 seconds
[2026-07-17T20:58:14.759+0530] {processor.py:186} INFO - Started process (PID=91856) to work on /Users/bhavishyachallagolla/Desktop/RetailSense/.venv/lib/python3.12/site-packages/airflow/example_dags/example_short_circuit_operator.py
[2026-07-17T20:58:14.760+0530] {processor.py:914} INFO - Processing file /Users/bhavishyachallagolla/Desktop/RetailSense/.venv/lib/python3.12/site-packages/airflow/example_dags/example_short_circuit_operator.py for tasks to queue
[2026-07-17T20:58:14.760+0530] {logging_mixin.py:190} INFO - [2026-07-17T20:58:14.760+0530] {dagbag.py:588} INFO - Filling up the DagBag from /Users/bhavishyachallagolla/Desktop/RetailSense/.venv/lib/python3.12/site-packages/airflow/example_dags/example_short_circuit_operator.py
[2026-07-17T20:58:14.769+0530] {processor.py:925} INFO - DAG(s) 'example_short_circuit_operator' retrieved from /Users/bhavishyachallagolla/Desktop/RetailSense/.venv/lib/python3.12/site-packages/airflow/example_dags/example_short_circuit_operator.py
[2026-07-17T20:58:14.793+0530] {logging_mixin.py:190} INFO - [2026-07-17T20:58:14.793+0530] {dag.py:3239} INFO - Sync 1 DAGs
[2026-07-17T20:58:14.796+0530] {logging_mixin.py:190} INFO - [2026-07-17T20:58:14.796+0530] {dag.py:4180} INFO - Setting next_dagrun for example_short_circuit_operator to None, run_after=None
[2026-07-17T20:58:14.800+0530] {processor.py:208} INFO - Processing /Users/bhavishyachallagolla/Desktop/RetailSense/.venv/lib/python3.12/site-packages/airflow/example_dags/example_short_circuit_operator.py took 0.042 seconds
[2026-07-17T21:16:45.762+0530] {processor.py:186} INFO - Started process (PID=92012) to work on /Users/bhavishyachallagolla/Desktop/RetailSense/.venv/lib/python3.12/site-packages/airflow/example_dags/example_short_circuit_operator.py
[2026-07-17T21:16:45.764+0530] {processor.py:914} INFO - Processing file /Users/bhavishyachallagolla/Desktop/RetailSense/.venv/lib/python3.12/site-packages/airflow/example_dags/example_short_circuit_operator.py for tasks to queue
[2026-07-17T21:16:45.764+0530] {logging_mixin.py:190} INFO - [2026-07-17T21:16:45.764+0530] {dagbag.py:588} INFO - Filling up the DagBag from /Users/bhavishyachallagolla/Desktop/RetailSense/.venv/lib/python3.12/site-packages/airflow/example_dags/example_short_circuit_operator.py
[2026-07-17T21:16:45.773+0530] {processor.py:925} INFO - DAG(s) 'example_short_circuit_operator' retrieved from /Users/bhavishyachallagolla/Desktop/RetailSense/.venv/lib/python3.12/site-packages/airflow/example_dags/example_short_circuit_operator.py
[2026-07-17T21:16:45.798+0530] {logging_mixin.py:190} INFO - [2026-07-17T21:16:45.798+0530] {dag.py:3239} INFO - Sync 1 DAGs
[2026-07-17T21:16:45.801+0530] {logging_mixin.py:190} INFO - [2026-07-17T21:16:45.801+0530] {dag.py:4180} INFO - Setting next_dagrun for example_short_circuit_operator to None, run_after=None
[2026-07-17T21:16:45.806+0530] {processor.py:208} INFO - Processing /Users/bhavishyachallagolla/Desktop/RetailSense/.venv/lib/python3.12/site-packages/airflow/example_dags/example_short_circuit_operator.py took 0.044 seconds
[2026-07-17T22:22:35.454+0530] {processor.py:186} INFO - Started process (PID=92104) to work on /Users/bhavishyachallagolla/Desktop/RetailSense/.venv/lib/python3.12/site-packages/airflow/example_dags/example_short_circuit_operator.py
[2026-07-17T22:22:35.454+0530] {processor.py:914} INFO - Processing file /Users/bhavishyachallagolla/Desktop/RetailSense/.venv/lib/python3.12/site-packages/airflow/example_dags/example_short_circuit_operator.py for tasks to queue
[2026-07-17T22:22:35.455+0530] {logging_mixin.py:190} INFO - [2026-07-17T22:22:35.455+0530] {dagbag.py:588} INFO - Filling up the DagBag from /Users/bhavishyachallagolla/Desktop/RetailSense/.venv/lib/python3.12/site-packages/airflow/example_dags/example_short_circuit_operator.py
[2026-07-17T22:22:35.464+0530] {processor.py:925} INFO - DAG(s) 'example_short_circuit_operator' retrieved from /Users/bhavishyachallagolla/Desktop/RetailSense/.venv/lib/python3.12/site-packages/airflow/example_dags/example_short_circuit_operator.py
[2026-07-17T22:22:35.487+0530] {logging_mixin.py:190} INFO - [2026-07-17T22:22:35.487+0530] {dag.py:3239} INFO - Sync 1 DAGs
[2026-07-17T22:22:35.490+0530] {logging_mixin.py:190} INFO - [2026-07-17T22:22:35.490+0530] {dag.py:4180} INFO - Setting next_dagrun for example_short_circuit_operator to None, run_after=None
[2026-07-17T22:22:35.494+0530] {processor.py:208} INFO - Processing /Users/bhavishyachallagolla/Desktop/RetailSense/.venv/lib/python3.12/site-packages/airflow/example_dags/example_short_circuit_operator.py took 0.041 seconds
[2026-07-17T22:23:54.231+0530] {processor.py:186} INFO - Started process (PID=92234) to work on /Users/bhavishyachallagolla/Desktop/RetailSense/.venv/lib/python3.12/site-packages/airflow/example_dags/example_short_circuit_operator.py
[2026-07-17T22:23:54.231+0530] {processor.py:914} INFO - Processing file /Users/bhavishyachallagolla/Desktop/RetailSense/.venv/lib/python3.12/site-packages/airflow/example_dags/example_short_circuit_operator.py for tasks to queue
[2026-07-17T22:23:54.232+0530] {logging_mixin.py:190} INFO - [2026-07-17T22:23:54.232+0530] {dagbag.py:588} INFO - Filling up the DagBag from /Users/bhavishyachallagolla/Desktop/RetailSense/.venv/lib/python3.12/site-packages/airflow/example_dags/example_short_circuit_operator.py
[2026-07-17T22:23:54.240+0530] {processor.py:925} INFO - DAG(s) 'example_short_circuit_operator' retrieved from /Users/bhavishyachallagolla/Desktop/RetailSense/.venv/lib/python3.12/site-packages/airflow/example_dags/example_short_circuit_operator.py
[2026-07-17T22:23:54.263+0530] {logging_mixin.py:190} INFO - [2026-07-17T22:23:54.263+0530] {dag.py:3239} INFO - Sync 1 DAGs
[2026-07-17T22:23:54.266+0530] {logging_mixin.py:190} INFO - [2026-07-17T22:23:54.266+0530] {dag.py:4180} INFO - Setting next_dagrun for example_short_circuit_operator to None, run_after=None
[2026-07-17T22:23:54.270+0530] {processor.py:208} INFO - Processing /Users/bhavishyachallagolla/Desktop/RetailSense/.venv/lib/python3.12/site-packages/airflow/example_dags/example_short_circuit_operator.py took 0.040 seconds
[2026-07-17T22:25:33.278+0530] {processor.py:186} INFO - Started process (PID=92386) to work on /Users/bhavishyachallagolla/Desktop/RetailSense/.venv/lib/python3.12/site-packages/airflow/example_dags/example_short_circuit_operator.py
[2026-07-17T22:25:33.279+0530] {processor.py:914} INFO - Processing file /Users/bhavishyachallagolla/Desktop/RetailSense/.venv/lib/python3.12/site-packages/airflow/example_dags/example_short_circuit_operator.py for tasks to queue
[2026-07-17T22:25:33.280+0530] {logging_mixin.py:190} INFO - [2026-07-17T22:25:33.279+0530] {dagbag.py:588} INFO - Filling up the DagBag from /Users/bhavishyachallagolla/Desktop/RetailSense/.venv/lib/python3.12/site-packages/airflow/example_dags/example_short_circuit_operator.py
[2026-07-17T22:25:33.288+0530] {processor.py:925} INFO - DAG(s) 'example_short_circuit_operator' retrieved from /Users/bhavishyachallagolla/Desktop/RetailSense/.venv/lib/python3.12/site-packages/airflow/example_dags/example_short_circuit_operator.py
[2026-07-17T22:25:33.313+0530] {logging_mixin.py:190} INFO - [2026-07-17T22:25:33.312+0530] {dag.py:3239} INFO - Sync 1 DAGs
[2026-07-17T22:25:33.316+0530] {logging_mixin.py:190} INFO - [2026-07-17T22:25:33.316+0530] {dag.py:4180} INFO - Setting next_dagrun for example_short_circuit_operator to None, run_after=None
[2026-07-17T22:25:33.320+0530] {processor.py:208} INFO - Processing /Users/bhavishyachallagolla/Desktop/RetailSense/.venv/lib/python3.12/site-packages/airflow/example_dags/example_short_circuit_operator.py took 0.043 seconds
[2026-07-17T22:27:14.220+0530] {processor.py:186} INFO - Started process (PID=92537) to work on /Users/bhavishyachallagolla/Desktop/RetailSense/.venv/lib/python3.12/site-packages/airflow/example_dags/example_short_circuit_operator.py
[2026-07-17T22:27:14.221+0530] {processor.py:914} INFO - Processing file /Users/bhavishyachallagolla/Desktop/RetailSense/.venv/lib/python3.12/site-packages/airflow/example_dags/example_short_circuit_operator.py for tasks to queue
[2026-07-17T22:27:14.222+0530] {logging_mixin.py:190} INFO - [2026-07-17T22:27:14.222+0530] {dagbag.py:588} INFO - Filling up the DagBag from /Users/bhavishyachallagolla/Desktop/RetailSense/.venv/lib/python3.12/site-packages/airflow/example_dags/example_short_circuit_operator.py
[2026-07-17T22:27:14.230+0530] {processor.py:925} INFO - DAG(s) 'example_short_circuit_operator' retrieved from /Users/bhavishyachallagolla/Desktop/RetailSense/.venv/lib/python3.12/site-packages/airflow/example_dags/example_short_circuit_operator.py
[2026-07-17T22:27:14.255+0530] {logging_mixin.py:190} INFO - [2026-07-17T22:27:14.255+0530] {dag.py:3239} INFO - Sync 1 DAGs
[2026-07-17T22:27:14.258+0530] {logging_mixin.py:190} INFO - [2026-07-17T22:27:14.258+0530] {dag.py:4180} INFO - Setting next_dagrun for example_short_circuit_operator to None, run_after=None
[2026-07-17T22:27:14.263+0530] {processor.py:208} INFO - Processing /Users/bhavishyachallagolla/Desktop/RetailSense/.venv/lib/python3.12/site-packages/airflow/example_dags/example_short_circuit_operator.py took 0.043 seconds
[2026-07-17T22:28:54.623+0530] {processor.py:186} INFO - Started process (PID=92687) to work on /Users/bhavishyachallagolla/Desktop/RetailSense/.venv/lib/python3.12/site-packages/airflow/example_dags/example_short_circuit_operator.py
[2026-07-17T22:28:54.624+0530] {processor.py:914} INFO - Processing file /Users/bhavishyachallagolla/Desktop/RetailSense/.venv/lib/python3.12/site-packages/airflow/example_dags/example_short_circuit_operator.py for tasks to queue
[2026-07-17T22:28:54.624+0530] {logging_mixin.py:190} INFO - [2026-07-17T22:28:54.624+0530] {dagbag.py:588} INFO - Filling up the DagBag from /Users/bhavishyachallagolla/Desktop/RetailSense/.venv/lib/python3.12/site-packages/airflow/example_dags/example_short_circuit_operator.py
[2026-07-17T22:28:54.633+0530] {processor.py:925} INFO - DAG(s) 'example_short_circuit_operator' retrieved from /Users/bhavishyachallagolla/Desktop/RetailSense/.venv/lib/python3.12/site-packages/airflow/example_dags/example_short_circuit_operator.py
[2026-07-17T22:28:54.658+0530] {logging_mixin.py:190} INFO - [2026-07-17T22:28:54.658+0530] {dag.py:3239} INFO - Sync 1 DAGs
[2026-07-17T22:28:54.661+0530] {logging_mixin.py:190} INFO - [2026-07-17T22:28:54.661+0530] {dag.py:4180} INFO - Setting next_dagrun for example_short_circuit_operator to None, run_after=None
[2026-07-17T22:28:54.666+0530] {processor.py:208} INFO - Processing /Users/bhavishyachallagolla/Desktop/RetailSense/.venv/lib/python3.12/site-packages/airflow/example_dags/example_short_circuit_operator.py took 0.044 seconds
[2026-07-17T22:30:32.610+0530] {processor.py:186} INFO - Started process (PID=92834) to work on /Users/bhavishyachallagolla/Desktop/RetailSense/.venv/lib/python3.12/site-packages/airflow/example_dags/example_short_circuit_operator.py
[2026-07-17T22:30:32.611+0530] {processor.py:914} INFO - Processing file /Users/bhavishyachallagolla/Desktop/RetailSense/.venv/lib/python3.12/site-packages/airflow/example_dags/example_short_circuit_operator.py for tasks to queue
[2026-07-17T22:30:32.612+0530] {logging_mixin.py:190} INFO - [2026-07-17T22:30:32.612+0530] {dagbag.py:588} INFO - Filling up the DagBag from /Users/bhavishyachallagolla/Desktop/RetailSense/.venv/lib/python3.12/site-packages/airflow/example_dags/example_short_circuit_operator.py
[2026-07-17T22:30:32.621+0530] {processor.py:925} INFO - DAG(s) 'example_short_circuit_operator' retrieved from /Users/bhavishyachallagolla/Desktop/RetailSense/.venv/lib/python3.12/site-packages/airflow/example_dags/example_short_circuit_operator.py
[2026-07-17T22:30:32.646+0530] {logging_mixin.py:190} INFO - [2026-07-17T22:30:32.645+0530] {dag.py:3239} INFO - Sync 1 DAGs
[2026-07-17T22:30:32.648+0530] {logging_mixin.py:190} INFO - [2026-07-17T22:30:32.648+0530] {dag.py:4180} INFO - Setting next_dagrun for example_short_circuit_operator to None, run_after=None
[2026-07-17T22:30:32.653+0530] {processor.py:208} INFO - Processing /Users/bhavishyachallagolla/Desktop/RetailSense/.venv/lib/python3.12/site-packages/airflow/example_dags/example_short_circuit_operator.py took 0.044 seconds
[2026-07-17T22:32:14.592+0530] {processor.py:186} INFO - Started process (PID=92996) to work on /Users/bhavishyachallagolla/Desktop/RetailSense/.venv/lib/python3.12/site-packages/airflow/example_dags/example_short_circuit_operator.py
[2026-07-17T22:32:14.593+0530] {processor.py:914} INFO - Processing file /Users/bhavishyachallagolla/Desktop/RetailSense/.venv/lib/python3.12/site-packages/airflow/example_dags/example_short_circuit_operator.py for tasks to queue
[2026-07-17T22:32:14.593+0530] {logging_mixin.py:190} INFO - [2026-07-17T22:32:14.593+0530] {dagbag.py:588} INFO - Filling up the DagBag from /Users/bhavishyachallagolla/Desktop/RetailSense/.venv/lib/python3.12/site-packages/airflow/example_dags/example_short_circuit_operator.py
[2026-07-17T22:32:14.602+0530] {processor.py:925} INFO - DAG(s) 'example_short_circuit_operator' retrieved from /Users/bhavishyachallagolla/Desktop/RetailSense/.venv/lib/python3.12/site-packages/airflow/example_dags/example_short_circuit_operator.py
[2026-07-17T22:32:14.626+0530] {logging_mixin.py:190} INFO - [2026-07-17T22:32:14.626+0530] {dag.py:3239} INFO - Sync 1 DAGs
[2026-07-17T22:32:14.629+0530] {logging_mixin.py:190} INFO - [2026-07-17T22:32:14.629+0530] {dag.py:4180} INFO - Setting next_dagrun for example_short_circuit_operator to None, run_after=None
[2026-07-17T22:32:14.633+0530] {processor.py:208} INFO - Processing /Users/bhavishyachallagolla/Desktop/RetailSense/.venv/lib/python3.12/site-packages/airflow/example_dags/example_short_circuit_operator.py took 0.043 seconds
[2026-07-17T22:33:52.040+0530] {processor.py:186} INFO - Started process (PID=93142) to work on /Users/bhavishyachallagolla/Desktop/RetailSense/.venv/lib/python3.12/site-packages/airflow/example_dags/example_short_circuit_operator.py
[2026-07-17T22:33:52.041+0530] {processor.py:914} INFO - Processing file /Users/bhavishyachallagolla/Desktop/RetailSense/.venv/lib/python3.12/site-packages/airflow/example_dags/example_short_circuit_operator.py for tasks to queue
[2026-07-17T22:33:52.041+0530] {logging_mixin.py:190} INFO - [2026-07-17T22:33:52.041+0530] {dagbag.py:588} INFO - Filling up the DagBag from /Users/bhavishyachallagolla/Desktop/RetailSense/.venv/lib/python3.12/site-packages/airflow/example_dags/example_short_circuit_operator.py
[2026-07-17T22:33:52.050+0530] {processor.py:925} INFO - DAG(s) 'example_short_circuit_operator' retrieved from /Users/bhavishyachallagolla/Desktop/RetailSense/.venv/lib/python3.12/site-packages/airflow/example_dags/example_short_circuit_operator.py
[2026-07-17T22:33:52.076+0530] {logging_mixin.py:190} INFO - [2026-07-17T22:33:52.075+0530] {dag.py:3239} INFO - Sync 1 DAGs
[2026-07-17T22:33:52.078+0530] {logging_mixin.py:190} INFO - [2026-07-17T22:33:52.078+0530] {dag.py:4180} INFO - Setting next_dagrun for example_short_circuit_operator to None, run_after=None
[2026-07-17T22:33:52.083+0530] {processor.py:208} INFO - Processing /Users/bhavishyachallagolla/Desktop/RetailSense/.venv/lib/python3.12/site-packages/airflow/example_dags/example_short_circuit_operator.py took 0.044 seconds
[2026-07-17T22:35:33.040+0530] {processor.py:186} INFO - Started process (PID=93293) to work on /Users/bhavishyachallagolla/Desktop/RetailSense/.venv/lib/python3.12/site-packages/airflow/example_dags/example_short_circuit_operator.py
[2026-07-17T22:35:33.041+0530] {processor.py:914} INFO - Processing file /Users/bhavishyachallagolla/Desktop/RetailSense/.venv/lib/python3.12/site-packages/airflow/example_dags/example_short_circuit_operator.py for tasks to queue
[2026-07-17T22:35:33.041+0530] {logging_mixin.py:190} INFO - [2026-07-17T22:35:33.041+0530] {dagbag.py:588} INFO - Filling up the DagBag from /Users/bhavishyachallagolla/Desktop/RetailSense/.venv/lib/python3.12/site-packages/airflow/example_dags/example_short_circuit_operator.py
[2026-07-17T22:35:33.050+0530] {processor.py:925} INFO - DAG(s) 'example_short_circuit_operator' retrieved from /Users/bhavishyachallagolla/Desktop/RetailSense/.venv/lib/python3.12/site-packages/airflow/example_dags/example_short_circuit_operator.py
[2026-07-17T22:35:33.075+0530] {logging_mixin.py:190} INFO - [2026-07-17T22:35:33.075+0530] {dag.py:3239} INFO - Sync 1 DAGs
[2026-07-17T22:35:33.078+0530] {logging_mixin.py:190} INFO - [2026-07-17T22:35:33.078+0530] {dag.py:4180} INFO - Setting next_dagrun for example_short_circuit_operator to None, run_after=None
[2026-07-17T22:35:33.083+0530] {processor.py:208} INFO - Processing /Users/bhavishyachallagolla/Desktop/RetailSense/.venv/lib/python3.12/site-packages/airflow/example_dags/example_short_circuit_operator.py took 0.044 seconds
[2026-07-17T22:37:13.941+0530] {processor.py:186} INFO - Started process (PID=93452) to work on /Users/bhavishyachallagolla/Desktop/RetailSense/.venv/lib/python3.12/site-packages/airflow/example_dags/example_short_circuit_operator.py
[2026-07-17T22:37:13.942+0530] {processor.py:914} INFO - Processing file /Users/bhavishyachallagolla/Desktop/RetailSense/.venv/lib/python3.12/site-packages/airflow/example_dags/example_short_circuit_operator.py for tasks to queue
[2026-07-17T22:37:13.943+0530] {logging_mixin.py:190} INFO - [2026-07-17T22:37:13.943+0530] {dagbag.py:588} INFO - Filling up the DagBag from /Users/bhavishyachallagolla/Desktop/RetailSense/.venv/lib/python3.12/site-packages/airflow/example_dags/example_short_circuit_operator.py
[2026-07-17T22:37:13.951+0530] {processor.py:925} INFO - DAG(s) 'example_short_circuit_operator' retrieved from /Users/bhavishyachallagolla/Desktop/RetailSense/.venv/lib/python3.12/site-packages/airflow/example_dags/example_short_circuit_operator.py
[2026-07-17T22:37:13.976+0530] {logging_mixin.py:190} INFO - [2026-07-17T22:37:13.975+0530] {dag.py:3239} INFO - Sync 1 DAGs
[2026-07-17T22:37:13.978+0530] {logging_mixin.py:190} INFO - [2026-07-17T22:37:13.978+0530] {dag.py:4180} INFO - Setting next_dagrun for example_short_circuit_operator to None, run_after=None
[2026-07-17T22:37:13.983+0530] {processor.py:208} INFO - Processing /Users/bhavishyachallagolla/Desktop/RetailSense/.venv/lib/python3.12/site-packages/airflow/example_dags/example_short_circuit_operator.py took 0.043 seconds
[2026-07-17T22:38:52.721+0530] {processor.py:186} INFO - Started process (PID=93601) to work on /Users/bhavishyachallagolla/Desktop/RetailSense/.venv/lib/python3.12/site-packages/airflow/example_dags/example_short_circuit_operator.py
[2026-07-17T22:38:52.721+0530] {processor.py:914} INFO - Processing file /Users/bhavishyachallagolla/Desktop/RetailSense/.venv/lib/python3.12/site-packages/airflow/example_dags/example_short_circuit_operator.py for tasks to queue
[2026-07-17T22:38:52.722+0530] {logging_mixin.py:190} INFO - [2026-07-17T22:38:52.721+0530] {dagbag.py:588} INFO - Filling up the DagBag from /Users/bhavishyachallagolla/Desktop/RetailSense/.venv/lib/python3.12/site-packages/airflow/example_dags/example_short_circuit_operator.py
[2026-07-17T22:38:52.730+0530] {processor.py:925} INFO - DAG(s) 'example_short_circuit_operator' retrieved from /Users/bhavishyachallagolla/Desktop/RetailSense/.venv/lib/python3.12/site-packages/airflow/example_dags/example_short_circuit_operator.py
[2026-07-17T22:38:52.754+0530] {logging_mixin.py:190} INFO - [2026-07-17T22:38:52.754+0530] {dag.py:3239} INFO - Sync 1 DAGs
[2026-07-17T22:38:52.757+0530] {logging_mixin.py:190} INFO - [2026-07-17T22:38:52.757+0530] {dag.py:4180} INFO - Setting next_dagrun for example_short_circuit_operator to None, run_after=None
[2026-07-17T22:38:52.762+0530] {processor.py:208} INFO - Processing /Users/bhavishyachallagolla/Desktop/RetailSense/.venv/lib/python3.12/site-packages/airflow/example_dags/example_short_circuit_operator.py took 0.042 seconds
[2026-07-17T22:40:33.709+0530] {processor.py:186} INFO - Started process (PID=93751) to work on /Users/bhavishyachallagolla/Desktop/RetailSense/.venv/lib/python3.12/site-packages/airflow/example_dags/example_short_circuit_operator.py
[2026-07-17T22:40:33.710+0530] {processor.py:914} INFO - Processing file /Users/bhavishyachallagolla/Desktop/RetailSense/.venv/lib/python3.12/site-packages/airflow/example_dags/example_short_circuit_operator.py for tasks to queue
[2026-07-17T22:40:33.710+0530] {logging_mixin.py:190} INFO - [2026-07-17T22:40:33.710+0530] {dagbag.py:588} INFO - Filling up the DagBag from /Users/bhavishyachallagolla/Desktop/RetailSense/.venv/lib/python3.12/site-packages/airflow/example_dags/example_short_circuit_operator.py
[2026-07-17T22:40:33.719+0530] {processor.py:925} INFO - DAG(s) 'example_short_circuit_operator' retrieved from /Users/bhavishyachallagolla/Desktop/RetailSense/.venv/lib/python3.12/site-packages/airflow/example_dags/example_short_circuit_operator.py
[2026-07-17T22:40:33.744+0530] {logging_mixin.py:190} INFO - [2026-07-17T22:40:33.743+0530] {dag.py:3239} INFO - Sync 1 DAGs
[2026-07-17T22:40:33.746+0530] {logging_mixin.py:190} INFO - [2026-07-17T22:40:33.746+0530] {dag.py:4180} INFO - Setting next_dagrun for example_short_circuit_operator to None, run_after=None
[2026-07-17T22:40:33.751+0530] {processor.py:208} INFO - Processing /Users/bhavishyachallagolla/Desktop/RetailSense/.venv/lib/python3.12/site-packages/airflow/example_dags/example_short_circuit_operator.py took 0.043 seconds
[2026-07-17T22:42:14.373+0530] {processor.py:186} INFO - Started process (PID=93902) to work on /Users/bhavishyachallagolla/Desktop/RetailSense/.venv/lib/python3.12/site-packages/airflow/example_dags/example_short_circuit_operator.py
[2026-07-17T22:42:14.374+0530] {processor.py:914} INFO - Processing file /Users/bhavishyachallagolla/Desktop/RetailSense/.venv/lib/python3.12/site-packages/airflow/example_dags/example_short_circuit_operator.py for tasks to queue
[2026-07-17T22:42:14.374+0530] {logging_mixin.py:190} INFO - [2026-07-17T22:42:14.374+0530] {dagbag.py:588} INFO - Filling up the DagBag from /Users/bhavishyachallagolla/Desktop/RetailSense/.venv/lib/python3.12/site-packages/airflow/example_dags/example_short_circuit_operator.py
[2026-07-17T22:42:14.384+0530] {processor.py:925} INFO - DAG(s) 'example_short_circuit_operator' retrieved from /Users/bhavishyachallagolla/Desktop/RetailSense/.venv/lib/python3.12/site-packages/airflow/example_dags/example_short_circuit_operator.py
[2026-07-17T22:42:14.410+0530] {logging_mixin.py:190} INFO - [2026-07-17T22:42:14.410+0530] {dag.py:3239} INFO - Sync 1 DAGs
[2026-07-17T22:42:14.413+0530] {logging_mixin.py:190} INFO - [2026-07-17T22:42:14.413+0530] {dag.py:4180} INFO - Setting next_dagrun for example_short_circuit_operator to None, run_after=None
[2026-07-17T22:42:14.418+0530] {processor.py:208} INFO - Processing /Users/bhavishyachallagolla/Desktop/RetailSense/.venv/lib/python3.12/site-packages/airflow/example_dags/example_short_circuit_operator.py took 0.047 seconds
[2026-07-17T22:43:55.300+0530] {processor.py:186} INFO - Started process (PID=94052) to work on /Users/bhavishyachallagolla/Desktop/RetailSense/.venv/lib/python3.12/site-packages/airflow/example_dags/example_short_circuit_operator.py
[2026-07-17T22:43:55.300+0530] {processor.py:914} INFO - Processing file /Users/bhavishyachallagolla/Desktop/RetailSense/.venv/lib/python3.12/site-packages/airflow/example_dags/example_short_circuit_operator.py for tasks to queue
[2026-07-17T22:43:55.301+0530] {logging_mixin.py:190} INFO - [2026-07-17T22:43:55.300+0530] {dagbag.py:588} INFO - Filling up the DagBag from /Users/bhavishyachallagolla/Desktop/RetailSense/.venv/lib/python3.12/site-packages/airflow/example_dags/example_short_circuit_operator.py
[2026-07-17T22:43:55.309+0530] {processor.py:925} INFO - DAG(s) 'example_short_circuit_operator' retrieved from /Users/bhavishyachallagolla/Desktop/RetailSense/.venv/lib/python3.12/site-packages/airflow/example_dags/example_short_circuit_operator.py
[2026-07-17T22:43:55.333+0530] {logging_mixin.py:190} INFO - [2026-07-17T22:43:55.333+0530] {dag.py:3239} INFO - Sync 1 DAGs
[2026-07-17T22:43:55.336+0530] {logging_mixin.py:190} INFO - [2026-07-17T22:43:55.336+0530] {dag.py:4180} INFO - Setting next_dagrun for example_short_circuit_operator to None, run_after=None
[2026-07-17T22:43:55.341+0530] {processor.py:208} INFO - Processing /Users/bhavishyachallagolla/Desktop/RetailSense/.venv/lib/python3.12/site-packages/airflow/example_dags/example_short_circuit_operator.py took 0.042 seconds
[2026-07-17T22:45:34.886+0530] {processor.py:186} INFO - Started process (PID=94201) to work on /Users/bhavishyachallagolla/Desktop/RetailSense/.venv/lib/python3.12/site-packages/airflow/example_dags/example_short_circuit_operator.py
[2026-07-17T22:45:34.886+0530] {processor.py:914} INFO - Processing file /Users/bhavishyachallagolla/Desktop/RetailSense/.venv/lib/python3.12/site-packages/airflow/example_dags/example_short_circuit_operator.py for tasks to queue
[2026-07-17T22:45:34.887+0530] {logging_mixin.py:190} INFO - [2026-07-17T22:45:34.886+0530] {dagbag.py:588} INFO - Filling up the DagBag from /Users/bhavishyachallagolla/Desktop/RetailSense/.venv/lib/python3.12/site-packages/airflow/example_dags/example_short_circuit_operator.py
[2026-07-17T22:45:34.895+0530] {processor.py:925} INFO - DAG(s) 'example_short_circuit_operator' retrieved from /Users/bhavishyachallagolla/Desktop/RetailSense/.venv/lib/python3.12/site-packages/airflow/example_dags/example_short_circuit_operator.py
[2026-07-17T22:45:34.920+0530] {logging_mixin.py:190} INFO - [2026-07-17T22:45:34.920+0530] {dag.py:3239} INFO - Sync 1 DAGs
[2026-07-17T22:45:34.923+0530] {logging_mixin.py:190} INFO - [2026-07-17T22:45:34.923+0530] {dag.py:4180} INFO - Setting next_dagrun for example_short_circuit_operator to None, run_after=None
[2026-07-17T22:45:34.928+0530] {processor.py:208} INFO - Processing /Users/bhavishyachallagolla/Desktop/RetailSense/.venv/lib/python3.12/site-packages/airflow/example_dags/example_short_circuit_operator.py took 0.043 seconds
[2026-07-17T22:47:11.951+0530] {processor.py:186} INFO - Started process (PID=94348) to work on /Users/bhavishyachallagolla/Desktop/RetailSense/.venv/lib/python3.12/site-packages/airflow/example_dags/example_short_circuit_operator.py
[2026-07-17T22:47:11.951+0530] {processor.py:914} INFO - Processing file /Users/bhavishyachallagolla/Desktop/RetailSense/.venv/lib/python3.12/site-packages/airflow/example_dags/example_short_circuit_operator.py for tasks to queue
[2026-07-17T22:47:11.952+0530] {logging_mixin.py:190} INFO - [2026-07-17T22:47:11.952+0530] {dagbag.py:588} INFO - Filling up the DagBag from /Users/bhavishyachallagolla/Desktop/RetailSense/.venv/lib/python3.12/site-packages/airflow/example_dags/example_short_circuit_operator.py
[2026-07-17T22:47:11.960+0530] {processor.py:925} INFO - DAG(s) 'example_short_circuit_operator' retrieved from /Users/bhavishyachallagolla/Desktop/RetailSense/.venv/lib/python3.12/site-packages/airflow/example_dags/example_short_circuit_operator.py
[2026-07-17T22:47:11.985+0530] {logging_mixin.py:190} INFO - [2026-07-17T22:47:11.985+0530] {dag.py:3239} INFO - Sync 1 DAGs
[2026-07-17T22:47:11.988+0530] {logging_mixin.py:190} INFO - [2026-07-17T22:47:11.988+0530] {dag.py:4180} INFO - Setting next_dagrun for example_short_circuit_operator to None, run_after=None
[2026-07-17T22:47:11.993+0530] {processor.py:208} INFO - Processing /Users/bhavishyachallagolla/Desktop/RetailSense/.venv/lib/python3.12/site-packages/airflow/example_dags/example_short_circuit_operator.py took 0.043 seconds
[2026-07-17T22:48:52.291+0530] {processor.py:186} INFO - Started process (PID=94498) to work on /Users/bhavishyachallagolla/Desktop/RetailSense/.venv/lib/python3.12/site-packages/airflow/example_dags/example_short_circuit_operator.py
[2026-07-17T22:48:52.292+0530] {processor.py:914} INFO - Processing file /Users/bhavishyachallagolla/Desktop/RetailSense/.venv/lib/python3.12/site-packages/airflow/example_dags/example_short_circuit_operator.py for tasks to queue
[2026-07-17T22:48:52.292+0530] {logging_mixin.py:190} INFO - [2026-07-17T22:48:52.292+0530] {dagbag.py:588} INFO - Filling up the DagBag from /Users/bhavishyachallagolla/Desktop/RetailSense/.venv/lib/python3.12/site-packages/airflow/example_dags/example_short_circuit_operator.py
[2026-07-17T22:48:52.301+0530] {processor.py:925} INFO - DAG(s) 'example_short_circuit_operator' retrieved from /Users/bhavishyachallagolla/Desktop/RetailSense/.venv/lib/python3.12/site-packages/airflow/example_dags/example_short_circuit_operator.py
[2026-07-17T22:48:52.326+0530] {logging_mixin.py:190} INFO - [2026-07-17T22:48:52.325+0530] {dag.py:3239} INFO - Sync 1 DAGs
[2026-07-17T22:48:52.328+0530] {logging_mixin.py:190} INFO - [2026-07-17T22:48:52.328+0530] {dag.py:4180} INFO - Setting next_dagrun for example_short_circuit_operator to None, run_after=None
[2026-07-17T22:48:52.333+0530] {processor.py:208} INFO - Processing /Users/bhavishyachallagolla/Desktop/RetailSense/.venv/lib/python3.12/site-packages/airflow/example_dags/example_short_circuit_operator.py took 0.043 seconds
[2026-07-17T22:50:46.682+0530] {processor.py:186} INFO - Started process (PID=94651) to work on /Users/bhavishyachallagolla/Desktop/RetailSense/.venv/lib/python3.12/site-packages/airflow/example_dags/example_short_circuit_operator.py
[2026-07-17T22:50:46.683+0530] {processor.py:914} INFO - Processing file /Users/bhavishyachallagolla/Desktop/RetailSense/.venv/lib/python3.12/site-packages/airflow/example_dags/example_short_circuit_operator.py for tasks to queue
[2026-07-17T22:50:46.684+0530] {logging_mixin.py:190} INFO - [2026-07-17T22:50:46.684+0530] {dagbag.py:588} INFO - Filling up the DagBag from /Users/bhavishyachallagolla/Desktop/RetailSense/.venv/lib/python3.12/site-packages/airflow/example_dags/example_short_circuit_operator.py
[2026-07-17T22:50:46.692+0530] {processor.py:925} INFO - DAG(s) 'example_short_circuit_operator' retrieved from /Users/bhavishyachallagolla/Desktop/RetailSense/.venv/lib/python3.12/site-packages/airflow/example_dags/example_short_circuit_operator.py
[2026-07-17T22:50:46.717+0530] {logging_mixin.py:190} INFO - [2026-07-17T22:50:46.716+0530] {dag.py:3239} INFO - Sync 1 DAGs
[2026-07-17T22:50:46.719+0530] {logging_mixin.py:190} INFO - [2026-07-17T22:50:46.719+0530] {dag.py:4180} INFO - Setting next_dagrun for example_short_circuit_operator to None, run_after=None
[2026-07-17T22:50:46.724+0530] {processor.py:208} INFO - Processing /Users/bhavishyachallagolla/Desktop/RetailSense/.venv/lib/python3.12/site-packages/airflow/example_dags/example_short_circuit_operator.py took 0.043 seconds
[2026-07-17T22:52:25.594+0530] {processor.py:186} INFO - Started process (PID=94802) to work on /Users/bhavishyachallagolla/Desktop/RetailSense/.venv/lib/python3.12/site-packages/airflow/example_dags/example_short_circuit_operator.py
[2026-07-17T22:52:25.595+0530] {processor.py:914} INFO - Processing file /Users/bhavishyachallagolla/Desktop/RetailSense/.venv/lib/python3.12/site-packages/airflow/example_dags/example_short_circuit_operator.py for tasks to queue
[2026-07-17T22:52:25.595+0530] {logging_mixin.py:190} INFO - [2026-07-17T22:52:25.595+0530] {dagbag.py:588} INFO - Filling up the DagBag from /Users/bhavishyachallagolla/Desktop/RetailSense/.venv/lib/python3.12/site-packages/airflow/example_dags/example_short_circuit_operator.py
[2026-07-17T22:52:25.604+0530] {processor.py:925} INFO - DAG(s) 'example_short_circuit_operator' retrieved from /Users/bhavishyachallagolla/Desktop/RetailSense/.venv/lib/python3.12/site-packages/airflow/example_dags/example_short_circuit_operator.py
[2026-07-17T22:52:25.630+0530] {logging_mixin.py:190} INFO - [2026-07-17T22:52:25.629+0530] {dag.py:3239} INFO - Sync 1 DAGs
[2026-07-17T22:52:25.633+0530] {logging_mixin.py:190} INFO - [2026-07-17T22:52:25.633+0530] {dag.py:4180} INFO - Setting next_dagrun for example_short_circuit_operator to None, run_after=None
[2026-07-17T22:52:25.638+0530] {processor.py:208} INFO - Processing /Users/bhavishyachallagolla/Desktop/RetailSense/.venv/lib/python3.12/site-packages/airflow/example_dags/example_short_circuit_operator.py took 0.044 seconds
[2026-07-17T22:54:05.205+0530] {processor.py:186} INFO - Started process (PID=94957) to work on /Users/bhavishyachallagolla/Desktop/RetailSense/.venv/lib/python3.12/site-packages/airflow/example_dags/example_short_circuit_operator.py
[2026-07-17T22:54:05.206+0530] {processor.py:914} INFO - Processing file /Users/bhavishyachallagolla/Desktop/RetailSense/.venv/lib/python3.12/site-packages/airflow/example_dags/example_short_circuit_operator.py for tasks to queue
[2026-07-17T22:54:05.206+0530] {logging_mixin.py:190} INFO - [2026-07-17T22:54:05.206+0530] {dagbag.py:588} INFO - Filling up the DagBag from /Users/bhavishyachallagolla/Desktop/RetailSense/.venv/lib/python3.12/site-packages/airflow/example_dags/example_short_circuit_operator.py
[2026-07-17T22:54:05.215+0530] {processor.py:925} INFO - DAG(s) 'example_short_circuit_operator' retrieved from /Users/bhavishyachallagolla/Desktop/RetailSense/.venv/lib/python3.12/site-packages/airflow/example_dags/example_short_circuit_operator.py
[2026-07-17T22:54:05.240+0530] {logging_mixin.py:190} INFO - [2026-07-17T22:54:05.240+0530] {dag.py:3239} INFO - Sync 1 DAGs
[2026-07-17T22:54:05.243+0530] {logging_mixin.py:190} INFO - [2026-07-17T22:54:05.243+0530] {dag.py:4180} INFO - Setting next_dagrun for example_short_circuit_operator to None, run_after=None
[2026-07-17T22:54:05.248+0530] {processor.py:208} INFO - Processing /Users/bhavishyachallagolla/Desktop/RetailSense/.venv/lib/python3.12/site-packages/airflow/example_dags/example_short_circuit_operator.py took 0.043 seconds
[2026-07-17T22:55:44.540+0530] {processor.py:186} INFO - Started process (PID=95105) to work on /Users/bhavishyachallagolla/Desktop/RetailSense/.venv/lib/python3.12/site-packages/airflow/example_dags/example_short_circuit_operator.py
[2026-07-17T22:55:44.541+0530] {processor.py:914} INFO - Processing file /Users/bhavishyachallagolla/Desktop/RetailSense/.venv/lib/python3.12/site-packages/airflow/example_dags/example_short_circuit_operator.py for tasks to queue
[2026-07-17T22:55:44.541+0530] {logging_mixin.py:190} INFO - [2026-07-17T22:55:44.541+0530] {dagbag.py:588} INFO - Filling up the DagBag from /Users/bhavishyachallagolla/Desktop/RetailSense/.venv/lib/python3.12/site-packages/airflow/example_dags/example_short_circuit_operator.py
[2026-07-17T22:55:44.550+0530] {processor.py:925} INFO - DAG(s) 'example_short_circuit_operator' retrieved from /Users/bhavishyachallagolla/Desktop/RetailSense/.venv/lib/python3.12/site-packages/airflow/example_dags/example_short_circuit_operator.py
[2026-07-17T22:55:44.575+0530] {logging_mixin.py:190} INFO - [2026-07-17T22:55:44.574+0530] {dag.py:3239} INFO - Sync 1 DAGs
[2026-07-17T22:55:44.577+0530] {logging_mixin.py:190} INFO - [2026-07-17T22:55:44.577+0530] {dag.py:4180} INFO - Setting next_dagrun for example_short_circuit_operator to None, run_after=None
[2026-07-17T22:55:44.582+0530] {processor.py:208} INFO - Processing /Users/bhavishyachallagolla/Desktop/RetailSense/.venv/lib/python3.12/site-packages/airflow/example_dags/example_short_circuit_operator.py took 0.043 seconds
[2026-07-17T22:57:24.092+0530] {processor.py:186} INFO - Started process (PID=95255) to work on /Users/bhavishyachallagolla/Desktop/RetailSense/.venv/lib/python3.12/site-packages/airflow/example_dags/example_short_circuit_operator.py
[2026-07-17T22:57:24.092+0530] {processor.py:914} INFO - Processing file /Users/bhavishyachallagolla/Desktop/RetailSense/.venv/lib/python3.12/site-packages/airflow/example_dags/example_short_circuit_operator.py for tasks to queue
[2026-07-17T22:57:24.092+0530] {logging_mixin.py:190} INFO - [2026-07-17T22:57:24.092+0530] {dagbag.py:588} INFO - Filling up the DagBag from /Users/bhavishyachallagolla/Desktop/RetailSense/.venv/lib/python3.12/site-packages/airflow/example_dags/example_short_circuit_operator.py
[2026-07-17T22:57:24.101+0530] {processor.py:925} INFO - DAG(s) 'example_short_circuit_operator' retrieved from /Users/bhavishyachallagolla/Desktop/RetailSense/.venv/lib/python3.12/site-packages/airflow/example_dags/example_short_circuit_operator.py
[2026-07-17T22:57:24.125+0530] {logging_mixin.py:190} INFO - [2026-07-17T22:57:24.125+0530] {dag.py:3239} INFO - Sync 1 DAGs
[2026-07-17T22:57:24.128+0530] {logging_mixin.py:190} INFO - [2026-07-17T22:57:24.128+0530] {dag.py:4180} INFO - Setting next_dagrun for example_short_circuit_operator to None, run_after=None
[2026-07-17T22:57:24.133+0530] {processor.py:208} INFO - Processing /Users/bhavishyachallagolla/Desktop/RetailSense/.venv/lib/python3.12/site-packages/airflow/example_dags/example_short_circuit_operator.py took 0.042 seconds
[2026-07-17T22:59:04.502+0530] {processor.py:186} INFO - Started process (PID=95418) to work on /Users/bhavishyachallagolla/Desktop/RetailSense/.venv/lib/python3.12/site-packages/airflow/example_dags/example_short_circuit_operator.py
[2026-07-17T22:59:04.503+0530] {processor.py:914} INFO - Processing file /Users/bhavishyachallagolla/Desktop/RetailSense/.venv/lib/python3.12/site-packages/airflow/example_dags/example_short_circuit_operator.py for tasks to queue
[2026-07-17T22:59:04.503+0530] {logging_mixin.py:190} INFO - [2026-07-17T22:59:04.503+0530] {dagbag.py:588} INFO - Filling up the DagBag from /Users/bhavishyachallagolla/Desktop/RetailSense/.venv/lib/python3.12/site-packages/airflow/example_dags/example_short_circuit_operator.py
[2026-07-17T22:59:04.513+0530] {processor.py:925} INFO - DAG(s) 'example_short_circuit_operator' retrieved from /Users/bhavishyachallagolla/Desktop/RetailSense/.venv/lib/python3.12/site-packages/airflow/example_dags/example_short_circuit_operator.py
[2026-07-17T22:59:04.538+0530] {logging_mixin.py:190} INFO - [2026-07-17T22:59:04.538+0530] {dag.py:3239} INFO - Sync 1 DAGs
[2026-07-17T22:59:04.541+0530] {logging_mixin.py:190} INFO - [2026-07-17T22:59:04.541+0530] {dag.py:4180} INFO - Setting next_dagrun for example_short_circuit_operator to None, run_after=None
[2026-07-17T22:59:04.546+0530] {processor.py:208} INFO - Processing /Users/bhavishyachallagolla/Desktop/RetailSense/.venv/lib/python3.12/site-packages/airflow/example_dags/example_short_circuit_operator.py took 0.045 seconds
[2026-07-17T23:00:35.141+0530] {processor.py:186} INFO - Started process (PID=95537) to work on /Users/bhavishyachallagolla/Desktop/RetailSense/.venv/lib/python3.12/site-packages/airflow/example_dags/example_short_circuit_operator.py
[2026-07-17T23:00:35.142+0530] {processor.py:914} INFO - Processing file /Users/bhavishyachallagolla/Desktop/RetailSense/.venv/lib/python3.12/site-packages/airflow/example_dags/example_short_circuit_operator.py for tasks to queue
[2026-07-17T23:00:35.142+0530] {logging_mixin.py:190} INFO - [2026-07-17T23:00:35.142+0530] {dagbag.py:588} INFO - Filling up the DagBag from /Users/bhavishyachallagolla/Desktop/RetailSense/.venv/lib/python3.12/site-packages/airflow/example_dags/example_short_circuit_operator.py
[2026-07-17T23:00:35.151+0530] {processor.py:925} INFO - DAG(s) 'example_short_circuit_operator' retrieved from /Users/bhavishyachallagolla/Desktop/RetailSense/.venv/lib/python3.12/site-packages/airflow/example_dags/example_short_circuit_operator.py
[2026-07-17T23:00:35.176+0530] {logging_mixin.py:190} INFO - [2026-07-17T23:00:35.175+0530] {dag.py:3239} INFO - Sync 1 DAGs
[2026-07-17T23:00:35.179+0530] {logging_mixin.py:190} INFO - [2026-07-17T23:00:35.179+0530] {dag.py:4180} INFO - Setting next_dagrun for example_short_circuit_operator to None, run_after=None
[2026-07-17T23:00:35.183+0530] {processor.py:208} INFO - Processing /Users/bhavishyachallagolla/Desktop/RetailSense/.venv/lib/python3.12/site-packages/airflow/example_dags/example_short_circuit_operator.py took 0.043 seconds
[2026-07-17T23:01:51.761+0530] {processor.py:186} INFO - Started process (PID=95651) to work on /Users/bhavishyachallagolla/Desktop/RetailSense/.venv/lib/python3.12/site-packages/airflow/example_dags/example_short_circuit_operator.py
[2026-07-17T23:01:51.762+0530] {processor.py:914} INFO - Processing file /Users/bhavishyachallagolla/Desktop/RetailSense/.venv/lib/python3.12/site-packages/airflow/example_dags/example_short_circuit_operator.py for tasks to queue
[2026-07-17T23:01:51.762+0530] {logging_mixin.py:190} INFO - [2026-07-17T23:01:51.762+0530] {dagbag.py:588} INFO - Filling up the DagBag from /Users/bhavishyachallagolla/Desktop/RetailSense/.venv/lib/python3.12/site-packages/airflow/example_dags/example_short_circuit_operator.py
[2026-07-17T23:01:51.771+0530] {processor.py:925} INFO - DAG(s) 'example_short_circuit_operator' retrieved from /Users/bhavishyachallagolla/Desktop/RetailSense/.venv/lib/python3.12/site-packages/airflow/example_dags/example_short_circuit_operator.py
[2026-07-17T23:01:51.796+0530] {logging_mixin.py:190} INFO - [2026-07-17T23:01:51.795+0530] {dag.py:3239} INFO - Sync 1 DAGs
[2026-07-17T23:01:51.798+0530] {logging_mixin.py:190} INFO - [2026-07-17T23:01:51.798+0530] {dag.py:4180} INFO - Setting next_dagrun for example_short_circuit_operator to None, run_after=None
[2026-07-17T23:01:51.803+0530] {processor.py:208} INFO - Processing /Users/bhavishyachallagolla/Desktop/RetailSense/.venv/lib/python3.12/site-packages/airflow/example_dags/example_short_circuit_operator.py took 0.043 seconds
[2026-07-17T23:03:32.041+0530] {processor.py:186} INFO - Started process (PID=95825) to work on /Users/bhavishyachallagolla/Desktop/RetailSense/.venv/lib/python3.12/site-packages/airflow/example_dags/example_short_circuit_operator.py
[2026-07-17T23:03:32.041+0530] {processor.py:914} INFO - Processing file /Users/bhavishyachallagolla/Desktop/RetailSense/.venv/lib/python3.12/site-packages/airflow/example_dags/example_short_circuit_operator.py for tasks to queue
[2026-07-17T23:03:32.041+0530] {logging_mixin.py:190} INFO - [2026-07-17T23:03:32.041+0530] {dagbag.py:588} INFO - Filling up the DagBag from /Users/bhavishyachallagolla/Desktop/RetailSense/.venv/lib/python3.12/site-packages/airflow/example_dags/example_short_circuit_operator.py
[2026-07-17T23:03:32.050+0530] {processor.py:925} INFO - DAG(s) 'example_short_circuit_operator' retrieved from /Users/bhavishyachallagolla/Desktop/RetailSense/.venv/lib/python3.12/site-packages/airflow/example_dags/example_short_circuit_operator.py
[2026-07-17T23:03:32.074+0530] {logging_mixin.py:190} INFO - [2026-07-17T23:03:32.074+0530] {dag.py:3239} INFO - Sync 1 DAGs
[2026-07-17T23:03:32.077+0530] {logging_mixin.py:190} INFO - [2026-07-17T23:03:32.077+0530] {dag.py:4180} INFO - Setting next_dagrun for example_short_circuit_operator to None, run_after=None
[2026-07-17T23:03:32.082+0530] {processor.py:208} INFO - Processing /Users/bhavishyachallagolla/Desktop/RetailSense/.venv/lib/python3.12/site-packages/airflow/example_dags/example_short_circuit_operator.py took 0.042 seconds
[2026-07-17T23:05:12.803+0530] {processor.py:186} INFO - Started process (PID=95976) to work on /Users/bhavishyachallagolla/Desktop/RetailSense/.venv/lib/python3.12/site-packages/airflow/example_dags/example_short_circuit_operator.py
[2026-07-17T23:05:12.803+0530] {processor.py:914} INFO - Processing file /Users/bhavishyachallagolla/Desktop/RetailSense/.venv/lib/python3.12/site-packages/airflow/example_dags/example_short_circuit_operator.py for tasks to queue
[2026-07-17T23:05:12.803+0530] {logging_mixin.py:190} INFO - [2026-07-17T23:05:12.803+0530] {dagbag.py:588} INFO - Filling up the DagBag from /Users/bhavishyachallagolla/Desktop/RetailSense/.venv/lib/python3.12/site-packages/airflow/example_dags/example_short_circuit_operator.py
[2026-07-17T23:05:12.812+0530] {processor.py:925} INFO - DAG(s) 'example_short_circuit_operator' retrieved from /Users/bhavishyachallagolla/Desktop/RetailSense/.venv/lib/python3.12/site-packages/airflow/example_dags/example_short_circuit_operator.py
[2026-07-17T23:05:12.837+0530] {logging_mixin.py:190} INFO - [2026-07-17T23:05:12.836+0530] {dag.py:3239} INFO - Sync 1 DAGs
[2026-07-17T23:05:12.839+0530] {logging_mixin.py:190} INFO - [2026-07-17T23:05:12.839+0530] {dag.py:4180} INFO - Setting next_dagrun for example_short_circuit_operator to None, run_after=None
[2026-07-17T23:05:12.844+0530] {processor.py:208} INFO - Processing /Users/bhavishyachallagolla/Desktop/RetailSense/.venv/lib/python3.12/site-packages/airflow/example_dags/example_short_circuit_operator.py took 0.042 seconds
[2026-07-17T23:06:53.527+0530] {processor.py:186} INFO - Started process (PID=96127) to work on /Users/bhavishyachallagolla/Desktop/RetailSense/.venv/lib/python3.12/site-packages/airflow/example_dags/example_short_circuit_operator.py
[2026-07-17T23:06:53.527+0530] {processor.py:914} INFO - Processing file /Users/bhavishyachallagolla/Desktop/RetailSense/.venv/lib/python3.12/site-packages/airflow/example_dags/example_short_circuit_operator.py for tasks to queue
[2026-07-17T23:06:53.527+0530] {logging_mixin.py:190} INFO - [2026-07-17T23:06:53.527+0530] {dagbag.py:588} INFO - Filling up the DagBag from /Users/bhavishyachallagolla/Desktop/RetailSense/.venv/lib/python3.12/site-packages/airflow/example_dags/example_short_circuit_operator.py
[2026-07-17T23:06:53.536+0530] {processor.py:925} INFO - DAG(s) 'example_short_circuit_operator' retrieved from /Users/bhavishyachallagolla/Desktop/RetailSense/.venv/lib/python3.12/site-packages/airflow/example_dags/example_short_circuit_operator.py
[2026-07-17T23:06:53.560+0530] {logging_mixin.py:190} INFO - [2026-07-17T23:06:53.560+0530] {dag.py:3239} INFO - Sync 1 DAGs
[2026-07-17T23:06:53.563+0530] {logging_mixin.py:190} INFO - [2026-07-17T23:06:53.563+0530] {dag.py:4180} INFO - Setting next_dagrun for example_short_circuit_operator to None, run_after=None
[2026-07-17T23:06:53.568+0530] {processor.py:208} INFO - Processing /Users/bhavishyachallagolla/Desktop/RetailSense/.venv/lib/python3.12/site-packages/airflow/example_dags/example_short_circuit_operator.py took 0.042 seconds
[2026-07-17T23:08:35.170+0530] {processor.py:186} INFO - Started process (PID=96287) to work on /Users/bhavishyachallagolla/Desktop/RetailSense/.venv/lib/python3.12/site-packages/airflow/example_dags/example_short_circuit_operator.py
[2026-07-17T23:08:35.171+0530] {processor.py:914} INFO - Processing file /Users/bhavishyachallagolla/Desktop/RetailSense/.venv/lib/python3.12/site-packages/airflow/example_dags/example_short_circuit_operator.py for tasks to queue
[2026-07-17T23:08:35.171+0530] {logging_mixin.py:190} INFO - [2026-07-17T23:08:35.171+0530] {dagbag.py:588} INFO - Filling up the DagBag from /Users/bhavishyachallagolla/Desktop/RetailSense/.venv/lib/python3.12/site-packages/airflow/example_dags/example_short_circuit_operator.py
[2026-07-17T23:08:35.180+0530] {processor.py:925} INFO - DAG(s) 'example_short_circuit_operator' retrieved from /Users/bhavishyachallagolla/Desktop/RetailSense/.venv/lib/python3.12/site-packages/airflow/example_dags/example_short_circuit_operator.py
[2026-07-17T23:08:35.204+0530] {logging_mixin.py:190} INFO - [2026-07-17T23:08:35.204+0530] {dag.py:3239} INFO - Sync 1 DAGs
[2026-07-17T23:08:35.207+0530] {logging_mixin.py:190} INFO - [2026-07-17T23:08:35.207+0530] {dag.py:4180} INFO - Setting next_dagrun for example_short_circuit_operator to None, run_after=None
[2026-07-17T23:08:35.211+0530] {processor.py:208} INFO - Processing /Users/bhavishyachallagolla/Desktop/RetailSense/.venv/lib/python3.12/site-packages/airflow/example_dags/example_short_circuit_operator.py took 0.042 seconds
[2026-07-17T23:10:13.191+0530] {processor.py:186} INFO - Started process (PID=96435) to work on /Users/bhavishyachallagolla/Desktop/RetailSense/.venv/lib/python3.12/site-packages/airflow/example_dags/example_short_circuit_operator.py
[2026-07-17T23:10:13.191+0530] {processor.py:914} INFO - Processing file /Users/bhavishyachallagolla/Desktop/RetailSense/.venv/lib/python3.12/site-packages/airflow/example_dags/example_short_circuit_operator.py for tasks to queue
[2026-07-17T23:10:13.191+0530] {logging_mixin.py:190} INFO - [2026-07-17T23:10:13.191+0530] {dagbag.py:588} INFO - Filling up the DagBag from /Users/bhavishyachallagolla/Desktop/RetailSense/.venv/lib/python3.12/site-packages/airflow/example_dags/example_short_circuit_operator.py
[2026-07-17T23:10:13.200+0530] {processor.py:925} INFO - DAG(s) 'example_short_circuit_operator' retrieved from /Users/bhavishyachallagolla/Desktop/RetailSense/.venv/lib/python3.12/site-packages/airflow/example_dags/example_short_circuit_operator.py
[2026-07-17T23:10:13.225+0530] {logging_mixin.py:190} INFO - [2026-07-17T23:10:13.224+0530] {dag.py:3239} INFO - Sync 1 DAGs
[2026-07-17T23:10:13.228+0530] {logging_mixin.py:190} INFO - [2026-07-17T23:10:13.228+0530] {dag.py:4180} INFO - Setting next_dagrun for example_short_circuit_operator to None, run_after=None
[2026-07-17T23:10:13.232+0530] {processor.py:208} INFO - Processing /Users/bhavishyachallagolla/Desktop/RetailSense/.venv/lib/python3.12/site-packages/airflow/example_dags/example_short_circuit_operator.py took 0.043 seconds
[2026-07-17T23:11:51.504+0530] {processor.py:186} INFO - Started process (PID=96591) to work on /Users/bhavishyachallagolla/Desktop/RetailSense/.venv/lib/python3.12/site-packages/airflow/example_dags/example_short_circuit_operator.py
[2026-07-17T23:11:51.504+0530] {processor.py:914} INFO - Processing file /Users/bhavishyachallagolla/Desktop/RetailSense/.venv/lib/python3.12/site-packages/airflow/example_dags/example_short_circuit_operator.py for tasks to queue
[2026-07-17T23:11:51.505+0530] {logging_mixin.py:190} INFO - [2026-07-17T23:11:51.505+0530] {dagbag.py:588} INFO - Filling up the DagBag from /Users/bhavishyachallagolla/Desktop/RetailSense/.venv/lib/python3.12/site-packages/airflow/example_dags/example_short_circuit_operator.py
[2026-07-17T23:11:51.514+0530] {processor.py:925} INFO - DAG(s) 'example_short_circuit_operator' retrieved from /Users/bhavishyachallagolla/Desktop/RetailSense/.venv/lib/python3.12/site-packages/airflow/example_dags/example_short_circuit_operator.py
[2026-07-17T23:11:51.539+0530] {logging_mixin.py:190} INFO - [2026-07-17T23:11:51.538+0530] {dag.py:3239} INFO - Sync 1 DAGs
[2026-07-17T23:11:51.541+0530] {logging_mixin.py:190} INFO - [2026-07-17T23:11:51.541+0530] {dag.py:4180} INFO - Setting next_dagrun for example_short_circuit_operator to None, run_after=None
[2026-07-17T23:11:51.546+0530] {processor.py:208} INFO - Processing /Users/bhavishyachallagolla/Desktop/RetailSense/.venv/lib/python3.12/site-packages/airflow/example_dags/example_short_circuit_operator.py took 0.043 seconds
[2026-07-17T23:13:29.720+0530] {processor.py:186} INFO - Started process (PID=96800) to work on /Users/bhavishyachallagolla/Desktop/RetailSense/.venv/lib/python3.12/site-packages/airflow/example_dags/example_short_circuit_operator.py
[2026-07-17T23:13:29.721+0530] {processor.py:914} INFO - Processing file /Users/bhavishyachallagolla/Desktop/RetailSense/.venv/lib/python3.12/site-packages/airflow/example_dags/example_short_circuit_operator.py for tasks to queue
[2026-07-17T23:13:29.721+0530] {logging_mixin.py:190} INFO - [2026-07-17T23:13:29.721+0530] {dagbag.py:588} INFO - Filling up the DagBag from /Users/bhavishyachallagolla/Desktop/RetailSense/.venv/lib/python3.12/site-packages/airflow/example_dags/example_short_circuit_operator.py
[2026-07-17T23:13:29.730+0530] {processor.py:925} INFO - DAG(s) 'example_short_circuit_operator' retrieved from /Users/bhavishyachallagolla/Desktop/RetailSense/.venv/lib/python3.12/site-packages/airflow/example_dags/example_short_circuit_operator.py
[2026-07-17T23:13:29.756+0530] {logging_mixin.py:190} INFO - [2026-07-17T23:13:29.756+0530] {dag.py:3239} INFO - Sync 1 DAGs
[2026-07-17T23:13:29.759+0530] {logging_mixin.py:190} INFO - [2026-07-17T23:13:29.759+0530] {dag.py:4180} INFO - Setting next_dagrun for example_short_circuit_operator to None, run_after=None
[2026-07-17T23:13:29.764+0530] {processor.py:208} INFO - Processing /Users/bhavishyachallagolla/Desktop/RetailSense/.venv/lib/python3.12/site-packages/airflow/example_dags/example_short_circuit_operator.py took 0.045 seconds
[2026-07-17T23:15:12.656+0530] {processor.py:186} INFO - Started process (PID=96963) to work on /Users/bhavishyachallagolla/Desktop/RetailSense/.venv/lib/python3.12/site-packages/airflow/example_dags/example_short_circuit_operator.py
[2026-07-17T23:15:12.656+0530] {processor.py:914} INFO - Processing file /Users/bhavishyachallagolla/Desktop/RetailSense/.venv/lib/python3.12/site-packages/airflow/example_dags/example_short_circuit_operator.py for tasks to queue
[2026-07-17T23:15:12.656+0530] {logging_mixin.py:190} INFO - [2026-07-17T23:15:12.656+0530] {dagbag.py:588} INFO - Filling up the DagBag from /Users/bhavishyachallagolla/Desktop/RetailSense/.venv/lib/python3.12/site-packages/airflow/example_dags/example_short_circuit_operator.py
[2026-07-17T23:15:12.665+0530] {processor.py:925} INFO - DAG(s) 'example_short_circuit_operator' retrieved from /Users/bhavishyachallagolla/Desktop/RetailSense/.venv/lib/python3.12/site-packages/airflow/example_dags/example_short_circuit_operator.py
[2026-07-17T23:15:12.690+0530] {logging_mixin.py:190} INFO - [2026-07-17T23:15:12.689+0530] {dag.py:3239} INFO - Sync 1 DAGs
[2026-07-17T23:15:12.692+0530] {logging_mixin.py:190} INFO - [2026-07-17T23:15:12.692+0530] {dag.py:4180} INFO - Setting next_dagrun for example_short_circuit_operator to None, run_after=None
[2026-07-17T23:15:12.697+0530] {processor.py:208} INFO - Processing /Users/bhavishyachallagolla/Desktop/RetailSense/.venv/lib/python3.12/site-packages/airflow/example_dags/example_short_circuit_operator.py took 0.043 seconds
[2026-07-17T23:16:55.025+0530] {processor.py:186} INFO - Started process (PID=97189) to work on /Users/bhavishyachallagolla/Desktop/RetailSense/.venv/lib/python3.12/site-packages/airflow/example_dags/example_short_circuit_operator.py
[2026-07-17T23:16:55.025+0530] {processor.py:914} INFO - Processing file /Users/bhavishyachallagolla/Desktop/RetailSense/.venv/lib/python3.12/site-packages/airflow/example_dags/example_short_circuit_operator.py for tasks to queue
[2026-07-17T23:16:55.026+0530] {logging_mixin.py:190} INFO - [2026-07-17T23:16:55.026+0530] {dagbag.py:588} INFO - Filling up the DagBag from /Users/bhavishyachallagolla/Desktop/RetailSense/.venv/lib/python3.12/site-packages/airflow/example_dags/example_short_circuit_operator.py
[2026-07-17T23:16:55.035+0530] {processor.py:925} INFO - DAG(s) 'example_short_circuit_operator' retrieved from /Users/bhavishyachallagolla/Desktop/RetailSense/.venv/lib/python3.12/site-packages/airflow/example_dags/example_short_circuit_operator.py
[2026-07-17T23:16:55.060+0530] {logging_mixin.py:190} INFO - [2026-07-17T23:16:55.059+0530] {dag.py:3239} INFO - Sync 1 DAGs
[2026-07-17T23:16:55.063+0530] {logging_mixin.py:190} INFO - [2026-07-17T23:16:55.063+0530] {dag.py:4180} INFO - Setting next_dagrun for example_short_circuit_operator to None, run_after=None
[2026-07-17T23:16:55.067+0530] {processor.py:208} INFO - Processing /Users/bhavishyachallagolla/Desktop/RetailSense/.venv/lib/python3.12/site-packages/airflow/example_dags/example_short_circuit_operator.py took 0.043 seconds
[2026-07-17T23:18:36.853+0530] {processor.py:186} INFO - Started process (PID=97379) to work on /Users/bhavishyachallagolla/Desktop/RetailSense/.venv/lib/python3.12/site-packages/airflow/example_dags/example_short_circuit_operator.py
[2026-07-17T23:18:36.853+0530] {processor.py:914} INFO - Processing file /Users/bhavishyachallagolla/Desktop/RetailSense/.venv/lib/python3.12/site-packages/airflow/example_dags/example_short_circuit_operator.py for tasks to queue
[2026-07-17T23:18:36.854+0530] {logging_mixin.py:190} INFO - [2026-07-17T23:18:36.854+0530] {dagbag.py:588} INFO - Filling up the DagBag from /Users/bhavishyachallagolla/Desktop/RetailSense/.venv/lib/python3.12/site-packages/airflow/example_dags/example_short_circuit_operator.py
[2026-07-17T23:18:36.862+0530] {processor.py:925} INFO - DAG(s) 'example_short_circuit_operator' retrieved from /Users/bhavishyachallagolla/Desktop/RetailSense/.venv/lib/python3.12/site-packages/airflow/example_dags/example_short_circuit_operator.py
[2026-07-17T23:18:36.888+0530] {logging_mixin.py:190} INFO - [2026-07-17T23:18:36.887+0530] {dag.py:3239} INFO - Sync 1 DAGs
[2026-07-17T23:18:36.890+0530] {logging_mixin.py:190} INFO - [2026-07-17T23:18:36.890+0530] {dag.py:4180} INFO - Setting next_dagrun for example_short_circuit_operator to None, run_after=None
[2026-07-17T23:18:36.895+0530] {processor.py:208} INFO - Processing /Users/bhavishyachallagolla/Desktop/RetailSense/.venv/lib/python3.12/site-packages/airflow/example_dags/example_short_circuit_operator.py took 0.043 seconds
[2026-07-17T23:20:17.724+0530] {processor.py:186} INFO - Started process (PID=97529) to work on /Users/bhavishyachallagolla/Desktop/RetailSense/.venv/lib/python3.12/site-packages/airflow/example_dags/example_short_circuit_operator.py
[2026-07-17T23:20:17.724+0530] {processor.py:914} INFO - Processing file /Users/bhavishyachallagolla/Desktop/RetailSense/.venv/lib/python3.12/site-packages/airflow/example_dags/example_short_circuit_operator.py for tasks to queue
[2026-07-17T23:20:17.725+0530] {logging_mixin.py:190} INFO - [2026-07-17T23:20:17.724+0530] {dagbag.py:588} INFO - Filling up the DagBag from /Users/bhavishyachallagolla/Desktop/RetailSense/.venv/lib/python3.12/site-packages/airflow/example_dags/example_short_circuit_operator.py
[2026-07-17T23:20:17.733+0530] {processor.py:925} INFO - DAG(s) 'example_short_circuit_operator' retrieved from /Users/bhavishyachallagolla/Desktop/RetailSense/.venv/lib/python3.12/site-packages/airflow/example_dags/example_short_circuit_operator.py
[2026-07-17T23:20:17.758+0530] {logging_mixin.py:190} INFO - [2026-07-17T23:20:17.757+0530] {dag.py:3239} INFO - Sync 1 DAGs
[2026-07-17T23:20:17.761+0530] {logging_mixin.py:190} INFO - [2026-07-17T23:20:17.761+0530] {dag.py:4180} INFO - Setting next_dagrun for example_short_circuit_operator to None, run_after=None
[2026-07-17T23:20:17.765+0530] {processor.py:208} INFO - Processing /Users/bhavishyachallagolla/Desktop/RetailSense/.venv/lib/python3.12/site-packages/airflow/example_dags/example_short_circuit_operator.py took 0.042 seconds
[2026-07-17T23:21:59.540+0530] {processor.py:186} INFO - Started process (PID=97680) to work on /Users/bhavishyachallagolla/Desktop/RetailSense/.venv/lib/python3.12/site-packages/airflow/example_dags/example_short_circuit_operator.py
[2026-07-17T23:21:59.541+0530] {processor.py:914} INFO - Processing file /Users/bhavishyachallagolla/Desktop/RetailSense/.venv/lib/python3.12/site-packages/airflow/example_dags/example_short_circuit_operator.py for tasks to queue
[2026-07-17T23:21:59.541+0530] {logging_mixin.py:190} INFO - [2026-07-17T23:21:59.541+0530] {dagbag.py:588} INFO - Filling up the DagBag from /Users/bhavishyachallagolla/Desktop/RetailSense/.venv/lib/python3.12/site-packages/airflow/example_dags/example_short_circuit_operator.py
[2026-07-17T23:21:59.551+0530] {processor.py:925} INFO - DAG(s) 'example_short_circuit_operator' retrieved from /Users/bhavishyachallagolla/Desktop/RetailSense/.venv/lib/python3.12/site-packages/airflow/example_dags/example_short_circuit_operator.py
[2026-07-17T23:21:59.578+0530] {logging_mixin.py:190} INFO - [2026-07-17T23:21:59.577+0530] {dag.py:3239} INFO - Sync 1 DAGs
[2026-07-17T23:21:59.581+0530] {logging_mixin.py:190} INFO - [2026-07-17T23:21:59.581+0530] {dag.py:4180} INFO - Setting next_dagrun for example_short_circuit_operator to None, run_after=None
[2026-07-17T23:21:59.586+0530] {processor.py:208} INFO - Processing /Users/bhavishyachallagolla/Desktop/RetailSense/.venv/lib/python3.12/site-packages/airflow/example_dags/example_short_circuit_operator.py took 0.047 seconds
[2026-07-17T23:23:40.119+0530] {processor.py:186} INFO - Started process (PID=97832) to work on /Users/bhavishyachallagolla/Desktop/RetailSense/.venv/lib/python3.12/site-packages/airflow/example_dags/example_short_circuit_operator.py
[2026-07-17T23:23:40.120+0530] {processor.py:914} INFO - Processing file /Users/bhavishyachallagolla/Desktop/RetailSense/.venv/lib/python3.12/site-packages/airflow/example_dags/example_short_circuit_operator.py for tasks to queue
[2026-07-17T23:23:40.120+0530] {logging_mixin.py:190} INFO - [2026-07-17T23:23:40.120+0530] {dagbag.py:588} INFO - Filling up the DagBag from /Users/bhavishyachallagolla/Desktop/RetailSense/.venv/lib/python3.12/site-packages/airflow/example_dags/example_short_circuit_operator.py
[2026-07-17T23:23:40.129+0530] {processor.py:925} INFO - DAG(s) 'example_short_circuit_operator' retrieved from /Users/bhavishyachallagolla/Desktop/RetailSense/.venv/lib/python3.12/site-packages/airflow/example_dags/example_short_circuit_operator.py
[2026-07-17T23:23:40.154+0530] {logging_mixin.py:190} INFO - [2026-07-17T23:23:40.153+0530] {dag.py:3239} INFO - Sync 1 DAGs
[2026-07-17T23:23:40.157+0530] {logging_mixin.py:190} INFO - [2026-07-17T23:23:40.157+0530] {dag.py:4180} INFO - Setting next_dagrun for example_short_circuit_operator to None, run_after=None
[2026-07-17T23:23:40.161+0530] {processor.py:208} INFO - Processing /Users/bhavishyachallagolla/Desktop/RetailSense/.venv/lib/python3.12/site-packages/airflow/example_dags/example_short_circuit_operator.py took 0.043 seconds
[2026-07-17T23:25:20.125+0530] {processor.py:186} INFO - Started process (PID=97983) to work on /Users/bhavishyachallagolla/Desktop/RetailSense/.venv/lib/python3.12/site-packages/airflow/example_dags/example_short_circuit_operator.py
[2026-07-17T23:25:20.125+0530] {processor.py:914} INFO - Processing file /Users/bhavishyachallagolla/Desktop/RetailSense/.venv/lib/python3.12/site-packages/airflow/example_dags/example_short_circuit_operator.py for tasks to queue
[2026-07-17T23:25:20.125+0530] {logging_mixin.py:190} INFO - [2026-07-17T23:25:20.125+0530] {dagbag.py:588} INFO - Filling up the DagBag from /Users/bhavishyachallagolla/Desktop/RetailSense/.venv/lib/python3.12/site-packages/airflow/example_dags/example_short_circuit_operator.py
[2026-07-17T23:25:20.134+0530] {processor.py:925} INFO - DAG(s) 'example_short_circuit_operator' retrieved from /Users/bhavishyachallagolla/Desktop/RetailSense/.venv/lib/python3.12/site-packages/airflow/example_dags/example_short_circuit_operator.py
[2026-07-17T23:25:20.159+0530] {logging_mixin.py:190} INFO - [2026-07-17T23:25:20.159+0530] {dag.py:3239} INFO - Sync 1 DAGs
[2026-07-17T23:25:20.162+0530] {logging_mixin.py:190} INFO - [2026-07-17T23:25:20.162+0530] {dag.py:4180} INFO - Setting next_dagrun for example_short_circuit_operator to None, run_after=None
[2026-07-17T23:25:20.167+0530] {processor.py:208} INFO - Processing /Users/bhavishyachallagolla/Desktop/RetailSense/.venv/lib/python3.12/site-packages/airflow/example_dags/example_short_circuit_operator.py took 0.043 seconds
[2026-07-17T23:27:02.704+0530] {processor.py:186} INFO - Started process (PID=98137) to work on /Users/bhavishyachallagolla/Desktop/RetailSense/.venv/lib/python3.12/site-packages/airflow/example_dags/example_short_circuit_operator.py
[2026-07-17T23:27:02.705+0530] {processor.py:914} INFO - Processing file /Users/bhavishyachallagolla/Desktop/RetailSense/.venv/lib/python3.12/site-packages/airflow/example_dags/example_short_circuit_operator.py for tasks to queue
[2026-07-17T23:27:02.705+0530] {logging_mixin.py:190} INFO - [2026-07-17T23:27:02.705+0530] {dagbag.py:588} INFO - Filling up the DagBag from /Users/bhavishyachallagolla/Desktop/RetailSense/.venv/lib/python3.12/site-packages/airflow/example_dags/example_short_circuit_operator.py
[2026-07-17T23:27:02.716+0530] {processor.py:925} INFO - DAG(s) 'example_short_circuit_operator' retrieved from /Users/bhavishyachallagolla/Desktop/RetailSense/.venv/lib/python3.12/site-packages/airflow/example_dags/example_short_circuit_operator.py
[2026-07-17T23:27:02.744+0530] {logging_mixin.py:190} INFO - [2026-07-17T23:27:02.744+0530] {dag.py:3239} INFO - Sync 1 DAGs
[2026-07-17T23:27:02.748+0530] {logging_mixin.py:190} INFO - [2026-07-17T23:27:02.748+0530] {dag.py:4180} INFO - Setting next_dagrun for example_short_circuit_operator to None, run_after=None
[2026-07-17T23:27:02.753+0530] {processor.py:208} INFO - Processing /Users/bhavishyachallagolla/Desktop/RetailSense/.venv/lib/python3.12/site-packages/airflow/example_dags/example_short_circuit_operator.py took 0.050 seconds
[2026-07-17T23:28:45.597+0530] {processor.py:186} INFO - Started process (PID=98296) to work on /Users/bhavishyachallagolla/Desktop/RetailSense/.venv/lib/python3.12/site-packages/airflow/example_dags/example_short_circuit_operator.py
[2026-07-17T23:28:45.598+0530] {processor.py:914} INFO - Processing file /Users/bhavishyachallagolla/Desktop/RetailSense/.venv/lib/python3.12/site-packages/airflow/example_dags/example_short_circuit_operator.py for tasks to queue
[2026-07-17T23:28:45.598+0530] {logging_mixin.py:190} INFO - [2026-07-17T23:28:45.598+0530] {dagbag.py:588} INFO - Filling up the DagBag from /Users/bhavishyachallagolla/Desktop/RetailSense/.venv/lib/python3.12/site-packages/airflow/example_dags/example_short_circuit_operator.py
[2026-07-17T23:28:45.609+0530] {processor.py:925} INFO - DAG(s) 'example_short_circuit_operator' retrieved from /Users/bhavishyachallagolla/Desktop/RetailSense/.venv/lib/python3.12/site-packages/airflow/example_dags/example_short_circuit_operator.py
[2026-07-17T23:28:45.636+0530] {logging_mixin.py:190} INFO - [2026-07-17T23:28:45.635+0530] {dag.py:3239} INFO - Sync 1 DAGs
[2026-07-17T23:28:45.639+0530] {logging_mixin.py:190} INFO - [2026-07-17T23:28:45.639+0530] {dag.py:4180} INFO - Setting next_dagrun for example_short_circuit_operator to None, run_after=None
[2026-07-17T23:28:45.644+0530] {processor.py:208} INFO - Processing /Users/bhavishyachallagolla/Desktop/RetailSense/.venv/lib/python3.12/site-packages/airflow/example_dags/example_short_circuit_operator.py took 0.050 seconds
[2026-07-17T23:30:26.689+0530] {processor.py:186} INFO - Started process (PID=98478) to work on /Users/bhavishyachallagolla/Desktop/RetailSense/.venv/lib/python3.12/site-packages/airflow/example_dags/example_short_circuit_operator.py
[2026-07-17T23:30:26.690+0530] {processor.py:914} INFO - Processing file /Users/bhavishyachallagolla/Desktop/RetailSense/.venv/lib/python3.12/site-packages/airflow/example_dags/example_short_circuit_operator.py for tasks to queue
[2026-07-17T23:30:26.690+0530] {logging_mixin.py:190} INFO - [2026-07-17T23:30:26.690+0530] {dagbag.py:588} INFO - Filling up the DagBag from /Users/bhavishyachallagolla/Desktop/RetailSense/.venv/lib/python3.12/site-packages/airflow/example_dags/example_short_circuit_operator.py
[2026-07-17T23:30:26.700+0530] {processor.py:925} INFO - DAG(s) 'example_short_circuit_operator' retrieved from /Users/bhavishyachallagolla/Desktop/RetailSense/.venv/lib/python3.12/site-packages/airflow/example_dags/example_short_circuit_operator.py
[2026-07-17T23:30:26.724+0530] {logging_mixin.py:190} INFO - [2026-07-17T23:30:26.724+0530] {dag.py:3239} INFO - Sync 1 DAGs
[2026-07-17T23:30:26.727+0530] {logging_mixin.py:190} INFO - [2026-07-17T23:30:26.727+0530] {dag.py:4180} INFO - Setting next_dagrun for example_short_circuit_operator to None, run_after=None
[2026-07-17T23:30:26.732+0530] {processor.py:208} INFO - Processing /Users/bhavishyachallagolla/Desktop/RetailSense/.venv/lib/python3.12/site-packages/airflow/example_dags/example_short_circuit_operator.py took 0.044 seconds
[2026-07-17T23:32:15.441+0530] {processor.py:186} INFO - Started process (PID=98653) to work on /Users/bhavishyachallagolla/Desktop/RetailSense/.venv/lib/python3.12/site-packages/airflow/example_dags/example_short_circuit_operator.py
[2026-07-17T23:32:15.442+0530] {processor.py:914} INFO - Processing file /Users/bhavishyachallagolla/Desktop/RetailSense/.venv/lib/python3.12/site-packages/airflow/example_dags/example_short_circuit_operator.py for tasks to queue
[2026-07-17T23:32:15.442+0530] {logging_mixin.py:190} INFO - [2026-07-17T23:32:15.442+0530] {dagbag.py:588} INFO - Filling up the DagBag from /Users/bhavishyachallagolla/Desktop/RetailSense/.venv/lib/python3.12/site-packages/airflow/example_dags/example_short_circuit_operator.py
[2026-07-17T23:32:15.451+0530] {processor.py:925} INFO - DAG(s) 'example_short_circuit_operator' retrieved from /Users/bhavishyachallagolla/Desktop/RetailSense/.venv/lib/python3.12/site-packages/airflow/example_dags/example_short_circuit_operator.py
[2026-07-17T23:32:15.475+0530] {logging_mixin.py:190} INFO - [2026-07-17T23:32:15.475+0530] {dag.py:3239} INFO - Sync 1 DAGs
[2026-07-17T23:32:15.478+0530] {logging_mixin.py:190} INFO - [2026-07-17T23:32:15.478+0530] {dag.py:4180} INFO - Setting next_dagrun for example_short_circuit_operator to None, run_after=None
[2026-07-17T23:32:15.482+0530] {processor.py:208} INFO - Processing /Users/bhavishyachallagolla/Desktop/RetailSense/.venv/lib/python3.12/site-packages/airflow/example_dags/example_short_circuit_operator.py took 0.042 seconds
[2026-07-17T23:34:03.570+0530] {processor.py:186} INFO - Started process (PID=98831) to work on /Users/bhavishyachallagolla/Desktop/RetailSense/.venv/lib/python3.12/site-packages/airflow/example_dags/example_short_circuit_operator.py
[2026-07-17T23:34:03.571+0530] {processor.py:914} INFO - Processing file /Users/bhavishyachallagolla/Desktop/RetailSense/.venv/lib/python3.12/site-packages/airflow/example_dags/example_short_circuit_operator.py for tasks to queue
[2026-07-17T23:34:03.571+0530] {logging_mixin.py:190} INFO - [2026-07-17T23:34:03.571+0530] {dagbag.py:588} INFO - Filling up the DagBag from /Users/bhavishyachallagolla/Desktop/RetailSense/.venv/lib/python3.12/site-packages/airflow/example_dags/example_short_circuit_operator.py
[2026-07-17T23:34:03.580+0530] {processor.py:925} INFO - DAG(s) 'example_short_circuit_operator' retrieved from /Users/bhavishyachallagolla/Desktop/RetailSense/.venv/lib/python3.12/site-packages/airflow/example_dags/example_short_circuit_operator.py
[2026-07-17T23:34:03.605+0530] {logging_mixin.py:190} INFO - [2026-07-17T23:34:03.605+0530] {dag.py:3239} INFO - Sync 1 DAGs
[2026-07-17T23:34:03.608+0530] {logging_mixin.py:190} INFO - [2026-07-17T23:34:03.608+0530] {dag.py:4180} INFO - Setting next_dagrun for example_short_circuit_operator to None, run_after=None
[2026-07-17T23:34:03.613+0530] {processor.py:208} INFO - Processing /Users/bhavishyachallagolla/Desktop/RetailSense/.venv/lib/python3.12/site-packages/airflow/example_dags/example_short_circuit_operator.py took 0.044 seconds
[2026-07-17T23:35:46.759+0530] {processor.py:186} INFO - Started process (PID=98987) to work on /Users/bhavishyachallagolla/Desktop/RetailSense/.venv/lib/python3.12/site-packages/airflow/example_dags/example_short_circuit_operator.py
[2026-07-17T23:35:46.759+0530] {processor.py:914} INFO - Processing file /Users/bhavishyachallagolla/Desktop/RetailSense/.venv/lib/python3.12/site-packages/airflow/example_dags/example_short_circuit_operator.py for tasks to queue
[2026-07-17T23:35:46.759+0530] {logging_mixin.py:190} INFO - [2026-07-17T23:35:46.759+0530] {dagbag.py:588} INFO - Filling up the DagBag from /Users/bhavishyachallagolla/Desktop/RetailSense/.venv/lib/python3.12/site-packages/airflow/example_dags/example_short_circuit_operator.py
[2026-07-17T23:35:46.768+0530] {processor.py:925} INFO - DAG(s) 'example_short_circuit_operator' retrieved from /Users/bhavishyachallagolla/Desktop/RetailSense/.venv/lib/python3.12/site-packages/airflow/example_dags/example_short_circuit_operator.py
[2026-07-17T23:35:46.792+0530] {logging_mixin.py:190} INFO - [2026-07-17T23:35:46.792+0530] {dag.py:3239} INFO - Sync 1 DAGs
[2026-07-17T23:35:46.795+0530] {logging_mixin.py:190} INFO - [2026-07-17T23:35:46.795+0530] {dag.py:4180} INFO - Setting next_dagrun for example_short_circuit_operator to None, run_after=None
[2026-07-17T23:35:46.800+0530] {processor.py:208} INFO - Processing /Users/bhavishyachallagolla/Desktop/RetailSense/.venv/lib/python3.12/site-packages/airflow/example_dags/example_short_circuit_operator.py took 0.042 seconds
[2026-07-17T23:37:28.159+0530] {processor.py:186} INFO - Started process (PID=99139) to work on /Users/bhavishyachallagolla/Desktop/RetailSense/.venv/lib/python3.12/site-packages/airflow/example_dags/example_short_circuit_operator.py
[2026-07-17T23:37:28.159+0530] {processor.py:914} INFO - Processing file /Users/bhavishyachallagolla/Desktop/RetailSense/.venv/lib/python3.12/site-packages/airflow/example_dags/example_short_circuit_operator.py for tasks to queue
[2026-07-17T23:37:28.159+0530] {logging_mixin.py:190} INFO - [2026-07-17T23:37:28.159+0530] {dagbag.py:588} INFO - Filling up the DagBag from /Users/bhavishyachallagolla/Desktop/RetailSense/.venv/lib/python3.12/site-packages/airflow/example_dags/example_short_circuit_operator.py
[2026-07-17T23:37:28.168+0530] {processor.py:925} INFO - DAG(s) 'example_short_circuit_operator' retrieved from /Users/bhavishyachallagolla/Desktop/RetailSense/.venv/lib/python3.12/site-packages/airflow/example_dags/example_short_circuit_operator.py
[2026-07-17T23:37:28.193+0530] {logging_mixin.py:190} INFO - [2026-07-17T23:37:28.192+0530] {dag.py:3239} INFO - Sync 1 DAGs
[2026-07-17T23:37:28.195+0530] {logging_mixin.py:190} INFO - [2026-07-17T23:37:28.195+0530] {dag.py:4180} INFO - Setting next_dagrun for example_short_circuit_operator to None, run_after=None
[2026-07-17T23:37:28.200+0530] {processor.py:208} INFO - Processing /Users/bhavishyachallagolla/Desktop/RetailSense/.venv/lib/python3.12/site-packages/airflow/example_dags/example_short_circuit_operator.py took 0.042 seconds
[2026-07-17T23:39:10.833+0530] {processor.py:186} INFO - Started process (PID=99300) to work on /Users/bhavishyachallagolla/Desktop/RetailSense/.venv/lib/python3.12/site-packages/airflow/example_dags/example_short_circuit_operator.py
[2026-07-17T23:39:10.834+0530] {processor.py:914} INFO - Processing file /Users/bhavishyachallagolla/Desktop/RetailSense/.venv/lib/python3.12/site-packages/airflow/example_dags/example_short_circuit_operator.py for tasks to queue
[2026-07-17T23:39:10.834+0530] {logging_mixin.py:190} INFO - [2026-07-17T23:39:10.834+0530] {dagbag.py:588} INFO - Filling up the DagBag from /Users/bhavishyachallagolla/Desktop/RetailSense/.venv/lib/python3.12/site-packages/airflow/example_dags/example_short_circuit_operator.py
[2026-07-17T23:39:10.843+0530] {processor.py:925} INFO - DAG(s) 'example_short_circuit_operator' retrieved from /Users/bhavishyachallagolla/Desktop/RetailSense/.venv/lib/python3.12/site-packages/airflow/example_dags/example_short_circuit_operator.py
[2026-07-17T23:39:10.868+0530] {logging_mixin.py:190} INFO - [2026-07-17T23:39:10.868+0530] {dag.py:3239} INFO - Sync 1 DAGs
[2026-07-17T23:39:10.871+0530] {logging_mixin.py:190} INFO - [2026-07-17T23:39:10.871+0530] {dag.py:4180} INFO - Setting next_dagrun for example_short_circuit_operator to None, run_after=None
[2026-07-17T23:39:10.876+0530] {processor.py:208} INFO - Processing /Users/bhavishyachallagolla/Desktop/RetailSense/.venv/lib/python3.12/site-packages/airflow/example_dags/example_short_circuit_operator.py took 0.044 seconds
[2026-07-17T23:40:50.566+0530] {processor.py:186} INFO - Started process (PID=99456) to work on /Users/bhavishyachallagolla/Desktop/RetailSense/.venv/lib/python3.12/site-packages/airflow/example_dags/example_short_circuit_operator.py
[2026-07-17T23:40:50.566+0530] {processor.py:914} INFO - Processing file /Users/bhavishyachallagolla/Desktop/RetailSense/.venv/lib/python3.12/site-packages/airflow/example_dags/example_short_circuit_operator.py for tasks to queue
[2026-07-17T23:40:50.567+0530] {logging_mixin.py:190} INFO - [2026-07-17T23:40:50.567+0530] {dagbag.py:588} INFO - Filling up the DagBag from /Users/bhavishyachallagolla/Desktop/RetailSense/.venv/lib/python3.12/site-packages/airflow/example_dags/example_short_circuit_operator.py
[2026-07-17T23:40:50.575+0530] {processor.py:925} INFO - DAG(s) 'example_short_circuit_operator' retrieved from /Users/bhavishyachallagolla/Desktop/RetailSense/.venv/lib/python3.12/site-packages/airflow/example_dags/example_short_circuit_operator.py
[2026-07-17T23:40:50.600+0530] {logging_mixin.py:190} INFO - [2026-07-17T23:40:50.600+0530] {dag.py:3239} INFO - Sync 1 DAGs
[2026-07-17T23:40:50.603+0530] {logging_mixin.py:190} INFO - [2026-07-17T23:40:50.603+0530] {dag.py:4180} INFO - Setting next_dagrun for example_short_circuit_operator to None, run_after=None
[2026-07-17T23:40:50.608+0530] {processor.py:208} INFO - Processing /Users/bhavishyachallagolla/Desktop/RetailSense/.venv/lib/python3.12/site-packages/airflow/example_dags/example_short_circuit_operator.py took 0.043 seconds
[2026-07-17T23:42:34.682+0530] {processor.py:186} INFO - Started process (PID=99614) to work on /Users/bhavishyachallagolla/Desktop/RetailSense/.venv/lib/python3.12/site-packages/airflow/example_dags/example_short_circuit_operator.py
[2026-07-17T23:42:34.683+0530] {processor.py:914} INFO - Processing file /Users/bhavishyachallagolla/Desktop/RetailSense/.venv/lib/python3.12/site-packages/airflow/example_dags/example_short_circuit_operator.py for tasks to queue
[2026-07-17T23:42:34.683+0530] {logging_mixin.py:190} INFO - [2026-07-17T23:42:34.683+0530] {dagbag.py:588} INFO - Filling up the DagBag from /Users/bhavishyachallagolla/Desktop/RetailSense/.venv/lib/python3.12/site-packages/airflow/example_dags/example_short_circuit_operator.py
[2026-07-17T23:42:34.692+0530] {processor.py:925} INFO - DAG(s) 'example_short_circuit_operator' retrieved from /Users/bhavishyachallagolla/Desktop/RetailSense/.venv/lib/python3.12/site-packages/airflow/example_dags/example_short_circuit_operator.py
[2026-07-17T23:42:34.717+0530] {logging_mixin.py:190} INFO - [2026-07-17T23:42:34.716+0530] {dag.py:3239} INFO - Sync 1 DAGs
[2026-07-17T23:42:34.719+0530] {logging_mixin.py:190} INFO - [2026-07-17T23:42:34.719+0530] {dag.py:4180} INFO - Setting next_dagrun for example_short_circuit_operator to None, run_after=None
[2026-07-17T23:42:34.724+0530] {processor.py:208} INFO - Processing /Users/bhavishyachallagolla/Desktop/RetailSense/.venv/lib/python3.12/site-packages/airflow/example_dags/example_short_circuit_operator.py took 0.043 seconds
[2026-07-17T23:44:17.419+0530] {processor.py:186} INFO - Started process (PID=99767) to work on /Users/bhavishyachallagolla/Desktop/RetailSense/.venv/lib/python3.12/site-packages/airflow/example_dags/example_short_circuit_operator.py
[2026-07-17T23:44:17.420+0530] {processor.py:914} INFO - Processing file /Users/bhavishyachallagolla/Desktop/RetailSense/.venv/lib/python3.12/site-packages/airflow/example_dags/example_short_circuit_operator.py for tasks to queue
[2026-07-17T23:44:17.420+0530] {logging_mixin.py:190} INFO - [2026-07-17T23:44:17.420+0530] {dagbag.py:588} INFO - Filling up the DagBag from /Users/bhavishyachallagolla/Desktop/RetailSense/.venv/lib/python3.12/site-packages/airflow/example_dags/example_short_circuit_operator.py
[2026-07-17T23:44:17.429+0530] {processor.py:925} INFO - DAG(s) 'example_short_circuit_operator' retrieved from /Users/bhavishyachallagolla/Desktop/RetailSense/.venv/lib/python3.12/site-packages/airflow/example_dags/example_short_circuit_operator.py
[2026-07-17T23:44:17.454+0530] {logging_mixin.py:190} INFO - [2026-07-17T23:44:17.453+0530] {dag.py:3239} INFO - Sync 1 DAGs
[2026-07-17T23:44:17.456+0530] {logging_mixin.py:190} INFO - [2026-07-17T23:44:17.456+0530] {dag.py:4180} INFO - Setting next_dagrun for example_short_circuit_operator to None, run_after=None
[2026-07-17T23:44:17.461+0530] {processor.py:208} INFO - Processing /Users/bhavishyachallagolla/Desktop/RetailSense/.venv/lib/python3.12/site-packages/airflow/example_dags/example_short_circuit_operator.py took 0.043 seconds
[2026-07-17T23:46:01.189+0530] {processor.py:186} INFO - Started process (PID=99926) to work on /Users/bhavishyachallagolla/Desktop/RetailSense/.venv/lib/python3.12/site-packages/airflow/example_dags/example_short_circuit_operator.py
[2026-07-17T23:46:01.189+0530] {processor.py:914} INFO - Processing file /Users/bhavishyachallagolla/Desktop/RetailSense/.venv/lib/python3.12/site-packages/airflow/example_dags/example_short_circuit_operator.py for tasks to queue
[2026-07-17T23:46:01.190+0530] {logging_mixin.py:190} INFO - [2026-07-17T23:46:01.190+0530] {dagbag.py:588} INFO - Filling up the DagBag from /Users/bhavishyachallagolla/Desktop/RetailSense/.venv/lib/python3.12/site-packages/airflow/example_dags/example_short_circuit_operator.py
[2026-07-17T23:46:01.199+0530] {processor.py:925} INFO - DAG(s) 'example_short_circuit_operator' retrieved from /Users/bhavishyachallagolla/Desktop/RetailSense/.venv/lib/python3.12/site-packages/airflow/example_dags/example_short_circuit_operator.py
[2026-07-17T23:46:01.224+0530] {logging_mixin.py:190} INFO - [2026-07-17T23:46:01.223+0530] {dag.py:3239} INFO - Sync 1 DAGs
[2026-07-17T23:46:01.226+0530] {logging_mixin.py:190} INFO - [2026-07-17T23:46:01.226+0530] {dag.py:4180} INFO - Setting next_dagrun for example_short_circuit_operator to None, run_after=None
[2026-07-17T23:46:01.231+0530] {processor.py:208} INFO - Processing /Users/bhavishyachallagolla/Desktop/RetailSense/.venv/lib/python3.12/site-packages/airflow/example_dags/example_short_circuit_operator.py took 0.043 seconds
[2026-07-17T23:47:59.731+0530] {processor.py:186} INFO - Started process (PID=209) to work on /Users/bhavishyachallagolla/Desktop/RetailSense/.venv/lib/python3.12/site-packages/airflow/example_dags/example_short_circuit_operator.py
[2026-07-17T23:47:59.731+0530] {processor.py:914} INFO - Processing file /Users/bhavishyachallagolla/Desktop/RetailSense/.venv/lib/python3.12/site-packages/airflow/example_dags/example_short_circuit_operator.py for tasks to queue
[2026-07-17T23:47:59.732+0530] {logging_mixin.py:190} INFO - [2026-07-17T23:47:59.732+0530] {dagbag.py:588} INFO - Filling up the DagBag from /Users/bhavishyachallagolla/Desktop/RetailSense/.venv/lib/python3.12/site-packages/airflow/example_dags/example_short_circuit_operator.py
[2026-07-17T23:47:59.740+0530] {processor.py:925} INFO - DAG(s) 'example_short_circuit_operator' retrieved from /Users/bhavishyachallagolla/Desktop/RetailSense/.venv/lib/python3.12/site-packages/airflow/example_dags/example_short_circuit_operator.py
[2026-07-17T23:47:59.765+0530] {logging_mixin.py:190} INFO - [2026-07-17T23:47:59.764+0530] {dag.py:3239} INFO - Sync 1 DAGs
[2026-07-17T23:47:59.768+0530] {logging_mixin.py:190} INFO - [2026-07-17T23:47:59.768+0530] {dag.py:4180} INFO - Setting next_dagrun for example_short_circuit_operator to None, run_after=None
[2026-07-17T23:47:59.772+0530] {processor.py:208} INFO - Processing /Users/bhavishyachallagolla/Desktop/RetailSense/.venv/lib/python3.12/site-packages/airflow/example_dags/example_short_circuit_operator.py took 0.042 seconds
[2026-07-17T23:49:45.747+0530] {processor.py:186} INFO - Started process (PID=419) to work on /Users/bhavishyachallagolla/Desktop/RetailSense/.venv/lib/python3.12/site-packages/airflow/example_dags/example_short_circuit_operator.py
[2026-07-17T23:49:45.747+0530] {processor.py:914} INFO - Processing file /Users/bhavishyachallagolla/Desktop/RetailSense/.venv/lib/python3.12/site-packages/airflow/example_dags/example_short_circuit_operator.py for tasks to queue
[2026-07-17T23:49:45.747+0530] {logging_mixin.py:190} INFO - [2026-07-17T23:49:45.747+0530] {dagbag.py:588} INFO - Filling up the DagBag from /Users/bhavishyachallagolla/Desktop/RetailSense/.venv/lib/python3.12/site-packages/airflow/example_dags/example_short_circuit_operator.py
[2026-07-17T23:49:45.756+0530] {processor.py:925} INFO - DAG(s) 'example_short_circuit_operator' retrieved from /Users/bhavishyachallagolla/Desktop/RetailSense/.venv/lib/python3.12/site-packages/airflow/example_dags/example_short_circuit_operator.py
[2026-07-17T23:49:45.781+0530] {logging_mixin.py:190} INFO - [2026-07-17T23:49:45.781+0530] {dag.py:3239} INFO - Sync 1 DAGs
[2026-07-17T23:49:45.784+0530] {logging_mixin.py:190} INFO - [2026-07-17T23:49:45.784+0530] {dag.py:4180} INFO - Setting next_dagrun for example_short_circuit_operator to None, run_after=None
[2026-07-17T23:49:45.789+0530] {processor.py:208} INFO - Processing /Users/bhavishyachallagolla/Desktop/RetailSense/.venv/lib/python3.12/site-packages/airflow/example_dags/example_short_circuit_operator.py took 0.043 seconds
[2026-07-17T23:51:28.501+0530] {processor.py:186} INFO - Started process (PID=634) to work on /Users/bhavishyachallagolla/Desktop/RetailSense/.venv/lib/python3.12/site-packages/airflow/example_dags/example_short_circuit_operator.py
[2026-07-17T23:51:28.501+0530] {processor.py:914} INFO - Processing file /Users/bhavishyachallagolla/Desktop/RetailSense/.venv/lib/python3.12/site-packages/airflow/example_dags/example_short_circuit_operator.py for tasks to queue
[2026-07-17T23:51:28.501+0530] {logging_mixin.py:190} INFO - [2026-07-17T23:51:28.501+0530] {dagbag.py:588} INFO - Filling up the DagBag from /Users/bhavishyachallagolla/Desktop/RetailSense/.venv/lib/python3.12/site-packages/airflow/example_dags/example_short_circuit_operator.py
[2026-07-17T23:51:28.510+0530] {processor.py:925} INFO - DAG(s) 'example_short_circuit_operator' retrieved from /Users/bhavishyachallagolla/Desktop/RetailSense/.venv/lib/python3.12/site-packages/airflow/example_dags/example_short_circuit_operator.py
[2026-07-17T23:51:28.535+0530] {logging_mixin.py:190} INFO - [2026-07-17T23:51:28.535+0530] {dag.py:3239} INFO - Sync 1 DAGs
[2026-07-17T23:51:28.538+0530] {logging_mixin.py:190} INFO - [2026-07-17T23:51:28.538+0530] {dag.py:4180} INFO - Setting next_dagrun for example_short_circuit_operator to None, run_after=None
[2026-07-17T23:51:28.543+0530] {processor.py:208} INFO - Processing /Users/bhavishyachallagolla/Desktop/RetailSense/.venv/lib/python3.12/site-packages/airflow/example_dags/example_short_circuit_operator.py took 0.043 seconds
[2026-07-17T23:53:19.001+0530] {processor.py:186} INFO - Started process (PID=892) to work on /Users/bhavishyachallagolla/Desktop/RetailSense/.venv/lib/python3.12/site-packages/airflow/example_dags/example_short_circuit_operator.py
[2026-07-17T23:53:19.002+0530] {processor.py:914} INFO - Processing file /Users/bhavishyachallagolla/Desktop/RetailSense/.venv/lib/python3.12/site-packages/airflow/example_dags/example_short_circuit_operator.py for tasks to queue
[2026-07-17T23:53:19.002+0530] {logging_mixin.py:190} INFO - [2026-07-17T23:53:19.002+0530] {dagbag.py:588} INFO - Filling up the DagBag from /Users/bhavishyachallagolla/Desktop/RetailSense/.venv/lib/python3.12/site-packages/airflow/example_dags/example_short_circuit_operator.py
[2026-07-17T23:53:19.010+0530] {processor.py:925} INFO - DAG(s) 'example_short_circuit_operator' retrieved from /Users/bhavishyachallagolla/Desktop/RetailSense/.venv/lib/python3.12/site-packages/airflow/example_dags/example_short_circuit_operator.py
[2026-07-17T23:53:19.035+0530] {logging_mixin.py:190} INFO - [2026-07-17T23:53:19.034+0530] {dag.py:3239} INFO - Sync 1 DAGs
[2026-07-17T23:53:19.037+0530] {logging_mixin.py:190} INFO - [2026-07-17T23:53:19.037+0530] {dag.py:4180} INFO - Setting next_dagrun for example_short_circuit_operator to None, run_after=None
[2026-07-17T23:53:19.042+0530] {processor.py:208} INFO - Processing /Users/bhavishyachallagolla/Desktop/RetailSense/.venv/lib/python3.12/site-packages/airflow/example_dags/example_short_circuit_operator.py took 0.043 seconds
[2026-07-17T23:55:12.081+0530] {processor.py:186} INFO - Started process (PID=1095) to work on /Users/bhavishyachallagolla/Desktop/RetailSense/.venv/lib/python3.12/site-packages/airflow/example_dags/example_short_circuit_operator.py
[2026-07-17T23:55:12.082+0530] {processor.py:914} INFO - Processing file /Users/bhavishyachallagolla/Desktop/RetailSense/.venv/lib/python3.12/site-packages/airflow/example_dags/example_short_circuit_operator.py for tasks to queue
[2026-07-17T23:55:12.082+0530] {logging_mixin.py:190} INFO - [2026-07-17T23:55:12.082+0530] {dagbag.py:588} INFO - Filling up the DagBag from /Users/bhavishyachallagolla/Desktop/RetailSense/.venv/lib/python3.12/site-packages/airflow/example_dags/example_short_circuit_operator.py
[2026-07-17T23:55:12.092+0530] {processor.py:925} INFO - DAG(s) 'example_short_circuit_operator' retrieved from /Users/bhavishyachallagolla/Desktop/RetailSense/.venv/lib/python3.12/site-packages/airflow/example_dags/example_short_circuit_operator.py
[2026-07-17T23:55:12.118+0530] {logging_mixin.py:190} INFO - [2026-07-17T23:55:12.117+0530] {dag.py:3239} INFO - Sync 1 DAGs
[2026-07-17T23:55:12.120+0530] {logging_mixin.py:190} INFO - [2026-07-17T23:55:12.120+0530] {dag.py:4180} INFO - Setting next_dagrun for example_short_circuit_operator to None, run_after=None
[2026-07-17T23:55:12.125+0530] {processor.py:208} INFO - Processing /Users/bhavishyachallagolla/Desktop/RetailSense/.venv/lib/python3.12/site-packages/airflow/example_dags/example_short_circuit_operator.py took 0.045 seconds
[2026-07-17T23:56:55.012+0530] {processor.py:186} INFO - Started process (PID=1250) to work on /Users/bhavishyachallagolla/Desktop/RetailSense/.venv/lib/python3.12/site-packages/airflow/example_dags/example_short_circuit_operator.py
[2026-07-17T23:56:55.014+0530] {processor.py:914} INFO - Processing file /Users/bhavishyachallagolla/Desktop/RetailSense/.venv/lib/python3.12/site-packages/airflow/example_dags/example_short_circuit_operator.py for tasks to queue
[2026-07-17T23:56:55.014+0530] {logging_mixin.py:190} INFO - [2026-07-17T23:56:55.014+0530] {dagbag.py:588} INFO - Filling up the DagBag from /Users/bhavishyachallagolla/Desktop/RetailSense/.venv/lib/python3.12/site-packages/airflow/example_dags/example_short_circuit_operator.py
[2026-07-17T23:56:55.023+0530] {processor.py:925} INFO - DAG(s) 'example_short_circuit_operator' retrieved from /Users/bhavishyachallagolla/Desktop/RetailSense/.venv/lib/python3.12/site-packages/airflow/example_dags/example_short_circuit_operator.py
[2026-07-17T23:56:55.049+0530] {logging_mixin.py:190} INFO - [2026-07-17T23:56:55.048+0530] {dag.py:3239} INFO - Sync 1 DAGs
[2026-07-17T23:56:55.052+0530] {logging_mixin.py:190} INFO - [2026-07-17T23:56:55.052+0530] {dag.py:4180} INFO - Setting next_dagrun for example_short_circuit_operator to None, run_after=None
[2026-07-17T23:56:55.056+0530] {processor.py:208} INFO - Processing /Users/bhavishyachallagolla/Desktop/RetailSense/.venv/lib/python3.12/site-packages/airflow/example_dags/example_short_circuit_operator.py took 0.045 seconds
