[2026-07-17T20:09:12.531+0530] {processor.py:186} INFO - Started process (PID=87180) to work on /Users/bhavishyachallagolla/Desktop/RetailSense/.venv/lib/python3.12/site-packages/airflow/example_dags/example_skip_dag.py
[2026-07-17T20:09:12.531+0530] {processor.py:914} INFO - Processing file /Users/bhavishyachallagolla/Desktop/RetailSense/.venv/lib/python3.12/site-packages/airflow/example_dags/example_skip_dag.py for tasks to queue
[2026-07-17T20:09:12.531+0530] {logging_mixin.py:190} INFO - [2026-07-17T20:09:12.531+0530] {dagbag.py:588} INFO - Filling up the DagBag from /Users/bhavishyachallagolla/Desktop/RetailSense/.venv/lib/python3.12/site-packages/airflow/example_dags/example_skip_dag.py
[2026-07-17T20:09:12.534+0530] {processor.py:925} INFO - DAG(s) 'example_skip_dag' retrieved from /Users/bhavishyachallagolla/Desktop/RetailSense/.venv/lib/python3.12/site-packages/airflow/example_dags/example_skip_dag.py
[2026-07-17T20:09:12.582+0530] {logging_mixin.py:190} INFO - [2026-07-17T20:09:12.582+0530] {dag.py:3239} INFO - Sync 1 DAGs
[2026-07-17T20:09:12.586+0530] {logging_mixin.py:190} INFO - [2026-07-17T20:09:12.586+0530] {dag.py:4180} INFO - Setting next_dagrun for example_skip_dag to 2026-07-16 00:00:00+00:00, run_after=2026-07-17 00:00:00+00:00
[2026-07-17T20:09:12.592+0530] {processor.py:208} INFO - Processing /Users/bhavishyachallagolla/Desktop/RetailSense/.venv/lib/python3.12/site-packages/airflow/example_dags/example_skip_dag.py took 0.062 seconds
[2026-07-17T20:10:10.106+0530] {processor.py:186} INFO - Started process (PID=87288) to work on /Users/bhavishyachallagolla/Desktop/RetailSense/.venv/lib/python3.12/site-packages/airflow/example_dags/example_skip_dag.py
[2026-07-17T20:10:10.107+0530] {processor.py:914} INFO - Processing file /Users/bhavishyachallagolla/Desktop/RetailSense/.venv/lib/python3.12/site-packages/airflow/example_dags/example_skip_dag.py for tasks to queue
[2026-07-17T20:10:10.107+0530] {logging_mixin.py:190} INFO - [2026-07-17T20:10:10.107+0530] {dagbag.py:588} INFO - Filling up the DagBag from /Users/bhavishyachallagolla/Desktop/RetailSense/.venv/lib/python3.12/site-packages/airflow/example_dags/example_skip_dag.py
[2026-07-17T20:10:10.110+0530] {processor.py:925} INFO - DAG(s) 'example_skip_dag' retrieved from /Users/bhavishyachallagolla/Desktop/RetailSense/.venv/lib/python3.12/site-packages/airflow/example_dags/example_skip_dag.py
[2026-07-17T20:10:10.135+0530] {logging_mixin.py:190} INFO - [2026-07-17T20:10:10.135+0530] {dag.py:3239} INFO - Sync 1 DAGs
[2026-07-17T20:10:10.140+0530] {logging_mixin.py:190} INFO - [2026-07-17T20:10:10.140+0530] {dag.py:4180} INFO - Setting next_dagrun for example_skip_dag to 2026-07-16 00:00:00+00:00, run_after=2026-07-17 00:00:00+00:00
[2026-07-17T20:10:10.145+0530] {processor.py:208} INFO - Processing /Users/bhavishyachallagolla/Desktop/RetailSense/.venv/lib/python3.12/site-packages/airflow/example_dags/example_skip_dag.py took 0.040 seconds
[2026-07-17T20:11:29.094+0530] {processor.py:186} INFO - Started process (PID=87409) to work on /Users/bhavishyachallagolla/Desktop/RetailSense/.venv/lib/python3.12/site-packages/airflow/example_dags/example_skip_dag.py
[2026-07-17T20:11:29.095+0530] {processor.py:914} INFO - Processing file /Users/bhavishyachallagolla/Desktop/RetailSense/.venv/lib/python3.12/site-packages/airflow/example_dags/example_skip_dag.py for tasks to queue
[2026-07-17T20:11:29.095+0530] {logging_mixin.py:190} INFO - [2026-07-17T20:11:29.095+0530] {dagbag.py:588} INFO - Filling up the DagBag from /Users/bhavishyachallagolla/Desktop/RetailSense/.venv/lib/python3.12/site-packages/airflow/example_dags/example_skip_dag.py
[2026-07-17T20:11:29.098+0530] {processor.py:925} INFO - DAG(s) 'example_skip_dag' retrieved from /Users/bhavishyachallagolla/Desktop/RetailSense/.venv/lib/python3.12/site-packages/airflow/example_dags/example_skip_dag.py
[2026-07-17T20:11:29.122+0530] {logging_mixin.py:190} INFO - [2026-07-17T20:11:29.122+0530] {dag.py:3239} INFO - Sync 1 DAGs
[2026-07-17T20:11:29.127+0530] {logging_mixin.py:190} INFO - [2026-07-17T20:11:29.127+0530] {dag.py:4180} INFO - Setting next_dagrun for example_skip_dag to 2026-07-16 00:00:00+00:00, run_after=2026-07-17 00:00:00+00:00
[2026-07-17T20:11:29.131+0530] {processor.py:208} INFO - Processing /Users/bhavishyachallagolla/Desktop/RetailSense/.venv/lib/python3.12/site-packages/airflow/example_dags/example_skip_dag.py took 0.038 seconds
[2026-07-17T20:13:09.864+0530] {processor.py:186} INFO - Started process (PID=87561) to work on /Users/bhavishyachallagolla/Desktop/RetailSense/.venv/lib/python3.12/site-packages/airflow/example_dags/example_skip_dag.py
[2026-07-17T20:13:09.865+0530] {processor.py:914} INFO - Processing file /Users/bhavishyachallagolla/Desktop/RetailSense/.venv/lib/python3.12/site-packages/airflow/example_dags/example_skip_dag.py for tasks to queue
[2026-07-17T20:13:09.866+0530] {logging_mixin.py:190} INFO - [2026-07-17T20:13:09.866+0530] {dagbag.py:588} INFO - Filling up the DagBag from /Users/bhavishyachallagolla/Desktop/RetailSense/.venv/lib/python3.12/site-packages/airflow/example_dags/example_skip_dag.py
[2026-07-17T20:13:09.868+0530] {processor.py:925} INFO - DAG(s) 'example_skip_dag' retrieved from /Users/bhavishyachallagolla/Desktop/RetailSense/.venv/lib/python3.12/site-packages/airflow/example_dags/example_skip_dag.py
[2026-07-17T20:13:09.894+0530] {logging_mixin.py:190} INFO - [2026-07-17T20:13:09.894+0530] {dag.py:3239} INFO - Sync 1 DAGs
[2026-07-17T20:13:09.899+0530] {logging_mixin.py:190} INFO - [2026-07-17T20:13:09.899+0530] {dag.py:4180} INFO - Setting next_dagrun for example_skip_dag to 2026-07-16 00:00:00+00:00, run_after=2026-07-17 00:00:00+00:00
[2026-07-17T20:13:09.904+0530] {processor.py:208} INFO - Processing /Users/bhavishyachallagolla/Desktop/RetailSense/.venv/lib/python3.12/site-packages/airflow/example_dags/example_skip_dag.py took 0.041 seconds
[2026-07-17T20:14:48.080+0530] {processor.py:186} INFO - Started process (PID=87711) to work on /Users/bhavishyachallagolla/Desktop/RetailSense/.venv/lib/python3.12/site-packages/airflow/example_dags/example_skip_dag.py
[2026-07-17T20:14:48.081+0530] {processor.py:914} INFO - Processing file /Users/bhavishyachallagolla/Desktop/RetailSense/.venv/lib/python3.12/site-packages/airflow/example_dags/example_skip_dag.py for tasks to queue
[2026-07-17T20:14:48.082+0530] {logging_mixin.py:190} INFO - [2026-07-17T20:14:48.082+0530] {dagbag.py:588} INFO - Filling up the DagBag from /Users/bhavishyachallagolla/Desktop/RetailSense/.venv/lib/python3.12/site-packages/airflow/example_dags/example_skip_dag.py
[2026-07-17T20:14:48.084+0530] {processor.py:925} INFO - DAG(s) 'example_skip_dag' retrieved from /Users/bhavishyachallagolla/Desktop/RetailSense/.venv/lib/python3.12/site-packages/airflow/example_dags/example_skip_dag.py
[2026-07-17T20:14:48.109+0530] {logging_mixin.py:190} INFO - [2026-07-17T20:14:48.108+0530] {dag.py:3239} INFO - Sync 1 DAGs
[2026-07-17T20:14:48.113+0530] {logging_mixin.py:190} INFO - [2026-07-17T20:14:48.113+0530] {dag.py:4180} INFO - Setting next_dagrun for example_skip_dag to 2026-07-16 00:00:00+00:00, run_after=2026-07-17 00:00:00+00:00
[2026-07-17T20:14:48.118+0530] {processor.py:208} INFO - Processing /Users/bhavishyachallagolla/Desktop/RetailSense/.venv/lib/python3.12/site-packages/airflow/example_dags/example_skip_dag.py took 0.039 seconds
[2026-07-17T20:16:28.710+0530] {processor.py:186} INFO - Started process (PID=87878) to work on /Users/bhavishyachallagolla/Desktop/RetailSense/.venv/lib/python3.12/site-packages/airflow/example_dags/example_skip_dag.py
[2026-07-17T20:16:28.711+0530] {processor.py:914} INFO - Processing file /Users/bhavishyachallagolla/Desktop/RetailSense/.venv/lib/python3.12/site-packages/airflow/example_dags/example_skip_dag.py for tasks to queue
[2026-07-17T20:16:28.711+0530] {logging_mixin.py:190} INFO - [2026-07-17T20:16:28.711+0530] {dagbag.py:588} INFO - Filling up the DagBag from /Users/bhavishyachallagolla/Desktop/RetailSense/.venv/lib/python3.12/site-packages/airflow/example_dags/example_skip_dag.py
[2026-07-17T20:16:28.713+0530] {processor.py:925} INFO - DAG(s) 'example_skip_dag' retrieved from /Users/bhavishyachallagolla/Desktop/RetailSense/.venv/lib/python3.12/site-packages/airflow/example_dags/example_skip_dag.py
[2026-07-17T20:16:28.739+0530] {logging_mixin.py:190} INFO - [2026-07-17T20:16:28.739+0530] {dag.py:3239} INFO - Sync 1 DAGs
[2026-07-17T20:16:28.744+0530] {logging_mixin.py:190} INFO - [2026-07-17T20:16:28.744+0530] {dag.py:4180} INFO - Setting next_dagrun for example_skip_dag to 2026-07-16 00:00:00+00:00, run_after=2026-07-17 00:00:00+00:00
[2026-07-17T20:16:28.749+0530] {processor.py:208} INFO - Processing /Users/bhavishyachallagolla/Desktop/RetailSense/.venv/lib/python3.12/site-packages/airflow/example_dags/example_skip_dag.py took 0.040 seconds
[2026-07-17T20:18:08.030+0530] {processor.py:186} INFO - Started process (PID=88031) to work on /Users/bhavishyachallagolla/Desktop/RetailSense/.venv/lib/python3.12/site-packages/airflow/example_dags/example_skip_dag.py
[2026-07-17T20:18:08.030+0530] {processor.py:914} INFO - Processing file /Users/bhavishyachallagolla/Desktop/RetailSense/.venv/lib/python3.12/site-packages/airflow/example_dags/example_skip_dag.py for tasks to queue
[2026-07-17T20:18:08.030+0530] {logging_mixin.py:190} INFO - [2026-07-17T20:18:08.030+0530] {dagbag.py:588} INFO - Filling up the DagBag from /Users/bhavishyachallagolla/Desktop/RetailSense/.venv/lib/python3.12/site-packages/airflow/example_dags/example_skip_dag.py
[2026-07-17T20:18:08.033+0530] {processor.py:925} INFO - DAG(s) 'example_skip_dag' retrieved from /Users/bhavishyachallagolla/Desktop/RetailSense/.venv/lib/python3.12/site-packages/airflow/example_dags/example_skip_dag.py
[2026-07-17T20:18:08.057+0530] {logging_mixin.py:190} INFO - [2026-07-17T20:18:08.057+0530] {dag.py:3239} INFO - Sync 1 DAGs
[2026-07-17T20:18:08.062+0530] {logging_mixin.py:190} INFO - [2026-07-17T20:18:08.062+0530] {dag.py:4180} INFO - Setting next_dagrun for example_skip_dag to 2026-07-16 00:00:00+00:00, run_after=2026-07-17 00:00:00+00:00
[2026-07-17T20:18:08.067+0530] {processor.py:208} INFO - Processing /Users/bhavishyachallagolla/Desktop/RetailSense/.venv/lib/python3.12/site-packages/airflow/example_dags/example_skip_dag.py took 0.038 seconds
[2026-07-17T20:19:47.184+0530] {processor.py:186} INFO - Started process (PID=88183) to work on /Users/bhavishyachallagolla/Desktop/RetailSense/.venv/lib/python3.12/site-packages/airflow/example_dags/example_skip_dag.py
[2026-07-17T20:19:47.185+0530] {processor.py:914} INFO - Processing file /Users/bhavishyachallagolla/Desktop/RetailSense/.venv/lib/python3.12/site-packages/airflow/example_dags/example_skip_dag.py for tasks to queue
[2026-07-17T20:19:47.186+0530] {logging_mixin.py:190} INFO - [2026-07-17T20:19:47.186+0530] {dagbag.py:588} INFO - Filling up the DagBag from /Users/bhavishyachallagolla/Desktop/RetailSense/.venv/lib/python3.12/site-packages/airflow/example_dags/example_skip_dag.py
[2026-07-17T20:19:47.188+0530] {processor.py:925} INFO - DAG(s) 'example_skip_dag' retrieved from /Users/bhavishyachallagolla/Desktop/RetailSense/.venv/lib/python3.12/site-packages/airflow/example_dags/example_skip_dag.py
[2026-07-17T20:19:47.213+0530] {logging_mixin.py:190} INFO - [2026-07-17T20:19:47.213+0530] {dag.py:3239} INFO - Sync 1 DAGs
[2026-07-17T20:19:47.218+0530] {logging_mixin.py:190} INFO - [2026-07-17T20:19:47.218+0530] {dag.py:4180} INFO - Setting next_dagrun for example_skip_dag to 2026-07-16 00:00:00+00:00, run_after=2026-07-17 00:00:00+00:00
[2026-07-17T20:19:47.223+0530] {processor.py:208} INFO - Processing /Users/bhavishyachallagolla/Desktop/RetailSense/.venv/lib/python3.12/site-packages/airflow/example_dags/example_skip_dag.py took 0.039 seconds
[2026-07-17T20:21:28.346+0530] {processor.py:186} INFO - Started process (PID=88349) to work on /Users/bhavishyachallagolla/Desktop/RetailSense/.venv/lib/python3.12/site-packages/airflow/example_dags/example_skip_dag.py
[2026-07-17T20:21:28.347+0530] {processor.py:914} INFO - Processing file /Users/bhavishyachallagolla/Desktop/RetailSense/.venv/lib/python3.12/site-packages/airflow/example_dags/example_skip_dag.py for tasks to queue
[2026-07-17T20:21:28.347+0530] {logging_mixin.py:190} INFO - [2026-07-17T20:21:28.347+0530] {dagbag.py:588} INFO - Filling up the DagBag from /Users/bhavishyachallagolla/Desktop/RetailSense/.venv/lib/python3.12/site-packages/airflow/example_dags/example_skip_dag.py
[2026-07-17T20:21:28.349+0530] {processor.py:925} INFO - DAG(s) 'example_skip_dag' retrieved from /Users/bhavishyachallagolla/Desktop/RetailSense/.venv/lib/python3.12/site-packages/airflow/example_dags/example_skip_dag.py
[2026-07-17T20:21:28.374+0530] {logging_mixin.py:190} INFO - [2026-07-17T20:21:28.374+0530] {dag.py:3239} INFO - Sync 1 DAGs
[2026-07-17T20:21:28.379+0530] {logging_mixin.py:190} INFO - [2026-07-17T20:21:28.379+0530] {dag.py:4180} INFO - Setting next_dagrun for example_skip_dag to 2026-07-16 00:00:00+00:00, run_after=2026-07-17 00:00:00+00:00
[2026-07-17T20:21:28.384+0530] {processor.py:208} INFO - Processing /Users/bhavishyachallagolla/Desktop/RetailSense/.venv/lib/python3.12/site-packages/airflow/example_dags/example_skip_dag.py took 0.039 seconds
[2026-07-17T20:23:09.356+0530] {processor.py:186} INFO - Started process (PID=88505) to work on /Users/bhavishyachallagolla/Desktop/RetailSense/.venv/lib/python3.12/site-packages/airflow/example_dags/example_skip_dag.py
[2026-07-17T20:23:09.357+0530] {processor.py:914} INFO - Processing file /Users/bhavishyachallagolla/Desktop/RetailSense/.venv/lib/python3.12/site-packages/airflow/example_dags/example_skip_dag.py for tasks to queue
[2026-07-17T20:23:09.357+0530] {logging_mixin.py:190} INFO - [2026-07-17T20:23:09.357+0530] {dagbag.py:588} INFO - Filling up the DagBag from /Users/bhavishyachallagolla/Desktop/RetailSense/.venv/lib/python3.12/site-packages/airflow/example_dags/example_skip_dag.py
[2026-07-17T20:23:09.360+0530] {processor.py:925} INFO - DAG(s) 'example_skip_dag' retrieved from /Users/bhavishyachallagolla/Desktop/RetailSense/.venv/lib/python3.12/site-packages/airflow/example_dags/example_skip_dag.py
[2026-07-17T20:23:09.384+0530] {logging_mixin.py:190} INFO - [2026-07-17T20:23:09.384+0530] {dag.py:3239} INFO - Sync 1 DAGs
[2026-07-17T20:23:09.389+0530] {logging_mixin.py:190} INFO - [2026-07-17T20:23:09.389+0530] {dag.py:4180} INFO - Setting next_dagrun for example_skip_dag to 2026-07-16 00:00:00+00:00, run_after=2026-07-17 00:00:00+00:00
[2026-07-17T20:23:09.394+0530] {processor.py:208} INFO - Processing /Users/bhavishyachallagolla/Desktop/RetailSense/.venv/lib/python3.12/site-packages/airflow/example_dags/example_skip_dag.py took 0.039 seconds
[2026-07-17T20:24:49.914+0530] {processor.py:186} INFO - Started process (PID=88657) to work on /Users/bhavishyachallagolla/Desktop/RetailSense/.venv/lib/python3.12/site-packages/airflow/example_dags/example_skip_dag.py
[2026-07-17T20:24:49.914+0530] {processor.py:914} INFO - Processing file /Users/bhavishyachallagolla/Desktop/RetailSense/.venv/lib/python3.12/site-packages/airflow/example_dags/example_skip_dag.py for tasks to queue
[2026-07-17T20:24:49.915+0530] {logging_mixin.py:190} INFO - [2026-07-17T20:24:49.915+0530] {dagbag.py:588} INFO - Filling up the DagBag from /Users/bhavishyachallagolla/Desktop/RetailSense/.venv/lib/python3.12/site-packages/airflow/example_dags/example_skip_dag.py
[2026-07-17T20:24:49.917+0530] {processor.py:925} INFO - DAG(s) 'example_skip_dag' retrieved from /Users/bhavishyachallagolla/Desktop/RetailSense/.venv/lib/python3.12/site-packages/airflow/example_dags/example_skip_dag.py
[2026-07-17T20:24:49.942+0530] {logging_mixin.py:190} INFO - [2026-07-17T20:24:49.942+0530] {dag.py:3239} INFO - Sync 1 DAGs
[2026-07-17T20:24:49.946+0530] {logging_mixin.py:190} INFO - [2026-07-17T20:24:49.946+0530] {dag.py:4180} INFO - Setting next_dagrun for example_skip_dag to 2026-07-16 00:00:00+00:00, run_after=2026-07-17 00:00:00+00:00
[2026-07-17T20:24:49.951+0530] {processor.py:208} INFO - Processing /Users/bhavishyachallagolla/Desktop/RetailSense/.venv/lib/python3.12/site-packages/airflow/example_dags/example_skip_dag.py took 0.038 seconds
[2026-07-17T20:26:30.868+0530] {processor.py:186} INFO - Started process (PID=88822) to work on /Users/bhavishyachallagolla/Desktop/RetailSense/.venv/lib/python3.12/site-packages/airflow/example_dags/example_skip_dag.py
[2026-07-17T20:26:30.869+0530] {processor.py:914} INFO - Processing file /Users/bhavishyachallagolla/Desktop/RetailSense/.venv/lib/python3.12/site-packages/airflow/example_dags/example_skip_dag.py for tasks to queue
[2026-07-17T20:26:30.869+0530] {logging_mixin.py:190} INFO - [2026-07-17T20:26:30.869+0530] {dagbag.py:588} INFO - Filling up the DagBag from /Users/bhavishyachallagolla/Desktop/RetailSense/.venv/lib/python3.12/site-packages/airflow/example_dags/example_skip_dag.py
[2026-07-17T20:26:30.871+0530] {processor.py:925} INFO - DAG(s) 'example_skip_dag' retrieved from /Users/bhavishyachallagolla/Desktop/RetailSense/.venv/lib/python3.12/site-packages/airflow/example_dags/example_skip_dag.py
[2026-07-17T20:26:30.897+0530] {logging_mixin.py:190} INFO - [2026-07-17T20:26:30.897+0530] {dag.py:3239} INFO - Sync 1 DAGs
[2026-07-17T20:26:30.902+0530] {logging_mixin.py:190} INFO - [2026-07-17T20:26:30.902+0530] {dag.py:4180} INFO - Setting next_dagrun for example_skip_dag to 2026-07-16 00:00:00+00:00, run_after=2026-07-17 00:00:00+00:00
[2026-07-17T20:26:30.907+0530] {processor.py:208} INFO - Processing /Users/bhavishyachallagolla/Desktop/RetailSense/.venv/lib/python3.12/site-packages/airflow/example_dags/example_skip_dag.py took 0.040 seconds
[2026-07-17T20:28:10.436+0530] {processor.py:186} INFO - Started process (PID=88976) to work on /Users/bhavishyachallagolla/Desktop/RetailSense/.venv/lib/python3.12/site-packages/airflow/example_dags/example_skip_dag.py
[2026-07-17T20:28:10.437+0530] {processor.py:914} INFO - Processing file /Users/bhavishyachallagolla/Desktop/RetailSense/.venv/lib/python3.12/site-packages/airflow/example_dags/example_skip_dag.py for tasks to queue
[2026-07-17T20:28:10.437+0530] {logging_mixin.py:190} INFO - [2026-07-17T20:28:10.437+0530] {dagbag.py:588} INFO - Filling up the DagBag from /Users/bhavishyachallagolla/Desktop/RetailSense/.venv/lib/python3.12/site-packages/airflow/example_dags/example_skip_dag.py
[2026-07-17T20:28:10.439+0530] {processor.py:925} INFO - DAG(s) 'example_skip_dag' retrieved from /Users/bhavishyachallagolla/Desktop/RetailSense/.venv/lib/python3.12/site-packages/airflow/example_dags/example_skip_dag.py
[2026-07-17T20:28:10.464+0530] {logging_mixin.py:190} INFO - [2026-07-17T20:28:10.464+0530] {dag.py:3239} INFO - Sync 1 DAGs
[2026-07-17T20:28:10.469+0530] {logging_mixin.py:190} INFO - [2026-07-17T20:28:10.468+0530] {dag.py:4180} INFO - Setting next_dagrun for example_skip_dag to 2026-07-16 00:00:00+00:00, run_after=2026-07-17 00:00:00+00:00
[2026-07-17T20:28:10.473+0530] {processor.py:208} INFO - Processing /Users/bhavishyachallagolla/Desktop/RetailSense/.venv/lib/python3.12/site-packages/airflow/example_dags/example_skip_dag.py took 0.038 seconds
[2026-07-17T20:29:47.514+0530] {processor.py:186} INFO - Started process (PID=89122) to work on /Users/bhavishyachallagolla/Desktop/RetailSense/.venv/lib/python3.12/site-packages/airflow/example_dags/example_skip_dag.py
[2026-07-17T20:29:47.514+0530] {processor.py:914} INFO - Processing file /Users/bhavishyachallagolla/Desktop/RetailSense/.venv/lib/python3.12/site-packages/airflow/example_dags/example_skip_dag.py for tasks to queue
[2026-07-17T20:29:47.515+0530] {logging_mixin.py:190} INFO - [2026-07-17T20:29:47.515+0530] {dagbag.py:588} INFO - Filling up the DagBag from /Users/bhavishyachallagolla/Desktop/RetailSense/.venv/lib/python3.12/site-packages/airflow/example_dags/example_skip_dag.py
[2026-07-17T20:29:47.517+0530] {processor.py:925} INFO - DAG(s) 'example_skip_dag' retrieved from /Users/bhavishyachallagolla/Desktop/RetailSense/.venv/lib/python3.12/site-packages/airflow/example_dags/example_skip_dag.py
[2026-07-17T20:29:47.544+0530] {logging_mixin.py:190} INFO - [2026-07-17T20:29:47.543+0530] {dag.py:3239} INFO - Sync 1 DAGs
[2026-07-17T20:29:47.549+0530] {logging_mixin.py:190} INFO - [2026-07-17T20:29:47.549+0530] {dag.py:4180} INFO - Setting next_dagrun for example_skip_dag to 2026-07-16 00:00:00+00:00, run_after=2026-07-17 00:00:00+00:00
[2026-07-17T20:29:47.554+0530] {processor.py:208} INFO - Processing /Users/bhavishyachallagolla/Desktop/RetailSense/.venv/lib/python3.12/site-packages/airflow/example_dags/example_skip_dag.py took 0.041 seconds
[2026-07-17T20:31:28.549+0530] {processor.py:186} INFO - Started process (PID=89280) to work on /Users/bhavishyachallagolla/Desktop/RetailSense/.venv/lib/python3.12/site-packages/airflow/example_dags/example_skip_dag.py
[2026-07-17T20:31:28.550+0530] {processor.py:914} INFO - Processing file /Users/bhavishyachallagolla/Desktop/RetailSense/.venv/lib/python3.12/site-packages/airflow/example_dags/example_skip_dag.py for tasks to queue
[2026-07-17T20:31:28.551+0530] {logging_mixin.py:190} INFO - [2026-07-17T20:31:28.551+0530] {dagbag.py:588} INFO - Filling up the DagBag from /Users/bhavishyachallagolla/Desktop/RetailSense/.venv/lib/python3.12/site-packages/airflow/example_dags/example_skip_dag.py
[2026-07-17T20:31:28.553+0530] {processor.py:925} INFO - DAG(s) 'example_skip_dag' retrieved from /Users/bhavishyachallagolla/Desktop/RetailSense/.venv/lib/python3.12/site-packages/airflow/example_dags/example_skip_dag.py
[2026-07-17T20:31:28.578+0530] {logging_mixin.py:190} INFO - [2026-07-17T20:31:28.578+0530] {dag.py:3239} INFO - Sync 1 DAGs
[2026-07-17T20:31:28.582+0530] {logging_mixin.py:190} INFO - [2026-07-17T20:31:28.582+0530] {dag.py:4180} INFO - Setting next_dagrun for example_skip_dag to 2026-07-16 00:00:00+00:00, run_after=2026-07-17 00:00:00+00:00
[2026-07-17T20:31:28.587+0530] {processor.py:208} INFO - Processing /Users/bhavishyachallagolla/Desktop/RetailSense/.venv/lib/python3.12/site-packages/airflow/example_dags/example_skip_dag.py took 0.039 seconds
[2026-07-17T20:33:08.910+0530] {processor.py:186} INFO - Started process (PID=89430) to work on /Users/bhavishyachallagolla/Desktop/RetailSense/.venv/lib/python3.12/site-packages/airflow/example_dags/example_skip_dag.py
[2026-07-17T20:33:08.911+0530] {processor.py:914} INFO - Processing file /Users/bhavishyachallagolla/Desktop/RetailSense/.venv/lib/python3.12/site-packages/airflow/example_dags/example_skip_dag.py for tasks to queue
[2026-07-17T20:33:08.911+0530] {logging_mixin.py:190} INFO - [2026-07-17T20:33:08.911+0530] {dagbag.py:588} INFO - Filling up the DagBag from /Users/bhavishyachallagolla/Desktop/RetailSense/.venv/lib/python3.12/site-packages/airflow/example_dags/example_skip_dag.py
[2026-07-17T20:33:08.913+0530] {processor.py:925} INFO - DAG(s) 'example_skip_dag' retrieved from /Users/bhavishyachallagolla/Desktop/RetailSense/.venv/lib/python3.12/site-packages/airflow/example_dags/example_skip_dag.py
[2026-07-17T20:33:08.939+0530] {logging_mixin.py:190} INFO - [2026-07-17T20:33:08.939+0530] {dag.py:3239} INFO - Sync 1 DAGs
[2026-07-17T20:33:08.944+0530] {logging_mixin.py:190} INFO - [2026-07-17T20:33:08.944+0530] {dag.py:4180} INFO - Setting next_dagrun for example_skip_dag to 2026-07-16 00:00:00+00:00, run_after=2026-07-17 00:00:00+00:00
[2026-07-17T20:33:08.948+0530] {processor.py:208} INFO - Processing /Users/bhavishyachallagolla/Desktop/RetailSense/.venv/lib/python3.12/site-packages/airflow/example_dags/example_skip_dag.py took 0.039 seconds
[2026-07-17T20:34:50.001+0530] {processor.py:186} INFO - Started process (PID=89580) to work on /Users/bhavishyachallagolla/Desktop/RetailSense/.venv/lib/python3.12/site-packages/airflow/example_dags/example_skip_dag.py
[2026-07-17T20:34:50.001+0530] {processor.py:914} INFO - Processing file /Users/bhavishyachallagolla/Desktop/RetailSense/.venv/lib/python3.12/site-packages/airflow/example_dags/example_skip_dag.py for tasks to queue
[2026-07-17T20:34:50.001+0530] {logging_mixin.py:190} INFO - [2026-07-17T20:34:50.001+0530] {dagbag.py:588} INFO - Filling up the DagBag from /Users/bhavishyachallagolla/Desktop/RetailSense/.venv/lib/python3.12/site-packages/airflow/example_dags/example_skip_dag.py
[2026-07-17T20:34:50.003+0530] {processor.py:925} INFO - DAG(s) 'example_skip_dag' retrieved from /Users/bhavishyachallagolla/Desktop/RetailSense/.venv/lib/python3.12/site-packages/airflow/example_dags/example_skip_dag.py
[2026-07-17T20:34:50.029+0530] {logging_mixin.py:190} INFO - [2026-07-17T20:34:50.029+0530] {dag.py:3239} INFO - Sync 1 DAGs
[2026-07-17T20:34:50.034+0530] {logging_mixin.py:190} INFO - [2026-07-17T20:34:50.034+0530] {dag.py:4180} INFO - Setting next_dagrun for example_skip_dag to 2026-07-16 00:00:00+00:00, run_after=2026-07-17 00:00:00+00:00
[2026-07-17T20:34:50.038+0530] {processor.py:208} INFO - Processing /Users/bhavishyachallagolla/Desktop/RetailSense/.venv/lib/python3.12/site-packages/airflow/example_dags/example_skip_dag.py took 0.039 seconds
[2026-07-17T20:36:31.077+0530] {processor.py:186} INFO - Started process (PID=89730) to work on /Users/bhavishyachallagolla/Desktop/RetailSense/.venv/lib/python3.12/site-packages/airflow/example_dags/example_skip_dag.py
[2026-07-17T20:36:31.077+0530] {processor.py:914} INFO - Processing file /Users/bhavishyachallagolla/Desktop/RetailSense/.venv/lib/python3.12/site-packages/airflow/example_dags/example_skip_dag.py for tasks to queue
[2026-07-17T20:36:31.077+0530] {logging_mixin.py:190} INFO - [2026-07-17T20:36:31.077+0530] {dagbag.py:588} INFO - Filling up the DagBag from /Users/bhavishyachallagolla/Desktop/RetailSense/.venv/lib/python3.12/site-packages/airflow/example_dags/example_skip_dag.py
[2026-07-17T20:36:31.080+0530] {processor.py:925} INFO - DAG(s) 'example_skip_dag' retrieved from /Users/bhavishyachallagolla/Desktop/RetailSense/.venv/lib/python3.12/site-packages/airflow/example_dags/example_skip_dag.py
[2026-07-17T20:36:31.107+0530] {logging_mixin.py:190} INFO - [2026-07-17T20:36:31.106+0530] {dag.py:3239} INFO - Sync 1 DAGs
[2026-07-17T20:36:31.112+0530] {logging_mixin.py:190} INFO - [2026-07-17T20:36:31.112+0530] {dag.py:4180} INFO - Setting next_dagrun for example_skip_dag to 2026-07-16 00:00:00+00:00, run_after=2026-07-17 00:00:00+00:00
[2026-07-17T20:36:31.117+0530] {processor.py:208} INFO - Processing /Users/bhavishyachallagolla/Desktop/RetailSense/.venv/lib/python3.12/site-packages/airflow/example_dags/example_skip_dag.py took 0.041 seconds
[2026-07-17T20:38:11.957+0530] {processor.py:186} INFO - Started process (PID=89881) to work on /Users/bhavishyachallagolla/Desktop/RetailSense/.venv/lib/python3.12/site-packages/airflow/example_dags/example_skip_dag.py
[2026-07-17T20:38:11.957+0530] {processor.py:914} INFO - Processing file /Users/bhavishyachallagolla/Desktop/RetailSense/.venv/lib/python3.12/site-packages/airflow/example_dags/example_skip_dag.py for tasks to queue
[2026-07-17T20:38:11.957+0530] {logging_mixin.py:190} INFO - [2026-07-17T20:38:11.957+0530] {dagbag.py:588} INFO - Filling up the DagBag from /Users/bhavishyachallagolla/Desktop/RetailSense/.venv/lib/python3.12/site-packages/airflow/example_dags/example_skip_dag.py
[2026-07-17T20:38:11.959+0530] {processor.py:925} INFO - DAG(s) 'example_skip_dag' retrieved from /Users/bhavishyachallagolla/Desktop/RetailSense/.venv/lib/python3.12/site-packages/airflow/example_dags/example_skip_dag.py
[2026-07-17T20:38:11.985+0530] {logging_mixin.py:190} INFO - [2026-07-17T20:38:11.985+0530] {dag.py:3239} INFO - Sync 1 DAGs
[2026-07-17T20:38:11.990+0530] {logging_mixin.py:190} INFO - [2026-07-17T20:38:11.990+0530] {dag.py:4180} INFO - Setting next_dagrun for example_skip_dag to 2026-07-16 00:00:00+00:00, run_after=2026-07-17 00:00:00+00:00
[2026-07-17T20:38:11.994+0530] {processor.py:208} INFO - Processing /Users/bhavishyachallagolla/Desktop/RetailSense/.venv/lib/python3.12/site-packages/airflow/example_dags/example_skip_dag.py took 0.039 seconds
[2026-07-17T20:39:54.481+0530] {processor.py:186} INFO - Started process (PID=90104) to work on /Users/bhavishyachallagolla/Desktop/RetailSense/.venv/lib/python3.12/site-packages/airflow/example_dags/example_skip_dag.py
[2026-07-17T20:39:54.482+0530] {processor.py:914} INFO - Processing file /Users/bhavishyachallagolla/Desktop/RetailSense/.venv/lib/python3.12/site-packages/airflow/example_dags/example_skip_dag.py for tasks to queue
[2026-07-17T20:39:54.482+0530] {logging_mixin.py:190} INFO - [2026-07-17T20:39:54.482+0530] {dagbag.py:588} INFO - Filling up the DagBag from /Users/bhavishyachallagolla/Desktop/RetailSense/.venv/lib/python3.12/site-packages/airflow/example_dags/example_skip_dag.py
[2026-07-17T20:39:54.484+0530] {processor.py:925} INFO - DAG(s) 'example_skip_dag' retrieved from /Users/bhavishyachallagolla/Desktop/RetailSense/.venv/lib/python3.12/site-packages/airflow/example_dags/example_skip_dag.py
[2026-07-17T20:39:54.510+0530] {logging_mixin.py:190} INFO - [2026-07-17T20:39:54.510+0530] {dag.py:3239} INFO - Sync 1 DAGs
[2026-07-17T20:39:54.515+0530] {logging_mixin.py:190} INFO - [2026-07-17T20:39:54.515+0530] {dag.py:4180} INFO - Setting next_dagrun for example_skip_dag to 2026-07-16 00:00:00+00:00, run_after=2026-07-17 00:00:00+00:00
[2026-07-17T20:39:54.519+0530] {processor.py:208} INFO - Processing /Users/bhavishyachallagolla/Desktop/RetailSense/.venv/lib/python3.12/site-packages/airflow/example_dags/example_skip_dag.py took 0.040 seconds
[2026-07-17T20:41:32.063+0530] {processor.py:186} INFO - Started process (PID=90307) to work on /Users/bhavishyachallagolla/Desktop/RetailSense/.venv/lib/python3.12/site-packages/airflow/example_dags/example_skip_dag.py
[2026-07-17T20:41:32.063+0530] {processor.py:914} INFO - Processing file /Users/bhavishyachallagolla/Desktop/RetailSense/.venv/lib/python3.12/site-packages/airflow/example_dags/example_skip_dag.py for tasks to queue
[2026-07-17T20:41:32.063+0530] {logging_mixin.py:190} INFO - [2026-07-17T20:41:32.063+0530] {dagbag.py:588} INFO - Filling up the DagBag from /Users/bhavishyachallagolla/Desktop/RetailSense/.venv/lib/python3.12/site-packages/airflow/example_dags/example_skip_dag.py
[2026-07-17T20:41:32.066+0530] {processor.py:925} INFO - DAG(s) 'example_skip_dag' retrieved from /Users/bhavishyachallagolla/Desktop/RetailSense/.venv/lib/python3.12/site-packages/airflow/example_dags/example_skip_dag.py
[2026-07-17T20:41:32.091+0530] {logging_mixin.py:190} INFO - [2026-07-17T20:41:32.091+0530] {dag.py:3239} INFO - Sync 1 DAGs
[2026-07-17T20:41:32.097+0530] {logging_mixin.py:190} INFO - [2026-07-17T20:41:32.096+0530] {dag.py:4180} INFO - Setting next_dagrun for example_skip_dag to 2026-07-16 00:00:00+00:00, run_after=2026-07-17 00:00:00+00:00
[2026-07-17T20:41:32.101+0530] {processor.py:208} INFO - Processing /Users/bhavishyachallagolla/Desktop/RetailSense/.venv/lib/python3.12/site-packages/airflow/example_dags/example_skip_dag.py took 0.040 seconds
[2026-07-17T20:43:12.199+0530] {processor.py:186} INFO - Started process (PID=90463) to work on /Users/bhavishyachallagolla/Desktop/RetailSense/.venv/lib/python3.12/site-packages/airflow/example_dags/example_skip_dag.py
[2026-07-17T20:43:12.200+0530] {processor.py:914} INFO - Processing file /Users/bhavishyachallagolla/Desktop/RetailSense/.venv/lib/python3.12/site-packages/airflow/example_dags/example_skip_dag.py for tasks to queue
[2026-07-17T20:43:12.200+0530] {logging_mixin.py:190} INFO - [2026-07-17T20:43:12.200+0530] {dagbag.py:588} INFO - Filling up the DagBag from /Users/bhavishyachallagolla/Desktop/RetailSense/.venv/lib/python3.12/site-packages/airflow/example_dags/example_skip_dag.py
[2026-07-17T20:43:12.202+0530] {processor.py:925} INFO - DAG(s) 'example_skip_dag' retrieved from /Users/bhavishyachallagolla/Desktop/RetailSense/.venv/lib/python3.12/site-packages/airflow/example_dags/example_skip_dag.py
[2026-07-17T20:43:12.228+0530] {logging_mixin.py:190} INFO - [2026-07-17T20:43:12.228+0530] {dag.py:3239} INFO - Sync 1 DAGs
[2026-07-17T20:43:12.233+0530] {logging_mixin.py:190} INFO - [2026-07-17T20:43:12.233+0530] {dag.py:4180} INFO - Setting next_dagrun for example_skip_dag to 2026-07-16 00:00:00+00:00, run_after=2026-07-17 00:00:00+00:00
[2026-07-17T20:43:12.237+0530] {processor.py:208} INFO - Processing /Users/bhavishyachallagolla/Desktop/RetailSense/.venv/lib/python3.12/site-packages/airflow/example_dags/example_skip_dag.py took 0.040 seconds
[2026-07-17T20:44:52.868+0530] {processor.py:186} INFO - Started process (PID=90620) to work on /Users/bhavishyachallagolla/Desktop/RetailSense/.venv/lib/python3.12/site-packages/airflow/example_dags/example_skip_dag.py
[2026-07-17T20:44:52.868+0530] {processor.py:914} INFO - Processing file /Users/bhavishyachallagolla/Desktop/RetailSense/.venv/lib/python3.12/site-packages/airflow/example_dags/example_skip_dag.py for tasks to queue
[2026-07-17T20:44:52.868+0530] {logging_mixin.py:190} INFO - [2026-07-17T20:44:52.868+0530] {dagbag.py:588} INFO - Filling up the DagBag from /Users/bhavishyachallagolla/Desktop/RetailSense/.venv/lib/python3.12/site-packages/airflow/example_dags/example_skip_dag.py
[2026-07-17T20:44:52.870+0530] {processor.py:925} INFO - DAG(s) 'example_skip_dag' retrieved from /Users/bhavishyachallagolla/Desktop/RetailSense/.venv/lib/python3.12/site-packages/airflow/example_dags/example_skip_dag.py
[2026-07-17T20:44:52.895+0530] {logging_mixin.py:190} INFO - [2026-07-17T20:44:52.895+0530] {dag.py:3239} INFO - Sync 1 DAGs
[2026-07-17T20:44:52.900+0530] {logging_mixin.py:190} INFO - [2026-07-17T20:44:52.900+0530] {dag.py:4180} INFO - Setting next_dagrun for example_skip_dag to 2026-07-16 00:00:00+00:00, run_after=2026-07-17 00:00:00+00:00
[2026-07-17T20:44:52.905+0530] {processor.py:208} INFO - Processing /Users/bhavishyachallagolla/Desktop/RetailSense/.venv/lib/python3.12/site-packages/airflow/example_dags/example_skip_dag.py took 0.038 seconds
[2026-07-17T20:46:33.306+0530] {processor.py:186} INFO - Started process (PID=90773) to work on /Users/bhavishyachallagolla/Desktop/RetailSense/.venv/lib/python3.12/site-packages/airflow/example_dags/example_skip_dag.py
[2026-07-17T20:46:33.307+0530] {processor.py:914} INFO - Processing file /Users/bhavishyachallagolla/Desktop/RetailSense/.venv/lib/python3.12/site-packages/airflow/example_dags/example_skip_dag.py for tasks to queue
[2026-07-17T20:46:33.307+0530] {logging_mixin.py:190} INFO - [2026-07-17T20:46:33.307+0530] {dagbag.py:588} INFO - Filling up the DagBag from /Users/bhavishyachallagolla/Desktop/RetailSense/.venv/lib/python3.12/site-packages/airflow/example_dags/example_skip_dag.py
[2026-07-17T20:46:33.309+0530] {processor.py:925} INFO - DAG(s) 'example_skip_dag' retrieved from /Users/bhavishyachallagolla/Desktop/RetailSense/.venv/lib/python3.12/site-packages/airflow/example_dags/example_skip_dag.py
[2026-07-17T20:46:33.334+0530] {logging_mixin.py:190} INFO - [2026-07-17T20:46:33.334+0530] {dag.py:3239} INFO - Sync 1 DAGs
[2026-07-17T20:46:33.339+0530] {logging_mixin.py:190} INFO - [2026-07-17T20:46:33.339+0530] {dag.py:4180} INFO - Setting next_dagrun for example_skip_dag to 2026-07-16 00:00:00+00:00, run_after=2026-07-17 00:00:00+00:00
[2026-07-17T20:46:33.344+0530] {processor.py:208} INFO - Processing /Users/bhavishyachallagolla/Desktop/RetailSense/.venv/lib/python3.12/site-packages/airflow/example_dags/example_skip_dag.py took 0.038 seconds
[2026-07-17T20:48:13.817+0530] {processor.py:186} INFO - Started process (PID=90927) to work on /Users/bhavishyachallagolla/Desktop/RetailSense/.venv/lib/python3.12/site-packages/airflow/example_dags/example_skip_dag.py
[2026-07-17T20:48:13.818+0530] {processor.py:914} INFO - Processing file /Users/bhavishyachallagolla/Desktop/RetailSense/.venv/lib/python3.12/site-packages/airflow/example_dags/example_skip_dag.py for tasks to queue
[2026-07-17T20:48:13.819+0530] {logging_mixin.py:190} INFO - [2026-07-17T20:48:13.819+0530] {dagbag.py:588} INFO - Filling up the DagBag from /Users/bhavishyachallagolla/Desktop/RetailSense/.venv/lib/python3.12/site-packages/airflow/example_dags/example_skip_dag.py
[2026-07-17T20:48:13.821+0530] {processor.py:925} INFO - DAG(s) 'example_skip_dag' retrieved from /Users/bhavishyachallagolla/Desktop/RetailSense/.venv/lib/python3.12/site-packages/airflow/example_dags/example_skip_dag.py
[2026-07-17T20:48:13.849+0530] {logging_mixin.py:190} INFO - [2026-07-17T20:48:13.849+0530] {dag.py:3239} INFO - Sync 1 DAGs
[2026-07-17T20:48:13.855+0530] {logging_mixin.py:190} INFO - [2026-07-17T20:48:13.855+0530] {dag.py:4180} INFO - Setting next_dagrun for example_skip_dag to 2026-07-16 00:00:00+00:00, run_after=2026-07-17 00:00:00+00:00
[2026-07-17T20:48:13.860+0530] {processor.py:208} INFO - Processing /Users/bhavishyachallagolla/Desktop/RetailSense/.venv/lib/python3.12/site-packages/airflow/example_dags/example_skip_dag.py took 0.044 seconds
[2026-07-17T20:49:52.846+0530] {processor.py:186} INFO - Started process (PID=91094) to work on /Users/bhavishyachallagolla/Desktop/RetailSense/.venv/lib/python3.12/site-packages/airflow/example_dags/example_skip_dag.py
[2026-07-17T20:49:52.847+0530] {processor.py:914} INFO - Processing file /Users/bhavishyachallagolla/Desktop/RetailSense/.venv/lib/python3.12/site-packages/airflow/example_dags/example_skip_dag.py for tasks to queue
[2026-07-17T20:49:52.848+0530] {logging_mixin.py:190} INFO - [2026-07-17T20:49:52.848+0530] {dagbag.py:588} INFO - Filling up the DagBag from /Users/bhavishyachallagolla/Desktop/RetailSense/.venv/lib/python3.12/site-packages/airflow/example_dags/example_skip_dag.py
[2026-07-17T20:49:52.850+0530] {processor.py:925} INFO - DAG(s) 'example_skip_dag' retrieved from /Users/bhavishyachallagolla/Desktop/RetailSense/.venv/lib/python3.12/site-packages/airflow/example_dags/example_skip_dag.py
[2026-07-17T20:49:52.875+0530] {logging_mixin.py:190} INFO - [2026-07-17T20:49:52.875+0530] {dag.py:3239} INFO - Sync 1 DAGs
[2026-07-17T20:49:52.880+0530] {logging_mixin.py:190} INFO - [2026-07-17T20:49:52.880+0530] {dag.py:4180} INFO - Setting next_dagrun for example_skip_dag to 2026-07-16 00:00:00+00:00, run_after=2026-07-17 00:00:00+00:00
[2026-07-17T20:49:52.885+0530] {processor.py:208} INFO - Processing /Users/bhavishyachallagolla/Desktop/RetailSense/.venv/lib/python3.12/site-packages/airflow/example_dags/example_skip_dag.py took 0.040 seconds
[2026-07-17T20:51:33.116+0530] {processor.py:186} INFO - Started process (PID=91244) to work on /Users/bhavishyachallagolla/Desktop/RetailSense/.venv/lib/python3.12/site-packages/airflow/example_dags/example_skip_dag.py
[2026-07-17T20:51:33.117+0530] {processor.py:914} INFO - Processing file /Users/bhavishyachallagolla/Desktop/RetailSense/.venv/lib/python3.12/site-packages/airflow/example_dags/example_skip_dag.py for tasks to queue
[2026-07-17T20:51:33.118+0530] {logging_mixin.py:190} INFO - [2026-07-17T20:51:33.118+0530] {dagbag.py:588} INFO - Filling up the DagBag from /Users/bhavishyachallagolla/Desktop/RetailSense/.venv/lib/python3.12/site-packages/airflow/example_dags/example_skip_dag.py
[2026-07-17T20:51:33.120+0530] {processor.py:925} INFO - DAG(s) 'example_skip_dag' retrieved from /Users/bhavishyachallagolla/Desktop/RetailSense/.venv/lib/python3.12/site-packages/airflow/example_dags/example_skip_dag.py
[2026-07-17T20:51:33.145+0530] {logging_mixin.py:190} INFO - [2026-07-17T20:51:33.145+0530] {dag.py:3239} INFO - Sync 1 DAGs
[2026-07-17T20:51:33.150+0530] {logging_mixin.py:190} INFO - [2026-07-17T20:51:33.149+0530] {dag.py:4180} INFO - Setting next_dagrun for example_skip_dag to 2026-07-16 00:00:00+00:00, run_after=2026-07-17 00:00:00+00:00
[2026-07-17T20:51:33.154+0530] {processor.py:208} INFO - Processing /Users/bhavishyachallagolla/Desktop/RetailSense/.venv/lib/python3.12/site-packages/airflow/example_dags/example_skip_dag.py took 0.039 seconds
[2026-07-17T20:53:13.989+0530] {processor.py:186} INFO - Started process (PID=91393) to work on /Users/bhavishyachallagolla/Desktop/RetailSense/.venv/lib/python3.12/site-packages/airflow/example_dags/example_skip_dag.py
[2026-07-17T20:53:13.990+0530] {processor.py:914} INFO - Processing file /Users/bhavishyachallagolla/Desktop/RetailSense/.venv/lib/python3.12/site-packages/airflow/example_dags/example_skip_dag.py for tasks to queue
[2026-07-17T20:53:13.990+0530] {logging_mixin.py:190} INFO - [2026-07-17T20:53:13.990+0530] {dagbag.py:588} INFO - Filling up the DagBag from /Users/bhavishyachallagolla/Desktop/RetailSense/.venv/lib/python3.12/site-packages/airflow/example_dags/example_skip_dag.py
[2026-07-17T20:53:13.992+0530] {processor.py:925} INFO - DAG(s) 'example_skip_dag' retrieved from /Users/bhavishyachallagolla/Desktop/RetailSense/.venv/lib/python3.12/site-packages/airflow/example_dags/example_skip_dag.py
[2026-07-17T20:53:14.017+0530] {logging_mixin.py:190} INFO - [2026-07-17T20:53:14.017+0530] {dag.py:3239} INFO - Sync 1 DAGs
[2026-07-17T20:53:14.022+0530] {logging_mixin.py:190} INFO - [2026-07-17T20:53:14.022+0530] {dag.py:4180} INFO - Setting next_dagrun for example_skip_dag to 2026-07-16 00:00:00+00:00, run_after=2026-07-17 00:00:00+00:00
[2026-07-17T20:53:14.027+0530] {processor.py:208} INFO - Processing /Users/bhavishyachallagolla/Desktop/RetailSense/.venv/lib/python3.12/site-packages/airflow/example_dags/example_skip_dag.py took 0.040 seconds
[2026-07-17T20:54:55.221+0530] {processor.py:186} INFO - Started process (PID=91545) to work on /Users/bhavishyachallagolla/Desktop/RetailSense/.venv/lib/python3.12/site-packages/airflow/example_dags/example_skip_dag.py
[2026-07-17T20:54:55.222+0530] {processor.py:914} INFO - Processing file /Users/bhavishyachallagolla/Desktop/RetailSense/.venv/lib/python3.12/site-packages/airflow/example_dags/example_skip_dag.py for tasks to queue
[2026-07-17T20:54:55.222+0530] {logging_mixin.py:190} INFO - [2026-07-17T20:54:55.222+0530] {dagbag.py:588} INFO - Filling up the DagBag from /Users/bhavishyachallagolla/Desktop/RetailSense/.venv/lib/python3.12/site-packages/airflow/example_dags/example_skip_dag.py
[2026-07-17T20:54:55.224+0530] {processor.py:925} INFO - DAG(s) 'example_skip_dag' retrieved from /Users/bhavishyachallagolla/Desktop/RetailSense/.venv/lib/python3.12/site-packages/airflow/example_dags/example_skip_dag.py
[2026-07-17T20:54:55.250+0530] {logging_mixin.py:190} INFO - [2026-07-17T20:54:55.250+0530] {dag.py:3239} INFO - Sync 1 DAGs
[2026-07-17T20:54:55.255+0530] {logging_mixin.py:190} INFO - [2026-07-17T20:54:55.255+0530] {dag.py:4180} INFO - Setting next_dagrun for example_skip_dag to 2026-07-16 00:00:00+00:00, run_after=2026-07-17 00:00:00+00:00
[2026-07-17T20:54:55.259+0530] {processor.py:208} INFO - Processing /Users/bhavishyachallagolla/Desktop/RetailSense/.venv/lib/python3.12/site-packages/airflow/example_dags/example_skip_dag.py took 0.039 seconds
[2026-07-17T20:56:34.834+0530] {processor.py:186} INFO - Started process (PID=91709) to work on /Users/bhavishyachallagolla/Desktop/RetailSense/.venv/lib/python3.12/site-packages/airflow/example_dags/example_skip_dag.py
[2026-07-17T20:56:34.835+0530] {processor.py:914} INFO - Processing file /Users/bhavishyachallagolla/Desktop/RetailSense/.venv/lib/python3.12/site-packages/airflow/example_dags/example_skip_dag.py for tasks to queue
[2026-07-17T20:56:34.836+0530] {logging_mixin.py:190} INFO - [2026-07-17T20:56:34.836+0530] {dagbag.py:588} INFO - Filling up the DagBag from /Users/bhavishyachallagolla/Desktop/RetailSense/.venv/lib/python3.12/site-packages/airflow/example_dags/example_skip_dag.py
[2026-07-17T20:56:34.838+0530] {processor.py:925} INFO - DAG(s) 'example_skip_dag' retrieved from /Users/bhavishyachallagolla/Desktop/RetailSense/.venv/lib/python3.12/site-packages/airflow/example_dags/example_skip_dag.py
[2026-07-17T20:56:34.863+0530] {logging_mixin.py:190} INFO - [2026-07-17T20:56:34.863+0530] {dag.py:3239} INFO - Sync 1 DAGs
[2026-07-17T20:56:34.868+0530] {logging_mixin.py:190} INFO - [2026-07-17T20:56:34.868+0530] {dag.py:4180} INFO - Setting next_dagrun for example_skip_dag to 2026-07-16 00:00:00+00:00, run_after=2026-07-17 00:00:00+00:00
[2026-07-17T20:56:34.873+0530] {processor.py:208} INFO - Processing /Users/bhavishyachallagolla/Desktop/RetailSense/.venv/lib/python3.12/site-packages/airflow/example_dags/example_skip_dag.py took 0.039 seconds
[2026-07-17T20:58:13.967+0530] {processor.py:186} INFO - Started process (PID=91854) to work on /Users/bhavishyachallagolla/Desktop/RetailSense/.venv/lib/python3.12/site-packages/airflow/example_dags/example_skip_dag.py
[2026-07-17T20:58:13.968+0530] {processor.py:914} INFO - Processing file /Users/bhavishyachallagolla/Desktop/RetailSense/.venv/lib/python3.12/site-packages/airflow/example_dags/example_skip_dag.py for tasks to queue
[2026-07-17T20:58:13.969+0530] {logging_mixin.py:190} INFO - [2026-07-17T20:58:13.969+0530] {dagbag.py:588} INFO - Filling up the DagBag from /Users/bhavishyachallagolla/Desktop/RetailSense/.venv/lib/python3.12/site-packages/airflow/example_dags/example_skip_dag.py
[2026-07-17T20:58:13.971+0530] {processor.py:925} INFO - DAG(s) 'example_skip_dag' retrieved from /Users/bhavishyachallagolla/Desktop/RetailSense/.venv/lib/python3.12/site-packages/airflow/example_dags/example_skip_dag.py
[2026-07-17T20:58:13.996+0530] {logging_mixin.py:190} INFO - [2026-07-17T20:58:13.996+0530] {dag.py:3239} INFO - Sync 1 DAGs
[2026-07-17T20:58:14.001+0530] {logging_mixin.py:190} INFO - [2026-07-17T20:58:14.001+0530] {dag.py:4180} INFO - Setting next_dagrun for example_skip_dag to 2026-07-16 00:00:00+00:00, run_after=2026-07-17 00:00:00+00:00
[2026-07-17T20:58:14.005+0530] {processor.py:208} INFO - Processing /Users/bhavishyachallagolla/Desktop/RetailSense/.venv/lib/python3.12/site-packages/airflow/example_dags/example_skip_dag.py took 0.039 seconds
[2026-07-17T21:16:44.547+0530] {processor.py:186} INFO - Started process (PID=92010) to work on /Users/bhavishyachallagolla/Desktop/RetailSense/.venv/lib/python3.12/site-packages/airflow/example_dags/example_skip_dag.py
[2026-07-17T21:16:44.548+0530] {processor.py:914} INFO - Processing file /Users/bhavishyachallagolla/Desktop/RetailSense/.venv/lib/python3.12/site-packages/airflow/example_dags/example_skip_dag.py for tasks to queue
[2026-07-17T21:16:44.548+0530] {logging_mixin.py:190} INFO - [2026-07-17T21:16:44.548+0530] {dagbag.py:588} INFO - Filling up the DagBag from /Users/bhavishyachallagolla/Desktop/RetailSense/.venv/lib/python3.12/site-packages/airflow/example_dags/example_skip_dag.py
[2026-07-17T21:16:44.550+0530] {processor.py:925} INFO - DAG(s) 'example_skip_dag' retrieved from /Users/bhavishyachallagolla/Desktop/RetailSense/.venv/lib/python3.12/site-packages/airflow/example_dags/example_skip_dag.py
[2026-07-17T21:16:44.574+0530] {logging_mixin.py:190} INFO - [2026-07-17T21:16:44.573+0530] {dag.py:3239} INFO - Sync 1 DAGs
[2026-07-17T21:16:44.578+0530] {logging_mixin.py:190} INFO - [2026-07-17T21:16:44.578+0530] {dag.py:4180} INFO - Setting next_dagrun for example_skip_dag to 2026-07-16 00:00:00+00:00, run_after=2026-07-17 00:00:00+00:00
[2026-07-17T21:16:44.582+0530] {processor.py:208} INFO - Processing /Users/bhavishyachallagolla/Desktop/RetailSense/.venv/lib/python3.12/site-packages/airflow/example_dags/example_skip_dag.py took 0.036 seconds
[2026-07-17T22:22:34.672+0530] {processor.py:186} INFO - Started process (PID=92102) to work on /Users/bhavishyachallagolla/Desktop/RetailSense/.venv/lib/python3.12/site-packages/airflow/example_dags/example_skip_dag.py
[2026-07-17T22:22:34.674+0530] {processor.py:914} INFO - Processing file /Users/bhavishyachallagolla/Desktop/RetailSense/.venv/lib/python3.12/site-packages/airflow/example_dags/example_skip_dag.py for tasks to queue
[2026-07-17T22:22:34.674+0530] {logging_mixin.py:190} INFO - [2026-07-17T22:22:34.674+0530] {dagbag.py:588} INFO - Filling up the DagBag from /Users/bhavishyachallagolla/Desktop/RetailSense/.venv/lib/python3.12/site-packages/airflow/example_dags/example_skip_dag.py
[2026-07-17T22:22:34.676+0530] {processor.py:925} INFO - DAG(s) 'example_skip_dag' retrieved from /Users/bhavishyachallagolla/Desktop/RetailSense/.venv/lib/python3.12/site-packages/airflow/example_dags/example_skip_dag.py
[2026-07-17T22:22:34.700+0530] {logging_mixin.py:190} INFO - [2026-07-17T22:22:34.700+0530] {dag.py:3239} INFO - Sync 1 DAGs
[2026-07-17T22:22:34.705+0530] {logging_mixin.py:190} INFO - [2026-07-17T22:22:34.705+0530] {dag.py:4180} INFO - Setting next_dagrun for example_skip_dag to 2026-07-16 00:00:00+00:00, run_after=2026-07-17 00:00:00+00:00
[2026-07-17T22:22:34.709+0530] {processor.py:208} INFO - Processing /Users/bhavishyachallagolla/Desktop/RetailSense/.venv/lib/python3.12/site-packages/airflow/example_dags/example_skip_dag.py took 0.039 seconds
[2026-07-17T22:23:52.643+0530] {processor.py:186} INFO - Started process (PID=92232) to work on /Users/bhavishyachallagolla/Desktop/RetailSense/.venv/lib/python3.12/site-packages/airflow/example_dags/example_skip_dag.py
[2026-07-17T22:23:52.644+0530] {processor.py:914} INFO - Processing file /Users/bhavishyachallagolla/Desktop/RetailSense/.venv/lib/python3.12/site-packages/airflow/example_dags/example_skip_dag.py for tasks to queue
[2026-07-17T22:23:52.644+0530] {logging_mixin.py:190} INFO - [2026-07-17T22:23:52.644+0530] {dagbag.py:588} INFO - Filling up the DagBag from /Users/bhavishyachallagolla/Desktop/RetailSense/.venv/lib/python3.12/site-packages/airflow/example_dags/example_skip_dag.py
[2026-07-17T22:23:52.646+0530] {processor.py:925} INFO - DAG(s) 'example_skip_dag' retrieved from /Users/bhavishyachallagolla/Desktop/RetailSense/.venv/lib/python3.12/site-packages/airflow/example_dags/example_skip_dag.py
[2026-07-17T22:23:52.671+0530] {logging_mixin.py:190} INFO - [2026-07-17T22:23:52.670+0530] {dag.py:3239} INFO - Sync 1 DAGs
[2026-07-17T22:23:52.675+0530] {logging_mixin.py:190} INFO - [2026-07-17T22:23:52.675+0530] {dag.py:4180} INFO - Setting next_dagrun for example_skip_dag to 2026-07-16 00:00:00+00:00, run_after=2026-07-17 00:00:00+00:00
[2026-07-17T22:23:52.680+0530] {processor.py:208} INFO - Processing /Users/bhavishyachallagolla/Desktop/RetailSense/.venv/lib/python3.12/site-packages/airflow/example_dags/example_skip_dag.py took 0.037 seconds
[2026-07-17T22:25:32.480+0530] {processor.py:186} INFO - Started process (PID=92384) to work on /Users/bhavishyachallagolla/Desktop/RetailSense/.venv/lib/python3.12/site-packages/airflow/example_dags/example_skip_dag.py
[2026-07-17T22:25:32.481+0530] {processor.py:914} INFO - Processing file /Users/bhavishyachallagolla/Desktop/RetailSense/.venv/lib/python3.12/site-packages/airflow/example_dags/example_skip_dag.py for tasks to queue
[2026-07-17T22:25:32.481+0530] {logging_mixin.py:190} INFO - [2026-07-17T22:25:32.481+0530] {dagbag.py:588} INFO - Filling up the DagBag from /Users/bhavishyachallagolla/Desktop/RetailSense/.venv/lib/python3.12/site-packages/airflow/example_dags/example_skip_dag.py
[2026-07-17T22:25:32.484+0530] {processor.py:925} INFO - DAG(s) 'example_skip_dag' retrieved from /Users/bhavishyachallagolla/Desktop/RetailSense/.venv/lib/python3.12/site-packages/airflow/example_dags/example_skip_dag.py
[2026-07-17T22:25:32.508+0530] {logging_mixin.py:190} INFO - [2026-07-17T22:25:32.508+0530] {dag.py:3239} INFO - Sync 1 DAGs
[2026-07-17T22:25:32.513+0530] {logging_mixin.py:190} INFO - [2026-07-17T22:25:32.513+0530] {dag.py:4180} INFO - Setting next_dagrun for example_skip_dag to 2026-07-16 00:00:00+00:00, run_after=2026-07-17 00:00:00+00:00
[2026-07-17T22:25:32.517+0530] {processor.py:208} INFO - Processing /Users/bhavishyachallagolla/Desktop/RetailSense/.venv/lib/python3.12/site-packages/airflow/example_dags/example_skip_dag.py took 0.039 seconds
[2026-07-17T22:27:13.498+0530] {processor.py:186} INFO - Started process (PID=92535) to work on /Users/bhavishyachallagolla/Desktop/RetailSense/.venv/lib/python3.12/site-packages/airflow/example_dags/example_skip_dag.py
[2026-07-17T22:27:13.499+0530] {processor.py:914} INFO - Processing file /Users/bhavishyachallagolla/Desktop/RetailSense/.venv/lib/python3.12/site-packages/airflow/example_dags/example_skip_dag.py for tasks to queue
[2026-07-17T22:27:13.499+0530] {logging_mixin.py:190} INFO - [2026-07-17T22:27:13.499+0530] {dagbag.py:588} INFO - Filling up the DagBag from /Users/bhavishyachallagolla/Desktop/RetailSense/.venv/lib/python3.12/site-packages/airflow/example_dags/example_skip_dag.py
[2026-07-17T22:27:13.501+0530] {processor.py:925} INFO - DAG(s) 'example_skip_dag' retrieved from /Users/bhavishyachallagolla/Desktop/RetailSense/.venv/lib/python3.12/site-packages/airflow/example_dags/example_skip_dag.py
[2026-07-17T22:27:13.526+0530] {logging_mixin.py:190} INFO - [2026-07-17T22:27:13.526+0530] {dag.py:3239} INFO - Sync 1 DAGs
[2026-07-17T22:27:13.531+0530] {logging_mixin.py:190} INFO - [2026-07-17T22:27:13.531+0530] {dag.py:4180} INFO - Setting next_dagrun for example_skip_dag to 2026-07-16 00:00:00+00:00, run_after=2026-07-17 00:00:00+00:00
[2026-07-17T22:27:13.536+0530] {processor.py:208} INFO - Processing /Users/bhavishyachallagolla/Desktop/RetailSense/.venv/lib/python3.12/site-packages/airflow/example_dags/example_skip_dag.py took 0.039 seconds
[2026-07-17T22:28:53.017+0530] {processor.py:186} INFO - Started process (PID=92685) to work on /Users/bhavishyachallagolla/Desktop/RetailSense/.venv/lib/python3.12/site-packages/airflow/example_dags/example_skip_dag.py
[2026-07-17T22:28:53.018+0530] {processor.py:914} INFO - Processing file /Users/bhavishyachallagolla/Desktop/RetailSense/.venv/lib/python3.12/site-packages/airflow/example_dags/example_skip_dag.py for tasks to queue
[2026-07-17T22:28:53.018+0530] {logging_mixin.py:190} INFO - [2026-07-17T22:28:53.018+0530] {dagbag.py:588} INFO - Filling up the DagBag from /Users/bhavishyachallagolla/Desktop/RetailSense/.venv/lib/python3.12/site-packages/airflow/example_dags/example_skip_dag.py
[2026-07-17T22:28:53.020+0530] {processor.py:925} INFO - DAG(s) 'example_skip_dag' retrieved from /Users/bhavishyachallagolla/Desktop/RetailSense/.venv/lib/python3.12/site-packages/airflow/example_dags/example_skip_dag.py
[2026-07-17T22:28:53.045+0530] {logging_mixin.py:190} INFO - [2026-07-17T22:28:53.045+0530] {dag.py:3239} INFO - Sync 1 DAGs
[2026-07-17T22:28:53.050+0530] {logging_mixin.py:190} INFO - [2026-07-17T22:28:53.050+0530] {dag.py:4180} INFO - Setting next_dagrun for example_skip_dag to 2026-07-16 00:00:00+00:00, run_after=2026-07-17 00:00:00+00:00
[2026-07-17T22:28:53.054+0530] {processor.py:208} INFO - Processing /Users/bhavishyachallagolla/Desktop/RetailSense/.venv/lib/python3.12/site-packages/airflow/example_dags/example_skip_dag.py took 0.039 seconds
[2026-07-17T22:30:31.005+0530] {processor.py:186} INFO - Started process (PID=92832) to work on /Users/bhavishyachallagolla/Desktop/RetailSense/.venv/lib/python3.12/site-packages/airflow/example_dags/example_skip_dag.py
[2026-07-17T22:30:31.006+0530] {processor.py:914} INFO - Processing file /Users/bhavishyachallagolla/Desktop/RetailSense/.venv/lib/python3.12/site-packages/airflow/example_dags/example_skip_dag.py for tasks to queue
[2026-07-17T22:30:31.006+0530] {logging_mixin.py:190} INFO - [2026-07-17T22:30:31.006+0530] {dagbag.py:588} INFO - Filling up the DagBag from /Users/bhavishyachallagolla/Desktop/RetailSense/.venv/lib/python3.12/site-packages/airflow/example_dags/example_skip_dag.py
[2026-07-17T22:30:31.009+0530] {processor.py:925} INFO - DAG(s) 'example_skip_dag' retrieved from /Users/bhavishyachallagolla/Desktop/RetailSense/.venv/lib/python3.12/site-packages/airflow/example_dags/example_skip_dag.py
[2026-07-17T22:30:31.034+0530] {logging_mixin.py:190} INFO - [2026-07-17T22:30:31.034+0530] {dag.py:3239} INFO - Sync 1 DAGs
[2026-07-17T22:30:31.039+0530] {logging_mixin.py:190} INFO - [2026-07-17T22:30:31.039+0530] {dag.py:4180} INFO - Setting next_dagrun for example_skip_dag to 2026-07-16 00:00:00+00:00, run_after=2026-07-17 00:00:00+00:00
[2026-07-17T22:30:31.043+0530] {processor.py:208} INFO - Processing /Users/bhavishyachallagolla/Desktop/RetailSense/.venv/lib/python3.12/site-packages/airflow/example_dags/example_skip_dag.py took 0.039 seconds
[2026-07-17T22:32:12.987+0530] {processor.py:186} INFO - Started process (PID=92994) to work on /Users/bhavishyachallagolla/Desktop/RetailSense/.venv/lib/python3.12/site-packages/airflow/example_dags/example_skip_dag.py
[2026-07-17T22:32:12.988+0530] {processor.py:914} INFO - Processing file /Users/bhavishyachallagolla/Desktop/RetailSense/.venv/lib/python3.12/site-packages/airflow/example_dags/example_skip_dag.py for tasks to queue
[2026-07-17T22:32:12.988+0530] {logging_mixin.py:190} INFO - [2026-07-17T22:32:12.988+0530] {dagbag.py:588} INFO - Filling up the DagBag from /Users/bhavishyachallagolla/Desktop/RetailSense/.venv/lib/python3.12/site-packages/airflow/example_dags/example_skip_dag.py
[2026-07-17T22:32:12.991+0530] {processor.py:925} INFO - DAG(s) 'example_skip_dag' retrieved from /Users/bhavishyachallagolla/Desktop/RetailSense/.venv/lib/python3.12/site-packages/airflow/example_dags/example_skip_dag.py
[2026-07-17T22:32:13.016+0530] {logging_mixin.py:190} INFO - [2026-07-17T22:32:13.016+0530] {dag.py:3239} INFO - Sync 1 DAGs
[2026-07-17T22:32:13.021+0530] {logging_mixin.py:190} INFO - [2026-07-17T22:32:13.021+0530] {dag.py:4180} INFO - Setting next_dagrun for example_skip_dag to 2026-07-16 00:00:00+00:00, run_after=2026-07-17 00:00:00+00:00
[2026-07-17T22:32:13.026+0530] {processor.py:208} INFO - Processing /Users/bhavishyachallagolla/Desktop/RetailSense/.venv/lib/python3.12/site-packages/airflow/example_dags/example_skip_dag.py took 0.040 seconds
[2026-07-17T22:33:50.430+0530] {processor.py:186} INFO - Started process (PID=93140) to work on /Users/bhavishyachallagolla/Desktop/RetailSense/.venv/lib/python3.12/site-packages/airflow/example_dags/example_skip_dag.py
[2026-07-17T22:33:50.431+0530] {processor.py:914} INFO - Processing file /Users/bhavishyachallagolla/Desktop/RetailSense/.venv/lib/python3.12/site-packages/airflow/example_dags/example_skip_dag.py for tasks to queue
[2026-07-17T22:33:50.431+0530] {logging_mixin.py:190} INFO - [2026-07-17T22:33:50.431+0530] {dagbag.py:588} INFO - Filling up the DagBag from /Users/bhavishyachallagolla/Desktop/RetailSense/.venv/lib/python3.12/site-packages/airflow/example_dags/example_skip_dag.py
[2026-07-17T22:33:50.434+0530] {processor.py:925} INFO - DAG(s) 'example_skip_dag' retrieved from /Users/bhavishyachallagolla/Desktop/RetailSense/.venv/lib/python3.12/site-packages/airflow/example_dags/example_skip_dag.py
[2026-07-17T22:33:50.459+0530] {logging_mixin.py:190} INFO - [2026-07-17T22:33:50.459+0530] {dag.py:3239} INFO - Sync 1 DAGs
[2026-07-17T22:33:50.464+0530] {logging_mixin.py:190} INFO - [2026-07-17T22:33:50.464+0530] {dag.py:4180} INFO - Setting next_dagrun for example_skip_dag to 2026-07-16 00:00:00+00:00, run_after=2026-07-17 00:00:00+00:00
[2026-07-17T22:33:50.468+0530] {processor.py:208} INFO - Processing /Users/bhavishyachallagolla/Desktop/RetailSense/.venv/lib/python3.12/site-packages/airflow/example_dags/example_skip_dag.py took 0.039 seconds
[2026-07-17T22:35:31.407+0530] {processor.py:186} INFO - Started process (PID=93291) to work on /Users/bhavishyachallagolla/Desktop/RetailSense/.venv/lib/python3.12/site-packages/airflow/example_dags/example_skip_dag.py
[2026-07-17T22:35:31.407+0530] {processor.py:914} INFO - Processing file /Users/bhavishyachallagolla/Desktop/RetailSense/.venv/lib/python3.12/site-packages/airflow/example_dags/example_skip_dag.py for tasks to queue
[2026-07-17T22:35:31.407+0530] {logging_mixin.py:190} INFO - [2026-07-17T22:35:31.407+0530] {dagbag.py:588} INFO - Filling up the DagBag from /Users/bhavishyachallagolla/Desktop/RetailSense/.venv/lib/python3.12/site-packages/airflow/example_dags/example_skip_dag.py
[2026-07-17T22:35:31.410+0530] {processor.py:925} INFO - DAG(s) 'example_skip_dag' retrieved from /Users/bhavishyachallagolla/Desktop/RetailSense/.venv/lib/python3.12/site-packages/airflow/example_dags/example_skip_dag.py
[2026-07-17T22:35:31.435+0530] {logging_mixin.py:190} INFO - [2026-07-17T22:35:31.435+0530] {dag.py:3239} INFO - Sync 1 DAGs
[2026-07-17T22:35:31.440+0530] {logging_mixin.py:190} INFO - [2026-07-17T22:35:31.440+0530] {dag.py:4180} INFO - Setting next_dagrun for example_skip_dag to 2026-07-16 00:00:00+00:00, run_after=2026-07-17 00:00:00+00:00
[2026-07-17T22:35:31.444+0530] {processor.py:208} INFO - Processing /Users/bhavishyachallagolla/Desktop/RetailSense/.venv/lib/python3.12/site-packages/airflow/example_dags/example_skip_dag.py took 0.039 seconds
[2026-07-17T22:37:12.342+0530] {processor.py:186} INFO - Started process (PID=93450) to work on /Users/bhavishyachallagolla/Desktop/RetailSense/.venv/lib/python3.12/site-packages/airflow/example_dags/example_skip_dag.py
[2026-07-17T22:37:12.343+0530] {processor.py:914} INFO - Processing file /Users/bhavishyachallagolla/Desktop/RetailSense/.venv/lib/python3.12/site-packages/airflow/example_dags/example_skip_dag.py for tasks to queue
[2026-07-17T22:37:12.343+0530] {logging_mixin.py:190} INFO - [2026-07-17T22:37:12.343+0530] {dagbag.py:588} INFO - Filling up the DagBag from /Users/bhavishyachallagolla/Desktop/RetailSense/.venv/lib/python3.12/site-packages/airflow/example_dags/example_skip_dag.py
[2026-07-17T22:37:12.345+0530] {processor.py:925} INFO - DAG(s) 'example_skip_dag' retrieved from /Users/bhavishyachallagolla/Desktop/RetailSense/.venv/lib/python3.12/site-packages/airflow/example_dags/example_skip_dag.py
[2026-07-17T22:37:12.371+0530] {logging_mixin.py:190} INFO - [2026-07-17T22:37:12.371+0530] {dag.py:3239} INFO - Sync 1 DAGs
[2026-07-17T22:37:12.376+0530] {logging_mixin.py:190} INFO - [2026-07-17T22:37:12.376+0530] {dag.py:4180} INFO - Setting next_dagrun for example_skip_dag to 2026-07-16 00:00:00+00:00, run_after=2026-07-17 00:00:00+00:00
[2026-07-17T22:37:12.381+0530] {processor.py:208} INFO - Processing /Users/bhavishyachallagolla/Desktop/RetailSense/.venv/lib/python3.12/site-packages/airflow/example_dags/example_skip_dag.py took 0.040 seconds
[2026-07-17T22:38:51.531+0530] {processor.py:186} INFO - Started process (PID=93599) to work on /Users/bhavishyachallagolla/Desktop/RetailSense/.venv/lib/python3.12/site-packages/airflow/example_dags/example_skip_dag.py
[2026-07-17T22:38:51.531+0530] {processor.py:914} INFO - Processing file /Users/bhavishyachallagolla/Desktop/RetailSense/.venv/lib/python3.12/site-packages/airflow/example_dags/example_skip_dag.py for tasks to queue
[2026-07-17T22:38:51.532+0530] {logging_mixin.py:190} INFO - [2026-07-17T22:38:51.531+0530] {dagbag.py:588} INFO - Filling up the DagBag from /Users/bhavishyachallagolla/Desktop/RetailSense/.venv/lib/python3.12/site-packages/airflow/example_dags/example_skip_dag.py
[2026-07-17T22:38:51.534+0530] {processor.py:925} INFO - DAG(s) 'example_skip_dag' retrieved from /Users/bhavishyachallagolla/Desktop/RetailSense/.venv/lib/python3.12/site-packages/airflow/example_dags/example_skip_dag.py
[2026-07-17T22:38:51.558+0530] {logging_mixin.py:190} INFO - [2026-07-17T22:38:51.558+0530] {dag.py:3239} INFO - Sync 1 DAGs
[2026-07-17T22:38:51.563+0530] {logging_mixin.py:190} INFO - [2026-07-17T22:38:51.563+0530] {dag.py:4180} INFO - Setting next_dagrun for example_skip_dag to 2026-07-16 00:00:00+00:00, run_after=2026-07-17 00:00:00+00:00
[2026-07-17T22:38:51.567+0530] {processor.py:208} INFO - Processing /Users/bhavishyachallagolla/Desktop/RetailSense/.venv/lib/python3.12/site-packages/airflow/example_dags/example_skip_dag.py took 0.038 seconds
[2026-07-17T22:40:32.923+0530] {processor.py:186} INFO - Started process (PID=93749) to work on /Users/bhavishyachallagolla/Desktop/RetailSense/.venv/lib/python3.12/site-packages/airflow/example_dags/example_skip_dag.py
[2026-07-17T22:40:32.924+0530] {processor.py:914} INFO - Processing file /Users/bhavishyachallagolla/Desktop/RetailSense/.venv/lib/python3.12/site-packages/airflow/example_dags/example_skip_dag.py for tasks to queue
[2026-07-17T22:40:32.924+0530] {logging_mixin.py:190} INFO - [2026-07-17T22:40:32.924+0530] {dagbag.py:588} INFO - Filling up the DagBag from /Users/bhavishyachallagolla/Desktop/RetailSense/.venv/lib/python3.12/site-packages/airflow/example_dags/example_skip_dag.py
[2026-07-17T22:40:32.926+0530] {processor.py:925} INFO - DAG(s) 'example_skip_dag' retrieved from /Users/bhavishyachallagolla/Desktop/RetailSense/.venv/lib/python3.12/site-packages/airflow/example_dags/example_skip_dag.py
[2026-07-17T22:40:32.952+0530] {logging_mixin.py:190} INFO - [2026-07-17T22:40:32.952+0530] {dag.py:3239} INFO - Sync 1 DAGs
[2026-07-17T22:40:32.957+0530] {logging_mixin.py:190} INFO - [2026-07-17T22:40:32.957+0530] {dag.py:4180} INFO - Setting next_dagrun for example_skip_dag to 2026-07-16 00:00:00+00:00, run_after=2026-07-17 00:00:00+00:00
[2026-07-17T22:40:32.961+0530] {processor.py:208} INFO - Processing /Users/bhavishyachallagolla/Desktop/RetailSense/.venv/lib/python3.12/site-packages/airflow/example_dags/example_skip_dag.py took 0.039 seconds
[2026-07-17T22:42:13.510+0530] {processor.py:186} INFO - Started process (PID=93900) to work on /Users/bhavishyachallagolla/Desktop/RetailSense/.venv/lib/python3.12/site-packages/airflow/example_dags/example_skip_dag.py
[2026-07-17T22:42:13.511+0530] {processor.py:914} INFO - Processing file /Users/bhavishyachallagolla/Desktop/RetailSense/.venv/lib/python3.12/site-packages/airflow/example_dags/example_skip_dag.py for tasks to queue
[2026-07-17T22:42:13.511+0530] {logging_mixin.py:190} INFO - [2026-07-17T22:42:13.511+0530] {dagbag.py:588} INFO - Filling up the DagBag from /Users/bhavishyachallagolla/Desktop/RetailSense/.venv/lib/python3.12/site-packages/airflow/example_dags/example_skip_dag.py
[2026-07-17T22:42:13.514+0530] {processor.py:925} INFO - DAG(s) 'example_skip_dag' retrieved from /Users/bhavishyachallagolla/Desktop/RetailSense/.venv/lib/python3.12/site-packages/airflow/example_dags/example_skip_dag.py
[2026-07-17T22:42:13.539+0530] {logging_mixin.py:190} INFO - [2026-07-17T22:42:13.539+0530] {dag.py:3239} INFO - Sync 1 DAGs
[2026-07-17T22:42:13.543+0530] {logging_mixin.py:190} INFO - [2026-07-17T22:42:13.543+0530] {dag.py:4180} INFO - Setting next_dagrun for example_skip_dag to 2026-07-16 00:00:00+00:00, run_after=2026-07-17 00:00:00+00:00
[2026-07-17T22:42:13.548+0530] {processor.py:208} INFO - Processing /Users/bhavishyachallagolla/Desktop/RetailSense/.venv/lib/python3.12/site-packages/airflow/example_dags/example_skip_dag.py took 0.039 seconds
[2026-07-17T22:43:54.530+0530] {processor.py:186} INFO - Started process (PID=94050) to work on /Users/bhavishyachallagolla/Desktop/RetailSense/.venv/lib/python3.12/site-packages/airflow/example_dags/example_skip_dag.py
[2026-07-17T22:43:54.530+0530] {processor.py:914} INFO - Processing file /Users/bhavishyachallagolla/Desktop/RetailSense/.venv/lib/python3.12/site-packages/airflow/example_dags/example_skip_dag.py for tasks to queue
[2026-07-17T22:43:54.531+0530] {logging_mixin.py:190} INFO - [2026-07-17T22:43:54.530+0530] {dagbag.py:588} INFO - Filling up the DagBag from /Users/bhavishyachallagolla/Desktop/RetailSense/.venv/lib/python3.12/site-packages/airflow/example_dags/example_skip_dag.py
[2026-07-17T22:43:54.533+0530] {processor.py:925} INFO - DAG(s) 'example_skip_dag' retrieved from /Users/bhavishyachallagolla/Desktop/RetailSense/.venv/lib/python3.12/site-packages/airflow/example_dags/example_skip_dag.py
[2026-07-17T22:43:54.557+0530] {logging_mixin.py:190} INFO - [2026-07-17T22:43:54.557+0530] {dag.py:3239} INFO - Sync 1 DAGs
[2026-07-17T22:43:54.562+0530] {logging_mixin.py:190} INFO - [2026-07-17T22:43:54.562+0530] {dag.py:4180} INFO - Setting next_dagrun for example_skip_dag to 2026-07-16 00:00:00+00:00, run_after=2026-07-17 00:00:00+00:00
[2026-07-17T22:43:54.566+0530] {processor.py:208} INFO - Processing /Users/bhavishyachallagolla/Desktop/RetailSense/.venv/lib/python3.12/site-packages/airflow/example_dags/example_skip_dag.py took 0.037 seconds
[2026-07-17T22:45:33.288+0530] {processor.py:186} INFO - Started process (PID=94199) to work on /Users/bhavishyachallagolla/Desktop/RetailSense/.venv/lib/python3.12/site-packages/airflow/example_dags/example_skip_dag.py
[2026-07-17T22:45:33.288+0530] {processor.py:914} INFO - Processing file /Users/bhavishyachallagolla/Desktop/RetailSense/.venv/lib/python3.12/site-packages/airflow/example_dags/example_skip_dag.py for tasks to queue
[2026-07-17T22:45:33.288+0530] {logging_mixin.py:190} INFO - [2026-07-17T22:45:33.288+0530] {dagbag.py:588} INFO - Filling up the DagBag from /Users/bhavishyachallagolla/Desktop/RetailSense/.venv/lib/python3.12/site-packages/airflow/example_dags/example_skip_dag.py
[2026-07-17T22:45:33.290+0530] {processor.py:925} INFO - DAG(s) 'example_skip_dag' retrieved from /Users/bhavishyachallagolla/Desktop/RetailSense/.venv/lib/python3.12/site-packages/airflow/example_dags/example_skip_dag.py
[2026-07-17T22:45:33.315+0530] {logging_mixin.py:190} INFO - [2026-07-17T22:45:33.315+0530] {dag.py:3239} INFO - Sync 1 DAGs
[2026-07-17T22:45:33.320+0530] {logging_mixin.py:190} INFO - [2026-07-17T22:45:33.320+0530] {dag.py:4180} INFO - Setting next_dagrun for example_skip_dag to 2026-07-16 00:00:00+00:00, run_after=2026-07-17 00:00:00+00:00
[2026-07-17T22:45:33.325+0530] {processor.py:208} INFO - Processing /Users/bhavishyachallagolla/Desktop/RetailSense/.venv/lib/python3.12/site-packages/airflow/example_dags/example_skip_dag.py took 0.038 seconds
[2026-07-17T22:47:10.350+0530] {processor.py:186} INFO - Started process (PID=94345) to work on /Users/bhavishyachallagolla/Desktop/RetailSense/.venv/lib/python3.12/site-packages/airflow/example_dags/example_skip_dag.py
[2026-07-17T22:47:10.350+0530] {processor.py:914} INFO - Processing file /Users/bhavishyachallagolla/Desktop/RetailSense/.venv/lib/python3.12/site-packages/airflow/example_dags/example_skip_dag.py for tasks to queue
[2026-07-17T22:47:10.351+0530] {logging_mixin.py:190} INFO - [2026-07-17T22:47:10.351+0530] {dagbag.py:588} INFO - Filling up the DagBag from /Users/bhavishyachallagolla/Desktop/RetailSense/.venv/lib/python3.12/site-packages/airflow/example_dags/example_skip_dag.py
[2026-07-17T22:47:10.353+0530] {processor.py:925} INFO - DAG(s) 'example_skip_dag' retrieved from /Users/bhavishyachallagolla/Desktop/RetailSense/.venv/lib/python3.12/site-packages/airflow/example_dags/example_skip_dag.py
[2026-07-17T22:47:10.377+0530] {logging_mixin.py:190} INFO - [2026-07-17T22:47:10.377+0530] {dag.py:3239} INFO - Sync 1 DAGs
[2026-07-17T22:47:10.382+0530] {logging_mixin.py:190} INFO - [2026-07-17T22:47:10.382+0530] {dag.py:4180} INFO - Setting next_dagrun for example_skip_dag to 2026-07-16 00:00:00+00:00, run_after=2026-07-17 00:00:00+00:00
[2026-07-17T22:47:10.387+0530] {processor.py:208} INFO - Processing /Users/bhavishyachallagolla/Desktop/RetailSense/.venv/lib/python3.12/site-packages/airflow/example_dags/example_skip_dag.py took 0.038 seconds
[2026-07-17T22:48:50.686+0530] {processor.py:186} INFO - Started process (PID=94496) to work on /Users/bhavishyachallagolla/Desktop/RetailSense/.venv/lib/python3.12/site-packages/airflow/example_dags/example_skip_dag.py
[2026-07-17T22:48:50.686+0530] {processor.py:914} INFO - Processing file /Users/bhavishyachallagolla/Desktop/RetailSense/.venv/lib/python3.12/site-packages/airflow/example_dags/example_skip_dag.py for tasks to queue
[2026-07-17T22:48:50.687+0530] {logging_mixin.py:190} INFO - [2026-07-17T22:48:50.687+0530] {dagbag.py:588} INFO - Filling up the DagBag from /Users/bhavishyachallagolla/Desktop/RetailSense/.venv/lib/python3.12/site-packages/airflow/example_dags/example_skip_dag.py
[2026-07-17T22:48:50.689+0530] {processor.py:925} INFO - DAG(s) 'example_skip_dag' retrieved from /Users/bhavishyachallagolla/Desktop/RetailSense/.venv/lib/python3.12/site-packages/airflow/example_dags/example_skip_dag.py
[2026-07-17T22:48:50.714+0530] {logging_mixin.py:190} INFO - [2026-07-17T22:48:50.714+0530] {dag.py:3239} INFO - Sync 1 DAGs
[2026-07-17T22:48:50.719+0530] {logging_mixin.py:190} INFO - [2026-07-17T22:48:50.719+0530] {dag.py:4180} INFO - Setting next_dagrun for example_skip_dag to 2026-07-16 00:00:00+00:00, run_after=2026-07-17 00:00:00+00:00
[2026-07-17T22:48:50.723+0530] {processor.py:208} INFO - Processing /Users/bhavishyachallagolla/Desktop/RetailSense/.venv/lib/python3.12/site-packages/airflow/example_dags/example_skip_dag.py took 0.039 seconds
[2026-07-17T22:50:45.914+0530] {processor.py:186} INFO - Started process (PID=94649) to work on /Users/bhavishyachallagolla/Desktop/RetailSense/.venv/lib/python3.12/site-packages/airflow/example_dags/example_skip_dag.py
[2026-07-17T22:50:45.914+0530] {processor.py:914} INFO - Processing file /Users/bhavishyachallagolla/Desktop/RetailSense/.venv/lib/python3.12/site-packages/airflow/example_dags/example_skip_dag.py for tasks to queue
[2026-07-17T22:50:45.915+0530] {logging_mixin.py:190} INFO - [2026-07-17T22:50:45.914+0530] {dagbag.py:588} INFO - Filling up the DagBag from /Users/bhavishyachallagolla/Desktop/RetailSense/.venv/lib/python3.12/site-packages/airflow/example_dags/example_skip_dag.py
[2026-07-17T22:50:45.917+0530] {processor.py:925} INFO - DAG(s) 'example_skip_dag' retrieved from /Users/bhavishyachallagolla/Desktop/RetailSense/.venv/lib/python3.12/site-packages/airflow/example_dags/example_skip_dag.py
[2026-07-17T22:50:45.942+0530] {logging_mixin.py:190} INFO - [2026-07-17T22:50:45.942+0530] {dag.py:3239} INFO - Sync 1 DAGs
[2026-07-17T22:50:45.947+0530] {logging_mixin.py:190} INFO - [2026-07-17T22:50:45.947+0530] {dag.py:4180} INFO - Setting next_dagrun for example_skip_dag to 2026-07-16 00:00:00+00:00, run_after=2026-07-17 00:00:00+00:00
[2026-07-17T22:50:45.952+0530] {processor.py:208} INFO - Processing /Users/bhavishyachallagolla/Desktop/RetailSense/.venv/lib/python3.12/site-packages/airflow/example_dags/example_skip_dag.py took 0.039 seconds
[2026-07-17T22:52:24.595+0530] {processor.py:186} INFO - Started process (PID=94800) to work on /Users/bhavishyachallagolla/Desktop/RetailSense/.venv/lib/python3.12/site-packages/airflow/example_dags/example_skip_dag.py
[2026-07-17T22:52:24.595+0530] {processor.py:914} INFO - Processing file /Users/bhavishyachallagolla/Desktop/RetailSense/.venv/lib/python3.12/site-packages/airflow/example_dags/example_skip_dag.py for tasks to queue
[2026-07-17T22:52:24.596+0530] {logging_mixin.py:190} INFO - [2026-07-17T22:52:24.596+0530] {dagbag.py:588} INFO - Filling up the DagBag from /Users/bhavishyachallagolla/Desktop/RetailSense/.venv/lib/python3.12/site-packages/airflow/example_dags/example_skip_dag.py
[2026-07-17T22:52:24.598+0530] {processor.py:925} INFO - DAG(s) 'example_skip_dag' retrieved from /Users/bhavishyachallagolla/Desktop/RetailSense/.venv/lib/python3.12/site-packages/airflow/example_dags/example_skip_dag.py
[2026-07-17T22:52:24.625+0530] {logging_mixin.py:190} INFO - [2026-07-17T22:52:24.625+0530] {dag.py:3239} INFO - Sync 1 DAGs
[2026-07-17T22:52:24.631+0530] {logging_mixin.py:190} INFO - [2026-07-17T22:52:24.631+0530] {dag.py:4180} INFO - Setting next_dagrun for example_skip_dag to 2026-07-16 00:00:00+00:00, run_after=2026-07-17 00:00:00+00:00
[2026-07-17T22:52:24.636+0530] {processor.py:208} INFO - Processing /Users/bhavishyachallagolla/Desktop/RetailSense/.venv/lib/python3.12/site-packages/airflow/example_dags/example_skip_dag.py took 0.043 seconds
[2026-07-17T22:54:03.576+0530] {processor.py:186} INFO - Started process (PID=94955) to work on /Users/bhavishyachallagolla/Desktop/RetailSense/.venv/lib/python3.12/site-packages/airflow/example_dags/example_skip_dag.py
[2026-07-17T22:54:03.577+0530] {processor.py:914} INFO - Processing file /Users/bhavishyachallagolla/Desktop/RetailSense/.venv/lib/python3.12/site-packages/airflow/example_dags/example_skip_dag.py for tasks to queue
[2026-07-17T22:54:03.577+0530] {logging_mixin.py:190} INFO - [2026-07-17T22:54:03.577+0530] {dagbag.py:588} INFO - Filling up the DagBag from /Users/bhavishyachallagolla/Desktop/RetailSense/.venv/lib/python3.12/site-packages/airflow/example_dags/example_skip_dag.py
[2026-07-17T22:54:03.580+0530] {processor.py:925} INFO - DAG(s) 'example_skip_dag' retrieved from /Users/bhavishyachallagolla/Desktop/RetailSense/.venv/lib/python3.12/site-packages/airflow/example_dags/example_skip_dag.py
[2026-07-17T22:54:03.605+0530] {logging_mixin.py:190} INFO - [2026-07-17T22:54:03.604+0530] {dag.py:3239} INFO - Sync 1 DAGs
[2026-07-17T22:54:03.609+0530] {logging_mixin.py:190} INFO - [2026-07-17T22:54:03.609+0530] {dag.py:4180} INFO - Setting next_dagrun for example_skip_dag to 2026-07-16 00:00:00+00:00, run_after=2026-07-17 00:00:00+00:00
[2026-07-17T22:54:03.614+0530] {processor.py:208} INFO - Processing /Users/bhavishyachallagolla/Desktop/RetailSense/.venv/lib/python3.12/site-packages/airflow/example_dags/example_skip_dag.py took 0.039 seconds
[2026-07-17T22:55:43.461+0530] {processor.py:186} INFO - Started process (PID=95103) to work on /Users/bhavishyachallagolla/Desktop/RetailSense/.venv/lib/python3.12/site-packages/airflow/example_dags/example_skip_dag.py
[2026-07-17T22:55:43.462+0530] {processor.py:914} INFO - Processing file /Users/bhavishyachallagolla/Desktop/RetailSense/.venv/lib/python3.12/site-packages/airflow/example_dags/example_skip_dag.py for tasks to queue
[2026-07-17T22:55:43.463+0530] {logging_mixin.py:190} INFO - [2026-07-17T22:55:43.463+0530] {dagbag.py:588} INFO - Filling up the DagBag from /Users/bhavishyachallagolla/Desktop/RetailSense/.venv/lib/python3.12/site-packages/airflow/example_dags/example_skip_dag.py
[2026-07-17T22:55:43.465+0530] {processor.py:925} INFO - DAG(s) 'example_skip_dag' retrieved from /Users/bhavishyachallagolla/Desktop/RetailSense/.venv/lib/python3.12/site-packages/airflow/example_dags/example_skip_dag.py
[2026-07-17T22:55:43.490+0530] {logging_mixin.py:190} INFO - [2026-07-17T22:55:43.490+0530] {dag.py:3239} INFO - Sync 1 DAGs
[2026-07-17T22:55:43.495+0530] {logging_mixin.py:190} INFO - [2026-07-17T22:55:43.495+0530] {dag.py:4180} INFO - Setting next_dagrun for example_skip_dag to 2026-07-16 00:00:00+00:00, run_after=2026-07-17 00:00:00+00:00
[2026-07-17T22:55:43.499+0530] {processor.py:208} INFO - Processing /Users/bhavishyachallagolla/Desktop/RetailSense/.venv/lib/python3.12/site-packages/airflow/example_dags/example_skip_dag.py took 0.039 seconds
[2026-07-17T22:57:22.475+0530] {processor.py:186} INFO - Started process (PID=95253) to work on /Users/bhavishyachallagolla/Desktop/RetailSense/.venv/lib/python3.12/site-packages/airflow/example_dags/example_skip_dag.py
[2026-07-17T22:57:22.475+0530] {processor.py:914} INFO - Processing file /Users/bhavishyachallagolla/Desktop/RetailSense/.venv/lib/python3.12/site-packages/airflow/example_dags/example_skip_dag.py for tasks to queue
[2026-07-17T22:57:22.476+0530] {logging_mixin.py:190} INFO - [2026-07-17T22:57:22.476+0530] {dagbag.py:588} INFO - Filling up the DagBag from /Users/bhavishyachallagolla/Desktop/RetailSense/.venv/lib/python3.12/site-packages/airflow/example_dags/example_skip_dag.py
[2026-07-17T22:57:22.478+0530] {processor.py:925} INFO - DAG(s) 'example_skip_dag' retrieved from /Users/bhavishyachallagolla/Desktop/RetailSense/.venv/lib/python3.12/site-packages/airflow/example_dags/example_skip_dag.py
[2026-07-17T22:57:22.504+0530] {logging_mixin.py:190} INFO - [2026-07-17T22:57:22.504+0530] {dag.py:3239} INFO - Sync 1 DAGs
[2026-07-17T22:57:22.509+0530] {logging_mixin.py:190} INFO - [2026-07-17T22:57:22.509+0530] {dag.py:4180} INFO - Setting next_dagrun for example_skip_dag to 2026-07-16 00:00:00+00:00, run_after=2026-07-17 00:00:00+00:00
[2026-07-17T22:57:22.513+0530] {processor.py:208} INFO - Processing /Users/bhavishyachallagolla/Desktop/RetailSense/.venv/lib/python3.12/site-packages/airflow/example_dags/example_skip_dag.py took 0.039 seconds
[2026-07-17T22:59:02.854+0530] {processor.py:186} INFO - Started process (PID=95416) to work on /Users/bhavishyachallagolla/Desktop/RetailSense/.venv/lib/python3.12/site-packages/airflow/example_dags/example_skip_dag.py
[2026-07-17T22:59:02.855+0530] {processor.py:914} INFO - Processing file /Users/bhavishyachallagolla/Desktop/RetailSense/.venv/lib/python3.12/site-packages/airflow/example_dags/example_skip_dag.py for tasks to queue
[2026-07-17T22:59:02.855+0530] {logging_mixin.py:190} INFO - [2026-07-17T22:59:02.855+0530] {dagbag.py:588} INFO - Filling up the DagBag from /Users/bhavishyachallagolla/Desktop/RetailSense/.venv/lib/python3.12/site-packages/airflow/example_dags/example_skip_dag.py
[2026-07-17T22:59:02.857+0530] {processor.py:925} INFO - DAG(s) 'example_skip_dag' retrieved from /Users/bhavishyachallagolla/Desktop/RetailSense/.venv/lib/python3.12/site-packages/airflow/example_dags/example_skip_dag.py
[2026-07-17T22:59:02.882+0530] {logging_mixin.py:190} INFO - [2026-07-17T22:59:02.882+0530] {dag.py:3239} INFO - Sync 1 DAGs
[2026-07-17T22:59:02.887+0530] {logging_mixin.py:190} INFO - [2026-07-17T22:59:02.887+0530] {dag.py:4180} INFO - Setting next_dagrun for example_skip_dag to 2026-07-16 00:00:00+00:00, run_after=2026-07-17 00:00:00+00:00
[2026-07-17T22:59:02.892+0530] {processor.py:208} INFO - Processing /Users/bhavishyachallagolla/Desktop/RetailSense/.venv/lib/python3.12/site-packages/airflow/example_dags/example_skip_dag.py took 0.039 seconds
[2026-07-17T23:00:33.542+0530] {processor.py:186} INFO - Started process (PID=95535) to work on /Users/bhavishyachallagolla/Desktop/RetailSense/.venv/lib/python3.12/site-packages/airflow/example_dags/example_skip_dag.py
[2026-07-17T23:00:33.543+0530] {processor.py:914} INFO - Processing file /Users/bhavishyachallagolla/Desktop/RetailSense/.venv/lib/python3.12/site-packages/airflow/example_dags/example_skip_dag.py for tasks to queue
[2026-07-17T23:00:33.543+0530] {logging_mixin.py:190} INFO - [2026-07-17T23:00:33.543+0530] {dagbag.py:588} INFO - Filling up the DagBag from /Users/bhavishyachallagolla/Desktop/RetailSense/.venv/lib/python3.12/site-packages/airflow/example_dags/example_skip_dag.py
[2026-07-17T23:00:33.546+0530] {processor.py:925} INFO - DAG(s) 'example_skip_dag' retrieved from /Users/bhavishyachallagolla/Desktop/RetailSense/.venv/lib/python3.12/site-packages/airflow/example_dags/example_skip_dag.py
[2026-07-17T23:00:33.571+0530] {logging_mixin.py:190} INFO - [2026-07-17T23:00:33.571+0530] {dag.py:3239} INFO - Sync 1 DAGs
[2026-07-17T23:00:33.576+0530] {logging_mixin.py:190} INFO - [2026-07-17T23:00:33.576+0530] {dag.py:4180} INFO - Setting next_dagrun for example_skip_dag to 2026-07-16 00:00:00+00:00, run_after=2026-07-17 00:00:00+00:00
[2026-07-17T23:00:33.581+0530] {processor.py:208} INFO - Processing /Users/bhavishyachallagolla/Desktop/RetailSense/.venv/lib/python3.12/site-packages/airflow/example_dags/example_skip_dag.py took 0.039 seconds
[2026-07-17T23:01:50.123+0530] {processor.py:186} INFO - Started process (PID=95649) to work on /Users/bhavishyachallagolla/Desktop/RetailSense/.venv/lib/python3.12/site-packages/airflow/example_dags/example_skip_dag.py
[2026-07-17T23:01:50.124+0530] {processor.py:914} INFO - Processing file /Users/bhavishyachallagolla/Desktop/RetailSense/.venv/lib/python3.12/site-packages/airflow/example_dags/example_skip_dag.py for tasks to queue
[2026-07-17T23:01:50.124+0530] {logging_mixin.py:190} INFO - [2026-07-17T23:01:50.124+0530] {dagbag.py:588} INFO - Filling up the DagBag from /Users/bhavishyachallagolla/Desktop/RetailSense/.venv/lib/python3.12/site-packages/airflow/example_dags/example_skip_dag.py
[2026-07-17T23:01:50.126+0530] {processor.py:925} INFO - DAG(s) 'example_skip_dag' retrieved from /Users/bhavishyachallagolla/Desktop/RetailSense/.venv/lib/python3.12/site-packages/airflow/example_dags/example_skip_dag.py
[2026-07-17T23:01:50.153+0530] {logging_mixin.py:190} INFO - [2026-07-17T23:01:50.153+0530] {dag.py:3239} INFO - Sync 1 DAGs
[2026-07-17T23:01:50.158+0530] {logging_mixin.py:190} INFO - [2026-07-17T23:01:50.158+0530] {dag.py:4180} INFO - Setting next_dagrun for example_skip_dag to 2026-07-16 00:00:00+00:00, run_after=2026-07-17 00:00:00+00:00
[2026-07-17T23:01:50.163+0530] {processor.py:208} INFO - Processing /Users/bhavishyachallagolla/Desktop/RetailSense/.venv/lib/python3.12/site-packages/airflow/example_dags/example_skip_dag.py took 0.041 seconds
[2026-07-17T23:03:30.425+0530] {processor.py:186} INFO - Started process (PID=95823) to work on /Users/bhavishyachallagolla/Desktop/RetailSense/.venv/lib/python3.12/site-packages/airflow/example_dags/example_skip_dag.py
[2026-07-17T23:03:30.425+0530] {processor.py:914} INFO - Processing file /Users/bhavishyachallagolla/Desktop/RetailSense/.venv/lib/python3.12/site-packages/airflow/example_dags/example_skip_dag.py for tasks to queue
[2026-07-17T23:03:30.425+0530] {logging_mixin.py:190} INFO - [2026-07-17T23:03:30.425+0530] {dagbag.py:588} INFO - Filling up the DagBag from /Users/bhavishyachallagolla/Desktop/RetailSense/.venv/lib/python3.12/site-packages/airflow/example_dags/example_skip_dag.py
[2026-07-17T23:03:30.428+0530] {processor.py:925} INFO - DAG(s) 'example_skip_dag' retrieved from /Users/bhavishyachallagolla/Desktop/RetailSense/.venv/lib/python3.12/site-packages/airflow/example_dags/example_skip_dag.py
[2026-07-17T23:03:30.454+0530] {logging_mixin.py:190} INFO - [2026-07-17T23:03:30.454+0530] {dag.py:3239} INFO - Sync 1 DAGs
[2026-07-17T23:03:30.459+0530] {logging_mixin.py:190} INFO - [2026-07-17T23:03:30.459+0530] {dag.py:4180} INFO - Setting next_dagrun for example_skip_dag to 2026-07-16 00:00:00+00:00, run_after=2026-07-17 00:00:00+00:00
[2026-07-17T23:03:30.464+0530] {processor.py:208} INFO - Processing /Users/bhavishyachallagolla/Desktop/RetailSense/.venv/lib/python3.12/site-packages/airflow/example_dags/example_skip_dag.py took 0.040 seconds
[2026-07-17T23:05:11.203+0530] {processor.py:186} INFO - Started process (PID=95974) to work on /Users/bhavishyachallagolla/Desktop/RetailSense/.venv/lib/python3.12/site-packages/airflow/example_dags/example_skip_dag.py
[2026-07-17T23:05:11.204+0530] {processor.py:914} INFO - Processing file /Users/bhavishyachallagolla/Desktop/RetailSense/.venv/lib/python3.12/site-packages/airflow/example_dags/example_skip_dag.py for tasks to queue
[2026-07-17T23:05:11.204+0530] {logging_mixin.py:190} INFO - [2026-07-17T23:05:11.204+0530] {dagbag.py:588} INFO - Filling up the DagBag from /Users/bhavishyachallagolla/Desktop/RetailSense/.venv/lib/python3.12/site-packages/airflow/example_dags/example_skip_dag.py
[2026-07-17T23:05:11.206+0530] {processor.py:925} INFO - DAG(s) 'example_skip_dag' retrieved from /Users/bhavishyachallagolla/Desktop/RetailSense/.venv/lib/python3.12/site-packages/airflow/example_dags/example_skip_dag.py
[2026-07-17T23:05:11.231+0530] {logging_mixin.py:190} INFO - [2026-07-17T23:05:11.231+0530] {dag.py:3239} INFO - Sync 1 DAGs
[2026-07-17T23:05:11.236+0530] {logging_mixin.py:190} INFO - [2026-07-17T23:05:11.236+0530] {dag.py:4180} INFO - Setting next_dagrun for example_skip_dag to 2026-07-16 00:00:00+00:00, run_after=2026-07-17 00:00:00+00:00
[2026-07-17T23:05:11.241+0530] {processor.py:208} INFO - Processing /Users/bhavishyachallagolla/Desktop/RetailSense/.venv/lib/python3.12/site-packages/airflow/example_dags/example_skip_dag.py took 0.038 seconds
[2026-07-17T23:06:51.935+0530] {processor.py:186} INFO - Started process (PID=96125) to work on /Users/bhavishyachallagolla/Desktop/RetailSense/.venv/lib/python3.12/site-packages/airflow/example_dags/example_skip_dag.py
[2026-07-17T23:06:51.935+0530] {processor.py:914} INFO - Processing file /Users/bhavishyachallagolla/Desktop/RetailSense/.venv/lib/python3.12/site-packages/airflow/example_dags/example_skip_dag.py for tasks to queue
[2026-07-17T23:06:51.935+0530] {logging_mixin.py:190} INFO - [2026-07-17T23:06:51.935+0530] {dagbag.py:588} INFO - Filling up the DagBag from /Users/bhavishyachallagolla/Desktop/RetailSense/.venv/lib/python3.12/site-packages/airflow/example_dags/example_skip_dag.py
[2026-07-17T23:06:51.937+0530] {processor.py:925} INFO - DAG(s) 'example_skip_dag' retrieved from /Users/bhavishyachallagolla/Desktop/RetailSense/.venv/lib/python3.12/site-packages/airflow/example_dags/example_skip_dag.py
[2026-07-17T23:06:51.962+0530] {logging_mixin.py:190} INFO - [2026-07-17T23:06:51.962+0530] {dag.py:3239} INFO - Sync 1 DAGs
[2026-07-17T23:06:51.967+0530] {logging_mixin.py:190} INFO - [2026-07-17T23:06:51.967+0530] {dag.py:4180} INFO - Setting next_dagrun for example_skip_dag to 2026-07-16 00:00:00+00:00, run_after=2026-07-17 00:00:00+00:00
[2026-07-17T23:06:51.971+0530] {processor.py:208} INFO - Processing /Users/bhavishyachallagolla/Desktop/RetailSense/.venv/lib/python3.12/site-packages/airflow/example_dags/example_skip_dag.py took 0.037 seconds
[2026-07-17T23:08:33.534+0530] {processor.py:186} INFO - Started process (PID=96285) to work on /Users/bhavishyachallagolla/Desktop/RetailSense/.venv/lib/python3.12/site-packages/airflow/example_dags/example_skip_dag.py
[2026-07-17T23:08:33.534+0530] {processor.py:914} INFO - Processing file /Users/bhavishyachallagolla/Desktop/RetailSense/.venv/lib/python3.12/site-packages/airflow/example_dags/example_skip_dag.py for tasks to queue
[2026-07-17T23:08:33.534+0530] {logging_mixin.py:190} INFO - [2026-07-17T23:08:33.534+0530] {dagbag.py:588} INFO - Filling up the DagBag from /Users/bhavishyachallagolla/Desktop/RetailSense/.venv/lib/python3.12/site-packages/airflow/example_dags/example_skip_dag.py
[2026-07-17T23:08:33.537+0530] {processor.py:925} INFO - DAG(s) 'example_skip_dag' retrieved from /Users/bhavishyachallagolla/Desktop/RetailSense/.venv/lib/python3.12/site-packages/airflow/example_dags/example_skip_dag.py
[2026-07-17T23:08:33.562+0530] {logging_mixin.py:190} INFO - [2026-07-17T23:08:33.562+0530] {dag.py:3239} INFO - Sync 1 DAGs
[2026-07-17T23:08:33.567+0530] {logging_mixin.py:190} INFO - [2026-07-17T23:08:33.567+0530] {dag.py:4180} INFO - Setting next_dagrun for example_skip_dag to 2026-07-16 00:00:00+00:00, run_after=2026-07-17 00:00:00+00:00
[2026-07-17T23:08:33.571+0530] {processor.py:208} INFO - Processing /Users/bhavishyachallagolla/Desktop/RetailSense/.venv/lib/python3.12/site-packages/airflow/example_dags/example_skip_dag.py took 0.039 seconds
[2026-07-17T23:10:12.593+0530] {processor.py:186} INFO - Started process (PID=96433) to work on /Users/bhavishyachallagolla/Desktop/RetailSense/.venv/lib/python3.12/site-packages/airflow/example_dags/example_skip_dag.py
[2026-07-17T23:10:12.593+0530] {processor.py:914} INFO - Processing file /Users/bhavishyachallagolla/Desktop/RetailSense/.venv/lib/python3.12/site-packages/airflow/example_dags/example_skip_dag.py for tasks to queue
[2026-07-17T23:10:12.594+0530] {logging_mixin.py:190} INFO - [2026-07-17T23:10:12.594+0530] {dagbag.py:588} INFO - Filling up the DagBag from /Users/bhavishyachallagolla/Desktop/RetailSense/.venv/lib/python3.12/site-packages/airflow/example_dags/example_skip_dag.py
[2026-07-17T23:10:12.596+0530] {processor.py:925} INFO - DAG(s) 'example_skip_dag' retrieved from /Users/bhavishyachallagolla/Desktop/RetailSense/.venv/lib/python3.12/site-packages/airflow/example_dags/example_skip_dag.py
[2026-07-17T23:10:12.622+0530] {logging_mixin.py:190} INFO - [2026-07-17T23:10:12.622+0530] {dag.py:3239} INFO - Sync 1 DAGs
[2026-07-17T23:10:12.627+0530] {logging_mixin.py:190} INFO - [2026-07-17T23:10:12.627+0530] {dag.py:4180} INFO - Setting next_dagrun for example_skip_dag to 2026-07-16 00:00:00+00:00, run_after=2026-07-17 00:00:00+00:00
[2026-07-17T23:10:12.632+0530] {processor.py:208} INFO - Processing /Users/bhavishyachallagolla/Desktop/RetailSense/.venv/lib/python3.12/site-packages/airflow/example_dags/example_skip_dag.py took 0.040 seconds
[2026-07-17T23:11:49.855+0530] {processor.py:186} INFO - Started process (PID=96583) to work on /Users/bhavishyachallagolla/Desktop/RetailSense/.venv/lib/python3.12/site-packages/airflow/example_dags/example_skip_dag.py
[2026-07-17T23:11:49.856+0530] {processor.py:914} INFO - Processing file /Users/bhavishyachallagolla/Desktop/RetailSense/.venv/lib/python3.12/site-packages/airflow/example_dags/example_skip_dag.py for tasks to queue
[2026-07-17T23:11:49.856+0530] {logging_mixin.py:190} INFO - [2026-07-17T23:11:49.856+0530] {dagbag.py:588} INFO - Filling up the DagBag from /Users/bhavishyachallagolla/Desktop/RetailSense/.venv/lib/python3.12/site-packages/airflow/example_dags/example_skip_dag.py
[2026-07-17T23:11:49.858+0530] {processor.py:925} INFO - DAG(s) 'example_skip_dag' retrieved from /Users/bhavishyachallagolla/Desktop/RetailSense/.venv/lib/python3.12/site-packages/airflow/example_dags/example_skip_dag.py
[2026-07-17T23:11:49.885+0530] {logging_mixin.py:190} INFO - [2026-07-17T23:11:49.885+0530] {dag.py:3239} INFO - Sync 1 DAGs
[2026-07-17T23:11:49.890+0530] {logging_mixin.py:190} INFO - [2026-07-17T23:11:49.890+0530] {dag.py:4180} INFO - Setting next_dagrun for example_skip_dag to 2026-07-16 00:00:00+00:00, run_after=2026-07-17 00:00:00+00:00
[2026-07-17T23:11:49.895+0530] {processor.py:208} INFO - Processing /Users/bhavishyachallagolla/Desktop/RetailSense/.venv/lib/python3.12/site-packages/airflow/example_dags/example_skip_dag.py took 0.040 seconds
[2026-07-17T23:13:28.077+0530] {processor.py:186} INFO - Started process (PID=96798) to work on /Users/bhavishyachallagolla/Desktop/RetailSense/.venv/lib/python3.12/site-packages/airflow/example_dags/example_skip_dag.py
[2026-07-17T23:13:28.077+0530] {processor.py:914} INFO - Processing file /Users/bhavishyachallagolla/Desktop/RetailSense/.venv/lib/python3.12/site-packages/airflow/example_dags/example_skip_dag.py for tasks to queue
[2026-07-17T23:13:28.077+0530] {logging_mixin.py:190} INFO - [2026-07-17T23:13:28.077+0530] {dagbag.py:588} INFO - Filling up the DagBag from /Users/bhavishyachallagolla/Desktop/RetailSense/.venv/lib/python3.12/site-packages/airflow/example_dags/example_skip_dag.py
[2026-07-17T23:13:28.079+0530] {processor.py:925} INFO - DAG(s) 'example_skip_dag' retrieved from /Users/bhavishyachallagolla/Desktop/RetailSense/.venv/lib/python3.12/site-packages/airflow/example_dags/example_skip_dag.py
[2026-07-17T23:13:28.104+0530] {logging_mixin.py:190} INFO - [2026-07-17T23:13:28.104+0530] {dag.py:3239} INFO - Sync 1 DAGs
[2026-07-17T23:13:28.109+0530] {logging_mixin.py:190} INFO - [2026-07-17T23:13:28.109+0530] {dag.py:4180} INFO - Setting next_dagrun for example_skip_dag to 2026-07-16 00:00:00+00:00, run_after=2026-07-17 00:00:00+00:00
[2026-07-17T23:13:28.114+0530] {processor.py:208} INFO - Processing /Users/bhavishyachallagolla/Desktop/RetailSense/.venv/lib/python3.12/site-packages/airflow/example_dags/example_skip_dag.py took 0.038 seconds
[2026-07-17T23:15:11.057+0530] {processor.py:186} INFO - Started process (PID=96961) to work on /Users/bhavishyachallagolla/Desktop/RetailSense/.venv/lib/python3.12/site-packages/airflow/example_dags/example_skip_dag.py
[2026-07-17T23:15:11.057+0530] {processor.py:914} INFO - Processing file /Users/bhavishyachallagolla/Desktop/RetailSense/.venv/lib/python3.12/site-packages/airflow/example_dags/example_skip_dag.py for tasks to queue
[2026-07-17T23:15:11.057+0530] {logging_mixin.py:190} INFO - [2026-07-17T23:15:11.057+0530] {dagbag.py:588} INFO - Filling up the DagBag from /Users/bhavishyachallagolla/Desktop/RetailSense/.venv/lib/python3.12/site-packages/airflow/example_dags/example_skip_dag.py
[2026-07-17T23:15:11.060+0530] {processor.py:925} INFO - DAG(s) 'example_skip_dag' retrieved from /Users/bhavishyachallagolla/Desktop/RetailSense/.venv/lib/python3.12/site-packages/airflow/example_dags/example_skip_dag.py
[2026-07-17T23:15:11.085+0530] {logging_mixin.py:190} INFO - [2026-07-17T23:15:11.085+0530] {dag.py:3239} INFO - Sync 1 DAGs
[2026-07-17T23:15:11.090+0530] {logging_mixin.py:190} INFO - [2026-07-17T23:15:11.090+0530] {dag.py:4180} INFO - Setting next_dagrun for example_skip_dag to 2026-07-16 00:00:00+00:00, run_after=2026-07-17 00:00:00+00:00
[2026-07-17T23:15:11.095+0530] {processor.py:208} INFO - Processing /Users/bhavishyachallagolla/Desktop/RetailSense/.venv/lib/python3.12/site-packages/airflow/example_dags/example_skip_dag.py took 0.039 seconds
[2026-07-17T23:16:53.405+0530] {processor.py:186} INFO - Started process (PID=97182) to work on /Users/bhavishyachallagolla/Desktop/RetailSense/.venv/lib/python3.12/site-packages/airflow/example_dags/example_skip_dag.py
[2026-07-17T23:16:53.405+0530] {processor.py:914} INFO - Processing file /Users/bhavishyachallagolla/Desktop/RetailSense/.venv/lib/python3.12/site-packages/airflow/example_dags/example_skip_dag.py for tasks to queue
[2026-07-17T23:16:53.405+0530] {logging_mixin.py:190} INFO - [2026-07-17T23:16:53.405+0530] {dagbag.py:588} INFO - Filling up the DagBag from /Users/bhavishyachallagolla/Desktop/RetailSense/.venv/lib/python3.12/site-packages/airflow/example_dags/example_skip_dag.py
[2026-07-17T23:16:53.407+0530] {processor.py:925} INFO - DAG(s) 'example_skip_dag' retrieved from /Users/bhavishyachallagolla/Desktop/RetailSense/.venv/lib/python3.12/site-packages/airflow/example_dags/example_skip_dag.py
[2026-07-17T23:16:53.433+0530] {logging_mixin.py:190} INFO - [2026-07-17T23:16:53.433+0530] {dag.py:3239} INFO - Sync 1 DAGs
[2026-07-17T23:16:53.438+0530] {logging_mixin.py:190} INFO - [2026-07-17T23:16:53.438+0530] {dag.py:4180} INFO - Setting next_dagrun for example_skip_dag to 2026-07-16 00:00:00+00:00, run_after=2026-07-17 00:00:00+00:00
[2026-07-17T23:16:53.443+0530] {processor.py:208} INFO - Processing /Users/bhavishyachallagolla/Desktop/RetailSense/.venv/lib/python3.12/site-packages/airflow/example_dags/example_skip_dag.py took 0.039 seconds
[2026-07-17T23:18:35.255+0530] {processor.py:186} INFO - Started process (PID=97377) to work on /Users/bhavishyachallagolla/Desktop/RetailSense/.venv/lib/python3.12/site-packages/airflow/example_dags/example_skip_dag.py
[2026-07-17T23:18:35.256+0530] {processor.py:914} INFO - Processing file /Users/bhavishyachallagolla/Desktop/RetailSense/.venv/lib/python3.12/site-packages/airflow/example_dags/example_skip_dag.py for tasks to queue
[2026-07-17T23:18:35.256+0530] {logging_mixin.py:190} INFO - [2026-07-17T23:18:35.256+0530] {dagbag.py:588} INFO - Filling up the DagBag from /Users/bhavishyachallagolla/Desktop/RetailSense/.venv/lib/python3.12/site-packages/airflow/example_dags/example_skip_dag.py
[2026-07-17T23:18:35.258+0530] {processor.py:925} INFO - DAG(s) 'example_skip_dag' retrieved from /Users/bhavishyachallagolla/Desktop/RetailSense/.venv/lib/python3.12/site-packages/airflow/example_dags/example_skip_dag.py
[2026-07-17T23:18:35.283+0530] {logging_mixin.py:190} INFO - [2026-07-17T23:18:35.283+0530] {dag.py:3239} INFO - Sync 1 DAGs
[2026-07-17T23:18:35.287+0530] {logging_mixin.py:190} INFO - [2026-07-17T23:18:35.287+0530] {dag.py:4180} INFO - Setting next_dagrun for example_skip_dag to 2026-07-16 00:00:00+00:00, run_after=2026-07-17 00:00:00+00:00
[2026-07-17T23:18:35.292+0530] {processor.py:208} INFO - Processing /Users/bhavishyachallagolla/Desktop/RetailSense/.venv/lib/python3.12/site-packages/airflow/example_dags/example_skip_dag.py took 0.038 seconds
[2026-07-17T23:20:16.962+0530] {processor.py:186} INFO - Started process (PID=97527) to work on /Users/bhavishyachallagolla/Desktop/RetailSense/.venv/lib/python3.12/site-packages/airflow/example_dags/example_skip_dag.py
[2026-07-17T23:20:16.963+0530] {processor.py:914} INFO - Processing file /Users/bhavishyachallagolla/Desktop/RetailSense/.venv/lib/python3.12/site-packages/airflow/example_dags/example_skip_dag.py for tasks to queue
[2026-07-17T23:20:16.963+0530] {logging_mixin.py:190} INFO - [2026-07-17T23:20:16.963+0530] {dagbag.py:588} INFO - Filling up the DagBag from /Users/bhavishyachallagolla/Desktop/RetailSense/.venv/lib/python3.12/site-packages/airflow/example_dags/example_skip_dag.py
[2026-07-17T23:20:16.965+0530] {processor.py:925} INFO - DAG(s) 'example_skip_dag' retrieved from /Users/bhavishyachallagolla/Desktop/RetailSense/.venv/lib/python3.12/site-packages/airflow/example_dags/example_skip_dag.py
[2026-07-17T23:20:16.992+0530] {logging_mixin.py:190} INFO - [2026-07-17T23:20:16.992+0530] {dag.py:3239} INFO - Sync 1 DAGs
[2026-07-17T23:20:16.997+0530] {logging_mixin.py:190} INFO - [2026-07-17T23:20:16.997+0530] {dag.py:4180} INFO - Setting next_dagrun for example_skip_dag to 2026-07-16 00:00:00+00:00, run_after=2026-07-17 00:00:00+00:00
[2026-07-17T23:20:17.002+0530] {processor.py:208} INFO - Processing /Users/bhavishyachallagolla/Desktop/RetailSense/.venv/lib/python3.12/site-packages/airflow/example_dags/example_skip_dag.py took 0.041 seconds
[2026-07-17T23:21:57.912+0530] {processor.py:186} INFO - Started process (PID=97677) to work on /Users/bhavishyachallagolla/Desktop/RetailSense/.venv/lib/python3.12/site-packages/airflow/example_dags/example_skip_dag.py
[2026-07-17T23:21:57.912+0530] {processor.py:914} INFO - Processing file /Users/bhavishyachallagolla/Desktop/RetailSense/.venv/lib/python3.12/site-packages/airflow/example_dags/example_skip_dag.py for tasks to queue
[2026-07-17T23:21:57.913+0530] {logging_mixin.py:190} INFO - [2026-07-17T23:21:57.912+0530] {dagbag.py:588} INFO - Filling up the DagBag from /Users/bhavishyachallagolla/Desktop/RetailSense/.venv/lib/python3.12/site-packages/airflow/example_dags/example_skip_dag.py
[2026-07-17T23:21:57.915+0530] {processor.py:925} INFO - DAG(s) 'example_skip_dag' retrieved from /Users/bhavishyachallagolla/Desktop/RetailSense/.venv/lib/python3.12/site-packages/airflow/example_dags/example_skip_dag.py
[2026-07-17T23:21:57.941+0530] {logging_mixin.py:190} INFO - [2026-07-17T23:21:57.941+0530] {dag.py:3239} INFO - Sync 1 DAGs
[2026-07-17T23:21:57.946+0530] {logging_mixin.py:190} INFO - [2026-07-17T23:21:57.946+0530] {dag.py:4180} INFO - Setting next_dagrun for example_skip_dag to 2026-07-16 00:00:00+00:00, run_after=2026-07-17 00:00:00+00:00
[2026-07-17T23:21:57.951+0530] {processor.py:208} INFO - Processing /Users/bhavishyachallagolla/Desktop/RetailSense/.venv/lib/python3.12/site-packages/airflow/example_dags/example_skip_dag.py took 0.041 seconds
[2026-07-17T23:23:39.002+0530] {processor.py:186} INFO - Started process (PID=97830) to work on /Users/bhavishyachallagolla/Desktop/RetailSense/.venv/lib/python3.12/site-packages/airflow/example_dags/example_skip_dag.py
[2026-07-17T23:23:39.003+0530] {processor.py:914} INFO - Processing file /Users/bhavishyachallagolla/Desktop/RetailSense/.venv/lib/python3.12/site-packages/airflow/example_dags/example_skip_dag.py for tasks to queue
[2026-07-17T23:23:39.003+0530] {logging_mixin.py:190} INFO - [2026-07-17T23:23:39.003+0530] {dagbag.py:588} INFO - Filling up the DagBag from /Users/bhavishyachallagolla/Desktop/RetailSense/.venv/lib/python3.12/site-packages/airflow/example_dags/example_skip_dag.py
[2026-07-17T23:23:39.005+0530] {processor.py:925} INFO - DAG(s) 'example_skip_dag' retrieved from /Users/bhavishyachallagolla/Desktop/RetailSense/.venv/lib/python3.12/site-packages/airflow/example_dags/example_skip_dag.py
[2026-07-17T23:23:39.030+0530] {logging_mixin.py:190} INFO - [2026-07-17T23:23:39.030+0530] {dag.py:3239} INFO - Sync 1 DAGs
[2026-07-17T23:23:39.035+0530] {logging_mixin.py:190} INFO - [2026-07-17T23:23:39.035+0530] {dag.py:4180} INFO - Setting next_dagrun for example_skip_dag to 2026-07-16 00:00:00+00:00, run_after=2026-07-17 00:00:00+00:00
[2026-07-17T23:23:39.040+0530] {processor.py:208} INFO - Processing /Users/bhavishyachallagolla/Desktop/RetailSense/.venv/lib/python3.12/site-packages/airflow/example_dags/example_skip_dag.py took 0.038 seconds
[2026-07-17T23:25:19.206+0530] {processor.py:186} INFO - Started process (PID=97981) to work on /Users/bhavishyachallagolla/Desktop/RetailSense/.venv/lib/python3.12/site-packages/airflow/example_dags/example_skip_dag.py
[2026-07-17T23:25:19.207+0530] {processor.py:914} INFO - Processing file /Users/bhavishyachallagolla/Desktop/RetailSense/.venv/lib/python3.12/site-packages/airflow/example_dags/example_skip_dag.py for tasks to queue
[2026-07-17T23:25:19.207+0530] {logging_mixin.py:190} INFO - [2026-07-17T23:25:19.207+0530] {dagbag.py:588} INFO - Filling up the DagBag from /Users/bhavishyachallagolla/Desktop/RetailSense/.venv/lib/python3.12/site-packages/airflow/example_dags/example_skip_dag.py
[2026-07-17T23:25:19.209+0530] {processor.py:925} INFO - DAG(s) 'example_skip_dag' retrieved from /Users/bhavishyachallagolla/Desktop/RetailSense/.venv/lib/python3.12/site-packages/airflow/example_dags/example_skip_dag.py
[2026-07-17T23:25:19.235+0530] {logging_mixin.py:190} INFO - [2026-07-17T23:25:19.234+0530] {dag.py:3239} INFO - Sync 1 DAGs
[2026-07-17T23:25:19.239+0530] {logging_mixin.py:190} INFO - [2026-07-17T23:25:19.239+0530] {dag.py:4180} INFO - Setting next_dagrun for example_skip_dag to 2026-07-16 00:00:00+00:00, run_after=2026-07-17 00:00:00+00:00
[2026-07-17T23:25:19.244+0530] {processor.py:208} INFO - Processing /Users/bhavishyachallagolla/Desktop/RetailSense/.venv/lib/python3.12/site-packages/airflow/example_dags/example_skip_dag.py took 0.039 seconds
[2026-07-17T23:27:01.355+0530] {processor.py:186} INFO - Started process (PID=98135) to work on /Users/bhavishyachallagolla/Desktop/RetailSense/.venv/lib/python3.12/site-packages/airflow/example_dags/example_skip_dag.py
[2026-07-17T23:27:01.355+0530] {processor.py:914} INFO - Processing file /Users/bhavishyachallagolla/Desktop/RetailSense/.venv/lib/python3.12/site-packages/airflow/example_dags/example_skip_dag.py for tasks to queue
[2026-07-17T23:27:01.356+0530] {logging_mixin.py:190} INFO - [2026-07-17T23:27:01.356+0530] {dagbag.py:588} INFO - Filling up the DagBag from /Users/bhavishyachallagolla/Desktop/RetailSense/.venv/lib/python3.12/site-packages/airflow/example_dags/example_skip_dag.py
[2026-07-17T23:27:01.358+0530] {processor.py:925} INFO - DAG(s) 'example_skip_dag' retrieved from /Users/bhavishyachallagolla/Desktop/RetailSense/.venv/lib/python3.12/site-packages/airflow/example_dags/example_skip_dag.py
[2026-07-17T23:27:01.383+0530] {logging_mixin.py:190} INFO - [2026-07-17T23:27:01.382+0530] {dag.py:3239} INFO - Sync 1 DAGs
[2026-07-17T23:27:01.387+0530] {logging_mixin.py:190} INFO - [2026-07-17T23:27:01.387+0530] {dag.py:4180} INFO - Setting next_dagrun for example_skip_dag to 2026-07-16 00:00:00+00:00, run_after=2026-07-17 00:00:00+00:00
[2026-07-17T23:27:01.392+0530] {processor.py:208} INFO - Processing /Users/bhavishyachallagolla/Desktop/RetailSense/.venv/lib/python3.12/site-packages/airflow/example_dags/example_skip_dag.py took 0.038 seconds
[2026-07-17T23:28:43.904+0530] {processor.py:186} INFO - Started process (PID=98294) to work on /Users/bhavishyachallagolla/Desktop/RetailSense/.venv/lib/python3.12/site-packages/airflow/example_dags/example_skip_dag.py
[2026-07-17T23:28:43.905+0530] {processor.py:914} INFO - Processing file /Users/bhavishyachallagolla/Desktop/RetailSense/.venv/lib/python3.12/site-packages/airflow/example_dags/example_skip_dag.py for tasks to queue
[2026-07-17T23:28:43.905+0530] {logging_mixin.py:190} INFO - [2026-07-17T23:28:43.905+0530] {dagbag.py:588} INFO - Filling up the DagBag from /Users/bhavishyachallagolla/Desktop/RetailSense/.venv/lib/python3.12/site-packages/airflow/example_dags/example_skip_dag.py
[2026-07-17T23:28:43.907+0530] {processor.py:925} INFO - DAG(s) 'example_skip_dag' retrieved from /Users/bhavishyachallagolla/Desktop/RetailSense/.venv/lib/python3.12/site-packages/airflow/example_dags/example_skip_dag.py
[2026-07-17T23:28:43.933+0530] {logging_mixin.py:190} INFO - [2026-07-17T23:28:43.933+0530] {dag.py:3239} INFO - Sync 1 DAGs
[2026-07-17T23:28:43.938+0530] {logging_mixin.py:190} INFO - [2026-07-17T23:28:43.938+0530] {dag.py:4180} INFO - Setting next_dagrun for example_skip_dag to 2026-07-16 00:00:00+00:00, run_after=2026-07-17 00:00:00+00:00
[2026-07-17T23:28:43.943+0530] {processor.py:208} INFO - Processing /Users/bhavishyachallagolla/Desktop/RetailSense/.venv/lib/python3.12/site-packages/airflow/example_dags/example_skip_dag.py took 0.039 seconds
[2026-07-17T23:30:25.078+0530] {processor.py:186} INFO - Started process (PID=98476) to work on /Users/bhavishyachallagolla/Desktop/RetailSense/.venv/lib/python3.12/site-packages/airflow/example_dags/example_skip_dag.py
[2026-07-17T23:30:25.078+0530] {processor.py:914} INFO - Processing file /Users/bhavishyachallagolla/Desktop/RetailSense/.venv/lib/python3.12/site-packages/airflow/example_dags/example_skip_dag.py for tasks to queue
[2026-07-17T23:30:25.078+0530] {logging_mixin.py:190} INFO - [2026-07-17T23:30:25.078+0530] {dagbag.py:588} INFO - Filling up the DagBag from /Users/bhavishyachallagolla/Desktop/RetailSense/.venv/lib/python3.12/site-packages/airflow/example_dags/example_skip_dag.py
[2026-07-17T23:30:25.081+0530] {processor.py:925} INFO - DAG(s) 'example_skip_dag' retrieved from /Users/bhavishyachallagolla/Desktop/RetailSense/.venv/lib/python3.12/site-packages/airflow/example_dags/example_skip_dag.py
[2026-07-17T23:30:25.106+0530] {logging_mixin.py:190} INFO - [2026-07-17T23:30:25.106+0530] {dag.py:3239} INFO - Sync 1 DAGs
[2026-07-17T23:30:25.111+0530] {logging_mixin.py:190} INFO - [2026-07-17T23:30:25.111+0530] {dag.py:4180} INFO - Setting next_dagrun for example_skip_dag to 2026-07-16 00:00:00+00:00, run_after=2026-07-17 00:00:00+00:00
[2026-07-17T23:30:25.116+0530] {processor.py:208} INFO - Processing /Users/bhavishyachallagolla/Desktop/RetailSense/.venv/lib/python3.12/site-packages/airflow/example_dags/example_skip_dag.py took 0.039 seconds
[2026-07-17T23:32:13.831+0530] {processor.py:186} INFO - Started process (PID=98651) to work on /Users/bhavishyachallagolla/Desktop/RetailSense/.venv/lib/python3.12/site-packages/airflow/example_dags/example_skip_dag.py
[2026-07-17T23:32:13.833+0530] {processor.py:914} INFO - Processing file /Users/bhavishyachallagolla/Desktop/RetailSense/.venv/lib/python3.12/site-packages/airflow/example_dags/example_skip_dag.py for tasks to queue
[2026-07-17T23:32:13.833+0530] {logging_mixin.py:190} INFO - [2026-07-17T23:32:13.833+0530] {dagbag.py:588} INFO - Filling up the DagBag from /Users/bhavishyachallagolla/Desktop/RetailSense/.venv/lib/python3.12/site-packages/airflow/example_dags/example_skip_dag.py
[2026-07-17T23:32:13.835+0530] {processor.py:925} INFO - DAG(s) 'example_skip_dag' retrieved from /Users/bhavishyachallagolla/Desktop/RetailSense/.venv/lib/python3.12/site-packages/airflow/example_dags/example_skip_dag.py
[2026-07-17T23:32:13.860+0530] {logging_mixin.py:190} INFO - [2026-07-17T23:32:13.860+0530] {dag.py:3239} INFO - Sync 1 DAGs
[2026-07-17T23:32:13.865+0530] {logging_mixin.py:190} INFO - [2026-07-17T23:32:13.865+0530] {dag.py:4180} INFO - Setting next_dagrun for example_skip_dag to 2026-07-16 00:00:00+00:00, run_after=2026-07-17 00:00:00+00:00
[2026-07-17T23:32:13.870+0530] {processor.py:208} INFO - Processing /Users/bhavishyachallagolla/Desktop/RetailSense/.venv/lib/python3.12/site-packages/airflow/example_dags/example_skip_dag.py took 0.040 seconds
[2026-07-17T23:34:01.970+0530] {processor.py:186} INFO - Started process (PID=98827) to work on /Users/bhavishyachallagolla/Desktop/RetailSense/.venv/lib/python3.12/site-packages/airflow/example_dags/example_skip_dag.py
[2026-07-17T23:34:01.971+0530] {processor.py:914} INFO - Processing file /Users/bhavishyachallagolla/Desktop/RetailSense/.venv/lib/python3.12/site-packages/airflow/example_dags/example_skip_dag.py for tasks to queue
[2026-07-17T23:34:01.971+0530] {logging_mixin.py:190} INFO - [2026-07-17T23:34:01.971+0530] {dagbag.py:588} INFO - Filling up the DagBag from /Users/bhavishyachallagolla/Desktop/RetailSense/.venv/lib/python3.12/site-packages/airflow/example_dags/example_skip_dag.py
[2026-07-17T23:34:01.973+0530] {processor.py:925} INFO - DAG(s) 'example_skip_dag' retrieved from /Users/bhavishyachallagolla/Desktop/RetailSense/.venv/lib/python3.12/site-packages/airflow/example_dags/example_skip_dag.py
[2026-07-17T23:34:01.999+0530] {logging_mixin.py:190} INFO - [2026-07-17T23:34:01.998+0530] {dag.py:3239} INFO - Sync 1 DAGs
[2026-07-17T23:34:02.003+0530] {logging_mixin.py:190} INFO - [2026-07-17T23:34:02.003+0530] {dag.py:4180} INFO - Setting next_dagrun for example_skip_dag to 2026-07-16 00:00:00+00:00, run_after=2026-07-17 00:00:00+00:00
[2026-07-17T23:34:02.008+0530] {processor.py:208} INFO - Processing /Users/bhavishyachallagolla/Desktop/RetailSense/.venv/lib/python3.12/site-packages/airflow/example_dags/example_skip_dag.py took 0.039 seconds
[2026-07-17T23:35:45.797+0530] {processor.py:186} INFO - Started process (PID=98985) to work on /Users/bhavishyachallagolla/Desktop/RetailSense/.venv/lib/python3.12/site-packages/airflow/example_dags/example_skip_dag.py
[2026-07-17T23:35:45.797+0530] {processor.py:914} INFO - Processing file /Users/bhavishyachallagolla/Desktop/RetailSense/.venv/lib/python3.12/site-packages/airflow/example_dags/example_skip_dag.py for tasks to queue
[2026-07-17T23:35:45.797+0530] {logging_mixin.py:190} INFO - [2026-07-17T23:35:45.797+0530] {dagbag.py:588} INFO - Filling up the DagBag from /Users/bhavishyachallagolla/Desktop/RetailSense/.venv/lib/python3.12/site-packages/airflow/example_dags/example_skip_dag.py
[2026-07-17T23:35:45.799+0530] {processor.py:925} INFO - DAG(s) 'example_skip_dag' retrieved from /Users/bhavishyachallagolla/Desktop/RetailSense/.venv/lib/python3.12/site-packages/airflow/example_dags/example_skip_dag.py
[2026-07-17T23:35:45.825+0530] {logging_mixin.py:190} INFO - [2026-07-17T23:35:45.825+0530] {dag.py:3239} INFO - Sync 1 DAGs
[2026-07-17T23:35:45.830+0530] {logging_mixin.py:190} INFO - [2026-07-17T23:35:45.830+0530] {dag.py:4180} INFO - Setting next_dagrun for example_skip_dag to 2026-07-16 00:00:00+00:00, run_after=2026-07-17 00:00:00+00:00
[2026-07-17T23:35:45.834+0530] {processor.py:208} INFO - Processing /Users/bhavishyachallagolla/Desktop/RetailSense/.venv/lib/python3.12/site-packages/airflow/example_dags/example_skip_dag.py took 0.039 seconds
[2026-07-17T23:37:26.548+0530] {processor.py:186} INFO - Started process (PID=99137) to work on /Users/bhavishyachallagolla/Desktop/RetailSense/.venv/lib/python3.12/site-packages/airflow/example_dags/example_skip_dag.py
[2026-07-17T23:37:26.549+0530] {processor.py:914} INFO - Processing file /Users/bhavishyachallagolla/Desktop/RetailSense/.venv/lib/python3.12/site-packages/airflow/example_dags/example_skip_dag.py for tasks to queue
[2026-07-17T23:37:26.549+0530] {logging_mixin.py:190} INFO - [2026-07-17T23:37:26.549+0530] {dagbag.py:588} INFO - Filling up the DagBag from /Users/bhavishyachallagolla/Desktop/RetailSense/.venv/lib/python3.12/site-packages/airflow/example_dags/example_skip_dag.py
[2026-07-17T23:37:26.551+0530] {processor.py:925} INFO - DAG(s) 'example_skip_dag' retrieved from /Users/bhavishyachallagolla/Desktop/RetailSense/.venv/lib/python3.12/site-packages/airflow/example_dags/example_skip_dag.py
[2026-07-17T23:37:26.577+0530] {logging_mixin.py:190} INFO - [2026-07-17T23:37:26.576+0530] {dag.py:3239} INFO - Sync 1 DAGs
[2026-07-17T23:37:26.581+0530] {logging_mixin.py:190} INFO - [2026-07-17T23:37:26.581+0530] {dag.py:4180} INFO - Setting next_dagrun for example_skip_dag to 2026-07-16 00:00:00+00:00, run_after=2026-07-17 00:00:00+00:00
[2026-07-17T23:37:26.586+0530] {processor.py:208} INFO - Processing /Users/bhavishyachallagolla/Desktop/RetailSense/.venv/lib/python3.12/site-packages/airflow/example_dags/example_skip_dag.py took 0.039 seconds
[2026-07-17T23:39:09.205+0530] {processor.py:186} INFO - Started process (PID=99298) to work on /Users/bhavishyachallagolla/Desktop/RetailSense/.venv/lib/python3.12/site-packages/airflow/example_dags/example_skip_dag.py
[2026-07-17T23:39:09.206+0530] {processor.py:914} INFO - Processing file /Users/bhavishyachallagolla/Desktop/RetailSense/.venv/lib/python3.12/site-packages/airflow/example_dags/example_skip_dag.py for tasks to queue
[2026-07-17T23:39:09.206+0530] {logging_mixin.py:190} INFO - [2026-07-17T23:39:09.206+0530] {dagbag.py:588} INFO - Filling up the DagBag from /Users/bhavishyachallagolla/Desktop/RetailSense/.venv/lib/python3.12/site-packages/airflow/example_dags/example_skip_dag.py
[2026-07-17T23:39:09.208+0530] {processor.py:925} INFO - DAG(s) 'example_skip_dag' retrieved from /Users/bhavishyachallagolla/Desktop/RetailSense/.venv/lib/python3.12/site-packages/airflow/example_dags/example_skip_dag.py
[2026-07-17T23:39:09.233+0530] {logging_mixin.py:190} INFO - [2026-07-17T23:39:09.233+0530] {dag.py:3239} INFO - Sync 1 DAGs
[2026-07-17T23:39:09.238+0530] {logging_mixin.py:190} INFO - [2026-07-17T23:39:09.238+0530] {dag.py:4180} INFO - Setting next_dagrun for example_skip_dag to 2026-07-16 00:00:00+00:00, run_after=2026-07-17 00:00:00+00:00
[2026-07-17T23:39:09.243+0530] {processor.py:208} INFO - Processing /Users/bhavishyachallagolla/Desktop/RetailSense/.venv/lib/python3.12/site-packages/airflow/example_dags/example_skip_dag.py took 0.039 seconds
[2026-07-17T23:40:48.954+0530] {processor.py:186} INFO - Started process (PID=99452) to work on /Users/bhavishyachallagolla/Desktop/RetailSense/.venv/lib/python3.12/site-packages/airflow/example_dags/example_skip_dag.py
[2026-07-17T23:40:48.955+0530] {processor.py:914} INFO - Processing file /Users/bhavishyachallagolla/Desktop/RetailSense/.venv/lib/python3.12/site-packages/airflow/example_dags/example_skip_dag.py for tasks to queue
[2026-07-17T23:40:48.955+0530] {logging_mixin.py:190} INFO - [2026-07-17T23:40:48.955+0530] {dagbag.py:588} INFO - Filling up the DagBag from /Users/bhavishyachallagolla/Desktop/RetailSense/.venv/lib/python3.12/site-packages/airflow/example_dags/example_skip_dag.py
[2026-07-17T23:40:48.957+0530] {processor.py:925} INFO - DAG(s) 'example_skip_dag' retrieved from /Users/bhavishyachallagolla/Desktop/RetailSense/.venv/lib/python3.12/site-packages/airflow/example_dags/example_skip_dag.py
[2026-07-17T23:40:48.982+0530] {logging_mixin.py:190} INFO - [2026-07-17T23:40:48.982+0530] {dag.py:3239} INFO - Sync 1 DAGs
[2026-07-17T23:40:48.987+0530] {logging_mixin.py:190} INFO - [2026-07-17T23:40:48.987+0530] {dag.py:4180} INFO - Setting next_dagrun for example_skip_dag to 2026-07-16 00:00:00+00:00, run_after=2026-07-17 00:00:00+00:00
[2026-07-17T23:40:48.992+0530] {processor.py:208} INFO - Processing /Users/bhavishyachallagolla/Desktop/RetailSense/.venv/lib/python3.12/site-packages/airflow/example_dags/example_skip_dag.py took 0.039 seconds
[2026-07-17T23:42:33.065+0530] {processor.py:186} INFO - Started process (PID=99612) to work on /Users/bhavishyachallagolla/Desktop/RetailSense/.venv/lib/python3.12/site-packages/airflow/example_dags/example_skip_dag.py
[2026-07-17T23:42:33.066+0530] {processor.py:914} INFO - Processing file /Users/bhavishyachallagolla/Desktop/RetailSense/.venv/lib/python3.12/site-packages/airflow/example_dags/example_skip_dag.py for tasks to queue
[2026-07-17T23:42:33.067+0530] {logging_mixin.py:190} INFO - [2026-07-17T23:42:33.066+0530] {dagbag.py:588} INFO - Filling up the DagBag from /Users/bhavishyachallagolla/Desktop/RetailSense/.venv/lib/python3.12/site-packages/airflow/example_dags/example_skip_dag.py
[2026-07-17T23:42:33.069+0530] {processor.py:925} INFO - DAG(s) 'example_skip_dag' retrieved from /Users/bhavishyachallagolla/Desktop/RetailSense/.venv/lib/python3.12/site-packages/airflow/example_dags/example_skip_dag.py
[2026-07-17T23:42:33.094+0530] {logging_mixin.py:190} INFO - [2026-07-17T23:42:33.094+0530] {dag.py:3239} INFO - Sync 1 DAGs
[2026-07-17T23:42:33.099+0530] {logging_mixin.py:190} INFO - [2026-07-17T23:42:33.099+0530] {dag.py:4180} INFO - Setting next_dagrun for example_skip_dag to 2026-07-16 00:00:00+00:00, run_after=2026-07-17 00:00:00+00:00
[2026-07-17T23:42:33.104+0530] {processor.py:208} INFO - Processing /Users/bhavishyachallagolla/Desktop/RetailSense/.venv/lib/python3.12/site-packages/airflow/example_dags/example_skip_dag.py took 0.040 seconds
[2026-07-17T23:44:15.890+0530] {processor.py:186} INFO - Started process (PID=99765) to work on /Users/bhavishyachallagolla/Desktop/RetailSense/.venv/lib/python3.12/site-packages/airflow/example_dags/example_skip_dag.py
[2026-07-17T23:44:15.891+0530] {processor.py:914} INFO - Processing file /Users/bhavishyachallagolla/Desktop/RetailSense/.venv/lib/python3.12/site-packages/airflow/example_dags/example_skip_dag.py for tasks to queue
[2026-07-17T23:44:15.891+0530] {logging_mixin.py:190} INFO - [2026-07-17T23:44:15.891+0530] {dagbag.py:588} INFO - Filling up the DagBag from /Users/bhavishyachallagolla/Desktop/RetailSense/.venv/lib/python3.12/site-packages/airflow/example_dags/example_skip_dag.py
[2026-07-17T23:44:15.893+0530] {processor.py:925} INFO - DAG(s) 'example_skip_dag' retrieved from /Users/bhavishyachallagolla/Desktop/RetailSense/.venv/lib/python3.12/site-packages/airflow/example_dags/example_skip_dag.py
[2026-07-17T23:44:15.919+0530] {logging_mixin.py:190} INFO - [2026-07-17T23:44:15.919+0530] {dag.py:3239} INFO - Sync 1 DAGs
[2026-07-17T23:44:15.924+0530] {logging_mixin.py:190} INFO - [2026-07-17T23:44:15.924+0530] {dag.py:4180} INFO - Setting next_dagrun for example_skip_dag to 2026-07-16 00:00:00+00:00, run_after=2026-07-17 00:00:00+00:00
[2026-07-17T23:44:15.929+0530] {processor.py:208} INFO - Processing /Users/bhavishyachallagolla/Desktop/RetailSense/.venv/lib/python3.12/site-packages/airflow/example_dags/example_skip_dag.py took 0.040 seconds
[2026-07-17T23:45:59.567+0530] {processor.py:186} INFO - Started process (PID=99924) to work on /Users/bhavishyachallagolla/Desktop/RetailSense/.venv/lib/python3.12/site-packages/airflow/example_dags/example_skip_dag.py
[2026-07-17T23:45:59.568+0530] {processor.py:914} INFO - Processing file /Users/bhavishyachallagolla/Desktop/RetailSense/.venv/lib/python3.12/site-packages/airflow/example_dags/example_skip_dag.py for tasks to queue
[2026-07-17T23:45:59.568+0530] {logging_mixin.py:190} INFO - [2026-07-17T23:45:59.568+0530] {dagbag.py:588} INFO - Filling up the DagBag from /Users/bhavishyachallagolla/Desktop/RetailSense/.venv/lib/python3.12/site-packages/airflow/example_dags/example_skip_dag.py
[2026-07-17T23:45:59.570+0530] {processor.py:925} INFO - DAG(s) 'example_skip_dag' retrieved from /Users/bhavishyachallagolla/Desktop/RetailSense/.venv/lib/python3.12/site-packages/airflow/example_dags/example_skip_dag.py
[2026-07-17T23:45:59.597+0530] {logging_mixin.py:190} INFO - [2026-07-17T23:45:59.597+0530] {dag.py:3239} INFO - Sync 1 DAGs
[2026-07-17T23:45:59.602+0530] {logging_mixin.py:190} INFO - [2026-07-17T23:45:59.602+0530] {dag.py:4180} INFO - Setting next_dagrun for example_skip_dag to 2026-07-16 00:00:00+00:00, run_after=2026-07-17 00:00:00+00:00
[2026-07-17T23:45:59.607+0530] {processor.py:208} INFO - Processing /Users/bhavishyachallagolla/Desktop/RetailSense/.venv/lib/python3.12/site-packages/airflow/example_dags/example_skip_dag.py took 0.041 seconds
[2026-07-17T23:47:58.121+0530] {processor.py:186} INFO - Started process (PID=206) to work on /Users/bhavishyachallagolla/Desktop/RetailSense/.venv/lib/python3.12/site-packages/airflow/example_dags/example_skip_dag.py
[2026-07-17T23:47:58.121+0530] {processor.py:914} INFO - Processing file /Users/bhavishyachallagolla/Desktop/RetailSense/.venv/lib/python3.12/site-packages/airflow/example_dags/example_skip_dag.py for tasks to queue
[2026-07-17T23:47:58.122+0530] {logging_mixin.py:190} INFO - [2026-07-17T23:47:58.122+0530] {dagbag.py:588} INFO - Filling up the DagBag from /Users/bhavishyachallagolla/Desktop/RetailSense/.venv/lib/python3.12/site-packages/airflow/example_dags/example_skip_dag.py
[2026-07-17T23:47:58.124+0530] {processor.py:925} INFO - DAG(s) 'example_skip_dag' retrieved from /Users/bhavishyachallagolla/Desktop/RetailSense/.venv/lib/python3.12/site-packages/airflow/example_dags/example_skip_dag.py
[2026-07-17T23:47:58.150+0530] {logging_mixin.py:190} INFO - [2026-07-17T23:47:58.149+0530] {dag.py:3239} INFO - Sync 1 DAGs
[2026-07-17T23:47:58.155+0530] {logging_mixin.py:190} INFO - [2026-07-17T23:47:58.155+0530] {dag.py:4180} INFO - Setting next_dagrun for example_skip_dag to 2026-07-16 00:00:00+00:00, run_after=2026-07-17 00:00:00+00:00
[2026-07-17T23:47:58.159+0530] {processor.py:208} INFO - Processing /Users/bhavishyachallagolla/Desktop/RetailSense/.venv/lib/python3.12/site-packages/airflow/example_dags/example_skip_dag.py took 0.039 seconds
[2026-07-17T23:49:44.116+0530] {processor.py:186} INFO - Started process (PID=415) to work on /Users/bhavishyachallagolla/Desktop/RetailSense/.venv/lib/python3.12/site-packages/airflow/example_dags/example_skip_dag.py
[2026-07-17T23:49:44.116+0530] {processor.py:914} INFO - Processing file /Users/bhavishyachallagolla/Desktop/RetailSense/.venv/lib/python3.12/site-packages/airflow/example_dags/example_skip_dag.py for tasks to queue
[2026-07-17T23:49:44.116+0530] {logging_mixin.py:190} INFO - [2026-07-17T23:49:44.116+0530] {dagbag.py:588} INFO - Filling up the DagBag from /Users/bhavishyachallagolla/Desktop/RetailSense/.venv/lib/python3.12/site-packages/airflow/example_dags/example_skip_dag.py
[2026-07-17T23:49:44.119+0530] {processor.py:925} INFO - DAG(s) 'example_skip_dag' retrieved from /Users/bhavishyachallagolla/Desktop/RetailSense/.venv/lib/python3.12/site-packages/airflow/example_dags/example_skip_dag.py
[2026-07-17T23:49:44.144+0530] {logging_mixin.py:190} INFO - [2026-07-17T23:49:44.144+0530] {dag.py:3239} INFO - Sync 1 DAGs
[2026-07-17T23:49:44.149+0530] {logging_mixin.py:190} INFO - [2026-07-17T23:49:44.149+0530] {dag.py:4180} INFO - Setting next_dagrun for example_skip_dag to 2026-07-16 00:00:00+00:00, run_after=2026-07-17 00:00:00+00:00
[2026-07-17T23:49:44.154+0530] {processor.py:208} INFO - Processing /Users/bhavishyachallagolla/Desktop/RetailSense/.venv/lib/python3.12/site-packages/airflow/example_dags/example_skip_dag.py took 0.039 seconds
[2026-07-17T23:51:27.498+0530] {processor.py:186} INFO - Started process (PID=632) to work on /Users/bhavishyachallagolla/Desktop/RetailSense/.venv/lib/python3.12/site-packages/airflow/example_dags/example_skip_dag.py
[2026-07-17T23:51:27.498+0530] {processor.py:914} INFO - Processing file /Users/bhavishyachallagolla/Desktop/RetailSense/.venv/lib/python3.12/site-packages/airflow/example_dags/example_skip_dag.py for tasks to queue
[2026-07-17T23:51:27.498+0530] {logging_mixin.py:190} INFO - [2026-07-17T23:51:27.498+0530] {dagbag.py:588} INFO - Filling up the DagBag from /Users/bhavishyachallagolla/Desktop/RetailSense/.venv/lib/python3.12/site-packages/airflow/example_dags/example_skip_dag.py
[2026-07-17T23:51:27.501+0530] {processor.py:925} INFO - DAG(s) 'example_skip_dag' retrieved from /Users/bhavishyachallagolla/Desktop/RetailSense/.venv/lib/python3.12/site-packages/airflow/example_dags/example_skip_dag.py
[2026-07-17T23:51:27.525+0530] {logging_mixin.py:190} INFO - [2026-07-17T23:51:27.525+0530] {dag.py:3239} INFO - Sync 1 DAGs
[2026-07-17T23:51:27.530+0530] {logging_mixin.py:190} INFO - [2026-07-17T23:51:27.530+0530] {dag.py:4180} INFO - Setting next_dagrun for example_skip_dag to 2026-07-16 00:00:00+00:00, run_after=2026-07-17 00:00:00+00:00
[2026-07-17T23:51:27.535+0530] {processor.py:208} INFO - Processing /Users/bhavishyachallagolla/Desktop/RetailSense/.venv/lib/python3.12/site-packages/airflow/example_dags/example_skip_dag.py took 0.038 seconds
[2026-07-17T23:53:17.379+0530] {processor.py:186} INFO - Started process (PID=888) to work on /Users/bhavishyachallagolla/Desktop/RetailSense/.venv/lib/python3.12/site-packages/airflow/example_dags/example_skip_dag.py
[2026-07-17T23:53:17.380+0530] {processor.py:914} INFO - Processing file /Users/bhavishyachallagolla/Desktop/RetailSense/.venv/lib/python3.12/site-packages/airflow/example_dags/example_skip_dag.py for tasks to queue
[2026-07-17T23:53:17.381+0530] {logging_mixin.py:190} INFO - [2026-07-17T23:53:17.381+0530] {dagbag.py:588} INFO - Filling up the DagBag from /Users/bhavishyachallagolla/Desktop/RetailSense/.venv/lib/python3.12/site-packages/airflow/example_dags/example_skip_dag.py
[2026-07-17T23:53:17.383+0530] {processor.py:925} INFO - DAG(s) 'example_skip_dag' retrieved from /Users/bhavishyachallagolla/Desktop/RetailSense/.venv/lib/python3.12/site-packages/airflow/example_dags/example_skip_dag.py
[2026-07-17T23:53:17.408+0530] {logging_mixin.py:190} INFO - [2026-07-17T23:53:17.408+0530] {dag.py:3239} INFO - Sync 1 DAGs
[2026-07-17T23:53:17.414+0530] {logging_mixin.py:190} INFO - [2026-07-17T23:53:17.414+0530] {dag.py:4180} INFO - Setting next_dagrun for example_skip_dag to 2026-07-16 00:00:00+00:00, run_after=2026-07-17 00:00:00+00:00
[2026-07-17T23:53:17.418+0530] {processor.py:208} INFO - Processing /Users/bhavishyachallagolla/Desktop/RetailSense/.venv/lib/python3.12/site-packages/airflow/example_dags/example_skip_dag.py took 0.040 seconds
[2026-07-17T23:55:11.349+0530] {processor.py:186} INFO - Started process (PID=1093) to work on /Users/bhavishyachallagolla/Desktop/RetailSense/.venv/lib/python3.12/site-packages/airflow/example_dags/example_skip_dag.py
[2026-07-17T23:55:11.350+0530] {processor.py:914} INFO - Processing file /Users/bhavishyachallagolla/Desktop/RetailSense/.venv/lib/python3.12/site-packages/airflow/example_dags/example_skip_dag.py for tasks to queue
[2026-07-17T23:55:11.350+0530] {logging_mixin.py:190} INFO - [2026-07-17T23:55:11.350+0530] {dagbag.py:588} INFO - Filling up the DagBag from /Users/bhavishyachallagolla/Desktop/RetailSense/.venv/lib/python3.12/site-packages/airflow/example_dags/example_skip_dag.py
[2026-07-17T23:55:11.353+0530] {processor.py:925} INFO - DAG(s) 'example_skip_dag' retrieved from /Users/bhavishyachallagolla/Desktop/RetailSense/.venv/lib/python3.12/site-packages/airflow/example_dags/example_skip_dag.py
[2026-07-17T23:55:11.380+0530] {logging_mixin.py:190} INFO - [2026-07-17T23:55:11.380+0530] {dag.py:3239} INFO - Sync 1 DAGs
[2026-07-17T23:55:11.385+0530] {logging_mixin.py:190} INFO - [2026-07-17T23:55:11.385+0530] {dag.py:4180} INFO - Setting next_dagrun for example_skip_dag to 2026-07-16 00:00:00+00:00, run_after=2026-07-17 00:00:00+00:00
[2026-07-17T23:55:11.390+0530] {processor.py:208} INFO - Processing /Users/bhavishyachallagolla/Desktop/RetailSense/.venv/lib/python3.12/site-packages/airflow/example_dags/example_skip_dag.py took 0.042 seconds
[2026-07-17T23:56:53.412+0530] {processor.py:186} INFO - Started process (PID=1248) to work on /Users/bhavishyachallagolla/Desktop/RetailSense/.venv/lib/python3.12/site-packages/airflow/example_dags/example_skip_dag.py
[2026-07-17T23:56:53.413+0530] {processor.py:914} INFO - Processing file /Users/bhavishyachallagolla/Desktop/RetailSense/.venv/lib/python3.12/site-packages/airflow/example_dags/example_skip_dag.py for tasks to queue
[2026-07-17T23:56:53.413+0530] {logging_mixin.py:190} INFO - [2026-07-17T23:56:53.413+0530] {dagbag.py:588} INFO - Filling up the DagBag from /Users/bhavishyachallagolla/Desktop/RetailSense/.venv/lib/python3.12/site-packages/airflow/example_dags/example_skip_dag.py
[2026-07-17T23:56:53.415+0530] {processor.py:925} INFO - DAG(s) 'example_skip_dag' retrieved from /Users/bhavishyachallagolla/Desktop/RetailSense/.venv/lib/python3.12/site-packages/airflow/example_dags/example_skip_dag.py
[2026-07-17T23:56:53.441+0530] {logging_mixin.py:190} INFO - [2026-07-17T23:56:53.441+0530] {dag.py:3239} INFO - Sync 1 DAGs
[2026-07-17T23:56:53.446+0530] {logging_mixin.py:190} INFO - [2026-07-17T23:56:53.445+0530] {dag.py:4180} INFO - Setting next_dagrun for example_skip_dag to 2026-07-16 00:00:00+00:00, run_after=2026-07-17 00:00:00+00:00
[2026-07-17T23:56:53.450+0530] {processor.py:208} INFO - Processing /Users/bhavishyachallagolla/Desktop/RetailSense/.venv/lib/python3.12/site-packages/airflow/example_dags/example_skip_dag.py took 0.039 seconds
