[2026-07-17T20:10:36.551+0530] {processor.py:186} INFO - Started process (PID=87330) to work on /Users/bhavishyachallagolla/Desktop/RetailSense/.venv/lib/python3.12/site-packages/airflow/example_dags/example_external_task_marker_dag.py
[2026-07-17T20:10:36.552+0530] {processor.py:914} INFO - Processing file /Users/bhavishyachallagolla/Desktop/RetailSense/.venv/lib/python3.12/site-packages/airflow/example_dags/example_external_task_marker_dag.py for tasks to queue
[2026-07-17T20:10:36.552+0530] {logging_mixin.py:190} INFO - [2026-07-17T20:10:36.552+0530] {dagbag.py:588} INFO - Filling up the DagBag from /Users/bhavishyachallagolla/Desktop/RetailSense/.venv/lib/python3.12/site-packages/airflow/example_dags/example_external_task_marker_dag.py
[2026-07-17T20:10:36.557+0530] {processor.py:925} INFO - DAG(s) 'example_external_task_marker_child', 'example_external_task_marker_parent' retrieved from /Users/bhavishyachallagolla/Desktop/RetailSense/.venv/lib/python3.12/site-packages/airflow/example_dags/example_external_task_marker_dag.py
[2026-07-17T20:10:36.581+0530] {logging_mixin.py:190} INFO - [2026-07-17T20:10:36.581+0530] {workday.py:41} WARNING - Could not import pandas. Holidays will not be considered.
[2026-07-17T20:10:36.613+0530] {logging_mixin.py:190} INFO - [2026-07-17T20:10:36.613+0530] {dag.py:3239} INFO - Sync 2 DAGs
[2026-07-17T20:10:36.616+0530] {logging_mixin.py:190} INFO - [2026-07-17T20:10:36.616+0530] {dag.py:4180} INFO - Setting next_dagrun for example_external_task_marker_child to None, run_after=None
[2026-07-17T20:10:36.616+0530] {logging_mixin.py:190} INFO - [2026-07-17T20:10:36.616+0530] {dag.py:4180} INFO - Setting next_dagrun for example_external_task_marker_parent to None, run_after=None
[2026-07-17T20:10:36.621+0530] {processor.py:208} INFO - Processing /Users/bhavishyachallagolla/Desktop/RetailSense/.venv/lib/python3.12/site-packages/airflow/example_dags/example_external_task_marker_dag.py took 0.071 seconds
[2026-07-17T20:12:16.050+0530] {processor.py:186} INFO - Started process (PID=87479) to work on /Users/bhavishyachallagolla/Desktop/RetailSense/.venv/lib/python3.12/site-packages/airflow/example_dags/example_external_task_marker_dag.py
[2026-07-17T20:12:16.050+0530] {processor.py:914} INFO - Processing file /Users/bhavishyachallagolla/Desktop/RetailSense/.venv/lib/python3.12/site-packages/airflow/example_dags/example_external_task_marker_dag.py for tasks to queue
[2026-07-17T20:12:16.051+0530] {logging_mixin.py:190} INFO - [2026-07-17T20:12:16.051+0530] {dagbag.py:588} INFO - Filling up the DagBag from /Users/bhavishyachallagolla/Desktop/RetailSense/.venv/lib/python3.12/site-packages/airflow/example_dags/example_external_task_marker_dag.py
[2026-07-17T20:12:16.054+0530] {processor.py:925} INFO - DAG(s) 'example_external_task_marker_child', 'example_external_task_marker_parent' retrieved from /Users/bhavishyachallagolla/Desktop/RetailSense/.venv/lib/python3.12/site-packages/airflow/example_dags/example_external_task_marker_dag.py
[2026-07-17T20:12:16.077+0530] {logging_mixin.py:190} INFO - [2026-07-17T20:12:16.077+0530] {workday.py:41} WARNING - Could not import pandas. Holidays will not be considered.
[2026-07-17T20:12:16.082+0530] {logging_mixin.py:190} INFO - [2026-07-17T20:12:16.082+0530] {dag.py:3239} INFO - Sync 2 DAGs
[2026-07-17T20:12:16.085+0530] {logging_mixin.py:190} INFO - [2026-07-17T20:12:16.085+0530] {dag.py:4180} INFO - Setting next_dagrun for example_external_task_marker_child to None, run_after=None
[2026-07-17T20:12:16.086+0530] {logging_mixin.py:190} INFO - [2026-07-17T20:12:16.086+0530] {dag.py:4180} INFO - Setting next_dagrun for example_external_task_marker_parent to None, run_after=None
[2026-07-17T20:12:16.090+0530] {processor.py:208} INFO - Processing /Users/bhavishyachallagolla/Desktop/RetailSense/.venv/lib/python3.12/site-packages/airflow/example_dags/example_external_task_marker_dag.py took 0.041 seconds
[2026-07-17T20:13:55.829+0530] {processor.py:186} INFO - Started process (PID=87633) to work on /Users/bhavishyachallagolla/Desktop/RetailSense/.venv/lib/python3.12/site-packages/airflow/example_dags/example_external_task_marker_dag.py
[2026-07-17T20:13:55.830+0530] {processor.py:914} INFO - Processing file /Users/bhavishyachallagolla/Desktop/RetailSense/.venv/lib/python3.12/site-packages/airflow/example_dags/example_external_task_marker_dag.py for tasks to queue
[2026-07-17T20:13:55.830+0530] {logging_mixin.py:190} INFO - [2026-07-17T20:13:55.830+0530] {dagbag.py:588} INFO - Filling up the DagBag from /Users/bhavishyachallagolla/Desktop/RetailSense/.venv/lib/python3.12/site-packages/airflow/example_dags/example_external_task_marker_dag.py
[2026-07-17T20:13:55.834+0530] {processor.py:925} INFO - DAG(s) 'example_external_task_marker_child', 'example_external_task_marker_parent' retrieved from /Users/bhavishyachallagolla/Desktop/RetailSense/.venv/lib/python3.12/site-packages/airflow/example_dags/example_external_task_marker_dag.py
[2026-07-17T20:13:55.856+0530] {logging_mixin.py:190} INFO - [2026-07-17T20:13:55.856+0530] {workday.py:41} WARNING - Could not import pandas. Holidays will not be considered.
[2026-07-17T20:13:55.861+0530] {logging_mixin.py:190} INFO - [2026-07-17T20:13:55.861+0530] {dag.py:3239} INFO - Sync 2 DAGs
[2026-07-17T20:13:55.863+0530] {logging_mixin.py:190} INFO - [2026-07-17T20:13:55.863+0530] {dag.py:4180} INFO - Setting next_dagrun for example_external_task_marker_child to None, run_after=None
[2026-07-17T20:13:55.864+0530] {logging_mixin.py:190} INFO - [2026-07-17T20:13:55.864+0530] {dag.py:4180} INFO - Setting next_dagrun for example_external_task_marker_parent to None, run_after=None
[2026-07-17T20:13:55.869+0530] {processor.py:208} INFO - Processing /Users/bhavishyachallagolla/Desktop/RetailSense/.venv/lib/python3.12/site-packages/airflow/example_dags/example_external_task_marker_dag.py took 0.041 seconds
[2026-07-17T20:15:36.378+0530] {processor.py:186} INFO - Started process (PID=87799) to work on /Users/bhavishyachallagolla/Desktop/RetailSense/.venv/lib/python3.12/site-packages/airflow/example_dags/example_external_task_marker_dag.py
[2026-07-17T20:15:36.379+0530] {processor.py:914} INFO - Processing file /Users/bhavishyachallagolla/Desktop/RetailSense/.venv/lib/python3.12/site-packages/airflow/example_dags/example_external_task_marker_dag.py for tasks to queue
[2026-07-17T20:15:36.379+0530] {logging_mixin.py:190} INFO - [2026-07-17T20:15:36.379+0530] {dagbag.py:588} INFO - Filling up the DagBag from /Users/bhavishyachallagolla/Desktop/RetailSense/.venv/lib/python3.12/site-packages/airflow/example_dags/example_external_task_marker_dag.py
[2026-07-17T20:15:36.383+0530] {processor.py:925} INFO - DAG(s) 'example_external_task_marker_parent', 'example_external_task_marker_child' retrieved from /Users/bhavishyachallagolla/Desktop/RetailSense/.venv/lib/python3.12/site-packages/airflow/example_dags/example_external_task_marker_dag.py
[2026-07-17T20:15:36.406+0530] {logging_mixin.py:190} INFO - [2026-07-17T20:15:36.406+0530] {workday.py:41} WARNING - Could not import pandas. Holidays will not be considered.
[2026-07-17T20:15:36.410+0530] {logging_mixin.py:190} INFO - [2026-07-17T20:15:36.410+0530] {dag.py:3239} INFO - Sync 2 DAGs
[2026-07-17T20:15:36.413+0530] {logging_mixin.py:190} INFO - [2026-07-17T20:15:36.413+0530] {dag.py:4180} INFO - Setting next_dagrun for example_external_task_marker_child to None, run_after=None
[2026-07-17T20:15:36.414+0530] {logging_mixin.py:190} INFO - [2026-07-17T20:15:36.414+0530] {dag.py:4180} INFO - Setting next_dagrun for example_external_task_marker_parent to None, run_after=None
[2026-07-17T20:15:36.418+0530] {processor.py:208} INFO - Processing /Users/bhavishyachallagolla/Desktop/RetailSense/.venv/lib/python3.12/site-packages/airflow/example_dags/example_external_task_marker_dag.py took 0.041 seconds
[2026-07-17T20:17:15.162+0530] {processor.py:186} INFO - Started process (PID=87946) to work on /Users/bhavishyachallagolla/Desktop/RetailSense/.venv/lib/python3.12/site-packages/airflow/example_dags/example_external_task_marker_dag.py
[2026-07-17T20:17:15.162+0530] {processor.py:914} INFO - Processing file /Users/bhavishyachallagolla/Desktop/RetailSense/.venv/lib/python3.12/site-packages/airflow/example_dags/example_external_task_marker_dag.py for tasks to queue
[2026-07-17T20:17:15.163+0530] {logging_mixin.py:190} INFO - [2026-07-17T20:17:15.163+0530] {dagbag.py:588} INFO - Filling up the DagBag from /Users/bhavishyachallagolla/Desktop/RetailSense/.venv/lib/python3.12/site-packages/airflow/example_dags/example_external_task_marker_dag.py
[2026-07-17T20:17:15.167+0530] {processor.py:925} INFO - DAG(s) 'example_external_task_marker_parent', 'example_external_task_marker_child' retrieved from /Users/bhavishyachallagolla/Desktop/RetailSense/.venv/lib/python3.12/site-packages/airflow/example_dags/example_external_task_marker_dag.py
[2026-07-17T20:17:15.191+0530] {logging_mixin.py:190} INFO - [2026-07-17T20:17:15.190+0530] {workday.py:41} WARNING - Could not import pandas. Holidays will not be considered.
[2026-07-17T20:17:15.194+0530] {logging_mixin.py:190} INFO - [2026-07-17T20:17:15.194+0530] {dag.py:3239} INFO - Sync 2 DAGs
[2026-07-17T20:17:15.197+0530] {logging_mixin.py:190} INFO - [2026-07-17T20:17:15.197+0530] {dag.py:4180} INFO - Setting next_dagrun for example_external_task_marker_child to None, run_after=None
[2026-07-17T20:17:15.198+0530] {logging_mixin.py:190} INFO - [2026-07-17T20:17:15.198+0530] {dag.py:4180} INFO - Setting next_dagrun for example_external_task_marker_parent to None, run_after=None
[2026-07-17T20:17:15.203+0530] {processor.py:208} INFO - Processing /Users/bhavishyachallagolla/Desktop/RetailSense/.venv/lib/python3.12/site-packages/airflow/example_dags/example_external_task_marker_dag.py took 0.042 seconds
[2026-07-17T20:18:56.145+0530] {processor.py:186} INFO - Started process (PID=88101) to work on /Users/bhavishyachallagolla/Desktop/RetailSense/.venv/lib/python3.12/site-packages/airflow/example_dags/example_external_task_marker_dag.py
[2026-07-17T20:18:56.145+0530] {processor.py:914} INFO - Processing file /Users/bhavishyachallagolla/Desktop/RetailSense/.venv/lib/python3.12/site-packages/airflow/example_dags/example_external_task_marker_dag.py for tasks to queue
[2026-07-17T20:18:56.145+0530] {logging_mixin.py:190} INFO - [2026-07-17T20:18:56.145+0530] {dagbag.py:588} INFO - Filling up the DagBag from /Users/bhavishyachallagolla/Desktop/RetailSense/.venv/lib/python3.12/site-packages/airflow/example_dags/example_external_task_marker_dag.py
[2026-07-17T20:18:56.149+0530] {processor.py:925} INFO - DAG(s) 'example_external_task_marker_child', 'example_external_task_marker_parent' retrieved from /Users/bhavishyachallagolla/Desktop/RetailSense/.venv/lib/python3.12/site-packages/airflow/example_dags/example_external_task_marker_dag.py
[2026-07-17T20:18:56.171+0530] {logging_mixin.py:190} INFO - [2026-07-17T20:18:56.171+0530] {workday.py:41} WARNING - Could not import pandas. Holidays will not be considered.
[2026-07-17T20:18:56.177+0530] {logging_mixin.py:190} INFO - [2026-07-17T20:18:56.176+0530] {dag.py:3239} INFO - Sync 2 DAGs
[2026-07-17T20:18:56.179+0530] {logging_mixin.py:190} INFO - [2026-07-17T20:18:56.179+0530] {dag.py:4180} INFO - Setting next_dagrun for example_external_task_marker_child to None, run_after=None
[2026-07-17T20:18:56.180+0530] {logging_mixin.py:190} INFO - [2026-07-17T20:18:56.180+0530] {dag.py:4180} INFO - Setting next_dagrun for example_external_task_marker_parent to None, run_after=None
[2026-07-17T20:18:56.185+0530] {processor.py:208} INFO - Processing /Users/bhavishyachallagolla/Desktop/RetailSense/.venv/lib/python3.12/site-packages/airflow/example_dags/example_external_task_marker_dag.py took 0.041 seconds
[2026-07-17T20:20:33.549+0530] {processor.py:186} INFO - Started process (PID=88265) to work on /Users/bhavishyachallagolla/Desktop/RetailSense/.venv/lib/python3.12/site-packages/airflow/example_dags/example_external_task_marker_dag.py
[2026-07-17T20:20:33.550+0530] {processor.py:914} INFO - Processing file /Users/bhavishyachallagolla/Desktop/RetailSense/.venv/lib/python3.12/site-packages/airflow/example_dags/example_external_task_marker_dag.py for tasks to queue
[2026-07-17T20:20:33.550+0530] {logging_mixin.py:190} INFO - [2026-07-17T20:20:33.550+0530] {dagbag.py:588} INFO - Filling up the DagBag from /Users/bhavishyachallagolla/Desktop/RetailSense/.venv/lib/python3.12/site-packages/airflow/example_dags/example_external_task_marker_dag.py
[2026-07-17T20:20:33.554+0530] {processor.py:925} INFO - DAG(s) 'example_external_task_marker_child', 'example_external_task_marker_parent' retrieved from /Users/bhavishyachallagolla/Desktop/RetailSense/.venv/lib/python3.12/site-packages/airflow/example_dags/example_external_task_marker_dag.py
[2026-07-17T20:20:33.576+0530] {logging_mixin.py:190} INFO - [2026-07-17T20:20:33.576+0530] {workday.py:41} WARNING - Could not import pandas. Holidays will not be considered.
[2026-07-17T20:20:33.581+0530] {logging_mixin.py:190} INFO - [2026-07-17T20:20:33.581+0530] {dag.py:3239} INFO - Sync 2 DAGs
[2026-07-17T20:20:33.584+0530] {logging_mixin.py:190} INFO - [2026-07-17T20:20:33.584+0530] {dag.py:4180} INFO - Setting next_dagrun for example_external_task_marker_child to None, run_after=None
[2026-07-17T20:20:33.585+0530] {logging_mixin.py:190} INFO - [2026-07-17T20:20:33.585+0530] {dag.py:4180} INFO - Setting next_dagrun for example_external_task_marker_parent to None, run_after=None
[2026-07-17T20:20:33.589+0530] {processor.py:208} INFO - Processing /Users/bhavishyachallagolla/Desktop/RetailSense/.venv/lib/python3.12/site-packages/airflow/example_dags/example_external_task_marker_dag.py took 0.042 seconds
[2026-07-17T20:22:15.294+0530] {processor.py:186} INFO - Started process (PID=88421) to work on /Users/bhavishyachallagolla/Desktop/RetailSense/.venv/lib/python3.12/site-packages/airflow/example_dags/example_external_task_marker_dag.py
[2026-07-17T20:22:15.295+0530] {processor.py:914} INFO - Processing file /Users/bhavishyachallagolla/Desktop/RetailSense/.venv/lib/python3.12/site-packages/airflow/example_dags/example_external_task_marker_dag.py for tasks to queue
[2026-07-17T20:22:15.295+0530] {logging_mixin.py:190} INFO - [2026-07-17T20:22:15.295+0530] {dagbag.py:588} INFO - Filling up the DagBag from /Users/bhavishyachallagolla/Desktop/RetailSense/.venv/lib/python3.12/site-packages/airflow/example_dags/example_external_task_marker_dag.py
[2026-07-17T20:22:15.299+0530] {processor.py:925} INFO - DAG(s) 'example_external_task_marker_child', 'example_external_task_marker_parent' retrieved from /Users/bhavishyachallagolla/Desktop/RetailSense/.venv/lib/python3.12/site-packages/airflow/example_dags/example_external_task_marker_dag.py
[2026-07-17T20:22:15.323+0530] {logging_mixin.py:190} INFO - [2026-07-17T20:22:15.323+0530] {workday.py:41} WARNING - Could not import pandas. Holidays will not be considered.
[2026-07-17T20:22:15.329+0530] {logging_mixin.py:190} INFO - [2026-07-17T20:22:15.329+0530] {dag.py:3239} INFO - Sync 2 DAGs
[2026-07-17T20:22:15.332+0530] {logging_mixin.py:190} INFO - [2026-07-17T20:22:15.332+0530] {dag.py:4180} INFO - Setting next_dagrun for example_external_task_marker_child to None, run_after=None
[2026-07-17T20:22:15.333+0530] {logging_mixin.py:190} INFO - [2026-07-17T20:22:15.333+0530] {dag.py:4180} INFO - Setting next_dagrun for example_external_task_marker_parent to None, run_after=None
[2026-07-17T20:22:15.338+0530] {processor.py:208} INFO - Processing /Users/bhavishyachallagolla/Desktop/RetailSense/.venv/lib/python3.12/site-packages/airflow/example_dags/example_external_task_marker_dag.py took 0.045 seconds
[2026-07-17T20:23:56.628+0530] {processor.py:186} INFO - Started process (PID=88577) to work on /Users/bhavishyachallagolla/Desktop/RetailSense/.venv/lib/python3.12/site-packages/airflow/example_dags/example_external_task_marker_dag.py
[2026-07-17T20:23:56.629+0530] {processor.py:914} INFO - Processing file /Users/bhavishyachallagolla/Desktop/RetailSense/.venv/lib/python3.12/site-packages/airflow/example_dags/example_external_task_marker_dag.py for tasks to queue
[2026-07-17T20:23:56.629+0530] {logging_mixin.py:190} INFO - [2026-07-17T20:23:56.629+0530] {dagbag.py:588} INFO - Filling up the DagBag from /Users/bhavishyachallagolla/Desktop/RetailSense/.venv/lib/python3.12/site-packages/airflow/example_dags/example_external_task_marker_dag.py
[2026-07-17T20:23:56.633+0530] {processor.py:925} INFO - DAG(s) 'example_external_task_marker_parent', 'example_external_task_marker_child' retrieved from /Users/bhavishyachallagolla/Desktop/RetailSense/.venv/lib/python3.12/site-packages/airflow/example_dags/example_external_task_marker_dag.py
[2026-07-17T20:23:56.657+0530] {logging_mixin.py:190} INFO - [2026-07-17T20:23:56.657+0530] {workday.py:41} WARNING - Could not import pandas. Holidays will not be considered.
[2026-07-17T20:23:56.661+0530] {logging_mixin.py:190} INFO - [2026-07-17T20:23:56.660+0530] {dag.py:3239} INFO - Sync 2 DAGs
[2026-07-17T20:23:56.663+0530] {logging_mixin.py:190} INFO - [2026-07-17T20:23:56.663+0530] {dag.py:4180} INFO - Setting next_dagrun for example_external_task_marker_child to None, run_after=None
[2026-07-17T20:23:56.664+0530] {logging_mixin.py:190} INFO - [2026-07-17T20:23:56.664+0530] {dag.py:4180} INFO - Setting next_dagrun for example_external_task_marker_parent to None, run_after=None
[2026-07-17T20:23:56.669+0530] {processor.py:208} INFO - Processing /Users/bhavishyachallagolla/Desktop/RetailSense/.venv/lib/python3.12/site-packages/airflow/example_dags/example_external_task_marker_dag.py took 0.042 seconds
[2026-07-17T20:25:37.625+0530] {processor.py:186} INFO - Started process (PID=88727) to work on /Users/bhavishyachallagolla/Desktop/RetailSense/.venv/lib/python3.12/site-packages/airflow/example_dags/example_external_task_marker_dag.py
[2026-07-17T20:25:37.625+0530] {processor.py:914} INFO - Processing file /Users/bhavishyachallagolla/Desktop/RetailSense/.venv/lib/python3.12/site-packages/airflow/example_dags/example_external_task_marker_dag.py for tasks to queue
[2026-07-17T20:25:37.625+0530] {logging_mixin.py:190} INFO - [2026-07-17T20:25:37.625+0530] {dagbag.py:588} INFO - Filling up the DagBag from /Users/bhavishyachallagolla/Desktop/RetailSense/.venv/lib/python3.12/site-packages/airflow/example_dags/example_external_task_marker_dag.py
[2026-07-17T20:25:37.629+0530] {processor.py:925} INFO - DAG(s) 'example_external_task_marker_parent', 'example_external_task_marker_child' retrieved from /Users/bhavishyachallagolla/Desktop/RetailSense/.venv/lib/python3.12/site-packages/airflow/example_dags/example_external_task_marker_dag.py
[2026-07-17T20:25:37.653+0530] {logging_mixin.py:190} INFO - [2026-07-17T20:25:37.653+0530] {workday.py:41} WARNING - Could not import pandas. Holidays will not be considered.
[2026-07-17T20:25:37.657+0530] {logging_mixin.py:190} INFO - [2026-07-17T20:25:37.656+0530] {dag.py:3239} INFO - Sync 2 DAGs
[2026-07-17T20:25:37.659+0530] {logging_mixin.py:190} INFO - [2026-07-17T20:25:37.659+0530] {dag.py:4180} INFO - Setting next_dagrun for example_external_task_marker_child to None, run_after=None
[2026-07-17T20:25:37.660+0530] {logging_mixin.py:190} INFO - [2026-07-17T20:25:37.660+0530] {dag.py:4180} INFO - Setting next_dagrun for example_external_task_marker_parent to None, run_after=None
[2026-07-17T20:25:37.665+0530] {processor.py:208} INFO - Processing /Users/bhavishyachallagolla/Desktop/RetailSense/.venv/lib/python3.12/site-packages/airflow/example_dags/example_external_task_marker_dag.py took 0.041 seconds
[2026-07-17T20:27:18.598+0530] {processor.py:186} INFO - Started process (PID=88895) to work on /Users/bhavishyachallagolla/Desktop/RetailSense/.venv/lib/python3.12/site-packages/airflow/example_dags/example_external_task_marker_dag.py
[2026-07-17T20:27:18.599+0530] {processor.py:914} INFO - Processing file /Users/bhavishyachallagolla/Desktop/RetailSense/.venv/lib/python3.12/site-packages/airflow/example_dags/example_external_task_marker_dag.py for tasks to queue
[2026-07-17T20:27:18.599+0530] {logging_mixin.py:190} INFO - [2026-07-17T20:27:18.599+0530] {dagbag.py:588} INFO - Filling up the DagBag from /Users/bhavishyachallagolla/Desktop/RetailSense/.venv/lib/python3.12/site-packages/airflow/example_dags/example_external_task_marker_dag.py
[2026-07-17T20:27:18.603+0530] {processor.py:925} INFO - DAG(s) 'example_external_task_marker_parent', 'example_external_task_marker_child' retrieved from /Users/bhavishyachallagolla/Desktop/RetailSense/.venv/lib/python3.12/site-packages/airflow/example_dags/example_external_task_marker_dag.py
[2026-07-17T20:27:18.627+0530] {logging_mixin.py:190} INFO - [2026-07-17T20:27:18.627+0530] {workday.py:41} WARNING - Could not import pandas. Holidays will not be considered.
[2026-07-17T20:27:18.631+0530] {logging_mixin.py:190} INFO - [2026-07-17T20:27:18.630+0530] {dag.py:3239} INFO - Sync 2 DAGs
[2026-07-17T20:27:18.633+0530] {logging_mixin.py:190} INFO - [2026-07-17T20:27:18.633+0530] {dag.py:4180} INFO - Setting next_dagrun for example_external_task_marker_child to None, run_after=None
[2026-07-17T20:27:18.634+0530] {logging_mixin.py:190} INFO - [2026-07-17T20:27:18.634+0530] {dag.py:4180} INFO - Setting next_dagrun for example_external_task_marker_parent to None, run_after=None
[2026-07-17T20:27:18.638+0530] {processor.py:208} INFO - Processing /Users/bhavishyachallagolla/Desktop/RetailSense/.venv/lib/python3.12/site-packages/airflow/example_dags/example_external_task_marker_dag.py took 0.042 seconds
[2026-07-17T20:28:56.462+0530] {processor.py:186} INFO - Started process (PID=89044) to work on /Users/bhavishyachallagolla/Desktop/RetailSense/.venv/lib/python3.12/site-packages/airflow/example_dags/example_external_task_marker_dag.py
[2026-07-17T20:28:56.462+0530] {processor.py:914} INFO - Processing file /Users/bhavishyachallagolla/Desktop/RetailSense/.venv/lib/python3.12/site-packages/airflow/example_dags/example_external_task_marker_dag.py for tasks to queue
[2026-07-17T20:28:56.463+0530] {logging_mixin.py:190} INFO - [2026-07-17T20:28:56.462+0530] {dagbag.py:588} INFO - Filling up the DagBag from /Users/bhavishyachallagolla/Desktop/RetailSense/.venv/lib/python3.12/site-packages/airflow/example_dags/example_external_task_marker_dag.py
[2026-07-17T20:28:56.466+0530] {processor.py:925} INFO - DAG(s) 'example_external_task_marker_parent', 'example_external_task_marker_child' retrieved from /Users/bhavishyachallagolla/Desktop/RetailSense/.venv/lib/python3.12/site-packages/airflow/example_dags/example_external_task_marker_dag.py
[2026-07-17T20:28:56.489+0530] {logging_mixin.py:190} INFO - [2026-07-17T20:28:56.489+0530] {workday.py:41} WARNING - Could not import pandas. Holidays will not be considered.
[2026-07-17T20:28:56.493+0530] {logging_mixin.py:190} INFO - [2026-07-17T20:28:56.493+0530] {dag.py:3239} INFO - Sync 2 DAGs
[2026-07-17T20:28:56.495+0530] {logging_mixin.py:190} INFO - [2026-07-17T20:28:56.495+0530] {dag.py:4180} INFO - Setting next_dagrun for example_external_task_marker_child to None, run_after=None
[2026-07-17T20:28:56.496+0530] {logging_mixin.py:190} INFO - [2026-07-17T20:28:56.496+0530] {dag.py:4180} INFO - Setting next_dagrun for example_external_task_marker_parent to None, run_after=None
[2026-07-17T20:28:56.501+0530] {processor.py:208} INFO - Processing /Users/bhavishyachallagolla/Desktop/RetailSense/.venv/lib/python3.12/site-packages/airflow/example_dags/example_external_task_marker_dag.py took 0.040 seconds
[2026-07-17T20:30:34.718+0530] {processor.py:186} INFO - Started process (PID=89201) to work on /Users/bhavishyachallagolla/Desktop/RetailSense/.venv/lib/python3.12/site-packages/airflow/example_dags/example_external_task_marker_dag.py
[2026-07-17T20:30:34.719+0530] {processor.py:914} INFO - Processing file /Users/bhavishyachallagolla/Desktop/RetailSense/.venv/lib/python3.12/site-packages/airflow/example_dags/example_external_task_marker_dag.py for tasks to queue
[2026-07-17T20:30:34.719+0530] {logging_mixin.py:190} INFO - [2026-07-17T20:30:34.719+0530] {dagbag.py:588} INFO - Filling up the DagBag from /Users/bhavishyachallagolla/Desktop/RetailSense/.venv/lib/python3.12/site-packages/airflow/example_dags/example_external_task_marker_dag.py
[2026-07-17T20:30:34.723+0530] {processor.py:925} INFO - DAG(s) 'example_external_task_marker_parent', 'example_external_task_marker_child' retrieved from /Users/bhavishyachallagolla/Desktop/RetailSense/.venv/lib/python3.12/site-packages/airflow/example_dags/example_external_task_marker_dag.py
[2026-07-17T20:30:34.747+0530] {logging_mixin.py:190} INFO - [2026-07-17T20:30:34.747+0530] {workday.py:41} WARNING - Could not import pandas. Holidays will not be considered.
[2026-07-17T20:30:34.751+0530] {logging_mixin.py:190} INFO - [2026-07-17T20:30:34.750+0530] {dag.py:3239} INFO - Sync 2 DAGs
[2026-07-17T20:30:34.753+0530] {logging_mixin.py:190} INFO - [2026-07-17T20:30:34.753+0530] {dag.py:4180} INFO - Setting next_dagrun for example_external_task_marker_child to None, run_after=None
[2026-07-17T20:30:34.754+0530] {logging_mixin.py:190} INFO - [2026-07-17T20:30:34.754+0530] {dag.py:4180} INFO - Setting next_dagrun for example_external_task_marker_parent to None, run_after=None
[2026-07-17T20:30:34.758+0530] {processor.py:208} INFO - Processing /Users/bhavishyachallagolla/Desktop/RetailSense/.venv/lib/python3.12/site-packages/airflow/example_dags/example_external_task_marker_dag.py took 0.042 seconds
[2026-07-17T20:32:15.223+0530] {processor.py:186} INFO - Started process (PID=89351) to work on /Users/bhavishyachallagolla/Desktop/RetailSense/.venv/lib/python3.12/site-packages/airflow/example_dags/example_external_task_marker_dag.py
[2026-07-17T20:32:15.224+0530] {processor.py:914} INFO - Processing file /Users/bhavishyachallagolla/Desktop/RetailSense/.venv/lib/python3.12/site-packages/airflow/example_dags/example_external_task_marker_dag.py for tasks to queue
[2026-07-17T20:32:15.224+0530] {logging_mixin.py:190} INFO - [2026-07-17T20:32:15.224+0530] {dagbag.py:588} INFO - Filling up the DagBag from /Users/bhavishyachallagolla/Desktop/RetailSense/.venv/lib/python3.12/site-packages/airflow/example_dags/example_external_task_marker_dag.py
[2026-07-17T20:32:15.228+0530] {processor.py:925} INFO - DAG(s) 'example_external_task_marker_child', 'example_external_task_marker_parent' retrieved from /Users/bhavishyachallagolla/Desktop/RetailSense/.venv/lib/python3.12/site-packages/airflow/example_dags/example_external_task_marker_dag.py
[2026-07-17T20:32:15.251+0530] {logging_mixin.py:190} INFO - [2026-07-17T20:32:15.251+0530] {workday.py:41} WARNING - Could not import pandas. Holidays will not be considered.
[2026-07-17T20:32:15.256+0530] {logging_mixin.py:190} INFO - [2026-07-17T20:32:15.256+0530] {dag.py:3239} INFO - Sync 2 DAGs
[2026-07-17T20:32:15.259+0530] {logging_mixin.py:190} INFO - [2026-07-17T20:32:15.259+0530] {dag.py:4180} INFO - Setting next_dagrun for example_external_task_marker_child to None, run_after=None
[2026-07-17T20:32:15.260+0530] {logging_mixin.py:190} INFO - [2026-07-17T20:32:15.260+0530] {dag.py:4180} INFO - Setting next_dagrun for example_external_task_marker_parent to None, run_after=None
[2026-07-17T20:32:15.264+0530] {processor.py:208} INFO - Processing /Users/bhavishyachallagolla/Desktop/RetailSense/.venv/lib/python3.12/site-packages/airflow/example_dags/example_external_task_marker_dag.py took 0.042 seconds
[2026-07-17T20:33:56.782+0530] {processor.py:186} INFO - Started process (PID=89501) to work on /Users/bhavishyachallagolla/Desktop/RetailSense/.venv/lib/python3.12/site-packages/airflow/example_dags/example_external_task_marker_dag.py
[2026-07-17T20:33:56.782+0530] {processor.py:914} INFO - Processing file /Users/bhavishyachallagolla/Desktop/RetailSense/.venv/lib/python3.12/site-packages/airflow/example_dags/example_external_task_marker_dag.py for tasks to queue
[2026-07-17T20:33:56.783+0530] {logging_mixin.py:190} INFO - [2026-07-17T20:33:56.783+0530] {dagbag.py:588} INFO - Filling up the DagBag from /Users/bhavishyachallagolla/Desktop/RetailSense/.venv/lib/python3.12/site-packages/airflow/example_dags/example_external_task_marker_dag.py
[2026-07-17T20:33:56.786+0530] {processor.py:925} INFO - DAG(s) 'example_external_task_marker_child', 'example_external_task_marker_parent' retrieved from /Users/bhavishyachallagolla/Desktop/RetailSense/.venv/lib/python3.12/site-packages/airflow/example_dags/example_external_task_marker_dag.py
[2026-07-17T20:33:56.809+0530] {logging_mixin.py:190} INFO - [2026-07-17T20:33:56.809+0530] {workday.py:41} WARNING - Could not import pandas. Holidays will not be considered.
[2026-07-17T20:33:56.814+0530] {logging_mixin.py:190} INFO - [2026-07-17T20:33:56.814+0530] {dag.py:3239} INFO - Sync 2 DAGs
[2026-07-17T20:33:56.817+0530] {logging_mixin.py:190} INFO - [2026-07-17T20:33:56.817+0530] {dag.py:4180} INFO - Setting next_dagrun for example_external_task_marker_child to None, run_after=None
[2026-07-17T20:33:56.817+0530] {logging_mixin.py:190} INFO - [2026-07-17T20:33:56.817+0530] {dag.py:4180} INFO - Setting next_dagrun for example_external_task_marker_parent to None, run_after=None
[2026-07-17T20:33:56.822+0530] {processor.py:208} INFO - Processing /Users/bhavishyachallagolla/Desktop/RetailSense/.venv/lib/python3.12/site-packages/airflow/example_dags/example_external_task_marker_dag.py took 0.041 seconds
[2026-07-17T20:35:37.270+0530] {processor.py:186} INFO - Started process (PID=89650) to work on /Users/bhavishyachallagolla/Desktop/RetailSense/.venv/lib/python3.12/site-packages/airflow/example_dags/example_external_task_marker_dag.py
[2026-07-17T20:35:37.272+0530] {processor.py:914} INFO - Processing file /Users/bhavishyachallagolla/Desktop/RetailSense/.venv/lib/python3.12/site-packages/airflow/example_dags/example_external_task_marker_dag.py for tasks to queue
[2026-07-17T20:35:37.272+0530] {logging_mixin.py:190} INFO - [2026-07-17T20:35:37.272+0530] {dagbag.py:588} INFO - Filling up the DagBag from /Users/bhavishyachallagolla/Desktop/RetailSense/.venv/lib/python3.12/site-packages/airflow/example_dags/example_external_task_marker_dag.py
[2026-07-17T20:35:37.276+0530] {processor.py:925} INFO - DAG(s) 'example_external_task_marker_parent', 'example_external_task_marker_child' retrieved from /Users/bhavishyachallagolla/Desktop/RetailSense/.venv/lib/python3.12/site-packages/airflow/example_dags/example_external_task_marker_dag.py
[2026-07-17T20:35:37.300+0530] {logging_mixin.py:190} INFO - [2026-07-17T20:35:37.299+0530] {workday.py:41} WARNING - Could not import pandas. Holidays will not be considered.
[2026-07-17T20:35:37.303+0530] {logging_mixin.py:190} INFO - [2026-07-17T20:35:37.303+0530] {dag.py:3239} INFO - Sync 2 DAGs
[2026-07-17T20:35:37.306+0530] {logging_mixin.py:190} INFO - [2026-07-17T20:35:37.306+0530] {dag.py:4180} INFO - Setting next_dagrun for example_external_task_marker_child to None, run_after=None
[2026-07-17T20:35:37.307+0530] {logging_mixin.py:190} INFO - [2026-07-17T20:35:37.307+0530] {dag.py:4180} INFO - Setting next_dagrun for example_external_task_marker_parent to None, run_after=None
[2026-07-17T20:35:37.311+0530] {processor.py:208} INFO - Processing /Users/bhavishyachallagolla/Desktop/RetailSense/.venv/lib/python3.12/site-packages/airflow/example_dags/example_external_task_marker_dag.py took 0.042 seconds
[2026-07-17T20:37:17.596+0530] {processor.py:186} INFO - Started process (PID=89801) to work on /Users/bhavishyachallagolla/Desktop/RetailSense/.venv/lib/python3.12/site-packages/airflow/example_dags/example_external_task_marker_dag.py
[2026-07-17T20:37:17.596+0530] {processor.py:914} INFO - Processing file /Users/bhavishyachallagolla/Desktop/RetailSense/.venv/lib/python3.12/site-packages/airflow/example_dags/example_external_task_marker_dag.py for tasks to queue
[2026-07-17T20:37:17.596+0530] {logging_mixin.py:190} INFO - [2026-07-17T20:37:17.596+0530] {dagbag.py:588} INFO - Filling up the DagBag from /Users/bhavishyachallagolla/Desktop/RetailSense/.venv/lib/python3.12/site-packages/airflow/example_dags/example_external_task_marker_dag.py
[2026-07-17T20:37:17.600+0530] {processor.py:925} INFO - DAG(s) 'example_external_task_marker_child', 'example_external_task_marker_parent' retrieved from /Users/bhavishyachallagolla/Desktop/RetailSense/.venv/lib/python3.12/site-packages/airflow/example_dags/example_external_task_marker_dag.py
[2026-07-17T20:37:17.622+0530] {logging_mixin.py:190} INFO - [2026-07-17T20:37:17.622+0530] {workday.py:41} WARNING - Could not import pandas. Holidays will not be considered.
[2026-07-17T20:37:17.628+0530] {logging_mixin.py:190} INFO - [2026-07-17T20:37:17.628+0530] {dag.py:3239} INFO - Sync 2 DAGs
[2026-07-17T20:37:17.630+0530] {logging_mixin.py:190} INFO - [2026-07-17T20:37:17.630+0530] {dag.py:4180} INFO - Setting next_dagrun for example_external_task_marker_child to None, run_after=None
[2026-07-17T20:37:17.631+0530] {logging_mixin.py:190} INFO - [2026-07-17T20:37:17.631+0530] {dag.py:4180} INFO - Setting next_dagrun for example_external_task_marker_parent to None, run_after=None
[2026-07-17T20:37:17.636+0530] {processor.py:208} INFO - Processing /Users/bhavishyachallagolla/Desktop/RetailSense/.venv/lib/python3.12/site-packages/airflow/example_dags/example_external_task_marker_dag.py took 0.041 seconds
[2026-07-17T20:38:59.893+0530] {processor.py:186} INFO - Started process (PID=89967) to work on /Users/bhavishyachallagolla/Desktop/RetailSense/.venv/lib/python3.12/site-packages/airflow/example_dags/example_external_task_marker_dag.py
[2026-07-17T20:38:59.894+0530] {processor.py:914} INFO - Processing file /Users/bhavishyachallagolla/Desktop/RetailSense/.venv/lib/python3.12/site-packages/airflow/example_dags/example_external_task_marker_dag.py for tasks to queue
[2026-07-17T20:38:59.894+0530] {logging_mixin.py:190} INFO - [2026-07-17T20:38:59.894+0530] {dagbag.py:588} INFO - Filling up the DagBag from /Users/bhavishyachallagolla/Desktop/RetailSense/.venv/lib/python3.12/site-packages/airflow/example_dags/example_external_task_marker_dag.py
[2026-07-17T20:38:59.898+0530] {processor.py:925} INFO - DAG(s) 'example_external_task_marker_parent', 'example_external_task_marker_child' retrieved from /Users/bhavishyachallagolla/Desktop/RetailSense/.venv/lib/python3.12/site-packages/airflow/example_dags/example_external_task_marker_dag.py
[2026-07-17T20:38:59.922+0530] {logging_mixin.py:190} INFO - [2026-07-17T20:38:59.922+0530] {workday.py:41} WARNING - Could not import pandas. Holidays will not be considered.
[2026-07-17T20:38:59.926+0530] {logging_mixin.py:190} INFO - [2026-07-17T20:38:59.926+0530] {dag.py:3239} INFO - Sync 2 DAGs
[2026-07-17T20:38:59.929+0530] {logging_mixin.py:190} INFO - [2026-07-17T20:38:59.929+0530] {dag.py:4180} INFO - Setting next_dagrun for example_external_task_marker_child to None, run_after=None
[2026-07-17T20:38:59.930+0530] {logging_mixin.py:190} INFO - [2026-07-17T20:38:59.929+0530] {dag.py:4180} INFO - Setting next_dagrun for example_external_task_marker_parent to None, run_after=None
[2026-07-17T20:38:59.934+0530] {processor.py:208} INFO - Processing /Users/bhavishyachallagolla/Desktop/RetailSense/.venv/lib/python3.12/site-packages/airflow/example_dags/example_external_task_marker_dag.py took 0.042 seconds
[2026-07-17T20:40:41.053+0530] {processor.py:186} INFO - Started process (PID=90217) to work on /Users/bhavishyachallagolla/Desktop/RetailSense/.venv/lib/python3.12/site-packages/airflow/example_dags/example_external_task_marker_dag.py
[2026-07-17T20:40:41.053+0530] {processor.py:914} INFO - Processing file /Users/bhavishyachallagolla/Desktop/RetailSense/.venv/lib/python3.12/site-packages/airflow/example_dags/example_external_task_marker_dag.py for tasks to queue
[2026-07-17T20:40:41.053+0530] {logging_mixin.py:190} INFO - [2026-07-17T20:40:41.053+0530] {dagbag.py:588} INFO - Filling up the DagBag from /Users/bhavishyachallagolla/Desktop/RetailSense/.venv/lib/python3.12/site-packages/airflow/example_dags/example_external_task_marker_dag.py
[2026-07-17T20:40:41.057+0530] {processor.py:925} INFO - DAG(s) 'example_external_task_marker_child', 'example_external_task_marker_parent' retrieved from /Users/bhavishyachallagolla/Desktop/RetailSense/.venv/lib/python3.12/site-packages/airflow/example_dags/example_external_task_marker_dag.py
[2026-07-17T20:40:41.079+0530] {logging_mixin.py:190} INFO - [2026-07-17T20:40:41.079+0530] {workday.py:41} WARNING - Could not import pandas. Holidays will not be considered.
[2026-07-17T20:40:41.084+0530] {logging_mixin.py:190} INFO - [2026-07-17T20:40:41.084+0530] {dag.py:3239} INFO - Sync 2 DAGs
[2026-07-17T20:40:41.087+0530] {logging_mixin.py:190} INFO - [2026-07-17T20:40:41.087+0530] {dag.py:4180} INFO - Setting next_dagrun for example_external_task_marker_child to None, run_after=None
[2026-07-17T20:40:41.088+0530] {logging_mixin.py:190} INFO - [2026-07-17T20:40:41.088+0530] {dag.py:4180} INFO - Setting next_dagrun for example_external_task_marker_parent to None, run_after=None
[2026-07-17T20:40:41.092+0530] {processor.py:208} INFO - Processing /Users/bhavishyachallagolla/Desktop/RetailSense/.venv/lib/python3.12/site-packages/airflow/example_dags/example_external_task_marker_dag.py took 0.041 seconds
[2026-07-17T20:42:20.415+0530] {processor.py:186} INFO - Started process (PID=90385) to work on /Users/bhavishyachallagolla/Desktop/RetailSense/.venv/lib/python3.12/site-packages/airflow/example_dags/example_external_task_marker_dag.py
[2026-07-17T20:42:20.416+0530] {processor.py:914} INFO - Processing file /Users/bhavishyachallagolla/Desktop/RetailSense/.venv/lib/python3.12/site-packages/airflow/example_dags/example_external_task_marker_dag.py for tasks to queue
[2026-07-17T20:42:20.416+0530] {logging_mixin.py:190} INFO - [2026-07-17T20:42:20.416+0530] {dagbag.py:588} INFO - Filling up the DagBag from /Users/bhavishyachallagolla/Desktop/RetailSense/.venv/lib/python3.12/site-packages/airflow/example_dags/example_external_task_marker_dag.py
[2026-07-17T20:42:20.420+0530] {processor.py:925} INFO - DAG(s) 'example_external_task_marker_parent', 'example_external_task_marker_child' retrieved from /Users/bhavishyachallagolla/Desktop/RetailSense/.venv/lib/python3.12/site-packages/airflow/example_dags/example_external_task_marker_dag.py
[2026-07-17T20:42:20.443+0530] {logging_mixin.py:190} INFO - [2026-07-17T20:42:20.443+0530] {workday.py:41} WARNING - Could not import pandas. Holidays will not be considered.
[2026-07-17T20:42:20.447+0530] {logging_mixin.py:190} INFO - [2026-07-17T20:42:20.447+0530] {dag.py:3239} INFO - Sync 2 DAGs
[2026-07-17T20:42:20.449+0530] {logging_mixin.py:190} INFO - [2026-07-17T20:42:20.449+0530] {dag.py:4180} INFO - Setting next_dagrun for example_external_task_marker_child to None, run_after=None
[2026-07-17T20:42:20.450+0530] {logging_mixin.py:190} INFO - [2026-07-17T20:42:20.450+0530] {dag.py:4180} INFO - Setting next_dagrun for example_external_task_marker_parent to None, run_after=None
[2026-07-17T20:42:20.455+0530] {processor.py:208} INFO - Processing /Users/bhavishyachallagolla/Desktop/RetailSense/.venv/lib/python3.12/site-packages/airflow/example_dags/example_external_task_marker_dag.py took 0.041 seconds
[2026-07-17T20:44:00.281+0530] {processor.py:186} INFO - Started process (PID=90533) to work on /Users/bhavishyachallagolla/Desktop/RetailSense/.venv/lib/python3.12/site-packages/airflow/example_dags/example_external_task_marker_dag.py
[2026-07-17T20:44:00.282+0530] {processor.py:914} INFO - Processing file /Users/bhavishyachallagolla/Desktop/RetailSense/.venv/lib/python3.12/site-packages/airflow/example_dags/example_external_task_marker_dag.py for tasks to queue
[2026-07-17T20:44:00.282+0530] {logging_mixin.py:190} INFO - [2026-07-17T20:44:00.282+0530] {dagbag.py:588} INFO - Filling up the DagBag from /Users/bhavishyachallagolla/Desktop/RetailSense/.venv/lib/python3.12/site-packages/airflow/example_dags/example_external_task_marker_dag.py
[2026-07-17T20:44:00.286+0530] {processor.py:925} INFO - DAG(s) 'example_external_task_marker_child', 'example_external_task_marker_parent' retrieved from /Users/bhavishyachallagolla/Desktop/RetailSense/.venv/lib/python3.12/site-packages/airflow/example_dags/example_external_task_marker_dag.py
[2026-07-17T20:44:00.308+0530] {logging_mixin.py:190} INFO - [2026-07-17T20:44:00.308+0530] {workday.py:41} WARNING - Could not import pandas. Holidays will not be considered.
[2026-07-17T20:44:00.313+0530] {logging_mixin.py:190} INFO - [2026-07-17T20:44:00.313+0530] {dag.py:3239} INFO - Sync 2 DAGs
[2026-07-17T20:44:00.315+0530] {logging_mixin.py:190} INFO - [2026-07-17T20:44:00.315+0530] {dag.py:4180} INFO - Setting next_dagrun for example_external_task_marker_child to None, run_after=None
[2026-07-17T20:44:00.316+0530] {logging_mixin.py:190} INFO - [2026-07-17T20:44:00.316+0530] {dag.py:4180} INFO - Setting next_dagrun for example_external_task_marker_parent to None, run_after=None
[2026-07-17T20:44:00.321+0530] {processor.py:208} INFO - Processing /Users/bhavishyachallagolla/Desktop/RetailSense/.venv/lib/python3.12/site-packages/airflow/example_dags/example_external_task_marker_dag.py took 0.041 seconds
[2026-07-17T20:45:40.574+0530] {processor.py:186} INFO - Started process (PID=90692) to work on /Users/bhavishyachallagolla/Desktop/RetailSense/.venv/lib/python3.12/site-packages/airflow/example_dags/example_external_task_marker_dag.py
[2026-07-17T20:45:40.574+0530] {processor.py:914} INFO - Processing file /Users/bhavishyachallagolla/Desktop/RetailSense/.venv/lib/python3.12/site-packages/airflow/example_dags/example_external_task_marker_dag.py for tasks to queue
[2026-07-17T20:45:40.575+0530] {logging_mixin.py:190} INFO - [2026-07-17T20:45:40.574+0530] {dagbag.py:588} INFO - Filling up the DagBag from /Users/bhavishyachallagolla/Desktop/RetailSense/.venv/lib/python3.12/site-packages/airflow/example_dags/example_external_task_marker_dag.py
[2026-07-17T20:45:40.578+0530] {processor.py:925} INFO - DAG(s) 'example_external_task_marker_parent', 'example_external_task_marker_child' retrieved from /Users/bhavishyachallagolla/Desktop/RetailSense/.venv/lib/python3.12/site-packages/airflow/example_dags/example_external_task_marker_dag.py
[2026-07-17T20:45:40.601+0530] {logging_mixin.py:190} INFO - [2026-07-17T20:45:40.601+0530] {workday.py:41} WARNING - Could not import pandas. Holidays will not be considered.
[2026-07-17T20:45:40.605+0530] {logging_mixin.py:190} INFO - [2026-07-17T20:45:40.605+0530] {dag.py:3239} INFO - Sync 2 DAGs
[2026-07-17T20:45:40.607+0530] {logging_mixin.py:190} INFO - [2026-07-17T20:45:40.607+0530] {dag.py:4180} INFO - Setting next_dagrun for example_external_task_marker_child to None, run_after=None
[2026-07-17T20:45:40.608+0530] {logging_mixin.py:190} INFO - [2026-07-17T20:45:40.608+0530] {dag.py:4180} INFO - Setting next_dagrun for example_external_task_marker_parent to None, run_after=None
[2026-07-17T20:45:40.613+0530] {processor.py:208} INFO - Processing /Users/bhavishyachallagolla/Desktop/RetailSense/.venv/lib/python3.12/site-packages/airflow/example_dags/example_external_task_marker_dag.py took 0.040 seconds
[2026-07-17T20:47:20.908+0530] {processor.py:186} INFO - Started process (PID=90843) to work on /Users/bhavishyachallagolla/Desktop/RetailSense/.venv/lib/python3.12/site-packages/airflow/example_dags/example_external_task_marker_dag.py
[2026-07-17T20:47:20.909+0530] {processor.py:914} INFO - Processing file /Users/bhavishyachallagolla/Desktop/RetailSense/.venv/lib/python3.12/site-packages/airflow/example_dags/example_external_task_marker_dag.py for tasks to queue
[2026-07-17T20:47:20.910+0530] {logging_mixin.py:190} INFO - [2026-07-17T20:47:20.910+0530] {dagbag.py:588} INFO - Filling up the DagBag from /Users/bhavishyachallagolla/Desktop/RetailSense/.venv/lib/python3.12/site-packages/airflow/example_dags/example_external_task_marker_dag.py
[2026-07-17T20:47:20.913+0530] {processor.py:925} INFO - DAG(s) 'example_external_task_marker_child', 'example_external_task_marker_parent' retrieved from /Users/bhavishyachallagolla/Desktop/RetailSense/.venv/lib/python3.12/site-packages/airflow/example_dags/example_external_task_marker_dag.py
[2026-07-17T20:47:20.936+0530] {logging_mixin.py:190} INFO - [2026-07-17T20:47:20.936+0530] {workday.py:41} WARNING - Could not import pandas. Holidays will not be considered.
[2026-07-17T20:47:20.941+0530] {logging_mixin.py:190} INFO - [2026-07-17T20:47:20.941+0530] {dag.py:3239} INFO - Sync 2 DAGs
[2026-07-17T20:47:20.944+0530] {logging_mixin.py:190} INFO - [2026-07-17T20:47:20.943+0530] {dag.py:4180} INFO - Setting next_dagrun for example_external_task_marker_child to None, run_after=None
[2026-07-17T20:47:20.944+0530] {logging_mixin.py:190} INFO - [2026-07-17T20:47:20.944+0530] {dag.py:4180} INFO - Setting next_dagrun for example_external_task_marker_parent to None, run_after=None
[2026-07-17T20:47:20.949+0530] {processor.py:208} INFO - Processing /Users/bhavishyachallagolla/Desktop/RetailSense/.venv/lib/python3.12/site-packages/airflow/example_dags/example_external_task_marker_dag.py took 0.042 seconds
[2026-07-17T20:49:01.812+0530] {processor.py:186} INFO - Started process (PID=91004) to work on /Users/bhavishyachallagolla/Desktop/RetailSense/.venv/lib/python3.12/site-packages/airflow/example_dags/example_external_task_marker_dag.py
[2026-07-17T20:49:01.813+0530] {processor.py:914} INFO - Processing file /Users/bhavishyachallagolla/Desktop/RetailSense/.venv/lib/python3.12/site-packages/airflow/example_dags/example_external_task_marker_dag.py for tasks to queue
[2026-07-17T20:49:01.813+0530] {logging_mixin.py:190} INFO - [2026-07-17T20:49:01.813+0530] {dagbag.py:588} INFO - Filling up the DagBag from /Users/bhavishyachallagolla/Desktop/RetailSense/.venv/lib/python3.12/site-packages/airflow/example_dags/example_external_task_marker_dag.py
[2026-07-17T20:49:01.817+0530] {processor.py:925} INFO - DAG(s) 'example_external_task_marker_parent', 'example_external_task_marker_child' retrieved from /Users/bhavishyachallagolla/Desktop/RetailSense/.venv/lib/python3.12/site-packages/airflow/example_dags/example_external_task_marker_dag.py
[2026-07-17T20:49:01.840+0530] {logging_mixin.py:190} INFO - [2026-07-17T20:49:01.840+0530] {workday.py:41} WARNING - Could not import pandas. Holidays will not be considered.
[2026-07-17T20:49:01.844+0530] {logging_mixin.py:190} INFO - [2026-07-17T20:49:01.844+0530] {dag.py:3239} INFO - Sync 2 DAGs
[2026-07-17T20:49:01.846+0530] {logging_mixin.py:190} INFO - [2026-07-17T20:49:01.846+0530] {dag.py:4180} INFO - Setting next_dagrun for example_external_task_marker_child to None, run_after=None
[2026-07-17T20:49:01.847+0530] {logging_mixin.py:190} INFO - [2026-07-17T20:49:01.847+0530] {dag.py:4180} INFO - Setting next_dagrun for example_external_task_marker_parent to None, run_after=None
[2026-07-17T20:49:01.852+0530] {processor.py:208} INFO - Processing /Users/bhavishyachallagolla/Desktop/RetailSense/.venv/lib/python3.12/site-packages/airflow/example_dags/example_external_task_marker_dag.py took 0.040 seconds
[2026-07-17T20:50:38.430+0530] {processor.py:186} INFO - Started process (PID=91162) to work on /Users/bhavishyachallagolla/Desktop/RetailSense/.venv/lib/python3.12/site-packages/airflow/example_dags/example_external_task_marker_dag.py
[2026-07-17T20:50:38.431+0530] {processor.py:914} INFO - Processing file /Users/bhavishyachallagolla/Desktop/RetailSense/.venv/lib/python3.12/site-packages/airflow/example_dags/example_external_task_marker_dag.py for tasks to queue
[2026-07-17T20:50:38.431+0530] {logging_mixin.py:190} INFO - [2026-07-17T20:50:38.431+0530] {dagbag.py:588} INFO - Filling up the DagBag from /Users/bhavishyachallagolla/Desktop/RetailSense/.venv/lib/python3.12/site-packages/airflow/example_dags/example_external_task_marker_dag.py
[2026-07-17T20:50:38.435+0530] {processor.py:925} INFO - DAG(s) 'example_external_task_marker_child', 'example_external_task_marker_parent' retrieved from /Users/bhavishyachallagolla/Desktop/RetailSense/.venv/lib/python3.12/site-packages/airflow/example_dags/example_external_task_marker_dag.py
[2026-07-17T20:50:38.457+0530] {logging_mixin.py:190} INFO - [2026-07-17T20:50:38.457+0530] {workday.py:41} WARNING - Could not import pandas. Holidays will not be considered.
[2026-07-17T20:50:38.463+0530] {logging_mixin.py:190} INFO - [2026-07-17T20:50:38.462+0530] {dag.py:3239} INFO - Sync 2 DAGs
[2026-07-17T20:50:38.465+0530] {logging_mixin.py:190} INFO - [2026-07-17T20:50:38.465+0530] {dag.py:4180} INFO - Setting next_dagrun for example_external_task_marker_child to None, run_after=None
[2026-07-17T20:50:38.466+0530] {logging_mixin.py:190} INFO - [2026-07-17T20:50:38.466+0530] {dag.py:4180} INFO - Setting next_dagrun for example_external_task_marker_parent to None, run_after=None
[2026-07-17T20:50:38.471+0530] {processor.py:208} INFO - Processing /Users/bhavishyachallagolla/Desktop/RetailSense/.venv/lib/python3.12/site-packages/airflow/example_dags/example_external_task_marker_dag.py took 0.042 seconds
[2026-07-17T20:52:21.832+0530] {processor.py:186} INFO - Started process (PID=91316) to work on /Users/bhavishyachallagolla/Desktop/RetailSense/.venv/lib/python3.12/site-packages/airflow/example_dags/example_external_task_marker_dag.py
[2026-07-17T20:52:21.833+0530] {processor.py:914} INFO - Processing file /Users/bhavishyachallagolla/Desktop/RetailSense/.venv/lib/python3.12/site-packages/airflow/example_dags/example_external_task_marker_dag.py for tasks to queue
[2026-07-17T20:52:21.833+0530] {logging_mixin.py:190} INFO - [2026-07-17T20:52:21.833+0530] {dagbag.py:588} INFO - Filling up the DagBag from /Users/bhavishyachallagolla/Desktop/RetailSense/.venv/lib/python3.12/site-packages/airflow/example_dags/example_external_task_marker_dag.py
[2026-07-17T20:52:21.837+0530] {processor.py:925} INFO - DAG(s) 'example_external_task_marker_child', 'example_external_task_marker_parent' retrieved from /Users/bhavishyachallagolla/Desktop/RetailSense/.venv/lib/python3.12/site-packages/airflow/example_dags/example_external_task_marker_dag.py
[2026-07-17T20:52:21.859+0530] {logging_mixin.py:190} INFO - [2026-07-17T20:52:21.859+0530] {workday.py:41} WARNING - Could not import pandas. Holidays will not be considered.
[2026-07-17T20:52:21.865+0530] {logging_mixin.py:190} INFO - [2026-07-17T20:52:21.865+0530] {dag.py:3239} INFO - Sync 2 DAGs
[2026-07-17T20:52:21.868+0530] {logging_mixin.py:190} INFO - [2026-07-17T20:52:21.868+0530] {dag.py:4180} INFO - Setting next_dagrun for example_external_task_marker_child to None, run_after=None
[2026-07-17T20:52:21.868+0530] {logging_mixin.py:190} INFO - [2026-07-17T20:52:21.868+0530] {dag.py:4180} INFO - Setting next_dagrun for example_external_task_marker_parent to None, run_after=None
[2026-07-17T20:52:21.873+0530] {processor.py:208} INFO - Processing /Users/bhavishyachallagolla/Desktop/RetailSense/.venv/lib/python3.12/site-packages/airflow/example_dags/example_external_task_marker_dag.py took 0.042 seconds
[2026-07-17T20:54:03.485+0530] {processor.py:186} INFO - Started process (PID=91466) to work on /Users/bhavishyachallagolla/Desktop/RetailSense/.venv/lib/python3.12/site-packages/airflow/example_dags/example_external_task_marker_dag.py
[2026-07-17T20:54:03.486+0530] {processor.py:914} INFO - Processing file /Users/bhavishyachallagolla/Desktop/RetailSense/.venv/lib/python3.12/site-packages/airflow/example_dags/example_external_task_marker_dag.py for tasks to queue
[2026-07-17T20:54:03.486+0530] {logging_mixin.py:190} INFO - [2026-07-17T20:54:03.486+0530] {dagbag.py:588} INFO - Filling up the DagBag from /Users/bhavishyachallagolla/Desktop/RetailSense/.venv/lib/python3.12/site-packages/airflow/example_dags/example_external_task_marker_dag.py
[2026-07-17T20:54:03.490+0530] {processor.py:925} INFO - DAG(s) 'example_external_task_marker_parent', 'example_external_task_marker_child' retrieved from /Users/bhavishyachallagolla/Desktop/RetailSense/.venv/lib/python3.12/site-packages/airflow/example_dags/example_external_task_marker_dag.py
[2026-07-17T20:54:03.514+0530] {logging_mixin.py:190} INFO - [2026-07-17T20:54:03.514+0530] {workday.py:41} WARNING - Could not import pandas. Holidays will not be considered.
[2026-07-17T20:54:03.518+0530] {logging_mixin.py:190} INFO - [2026-07-17T20:54:03.518+0530] {dag.py:3239} INFO - Sync 2 DAGs
[2026-07-17T20:54:03.521+0530] {logging_mixin.py:190} INFO - [2026-07-17T20:54:03.521+0530] {dag.py:4180} INFO - Setting next_dagrun for example_external_task_marker_child to None, run_after=None
[2026-07-17T20:54:03.521+0530] {logging_mixin.py:190} INFO - [2026-07-17T20:54:03.521+0530] {dag.py:4180} INFO - Setting next_dagrun for example_external_task_marker_parent to None, run_after=None
[2026-07-17T20:54:03.526+0530] {processor.py:208} INFO - Processing /Users/bhavishyachallagolla/Desktop/RetailSense/.venv/lib/python3.12/site-packages/airflow/example_dags/example_external_task_marker_dag.py took 0.042 seconds
[2026-07-17T20:55:42.612+0530] {processor.py:186} INFO - Started process (PID=91632) to work on /Users/bhavishyachallagolla/Desktop/RetailSense/.venv/lib/python3.12/site-packages/airflow/example_dags/example_external_task_marker_dag.py
[2026-07-17T20:55:42.613+0530] {processor.py:914} INFO - Processing file /Users/bhavishyachallagolla/Desktop/RetailSense/.venv/lib/python3.12/site-packages/airflow/example_dags/example_external_task_marker_dag.py for tasks to queue
[2026-07-17T20:55:42.613+0530] {logging_mixin.py:190} INFO - [2026-07-17T20:55:42.613+0530] {dagbag.py:588} INFO - Filling up the DagBag from /Users/bhavishyachallagolla/Desktop/RetailSense/.venv/lib/python3.12/site-packages/airflow/example_dags/example_external_task_marker_dag.py
[2026-07-17T20:55:42.617+0530] {processor.py:925} INFO - DAG(s) 'example_external_task_marker_parent', 'example_external_task_marker_child' retrieved from /Users/bhavishyachallagolla/Desktop/RetailSense/.venv/lib/python3.12/site-packages/airflow/example_dags/example_external_task_marker_dag.py
[2026-07-17T20:55:42.640+0530] {logging_mixin.py:190} INFO - [2026-07-17T20:55:42.640+0530] {workday.py:41} WARNING - Could not import pandas. Holidays will not be considered.
[2026-07-17T20:55:42.644+0530] {logging_mixin.py:190} INFO - [2026-07-17T20:55:42.644+0530] {dag.py:3239} INFO - Sync 2 DAGs
[2026-07-17T20:55:42.646+0530] {logging_mixin.py:190} INFO - [2026-07-17T20:55:42.646+0530] {dag.py:4180} INFO - Setting next_dagrun for example_external_task_marker_child to None, run_after=None
[2026-07-17T20:55:42.647+0530] {logging_mixin.py:190} INFO - [2026-07-17T20:55:42.647+0530] {dag.py:4180} INFO - Setting next_dagrun for example_external_task_marker_parent to None, run_after=None
[2026-07-17T20:55:42.652+0530] {processor.py:208} INFO - Processing /Users/bhavishyachallagolla/Desktop/RetailSense/.venv/lib/python3.12/site-packages/airflow/example_dags/example_external_task_marker_dag.py took 0.041 seconds
[2026-07-17T20:57:23.483+0530] {processor.py:186} INFO - Started process (PID=91779) to work on /Users/bhavishyachallagolla/Desktop/RetailSense/.venv/lib/python3.12/site-packages/airflow/example_dags/example_external_task_marker_dag.py
[2026-07-17T20:57:23.483+0530] {processor.py:914} INFO - Processing file /Users/bhavishyachallagolla/Desktop/RetailSense/.venv/lib/python3.12/site-packages/airflow/example_dags/example_external_task_marker_dag.py for tasks to queue
[2026-07-17T20:57:23.484+0530] {logging_mixin.py:190} INFO - [2026-07-17T20:57:23.484+0530] {dagbag.py:588} INFO - Filling up the DagBag from /Users/bhavishyachallagolla/Desktop/RetailSense/.venv/lib/python3.12/site-packages/airflow/example_dags/example_external_task_marker_dag.py
[2026-07-17T20:57:23.488+0530] {processor.py:925} INFO - DAG(s) 'example_external_task_marker_parent', 'example_external_task_marker_child' retrieved from /Users/bhavishyachallagolla/Desktop/RetailSense/.venv/lib/python3.12/site-packages/airflow/example_dags/example_external_task_marker_dag.py
[2026-07-17T20:57:23.511+0530] {logging_mixin.py:190} INFO - [2026-07-17T20:57:23.511+0530] {workday.py:41} WARNING - Could not import pandas. Holidays will not be considered.
[2026-07-17T20:57:23.515+0530] {logging_mixin.py:190} INFO - [2026-07-17T20:57:23.515+0530] {dag.py:3239} INFO - Sync 2 DAGs
[2026-07-17T20:57:23.517+0530] {logging_mixin.py:190} INFO - [2026-07-17T20:57:23.517+0530] {dag.py:4180} INFO - Setting next_dagrun for example_external_task_marker_child to None, run_after=None
[2026-07-17T20:57:23.518+0530] {logging_mixin.py:190} INFO - [2026-07-17T20:57:23.518+0530] {dag.py:4180} INFO - Setting next_dagrun for example_external_task_marker_parent to None, run_after=None
[2026-07-17T20:57:23.523+0530] {processor.py:208} INFO - Processing /Users/bhavishyachallagolla/Desktop/RetailSense/.venv/lib/python3.12/site-packages/airflow/example_dags/example_external_task_marker_dag.py took 0.041 seconds
[2026-07-17T20:59:02.216+0530] {processor.py:186} INFO - Started process (PID=91926) to work on /Users/bhavishyachallagolla/Desktop/RetailSense/.venv/lib/python3.12/site-packages/airflow/example_dags/example_external_task_marker_dag.py
[2026-07-17T20:59:02.216+0530] {processor.py:914} INFO - Processing file /Users/bhavishyachallagolla/Desktop/RetailSense/.venv/lib/python3.12/site-packages/airflow/example_dags/example_external_task_marker_dag.py for tasks to queue
[2026-07-17T20:59:02.216+0530] {logging_mixin.py:190} INFO - [2026-07-17T20:59:02.216+0530] {dagbag.py:588} INFO - Filling up the DagBag from /Users/bhavishyachallagolla/Desktop/RetailSense/.venv/lib/python3.12/site-packages/airflow/example_dags/example_external_task_marker_dag.py
[2026-07-17T20:59:02.221+0530] {processor.py:925} INFO - DAG(s) 'example_external_task_marker_parent', 'example_external_task_marker_child' retrieved from /Users/bhavishyachallagolla/Desktop/RetailSense/.venv/lib/python3.12/site-packages/airflow/example_dags/example_external_task_marker_dag.py
[2026-07-17T20:59:02.244+0530] {logging_mixin.py:190} INFO - [2026-07-17T20:59:02.244+0530] {workday.py:41} WARNING - Could not import pandas. Holidays will not be considered.
[2026-07-17T20:59:02.247+0530] {logging_mixin.py:190} INFO - [2026-07-17T20:59:02.247+0530] {dag.py:3239} INFO - Sync 2 DAGs
[2026-07-17T20:59:02.250+0530] {logging_mixin.py:190} INFO - [2026-07-17T20:59:02.250+0530] {dag.py:4180} INFO - Setting next_dagrun for example_external_task_marker_child to None, run_after=None
[2026-07-17T20:59:02.251+0530] {logging_mixin.py:190} INFO - [2026-07-17T20:59:02.251+0530] {dag.py:4180} INFO - Setting next_dagrun for example_external_task_marker_parent to None, run_after=None
[2026-07-17T20:59:02.255+0530] {processor.py:208} INFO - Processing /Users/bhavishyachallagolla/Desktop/RetailSense/.venv/lib/python3.12/site-packages/airflow/example_dags/example_external_task_marker_dag.py took 0.040 seconds
[2026-07-17T22:23:00.574+0530] {processor.py:186} INFO - Started process (PID=92154) to work on /Users/bhavishyachallagolla/Desktop/RetailSense/.venv/lib/python3.12/site-packages/airflow/example_dags/example_external_task_marker_dag.py
[2026-07-17T22:23:00.575+0530] {processor.py:914} INFO - Processing file /Users/bhavishyachallagolla/Desktop/RetailSense/.venv/lib/python3.12/site-packages/airflow/example_dags/example_external_task_marker_dag.py for tasks to queue
[2026-07-17T22:23:00.575+0530] {logging_mixin.py:190} INFO - [2026-07-17T22:23:00.575+0530] {dagbag.py:588} INFO - Filling up the DagBag from /Users/bhavishyachallagolla/Desktop/RetailSense/.venv/lib/python3.12/site-packages/airflow/example_dags/example_external_task_marker_dag.py
[2026-07-17T22:23:00.579+0530] {processor.py:925} INFO - DAG(s) 'example_external_task_marker_parent', 'example_external_task_marker_child' retrieved from /Users/bhavishyachallagolla/Desktop/RetailSense/.venv/lib/python3.12/site-packages/airflow/example_dags/example_external_task_marker_dag.py
[2026-07-17T22:23:00.601+0530] {logging_mixin.py:190} INFO - [2026-07-17T22:23:00.601+0530] {workday.py:41} WARNING - Could not import pandas. Holidays will not be considered.
[2026-07-17T22:23:00.605+0530] {logging_mixin.py:190} INFO - [2026-07-17T22:23:00.605+0530] {dag.py:3239} INFO - Sync 2 DAGs
[2026-07-17T22:23:00.608+0530] {logging_mixin.py:190} INFO - [2026-07-17T22:23:00.608+0530] {dag.py:4180} INFO - Setting next_dagrun for example_external_task_marker_child to None, run_after=None
[2026-07-17T22:23:00.608+0530] {logging_mixin.py:190} INFO - [2026-07-17T22:23:00.608+0530] {dag.py:4180} INFO - Setting next_dagrun for example_external_task_marker_parent to None, run_after=None
[2026-07-17T22:23:00.613+0530] {processor.py:208} INFO - Processing /Users/bhavishyachallagolla/Desktop/RetailSense/.venv/lib/python3.12/site-packages/airflow/example_dags/example_external_task_marker_dag.py took 0.040 seconds
[2026-07-17T22:24:40.530+0530] {processor.py:186} INFO - Started process (PID=92306) to work on /Users/bhavishyachallagolla/Desktop/RetailSense/.venv/lib/python3.12/site-packages/airflow/example_dags/example_external_task_marker_dag.py
[2026-07-17T22:24:40.532+0530] {processor.py:914} INFO - Processing file /Users/bhavishyachallagolla/Desktop/RetailSense/.venv/lib/python3.12/site-packages/airflow/example_dags/example_external_task_marker_dag.py for tasks to queue
[2026-07-17T22:24:40.532+0530] {logging_mixin.py:190} INFO - [2026-07-17T22:24:40.532+0530] {dagbag.py:588} INFO - Filling up the DagBag from /Users/bhavishyachallagolla/Desktop/RetailSense/.venv/lib/python3.12/site-packages/airflow/example_dags/example_external_task_marker_dag.py
[2026-07-17T22:24:40.536+0530] {processor.py:925} INFO - DAG(s) 'example_external_task_marker_child', 'example_external_task_marker_parent' retrieved from /Users/bhavishyachallagolla/Desktop/RetailSense/.venv/lib/python3.12/site-packages/airflow/example_dags/example_external_task_marker_dag.py
[2026-07-17T22:24:40.557+0530] {logging_mixin.py:190} INFO - [2026-07-17T22:24:40.557+0530] {workday.py:41} WARNING - Could not import pandas. Holidays will not be considered.
[2026-07-17T22:24:40.562+0530] {logging_mixin.py:190} INFO - [2026-07-17T22:24:40.562+0530] {dag.py:3239} INFO - Sync 2 DAGs
[2026-07-17T22:24:40.565+0530] {logging_mixin.py:190} INFO - [2026-07-17T22:24:40.565+0530] {dag.py:4180} INFO - Setting next_dagrun for example_external_task_marker_child to None, run_after=None
[2026-07-17T22:24:40.566+0530] {logging_mixin.py:190} INFO - [2026-07-17T22:24:40.566+0530] {dag.py:4180} INFO - Setting next_dagrun for example_external_task_marker_parent to None, run_after=None
[2026-07-17T22:24:40.570+0530] {processor.py:208} INFO - Processing /Users/bhavishyachallagolla/Desktop/RetailSense/.venv/lib/python3.12/site-packages/airflow/example_dags/example_external_task_marker_dag.py took 0.041 seconds
[2026-07-17T22:26:19.736+0530] {processor.py:186} INFO - Started process (PID=92456) to work on /Users/bhavishyachallagolla/Desktop/RetailSense/.venv/lib/python3.12/site-packages/airflow/example_dags/example_external_task_marker_dag.py
[2026-07-17T22:26:19.737+0530] {processor.py:914} INFO - Processing file /Users/bhavishyachallagolla/Desktop/RetailSense/.venv/lib/python3.12/site-packages/airflow/example_dags/example_external_task_marker_dag.py for tasks to queue
[2026-07-17T22:26:19.737+0530] {logging_mixin.py:190} INFO - [2026-07-17T22:26:19.737+0530] {dagbag.py:588} INFO - Filling up the DagBag from /Users/bhavishyachallagolla/Desktop/RetailSense/.venv/lib/python3.12/site-packages/airflow/example_dags/example_external_task_marker_dag.py
[2026-07-17T22:26:19.741+0530] {processor.py:925} INFO - DAG(s) 'example_external_task_marker_child', 'example_external_task_marker_parent' retrieved from /Users/bhavishyachallagolla/Desktop/RetailSense/.venv/lib/python3.12/site-packages/airflow/example_dags/example_external_task_marker_dag.py
[2026-07-17T22:26:19.763+0530] {logging_mixin.py:190} INFO - [2026-07-17T22:26:19.763+0530] {workday.py:41} WARNING - Could not import pandas. Holidays will not be considered.
[2026-07-17T22:26:19.768+0530] {logging_mixin.py:190} INFO - [2026-07-17T22:26:19.768+0530] {dag.py:3239} INFO - Sync 2 DAGs
[2026-07-17T22:26:19.771+0530] {logging_mixin.py:190} INFO - [2026-07-17T22:26:19.771+0530] {dag.py:4180} INFO - Setting next_dagrun for example_external_task_marker_child to None, run_after=None
[2026-07-17T22:26:19.771+0530] {logging_mixin.py:190} INFO - [2026-07-17T22:26:19.771+0530] {dag.py:4180} INFO - Setting next_dagrun for example_external_task_marker_parent to None, run_after=None
[2026-07-17T22:26:19.776+0530] {processor.py:208} INFO - Processing /Users/bhavishyachallagolla/Desktop/RetailSense/.venv/lib/python3.12/site-packages/airflow/example_dags/example_external_task_marker_dag.py took 0.040 seconds
[2026-07-17T22:28:00.603+0530] {processor.py:186} INFO - Started process (PID=92606) to work on /Users/bhavishyachallagolla/Desktop/RetailSense/.venv/lib/python3.12/site-packages/airflow/example_dags/example_external_task_marker_dag.py
[2026-07-17T22:28:00.605+0530] {processor.py:914} INFO - Processing file /Users/bhavishyachallagolla/Desktop/RetailSense/.venv/lib/python3.12/site-packages/airflow/example_dags/example_external_task_marker_dag.py for tasks to queue
[2026-07-17T22:28:00.605+0530] {logging_mixin.py:190} INFO - [2026-07-17T22:28:00.605+0530] {dagbag.py:588} INFO - Filling up the DagBag from /Users/bhavishyachallagolla/Desktop/RetailSense/.venv/lib/python3.12/site-packages/airflow/example_dags/example_external_task_marker_dag.py
[2026-07-17T22:28:00.608+0530] {processor.py:925} INFO - DAG(s) 'example_external_task_marker_parent', 'example_external_task_marker_child' retrieved from /Users/bhavishyachallagolla/Desktop/RetailSense/.venv/lib/python3.12/site-packages/airflow/example_dags/example_external_task_marker_dag.py
[2026-07-17T22:28:00.631+0530] {logging_mixin.py:190} INFO - [2026-07-17T22:28:00.631+0530] {workday.py:41} WARNING - Could not import pandas. Holidays will not be considered.
[2026-07-17T22:28:00.635+0530] {logging_mixin.py:190} INFO - [2026-07-17T22:28:00.635+0530] {dag.py:3239} INFO - Sync 2 DAGs
[2026-07-17T22:28:00.638+0530] {logging_mixin.py:190} INFO - [2026-07-17T22:28:00.638+0530] {dag.py:4180} INFO - Setting next_dagrun for example_external_task_marker_child to None, run_after=None
[2026-07-17T22:28:00.638+0530] {logging_mixin.py:190} INFO - [2026-07-17T22:28:00.638+0530] {dag.py:4180} INFO - Setting next_dagrun for example_external_task_marker_parent to None, run_after=None
[2026-07-17T22:28:00.643+0530] {processor.py:208} INFO - Processing /Users/bhavishyachallagolla/Desktop/RetailSense/.venv/lib/python3.12/site-packages/airflow/example_dags/example_external_task_marker_dag.py took 0.040 seconds
[2026-07-17T22:29:37.014+0530] {processor.py:186} INFO - Started process (PID=92751) to work on /Users/bhavishyachallagolla/Desktop/RetailSense/.venv/lib/python3.12/site-packages/airflow/example_dags/example_external_task_marker_dag.py
[2026-07-17T22:29:37.015+0530] {processor.py:914} INFO - Processing file /Users/bhavishyachallagolla/Desktop/RetailSense/.venv/lib/python3.12/site-packages/airflow/example_dags/example_external_task_marker_dag.py for tasks to queue
[2026-07-17T22:29:37.015+0530] {logging_mixin.py:190} INFO - [2026-07-17T22:29:37.015+0530] {dagbag.py:588} INFO - Filling up the DagBag from /Users/bhavishyachallagolla/Desktop/RetailSense/.venv/lib/python3.12/site-packages/airflow/example_dags/example_external_task_marker_dag.py
[2026-07-17T22:29:37.019+0530] {processor.py:925} INFO - DAG(s) 'example_external_task_marker_parent', 'example_external_task_marker_child' retrieved from /Users/bhavishyachallagolla/Desktop/RetailSense/.venv/lib/python3.12/site-packages/airflow/example_dags/example_external_task_marker_dag.py
[2026-07-17T22:29:37.042+0530] {logging_mixin.py:190} INFO - [2026-07-17T22:29:37.042+0530] {workday.py:41} WARNING - Could not import pandas. Holidays will not be considered.
[2026-07-17T22:29:37.046+0530] {logging_mixin.py:190} INFO - [2026-07-17T22:29:37.046+0530] {dag.py:3239} INFO - Sync 2 DAGs
[2026-07-17T22:29:37.049+0530] {logging_mixin.py:190} INFO - [2026-07-17T22:29:37.049+0530] {dag.py:4180} INFO - Setting next_dagrun for example_external_task_marker_child to None, run_after=None
[2026-07-17T22:29:37.050+0530] {logging_mixin.py:190} INFO - [2026-07-17T22:29:37.050+0530] {dag.py:4180} INFO - Setting next_dagrun for example_external_task_marker_parent to None, run_after=None
[2026-07-17T22:29:37.054+0530] {processor.py:208} INFO - Processing /Users/bhavishyachallagolla/Desktop/RetailSense/.venv/lib/python3.12/site-packages/airflow/example_dags/example_external_task_marker_dag.py took 0.041 seconds
[2026-07-17T22:31:18.072+0530] {processor.py:186} INFO - Started process (PID=92905) to work on /Users/bhavishyachallagolla/Desktop/RetailSense/.venv/lib/python3.12/site-packages/airflow/example_dags/example_external_task_marker_dag.py
[2026-07-17T22:31:18.073+0530] {processor.py:914} INFO - Processing file /Users/bhavishyachallagolla/Desktop/RetailSense/.venv/lib/python3.12/site-packages/airflow/example_dags/example_external_task_marker_dag.py for tasks to queue
[2026-07-17T22:31:18.073+0530] {logging_mixin.py:190} INFO - [2026-07-17T22:31:18.073+0530] {dagbag.py:588} INFO - Filling up the DagBag from /Users/bhavishyachallagolla/Desktop/RetailSense/.venv/lib/python3.12/site-packages/airflow/example_dags/example_external_task_marker_dag.py
[2026-07-17T22:31:18.077+0530] {processor.py:925} INFO - DAG(s) 'example_external_task_marker_child', 'example_external_task_marker_parent' retrieved from /Users/bhavishyachallagolla/Desktop/RetailSense/.venv/lib/python3.12/site-packages/airflow/example_dags/example_external_task_marker_dag.py
[2026-07-17T22:31:18.099+0530] {logging_mixin.py:190} INFO - [2026-07-17T22:31:18.099+0530] {workday.py:41} WARNING - Could not import pandas. Holidays will not be considered.
[2026-07-17T22:31:18.104+0530] {logging_mixin.py:190} INFO - [2026-07-17T22:31:18.104+0530] {dag.py:3239} INFO - Sync 2 DAGs
[2026-07-17T22:31:18.107+0530] {logging_mixin.py:190} INFO - [2026-07-17T22:31:18.107+0530] {dag.py:4180} INFO - Setting next_dagrun for example_external_task_marker_child to None, run_after=None
[2026-07-17T22:31:18.107+0530] {logging_mixin.py:190} INFO - [2026-07-17T22:31:18.107+0530] {dag.py:4180} INFO - Setting next_dagrun for example_external_task_marker_parent to None, run_after=None
[2026-07-17T22:31:18.112+0530] {processor.py:208} INFO - Processing /Users/bhavishyachallagolla/Desktop/RetailSense/.venv/lib/python3.12/site-packages/airflow/example_dags/example_external_task_marker_dag.py took 0.041 seconds
[2026-07-17T22:32:59.388+0530] {processor.py:186} INFO - Started process (PID=93063) to work on /Users/bhavishyachallagolla/Desktop/RetailSense/.venv/lib/python3.12/site-packages/airflow/example_dags/example_external_task_marker_dag.py
[2026-07-17T22:32:59.389+0530] {processor.py:914} INFO - Processing file /Users/bhavishyachallagolla/Desktop/RetailSense/.venv/lib/python3.12/site-packages/airflow/example_dags/example_external_task_marker_dag.py for tasks to queue
[2026-07-17T22:32:59.389+0530] {logging_mixin.py:190} INFO - [2026-07-17T22:32:59.389+0530] {dagbag.py:588} INFO - Filling up the DagBag from /Users/bhavishyachallagolla/Desktop/RetailSense/.venv/lib/python3.12/site-packages/airflow/example_dags/example_external_task_marker_dag.py
[2026-07-17T22:32:59.393+0530] {processor.py:925} INFO - DAG(s) 'example_external_task_marker_parent', 'example_external_task_marker_child' retrieved from /Users/bhavishyachallagolla/Desktop/RetailSense/.venv/lib/python3.12/site-packages/airflow/example_dags/example_external_task_marker_dag.py
[2026-07-17T22:32:59.416+0530] {logging_mixin.py:190} INFO - [2026-07-17T22:32:59.416+0530] {workday.py:41} WARNING - Could not import pandas. Holidays will not be considered.
[2026-07-17T22:32:59.419+0530] {logging_mixin.py:190} INFO - [2026-07-17T22:32:59.419+0530] {dag.py:3239} INFO - Sync 2 DAGs
[2026-07-17T22:32:59.422+0530] {logging_mixin.py:190} INFO - [2026-07-17T22:32:59.422+0530] {dag.py:4180} INFO - Setting next_dagrun for example_external_task_marker_child to None, run_after=None
[2026-07-17T22:32:59.423+0530] {logging_mixin.py:190} INFO - [2026-07-17T22:32:59.423+0530] {dag.py:4180} INFO - Setting next_dagrun for example_external_task_marker_parent to None, run_after=None
[2026-07-17T22:32:59.427+0530] {processor.py:208} INFO - Processing /Users/bhavishyachallagolla/Desktop/RetailSense/.venv/lib/python3.12/site-packages/airflow/example_dags/example_external_task_marker_dag.py took 0.040 seconds
[2026-07-17T22:34:38.610+0530] {processor.py:186} INFO - Started process (PID=93211) to work on /Users/bhavishyachallagolla/Desktop/RetailSense/.venv/lib/python3.12/site-packages/airflow/example_dags/example_external_task_marker_dag.py
[2026-07-17T22:34:38.611+0530] {processor.py:914} INFO - Processing file /Users/bhavishyachallagolla/Desktop/RetailSense/.venv/lib/python3.12/site-packages/airflow/example_dags/example_external_task_marker_dag.py for tasks to queue
[2026-07-17T22:34:38.611+0530] {logging_mixin.py:190} INFO - [2026-07-17T22:34:38.611+0530] {dagbag.py:588} INFO - Filling up the DagBag from /Users/bhavishyachallagolla/Desktop/RetailSense/.venv/lib/python3.12/site-packages/airflow/example_dags/example_external_task_marker_dag.py
[2026-07-17T22:34:38.615+0530] {processor.py:925} INFO - DAG(s) 'example_external_task_marker_child', 'example_external_task_marker_parent' retrieved from /Users/bhavishyachallagolla/Desktop/RetailSense/.venv/lib/python3.12/site-packages/airflow/example_dags/example_external_task_marker_dag.py
[2026-07-17T22:34:38.637+0530] {logging_mixin.py:190} INFO - [2026-07-17T22:34:38.637+0530] {workday.py:41} WARNING - Could not import pandas. Holidays will not be considered.
[2026-07-17T22:34:38.642+0530] {logging_mixin.py:190} INFO - [2026-07-17T22:34:38.642+0530] {dag.py:3239} INFO - Sync 2 DAGs
[2026-07-17T22:34:38.645+0530] {logging_mixin.py:190} INFO - [2026-07-17T22:34:38.645+0530] {dag.py:4180} INFO - Setting next_dagrun for example_external_task_marker_child to None, run_after=None
[2026-07-17T22:34:38.646+0530] {logging_mixin.py:190} INFO - [2026-07-17T22:34:38.646+0530] {dag.py:4180} INFO - Setting next_dagrun for example_external_task_marker_parent to None, run_after=None
[2026-07-17T22:34:38.651+0530] {processor.py:208} INFO - Processing /Users/bhavishyachallagolla/Desktop/RetailSense/.venv/lib/python3.12/site-packages/airflow/example_dags/example_external_task_marker_dag.py took 0.042 seconds
[2026-07-17T22:36:19.585+0530] {processor.py:186} INFO - Started process (PID=93362) to work on /Users/bhavishyachallagolla/Desktop/RetailSense/.venv/lib/python3.12/site-packages/airflow/example_dags/example_external_task_marker_dag.py
[2026-07-17T22:36:19.586+0530] {processor.py:914} INFO - Processing file /Users/bhavishyachallagolla/Desktop/RetailSense/.venv/lib/python3.12/site-packages/airflow/example_dags/example_external_task_marker_dag.py for tasks to queue
[2026-07-17T22:36:19.587+0530] {logging_mixin.py:190} INFO - [2026-07-17T22:36:19.587+0530] {dagbag.py:588} INFO - Filling up the DagBag from /Users/bhavishyachallagolla/Desktop/RetailSense/.venv/lib/python3.12/site-packages/airflow/example_dags/example_external_task_marker_dag.py
[2026-07-17T22:36:19.590+0530] {processor.py:925} INFO - DAG(s) 'example_external_task_marker_parent', 'example_external_task_marker_child' retrieved from /Users/bhavishyachallagolla/Desktop/RetailSense/.venv/lib/python3.12/site-packages/airflow/example_dags/example_external_task_marker_dag.py
[2026-07-17T22:36:19.614+0530] {logging_mixin.py:190} INFO - [2026-07-17T22:36:19.614+0530] {workday.py:41} WARNING - Could not import pandas. Holidays will not be considered.
[2026-07-17T22:36:19.618+0530] {logging_mixin.py:190} INFO - [2026-07-17T22:36:19.617+0530] {dag.py:3239} INFO - Sync 2 DAGs
[2026-07-17T22:36:19.620+0530] {logging_mixin.py:190} INFO - [2026-07-17T22:36:19.620+0530] {dag.py:4180} INFO - Setting next_dagrun for example_external_task_marker_child to None, run_after=None
[2026-07-17T22:36:19.621+0530] {logging_mixin.py:190} INFO - [2026-07-17T22:36:19.621+0530] {dag.py:4180} INFO - Setting next_dagrun for example_external_task_marker_parent to None, run_after=None
[2026-07-17T22:36:19.625+0530] {processor.py:208} INFO - Processing /Users/bhavishyachallagolla/Desktop/RetailSense/.venv/lib/python3.12/site-packages/airflow/example_dags/example_external_task_marker_dag.py took 0.041 seconds
[2026-07-17T22:38:00.405+0530] {processor.py:186} INFO - Started process (PID=93522) to work on /Users/bhavishyachallagolla/Desktop/RetailSense/.venv/lib/python3.12/site-packages/airflow/example_dags/example_external_task_marker_dag.py
[2026-07-17T22:38:00.406+0530] {processor.py:914} INFO - Processing file /Users/bhavishyachallagolla/Desktop/RetailSense/.venv/lib/python3.12/site-packages/airflow/example_dags/example_external_task_marker_dag.py for tasks to queue
[2026-07-17T22:38:00.406+0530] {logging_mixin.py:190} INFO - [2026-07-17T22:38:00.406+0530] {dagbag.py:588} INFO - Filling up the DagBag from /Users/bhavishyachallagolla/Desktop/RetailSense/.venv/lib/python3.12/site-packages/airflow/example_dags/example_external_task_marker_dag.py
[2026-07-17T22:38:00.410+0530] {processor.py:925} INFO - DAG(s) 'example_external_task_marker_parent', 'example_external_task_marker_child' retrieved from /Users/bhavishyachallagolla/Desktop/RetailSense/.venv/lib/python3.12/site-packages/airflow/example_dags/example_external_task_marker_dag.py
[2026-07-17T22:38:00.434+0530] {logging_mixin.py:190} INFO - [2026-07-17T22:38:00.434+0530] {workday.py:41} WARNING - Could not import pandas. Holidays will not be considered.
[2026-07-17T22:38:00.437+0530] {logging_mixin.py:190} INFO - [2026-07-17T22:38:00.437+0530] {dag.py:3239} INFO - Sync 2 DAGs
[2026-07-17T22:38:00.440+0530] {logging_mixin.py:190} INFO - [2026-07-17T22:38:00.440+0530] {dag.py:4180} INFO - Setting next_dagrun for example_external_task_marker_child to None, run_after=None
[2026-07-17T22:38:00.441+0530] {logging_mixin.py:190} INFO - [2026-07-17T22:38:00.441+0530] {dag.py:4180} INFO - Setting next_dagrun for example_external_task_marker_parent to None, run_after=None
[2026-07-17T22:38:00.445+0530] {processor.py:208} INFO - Processing /Users/bhavishyachallagolla/Desktop/RetailSense/.venv/lib/python3.12/site-packages/airflow/example_dags/example_external_task_marker_dag.py took 0.041 seconds
[2026-07-17T22:39:39.149+0530] {processor.py:186} INFO - Started process (PID=93670) to work on /Users/bhavishyachallagolla/Desktop/RetailSense/.venv/lib/python3.12/site-packages/airflow/example_dags/example_external_task_marker_dag.py
[2026-07-17T22:39:39.149+0530] {processor.py:914} INFO - Processing file /Users/bhavishyachallagolla/Desktop/RetailSense/.venv/lib/python3.12/site-packages/airflow/example_dags/example_external_task_marker_dag.py for tasks to queue
[2026-07-17T22:39:39.149+0530] {logging_mixin.py:190} INFO - [2026-07-17T22:39:39.149+0530] {dagbag.py:588} INFO - Filling up the DagBag from /Users/bhavishyachallagolla/Desktop/RetailSense/.venv/lib/python3.12/site-packages/airflow/example_dags/example_external_task_marker_dag.py
[2026-07-17T22:39:39.153+0530] {processor.py:925} INFO - DAG(s) 'example_external_task_marker_child', 'example_external_task_marker_parent' retrieved from /Users/bhavishyachallagolla/Desktop/RetailSense/.venv/lib/python3.12/site-packages/airflow/example_dags/example_external_task_marker_dag.py
[2026-07-17T22:39:39.175+0530] {logging_mixin.py:190} INFO - [2026-07-17T22:39:39.175+0530] {workday.py:41} WARNING - Could not import pandas. Holidays will not be considered.
[2026-07-17T22:39:39.180+0530] {logging_mixin.py:190} INFO - [2026-07-17T22:39:39.180+0530] {dag.py:3239} INFO - Sync 2 DAGs
[2026-07-17T22:39:39.183+0530] {logging_mixin.py:190} INFO - [2026-07-17T22:39:39.183+0530] {dag.py:4180} INFO - Setting next_dagrun for example_external_task_marker_child to None, run_after=None
[2026-07-17T22:39:39.184+0530] {logging_mixin.py:190} INFO - [2026-07-17T22:39:39.184+0530] {dag.py:4180} INFO - Setting next_dagrun for example_external_task_marker_parent to None, run_after=None
[2026-07-17T22:39:39.189+0530] {processor.py:208} INFO - Processing /Users/bhavishyachallagolla/Desktop/RetailSense/.venv/lib/python3.12/site-packages/airflow/example_dags/example_external_task_marker_dag.py took 0.041 seconds
[2026-07-17T22:41:19.687+0530] {processor.py:186} INFO - Started process (PID=93820) to work on /Users/bhavishyachallagolla/Desktop/RetailSense/.venv/lib/python3.12/site-packages/airflow/example_dags/example_external_task_marker_dag.py
[2026-07-17T22:41:19.688+0530] {processor.py:914} INFO - Processing file /Users/bhavishyachallagolla/Desktop/RetailSense/.venv/lib/python3.12/site-packages/airflow/example_dags/example_external_task_marker_dag.py for tasks to queue
[2026-07-17T22:41:19.689+0530] {logging_mixin.py:190} INFO - [2026-07-17T22:41:19.689+0530] {dagbag.py:588} INFO - Filling up the DagBag from /Users/bhavishyachallagolla/Desktop/RetailSense/.venv/lib/python3.12/site-packages/airflow/example_dags/example_external_task_marker_dag.py
[2026-07-17T22:41:19.693+0530] {processor.py:925} INFO - DAG(s) 'example_external_task_marker_child', 'example_external_task_marker_parent' retrieved from /Users/bhavishyachallagolla/Desktop/RetailSense/.venv/lib/python3.12/site-packages/airflow/example_dags/example_external_task_marker_dag.py
[2026-07-17T22:41:19.717+0530] {logging_mixin.py:190} INFO - [2026-07-17T22:41:19.717+0530] {workday.py:41} WARNING - Could not import pandas. Holidays will not be considered.
[2026-07-17T22:41:19.722+0530] {logging_mixin.py:190} INFO - [2026-07-17T22:41:19.722+0530] {dag.py:3239} INFO - Sync 2 DAGs
[2026-07-17T22:41:19.726+0530] {logging_mixin.py:190} INFO - [2026-07-17T22:41:19.725+0530] {dag.py:4180} INFO - Setting next_dagrun for example_external_task_marker_child to None, run_after=None
[2026-07-17T22:41:19.726+0530] {logging_mixin.py:190} INFO - [2026-07-17T22:41:19.726+0530] {dag.py:4180} INFO - Setting next_dagrun for example_external_task_marker_parent to None, run_after=None
[2026-07-17T22:41:19.731+0530] {processor.py:208} INFO - Processing /Users/bhavishyachallagolla/Desktop/RetailSense/.venv/lib/python3.12/site-packages/airflow/example_dags/example_external_task_marker_dag.py took 0.045 seconds
[2026-07-17T22:43:00.877+0530] {processor.py:186} INFO - Started process (PID=93972) to work on /Users/bhavishyachallagolla/Desktop/RetailSense/.venv/lib/python3.12/site-packages/airflow/example_dags/example_external_task_marker_dag.py
[2026-07-17T22:43:00.878+0530] {processor.py:914} INFO - Processing file /Users/bhavishyachallagolla/Desktop/RetailSense/.venv/lib/python3.12/site-packages/airflow/example_dags/example_external_task_marker_dag.py for tasks to queue
[2026-07-17T22:43:00.879+0530] {logging_mixin.py:190} INFO - [2026-07-17T22:43:00.879+0530] {dagbag.py:588} INFO - Filling up the DagBag from /Users/bhavishyachallagolla/Desktop/RetailSense/.venv/lib/python3.12/site-packages/airflow/example_dags/example_external_task_marker_dag.py
[2026-07-17T22:43:00.883+0530] {processor.py:925} INFO - DAG(s) 'example_external_task_marker_child', 'example_external_task_marker_parent' retrieved from /Users/bhavishyachallagolla/Desktop/RetailSense/.venv/lib/python3.12/site-packages/airflow/example_dags/example_external_task_marker_dag.py
[2026-07-17T22:43:00.905+0530] {logging_mixin.py:190} INFO - [2026-07-17T22:43:00.905+0530] {workday.py:41} WARNING - Could not import pandas. Holidays will not be considered.
[2026-07-17T22:43:00.910+0530] {logging_mixin.py:190} INFO - [2026-07-17T22:43:00.910+0530] {dag.py:3239} INFO - Sync 2 DAGs
[2026-07-17T22:43:00.913+0530] {logging_mixin.py:190} INFO - [2026-07-17T22:43:00.913+0530] {dag.py:4180} INFO - Setting next_dagrun for example_external_task_marker_child to None, run_after=None
[2026-07-17T22:43:00.913+0530] {logging_mixin.py:190} INFO - [2026-07-17T22:43:00.913+0530] {dag.py:4180} INFO - Setting next_dagrun for example_external_task_marker_parent to None, run_after=None
[2026-07-17T22:43:00.918+0530] {processor.py:208} INFO - Processing /Users/bhavishyachallagolla/Desktop/RetailSense/.venv/lib/python3.12/site-packages/airflow/example_dags/example_external_task_marker_dag.py took 0.042 seconds
[2026-07-17T22:44:40.494+0530] {processor.py:186} INFO - Started process (PID=94121) to work on /Users/bhavishyachallagolla/Desktop/RetailSense/.venv/lib/python3.12/site-packages/airflow/example_dags/example_external_task_marker_dag.py
[2026-07-17T22:44:40.494+0530] {processor.py:914} INFO - Processing file /Users/bhavishyachallagolla/Desktop/RetailSense/.venv/lib/python3.12/site-packages/airflow/example_dags/example_external_task_marker_dag.py for tasks to queue
[2026-07-17T22:44:40.495+0530] {logging_mixin.py:190} INFO - [2026-07-17T22:44:40.495+0530] {dagbag.py:588} INFO - Filling up the DagBag from /Users/bhavishyachallagolla/Desktop/RetailSense/.venv/lib/python3.12/site-packages/airflow/example_dags/example_external_task_marker_dag.py
[2026-07-17T22:44:40.498+0530] {processor.py:925} INFO - DAG(s) 'example_external_task_marker_child', 'example_external_task_marker_parent' retrieved from /Users/bhavishyachallagolla/Desktop/RetailSense/.venv/lib/python3.12/site-packages/airflow/example_dags/example_external_task_marker_dag.py
[2026-07-17T22:44:40.520+0530] {logging_mixin.py:190} INFO - [2026-07-17T22:44:40.520+0530] {workday.py:41} WARNING - Could not import pandas. Holidays will not be considered.
[2026-07-17T22:44:40.526+0530] {logging_mixin.py:190} INFO - [2026-07-17T22:44:40.525+0530] {dag.py:3239} INFO - Sync 2 DAGs
[2026-07-17T22:44:40.528+0530] {logging_mixin.py:190} INFO - [2026-07-17T22:44:40.528+0530] {dag.py:4180} INFO - Setting next_dagrun for example_external_task_marker_child to None, run_after=None
[2026-07-17T22:44:40.529+0530] {logging_mixin.py:190} INFO - [2026-07-17T22:44:40.529+0530] {dag.py:4180} INFO - Setting next_dagrun for example_external_task_marker_parent to None, run_after=None
[2026-07-17T22:44:40.534+0530] {processor.py:208} INFO - Processing /Users/bhavishyachallagolla/Desktop/RetailSense/.venv/lib/python3.12/site-packages/airflow/example_dags/example_external_task_marker_dag.py took 0.041 seconds
[2026-07-17T22:46:17.769+0530] {processor.py:186} INFO - Started process (PID=94266) to work on /Users/bhavishyachallagolla/Desktop/RetailSense/.venv/lib/python3.12/site-packages/airflow/example_dags/example_external_task_marker_dag.py
[2026-07-17T22:46:17.770+0530] {processor.py:914} INFO - Processing file /Users/bhavishyachallagolla/Desktop/RetailSense/.venv/lib/python3.12/site-packages/airflow/example_dags/example_external_task_marker_dag.py for tasks to queue
[2026-07-17T22:46:17.770+0530] {logging_mixin.py:190} INFO - [2026-07-17T22:46:17.770+0530] {dagbag.py:588} INFO - Filling up the DagBag from /Users/bhavishyachallagolla/Desktop/RetailSense/.venv/lib/python3.12/site-packages/airflow/example_dags/example_external_task_marker_dag.py
[2026-07-17T22:46:17.774+0530] {processor.py:925} INFO - DAG(s) 'example_external_task_marker_child', 'example_external_task_marker_parent' retrieved from /Users/bhavishyachallagolla/Desktop/RetailSense/.venv/lib/python3.12/site-packages/airflow/example_dags/example_external_task_marker_dag.py
[2026-07-17T22:46:17.796+0530] {logging_mixin.py:190} INFO - [2026-07-17T22:46:17.796+0530] {workday.py:41} WARNING - Could not import pandas. Holidays will not be considered.
[2026-07-17T22:46:17.801+0530] {logging_mixin.py:190} INFO - [2026-07-17T22:46:17.801+0530] {dag.py:3239} INFO - Sync 2 DAGs
[2026-07-17T22:46:17.804+0530] {logging_mixin.py:190} INFO - [2026-07-17T22:46:17.804+0530] {dag.py:4180} INFO - Setting next_dagrun for example_external_task_marker_child to None, run_after=None
[2026-07-17T22:46:17.805+0530] {logging_mixin.py:190} INFO - [2026-07-17T22:46:17.805+0530] {dag.py:4180} INFO - Setting next_dagrun for example_external_task_marker_parent to None, run_after=None
[2026-07-17T22:46:17.809+0530] {processor.py:208} INFO - Processing /Users/bhavishyachallagolla/Desktop/RetailSense/.venv/lib/python3.12/site-packages/airflow/example_dags/example_external_task_marker_dag.py took 0.041 seconds
[2026-07-17T22:47:57.890+0530] {processor.py:186} INFO - Started process (PID=94417) to work on /Users/bhavishyachallagolla/Desktop/RetailSense/.venv/lib/python3.12/site-packages/airflow/example_dags/example_external_task_marker_dag.py
[2026-07-17T22:47:57.890+0530] {processor.py:914} INFO - Processing file /Users/bhavishyachallagolla/Desktop/RetailSense/.venv/lib/python3.12/site-packages/airflow/example_dags/example_external_task_marker_dag.py for tasks to queue
[2026-07-17T22:47:57.890+0530] {logging_mixin.py:190} INFO - [2026-07-17T22:47:57.890+0530] {dagbag.py:588} INFO - Filling up the DagBag from /Users/bhavishyachallagolla/Desktop/RetailSense/.venv/lib/python3.12/site-packages/airflow/example_dags/example_external_task_marker_dag.py
[2026-07-17T22:47:57.894+0530] {processor.py:925} INFO - DAG(s) 'example_external_task_marker_parent', 'example_external_task_marker_child' retrieved from /Users/bhavishyachallagolla/Desktop/RetailSense/.venv/lib/python3.12/site-packages/airflow/example_dags/example_external_task_marker_dag.py
[2026-07-17T22:47:57.917+0530] {logging_mixin.py:190} INFO - [2026-07-17T22:47:57.917+0530] {workday.py:41} WARNING - Could not import pandas. Holidays will not be considered.
[2026-07-17T22:47:57.921+0530] {logging_mixin.py:190} INFO - [2026-07-17T22:47:57.921+0530] {dag.py:3239} INFO - Sync 2 DAGs
[2026-07-17T22:47:57.924+0530] {logging_mixin.py:190} INFO - [2026-07-17T22:47:57.924+0530] {dag.py:4180} INFO - Setting next_dagrun for example_external_task_marker_child to None, run_after=None
[2026-07-17T22:47:57.925+0530] {logging_mixin.py:190} INFO - [2026-07-17T22:47:57.925+0530] {dag.py:4180} INFO - Setting next_dagrun for example_external_task_marker_parent to None, run_after=None
[2026-07-17T22:47:57.929+0530] {processor.py:208} INFO - Processing /Users/bhavishyachallagolla/Desktop/RetailSense/.venv/lib/python3.12/site-packages/airflow/example_dags/example_external_task_marker_dag.py took 0.041 seconds
[2026-07-17T22:49:55.745+0530] {processor.py:186} INFO - Started process (PID=94572) to work on /Users/bhavishyachallagolla/Desktop/RetailSense/.venv/lib/python3.12/site-packages/airflow/example_dags/example_external_task_marker_dag.py
[2026-07-17T22:49:55.746+0530] {processor.py:914} INFO - Processing file /Users/bhavishyachallagolla/Desktop/RetailSense/.venv/lib/python3.12/site-packages/airflow/example_dags/example_external_task_marker_dag.py for tasks to queue
[2026-07-17T22:49:55.747+0530] {logging_mixin.py:190} INFO - [2026-07-17T22:49:55.747+0530] {dagbag.py:588} INFO - Filling up the DagBag from /Users/bhavishyachallagolla/Desktop/RetailSense/.venv/lib/python3.12/site-packages/airflow/example_dags/example_external_task_marker_dag.py
[2026-07-17T22:49:55.750+0530] {processor.py:925} INFO - DAG(s) 'example_external_task_marker_parent', 'example_external_task_marker_child' retrieved from /Users/bhavishyachallagolla/Desktop/RetailSense/.venv/lib/python3.12/site-packages/airflow/example_dags/example_external_task_marker_dag.py
[2026-07-17T22:49:55.774+0530] {logging_mixin.py:190} INFO - [2026-07-17T22:49:55.774+0530] {workday.py:41} WARNING - Could not import pandas. Holidays will not be considered.
[2026-07-17T22:49:55.778+0530] {logging_mixin.py:190} INFO - [2026-07-17T22:49:55.778+0530] {dag.py:3239} INFO - Sync 2 DAGs
[2026-07-17T22:49:55.781+0530] {logging_mixin.py:190} INFO - [2026-07-17T22:49:55.781+0530] {dag.py:4180} INFO - Setting next_dagrun for example_external_task_marker_child to None, run_after=None
[2026-07-17T22:49:55.781+0530] {logging_mixin.py:190} INFO - [2026-07-17T22:49:55.781+0530] {dag.py:4180} INFO - Setting next_dagrun for example_external_task_marker_parent to None, run_after=None
[2026-07-17T22:49:55.786+0530] {processor.py:208} INFO - Processing /Users/bhavishyachallagolla/Desktop/RetailSense/.venv/lib/python3.12/site-packages/airflow/example_dags/example_external_task_marker_dag.py took 0.041 seconds
[2026-07-17T22:51:32.852+0530] {processor.py:186} INFO - Started process (PID=94722) to work on /Users/bhavishyachallagolla/Desktop/RetailSense/.venv/lib/python3.12/site-packages/airflow/example_dags/example_external_task_marker_dag.py
[2026-07-17T22:51:32.853+0530] {processor.py:914} INFO - Processing file /Users/bhavishyachallagolla/Desktop/RetailSense/.venv/lib/python3.12/site-packages/airflow/example_dags/example_external_task_marker_dag.py for tasks to queue
[2026-07-17T22:51:32.853+0530] {logging_mixin.py:190} INFO - [2026-07-17T22:51:32.853+0530] {dagbag.py:588} INFO - Filling up the DagBag from /Users/bhavishyachallagolla/Desktop/RetailSense/.venv/lib/python3.12/site-packages/airflow/example_dags/example_external_task_marker_dag.py
[2026-07-17T22:51:32.857+0530] {processor.py:925} INFO - DAG(s) 'example_external_task_marker_parent', 'example_external_task_marker_child' retrieved from /Users/bhavishyachallagolla/Desktop/RetailSense/.venv/lib/python3.12/site-packages/airflow/example_dags/example_external_task_marker_dag.py
[2026-07-17T22:51:32.881+0530] {logging_mixin.py:190} INFO - [2026-07-17T22:51:32.881+0530] {workday.py:41} WARNING - Could not import pandas. Holidays will not be considered.
[2026-07-17T22:51:32.884+0530] {logging_mixin.py:190} INFO - [2026-07-17T22:51:32.884+0530] {dag.py:3239} INFO - Sync 2 DAGs
[2026-07-17T22:51:32.887+0530] {logging_mixin.py:190} INFO - [2026-07-17T22:51:32.887+0530] {dag.py:4180} INFO - Setting next_dagrun for example_external_task_marker_child to None, run_after=None
[2026-07-17T22:51:32.888+0530] {logging_mixin.py:190} INFO - [2026-07-17T22:51:32.888+0530] {dag.py:4180} INFO - Setting next_dagrun for example_external_task_marker_parent to None, run_after=None
[2026-07-17T22:51:32.892+0530] {processor.py:208} INFO - Processing /Users/bhavishyachallagolla/Desktop/RetailSense/.venv/lib/python3.12/site-packages/airflow/example_dags/example_external_task_marker_dag.py took 0.041 seconds
[2026-07-17T22:53:10.329+0530] {processor.py:186} INFO - Started process (PID=94872) to work on /Users/bhavishyachallagolla/Desktop/RetailSense/.venv/lib/python3.12/site-packages/airflow/example_dags/example_external_task_marker_dag.py
[2026-07-17T22:53:10.331+0530] {processor.py:914} INFO - Processing file /Users/bhavishyachallagolla/Desktop/RetailSense/.venv/lib/python3.12/site-packages/airflow/example_dags/example_external_task_marker_dag.py for tasks to queue
[2026-07-17T22:53:10.331+0530] {logging_mixin.py:190} INFO - [2026-07-17T22:53:10.331+0530] {dagbag.py:588} INFO - Filling up the DagBag from /Users/bhavishyachallagolla/Desktop/RetailSense/.venv/lib/python3.12/site-packages/airflow/example_dags/example_external_task_marker_dag.py
[2026-07-17T22:53:10.335+0530] {processor.py:925} INFO - DAG(s) 'example_external_task_marker_child', 'example_external_task_marker_parent' retrieved from /Users/bhavishyachallagolla/Desktop/RetailSense/.venv/lib/python3.12/site-packages/airflow/example_dags/example_external_task_marker_dag.py
[2026-07-17T22:53:10.357+0530] {logging_mixin.py:190} INFO - [2026-07-17T22:53:10.357+0530] {workday.py:41} WARNING - Could not import pandas. Holidays will not be considered.
[2026-07-17T22:53:10.362+0530] {logging_mixin.py:190} INFO - [2026-07-17T22:53:10.362+0530] {dag.py:3239} INFO - Sync 2 DAGs
[2026-07-17T22:53:10.365+0530] {logging_mixin.py:190} INFO - [2026-07-17T22:53:10.365+0530] {dag.py:4180} INFO - Setting next_dagrun for example_external_task_marker_child to None, run_after=None
[2026-07-17T22:53:10.366+0530] {logging_mixin.py:190} INFO - [2026-07-17T22:53:10.366+0530] {dag.py:4180} INFO - Setting next_dagrun for example_external_task_marker_parent to None, run_after=None
[2026-07-17T22:53:10.370+0530] {processor.py:208} INFO - Processing /Users/bhavishyachallagolla/Desktop/RetailSense/.venv/lib/python3.12/site-packages/airflow/example_dags/example_external_task_marker_dag.py took 0.042 seconds
[2026-07-17T22:54:50.437+0530] {processor.py:186} INFO - Started process (PID=95023) to work on /Users/bhavishyachallagolla/Desktop/RetailSense/.venv/lib/python3.12/site-packages/airflow/example_dags/example_external_task_marker_dag.py
[2026-07-17T22:54:50.439+0530] {processor.py:914} INFO - Processing file /Users/bhavishyachallagolla/Desktop/RetailSense/.venv/lib/python3.12/site-packages/airflow/example_dags/example_external_task_marker_dag.py for tasks to queue
[2026-07-17T22:54:50.439+0530] {logging_mixin.py:190} INFO - [2026-07-17T22:54:50.439+0530] {dagbag.py:588} INFO - Filling up the DagBag from /Users/bhavishyachallagolla/Desktop/RetailSense/.venv/lib/python3.12/site-packages/airflow/example_dags/example_external_task_marker_dag.py
[2026-07-17T22:54:50.443+0530] {processor.py:925} INFO - DAG(s) 'example_external_task_marker_parent', 'example_external_task_marker_child' retrieved from /Users/bhavishyachallagolla/Desktop/RetailSense/.venv/lib/python3.12/site-packages/airflow/example_dags/example_external_task_marker_dag.py
[2026-07-17T22:54:50.467+0530] {logging_mixin.py:190} INFO - [2026-07-17T22:54:50.467+0530] {workday.py:41} WARNING - Could not import pandas. Holidays will not be considered.
[2026-07-17T22:54:50.471+0530] {logging_mixin.py:190} INFO - [2026-07-17T22:54:50.471+0530] {dag.py:3239} INFO - Sync 2 DAGs
[2026-07-17T22:54:50.474+0530] {logging_mixin.py:190} INFO - [2026-07-17T22:54:50.474+0530] {dag.py:4180} INFO - Setting next_dagrun for example_external_task_marker_child to None, run_after=None
[2026-07-17T22:54:50.474+0530] {logging_mixin.py:190} INFO - [2026-07-17T22:54:50.474+0530] {dag.py:4180} INFO - Setting next_dagrun for example_external_task_marker_parent to None, run_after=None
[2026-07-17T22:54:50.479+0530] {processor.py:208} INFO - Processing /Users/bhavishyachallagolla/Desktop/RetailSense/.venv/lib/python3.12/site-packages/airflow/example_dags/example_external_task_marker_dag.py took 0.042 seconds
[2026-07-17T22:56:29.992+0530] {processor.py:186} INFO - Started process (PID=95171) to work on /Users/bhavishyachallagolla/Desktop/RetailSense/.venv/lib/python3.12/site-packages/airflow/example_dags/example_external_task_marker_dag.py
[2026-07-17T22:56:29.993+0530] {processor.py:914} INFO - Processing file /Users/bhavishyachallagolla/Desktop/RetailSense/.venv/lib/python3.12/site-packages/airflow/example_dags/example_external_task_marker_dag.py for tasks to queue
[2026-07-17T22:56:29.993+0530] {logging_mixin.py:190} INFO - [2026-07-17T22:56:29.993+0530] {dagbag.py:588} INFO - Filling up the DagBag from /Users/bhavishyachallagolla/Desktop/RetailSense/.venv/lib/python3.12/site-packages/airflow/example_dags/example_external_task_marker_dag.py
[2026-07-17T22:56:29.997+0530] {processor.py:925} INFO - DAG(s) 'example_external_task_marker_child', 'example_external_task_marker_parent' retrieved from /Users/bhavishyachallagolla/Desktop/RetailSense/.venv/lib/python3.12/site-packages/airflow/example_dags/example_external_task_marker_dag.py
[2026-07-17T22:56:30.019+0530] {logging_mixin.py:190} INFO - [2026-07-17T22:56:30.019+0530] {workday.py:41} WARNING - Could not import pandas. Holidays will not be considered.
[2026-07-17T22:56:30.024+0530] {logging_mixin.py:190} INFO - [2026-07-17T22:56:30.024+0530] {dag.py:3239} INFO - Sync 2 DAGs
[2026-07-17T22:56:30.027+0530] {logging_mixin.py:190} INFO - [2026-07-17T22:56:30.027+0530] {dag.py:4180} INFO - Setting next_dagrun for example_external_task_marker_child to None, run_after=None
[2026-07-17T22:56:30.028+0530] {logging_mixin.py:190} INFO - [2026-07-17T22:56:30.028+0530] {dag.py:4180} INFO - Setting next_dagrun for example_external_task_marker_parent to None, run_after=None
[2026-07-17T22:56:30.033+0530] {processor.py:208} INFO - Processing /Users/bhavishyachallagolla/Desktop/RetailSense/.venv/lib/python3.12/site-packages/airflow/example_dags/example_external_task_marker_dag.py took 0.042 seconds
[2026-07-17T22:58:09.990+0530] {processor.py:186} INFO - Started process (PID=95337) to work on /Users/bhavishyachallagolla/Desktop/RetailSense/.venv/lib/python3.12/site-packages/airflow/example_dags/example_external_task_marker_dag.py
[2026-07-17T22:58:09.991+0530] {processor.py:914} INFO - Processing file /Users/bhavishyachallagolla/Desktop/RetailSense/.venv/lib/python3.12/site-packages/airflow/example_dags/example_external_task_marker_dag.py for tasks to queue
[2026-07-17T22:58:09.992+0530] {logging_mixin.py:190} INFO - [2026-07-17T22:58:09.992+0530] {dagbag.py:588} INFO - Filling up the DagBag from /Users/bhavishyachallagolla/Desktop/RetailSense/.venv/lib/python3.12/site-packages/airflow/example_dags/example_external_task_marker_dag.py
[2026-07-17T22:58:09.996+0530] {processor.py:925} INFO - DAG(s) 'example_external_task_marker_child', 'example_external_task_marker_parent' retrieved from /Users/bhavishyachallagolla/Desktop/RetailSense/.venv/lib/python3.12/site-packages/airflow/example_dags/example_external_task_marker_dag.py
[2026-07-17T22:58:10.018+0530] {logging_mixin.py:190} INFO - [2026-07-17T22:58:10.017+0530] {workday.py:41} WARNING - Could not import pandas. Holidays will not be considered.
[2026-07-17T22:58:10.023+0530] {logging_mixin.py:190} INFO - [2026-07-17T22:58:10.023+0530] {dag.py:3239} INFO - Sync 2 DAGs
[2026-07-17T22:58:10.026+0530] {logging_mixin.py:190} INFO - [2026-07-17T22:58:10.026+0530] {dag.py:4180} INFO - Setting next_dagrun for example_external_task_marker_child to None, run_after=None
[2026-07-17T22:58:10.026+0530] {logging_mixin.py:190} INFO - [2026-07-17T22:58:10.026+0530] {dag.py:4180} INFO - Setting next_dagrun for example_external_task_marker_parent to None, run_after=None
[2026-07-17T22:58:10.031+0530] {processor.py:208} INFO - Processing /Users/bhavishyachallagolla/Desktop/RetailSense/.venv/lib/python3.12/site-packages/airflow/example_dags/example_external_task_marker_dag.py took 0.042 seconds
[2026-07-17T23:00:55.986+0530] {processor.py:186} INFO - Started process (PID=95568) to work on /Users/bhavishyachallagolla/Desktop/RetailSense/.venv/lib/python3.12/site-packages/airflow/example_dags/example_external_task_marker_dag.py
[2026-07-17T23:00:55.987+0530] {processor.py:914} INFO - Processing file /Users/bhavishyachallagolla/Desktop/RetailSense/.venv/lib/python3.12/site-packages/airflow/example_dags/example_external_task_marker_dag.py for tasks to queue
[2026-07-17T23:00:55.988+0530] {logging_mixin.py:190} INFO - [2026-07-17T23:00:55.988+0530] {dagbag.py:588} INFO - Filling up the DagBag from /Users/bhavishyachallagolla/Desktop/RetailSense/.venv/lib/python3.12/site-packages/airflow/example_dags/example_external_task_marker_dag.py
[2026-07-17T23:00:55.991+0530] {processor.py:925} INFO - DAG(s) 'example_external_task_marker_parent', 'example_external_task_marker_child' retrieved from /Users/bhavishyachallagolla/Desktop/RetailSense/.venv/lib/python3.12/site-packages/airflow/example_dags/example_external_task_marker_dag.py
[2026-07-17T23:00:56.016+0530] {logging_mixin.py:190} INFO - [2026-07-17T23:00:56.016+0530] {workday.py:41} WARNING - Could not import pandas. Holidays will not be considered.
[2026-07-17T23:00:56.019+0530] {logging_mixin.py:190} INFO - [2026-07-17T23:00:56.019+0530] {dag.py:3239} INFO - Sync 2 DAGs
[2026-07-17T23:00:56.022+0530] {logging_mixin.py:190} INFO - [2026-07-17T23:00:56.022+0530] {dag.py:4180} INFO - Setting next_dagrun for example_external_task_marker_child to None, run_after=None
[2026-07-17T23:00:56.023+0530] {logging_mixin.py:190} INFO - [2026-07-17T23:00:56.023+0530] {dag.py:4180} INFO - Setting next_dagrun for example_external_task_marker_parent to None, run_after=None
[2026-07-17T23:00:56.027+0530] {processor.py:208} INFO - Processing /Users/bhavishyachallagolla/Desktop/RetailSense/.venv/lib/python3.12/site-packages/airflow/example_dags/example_external_task_marker_dag.py took 0.043 seconds
[2026-07-17T23:02:38.678+0530] {processor.py:186} INFO - Started process (PID=95745) to work on /Users/bhavishyachallagolla/Desktop/RetailSense/.venv/lib/python3.12/site-packages/airflow/example_dags/example_external_task_marker_dag.py
[2026-07-17T23:02:38.679+0530] {processor.py:914} INFO - Processing file /Users/bhavishyachallagolla/Desktop/RetailSense/.venv/lib/python3.12/site-packages/airflow/example_dags/example_external_task_marker_dag.py for tasks to queue
[2026-07-17T23:02:38.679+0530] {logging_mixin.py:190} INFO - [2026-07-17T23:02:38.679+0530] {dagbag.py:588} INFO - Filling up the DagBag from /Users/bhavishyachallagolla/Desktop/RetailSense/.venv/lib/python3.12/site-packages/airflow/example_dags/example_external_task_marker_dag.py
[2026-07-17T23:02:38.683+0530] {processor.py:925} INFO - DAG(s) 'example_external_task_marker_child', 'example_external_task_marker_parent' retrieved from /Users/bhavishyachallagolla/Desktop/RetailSense/.venv/lib/python3.12/site-packages/airflow/example_dags/example_external_task_marker_dag.py
[2026-07-17T23:02:38.704+0530] {logging_mixin.py:190} INFO - [2026-07-17T23:02:38.704+0530] {workday.py:41} WARNING - Could not import pandas. Holidays will not be considered.
[2026-07-17T23:02:38.710+0530] {logging_mixin.py:190} INFO - [2026-07-17T23:02:38.709+0530] {dag.py:3239} INFO - Sync 2 DAGs
[2026-07-17T23:02:38.712+0530] {logging_mixin.py:190} INFO - [2026-07-17T23:02:38.712+0530] {dag.py:4180} INFO - Setting next_dagrun for example_external_task_marker_child to None, run_after=None
[2026-07-17T23:02:38.713+0530] {logging_mixin.py:190} INFO - [2026-07-17T23:02:38.713+0530] {dag.py:4180} INFO - Setting next_dagrun for example_external_task_marker_parent to None, run_after=None
[2026-07-17T23:02:38.718+0530] {processor.py:208} INFO - Processing /Users/bhavishyachallagolla/Desktop/RetailSense/.venv/lib/python3.12/site-packages/airflow/example_dags/example_external_task_marker_dag.py took 0.040 seconds
[2026-07-17T23:04:17.961+0530] {processor.py:186} INFO - Started process (PID=95893) to work on /Users/bhavishyachallagolla/Desktop/RetailSense/.venv/lib/python3.12/site-packages/airflow/example_dags/example_external_task_marker_dag.py
[2026-07-17T23:04:17.962+0530] {processor.py:914} INFO - Processing file /Users/bhavishyachallagolla/Desktop/RetailSense/.venv/lib/python3.12/site-packages/airflow/example_dags/example_external_task_marker_dag.py for tasks to queue
[2026-07-17T23:04:17.962+0530] {logging_mixin.py:190} INFO - [2026-07-17T23:04:17.962+0530] {dagbag.py:588} INFO - Filling up the DagBag from /Users/bhavishyachallagolla/Desktop/RetailSense/.venv/lib/python3.12/site-packages/airflow/example_dags/example_external_task_marker_dag.py
[2026-07-17T23:04:17.965+0530] {processor.py:925} INFO - DAG(s) 'example_external_task_marker_child', 'example_external_task_marker_parent' retrieved from /Users/bhavishyachallagolla/Desktop/RetailSense/.venv/lib/python3.12/site-packages/airflow/example_dags/example_external_task_marker_dag.py
[2026-07-17T23:04:17.987+0530] {logging_mixin.py:190} INFO - [2026-07-17T23:04:17.987+0530] {workday.py:41} WARNING - Could not import pandas. Holidays will not be considered.
[2026-07-17T23:04:17.992+0530] {logging_mixin.py:190} INFO - [2026-07-17T23:04:17.992+0530] {dag.py:3239} INFO - Sync 2 DAGs
[2026-07-17T23:04:17.995+0530] {logging_mixin.py:190} INFO - [2026-07-17T23:04:17.995+0530] {dag.py:4180} INFO - Setting next_dagrun for example_external_task_marker_child to None, run_after=None
[2026-07-17T23:04:17.995+0530] {logging_mixin.py:190} INFO - [2026-07-17T23:04:17.995+0530] {dag.py:4180} INFO - Setting next_dagrun for example_external_task_marker_parent to None, run_after=None
[2026-07-17T23:04:18.000+0530] {processor.py:208} INFO - Processing /Users/bhavishyachallagolla/Desktop/RetailSense/.venv/lib/python3.12/site-packages/airflow/example_dags/example_external_task_marker_dag.py took 0.040 seconds
[2026-07-17T23:05:59.162+0530] {processor.py:186} INFO - Started process (PID=96046) to work on /Users/bhavishyachallagolla/Desktop/RetailSense/.venv/lib/python3.12/site-packages/airflow/example_dags/example_external_task_marker_dag.py
[2026-07-17T23:05:59.163+0530] {processor.py:914} INFO - Processing file /Users/bhavishyachallagolla/Desktop/RetailSense/.venv/lib/python3.12/site-packages/airflow/example_dags/example_external_task_marker_dag.py for tasks to queue
[2026-07-17T23:05:59.163+0530] {logging_mixin.py:190} INFO - [2026-07-17T23:05:59.163+0530] {dagbag.py:588} INFO - Filling up the DagBag from /Users/bhavishyachallagolla/Desktop/RetailSense/.venv/lib/python3.12/site-packages/airflow/example_dags/example_external_task_marker_dag.py
[2026-07-17T23:05:59.166+0530] {processor.py:925} INFO - DAG(s) 'example_external_task_marker_child', 'example_external_task_marker_parent' retrieved from /Users/bhavishyachallagolla/Desktop/RetailSense/.venv/lib/python3.12/site-packages/airflow/example_dags/example_external_task_marker_dag.py
[2026-07-17T23:05:59.188+0530] {logging_mixin.py:190} INFO - [2026-07-17T23:05:59.188+0530] {workday.py:41} WARNING - Could not import pandas. Holidays will not be considered.
[2026-07-17T23:05:59.193+0530] {logging_mixin.py:190} INFO - [2026-07-17T23:05:59.193+0530] {dag.py:3239} INFO - Sync 2 DAGs
[2026-07-17T23:05:59.196+0530] {logging_mixin.py:190} INFO - [2026-07-17T23:05:59.196+0530] {dag.py:4180} INFO - Setting next_dagrun for example_external_task_marker_child to None, run_after=None
[2026-07-17T23:05:59.196+0530] {logging_mixin.py:190} INFO - [2026-07-17T23:05:59.196+0530] {dag.py:4180} INFO - Setting next_dagrun for example_external_task_marker_parent to None, run_after=None
[2026-07-17T23:05:59.201+0530] {processor.py:208} INFO - Processing /Users/bhavishyachallagolla/Desktop/RetailSense/.venv/lib/python3.12/site-packages/airflow/example_dags/example_external_task_marker_dag.py took 0.039 seconds
[2026-07-17T23:07:38.712+0530] {processor.py:186} INFO - Started process (PID=96196) to work on /Users/bhavishyachallagolla/Desktop/RetailSense/.venv/lib/python3.12/site-packages/airflow/example_dags/example_external_task_marker_dag.py
[2026-07-17T23:07:38.713+0530] {processor.py:914} INFO - Processing file /Users/bhavishyachallagolla/Desktop/RetailSense/.venv/lib/python3.12/site-packages/airflow/example_dags/example_external_task_marker_dag.py for tasks to queue
[2026-07-17T23:07:38.713+0530] {logging_mixin.py:190} INFO - [2026-07-17T23:07:38.713+0530] {dagbag.py:588} INFO - Filling up the DagBag from /Users/bhavishyachallagolla/Desktop/RetailSense/.venv/lib/python3.12/site-packages/airflow/example_dags/example_external_task_marker_dag.py
[2026-07-17T23:07:38.716+0530] {processor.py:925} INFO - DAG(s) 'example_external_task_marker_parent', 'example_external_task_marker_child' retrieved from /Users/bhavishyachallagolla/Desktop/RetailSense/.venv/lib/python3.12/site-packages/airflow/example_dags/example_external_task_marker_dag.py
[2026-07-17T23:07:38.740+0530] {logging_mixin.py:190} INFO - [2026-07-17T23:07:38.740+0530] {workday.py:41} WARNING - Could not import pandas. Holidays will not be considered.
[2026-07-17T23:07:38.743+0530] {logging_mixin.py:190} INFO - [2026-07-17T23:07:38.743+0530] {dag.py:3239} INFO - Sync 2 DAGs
[2026-07-17T23:07:38.746+0530] {logging_mixin.py:190} INFO - [2026-07-17T23:07:38.746+0530] {dag.py:4180} INFO - Setting next_dagrun for example_external_task_marker_child to None, run_after=None
[2026-07-17T23:07:38.747+0530] {logging_mixin.py:190} INFO - [2026-07-17T23:07:38.747+0530] {dag.py:4180} INFO - Setting next_dagrun for example_external_task_marker_parent to None, run_after=None
[2026-07-17T23:07:38.751+0530] {processor.py:208} INFO - Processing /Users/bhavishyachallagolla/Desktop/RetailSense/.venv/lib/python3.12/site-packages/airflow/example_dags/example_external_task_marker_dag.py took 0.040 seconds
[2026-07-17T23:09:19.905+0530] {processor.py:186} INFO - Started process (PID=96355) to work on /Users/bhavishyachallagolla/Desktop/RetailSense/.venv/lib/python3.12/site-packages/airflow/example_dags/example_external_task_marker_dag.py
[2026-07-17T23:09:19.905+0530] {processor.py:914} INFO - Processing file /Users/bhavishyachallagolla/Desktop/RetailSense/.venv/lib/python3.12/site-packages/airflow/example_dags/example_external_task_marker_dag.py for tasks to queue
[2026-07-17T23:09:19.906+0530] {logging_mixin.py:190} INFO - [2026-07-17T23:09:19.906+0530] {dagbag.py:588} INFO - Filling up the DagBag from /Users/bhavishyachallagolla/Desktop/RetailSense/.venv/lib/python3.12/site-packages/airflow/example_dags/example_external_task_marker_dag.py
[2026-07-17T23:09:19.909+0530] {processor.py:925} INFO - DAG(s) 'example_external_task_marker_child', 'example_external_task_marker_parent' retrieved from /Users/bhavishyachallagolla/Desktop/RetailSense/.venv/lib/python3.12/site-packages/airflow/example_dags/example_external_task_marker_dag.py
[2026-07-17T23:09:19.932+0530] {logging_mixin.py:190} INFO - [2026-07-17T23:09:19.932+0530] {workday.py:41} WARNING - Could not import pandas. Holidays will not be considered.
[2026-07-17T23:09:19.938+0530] {logging_mixin.py:190} INFO - [2026-07-17T23:09:19.938+0530] {dag.py:3239} INFO - Sync 2 DAGs
[2026-07-17T23:09:19.941+0530] {logging_mixin.py:190} INFO - [2026-07-17T23:09:19.940+0530] {dag.py:4180} INFO - Setting next_dagrun for example_external_task_marker_child to None, run_after=None
[2026-07-17T23:09:19.941+0530] {logging_mixin.py:190} INFO - [2026-07-17T23:09:19.941+0530] {dag.py:4180} INFO - Setting next_dagrun for example_external_task_marker_parent to None, run_after=None
[2026-07-17T23:09:19.946+0530] {processor.py:208} INFO - Processing /Users/bhavishyachallagolla/Desktop/RetailSense/.venv/lib/python3.12/site-packages/airflow/example_dags/example_external_task_marker_dag.py took 0.042 seconds
[2026-07-17T23:10:57.527+0530] {processor.py:186} INFO - Started process (PID=96501) to work on /Users/bhavishyachallagolla/Desktop/RetailSense/.venv/lib/python3.12/site-packages/airflow/example_dags/example_external_task_marker_dag.py
[2026-07-17T23:10:57.527+0530] {processor.py:914} INFO - Processing file /Users/bhavishyachallagolla/Desktop/RetailSense/.venv/lib/python3.12/site-packages/airflow/example_dags/example_external_task_marker_dag.py for tasks to queue
[2026-07-17T23:10:57.528+0530] {logging_mixin.py:190} INFO - [2026-07-17T23:10:57.528+0530] {dagbag.py:588} INFO - Filling up the DagBag from /Users/bhavishyachallagolla/Desktop/RetailSense/.venv/lib/python3.12/site-packages/airflow/example_dags/example_external_task_marker_dag.py
[2026-07-17T23:10:57.531+0530] {processor.py:925} INFO - DAG(s) 'example_external_task_marker_parent', 'example_external_task_marker_child' retrieved from /Users/bhavishyachallagolla/Desktop/RetailSense/.venv/lib/python3.12/site-packages/airflow/example_dags/example_external_task_marker_dag.py
[2026-07-17T23:10:57.556+0530] {logging_mixin.py:190} INFO - [2026-07-17T23:10:57.556+0530] {workday.py:41} WARNING - Could not import pandas. Holidays will not be considered.
[2026-07-17T23:10:57.560+0530] {logging_mixin.py:190} INFO - [2026-07-17T23:10:57.560+0530] {dag.py:3239} INFO - Sync 2 DAGs
[2026-07-17T23:10:57.563+0530] {logging_mixin.py:190} INFO - [2026-07-17T23:10:57.563+0530] {dag.py:4180} INFO - Setting next_dagrun for example_external_task_marker_child to None, run_after=None
[2026-07-17T23:10:57.564+0530] {logging_mixin.py:190} INFO - [2026-07-17T23:10:57.564+0530] {dag.py:4180} INFO - Setting next_dagrun for example_external_task_marker_parent to None, run_after=None
[2026-07-17T23:10:57.568+0530] {processor.py:208} INFO - Processing /Users/bhavishyachallagolla/Desktop/RetailSense/.venv/lib/python3.12/site-packages/airflow/example_dags/example_external_task_marker_dag.py took 0.042 seconds
[2026-07-17T23:12:36.040+0530] {processor.py:186} INFO - Started process (PID=96719) to work on /Users/bhavishyachallagolla/Desktop/RetailSense/.venv/lib/python3.12/site-packages/airflow/example_dags/example_external_task_marker_dag.py
[2026-07-17T23:12:36.041+0530] {processor.py:914} INFO - Processing file /Users/bhavishyachallagolla/Desktop/RetailSense/.venv/lib/python3.12/site-packages/airflow/example_dags/example_external_task_marker_dag.py for tasks to queue
[2026-07-17T23:12:36.041+0530] {logging_mixin.py:190} INFO - [2026-07-17T23:12:36.041+0530] {dagbag.py:588} INFO - Filling up the DagBag from /Users/bhavishyachallagolla/Desktop/RetailSense/.venv/lib/python3.12/site-packages/airflow/example_dags/example_external_task_marker_dag.py
[2026-07-17T23:12:36.044+0530] {processor.py:925} INFO - DAG(s) 'example_external_task_marker_child', 'example_external_task_marker_parent' retrieved from /Users/bhavishyachallagolla/Desktop/RetailSense/.venv/lib/python3.12/site-packages/airflow/example_dags/example_external_task_marker_dag.py
[2026-07-17T23:12:36.066+0530] {logging_mixin.py:190} INFO - [2026-07-17T23:12:36.066+0530] {workday.py:41} WARNING - Could not import pandas. Holidays will not be considered.
[2026-07-17T23:12:36.071+0530] {logging_mixin.py:190} INFO - [2026-07-17T23:12:36.071+0530] {dag.py:3239} INFO - Sync 2 DAGs
[2026-07-17T23:12:36.074+0530] {logging_mixin.py:190} INFO - [2026-07-17T23:12:36.074+0530] {dag.py:4180} INFO - Setting next_dagrun for example_external_task_marker_child to None, run_after=None
[2026-07-17T23:12:36.074+0530] {logging_mixin.py:190} INFO - [2026-07-17T23:12:36.074+0530] {dag.py:4180} INFO - Setting next_dagrun for example_external_task_marker_parent to None, run_after=None
[2026-07-17T23:12:36.079+0530] {processor.py:208} INFO - Processing /Users/bhavishyachallagolla/Desktop/RetailSense/.venv/lib/python3.12/site-packages/airflow/example_dags/example_external_task_marker_dag.py took 0.040 seconds
[2026-07-17T23:14:15.638+0530] {processor.py:186} INFO - Started process (PID=96869) to work on /Users/bhavishyachallagolla/Desktop/RetailSense/.venv/lib/python3.12/site-packages/airflow/example_dags/example_external_task_marker_dag.py
[2026-07-17T23:14:15.638+0530] {processor.py:914} INFO - Processing file /Users/bhavishyachallagolla/Desktop/RetailSense/.venv/lib/python3.12/site-packages/airflow/example_dags/example_external_task_marker_dag.py for tasks to queue
[2026-07-17T23:14:15.639+0530] {logging_mixin.py:190} INFO - [2026-07-17T23:14:15.639+0530] {dagbag.py:588} INFO - Filling up the DagBag from /Users/bhavishyachallagolla/Desktop/RetailSense/.venv/lib/python3.12/site-packages/airflow/example_dags/example_external_task_marker_dag.py
[2026-07-17T23:14:15.643+0530] {processor.py:925} INFO - DAG(s) 'example_external_task_marker_child', 'example_external_task_marker_parent' retrieved from /Users/bhavishyachallagolla/Desktop/RetailSense/.venv/lib/python3.12/site-packages/airflow/example_dags/example_external_task_marker_dag.py
[2026-07-17T23:14:15.666+0530] {logging_mixin.py:190} INFO - [2026-07-17T23:14:15.666+0530] {workday.py:41} WARNING - Could not import pandas. Holidays will not be considered.
[2026-07-17T23:14:15.672+0530] {logging_mixin.py:190} INFO - [2026-07-17T23:14:15.671+0530] {dag.py:3239} INFO - Sync 2 DAGs
[2026-07-17T23:14:15.675+0530] {logging_mixin.py:190} INFO - [2026-07-17T23:14:15.675+0530] {dag.py:4180} INFO - Setting next_dagrun for example_external_task_marker_child to None, run_after=None
[2026-07-17T23:14:15.676+0530] {logging_mixin.py:190} INFO - [2026-07-17T23:14:15.676+0530] {dag.py:4180} INFO - Setting next_dagrun for example_external_task_marker_parent to None, run_after=None
[2026-07-17T23:14:15.681+0530] {processor.py:208} INFO - Processing /Users/bhavishyachallagolla/Desktop/RetailSense/.venv/lib/python3.12/site-packages/airflow/example_dags/example_external_task_marker_dag.py took 0.044 seconds
[2026-07-17T23:15:59.891+0530] {processor.py:186} INFO - Started process (PID=97041) to work on /Users/bhavishyachallagolla/Desktop/RetailSense/.venv/lib/python3.12/site-packages/airflow/example_dags/example_external_task_marker_dag.py
[2026-07-17T23:15:59.891+0530] {processor.py:914} INFO - Processing file /Users/bhavishyachallagolla/Desktop/RetailSense/.venv/lib/python3.12/site-packages/airflow/example_dags/example_external_task_marker_dag.py for tasks to queue
[2026-07-17T23:15:59.891+0530] {logging_mixin.py:190} INFO - [2026-07-17T23:15:59.891+0530] {dagbag.py:588} INFO - Filling up the DagBag from /Users/bhavishyachallagolla/Desktop/RetailSense/.venv/lib/python3.12/site-packages/airflow/example_dags/example_external_task_marker_dag.py
[2026-07-17T23:15:59.895+0530] {processor.py:925} INFO - DAG(s) 'example_external_task_marker_child', 'example_external_task_marker_parent' retrieved from /Users/bhavishyachallagolla/Desktop/RetailSense/.venv/lib/python3.12/site-packages/airflow/example_dags/example_external_task_marker_dag.py
[2026-07-17T23:15:59.919+0530] {logging_mixin.py:190} INFO - [2026-07-17T23:15:59.919+0530] {workday.py:41} WARNING - Could not import pandas. Holidays will not be considered.
[2026-07-17T23:15:59.924+0530] {logging_mixin.py:190} INFO - [2026-07-17T23:15:59.924+0530] {dag.py:3239} INFO - Sync 2 DAGs
[2026-07-17T23:15:59.927+0530] {logging_mixin.py:190} INFO - [2026-07-17T23:15:59.927+0530] {dag.py:4180} INFO - Setting next_dagrun for example_external_task_marker_child to None, run_after=None
[2026-07-17T23:15:59.928+0530] {logging_mixin.py:190} INFO - [2026-07-17T23:15:59.928+0530] {dag.py:4180} INFO - Setting next_dagrun for example_external_task_marker_parent to None, run_after=None
[2026-07-17T23:15:59.933+0530] {processor.py:208} INFO - Processing /Users/bhavishyachallagolla/Desktop/RetailSense/.venv/lib/python3.12/site-packages/airflow/example_dags/example_external_task_marker_dag.py took 0.043 seconds
[2026-07-17T23:17:40.989+0530] {processor.py:186} INFO - Started process (PID=97275) to work on /Users/bhavishyachallagolla/Desktop/RetailSense/.venv/lib/python3.12/site-packages/airflow/example_dags/example_external_task_marker_dag.py
[2026-07-17T23:17:40.990+0530] {processor.py:914} INFO - Processing file /Users/bhavishyachallagolla/Desktop/RetailSense/.venv/lib/python3.12/site-packages/airflow/example_dags/example_external_task_marker_dag.py for tasks to queue
[2026-07-17T23:17:40.990+0530] {logging_mixin.py:190} INFO - [2026-07-17T23:17:40.990+0530] {dagbag.py:588} INFO - Filling up the DagBag from /Users/bhavishyachallagolla/Desktop/RetailSense/.venv/lib/python3.12/site-packages/airflow/example_dags/example_external_task_marker_dag.py
[2026-07-17T23:17:40.994+0530] {processor.py:925} INFO - DAG(s) 'example_external_task_marker_parent', 'example_external_task_marker_child' retrieved from /Users/bhavishyachallagolla/Desktop/RetailSense/.venv/lib/python3.12/site-packages/airflow/example_dags/example_external_task_marker_dag.py
[2026-07-17T23:17:41.018+0530] {logging_mixin.py:190} INFO - [2026-07-17T23:17:41.018+0530] {workday.py:41} WARNING - Could not import pandas. Holidays will not be considered.
[2026-07-17T23:17:41.021+0530] {logging_mixin.py:190} INFO - [2026-07-17T23:17:41.021+0530] {dag.py:3239} INFO - Sync 2 DAGs
[2026-07-17T23:17:41.024+0530] {logging_mixin.py:190} INFO - [2026-07-17T23:17:41.024+0530] {dag.py:4180} INFO - Setting next_dagrun for example_external_task_marker_child to None, run_after=None
[2026-07-17T23:17:41.025+0530] {logging_mixin.py:190} INFO - [2026-07-17T23:17:41.025+0530] {dag.py:4180} INFO - Setting next_dagrun for example_external_task_marker_parent to None, run_after=None
[2026-07-17T23:17:41.029+0530] {processor.py:208} INFO - Processing /Users/bhavishyachallagolla/Desktop/RetailSense/.venv/lib/python3.12/site-packages/airflow/example_dags/example_external_task_marker_dag.py took 0.041 seconds
[2026-07-17T23:19:24.708+0530] {processor.py:186} INFO - Started process (PID=97450) to work on /Users/bhavishyachallagolla/Desktop/RetailSense/.venv/lib/python3.12/site-packages/airflow/example_dags/example_external_task_marker_dag.py
[2026-07-17T23:19:24.708+0530] {processor.py:914} INFO - Processing file /Users/bhavishyachallagolla/Desktop/RetailSense/.venv/lib/python3.12/site-packages/airflow/example_dags/example_external_task_marker_dag.py for tasks to queue
[2026-07-17T23:19:24.708+0530] {logging_mixin.py:190} INFO - [2026-07-17T23:19:24.708+0530] {dagbag.py:588} INFO - Filling up the DagBag from /Users/bhavishyachallagolla/Desktop/RetailSense/.venv/lib/python3.12/site-packages/airflow/example_dags/example_external_task_marker_dag.py
[2026-07-17T23:19:24.712+0530] {processor.py:925} INFO - DAG(s) 'example_external_task_marker_parent', 'example_external_task_marker_child' retrieved from /Users/bhavishyachallagolla/Desktop/RetailSense/.venv/lib/python3.12/site-packages/airflow/example_dags/example_external_task_marker_dag.py
[2026-07-17T23:19:24.735+0530] {logging_mixin.py:190} INFO - [2026-07-17T23:19:24.735+0530] {workday.py:41} WARNING - Could not import pandas. Holidays will not be considered.
[2026-07-17T23:19:24.739+0530] {logging_mixin.py:190} INFO - [2026-07-17T23:19:24.739+0530] {dag.py:3239} INFO - Sync 2 DAGs
[2026-07-17T23:19:24.742+0530] {logging_mixin.py:190} INFO - [2026-07-17T23:19:24.741+0530] {dag.py:4180} INFO - Setting next_dagrun for example_external_task_marker_child to None, run_after=None
[2026-07-17T23:19:24.742+0530] {logging_mixin.py:190} INFO - [2026-07-17T23:19:24.742+0530] {dag.py:4180} INFO - Setting next_dagrun for example_external_task_marker_parent to None, run_after=None
[2026-07-17T23:19:24.747+0530] {processor.py:208} INFO - Processing /Users/bhavishyachallagolla/Desktop/RetailSense/.venv/lib/python3.12/site-packages/airflow/example_dags/example_external_task_marker_dag.py took 0.040 seconds
[2026-07-17T23:21:05.641+0530] {processor.py:186} INFO - Started process (PID=97601) to work on /Users/bhavishyachallagolla/Desktop/RetailSense/.venv/lib/python3.12/site-packages/airflow/example_dags/example_external_task_marker_dag.py
[2026-07-17T23:21:05.642+0530] {processor.py:914} INFO - Processing file /Users/bhavishyachallagolla/Desktop/RetailSense/.venv/lib/python3.12/site-packages/airflow/example_dags/example_external_task_marker_dag.py for tasks to queue
[2026-07-17T23:21:05.642+0530] {logging_mixin.py:190} INFO - [2026-07-17T23:21:05.642+0530] {dagbag.py:588} INFO - Filling up the DagBag from /Users/bhavishyachallagolla/Desktop/RetailSense/.venv/lib/python3.12/site-packages/airflow/example_dags/example_external_task_marker_dag.py
[2026-07-17T23:21:05.646+0530] {processor.py:925} INFO - DAG(s) 'example_external_task_marker_child', 'example_external_task_marker_parent' retrieved from /Users/bhavishyachallagolla/Desktop/RetailSense/.venv/lib/python3.12/site-packages/airflow/example_dags/example_external_task_marker_dag.py
[2026-07-17T23:21:05.668+0530] {logging_mixin.py:190} INFO - [2026-07-17T23:21:05.668+0530] {workday.py:41} WARNING - Could not import pandas. Holidays will not be considered.
[2026-07-17T23:21:05.673+0530] {logging_mixin.py:190} INFO - [2026-07-17T23:21:05.673+0530] {dag.py:3239} INFO - Sync 2 DAGs
[2026-07-17T23:21:05.676+0530] {logging_mixin.py:190} INFO - [2026-07-17T23:21:05.676+0530] {dag.py:4180} INFO - Setting next_dagrun for example_external_task_marker_child to None, run_after=None
[2026-07-17T23:21:05.677+0530] {logging_mixin.py:190} INFO - [2026-07-17T23:21:05.677+0530] {dag.py:4180} INFO - Setting next_dagrun for example_external_task_marker_parent to None, run_after=None
[2026-07-17T23:21:05.681+0530] {processor.py:208} INFO - Processing /Users/bhavishyachallagolla/Desktop/RetailSense/.venv/lib/python3.12/site-packages/airflow/example_dags/example_external_task_marker_dag.py took 0.041 seconds
[2026-07-17T23:22:46.954+0530] {processor.py:186} INFO - Started process (PID=97753) to work on /Users/bhavishyachallagolla/Desktop/RetailSense/.venv/lib/python3.12/site-packages/airflow/example_dags/example_external_task_marker_dag.py
[2026-07-17T23:22:46.954+0530] {processor.py:914} INFO - Processing file /Users/bhavishyachallagolla/Desktop/RetailSense/.venv/lib/python3.12/site-packages/airflow/example_dags/example_external_task_marker_dag.py for tasks to queue
[2026-07-17T23:22:46.954+0530] {logging_mixin.py:190} INFO - [2026-07-17T23:22:46.954+0530] {dagbag.py:588} INFO - Filling up the DagBag from /Users/bhavishyachallagolla/Desktop/RetailSense/.venv/lib/python3.12/site-packages/airflow/example_dags/example_external_task_marker_dag.py
[2026-07-17T23:22:46.958+0530] {processor.py:925} INFO - DAG(s) 'example_external_task_marker_child', 'example_external_task_marker_parent' retrieved from /Users/bhavishyachallagolla/Desktop/RetailSense/.venv/lib/python3.12/site-packages/airflow/example_dags/example_external_task_marker_dag.py
[2026-07-17T23:22:46.982+0530] {logging_mixin.py:190} INFO - [2026-07-17T23:22:46.982+0530] {workday.py:41} WARNING - Could not import pandas. Holidays will not be considered.
[2026-07-17T23:22:46.987+0530] {logging_mixin.py:190} INFO - [2026-07-17T23:22:46.987+0530] {dag.py:3239} INFO - Sync 2 DAGs
[2026-07-17T23:22:46.990+0530] {logging_mixin.py:190} INFO - [2026-07-17T23:22:46.990+0530] {dag.py:4180} INFO - Setting next_dagrun for example_external_task_marker_child to None, run_after=None
[2026-07-17T23:22:46.991+0530] {logging_mixin.py:190} INFO - [2026-07-17T23:22:46.991+0530] {dag.py:4180} INFO - Setting next_dagrun for example_external_task_marker_parent to None, run_after=None
[2026-07-17T23:22:46.996+0530] {processor.py:208} INFO - Processing /Users/bhavishyachallagolla/Desktop/RetailSense/.venv/lib/python3.12/site-packages/airflow/example_dags/example_external_task_marker_dag.py took 0.043 seconds
[2026-07-17T23:24:26.909+0530] {processor.py:186} INFO - Started process (PID=97903) to work on /Users/bhavishyachallagolla/Desktop/RetailSense/.venv/lib/python3.12/site-packages/airflow/example_dags/example_external_task_marker_dag.py
[2026-07-17T23:24:26.910+0530] {processor.py:914} INFO - Processing file /Users/bhavishyachallagolla/Desktop/RetailSense/.venv/lib/python3.12/site-packages/airflow/example_dags/example_external_task_marker_dag.py for tasks to queue
[2026-07-17T23:24:26.910+0530] {logging_mixin.py:190} INFO - [2026-07-17T23:24:26.910+0530] {dagbag.py:588} INFO - Filling up the DagBag from /Users/bhavishyachallagolla/Desktop/RetailSense/.venv/lib/python3.12/site-packages/airflow/example_dags/example_external_task_marker_dag.py
[2026-07-17T23:24:26.914+0530] {processor.py:925} INFO - DAG(s) 'example_external_task_marker_child', 'example_external_task_marker_parent' retrieved from /Users/bhavishyachallagolla/Desktop/RetailSense/.venv/lib/python3.12/site-packages/airflow/example_dags/example_external_task_marker_dag.py
[2026-07-17T23:24:26.935+0530] {logging_mixin.py:190} INFO - [2026-07-17T23:24:26.935+0530] {workday.py:41} WARNING - Could not import pandas. Holidays will not be considered.
[2026-07-17T23:24:26.940+0530] {logging_mixin.py:190} INFO - [2026-07-17T23:24:26.940+0530] {dag.py:3239} INFO - Sync 2 DAGs
[2026-07-17T23:24:26.943+0530] {logging_mixin.py:190} INFO - [2026-07-17T23:24:26.943+0530] {dag.py:4180} INFO - Setting next_dagrun for example_external_task_marker_child to None, run_after=None
[2026-07-17T23:24:26.944+0530] {logging_mixin.py:190} INFO - [2026-07-17T23:24:26.944+0530] {dag.py:4180} INFO - Setting next_dagrun for example_external_task_marker_parent to None, run_after=None
[2026-07-17T23:24:26.948+0530] {processor.py:208} INFO - Processing /Users/bhavishyachallagolla/Desktop/RetailSense/.venv/lib/python3.12/site-packages/airflow/example_dags/example_external_task_marker_dag.py took 0.040 seconds
[2026-07-17T23:26:08.008+0530] {processor.py:186} INFO - Started process (PID=98054) to work on /Users/bhavishyachallagolla/Desktop/RetailSense/.venv/lib/python3.12/site-packages/airflow/example_dags/example_external_task_marker_dag.py
[2026-07-17T23:26:08.008+0530] {processor.py:914} INFO - Processing file /Users/bhavishyachallagolla/Desktop/RetailSense/.venv/lib/python3.12/site-packages/airflow/example_dags/example_external_task_marker_dag.py for tasks to queue
[2026-07-17T23:26:08.009+0530] {logging_mixin.py:190} INFO - [2026-07-17T23:26:08.009+0530] {dagbag.py:588} INFO - Filling up the DagBag from /Users/bhavishyachallagolla/Desktop/RetailSense/.venv/lib/python3.12/site-packages/airflow/example_dags/example_external_task_marker_dag.py
[2026-07-17T23:26:08.013+0530] {processor.py:925} INFO - DAG(s) 'example_external_task_marker_parent', 'example_external_task_marker_child' retrieved from /Users/bhavishyachallagolla/Desktop/RetailSense/.venv/lib/python3.12/site-packages/airflow/example_dags/example_external_task_marker_dag.py
[2026-07-17T23:26:08.039+0530] {logging_mixin.py:190} INFO - [2026-07-17T23:26:08.039+0530] {workday.py:41} WARNING - Could not import pandas. Holidays will not be considered.
[2026-07-17T23:26:08.042+0530] {logging_mixin.py:190} INFO - [2026-07-17T23:26:08.042+0530] {dag.py:3239} INFO - Sync 2 DAGs
[2026-07-17T23:26:08.045+0530] {logging_mixin.py:190} INFO - [2026-07-17T23:26:08.045+0530] {dag.py:4180} INFO - Setting next_dagrun for example_external_task_marker_child to None, run_after=None
[2026-07-17T23:26:08.046+0530] {logging_mixin.py:190} INFO - [2026-07-17T23:26:08.046+0530] {dag.py:4180} INFO - Setting next_dagrun for example_external_task_marker_parent to None, run_after=None
[2026-07-17T23:26:08.051+0530] {processor.py:208} INFO - Processing /Users/bhavishyachallagolla/Desktop/RetailSense/.venv/lib/python3.12/site-packages/airflow/example_dags/example_external_task_marker_dag.py took 0.045 seconds
[2026-07-17T23:27:52.669+0530] {processor.py:186} INFO - Started process (PID=98217) to work on /Users/bhavishyachallagolla/Desktop/RetailSense/.venv/lib/python3.12/site-packages/airflow/example_dags/example_external_task_marker_dag.py
[2026-07-17T23:27:52.670+0530] {processor.py:914} INFO - Processing file /Users/bhavishyachallagolla/Desktop/RetailSense/.venv/lib/python3.12/site-packages/airflow/example_dags/example_external_task_marker_dag.py for tasks to queue
[2026-07-17T23:27:52.670+0530] {logging_mixin.py:190} INFO - [2026-07-17T23:27:52.670+0530] {dagbag.py:588} INFO - Filling up the DagBag from /Users/bhavishyachallagolla/Desktop/RetailSense/.venv/lib/python3.12/site-packages/airflow/example_dags/example_external_task_marker_dag.py
[2026-07-17T23:27:52.674+0530] {processor.py:925} INFO - DAG(s) 'example_external_task_marker_child', 'example_external_task_marker_parent' retrieved from /Users/bhavishyachallagolla/Desktop/RetailSense/.venv/lib/python3.12/site-packages/airflow/example_dags/example_external_task_marker_dag.py
[2026-07-17T23:27:52.696+0530] {logging_mixin.py:190} INFO - [2026-07-17T23:27:52.696+0530] {workday.py:41} WARNING - Could not import pandas. Holidays will not be considered.
[2026-07-17T23:27:52.701+0530] {logging_mixin.py:190} INFO - [2026-07-17T23:27:52.701+0530] {dag.py:3239} INFO - Sync 2 DAGs
[2026-07-17T23:27:52.704+0530] {logging_mixin.py:190} INFO - [2026-07-17T23:27:52.704+0530] {dag.py:4180} INFO - Setting next_dagrun for example_external_task_marker_child to None, run_after=None
[2026-07-17T23:27:52.705+0530] {logging_mixin.py:190} INFO - [2026-07-17T23:27:52.705+0530] {dag.py:4180} INFO - Setting next_dagrun for example_external_task_marker_parent to None, run_after=None
[2026-07-17T23:27:52.709+0530] {processor.py:208} INFO - Processing /Users/bhavishyachallagolla/Desktop/RetailSense/.venv/lib/python3.12/site-packages/airflow/example_dags/example_external_task_marker_dag.py took 0.041 seconds
[2026-07-17T23:29:33.760+0530] {processor.py:186} INFO - Started process (PID=98368) to work on /Users/bhavishyachallagolla/Desktop/RetailSense/.venv/lib/python3.12/site-packages/airflow/example_dags/example_external_task_marker_dag.py
[2026-07-17T23:29:33.762+0530] {processor.py:914} INFO - Processing file /Users/bhavishyachallagolla/Desktop/RetailSense/.venv/lib/python3.12/site-packages/airflow/example_dags/example_external_task_marker_dag.py for tasks to queue
[2026-07-17T23:29:33.762+0530] {logging_mixin.py:190} INFO - [2026-07-17T23:29:33.762+0530] {dagbag.py:588} INFO - Filling up the DagBag from /Users/bhavishyachallagolla/Desktop/RetailSense/.venv/lib/python3.12/site-packages/airflow/example_dags/example_external_task_marker_dag.py
[2026-07-17T23:29:33.766+0530] {processor.py:925} INFO - DAG(s) 'example_external_task_marker_parent', 'example_external_task_marker_child' retrieved from /Users/bhavishyachallagolla/Desktop/RetailSense/.venv/lib/python3.12/site-packages/airflow/example_dags/example_external_task_marker_dag.py
[2026-07-17T23:29:33.791+0530] {logging_mixin.py:190} INFO - [2026-07-17T23:29:33.791+0530] {workday.py:41} WARNING - Could not import pandas. Holidays will not be considered.
[2026-07-17T23:29:33.794+0530] {logging_mixin.py:190} INFO - [2026-07-17T23:29:33.794+0530] {dag.py:3239} INFO - Sync 2 DAGs
[2026-07-17T23:29:33.798+0530] {logging_mixin.py:190} INFO - [2026-07-17T23:29:33.797+0530] {dag.py:4180} INFO - Setting next_dagrun for example_external_task_marker_child to None, run_after=None
[2026-07-17T23:29:33.798+0530] {logging_mixin.py:190} INFO - [2026-07-17T23:29:33.798+0530] {dag.py:4180} INFO - Setting next_dagrun for example_external_task_marker_parent to None, run_after=None
[2026-07-17T23:29:33.803+0530] {processor.py:208} INFO - Processing /Users/bhavishyachallagolla/Desktop/RetailSense/.venv/lib/python3.12/site-packages/airflow/example_dags/example_external_task_marker_dag.py took 0.044 seconds
[2026-07-17T23:31:17.186+0530] {processor.py:186} INFO - Started process (PID=98569) to work on /Users/bhavishyachallagolla/Desktop/RetailSense/.venv/lib/python3.12/site-packages/airflow/example_dags/example_external_task_marker_dag.py
[2026-07-17T23:31:17.187+0530] {processor.py:914} INFO - Processing file /Users/bhavishyachallagolla/Desktop/RetailSense/.venv/lib/python3.12/site-packages/airflow/example_dags/example_external_task_marker_dag.py for tasks to queue
[2026-07-17T23:31:17.187+0530] {logging_mixin.py:190} INFO - [2026-07-17T23:31:17.187+0530] {dagbag.py:588} INFO - Filling up the DagBag from /Users/bhavishyachallagolla/Desktop/RetailSense/.venv/lib/python3.12/site-packages/airflow/example_dags/example_external_task_marker_dag.py
[2026-07-17T23:31:17.192+0530] {processor.py:925} INFO - DAG(s) 'example_external_task_marker_child', 'example_external_task_marker_parent' retrieved from /Users/bhavishyachallagolla/Desktop/RetailSense/.venv/lib/python3.12/site-packages/airflow/example_dags/example_external_task_marker_dag.py
[2026-07-17T23:31:17.216+0530] {logging_mixin.py:190} INFO - [2026-07-17T23:31:17.216+0530] {workday.py:41} WARNING - Could not import pandas. Holidays will not be considered.
[2026-07-17T23:31:17.221+0530] {logging_mixin.py:190} INFO - [2026-07-17T23:31:17.221+0530] {dag.py:3239} INFO - Sync 2 DAGs
[2026-07-17T23:31:17.224+0530] {logging_mixin.py:190} INFO - [2026-07-17T23:31:17.224+0530] {dag.py:4180} INFO - Setting next_dagrun for example_external_task_marker_child to None, run_after=None
[2026-07-17T23:31:17.225+0530] {logging_mixin.py:190} INFO - [2026-07-17T23:31:17.225+0530] {dag.py:4180} INFO - Setting next_dagrun for example_external_task_marker_parent to None, run_after=None
[2026-07-17T23:31:17.230+0530] {processor.py:208} INFO - Processing /Users/bhavishyachallagolla/Desktop/RetailSense/.venv/lib/python3.12/site-packages/airflow/example_dags/example_external_task_marker_dag.py took 0.045 seconds
[2026-07-17T23:33:08.185+0530] {processor.py:186} INFO - Started process (PID=98736) to work on /Users/bhavishyachallagolla/Desktop/RetailSense/.venv/lib/python3.12/site-packages/airflow/example_dags/example_external_task_marker_dag.py
[2026-07-17T23:33:08.186+0530] {processor.py:914} INFO - Processing file /Users/bhavishyachallagolla/Desktop/RetailSense/.venv/lib/python3.12/site-packages/airflow/example_dags/example_external_task_marker_dag.py for tasks to queue
[2026-07-17T23:33:08.187+0530] {logging_mixin.py:190} INFO - [2026-07-17T23:33:08.187+0530] {dagbag.py:588} INFO - Filling up the DagBag from /Users/bhavishyachallagolla/Desktop/RetailSense/.venv/lib/python3.12/site-packages/airflow/example_dags/example_external_task_marker_dag.py
[2026-07-17T23:33:08.191+0530] {processor.py:925} INFO - DAG(s) 'example_external_task_marker_child', 'example_external_task_marker_parent' retrieved from /Users/bhavishyachallagolla/Desktop/RetailSense/.venv/lib/python3.12/site-packages/airflow/example_dags/example_external_task_marker_dag.py
[2026-07-17T23:33:08.214+0530] {logging_mixin.py:190} INFO - [2026-07-17T23:33:08.214+0530] {workday.py:41} WARNING - Could not import pandas. Holidays will not be considered.
[2026-07-17T23:33:08.219+0530] {logging_mixin.py:190} INFO - [2026-07-17T23:33:08.219+0530] {dag.py:3239} INFO - Sync 2 DAGs
[2026-07-17T23:33:08.222+0530] {logging_mixin.py:190} INFO - [2026-07-17T23:33:08.222+0530] {dag.py:4180} INFO - Setting next_dagrun for example_external_task_marker_child to None, run_after=None
[2026-07-17T23:33:08.223+0530] {logging_mixin.py:190} INFO - [2026-07-17T23:33:08.223+0530] {dag.py:4180} INFO - Setting next_dagrun for example_external_task_marker_parent to None, run_after=None
[2026-07-17T23:33:08.228+0530] {processor.py:208} INFO - Processing /Users/bhavishyachallagolla/Desktop/RetailSense/.venv/lib/python3.12/site-packages/airflow/example_dags/example_external_task_marker_dag.py took 0.043 seconds
[2026-07-17T23:34:53.351+0530] {processor.py:186} INFO - Started process (PID=98906) to work on /Users/bhavishyachallagolla/Desktop/RetailSense/.venv/lib/python3.12/site-packages/airflow/example_dags/example_external_task_marker_dag.py
[2026-07-17T23:34:53.351+0530] {processor.py:914} INFO - Processing file /Users/bhavishyachallagolla/Desktop/RetailSense/.venv/lib/python3.12/site-packages/airflow/example_dags/example_external_task_marker_dag.py for tasks to queue
[2026-07-17T23:34:53.351+0530] {logging_mixin.py:190} INFO - [2026-07-17T23:34:53.351+0530] {dagbag.py:588} INFO - Filling up the DagBag from /Users/bhavishyachallagolla/Desktop/RetailSense/.venv/lib/python3.12/site-packages/airflow/example_dags/example_external_task_marker_dag.py
[2026-07-17T23:34:53.355+0530] {processor.py:925} INFO - DAG(s) 'example_external_task_marker_parent', 'example_external_task_marker_child' retrieved from /Users/bhavishyachallagolla/Desktop/RetailSense/.venv/lib/python3.12/site-packages/airflow/example_dags/example_external_task_marker_dag.py
[2026-07-17T23:34:53.379+0530] {logging_mixin.py:190} INFO - [2026-07-17T23:34:53.379+0530] {workday.py:41} WARNING - Could not import pandas. Holidays will not be considered.
[2026-07-17T23:34:53.383+0530] {logging_mixin.py:190} INFO - [2026-07-17T23:34:53.383+0530] {dag.py:3239} INFO - Sync 2 DAGs
[2026-07-17T23:34:53.386+0530] {logging_mixin.py:190} INFO - [2026-07-17T23:34:53.386+0530] {dag.py:4180} INFO - Setting next_dagrun for example_external_task_marker_child to None, run_after=None
[2026-07-17T23:34:53.386+0530] {logging_mixin.py:190} INFO - [2026-07-17T23:34:53.386+0530] {dag.py:4180} INFO - Setting next_dagrun for example_external_task_marker_parent to None, run_after=None
[2026-07-17T23:34:53.391+0530] {processor.py:208} INFO - Processing /Users/bhavishyachallagolla/Desktop/RetailSense/.venv/lib/python3.12/site-packages/airflow/example_dags/example_external_task_marker_dag.py took 0.042 seconds
[2026-07-17T23:36:35.435+0530] {processor.py:186} INFO - Started process (PID=99058) to work on /Users/bhavishyachallagolla/Desktop/RetailSense/.venv/lib/python3.12/site-packages/airflow/example_dags/example_external_task_marker_dag.py
[2026-07-17T23:36:35.435+0530] {processor.py:914} INFO - Processing file /Users/bhavishyachallagolla/Desktop/RetailSense/.venv/lib/python3.12/site-packages/airflow/example_dags/example_external_task_marker_dag.py for tasks to queue
[2026-07-17T23:36:35.436+0530] {logging_mixin.py:190} INFO - [2026-07-17T23:36:35.436+0530] {dagbag.py:588} INFO - Filling up the DagBag from /Users/bhavishyachallagolla/Desktop/RetailSense/.venv/lib/python3.12/site-packages/airflow/example_dags/example_external_task_marker_dag.py
[2026-07-17T23:36:35.440+0530] {processor.py:925} INFO - DAG(s) 'example_external_task_marker_child', 'example_external_task_marker_parent' retrieved from /Users/bhavishyachallagolla/Desktop/RetailSense/.venv/lib/python3.12/site-packages/airflow/example_dags/example_external_task_marker_dag.py
[2026-07-17T23:36:35.463+0530] {logging_mixin.py:190} INFO - [2026-07-17T23:36:35.463+0530] {workday.py:41} WARNING - Could not import pandas. Holidays will not be considered.
[2026-07-17T23:36:35.468+0530] {logging_mixin.py:190} INFO - [2026-07-17T23:36:35.468+0530] {dag.py:3239} INFO - Sync 2 DAGs
[2026-07-17T23:36:35.471+0530] {logging_mixin.py:190} INFO - [2026-07-17T23:36:35.471+0530] {dag.py:4180} INFO - Setting next_dagrun for example_external_task_marker_child to None, run_after=None
[2026-07-17T23:36:35.472+0530] {logging_mixin.py:190} INFO - [2026-07-17T23:36:35.472+0530] {dag.py:4180} INFO - Setting next_dagrun for example_external_task_marker_parent to None, run_after=None
[2026-07-17T23:36:35.476+0530] {processor.py:208} INFO - Processing /Users/bhavishyachallagolla/Desktop/RetailSense/.venv/lib/python3.12/site-packages/airflow/example_dags/example_external_task_marker_dag.py took 0.042 seconds
[2026-07-17T23:38:16.901+0530] {processor.py:186} INFO - Started process (PID=99220) to work on /Users/bhavishyachallagolla/Desktop/RetailSense/.venv/lib/python3.12/site-packages/airflow/example_dags/example_external_task_marker_dag.py
[2026-07-17T23:38:16.902+0530] {processor.py:914} INFO - Processing file /Users/bhavishyachallagolla/Desktop/RetailSense/.venv/lib/python3.12/site-packages/airflow/example_dags/example_external_task_marker_dag.py for tasks to queue
[2026-07-17T23:38:16.902+0530] {logging_mixin.py:190} INFO - [2026-07-17T23:38:16.902+0530] {dagbag.py:588} INFO - Filling up the DagBag from /Users/bhavishyachallagolla/Desktop/RetailSense/.venv/lib/python3.12/site-packages/airflow/example_dags/example_external_task_marker_dag.py
[2026-07-17T23:38:16.906+0530] {processor.py:925} INFO - DAG(s) 'example_external_task_marker_child', 'example_external_task_marker_parent' retrieved from /Users/bhavishyachallagolla/Desktop/RetailSense/.venv/lib/python3.12/site-packages/airflow/example_dags/example_external_task_marker_dag.py
[2026-07-17T23:38:16.929+0530] {logging_mixin.py:190} INFO - [2026-07-17T23:38:16.929+0530] {workday.py:41} WARNING - Could not import pandas. Holidays will not be considered.
[2026-07-17T23:38:16.935+0530] {logging_mixin.py:190} INFO - [2026-07-17T23:38:16.935+0530] {dag.py:3239} INFO - Sync 2 DAGs
[2026-07-17T23:38:16.938+0530] {logging_mixin.py:190} INFO - [2026-07-17T23:38:16.938+0530] {dag.py:4180} INFO - Setting next_dagrun for example_external_task_marker_child to None, run_after=None
[2026-07-17T23:38:16.939+0530] {logging_mixin.py:190} INFO - [2026-07-17T23:38:16.939+0530] {dag.py:4180} INFO - Setting next_dagrun for example_external_task_marker_parent to None, run_after=None
[2026-07-17T23:38:16.944+0530] {processor.py:208} INFO - Processing /Users/bhavishyachallagolla/Desktop/RetailSense/.venv/lib/python3.12/site-packages/airflow/example_dags/example_external_task_marker_dag.py took 0.044 seconds
[2026-07-17T23:39:58.009+0530] {processor.py:186} INFO - Started process (PID=99370) to work on /Users/bhavishyachallagolla/Desktop/RetailSense/.venv/lib/python3.12/site-packages/airflow/example_dags/example_external_task_marker_dag.py
[2026-07-17T23:39:58.009+0530] {processor.py:914} INFO - Processing file /Users/bhavishyachallagolla/Desktop/RetailSense/.venv/lib/python3.12/site-packages/airflow/example_dags/example_external_task_marker_dag.py for tasks to queue
[2026-07-17T23:39:58.009+0530] {logging_mixin.py:190} INFO - [2026-07-17T23:39:58.009+0530] {dagbag.py:588} INFO - Filling up the DagBag from /Users/bhavishyachallagolla/Desktop/RetailSense/.venv/lib/python3.12/site-packages/airflow/example_dags/example_external_task_marker_dag.py
[2026-07-17T23:39:58.013+0530] {processor.py:925} INFO - DAG(s) 'example_external_task_marker_child', 'example_external_task_marker_parent' retrieved from /Users/bhavishyachallagolla/Desktop/RetailSense/.venv/lib/python3.12/site-packages/airflow/example_dags/example_external_task_marker_dag.py
[2026-07-17T23:39:58.036+0530] {logging_mixin.py:190} INFO - [2026-07-17T23:39:58.036+0530] {workday.py:41} WARNING - Could not import pandas. Holidays will not be considered.
[2026-07-17T23:39:58.041+0530] {logging_mixin.py:190} INFO - [2026-07-17T23:39:58.041+0530] {dag.py:3239} INFO - Sync 2 DAGs
[2026-07-17T23:39:58.044+0530] {logging_mixin.py:190} INFO - [2026-07-17T23:39:58.044+0530] {dag.py:4180} INFO - Setting next_dagrun for example_external_task_marker_child to None, run_after=None
[2026-07-17T23:39:58.045+0530] {logging_mixin.py:190} INFO - [2026-07-17T23:39:58.045+0530] {dag.py:4180} INFO - Setting next_dagrun for example_external_task_marker_parent to None, run_after=None
[2026-07-17T23:39:58.049+0530] {processor.py:208} INFO - Processing /Users/bhavishyachallagolla/Desktop/RetailSense/.venv/lib/python3.12/site-packages/airflow/example_dags/example_external_task_marker_dag.py took 0.042 seconds
[2026-07-17T23:41:43.025+0530] {processor.py:186} INFO - Started process (PID=99531) to work on /Users/bhavishyachallagolla/Desktop/RetailSense/.venv/lib/python3.12/site-packages/airflow/example_dags/example_external_task_marker_dag.py
[2026-07-17T23:41:43.026+0530] {processor.py:914} INFO - Processing file /Users/bhavishyachallagolla/Desktop/RetailSense/.venv/lib/python3.12/site-packages/airflow/example_dags/example_external_task_marker_dag.py for tasks to queue
[2026-07-17T23:41:43.026+0530] {logging_mixin.py:190} INFO - [2026-07-17T23:41:43.026+0530] {dagbag.py:588} INFO - Filling up the DagBag from /Users/bhavishyachallagolla/Desktop/RetailSense/.venv/lib/python3.12/site-packages/airflow/example_dags/example_external_task_marker_dag.py
[2026-07-17T23:41:43.030+0530] {processor.py:925} INFO - DAG(s) 'example_external_task_marker_parent', 'example_external_task_marker_child' retrieved from /Users/bhavishyachallagolla/Desktop/RetailSense/.venv/lib/python3.12/site-packages/airflow/example_dags/example_external_task_marker_dag.py
[2026-07-17T23:41:43.054+0530] {logging_mixin.py:190} INFO - [2026-07-17T23:41:43.054+0530] {workday.py:41} WARNING - Could not import pandas. Holidays will not be considered.
[2026-07-17T23:41:43.058+0530] {logging_mixin.py:190} INFO - [2026-07-17T23:41:43.058+0530] {dag.py:3239} INFO - Sync 2 DAGs
[2026-07-17T23:41:43.060+0530] {logging_mixin.py:190} INFO - [2026-07-17T23:41:43.060+0530] {dag.py:4180} INFO - Setting next_dagrun for example_external_task_marker_child to None, run_after=None
[2026-07-17T23:41:43.061+0530] {logging_mixin.py:190} INFO - [2026-07-17T23:41:43.061+0530] {dag.py:4180} INFO - Setting next_dagrun for example_external_task_marker_parent to None, run_after=None
[2026-07-17T23:41:43.066+0530] {processor.py:208} INFO - Processing /Users/bhavishyachallagolla/Desktop/RetailSense/.venv/lib/python3.12/site-packages/airflow/example_dags/example_external_task_marker_dag.py took 0.042 seconds
[2026-07-17T23:43:22.858+0530] {processor.py:186} INFO - Started process (PID=99685) to work on /Users/bhavishyachallagolla/Desktop/RetailSense/.venv/lib/python3.12/site-packages/airflow/example_dags/example_external_task_marker_dag.py
[2026-07-17T23:43:22.859+0530] {processor.py:914} INFO - Processing file /Users/bhavishyachallagolla/Desktop/RetailSense/.venv/lib/python3.12/site-packages/airflow/example_dags/example_external_task_marker_dag.py for tasks to queue
[2026-07-17T23:43:22.860+0530] {logging_mixin.py:190} INFO - [2026-07-17T23:43:22.860+0530] {dagbag.py:588} INFO - Filling up the DagBag from /Users/bhavishyachallagolla/Desktop/RetailSense/.venv/lib/python3.12/site-packages/airflow/example_dags/example_external_task_marker_dag.py
[2026-07-17T23:43:22.864+0530] {processor.py:925} INFO - DAG(s) 'example_external_task_marker_parent', 'example_external_task_marker_child' retrieved from /Users/bhavishyachallagolla/Desktop/RetailSense/.venv/lib/python3.12/site-packages/airflow/example_dags/example_external_task_marker_dag.py
[2026-07-17T23:43:22.889+0530] {logging_mixin.py:190} INFO - [2026-07-17T23:43:22.888+0530] {workday.py:41} WARNING - Could not import pandas. Holidays will not be considered.
[2026-07-17T23:43:22.893+0530] {logging_mixin.py:190} INFO - [2026-07-17T23:43:22.892+0530] {dag.py:3239} INFO - Sync 2 DAGs
[2026-07-17T23:43:22.896+0530] {logging_mixin.py:190} INFO - [2026-07-17T23:43:22.896+0530] {dag.py:4180} INFO - Setting next_dagrun for example_external_task_marker_child to None, run_after=None
[2026-07-17T23:43:22.896+0530] {logging_mixin.py:190} INFO - [2026-07-17T23:43:22.896+0530] {dag.py:4180} INFO - Setting next_dagrun for example_external_task_marker_parent to None, run_after=None
[2026-07-17T23:43:22.901+0530] {processor.py:208} INFO - Processing /Users/bhavishyachallagolla/Desktop/RetailSense/.venv/lib/python3.12/site-packages/airflow/example_dags/example_external_task_marker_dag.py took 0.044 seconds
[2026-07-17T23:45:04.115+0530] {processor.py:186} INFO - Started process (PID=99839) to work on /Users/bhavishyachallagolla/Desktop/RetailSense/.venv/lib/python3.12/site-packages/airflow/example_dags/example_external_task_marker_dag.py
[2026-07-17T23:45:04.116+0530] {processor.py:914} INFO - Processing file /Users/bhavishyachallagolla/Desktop/RetailSense/.venv/lib/python3.12/site-packages/airflow/example_dags/example_external_task_marker_dag.py for tasks to queue
[2026-07-17T23:45:04.116+0530] {logging_mixin.py:190} INFO - [2026-07-17T23:45:04.116+0530] {dagbag.py:588} INFO - Filling up the DagBag from /Users/bhavishyachallagolla/Desktop/RetailSense/.venv/lib/python3.12/site-packages/airflow/example_dags/example_external_task_marker_dag.py
[2026-07-17T23:45:04.120+0530] {processor.py:925} INFO - DAG(s) 'example_external_task_marker_child', 'example_external_task_marker_parent' retrieved from /Users/bhavishyachallagolla/Desktop/RetailSense/.venv/lib/python3.12/site-packages/airflow/example_dags/example_external_task_marker_dag.py
[2026-07-17T23:45:04.142+0530] {logging_mixin.py:190} INFO - [2026-07-17T23:45:04.141+0530] {workday.py:41} WARNING - Could not import pandas. Holidays will not be considered.
[2026-07-17T23:45:04.147+0530] {logging_mixin.py:190} INFO - [2026-07-17T23:45:04.146+0530] {dag.py:3239} INFO - Sync 2 DAGs
[2026-07-17T23:45:04.149+0530] {logging_mixin.py:190} INFO - [2026-07-17T23:45:04.149+0530] {dag.py:4180} INFO - Setting next_dagrun for example_external_task_marker_child to None, run_after=None
[2026-07-17T23:45:04.150+0530] {logging_mixin.py:190} INFO - [2026-07-17T23:45:04.150+0530] {dag.py:4180} INFO - Setting next_dagrun for example_external_task_marker_parent to None, run_after=None
[2026-07-17T23:45:04.155+0530] {processor.py:208} INFO - Processing /Users/bhavishyachallagolla/Desktop/RetailSense/.venv/lib/python3.12/site-packages/airflow/example_dags/example_external_task_marker_dag.py took 0.041 seconds
[2026-07-17T23:46:49.255+0530] {processor.py:186} INFO - Started process (PID=101) to work on /Users/bhavishyachallagolla/Desktop/RetailSense/.venv/lib/python3.12/site-packages/airflow/example_dags/example_external_task_marker_dag.py
[2026-07-17T23:46:49.255+0530] {processor.py:914} INFO - Processing file /Users/bhavishyachallagolla/Desktop/RetailSense/.venv/lib/python3.12/site-packages/airflow/example_dags/example_external_task_marker_dag.py for tasks to queue
[2026-07-17T23:46:49.256+0530] {logging_mixin.py:190} INFO - [2026-07-17T23:46:49.256+0530] {dagbag.py:588} INFO - Filling up the DagBag from /Users/bhavishyachallagolla/Desktop/RetailSense/.venv/lib/python3.12/site-packages/airflow/example_dags/example_external_task_marker_dag.py
[2026-07-17T23:46:49.260+0530] {processor.py:925} INFO - DAG(s) 'example_external_task_marker_child', 'example_external_task_marker_parent' retrieved from /Users/bhavishyachallagolla/Desktop/RetailSense/.venv/lib/python3.12/site-packages/airflow/example_dags/example_external_task_marker_dag.py
[2026-07-17T23:46:49.283+0530] {logging_mixin.py:190} INFO - [2026-07-17T23:46:49.283+0530] {workday.py:41} WARNING - Could not import pandas. Holidays will not be considered.
[2026-07-17T23:46:49.288+0530] {logging_mixin.py:190} INFO - [2026-07-17T23:46:49.288+0530] {dag.py:3239} INFO - Sync 2 DAGs
[2026-07-17T23:46:49.291+0530] {logging_mixin.py:190} INFO - [2026-07-17T23:46:49.291+0530] {dag.py:4180} INFO - Setting next_dagrun for example_external_task_marker_child to None, run_after=None
[2026-07-17T23:46:49.291+0530] {logging_mixin.py:190} INFO - [2026-07-17T23:46:49.291+0530] {dag.py:4180} INFO - Setting next_dagrun for example_external_task_marker_parent to None, run_after=None
[2026-07-17T23:46:49.296+0530] {processor.py:208} INFO - Processing /Users/bhavishyachallagolla/Desktop/RetailSense/.venv/lib/python3.12/site-packages/airflow/example_dags/example_external_task_marker_dag.py took 0.042 seconds
[2026-07-17T23:48:50.365+0530] {processor.py:186} INFO - Started process (PID=290) to work on /Users/bhavishyachallagolla/Desktop/RetailSense/.venv/lib/python3.12/site-packages/airflow/example_dags/example_external_task_marker_dag.py
[2026-07-17T23:48:50.366+0530] {processor.py:914} INFO - Processing file /Users/bhavishyachallagolla/Desktop/RetailSense/.venv/lib/python3.12/site-packages/airflow/example_dags/example_external_task_marker_dag.py for tasks to queue
[2026-07-17T23:48:50.367+0530] {logging_mixin.py:190} INFO - [2026-07-17T23:48:50.367+0530] {dagbag.py:588} INFO - Filling up the DagBag from /Users/bhavishyachallagolla/Desktop/RetailSense/.venv/lib/python3.12/site-packages/airflow/example_dags/example_external_task_marker_dag.py
[2026-07-17T23:48:50.371+0530] {processor.py:925} INFO - DAG(s) 'example_external_task_marker_child', 'example_external_task_marker_parent' retrieved from /Users/bhavishyachallagolla/Desktop/RetailSense/.venv/lib/python3.12/site-packages/airflow/example_dags/example_external_task_marker_dag.py
[2026-07-17T23:48:50.393+0530] {logging_mixin.py:190} INFO - [2026-07-17T23:48:50.393+0530] {workday.py:41} WARNING - Could not import pandas. Holidays will not be considered.
[2026-07-17T23:48:50.398+0530] {logging_mixin.py:190} INFO - [2026-07-17T23:48:50.398+0530] {dag.py:3239} INFO - Sync 2 DAGs
[2026-07-17T23:48:50.401+0530] {logging_mixin.py:190} INFO - [2026-07-17T23:48:50.401+0530] {dag.py:4180} INFO - Setting next_dagrun for example_external_task_marker_child to None, run_after=None
[2026-07-17T23:48:50.401+0530] {logging_mixin.py:190} INFO - [2026-07-17T23:48:50.401+0530] {dag.py:4180} INFO - Setting next_dagrun for example_external_task_marker_parent to None, run_after=None
[2026-07-17T23:48:50.406+0530] {processor.py:208} INFO - Processing /Users/bhavishyachallagolla/Desktop/RetailSense/.venv/lib/python3.12/site-packages/airflow/example_dags/example_external_task_marker_dag.py took 0.042 seconds
[2026-07-17T23:50:34.661+0530] {processor.py:186} INFO - Started process (PID=504) to work on /Users/bhavishyachallagolla/Desktop/RetailSense/.venv/lib/python3.12/site-packages/airflow/example_dags/example_external_task_marker_dag.py
[2026-07-17T23:50:34.661+0530] {processor.py:914} INFO - Processing file /Users/bhavishyachallagolla/Desktop/RetailSense/.venv/lib/python3.12/site-packages/airflow/example_dags/example_external_task_marker_dag.py for tasks to queue
[2026-07-17T23:50:34.662+0530] {logging_mixin.py:190} INFO - [2026-07-17T23:50:34.662+0530] {dagbag.py:588} INFO - Filling up the DagBag from /Users/bhavishyachallagolla/Desktop/RetailSense/.venv/lib/python3.12/site-packages/airflow/example_dags/example_external_task_marker_dag.py
[2026-07-17T23:50:34.665+0530] {processor.py:925} INFO - DAG(s) 'example_external_task_marker_parent', 'example_external_task_marker_child' retrieved from /Users/bhavishyachallagolla/Desktop/RetailSense/.venv/lib/python3.12/site-packages/airflow/example_dags/example_external_task_marker_dag.py
[2026-07-17T23:50:34.689+0530] {logging_mixin.py:190} INFO - [2026-07-17T23:50:34.689+0530] {workday.py:41} WARNING - Could not import pandas. Holidays will not be considered.
[2026-07-17T23:50:34.693+0530] {logging_mixin.py:190} INFO - [2026-07-17T23:50:34.693+0530] {dag.py:3239} INFO - Sync 2 DAGs
[2026-07-17T23:50:34.696+0530] {logging_mixin.py:190} INFO - [2026-07-17T23:50:34.696+0530] {dag.py:4180} INFO - Setting next_dagrun for example_external_task_marker_child to None, run_after=None
[2026-07-17T23:50:34.696+0530] {logging_mixin.py:190} INFO - [2026-07-17T23:50:34.696+0530] {dag.py:4180} INFO - Setting next_dagrun for example_external_task_marker_parent to None, run_after=None
[2026-07-17T23:50:34.701+0530] {processor.py:208} INFO - Processing /Users/bhavishyachallagolla/Desktop/RetailSense/.venv/lib/python3.12/site-packages/airflow/example_dags/example_external_task_marker_dag.py took 0.041 seconds
[2026-07-17T23:52:17.204+0530] {processor.py:186} INFO - Started process (PID=764) to work on /Users/bhavishyachallagolla/Desktop/RetailSense/.venv/lib/python3.12/site-packages/airflow/example_dags/example_external_task_marker_dag.py
[2026-07-17T23:52:17.205+0530] {processor.py:914} INFO - Processing file /Users/bhavishyachallagolla/Desktop/RetailSense/.venv/lib/python3.12/site-packages/airflow/example_dags/example_external_task_marker_dag.py for tasks to queue
[2026-07-17T23:52:17.205+0530] {logging_mixin.py:190} INFO - [2026-07-17T23:52:17.205+0530] {dagbag.py:588} INFO - Filling up the DagBag from /Users/bhavishyachallagolla/Desktop/RetailSense/.venv/lib/python3.12/site-packages/airflow/example_dags/example_external_task_marker_dag.py
[2026-07-17T23:52:17.209+0530] {processor.py:925} INFO - DAG(s) 'example_external_task_marker_parent', 'example_external_task_marker_child' retrieved from /Users/bhavishyachallagolla/Desktop/RetailSense/.venv/lib/python3.12/site-packages/airflow/example_dags/example_external_task_marker_dag.py
[2026-07-17T23:52:17.233+0530] {logging_mixin.py:190} INFO - [2026-07-17T23:52:17.233+0530] {workday.py:41} WARNING - Could not import pandas. Holidays will not be considered.
[2026-07-17T23:52:17.237+0530] {logging_mixin.py:190} INFO - [2026-07-17T23:52:17.237+0530] {dag.py:3239} INFO - Sync 2 DAGs
[2026-07-17T23:52:17.239+0530] {logging_mixin.py:190} INFO - [2026-07-17T23:52:17.239+0530] {dag.py:4180} INFO - Setting next_dagrun for example_external_task_marker_child to None, run_after=None
[2026-07-17T23:52:17.240+0530] {logging_mixin.py:190} INFO - [2026-07-17T23:52:17.240+0530] {dag.py:4180} INFO - Setting next_dagrun for example_external_task_marker_parent to None, run_after=None
[2026-07-17T23:52:17.245+0530] {processor.py:208} INFO - Processing /Users/bhavishyachallagolla/Desktop/RetailSense/.venv/lib/python3.12/site-packages/airflow/example_dags/example_external_task_marker_dag.py took 0.041 seconds
[2026-07-17T23:54:06.970+0530] {processor.py:186} INFO - Started process (PID=975) to work on /Users/bhavishyachallagolla/Desktop/RetailSense/.venv/lib/python3.12/site-packages/airflow/example_dags/example_external_task_marker_dag.py
[2026-07-17T23:54:06.971+0530] {processor.py:914} INFO - Processing file /Users/bhavishyachallagolla/Desktop/RetailSense/.venv/lib/python3.12/site-packages/airflow/example_dags/example_external_task_marker_dag.py for tasks to queue
[2026-07-17T23:54:06.971+0530] {logging_mixin.py:190} INFO - [2026-07-17T23:54:06.971+0530] {dagbag.py:588} INFO - Filling up the DagBag from /Users/bhavishyachallagolla/Desktop/RetailSense/.venv/lib/python3.12/site-packages/airflow/example_dags/example_external_task_marker_dag.py
[2026-07-17T23:54:06.975+0530] {processor.py:925} INFO - DAG(s) 'example_external_task_marker_child', 'example_external_task_marker_parent' retrieved from /Users/bhavishyachallagolla/Desktop/RetailSense/.venv/lib/python3.12/site-packages/airflow/example_dags/example_external_task_marker_dag.py
[2026-07-17T23:54:06.998+0530] {logging_mixin.py:190} INFO - [2026-07-17T23:54:06.998+0530] {workday.py:41} WARNING - Could not import pandas. Holidays will not be considered.
[2026-07-17T23:54:07.003+0530] {logging_mixin.py:190} INFO - [2026-07-17T23:54:07.003+0530] {dag.py:3239} INFO - Sync 2 DAGs
[2026-07-17T23:54:07.006+0530] {logging_mixin.py:190} INFO - [2026-07-17T23:54:07.006+0530] {dag.py:4180} INFO - Setting next_dagrun for example_external_task_marker_child to None, run_after=None
[2026-07-17T23:54:07.007+0530] {logging_mixin.py:190} INFO - [2026-07-17T23:54:07.007+0530] {dag.py:4180} INFO - Setting next_dagrun for example_external_task_marker_parent to None, run_after=None
[2026-07-17T23:54:07.011+0530] {processor.py:208} INFO - Processing /Users/bhavishyachallagolla/Desktop/RetailSense/.venv/lib/python3.12/site-packages/airflow/example_dags/example_external_task_marker_dag.py took 0.042 seconds
[2026-07-17T23:55:38.911+0530] {processor.py:186} INFO - Started process (PID=1136) to work on /Users/bhavishyachallagolla/Desktop/RetailSense/.venv/lib/python3.12/site-packages/airflow/example_dags/example_external_task_marker_dag.py
[2026-07-17T23:55:38.912+0530] {processor.py:914} INFO - Processing file /Users/bhavishyachallagolla/Desktop/RetailSense/.venv/lib/python3.12/site-packages/airflow/example_dags/example_external_task_marker_dag.py for tasks to queue
[2026-07-17T23:55:38.912+0530] {logging_mixin.py:190} INFO - [2026-07-17T23:55:38.912+0530] {dagbag.py:588} INFO - Filling up the DagBag from /Users/bhavishyachallagolla/Desktop/RetailSense/.venv/lib/python3.12/site-packages/airflow/example_dags/example_external_task_marker_dag.py
[2026-07-17T23:55:38.916+0530] {processor.py:925} INFO - DAG(s) 'example_external_task_marker_parent', 'example_external_task_marker_child' retrieved from /Users/bhavishyachallagolla/Desktop/RetailSense/.venv/lib/python3.12/site-packages/airflow/example_dags/example_external_task_marker_dag.py
[2026-07-17T23:55:38.940+0530] {logging_mixin.py:190} INFO - [2026-07-17T23:55:38.940+0530] {workday.py:41} WARNING - Could not import pandas. Holidays will not be considered.
[2026-07-17T23:55:38.944+0530] {logging_mixin.py:190} INFO - [2026-07-17T23:55:38.944+0530] {dag.py:3239} INFO - Sync 2 DAGs
[2026-07-17T23:55:38.947+0530] {logging_mixin.py:190} INFO - [2026-07-17T23:55:38.946+0530] {dag.py:4180} INFO - Setting next_dagrun for example_external_task_marker_child to None, run_after=None
[2026-07-17T23:55:38.947+0530] {logging_mixin.py:190} INFO - [2026-07-17T23:55:38.947+0530] {dag.py:4180} INFO - Setting next_dagrun for example_external_task_marker_parent to None, run_after=None
[2026-07-17T23:55:38.952+0530] {processor.py:208} INFO - Processing /Users/bhavishyachallagolla/Desktop/RetailSense/.venv/lib/python3.12/site-packages/airflow/example_dags/example_external_task_marker_dag.py took 0.042 seconds
