[2026-07-17T20:09:10.933+0530] {processor.py:186} INFO - Started process (PID=87178) to work on /Users/bhavishyachallagolla/Desktop/RetailSense/.venv/lib/python3.12/site-packages/airflow/example_dags/example_sla_dag.py
[2026-07-17T20:09:10.933+0530] {processor.py:914} INFO - Processing file /Users/bhavishyachallagolla/Desktop/RetailSense/.venv/lib/python3.12/site-packages/airflow/example_dags/example_sla_dag.py for tasks to queue
[2026-07-17T20:09:10.933+0530] {logging_mixin.py:190} INFO - [2026-07-17T20:09:10.933+0530] {dagbag.py:588} INFO - Filling up the DagBag from /Users/bhavishyachallagolla/Desktop/RetailSense/.venv/lib/python3.12/site-packages/airflow/example_dags/example_sla_dag.py
[2026-07-17T20:09:10.946+0530] {processor.py:925} INFO - DAG(s) 'example_sla_dag' retrieved from /Users/bhavishyachallagolla/Desktop/RetailSense/.venv/lib/python3.12/site-packages/airflow/example_dags/example_sla_dag.py
[2026-07-17T20:09:10.994+0530] {logging_mixin.py:190} INFO - [2026-07-17T20:09:10.994+0530] {dag.py:3239} INFO - Sync 1 DAGs
[2026-07-17T20:09:10.999+0530] {logging_mixin.py:190} INFO - [2026-07-17T20:09:10.999+0530] {dag.py:4180} INFO - Setting next_dagrun for example_sla_dag to 2026-07-17 14:36:00+00:00, run_after=2026-07-17 14:38:00+00:00
[2026-07-17T20:09:11.025+0530] {processor.py:208} INFO - Processing /Users/bhavishyachallagolla/Desktop/RetailSense/.venv/lib/python3.12/site-packages/airflow/example_dags/example_sla_dag.py took 0.093 seconds
[2026-07-17T20:10:08.514+0530] {processor.py:186} INFO - Started process (PID=87285) to work on /Users/bhavishyachallagolla/Desktop/RetailSense/.venv/lib/python3.12/site-packages/airflow/example_dags/example_sla_dag.py
[2026-07-17T20:10:08.514+0530] {processor.py:914} INFO - Processing file /Users/bhavishyachallagolla/Desktop/RetailSense/.venv/lib/python3.12/site-packages/airflow/example_dags/example_sla_dag.py for tasks to queue
[2026-07-17T20:10:08.514+0530] {logging_mixin.py:190} INFO - [2026-07-17T20:10:08.514+0530] {dagbag.py:588} INFO - Filling up the DagBag from /Users/bhavishyachallagolla/Desktop/RetailSense/.venv/lib/python3.12/site-packages/airflow/example_dags/example_sla_dag.py
[2026-07-17T20:10:08.527+0530] {processor.py:925} INFO - DAG(s) 'example_sla_dag' retrieved from /Users/bhavishyachallagolla/Desktop/RetailSense/.venv/lib/python3.12/site-packages/airflow/example_dags/example_sla_dag.py
[2026-07-17T20:10:08.551+0530] {logging_mixin.py:190} INFO - [2026-07-17T20:10:08.551+0530] {dag.py:3239} INFO - Sync 1 DAGs
[2026-07-17T20:10:08.558+0530] {logging_mixin.py:190} INFO - [2026-07-17T20:10:08.557+0530] {dag.py:4180} INFO - Setting next_dagrun for example_sla_dag to 2026-07-17 14:38:00+00:00, run_after=2026-07-17 14:40:00+00:00
[2026-07-17T20:10:08.562+0530] {processor.py:208} INFO - Processing /Users/bhavishyachallagolla/Desktop/RetailSense/.venv/lib/python3.12/site-packages/airflow/example_dags/example_sla_dag.py took 0.049 seconds
[2026-07-17T20:11:27.475+0530] {processor.py:186} INFO - Started process (PID=87407) to work on /Users/bhavishyachallagolla/Desktop/RetailSense/.venv/lib/python3.12/site-packages/airflow/example_dags/example_sla_dag.py
[2026-07-17T20:11:27.476+0530] {processor.py:914} INFO - Processing file /Users/bhavishyachallagolla/Desktop/RetailSense/.venv/lib/python3.12/site-packages/airflow/example_dags/example_sla_dag.py for tasks to queue
[2026-07-17T20:11:27.477+0530] {logging_mixin.py:190} INFO - [2026-07-17T20:11:27.477+0530] {dagbag.py:588} INFO - Filling up the DagBag from /Users/bhavishyachallagolla/Desktop/RetailSense/.venv/lib/python3.12/site-packages/airflow/example_dags/example_sla_dag.py
[2026-07-17T20:11:27.489+0530] {processor.py:925} INFO - DAG(s) 'example_sla_dag' retrieved from /Users/bhavishyachallagolla/Desktop/RetailSense/.venv/lib/python3.12/site-packages/airflow/example_dags/example_sla_dag.py
[2026-07-17T20:11:27.514+0530] {logging_mixin.py:190} INFO - [2026-07-17T20:11:27.514+0530] {dag.py:3239} INFO - Sync 1 DAGs
[2026-07-17T20:11:27.519+0530] {logging_mixin.py:190} INFO - [2026-07-17T20:11:27.519+0530] {dag.py:4180} INFO - Setting next_dagrun for example_sla_dag to 2026-07-17 14:38:00+00:00, run_after=2026-07-17 14:40:00+00:00
[2026-07-17T20:11:27.524+0530] {processor.py:208} INFO - Processing /Users/bhavishyachallagolla/Desktop/RetailSense/.venv/lib/python3.12/site-packages/airflow/example_dags/example_sla_dag.py took 0.049 seconds
[2026-07-17T20:13:08.246+0530] {processor.py:186} INFO - Started process (PID=87559) to work on /Users/bhavishyachallagolla/Desktop/RetailSense/.venv/lib/python3.12/site-packages/airflow/example_dags/example_sla_dag.py
[2026-07-17T20:13:08.247+0530] {processor.py:914} INFO - Processing file /Users/bhavishyachallagolla/Desktop/RetailSense/.venv/lib/python3.12/site-packages/airflow/example_dags/example_sla_dag.py for tasks to queue
[2026-07-17T20:13:08.248+0530] {logging_mixin.py:190} INFO - [2026-07-17T20:13:08.248+0530] {dagbag.py:588} INFO - Filling up the DagBag from /Users/bhavishyachallagolla/Desktop/RetailSense/.venv/lib/python3.12/site-packages/airflow/example_dags/example_sla_dag.py
[2026-07-17T20:13:08.259+0530] {processor.py:925} INFO - DAG(s) 'example_sla_dag' retrieved from /Users/bhavishyachallagolla/Desktop/RetailSense/.venv/lib/python3.12/site-packages/airflow/example_dags/example_sla_dag.py
[2026-07-17T20:13:08.283+0530] {logging_mixin.py:190} INFO - [2026-07-17T20:13:08.283+0530] {dag.py:3239} INFO - Sync 1 DAGs
[2026-07-17T20:13:08.288+0530] {logging_mixin.py:190} INFO - [2026-07-17T20:13:08.288+0530] {dag.py:4180} INFO - Setting next_dagrun for example_sla_dag to 2026-07-17 14:40:00+00:00, run_after=2026-07-17 14:42:00+00:00
[2026-07-17T20:13:08.292+0530] {processor.py:208} INFO - Processing /Users/bhavishyachallagolla/Desktop/RetailSense/.venv/lib/python3.12/site-packages/airflow/example_dags/example_sla_dag.py took 0.047 seconds
[2026-07-17T20:14:46.431+0530] {processor.py:186} INFO - Started process (PID=87708) to work on /Users/bhavishyachallagolla/Desktop/RetailSense/.venv/lib/python3.12/site-packages/airflow/example_dags/example_sla_dag.py
[2026-07-17T20:14:46.432+0530] {processor.py:914} INFO - Processing file /Users/bhavishyachallagolla/Desktop/RetailSense/.venv/lib/python3.12/site-packages/airflow/example_dags/example_sla_dag.py for tasks to queue
[2026-07-17T20:14:46.433+0530] {logging_mixin.py:190} INFO - [2026-07-17T20:14:46.433+0530] {dagbag.py:588} INFO - Filling up the DagBag from /Users/bhavishyachallagolla/Desktop/RetailSense/.venv/lib/python3.12/site-packages/airflow/example_dags/example_sla_dag.py
[2026-07-17T20:14:46.446+0530] {processor.py:925} INFO - DAG(s) 'example_sla_dag' retrieved from /Users/bhavishyachallagolla/Desktop/RetailSense/.venv/lib/python3.12/site-packages/airflow/example_dags/example_sla_dag.py
[2026-07-17T20:14:46.470+0530] {logging_mixin.py:190} INFO - [2026-07-17T20:14:46.470+0530] {dag.py:3239} INFO - Sync 1 DAGs
[2026-07-17T20:14:46.475+0530] {logging_mixin.py:190} INFO - [2026-07-17T20:14:46.475+0530] {dag.py:4180} INFO - Setting next_dagrun for example_sla_dag to 2026-07-17 14:42:00+00:00, run_after=2026-07-17 14:44:00+00:00
[2026-07-17T20:14:46.480+0530] {processor.py:208} INFO - Processing /Users/bhavishyachallagolla/Desktop/RetailSense/.venv/lib/python3.12/site-packages/airflow/example_dags/example_sla_dag.py took 0.050 seconds
[2026-07-17T20:16:27.064+0530] {processor.py:186} INFO - Started process (PID=87875) to work on /Users/bhavishyachallagolla/Desktop/RetailSense/.venv/lib/python3.12/site-packages/airflow/example_dags/example_sla_dag.py
[2026-07-17T20:16:27.065+0530] {processor.py:914} INFO - Processing file /Users/bhavishyachallagolla/Desktop/RetailSense/.venv/lib/python3.12/site-packages/airflow/example_dags/example_sla_dag.py for tasks to queue
[2026-07-17T20:16:27.065+0530] {logging_mixin.py:190} INFO - [2026-07-17T20:16:27.065+0530] {dagbag.py:588} INFO - Filling up the DagBag from /Users/bhavishyachallagolla/Desktop/RetailSense/.venv/lib/python3.12/site-packages/airflow/example_dags/example_sla_dag.py
[2026-07-17T20:16:27.078+0530] {processor.py:925} INFO - DAG(s) 'example_sla_dag' retrieved from /Users/bhavishyachallagolla/Desktop/RetailSense/.venv/lib/python3.12/site-packages/airflow/example_dags/example_sla_dag.py
[2026-07-17T20:16:27.103+0530] {logging_mixin.py:190} INFO - [2026-07-17T20:16:27.103+0530] {dag.py:3239} INFO - Sync 1 DAGs
[2026-07-17T20:16:27.109+0530] {logging_mixin.py:190} INFO - [2026-07-17T20:16:27.109+0530] {dag.py:4180} INFO - Setting next_dagrun for example_sla_dag to 2026-07-17 14:44:00+00:00, run_after=2026-07-17 14:46:00+00:00
[2026-07-17T20:16:27.113+0530] {processor.py:208} INFO - Processing /Users/bhavishyachallagolla/Desktop/RetailSense/.venv/lib/python3.12/site-packages/airflow/example_dags/example_sla_dag.py took 0.050 seconds
[2026-07-17T20:18:07.282+0530] {processor.py:186} INFO - Started process (PID=88029) to work on /Users/bhavishyachallagolla/Desktop/RetailSense/.venv/lib/python3.12/site-packages/airflow/example_dags/example_sla_dag.py
[2026-07-17T20:18:07.282+0530] {processor.py:914} INFO - Processing file /Users/bhavishyachallagolla/Desktop/RetailSense/.venv/lib/python3.12/site-packages/airflow/example_dags/example_sla_dag.py for tasks to queue
[2026-07-17T20:18:07.283+0530] {logging_mixin.py:190} INFO - [2026-07-17T20:18:07.283+0530] {dagbag.py:588} INFO - Filling up the DagBag from /Users/bhavishyachallagolla/Desktop/RetailSense/.venv/lib/python3.12/site-packages/airflow/example_dags/example_sla_dag.py
[2026-07-17T20:18:07.295+0530] {processor.py:925} INFO - DAG(s) 'example_sla_dag' retrieved from /Users/bhavishyachallagolla/Desktop/RetailSense/.venv/lib/python3.12/site-packages/airflow/example_dags/example_sla_dag.py
[2026-07-17T20:18:07.319+0530] {logging_mixin.py:190} INFO - [2026-07-17T20:18:07.319+0530] {dag.py:3239} INFO - Sync 1 DAGs
[2026-07-17T20:18:07.324+0530] {logging_mixin.py:190} INFO - [2026-07-17T20:18:07.324+0530] {dag.py:4180} INFO - Setting next_dagrun for example_sla_dag to 2026-07-17 14:46:00+00:00, run_after=2026-07-17 14:48:00+00:00
[2026-07-17T20:18:07.329+0530] {processor.py:208} INFO - Processing /Users/bhavishyachallagolla/Desktop/RetailSense/.venv/lib/python3.12/site-packages/airflow/example_dags/example_sla_dag.py took 0.048 seconds
[2026-07-17T20:19:45.546+0530] {processor.py:186} INFO - Started process (PID=88180) to work on /Users/bhavishyachallagolla/Desktop/RetailSense/.venv/lib/python3.12/site-packages/airflow/example_dags/example_sla_dag.py
[2026-07-17T20:19:45.547+0530] {processor.py:914} INFO - Processing file /Users/bhavishyachallagolla/Desktop/RetailSense/.venv/lib/python3.12/site-packages/airflow/example_dags/example_sla_dag.py for tasks to queue
[2026-07-17T20:19:45.547+0530] {logging_mixin.py:190} INFO - [2026-07-17T20:19:45.547+0530] {dagbag.py:588} INFO - Filling up the DagBag from /Users/bhavishyachallagolla/Desktop/RetailSense/.venv/lib/python3.12/site-packages/airflow/example_dags/example_sla_dag.py
[2026-07-17T20:19:45.559+0530] {processor.py:925} INFO - DAG(s) 'example_sla_dag' retrieved from /Users/bhavishyachallagolla/Desktop/RetailSense/.venv/lib/python3.12/site-packages/airflow/example_dags/example_sla_dag.py
[2026-07-17T20:19:45.583+0530] {logging_mixin.py:190} INFO - [2026-07-17T20:19:45.583+0530] {dag.py:3239} INFO - Sync 1 DAGs
[2026-07-17T20:19:45.588+0530] {logging_mixin.py:190} INFO - [2026-07-17T20:19:45.588+0530] {dag.py:4180} INFO - Setting next_dagrun for example_sla_dag to 2026-07-17 14:46:00+00:00, run_after=2026-07-17 14:48:00+00:00
[2026-07-17T20:19:45.593+0530] {processor.py:208} INFO - Processing /Users/bhavishyachallagolla/Desktop/RetailSense/.venv/lib/python3.12/site-packages/airflow/example_dags/example_sla_dag.py took 0.048 seconds
[2026-07-17T20:21:26.726+0530] {processor.py:186} INFO - Started process (PID=88346) to work on /Users/bhavishyachallagolla/Desktop/RetailSense/.venv/lib/python3.12/site-packages/airflow/example_dags/example_sla_dag.py
[2026-07-17T20:21:26.726+0530] {processor.py:914} INFO - Processing file /Users/bhavishyachallagolla/Desktop/RetailSense/.venv/lib/python3.12/site-packages/airflow/example_dags/example_sla_dag.py for tasks to queue
[2026-07-17T20:21:26.727+0530] {logging_mixin.py:190} INFO - [2026-07-17T20:21:26.727+0530] {dagbag.py:588} INFO - Filling up the DagBag from /Users/bhavishyachallagolla/Desktop/RetailSense/.venv/lib/python3.12/site-packages/airflow/example_dags/example_sla_dag.py
[2026-07-17T20:21:26.739+0530] {processor.py:925} INFO - DAG(s) 'example_sla_dag' retrieved from /Users/bhavishyachallagolla/Desktop/RetailSense/.venv/lib/python3.12/site-packages/airflow/example_dags/example_sla_dag.py
[2026-07-17T20:21:26.764+0530] {logging_mixin.py:190} INFO - [2026-07-17T20:21:26.764+0530] {dag.py:3239} INFO - Sync 1 DAGs
[2026-07-17T20:21:26.769+0530] {logging_mixin.py:190} INFO - [2026-07-17T20:21:26.769+0530] {dag.py:4180} INFO - Setting next_dagrun for example_sla_dag to 2026-07-17 14:48:00+00:00, run_after=2026-07-17 14:50:00+00:00
[2026-07-17T20:21:26.774+0530] {processor.py:208} INFO - Processing /Users/bhavishyachallagolla/Desktop/RetailSense/.venv/lib/python3.12/site-packages/airflow/example_dags/example_sla_dag.py took 0.049 seconds
[2026-07-17T20:23:07.733+0530] {processor.py:186} INFO - Started process (PID=88503) to work on /Users/bhavishyachallagolla/Desktop/RetailSense/.venv/lib/python3.12/site-packages/airflow/example_dags/example_sla_dag.py
[2026-07-17T20:23:07.734+0530] {processor.py:914} INFO - Processing file /Users/bhavishyachallagolla/Desktop/RetailSense/.venv/lib/python3.12/site-packages/airflow/example_dags/example_sla_dag.py for tasks to queue
[2026-07-17T20:23:07.734+0530] {logging_mixin.py:190} INFO - [2026-07-17T20:23:07.734+0530] {dagbag.py:588} INFO - Filling up the DagBag from /Users/bhavishyachallagolla/Desktop/RetailSense/.venv/lib/python3.12/site-packages/airflow/example_dags/example_sla_dag.py
[2026-07-17T20:23:07.747+0530] {processor.py:925} INFO - DAG(s) 'example_sla_dag' retrieved from /Users/bhavishyachallagolla/Desktop/RetailSense/.venv/lib/python3.12/site-packages/airflow/example_dags/example_sla_dag.py
[2026-07-17T20:23:07.772+0530] {logging_mixin.py:190} INFO - [2026-07-17T20:23:07.772+0530] {dag.py:3239} INFO - Sync 1 DAGs
[2026-07-17T20:23:07.777+0530] {logging_mixin.py:190} INFO - [2026-07-17T20:23:07.777+0530] {dag.py:4180} INFO - Setting next_dagrun for example_sla_dag to 2026-07-17 14:50:00+00:00, run_after=2026-07-17 14:52:00+00:00
[2026-07-17T20:23:07.782+0530] {processor.py:208} INFO - Processing /Users/bhavishyachallagolla/Desktop/RetailSense/.venv/lib/python3.12/site-packages/airflow/example_dags/example_sla_dag.py took 0.050 seconds
[2026-07-17T20:24:48.297+0530] {processor.py:186} INFO - Started process (PID=88655) to work on /Users/bhavishyachallagolla/Desktop/RetailSense/.venv/lib/python3.12/site-packages/airflow/example_dags/example_sla_dag.py
[2026-07-17T20:24:48.298+0530] {processor.py:914} INFO - Processing file /Users/bhavishyachallagolla/Desktop/RetailSense/.venv/lib/python3.12/site-packages/airflow/example_dags/example_sla_dag.py for tasks to queue
[2026-07-17T20:24:48.298+0530] {logging_mixin.py:190} INFO - [2026-07-17T20:24:48.298+0530] {dagbag.py:588} INFO - Filling up the DagBag from /Users/bhavishyachallagolla/Desktop/RetailSense/.venv/lib/python3.12/site-packages/airflow/example_dags/example_sla_dag.py
[2026-07-17T20:24:48.310+0530] {processor.py:925} INFO - DAG(s) 'example_sla_dag' retrieved from /Users/bhavishyachallagolla/Desktop/RetailSense/.venv/lib/python3.12/site-packages/airflow/example_dags/example_sla_dag.py
[2026-07-17T20:24:48.335+0530] {logging_mixin.py:190} INFO - [2026-07-17T20:24:48.335+0530] {dag.py:3239} INFO - Sync 1 DAGs
[2026-07-17T20:24:48.340+0530] {logging_mixin.py:190} INFO - [2026-07-17T20:24:48.340+0530] {dag.py:4180} INFO - Setting next_dagrun for example_sla_dag to 2026-07-17 14:52:00+00:00, run_after=2026-07-17 14:54:00+00:00
[2026-07-17T20:24:48.344+0530] {processor.py:208} INFO - Processing /Users/bhavishyachallagolla/Desktop/RetailSense/.venv/lib/python3.12/site-packages/airflow/example_dags/example_sla_dag.py took 0.049 seconds
[2026-07-17T20:26:29.786+0530] {processor.py:186} INFO - Started process (PID=88819) to work on /Users/bhavishyachallagolla/Desktop/RetailSense/.venv/lib/python3.12/site-packages/airflow/example_dags/example_sla_dag.py
[2026-07-17T20:26:29.787+0530] {processor.py:914} INFO - Processing file /Users/bhavishyachallagolla/Desktop/RetailSense/.venv/lib/python3.12/site-packages/airflow/example_dags/example_sla_dag.py for tasks to queue
[2026-07-17T20:26:29.788+0530] {logging_mixin.py:190} INFO - [2026-07-17T20:26:29.788+0530] {dagbag.py:588} INFO - Filling up the DagBag from /Users/bhavishyachallagolla/Desktop/RetailSense/.venv/lib/python3.12/site-packages/airflow/example_dags/example_sla_dag.py
[2026-07-17T20:26:29.800+0530] {processor.py:925} INFO - DAG(s) 'example_sla_dag' retrieved from /Users/bhavishyachallagolla/Desktop/RetailSense/.venv/lib/python3.12/site-packages/airflow/example_dags/example_sla_dag.py
[2026-07-17T20:26:29.824+0530] {logging_mixin.py:190} INFO - [2026-07-17T20:26:29.823+0530] {dag.py:3239} INFO - Sync 1 DAGs
[2026-07-17T20:26:29.829+0530] {logging_mixin.py:190} INFO - [2026-07-17T20:26:29.829+0530] {dag.py:4180} INFO - Setting next_dagrun for example_sla_dag to 2026-07-17 14:54:00+00:00, run_after=2026-07-17 14:56:00+00:00
[2026-07-17T20:26:29.833+0530] {processor.py:208} INFO - Processing /Users/bhavishyachallagolla/Desktop/RetailSense/.venv/lib/python3.12/site-packages/airflow/example_dags/example_sla_dag.py took 0.048 seconds
[2026-07-17T20:28:08.810+0530] {processor.py:186} INFO - Started process (PID=88974) to work on /Users/bhavishyachallagolla/Desktop/RetailSense/.venv/lib/python3.12/site-packages/airflow/example_dags/example_sla_dag.py
[2026-07-17T20:28:08.810+0530] {processor.py:914} INFO - Processing file /Users/bhavishyachallagolla/Desktop/RetailSense/.venv/lib/python3.12/site-packages/airflow/example_dags/example_sla_dag.py for tasks to queue
[2026-07-17T20:28:08.811+0530] {logging_mixin.py:190} INFO - [2026-07-17T20:28:08.811+0530] {dagbag.py:588} INFO - Filling up the DagBag from /Users/bhavishyachallagolla/Desktop/RetailSense/.venv/lib/python3.12/site-packages/airflow/example_dags/example_sla_dag.py
[2026-07-17T20:28:08.824+0530] {processor.py:925} INFO - DAG(s) 'example_sla_dag' retrieved from /Users/bhavishyachallagolla/Desktop/RetailSense/.venv/lib/python3.12/site-packages/airflow/example_dags/example_sla_dag.py
[2026-07-17T20:28:08.848+0530] {logging_mixin.py:190} INFO - [2026-07-17T20:28:08.848+0530] {dag.py:3239} INFO - Sync 1 DAGs
[2026-07-17T20:28:08.854+0530] {logging_mixin.py:190} INFO - [2026-07-17T20:28:08.854+0530] {dag.py:4180} INFO - Setting next_dagrun for example_sla_dag to 2026-07-17 14:56:00+00:00, run_after=2026-07-17 14:58:00+00:00
[2026-07-17T20:28:08.859+0530] {processor.py:208} INFO - Processing /Users/bhavishyachallagolla/Desktop/RetailSense/.venv/lib/python3.12/site-packages/airflow/example_dags/example_sla_dag.py took 0.049 seconds
[2026-07-17T20:29:45.870+0530] {processor.py:186} INFO - Started process (PID=89119) to work on /Users/bhavishyachallagolla/Desktop/RetailSense/.venv/lib/python3.12/site-packages/airflow/example_dags/example_sla_dag.py
[2026-07-17T20:29:45.870+0530] {processor.py:914} INFO - Processing file /Users/bhavishyachallagolla/Desktop/RetailSense/.venv/lib/python3.12/site-packages/airflow/example_dags/example_sla_dag.py for tasks to queue
[2026-07-17T20:29:45.871+0530] {logging_mixin.py:190} INFO - [2026-07-17T20:29:45.871+0530] {dagbag.py:588} INFO - Filling up the DagBag from /Users/bhavishyachallagolla/Desktop/RetailSense/.venv/lib/python3.12/site-packages/airflow/example_dags/example_sla_dag.py
[2026-07-17T20:29:45.883+0530] {processor.py:925} INFO - DAG(s) 'example_sla_dag' retrieved from /Users/bhavishyachallagolla/Desktop/RetailSense/.venv/lib/python3.12/site-packages/airflow/example_dags/example_sla_dag.py
[2026-07-17T20:29:45.908+0530] {logging_mixin.py:190} INFO - [2026-07-17T20:29:45.908+0530] {dag.py:3239} INFO - Sync 1 DAGs
[2026-07-17T20:29:45.913+0530] {logging_mixin.py:190} INFO - [2026-07-17T20:29:45.913+0530] {dag.py:4180} INFO - Setting next_dagrun for example_sla_dag to 2026-07-17 14:56:00+00:00, run_after=2026-07-17 14:58:00+00:00
[2026-07-17T20:29:45.917+0530] {processor.py:208} INFO - Processing /Users/bhavishyachallagolla/Desktop/RetailSense/.venv/lib/python3.12/site-packages/airflow/example_dags/example_sla_dag.py took 0.048 seconds
[2026-07-17T20:31:26.931+0530] {processor.py:186} INFO - Started process (PID=89277) to work on /Users/bhavishyachallagolla/Desktop/RetailSense/.venv/lib/python3.12/site-packages/airflow/example_dags/example_sla_dag.py
[2026-07-17T20:31:26.932+0530] {processor.py:914} INFO - Processing file /Users/bhavishyachallagolla/Desktop/RetailSense/.venv/lib/python3.12/site-packages/airflow/example_dags/example_sla_dag.py for tasks to queue
[2026-07-17T20:31:26.932+0530] {logging_mixin.py:190} INFO - [2026-07-17T20:31:26.932+0530] {dagbag.py:588} INFO - Filling up the DagBag from /Users/bhavishyachallagolla/Desktop/RetailSense/.venv/lib/python3.12/site-packages/airflow/example_dags/example_sla_dag.py
[2026-07-17T20:31:26.945+0530] {processor.py:925} INFO - DAG(s) 'example_sla_dag' retrieved from /Users/bhavishyachallagolla/Desktop/RetailSense/.venv/lib/python3.12/site-packages/airflow/example_dags/example_sla_dag.py
[2026-07-17T20:31:26.968+0530] {logging_mixin.py:190} INFO - [2026-07-17T20:31:26.968+0530] {dag.py:3239} INFO - Sync 1 DAGs
[2026-07-17T20:31:26.973+0530] {logging_mixin.py:190} INFO - [2026-07-17T20:31:26.973+0530] {dag.py:4180} INFO - Setting next_dagrun for example_sla_dag to 2026-07-17 14:58:00+00:00, run_after=2026-07-17 15:00:00+00:00
[2026-07-17T20:31:26.978+0530] {processor.py:208} INFO - Processing /Users/bhavishyachallagolla/Desktop/RetailSense/.venv/lib/python3.12/site-packages/airflow/example_dags/example_sla_dag.py took 0.048 seconds
[2026-07-17T20:33:07.290+0530] {processor.py:186} INFO - Started process (PID=89428) to work on /Users/bhavishyachallagolla/Desktop/RetailSense/.venv/lib/python3.12/site-packages/airflow/example_dags/example_sla_dag.py
[2026-07-17T20:33:07.291+0530] {processor.py:914} INFO - Processing file /Users/bhavishyachallagolla/Desktop/RetailSense/.venv/lib/python3.12/site-packages/airflow/example_dags/example_sla_dag.py for tasks to queue
[2026-07-17T20:33:07.291+0530] {logging_mixin.py:190} INFO - [2026-07-17T20:33:07.291+0530] {dagbag.py:588} INFO - Filling up the DagBag from /Users/bhavishyachallagolla/Desktop/RetailSense/.venv/lib/python3.12/site-packages/airflow/example_dags/example_sla_dag.py
[2026-07-17T20:33:07.303+0530] {processor.py:925} INFO - DAG(s) 'example_sla_dag' retrieved from /Users/bhavishyachallagolla/Desktop/RetailSense/.venv/lib/python3.12/site-packages/airflow/example_dags/example_sla_dag.py
[2026-07-17T20:33:07.327+0530] {logging_mixin.py:190} INFO - [2026-07-17T20:33:07.327+0530] {dag.py:3239} INFO - Sync 1 DAGs
[2026-07-17T20:33:07.333+0530] {logging_mixin.py:190} INFO - [2026-07-17T20:33:07.332+0530] {dag.py:4180} INFO - Setting next_dagrun for example_sla_dag to 2026-07-17 15:00:00+00:00, run_after=2026-07-17 15:02:00+00:00
[2026-07-17T20:33:07.337+0530] {processor.py:208} INFO - Processing /Users/bhavishyachallagolla/Desktop/RetailSense/.venv/lib/python3.12/site-packages/airflow/example_dags/example_sla_dag.py took 0.048 seconds
[2026-07-17T20:34:48.389+0530] {processor.py:186} INFO - Started process (PID=89578) to work on /Users/bhavishyachallagolla/Desktop/RetailSense/.venv/lib/python3.12/site-packages/airflow/example_dags/example_sla_dag.py
[2026-07-17T20:34:48.390+0530] {processor.py:914} INFO - Processing file /Users/bhavishyachallagolla/Desktop/RetailSense/.venv/lib/python3.12/site-packages/airflow/example_dags/example_sla_dag.py for tasks to queue
[2026-07-17T20:34:48.390+0530] {logging_mixin.py:190} INFO - [2026-07-17T20:34:48.390+0530] {dagbag.py:588} INFO - Filling up the DagBag from /Users/bhavishyachallagolla/Desktop/RetailSense/.venv/lib/python3.12/site-packages/airflow/example_dags/example_sla_dag.py
[2026-07-17T20:34:48.402+0530] {processor.py:925} INFO - DAG(s) 'example_sla_dag' retrieved from /Users/bhavishyachallagolla/Desktop/RetailSense/.venv/lib/python3.12/site-packages/airflow/example_dags/example_sla_dag.py
[2026-07-17T20:34:48.425+0530] {logging_mixin.py:190} INFO - [2026-07-17T20:34:48.425+0530] {dag.py:3239} INFO - Sync 1 DAGs
[2026-07-17T20:34:48.430+0530] {logging_mixin.py:190} INFO - [2026-07-17T20:34:48.430+0530] {dag.py:4180} INFO - Setting next_dagrun for example_sla_dag to 2026-07-17 15:02:00+00:00, run_after=2026-07-17 15:04:00+00:00
[2026-07-17T20:34:48.435+0530] {processor.py:208} INFO - Processing /Users/bhavishyachallagolla/Desktop/RetailSense/.venv/lib/python3.12/site-packages/airflow/example_dags/example_sla_dag.py took 0.047 seconds
[2026-07-17T20:36:29.424+0530] {processor.py:186} INFO - Started process (PID=89728) to work on /Users/bhavishyachallagolla/Desktop/RetailSense/.venv/lib/python3.12/site-packages/airflow/example_dags/example_sla_dag.py
[2026-07-17T20:36:29.425+0530] {processor.py:914} INFO - Processing file /Users/bhavishyachallagolla/Desktop/RetailSense/.venv/lib/python3.12/site-packages/airflow/example_dags/example_sla_dag.py for tasks to queue
[2026-07-17T20:36:29.425+0530] {logging_mixin.py:190} INFO - [2026-07-17T20:36:29.425+0530] {dagbag.py:588} INFO - Filling up the DagBag from /Users/bhavishyachallagolla/Desktop/RetailSense/.venv/lib/python3.12/site-packages/airflow/example_dags/example_sla_dag.py
[2026-07-17T20:36:29.438+0530] {processor.py:925} INFO - DAG(s) 'example_sla_dag' retrieved from /Users/bhavishyachallagolla/Desktop/RetailSense/.venv/lib/python3.12/site-packages/airflow/example_dags/example_sla_dag.py
[2026-07-17T20:36:29.465+0530] {logging_mixin.py:190} INFO - [2026-07-17T20:36:29.465+0530] {dag.py:3239} INFO - Sync 1 DAGs
[2026-07-17T20:36:29.471+0530] {logging_mixin.py:190} INFO - [2026-07-17T20:36:29.471+0530] {dag.py:4180} INFO - Setting next_dagrun for example_sla_dag to 2026-07-17 15:04:00+00:00, run_after=2026-07-17 15:06:00+00:00
[2026-07-17T20:36:29.476+0530] {processor.py:208} INFO - Processing /Users/bhavishyachallagolla/Desktop/RetailSense/.venv/lib/python3.12/site-packages/airflow/example_dags/example_sla_dag.py took 0.053 seconds
[2026-07-17T20:38:11.328+0530] {processor.py:186} INFO - Started process (PID=89879) to work on /Users/bhavishyachallagolla/Desktop/RetailSense/.venv/lib/python3.12/site-packages/airflow/example_dags/example_sla_dag.py
[2026-07-17T20:38:11.328+0530] {processor.py:914} INFO - Processing file /Users/bhavishyachallagolla/Desktop/RetailSense/.venv/lib/python3.12/site-packages/airflow/example_dags/example_sla_dag.py for tasks to queue
[2026-07-17T20:38:11.329+0530] {logging_mixin.py:190} INFO - [2026-07-17T20:38:11.329+0530] {dagbag.py:588} INFO - Filling up the DagBag from /Users/bhavishyachallagolla/Desktop/RetailSense/.venv/lib/python3.12/site-packages/airflow/example_dags/example_sla_dag.py
[2026-07-17T20:38:11.341+0530] {processor.py:925} INFO - DAG(s) 'example_sla_dag' retrieved from /Users/bhavishyachallagolla/Desktop/RetailSense/.venv/lib/python3.12/site-packages/airflow/example_dags/example_sla_dag.py
[2026-07-17T20:38:11.365+0530] {logging_mixin.py:190} INFO - [2026-07-17T20:38:11.365+0530] {dag.py:3239} INFO - Sync 1 DAGs
[2026-07-17T20:38:11.370+0530] {logging_mixin.py:190} INFO - [2026-07-17T20:38:11.370+0530] {dag.py:4180} INFO - Setting next_dagrun for example_sla_dag to 2026-07-17 15:06:00+00:00, run_after=2026-07-17 15:08:00+00:00
[2026-07-17T20:38:11.375+0530] {processor.py:208} INFO - Processing /Users/bhavishyachallagolla/Desktop/RetailSense/.venv/lib/python3.12/site-packages/airflow/example_dags/example_sla_dag.py took 0.048 seconds
[2026-07-17T20:39:53.413+0530] {processor.py:186} INFO - Started process (PID=90102) to work on /Users/bhavishyachallagolla/Desktop/RetailSense/.venv/lib/python3.12/site-packages/airflow/example_dags/example_sla_dag.py
[2026-07-17T20:39:53.414+0530] {processor.py:914} INFO - Processing file /Users/bhavishyachallagolla/Desktop/RetailSense/.venv/lib/python3.12/site-packages/airflow/example_dags/example_sla_dag.py for tasks to queue
[2026-07-17T20:39:53.414+0530] {logging_mixin.py:190} INFO - [2026-07-17T20:39:53.414+0530] {dagbag.py:588} INFO - Filling up the DagBag from /Users/bhavishyachallagolla/Desktop/RetailSense/.venv/lib/python3.12/site-packages/airflow/example_dags/example_sla_dag.py
[2026-07-17T20:39:53.426+0530] {processor.py:925} INFO - DAG(s) 'example_sla_dag' retrieved from /Users/bhavishyachallagolla/Desktop/RetailSense/.venv/lib/python3.12/site-packages/airflow/example_dags/example_sla_dag.py
[2026-07-17T20:39:53.451+0530] {logging_mixin.py:190} INFO - [2026-07-17T20:39:53.451+0530] {dag.py:3239} INFO - Sync 1 DAGs
[2026-07-17T20:39:53.457+0530] {logging_mixin.py:190} INFO - [2026-07-17T20:39:53.457+0530] {dag.py:4180} INFO - Setting next_dagrun for example_sla_dag to 2026-07-17 15:06:00+00:00, run_after=2026-07-17 15:08:00+00:00
[2026-07-17T20:39:53.461+0530] {processor.py:208} INFO - Processing /Users/bhavishyachallagolla/Desktop/RetailSense/.venv/lib/python3.12/site-packages/airflow/example_dags/example_sla_dag.py took 0.049 seconds
[2026-07-17T20:41:31.395+0530] {processor.py:186} INFO - Started process (PID=90305) to work on /Users/bhavishyachallagolla/Desktop/RetailSense/.venv/lib/python3.12/site-packages/airflow/example_dags/example_sla_dag.py
[2026-07-17T20:41:31.396+0530] {processor.py:914} INFO - Processing file /Users/bhavishyachallagolla/Desktop/RetailSense/.venv/lib/python3.12/site-packages/airflow/example_dags/example_sla_dag.py for tasks to queue
[2026-07-17T20:41:31.396+0530] {logging_mixin.py:190} INFO - [2026-07-17T20:41:31.396+0530] {dagbag.py:588} INFO - Filling up the DagBag from /Users/bhavishyachallagolla/Desktop/RetailSense/.venv/lib/python3.12/site-packages/airflow/example_dags/example_sla_dag.py
[2026-07-17T20:41:31.410+0530] {processor.py:925} INFO - DAG(s) 'example_sla_dag' retrieved from /Users/bhavishyachallagolla/Desktop/RetailSense/.venv/lib/python3.12/site-packages/airflow/example_dags/example_sla_dag.py
[2026-07-17T20:41:31.434+0530] {logging_mixin.py:190} INFO - [2026-07-17T20:41:31.434+0530] {dag.py:3239} INFO - Sync 1 DAGs
[2026-07-17T20:41:31.439+0530] {logging_mixin.py:190} INFO - [2026-07-17T20:41:31.439+0530] {dag.py:4180} INFO - Setting next_dagrun for example_sla_dag to 2026-07-17 15:08:00+00:00, run_after=2026-07-17 15:10:00+00:00
[2026-07-17T20:41:31.444+0530] {processor.py:208} INFO - Processing /Users/bhavishyachallagolla/Desktop/RetailSense/.venv/lib/python3.12/site-packages/airflow/example_dags/example_sla_dag.py took 0.050 seconds
[2026-07-17T20:43:11.410+0530] {processor.py:186} INFO - Started process (PID=90461) to work on /Users/bhavishyachallagolla/Desktop/RetailSense/.venv/lib/python3.12/site-packages/airflow/example_dags/example_sla_dag.py
[2026-07-17T20:43:11.411+0530] {processor.py:914} INFO - Processing file /Users/bhavishyachallagolla/Desktop/RetailSense/.venv/lib/python3.12/site-packages/airflow/example_dags/example_sla_dag.py for tasks to queue
[2026-07-17T20:43:11.412+0530] {logging_mixin.py:190} INFO - [2026-07-17T20:43:11.412+0530] {dagbag.py:588} INFO - Filling up the DagBag from /Users/bhavishyachallagolla/Desktop/RetailSense/.venv/lib/python3.12/site-packages/airflow/example_dags/example_sla_dag.py
[2026-07-17T20:43:11.423+0530] {processor.py:925} INFO - DAG(s) 'example_sla_dag' retrieved from /Users/bhavishyachallagolla/Desktop/RetailSense/.venv/lib/python3.12/site-packages/airflow/example_dags/example_sla_dag.py
[2026-07-17T20:43:11.447+0530] {logging_mixin.py:190} INFO - [2026-07-17T20:43:11.447+0530] {dag.py:3239} INFO - Sync 1 DAGs
[2026-07-17T20:43:11.452+0530] {logging_mixin.py:190} INFO - [2026-07-17T20:43:11.452+0530] {dag.py:4180} INFO - Setting next_dagrun for example_sla_dag to 2026-07-17 15:10:00+00:00, run_after=2026-07-17 15:12:00+00:00
[2026-07-17T20:43:11.457+0530] {processor.py:208} INFO - Processing /Users/bhavishyachallagolla/Desktop/RetailSense/.venv/lib/python3.12/site-packages/airflow/example_dags/example_sla_dag.py took 0.048 seconds
[2026-07-17T20:44:52.072+0530] {processor.py:186} INFO - Started process (PID=90610) to work on /Users/bhavishyachallagolla/Desktop/RetailSense/.venv/lib/python3.12/site-packages/airflow/example_dags/example_sla_dag.py
[2026-07-17T20:44:52.072+0530] {processor.py:914} INFO - Processing file /Users/bhavishyachallagolla/Desktop/RetailSense/.venv/lib/python3.12/site-packages/airflow/example_dags/example_sla_dag.py for tasks to queue
[2026-07-17T20:44:52.073+0530] {logging_mixin.py:190} INFO - [2026-07-17T20:44:52.073+0530] {dagbag.py:588} INFO - Filling up the DagBag from /Users/bhavishyachallagolla/Desktop/RetailSense/.venv/lib/python3.12/site-packages/airflow/example_dags/example_sla_dag.py
[2026-07-17T20:44:52.084+0530] {processor.py:925} INFO - DAG(s) 'example_sla_dag' retrieved from /Users/bhavishyachallagolla/Desktop/RetailSense/.venv/lib/python3.12/site-packages/airflow/example_dags/example_sla_dag.py
[2026-07-17T20:44:52.108+0530] {logging_mixin.py:190} INFO - [2026-07-17T20:44:52.108+0530] {dag.py:3239} INFO - Sync 1 DAGs
[2026-07-17T20:44:52.113+0530] {logging_mixin.py:190} INFO - [2026-07-17T20:44:52.113+0530] {dag.py:4180} INFO - Setting next_dagrun for example_sla_dag to 2026-07-17 15:12:00+00:00, run_after=2026-07-17 15:14:00+00:00
[2026-07-17T20:44:52.118+0530] {processor.py:208} INFO - Processing /Users/bhavishyachallagolla/Desktop/RetailSense/.venv/lib/python3.12/site-packages/airflow/example_dags/example_sla_dag.py took 0.047 seconds
[2026-07-17T20:46:31.977+0530] {processor.py:186} INFO - Started process (PID=90770) to work on /Users/bhavishyachallagolla/Desktop/RetailSense/.venv/lib/python3.12/site-packages/airflow/example_dags/example_sla_dag.py
[2026-07-17T20:46:31.977+0530] {processor.py:914} INFO - Processing file /Users/bhavishyachallagolla/Desktop/RetailSense/.venv/lib/python3.12/site-packages/airflow/example_dags/example_sla_dag.py for tasks to queue
[2026-07-17T20:46:31.978+0530] {logging_mixin.py:190} INFO - [2026-07-17T20:46:31.978+0530] {dagbag.py:588} INFO - Filling up the DagBag from /Users/bhavishyachallagolla/Desktop/RetailSense/.venv/lib/python3.12/site-packages/airflow/example_dags/example_sla_dag.py
[2026-07-17T20:46:31.990+0530] {processor.py:925} INFO - DAG(s) 'example_sla_dag' retrieved from /Users/bhavishyachallagolla/Desktop/RetailSense/.venv/lib/python3.12/site-packages/airflow/example_dags/example_sla_dag.py
[2026-07-17T20:46:32.014+0530] {logging_mixin.py:190} INFO - [2026-07-17T20:46:32.014+0530] {dag.py:3239} INFO - Sync 1 DAGs
[2026-07-17T20:46:32.019+0530] {logging_mixin.py:190} INFO - [2026-07-17T20:46:32.019+0530] {dag.py:4180} INFO - Setting next_dagrun for example_sla_dag to 2026-07-17 15:14:00+00:00, run_after=2026-07-17 15:16:00+00:00
[2026-07-17T20:46:32.024+0530] {processor.py:208} INFO - Processing /Users/bhavishyachallagolla/Desktop/RetailSense/.venv/lib/python3.12/site-packages/airflow/example_dags/example_sla_dag.py took 0.048 seconds
[2026-07-17T20:48:13.113+0530] {processor.py:186} INFO - Started process (PID=90925) to work on /Users/bhavishyachallagolla/Desktop/RetailSense/.venv/lib/python3.12/site-packages/airflow/example_dags/example_sla_dag.py
[2026-07-17T20:48:13.114+0530] {processor.py:914} INFO - Processing file /Users/bhavishyachallagolla/Desktop/RetailSense/.venv/lib/python3.12/site-packages/airflow/example_dags/example_sla_dag.py for tasks to queue
[2026-07-17T20:48:13.115+0530] {logging_mixin.py:190} INFO - [2026-07-17T20:48:13.115+0530] {dagbag.py:588} INFO - Filling up the DagBag from /Users/bhavishyachallagolla/Desktop/RetailSense/.venv/lib/python3.12/site-packages/airflow/example_dags/example_sla_dag.py
[2026-07-17T20:48:13.129+0530] {processor.py:925} INFO - DAG(s) 'example_sla_dag' retrieved from /Users/bhavishyachallagolla/Desktop/RetailSense/.venv/lib/python3.12/site-packages/airflow/example_dags/example_sla_dag.py
[2026-07-17T20:48:13.155+0530] {logging_mixin.py:190} INFO - [2026-07-17T20:48:13.155+0530] {dag.py:3239} INFO - Sync 1 DAGs
[2026-07-17T20:48:13.161+0530] {logging_mixin.py:190} INFO - [2026-07-17T20:48:13.161+0530] {dag.py:4180} INFO - Setting next_dagrun for example_sla_dag to 2026-07-17 15:16:00+00:00, run_after=2026-07-17 15:18:00+00:00
[2026-07-17T20:48:13.166+0530] {processor.py:208} INFO - Processing /Users/bhavishyachallagolla/Desktop/RetailSense/.venv/lib/python3.12/site-packages/airflow/example_dags/example_sla_dag.py took 0.054 seconds
[2026-07-17T20:49:51.232+0530] {processor.py:186} INFO - Started process (PID=91092) to work on /Users/bhavishyachallagolla/Desktop/RetailSense/.venv/lib/python3.12/site-packages/airflow/example_dags/example_sla_dag.py
[2026-07-17T20:49:51.233+0530] {processor.py:914} INFO - Processing file /Users/bhavishyachallagolla/Desktop/RetailSense/.venv/lib/python3.12/site-packages/airflow/example_dags/example_sla_dag.py for tasks to queue
[2026-07-17T20:49:51.233+0530] {logging_mixin.py:190} INFO - [2026-07-17T20:49:51.233+0530] {dagbag.py:588} INFO - Filling up the DagBag from /Users/bhavishyachallagolla/Desktop/RetailSense/.venv/lib/python3.12/site-packages/airflow/example_dags/example_sla_dag.py
[2026-07-17T20:49:51.245+0530] {processor.py:925} INFO - DAG(s) 'example_sla_dag' retrieved from /Users/bhavishyachallagolla/Desktop/RetailSense/.venv/lib/python3.12/site-packages/airflow/example_dags/example_sla_dag.py
[2026-07-17T20:49:51.270+0530] {logging_mixin.py:190} INFO - [2026-07-17T20:49:51.270+0530] {dag.py:3239} INFO - Sync 1 DAGs
[2026-07-17T20:49:51.275+0530] {logging_mixin.py:190} INFO - [2026-07-17T20:49:51.275+0530] {dag.py:4180} INFO - Setting next_dagrun for example_sla_dag to 2026-07-17 15:16:00+00:00, run_after=2026-07-17 15:18:00+00:00
[2026-07-17T20:49:51.279+0530] {processor.py:208} INFO - Processing /Users/bhavishyachallagolla/Desktop/RetailSense/.venv/lib/python3.12/site-packages/airflow/example_dags/example_sla_dag.py took 0.049 seconds
[2026-07-17T20:51:31.479+0530] {processor.py:186} INFO - Started process (PID=91242) to work on /Users/bhavishyachallagolla/Desktop/RetailSense/.venv/lib/python3.12/site-packages/airflow/example_dags/example_sla_dag.py
[2026-07-17T20:51:31.480+0530] {processor.py:914} INFO - Processing file /Users/bhavishyachallagolla/Desktop/RetailSense/.venv/lib/python3.12/site-packages/airflow/example_dags/example_sla_dag.py for tasks to queue
[2026-07-17T20:51:31.480+0530] {logging_mixin.py:190} INFO - [2026-07-17T20:51:31.480+0530] {dagbag.py:588} INFO - Filling up the DagBag from /Users/bhavishyachallagolla/Desktop/RetailSense/.venv/lib/python3.12/site-packages/airflow/example_dags/example_sla_dag.py
[2026-07-17T20:51:31.493+0530] {processor.py:925} INFO - DAG(s) 'example_sla_dag' retrieved from /Users/bhavishyachallagolla/Desktop/RetailSense/.venv/lib/python3.12/site-packages/airflow/example_dags/example_sla_dag.py
[2026-07-17T20:51:31.518+0530] {logging_mixin.py:190} INFO - [2026-07-17T20:51:31.518+0530] {dag.py:3239} INFO - Sync 1 DAGs
[2026-07-17T20:51:31.523+0530] {logging_mixin.py:190} INFO - [2026-07-17T20:51:31.523+0530] {dag.py:4180} INFO - Setting next_dagrun for example_sla_dag to 2026-07-17 15:18:00+00:00, run_after=2026-07-17 15:20:00+00:00
[2026-07-17T20:51:31.527+0530] {processor.py:208} INFO - Processing /Users/bhavishyachallagolla/Desktop/RetailSense/.venv/lib/python3.12/site-packages/airflow/example_dags/example_sla_dag.py took 0.049 seconds
[2026-07-17T20:53:12.375+0530] {processor.py:186} INFO - Started process (PID=91391) to work on /Users/bhavishyachallagolla/Desktop/RetailSense/.venv/lib/python3.12/site-packages/airflow/example_dags/example_sla_dag.py
[2026-07-17T20:53:12.376+0530] {processor.py:914} INFO - Processing file /Users/bhavishyachallagolla/Desktop/RetailSense/.venv/lib/python3.12/site-packages/airflow/example_dags/example_sla_dag.py for tasks to queue
[2026-07-17T20:53:12.376+0530] {logging_mixin.py:190} INFO - [2026-07-17T20:53:12.376+0530] {dagbag.py:588} INFO - Filling up the DagBag from /Users/bhavishyachallagolla/Desktop/RetailSense/.venv/lib/python3.12/site-packages/airflow/example_dags/example_sla_dag.py
[2026-07-17T20:53:12.389+0530] {processor.py:925} INFO - DAG(s) 'example_sla_dag' retrieved from /Users/bhavishyachallagolla/Desktop/RetailSense/.venv/lib/python3.12/site-packages/airflow/example_dags/example_sla_dag.py
[2026-07-17T20:53:12.413+0530] {logging_mixin.py:190} INFO - [2026-07-17T20:53:12.413+0530] {dag.py:3239} INFO - Sync 1 DAGs
[2026-07-17T20:53:12.418+0530] {logging_mixin.py:190} INFO - [2026-07-17T20:53:12.418+0530] {dag.py:4180} INFO - Setting next_dagrun for example_sla_dag to 2026-07-17 15:20:00+00:00, run_after=2026-07-17 15:22:00+00:00
[2026-07-17T20:53:12.423+0530] {processor.py:208} INFO - Processing /Users/bhavishyachallagolla/Desktop/RetailSense/.venv/lib/python3.12/site-packages/airflow/example_dags/example_sla_dag.py took 0.049 seconds
[2026-07-17T20:54:53.611+0530] {processor.py:186} INFO - Started process (PID=91543) to work on /Users/bhavishyachallagolla/Desktop/RetailSense/.venv/lib/python3.12/site-packages/airflow/example_dags/example_sla_dag.py
[2026-07-17T20:54:53.612+0530] {processor.py:914} INFO - Processing file /Users/bhavishyachallagolla/Desktop/RetailSense/.venv/lib/python3.12/site-packages/airflow/example_dags/example_sla_dag.py for tasks to queue
[2026-07-17T20:54:53.612+0530] {logging_mixin.py:190} INFO - [2026-07-17T20:54:53.612+0530] {dagbag.py:588} INFO - Filling up the DagBag from /Users/bhavishyachallagolla/Desktop/RetailSense/.venv/lib/python3.12/site-packages/airflow/example_dags/example_sla_dag.py
[2026-07-17T20:54:53.624+0530] {processor.py:925} INFO - DAG(s) 'example_sla_dag' retrieved from /Users/bhavishyachallagolla/Desktop/RetailSense/.venv/lib/python3.12/site-packages/airflow/example_dags/example_sla_dag.py
[2026-07-17T20:54:53.647+0530] {logging_mixin.py:190} INFO - [2026-07-17T20:54:53.647+0530] {dag.py:3239} INFO - Sync 1 DAGs
[2026-07-17T20:54:53.652+0530] {logging_mixin.py:190} INFO - [2026-07-17T20:54:53.652+0530] {dag.py:4180} INFO - Setting next_dagrun for example_sla_dag to 2026-07-17 15:22:00+00:00, run_after=2026-07-17 15:24:00+00:00
[2026-07-17T20:54:53.657+0530] {processor.py:208} INFO - Processing /Users/bhavishyachallagolla/Desktop/RetailSense/.venv/lib/python3.12/site-packages/airflow/example_dags/example_sla_dag.py took 0.047 seconds
[2026-07-17T20:56:33.824+0530] {processor.py:186} INFO - Started process (PID=91707) to work on /Users/bhavishyachallagolla/Desktop/RetailSense/.venv/lib/python3.12/site-packages/airflow/example_dags/example_sla_dag.py
[2026-07-17T20:56:33.825+0530] {processor.py:914} INFO - Processing file /Users/bhavishyachallagolla/Desktop/RetailSense/.venv/lib/python3.12/site-packages/airflow/example_dags/example_sla_dag.py for tasks to queue
[2026-07-17T20:56:33.826+0530] {logging_mixin.py:190} INFO - [2026-07-17T20:56:33.825+0530] {dagbag.py:588} INFO - Filling up the DagBag from /Users/bhavishyachallagolla/Desktop/RetailSense/.venv/lib/python3.12/site-packages/airflow/example_dags/example_sla_dag.py
[2026-07-17T20:56:33.838+0530] {processor.py:925} INFO - DAG(s) 'example_sla_dag' retrieved from /Users/bhavishyachallagolla/Desktop/RetailSense/.venv/lib/python3.12/site-packages/airflow/example_dags/example_sla_dag.py
[2026-07-17T20:56:33.862+0530] {logging_mixin.py:190} INFO - [2026-07-17T20:56:33.862+0530] {dag.py:3239} INFO - Sync 1 DAGs
[2026-07-17T20:56:33.867+0530] {logging_mixin.py:190} INFO - [2026-07-17T20:56:33.867+0530] {dag.py:4180} INFO - Setting next_dagrun for example_sla_dag to 2026-07-17 15:24:00+00:00, run_after=2026-07-17 15:26:00+00:00
[2026-07-17T20:56:33.871+0530] {processor.py:208} INFO - Processing /Users/bhavishyachallagolla/Desktop/RetailSense/.venv/lib/python3.12/site-packages/airflow/example_dags/example_sla_dag.py took 0.048 seconds
[2026-07-17T20:58:12.362+0530] {processor.py:186} INFO - Started process (PID=91852) to work on /Users/bhavishyachallagolla/Desktop/RetailSense/.venv/lib/python3.12/site-packages/airflow/example_dags/example_sla_dag.py
[2026-07-17T20:58:12.363+0530] {processor.py:914} INFO - Processing file /Users/bhavishyachallagolla/Desktop/RetailSense/.venv/lib/python3.12/site-packages/airflow/example_dags/example_sla_dag.py for tasks to queue
[2026-07-17T20:58:12.363+0530] {logging_mixin.py:190} INFO - [2026-07-17T20:58:12.363+0530] {dagbag.py:588} INFO - Filling up the DagBag from /Users/bhavishyachallagolla/Desktop/RetailSense/.venv/lib/python3.12/site-packages/airflow/example_dags/example_sla_dag.py
[2026-07-17T20:58:12.375+0530] {processor.py:925} INFO - DAG(s) 'example_sla_dag' retrieved from /Users/bhavishyachallagolla/Desktop/RetailSense/.venv/lib/python3.12/site-packages/airflow/example_dags/example_sla_dag.py
[2026-07-17T20:58:12.400+0530] {logging_mixin.py:190} INFO - [2026-07-17T20:58:12.399+0530] {dag.py:3239} INFO - Sync 1 DAGs
[2026-07-17T20:58:12.405+0530] {logging_mixin.py:190} INFO - [2026-07-17T20:58:12.405+0530] {dag.py:4180} INFO - Setting next_dagrun for example_sla_dag to 2026-07-17 15:26:00+00:00, run_after=2026-07-17 15:28:00+00:00
[2026-07-17T20:58:12.409+0530] {processor.py:208} INFO - Processing /Users/bhavishyachallagolla/Desktop/RetailSense/.venv/lib/python3.12/site-packages/airflow/example_dags/example_sla_dag.py took 0.048 seconds
[2026-07-17T21:16:42.928+0530] {processor.py:186} INFO - Started process (PID=92008) to work on /Users/bhavishyachallagolla/Desktop/RetailSense/.venv/lib/python3.12/site-packages/airflow/example_dags/example_sla_dag.py
[2026-07-17T21:16:42.929+0530] {processor.py:914} INFO - Processing file /Users/bhavishyachallagolla/Desktop/RetailSense/.venv/lib/python3.12/site-packages/airflow/example_dags/example_sla_dag.py for tasks to queue
[2026-07-17T21:16:42.930+0530] {logging_mixin.py:190} INFO - [2026-07-17T21:16:42.930+0530] {dagbag.py:588} INFO - Filling up the DagBag from /Users/bhavishyachallagolla/Desktop/RetailSense/.venv/lib/python3.12/site-packages/airflow/example_dags/example_sla_dag.py
[2026-07-17T21:16:42.942+0530] {processor.py:925} INFO - DAG(s) 'example_sla_dag' retrieved from /Users/bhavishyachallagolla/Desktop/RetailSense/.venv/lib/python3.12/site-packages/airflow/example_dags/example_sla_dag.py
[2026-07-17T21:16:42.965+0530] {logging_mixin.py:190} INFO - [2026-07-17T21:16:42.965+0530] {dag.py:3239} INFO - Sync 1 DAGs
[2026-07-17T21:16:42.971+0530] {logging_mixin.py:190} INFO - [2026-07-17T21:16:42.971+0530] {dag.py:4180} INFO - Setting next_dagrun for example_sla_dag to 2026-07-17 15:44:00+00:00, run_after=2026-07-17 15:46:00+00:00
[2026-07-17T21:16:42.975+0530] {processor.py:208} INFO - Processing /Users/bhavishyachallagolla/Desktop/RetailSense/.venv/lib/python3.12/site-packages/airflow/example_dags/example_sla_dag.py took 0.048 seconds
[2026-07-17T22:22:33.067+0530] {processor.py:186} INFO - Started process (PID=92100) to work on /Users/bhavishyachallagolla/Desktop/RetailSense/.venv/lib/python3.12/site-packages/airflow/example_dags/example_sla_dag.py
[2026-07-17T22:22:33.068+0530] {processor.py:914} INFO - Processing file /Users/bhavishyachallagolla/Desktop/RetailSense/.venv/lib/python3.12/site-packages/airflow/example_dags/example_sla_dag.py for tasks to queue
[2026-07-17T22:22:33.068+0530] {logging_mixin.py:190} INFO - [2026-07-17T22:22:33.068+0530] {dagbag.py:588} INFO - Filling up the DagBag from /Users/bhavishyachallagolla/Desktop/RetailSense/.venv/lib/python3.12/site-packages/airflow/example_dags/example_sla_dag.py
[2026-07-17T22:22:33.080+0530] {processor.py:925} INFO - DAG(s) 'example_sla_dag' retrieved from /Users/bhavishyachallagolla/Desktop/RetailSense/.venv/lib/python3.12/site-packages/airflow/example_dags/example_sla_dag.py
[2026-07-17T22:22:33.104+0530] {logging_mixin.py:190} INFO - [2026-07-17T22:22:33.104+0530] {dag.py:3239} INFO - Sync 1 DAGs
[2026-07-17T22:22:33.109+0530] {logging_mixin.py:190} INFO - [2026-07-17T22:22:33.109+0530] {dag.py:4180} INFO - Setting next_dagrun for example_sla_dag to 2026-07-17 16:50:00+00:00, run_after=2026-07-17 16:52:00+00:00
[2026-07-17T22:22:33.113+0530] {processor.py:208} INFO - Processing /Users/bhavishyachallagolla/Desktop/RetailSense/.venv/lib/python3.12/site-packages/airflow/example_dags/example_sla_dag.py took 0.047 seconds
[2026-07-17T22:23:51.076+0530] {processor.py:186} INFO - Started process (PID=92230) to work on /Users/bhavishyachallagolla/Desktop/RetailSense/.venv/lib/python3.12/site-packages/airflow/example_dags/example_sla_dag.py
[2026-07-17T22:23:51.076+0530] {processor.py:914} INFO - Processing file /Users/bhavishyachallagolla/Desktop/RetailSense/.venv/lib/python3.12/site-packages/airflow/example_dags/example_sla_dag.py for tasks to queue
[2026-07-17T22:23:51.077+0530] {logging_mixin.py:190} INFO - [2026-07-17T22:23:51.077+0530] {dagbag.py:588} INFO - Filling up the DagBag from /Users/bhavishyachallagolla/Desktop/RetailSense/.venv/lib/python3.12/site-packages/airflow/example_dags/example_sla_dag.py
[2026-07-17T22:23:51.088+0530] {processor.py:925} INFO - DAG(s) 'example_sla_dag' retrieved from /Users/bhavishyachallagolla/Desktop/RetailSense/.venv/lib/python3.12/site-packages/airflow/example_dags/example_sla_dag.py
[2026-07-17T22:23:51.112+0530] {logging_mixin.py:190} INFO - [2026-07-17T22:23:51.112+0530] {dag.py:3239} INFO - Sync 1 DAGs
[2026-07-17T22:23:51.117+0530] {logging_mixin.py:190} INFO - [2026-07-17T22:23:51.117+0530] {dag.py:4180} INFO - Setting next_dagrun for example_sla_dag to 2026-07-17 16:50:00+00:00, run_after=2026-07-17 16:52:00+00:00
[2026-07-17T22:23:51.122+0530] {processor.py:208} INFO - Processing /Users/bhavishyachallagolla/Desktop/RetailSense/.venv/lib/python3.12/site-packages/airflow/example_dags/example_sla_dag.py took 0.047 seconds
[2026-07-17T22:25:30.872+0530] {processor.py:186} INFO - Started process (PID=92382) to work on /Users/bhavishyachallagolla/Desktop/RetailSense/.venv/lib/python3.12/site-packages/airflow/example_dags/example_sla_dag.py
[2026-07-17T22:25:30.874+0530] {processor.py:914} INFO - Processing file /Users/bhavishyachallagolla/Desktop/RetailSense/.venv/lib/python3.12/site-packages/airflow/example_dags/example_sla_dag.py for tasks to queue
[2026-07-17T22:25:30.874+0530] {logging_mixin.py:190} INFO - [2026-07-17T22:25:30.874+0530] {dagbag.py:588} INFO - Filling up the DagBag from /Users/bhavishyachallagolla/Desktop/RetailSense/.venv/lib/python3.12/site-packages/airflow/example_dags/example_sla_dag.py
[2026-07-17T22:25:30.886+0530] {processor.py:925} INFO - DAG(s) 'example_sla_dag' retrieved from /Users/bhavishyachallagolla/Desktop/RetailSense/.venv/lib/python3.12/site-packages/airflow/example_dags/example_sla_dag.py
[2026-07-17T22:25:30.910+0530] {logging_mixin.py:190} INFO - [2026-07-17T22:25:30.910+0530] {dag.py:3239} INFO - Sync 1 DAGs
[2026-07-17T22:25:30.915+0530] {logging_mixin.py:190} INFO - [2026-07-17T22:25:30.915+0530] {dag.py:4180} INFO - Setting next_dagrun for example_sla_dag to 2026-07-17 16:52:00+00:00, run_after=2026-07-17 16:54:00+00:00
[2026-07-17T22:25:30.919+0530] {processor.py:208} INFO - Processing /Users/bhavishyachallagolla/Desktop/RetailSense/.venv/lib/python3.12/site-packages/airflow/example_dags/example_sla_dag.py took 0.048 seconds
[2026-07-17T22:27:11.870+0530] {processor.py:186} INFO - Started process (PID=92532) to work on /Users/bhavishyachallagolla/Desktop/RetailSense/.venv/lib/python3.12/site-packages/airflow/example_dags/example_sla_dag.py
[2026-07-17T22:27:11.871+0530] {processor.py:914} INFO - Processing file /Users/bhavishyachallagolla/Desktop/RetailSense/.venv/lib/python3.12/site-packages/airflow/example_dags/example_sla_dag.py for tasks to queue
[2026-07-17T22:27:11.871+0530] {logging_mixin.py:190} INFO - [2026-07-17T22:27:11.871+0530] {dagbag.py:588} INFO - Filling up the DagBag from /Users/bhavishyachallagolla/Desktop/RetailSense/.venv/lib/python3.12/site-packages/airflow/example_dags/example_sla_dag.py
[2026-07-17T22:27:11.882+0530] {processor.py:925} INFO - DAG(s) 'example_sla_dag' retrieved from /Users/bhavishyachallagolla/Desktop/RetailSense/.venv/lib/python3.12/site-packages/airflow/example_dags/example_sla_dag.py
[2026-07-17T22:27:11.906+0530] {logging_mixin.py:190} INFO - [2026-07-17T22:27:11.906+0530] {dag.py:3239} INFO - Sync 1 DAGs
[2026-07-17T22:27:11.911+0530] {logging_mixin.py:190} INFO - [2026-07-17T22:27:11.911+0530] {dag.py:4180} INFO - Setting next_dagrun for example_sla_dag to 2026-07-17 16:54:00+00:00, run_after=2026-07-17 16:56:00+00:00
[2026-07-17T22:27:11.915+0530] {processor.py:208} INFO - Processing /Users/bhavishyachallagolla/Desktop/RetailSense/.venv/lib/python3.12/site-packages/airflow/example_dags/example_sla_dag.py took 0.047 seconds
[2026-07-17T22:28:52.306+0530] {processor.py:186} INFO - Started process (PID=92683) to work on /Users/bhavishyachallagolla/Desktop/RetailSense/.venv/lib/python3.12/site-packages/airflow/example_dags/example_sla_dag.py
[2026-07-17T22:28:52.306+0530] {processor.py:914} INFO - Processing file /Users/bhavishyachallagolla/Desktop/RetailSense/.venv/lib/python3.12/site-packages/airflow/example_dags/example_sla_dag.py for tasks to queue
[2026-07-17T22:28:52.307+0530] {logging_mixin.py:190} INFO - [2026-07-17T22:28:52.307+0530] {dagbag.py:588} INFO - Filling up the DagBag from /Users/bhavishyachallagolla/Desktop/RetailSense/.venv/lib/python3.12/site-packages/airflow/example_dags/example_sla_dag.py
[2026-07-17T22:28:52.319+0530] {processor.py:925} INFO - DAG(s) 'example_sla_dag' retrieved from /Users/bhavishyachallagolla/Desktop/RetailSense/.venv/lib/python3.12/site-packages/airflow/example_dags/example_sla_dag.py
[2026-07-17T22:28:52.342+0530] {logging_mixin.py:190} INFO - [2026-07-17T22:28:52.342+0530] {dag.py:3239} INFO - Sync 1 DAGs
[2026-07-17T22:28:52.348+0530] {logging_mixin.py:190} INFO - [2026-07-17T22:28:52.348+0530] {dag.py:4180} INFO - Setting next_dagrun for example_sla_dag to 2026-07-17 16:56:00+00:00, run_after=2026-07-17 16:58:00+00:00
[2026-07-17T22:28:52.352+0530] {processor.py:208} INFO - Processing /Users/bhavishyachallagolla/Desktop/RetailSense/.venv/lib/python3.12/site-packages/airflow/example_dags/example_sla_dag.py took 0.047 seconds
[2026-07-17T22:30:29.370+0530] {processor.py:186} INFO - Started process (PID=92830) to work on /Users/bhavishyachallagolla/Desktop/RetailSense/.venv/lib/python3.12/site-packages/airflow/example_dags/example_sla_dag.py
[2026-07-17T22:30:29.370+0530] {processor.py:914} INFO - Processing file /Users/bhavishyachallagolla/Desktop/RetailSense/.venv/lib/python3.12/site-packages/airflow/example_dags/example_sla_dag.py for tasks to queue
[2026-07-17T22:30:29.370+0530] {logging_mixin.py:190} INFO - [2026-07-17T22:30:29.370+0530] {dagbag.py:588} INFO - Filling up the DagBag from /Users/bhavishyachallagolla/Desktop/RetailSense/.venv/lib/python3.12/site-packages/airflow/example_dags/example_sla_dag.py
[2026-07-17T22:30:29.383+0530] {processor.py:925} INFO - DAG(s) 'example_sla_dag' retrieved from /Users/bhavishyachallagolla/Desktop/RetailSense/.venv/lib/python3.12/site-packages/airflow/example_dags/example_sla_dag.py
[2026-07-17T22:30:29.407+0530] {logging_mixin.py:190} INFO - [2026-07-17T22:30:29.407+0530] {dag.py:3239} INFO - Sync 1 DAGs
[2026-07-17T22:30:29.412+0530] {logging_mixin.py:190} INFO - [2026-07-17T22:30:29.412+0530] {dag.py:4180} INFO - Setting next_dagrun for example_sla_dag to 2026-07-17 16:58:00+00:00, run_after=2026-07-17 17:00:00+00:00
[2026-07-17T22:30:29.417+0530] {processor.py:208} INFO - Processing /Users/bhavishyachallagolla/Desktop/RetailSense/.venv/lib/python3.12/site-packages/airflow/example_dags/example_sla_dag.py took 0.048 seconds
[2026-07-17T22:32:11.380+0530] {processor.py:186} INFO - Started process (PID=92992) to work on /Users/bhavishyachallagolla/Desktop/RetailSense/.venv/lib/python3.12/site-packages/airflow/example_dags/example_sla_dag.py
[2026-07-17T22:32:11.381+0530] {processor.py:914} INFO - Processing file /Users/bhavishyachallagolla/Desktop/RetailSense/.venv/lib/python3.12/site-packages/airflow/example_dags/example_sla_dag.py for tasks to queue
[2026-07-17T22:32:11.382+0530] {logging_mixin.py:190} INFO - [2026-07-17T22:32:11.382+0530] {dagbag.py:588} INFO - Filling up the DagBag from /Users/bhavishyachallagolla/Desktop/RetailSense/.venv/lib/python3.12/site-packages/airflow/example_dags/example_sla_dag.py
[2026-07-17T22:32:11.394+0530] {processor.py:925} INFO - DAG(s) 'example_sla_dag' retrieved from /Users/bhavishyachallagolla/Desktop/RetailSense/.venv/lib/python3.12/site-packages/airflow/example_dags/example_sla_dag.py
[2026-07-17T22:32:11.418+0530] {logging_mixin.py:190} INFO - [2026-07-17T22:32:11.418+0530] {dag.py:3239} INFO - Sync 1 DAGs
[2026-07-17T22:32:11.424+0530] {logging_mixin.py:190} INFO - [2026-07-17T22:32:11.424+0530] {dag.py:4180} INFO - Setting next_dagrun for example_sla_dag to 2026-07-17 17:00:00+00:00, run_after=2026-07-17 17:02:00+00:00
[2026-07-17T22:32:11.428+0530] {processor.py:208} INFO - Processing /Users/bhavishyachallagolla/Desktop/RetailSense/.venv/lib/python3.12/site-packages/airflow/example_dags/example_sla_dag.py took 0.049 seconds
[2026-07-17T22:33:49.634+0530] {processor.py:186} INFO - Started process (PID=93138) to work on /Users/bhavishyachallagolla/Desktop/RetailSense/.venv/lib/python3.12/site-packages/airflow/example_dags/example_sla_dag.py
[2026-07-17T22:33:49.635+0530] {processor.py:914} INFO - Processing file /Users/bhavishyachallagolla/Desktop/RetailSense/.venv/lib/python3.12/site-packages/airflow/example_dags/example_sla_dag.py for tasks to queue
[2026-07-17T22:33:49.635+0530] {logging_mixin.py:190} INFO - [2026-07-17T22:33:49.635+0530] {dagbag.py:588} INFO - Filling up the DagBag from /Users/bhavishyachallagolla/Desktop/RetailSense/.venv/lib/python3.12/site-packages/airflow/example_dags/example_sla_dag.py
[2026-07-17T22:33:49.647+0530] {processor.py:925} INFO - DAG(s) 'example_sla_dag' retrieved from /Users/bhavishyachallagolla/Desktop/RetailSense/.venv/lib/python3.12/site-packages/airflow/example_dags/example_sla_dag.py
[2026-07-17T22:33:49.671+0530] {logging_mixin.py:190} INFO - [2026-07-17T22:33:49.671+0530] {dag.py:3239} INFO - Sync 1 DAGs
[2026-07-17T22:33:49.676+0530] {logging_mixin.py:190} INFO - [2026-07-17T22:33:49.676+0530] {dag.py:4180} INFO - Setting next_dagrun for example_sla_dag to 2026-07-17 17:00:00+00:00, run_after=2026-07-17 17:02:00+00:00
[2026-07-17T22:33:49.681+0530] {processor.py:208} INFO - Processing /Users/bhavishyachallagolla/Desktop/RetailSense/.venv/lib/python3.12/site-packages/airflow/example_dags/example_sla_dag.py took 0.048 seconds
[2026-07-17T22:35:30.190+0530] {processor.py:186} INFO - Started process (PID=93289) to work on /Users/bhavishyachallagolla/Desktop/RetailSense/.venv/lib/python3.12/site-packages/airflow/example_dags/example_sla_dag.py
[2026-07-17T22:35:30.190+0530] {processor.py:914} INFO - Processing file /Users/bhavishyachallagolla/Desktop/RetailSense/.venv/lib/python3.12/site-packages/airflow/example_dags/example_sla_dag.py for tasks to queue
[2026-07-17T22:35:30.191+0530] {logging_mixin.py:190} INFO - [2026-07-17T22:35:30.190+0530] {dagbag.py:588} INFO - Filling up the DagBag from /Users/bhavishyachallagolla/Desktop/RetailSense/.venv/lib/python3.12/site-packages/airflow/example_dags/example_sla_dag.py
[2026-07-17T22:35:30.203+0530] {processor.py:925} INFO - DAG(s) 'example_sla_dag' retrieved from /Users/bhavishyachallagolla/Desktop/RetailSense/.venv/lib/python3.12/site-packages/airflow/example_dags/example_sla_dag.py
[2026-07-17T22:35:30.227+0530] {logging_mixin.py:190} INFO - [2026-07-17T22:35:30.227+0530] {dag.py:3239} INFO - Sync 1 DAGs
[2026-07-17T22:35:30.233+0530] {logging_mixin.py:190} INFO - [2026-07-17T22:35:30.233+0530] {dag.py:4180} INFO - Setting next_dagrun for example_sla_dag to 2026-07-17 17:02:00+00:00, run_after=2026-07-17 17:04:00+00:00
[2026-07-17T22:35:30.237+0530] {processor.py:208} INFO - Processing /Users/bhavishyachallagolla/Desktop/RetailSense/.venv/lib/python3.12/site-packages/airflow/example_dags/example_sla_dag.py took 0.048 seconds
[2026-07-17T22:37:11.560+0530] {processor.py:186} INFO - Started process (PID=93448) to work on /Users/bhavishyachallagolla/Desktop/RetailSense/.venv/lib/python3.12/site-packages/airflow/example_dags/example_sla_dag.py
[2026-07-17T22:37:11.561+0530] {processor.py:914} INFO - Processing file /Users/bhavishyachallagolla/Desktop/RetailSense/.venv/lib/python3.12/site-packages/airflow/example_dags/example_sla_dag.py for tasks to queue
[2026-07-17T22:37:11.562+0530] {logging_mixin.py:190} INFO - [2026-07-17T22:37:11.562+0530] {dagbag.py:588} INFO - Filling up the DagBag from /Users/bhavishyachallagolla/Desktop/RetailSense/.venv/lib/python3.12/site-packages/airflow/example_dags/example_sla_dag.py
[2026-07-17T22:37:11.573+0530] {processor.py:925} INFO - DAG(s) 'example_sla_dag' retrieved from /Users/bhavishyachallagolla/Desktop/RetailSense/.venv/lib/python3.12/site-packages/airflow/example_dags/example_sla_dag.py
[2026-07-17T22:37:11.597+0530] {logging_mixin.py:190} INFO - [2026-07-17T22:37:11.597+0530] {dag.py:3239} INFO - Sync 1 DAGs
[2026-07-17T22:37:11.602+0530] {logging_mixin.py:190} INFO - [2026-07-17T22:37:11.602+0530] {dag.py:4180} INFO - Setting next_dagrun for example_sla_dag to 2026-07-17 17:04:00+00:00, run_after=2026-07-17 17:06:00+00:00
[2026-07-17T22:37:11.607+0530] {processor.py:208} INFO - Processing /Users/bhavishyachallagolla/Desktop/RetailSense/.venv/lib/python3.12/site-packages/airflow/example_dags/example_sla_dag.py took 0.047 seconds
[2026-07-17T22:38:50.302+0530] {processor.py:186} INFO - Started process (PID=93597) to work on /Users/bhavishyachallagolla/Desktop/RetailSense/.venv/lib/python3.12/site-packages/airflow/example_dags/example_sla_dag.py
[2026-07-17T22:38:50.303+0530] {processor.py:914} INFO - Processing file /Users/bhavishyachallagolla/Desktop/RetailSense/.venv/lib/python3.12/site-packages/airflow/example_dags/example_sla_dag.py for tasks to queue
[2026-07-17T22:38:50.303+0530] {logging_mixin.py:190} INFO - [2026-07-17T22:38:50.303+0530] {dagbag.py:588} INFO - Filling up the DagBag from /Users/bhavishyachallagolla/Desktop/RetailSense/.venv/lib/python3.12/site-packages/airflow/example_dags/example_sla_dag.py
[2026-07-17T22:38:50.315+0530] {processor.py:925} INFO - DAG(s) 'example_sla_dag' retrieved from /Users/bhavishyachallagolla/Desktop/RetailSense/.venv/lib/python3.12/site-packages/airflow/example_dags/example_sla_dag.py
[2026-07-17T22:38:50.339+0530] {logging_mixin.py:190} INFO - [2026-07-17T22:38:50.338+0530] {dag.py:3239} INFO - Sync 1 DAGs
[2026-07-17T22:38:50.343+0530] {logging_mixin.py:190} INFO - [2026-07-17T22:38:50.343+0530] {dag.py:4180} INFO - Setting next_dagrun for example_sla_dag to 2026-07-17 17:06:00+00:00, run_after=2026-07-17 17:08:00+00:00
[2026-07-17T22:38:50.348+0530] {processor.py:208} INFO - Processing /Users/bhavishyachallagolla/Desktop/RetailSense/.venv/lib/python3.12/site-packages/airflow/example_dags/example_sla_dag.py took 0.047 seconds
[2026-07-17T22:40:31.309+0530] {processor.py:186} INFO - Started process (PID=93747) to work on /Users/bhavishyachallagolla/Desktop/RetailSense/.venv/lib/python3.12/site-packages/airflow/example_dags/example_sla_dag.py
[2026-07-17T22:40:31.309+0530] {processor.py:914} INFO - Processing file /Users/bhavishyachallagolla/Desktop/RetailSense/.venv/lib/python3.12/site-packages/airflow/example_dags/example_sla_dag.py for tasks to queue
[2026-07-17T22:40:31.310+0530] {logging_mixin.py:190} INFO - [2026-07-17T22:40:31.310+0530] {dagbag.py:588} INFO - Filling up the DagBag from /Users/bhavishyachallagolla/Desktop/RetailSense/.venv/lib/python3.12/site-packages/airflow/example_dags/example_sla_dag.py
[2026-07-17T22:40:31.322+0530] {processor.py:925} INFO - DAG(s) 'example_sla_dag' retrieved from /Users/bhavishyachallagolla/Desktop/RetailSense/.venv/lib/python3.12/site-packages/airflow/example_dags/example_sla_dag.py
[2026-07-17T22:40:31.346+0530] {logging_mixin.py:190} INFO - [2026-07-17T22:40:31.346+0530] {dag.py:3239} INFO - Sync 1 DAGs
[2026-07-17T22:40:31.351+0530] {logging_mixin.py:190} INFO - [2026-07-17T22:40:31.351+0530] {dag.py:4180} INFO - Setting next_dagrun for example_sla_dag to 2026-07-17 17:08:00+00:00, run_after=2026-07-17 17:10:00+00:00
[2026-07-17T22:40:31.356+0530] {processor.py:208} INFO - Processing /Users/bhavishyachallagolla/Desktop/RetailSense/.venv/lib/python3.12/site-packages/airflow/example_dags/example_sla_dag.py took 0.048 seconds
[2026-07-17T22:42:11.880+0530] {processor.py:186} INFO - Started process (PID=93898) to work on /Users/bhavishyachallagolla/Desktop/RetailSense/.venv/lib/python3.12/site-packages/airflow/example_dags/example_sla_dag.py
[2026-07-17T22:42:11.881+0530] {processor.py:914} INFO - Processing file /Users/bhavishyachallagolla/Desktop/RetailSense/.venv/lib/python3.12/site-packages/airflow/example_dags/example_sla_dag.py for tasks to queue
[2026-07-17T22:42:11.881+0530] {logging_mixin.py:190} INFO - [2026-07-17T22:42:11.881+0530] {dagbag.py:588} INFO - Filling up the DagBag from /Users/bhavishyachallagolla/Desktop/RetailSense/.venv/lib/python3.12/site-packages/airflow/example_dags/example_sla_dag.py
[2026-07-17T22:42:11.894+0530] {processor.py:925} INFO - DAG(s) 'example_sla_dag' retrieved from /Users/bhavishyachallagolla/Desktop/RetailSense/.venv/lib/python3.12/site-packages/airflow/example_dags/example_sla_dag.py
[2026-07-17T22:42:11.919+0530] {logging_mixin.py:190} INFO - [2026-07-17T22:42:11.918+0530] {dag.py:3239} INFO - Sync 1 DAGs
[2026-07-17T22:42:11.924+0530] {logging_mixin.py:190} INFO - [2026-07-17T22:42:11.924+0530] {dag.py:4180} INFO - Setting next_dagrun for example_sla_dag to 2026-07-17 17:10:00+00:00, run_after=2026-07-17 17:12:00+00:00
[2026-07-17T22:42:11.928+0530] {processor.py:208} INFO - Processing /Users/bhavishyachallagolla/Desktop/RetailSense/.venv/lib/python3.12/site-packages/airflow/example_dags/example_sla_dag.py took 0.049 seconds
[2026-07-17T22:43:52.916+0530] {processor.py:186} INFO - Started process (PID=94048) to work on /Users/bhavishyachallagolla/Desktop/RetailSense/.venv/lib/python3.12/site-packages/airflow/example_dags/example_sla_dag.py
[2026-07-17T22:43:52.916+0530] {processor.py:914} INFO - Processing file /Users/bhavishyachallagolla/Desktop/RetailSense/.venv/lib/python3.12/site-packages/airflow/example_dags/example_sla_dag.py for tasks to queue
[2026-07-17T22:43:52.917+0530] {logging_mixin.py:190} INFO - [2026-07-17T22:43:52.916+0530] {dagbag.py:588} INFO - Filling up the DagBag from /Users/bhavishyachallagolla/Desktop/RetailSense/.venv/lib/python3.12/site-packages/airflow/example_dags/example_sla_dag.py
[2026-07-17T22:43:52.929+0530] {processor.py:925} INFO - DAG(s) 'example_sla_dag' retrieved from /Users/bhavishyachallagolla/Desktop/RetailSense/.venv/lib/python3.12/site-packages/airflow/example_dags/example_sla_dag.py
[2026-07-17T22:43:52.953+0530] {logging_mixin.py:190} INFO - [2026-07-17T22:43:52.953+0530] {dag.py:3239} INFO - Sync 1 DAGs
[2026-07-17T22:43:52.958+0530] {logging_mixin.py:190} INFO - [2026-07-17T22:43:52.958+0530] {dag.py:4180} INFO - Setting next_dagrun for example_sla_dag to 2026-07-17 17:10:00+00:00, run_after=2026-07-17 17:12:00+00:00
[2026-07-17T22:43:52.963+0530] {processor.py:208} INFO - Processing /Users/bhavishyachallagolla/Desktop/RetailSense/.venv/lib/python3.12/site-packages/airflow/example_dags/example_sla_dag.py took 0.048 seconds
[2026-07-17T22:45:32.704+0530] {processor.py:186} INFO - Started process (PID=94197) to work on /Users/bhavishyachallagolla/Desktop/RetailSense/.venv/lib/python3.12/site-packages/airflow/example_dags/example_sla_dag.py
[2026-07-17T22:45:32.704+0530] {processor.py:914} INFO - Processing file /Users/bhavishyachallagolla/Desktop/RetailSense/.venv/lib/python3.12/site-packages/airflow/example_dags/example_sla_dag.py for tasks to queue
[2026-07-17T22:45:32.704+0530] {logging_mixin.py:190} INFO - [2026-07-17T22:45:32.704+0530] {dagbag.py:588} INFO - Filling up the DagBag from /Users/bhavishyachallagolla/Desktop/RetailSense/.venv/lib/python3.12/site-packages/airflow/example_dags/example_sla_dag.py
[2026-07-17T22:45:32.716+0530] {processor.py:925} INFO - DAG(s) 'example_sla_dag' retrieved from /Users/bhavishyachallagolla/Desktop/RetailSense/.venv/lib/python3.12/site-packages/airflow/example_dags/example_sla_dag.py
[2026-07-17T22:45:32.741+0530] {logging_mixin.py:190} INFO - [2026-07-17T22:45:32.741+0530] {dag.py:3239} INFO - Sync 1 DAGs
[2026-07-17T22:45:32.746+0530] {logging_mixin.py:190} INFO - [2026-07-17T22:45:32.746+0530] {dag.py:4180} INFO - Setting next_dagrun for example_sla_dag to 2026-07-17 17:12:00+00:00, run_after=2026-07-17 17:14:00+00:00
[2026-07-17T22:45:32.751+0530] {processor.py:208} INFO - Processing /Users/bhavishyachallagolla/Desktop/RetailSense/.venv/lib/python3.12/site-packages/airflow/example_dags/example_sla_dag.py took 0.048 seconds
[2026-07-17T22:47:08.946+0530] {processor.py:186} INFO - Started process (PID=94343) to work on /Users/bhavishyachallagolla/Desktop/RetailSense/.venv/lib/python3.12/site-packages/airflow/example_dags/example_sla_dag.py
[2026-07-17T22:47:08.946+0530] {processor.py:914} INFO - Processing file /Users/bhavishyachallagolla/Desktop/RetailSense/.venv/lib/python3.12/site-packages/airflow/example_dags/example_sla_dag.py for tasks to queue
[2026-07-17T22:47:08.947+0530] {logging_mixin.py:190} INFO - [2026-07-17T22:47:08.947+0530] {dagbag.py:588} INFO - Filling up the DagBag from /Users/bhavishyachallagolla/Desktop/RetailSense/.venv/lib/python3.12/site-packages/airflow/example_dags/example_sla_dag.py
[2026-07-17T22:47:08.958+0530] {processor.py:925} INFO - DAG(s) 'example_sla_dag' retrieved from /Users/bhavishyachallagolla/Desktop/RetailSense/.venv/lib/python3.12/site-packages/airflow/example_dags/example_sla_dag.py
[2026-07-17T22:47:08.982+0530] {logging_mixin.py:190} INFO - [2026-07-17T22:47:08.982+0530] {dag.py:3239} INFO - Sync 1 DAGs
[2026-07-17T22:47:08.987+0530] {logging_mixin.py:190} INFO - [2026-07-17T22:47:08.987+0530] {dag.py:4180} INFO - Setting next_dagrun for example_sla_dag to 2026-07-17 17:14:00+00:00, run_after=2026-07-17 17:16:00+00:00
[2026-07-17T22:47:08.991+0530] {processor.py:208} INFO - Processing /Users/bhavishyachallagolla/Desktop/RetailSense/.venv/lib/python3.12/site-packages/airflow/example_dags/example_sla_dag.py took 0.046 seconds
[2026-07-17T22:48:49.914+0530] {processor.py:186} INFO - Started process (PID=94494) to work on /Users/bhavishyachallagolla/Desktop/RetailSense/.venv/lib/python3.12/site-packages/airflow/example_dags/example_sla_dag.py
[2026-07-17T22:48:49.914+0530] {processor.py:914} INFO - Processing file /Users/bhavishyachallagolla/Desktop/RetailSense/.venv/lib/python3.12/site-packages/airflow/example_dags/example_sla_dag.py for tasks to queue
[2026-07-17T22:48:49.915+0530] {logging_mixin.py:190} INFO - [2026-07-17T22:48:49.915+0530] {dagbag.py:588} INFO - Filling up the DagBag from /Users/bhavishyachallagolla/Desktop/RetailSense/.venv/lib/python3.12/site-packages/airflow/example_dags/example_sla_dag.py
[2026-07-17T22:48:49.926+0530] {processor.py:925} INFO - DAG(s) 'example_sla_dag' retrieved from /Users/bhavishyachallagolla/Desktop/RetailSense/.venv/lib/python3.12/site-packages/airflow/example_dags/example_sla_dag.py
[2026-07-17T22:48:49.950+0530] {logging_mixin.py:190} INFO - [2026-07-17T22:48:49.950+0530] {dag.py:3239} INFO - Sync 1 DAGs
[2026-07-17T22:48:49.955+0530] {logging_mixin.py:190} INFO - [2026-07-17T22:48:49.955+0530] {dag.py:4180} INFO - Setting next_dagrun for example_sla_dag to 2026-07-17 17:16:00+00:00, run_after=2026-07-17 17:18:00+00:00
[2026-07-17T22:48:49.960+0530] {processor.py:208} INFO - Processing /Users/bhavishyachallagolla/Desktop/RetailSense/.venv/lib/python3.12/site-packages/airflow/example_dags/example_sla_dag.py took 0.046 seconds
[2026-07-17T22:50:44.300+0530] {processor.py:186} INFO - Started process (PID=94647) to work on /Users/bhavishyachallagolla/Desktop/RetailSense/.venv/lib/python3.12/site-packages/airflow/example_dags/example_sla_dag.py
[2026-07-17T22:50:44.301+0530] {processor.py:914} INFO - Processing file /Users/bhavishyachallagolla/Desktop/RetailSense/.venv/lib/python3.12/site-packages/airflow/example_dags/example_sla_dag.py for tasks to queue
[2026-07-17T22:50:44.301+0530] {logging_mixin.py:190} INFO - [2026-07-17T22:50:44.301+0530] {dagbag.py:588} INFO - Filling up the DagBag from /Users/bhavishyachallagolla/Desktop/RetailSense/.venv/lib/python3.12/site-packages/airflow/example_dags/example_sla_dag.py
[2026-07-17T22:50:44.313+0530] {processor.py:925} INFO - DAG(s) 'example_sla_dag' retrieved from /Users/bhavishyachallagolla/Desktop/RetailSense/.venv/lib/python3.12/site-packages/airflow/example_dags/example_sla_dag.py
[2026-07-17T22:50:44.337+0530] {logging_mixin.py:190} INFO - [2026-07-17T22:50:44.337+0530] {dag.py:3239} INFO - Sync 1 DAGs
[2026-07-17T22:50:44.342+0530] {logging_mixin.py:190} INFO - [2026-07-17T22:50:44.342+0530] {dag.py:4180} INFO - Setting next_dagrun for example_sla_dag to 2026-07-17 17:18:00+00:00, run_after=2026-07-17 17:20:00+00:00
[2026-07-17T22:50:44.346+0530] {processor.py:208} INFO - Processing /Users/bhavishyachallagolla/Desktop/RetailSense/.venv/lib/python3.12/site-packages/airflow/example_dags/example_sla_dag.py took 0.047 seconds
[2026-07-17T22:52:22.919+0530] {processor.py:186} INFO - Started process (PID=94798) to work on /Users/bhavishyachallagolla/Desktop/RetailSense/.venv/lib/python3.12/site-packages/airflow/example_dags/example_sla_dag.py
[2026-07-17T22:52:22.920+0530] {processor.py:914} INFO - Processing file /Users/bhavishyachallagolla/Desktop/RetailSense/.venv/lib/python3.12/site-packages/airflow/example_dags/example_sla_dag.py for tasks to queue
[2026-07-17T22:52:22.920+0530] {logging_mixin.py:190} INFO - [2026-07-17T22:52:22.920+0530] {dagbag.py:588} INFO - Filling up the DagBag from /Users/bhavishyachallagolla/Desktop/RetailSense/.venv/lib/python3.12/site-packages/airflow/example_dags/example_sla_dag.py
[2026-07-17T22:52:22.933+0530] {processor.py:925} INFO - DAG(s) 'example_sla_dag' retrieved from /Users/bhavishyachallagolla/Desktop/RetailSense/.venv/lib/python3.12/site-packages/airflow/example_dags/example_sla_dag.py
[2026-07-17T22:52:22.958+0530] {logging_mixin.py:190} INFO - [2026-07-17T22:52:22.957+0530] {dag.py:3239} INFO - Sync 1 DAGs
[2026-07-17T22:52:22.963+0530] {logging_mixin.py:190} INFO - [2026-07-17T22:52:22.963+0530] {dag.py:4180} INFO - Setting next_dagrun for example_sla_dag to 2026-07-17 17:20:00+00:00, run_after=2026-07-17 17:22:00+00:00
[2026-07-17T22:52:22.967+0530] {processor.py:208} INFO - Processing /Users/bhavishyachallagolla/Desktop/RetailSense/.venv/lib/python3.12/site-packages/airflow/example_dags/example_sla_dag.py took 0.049 seconds
[2026-07-17T22:54:02.209+0530] {processor.py:186} INFO - Started process (PID=94953) to work on /Users/bhavishyachallagolla/Desktop/RetailSense/.venv/lib/python3.12/site-packages/airflow/example_dags/example_sla_dag.py
[2026-07-17T22:54:02.210+0530] {processor.py:914} INFO - Processing file /Users/bhavishyachallagolla/Desktop/RetailSense/.venv/lib/python3.12/site-packages/airflow/example_dags/example_sla_dag.py for tasks to queue
[2026-07-17T22:54:02.210+0530] {logging_mixin.py:190} INFO - [2026-07-17T22:54:02.210+0530] {dagbag.py:588} INFO - Filling up the DagBag from /Users/bhavishyachallagolla/Desktop/RetailSense/.venv/lib/python3.12/site-packages/airflow/example_dags/example_sla_dag.py
[2026-07-17T22:54:02.222+0530] {processor.py:925} INFO - DAG(s) 'example_sla_dag' retrieved from /Users/bhavishyachallagolla/Desktop/RetailSense/.venv/lib/python3.12/site-packages/airflow/example_dags/example_sla_dag.py
[2026-07-17T22:54:02.247+0530] {logging_mixin.py:190} INFO - [2026-07-17T22:54:02.247+0530] {dag.py:3239} INFO - Sync 1 DAGs
[2026-07-17T22:54:02.253+0530] {logging_mixin.py:190} INFO - [2026-07-17T22:54:02.253+0530] {dag.py:4180} INFO - Setting next_dagrun for example_sla_dag to 2026-07-17 17:22:00+00:00, run_after=2026-07-17 17:24:00+00:00
[2026-07-17T22:54:02.257+0530] {processor.py:208} INFO - Processing /Users/bhavishyachallagolla/Desktop/RetailSense/.venv/lib/python3.12/site-packages/airflow/example_dags/example_sla_dag.py took 0.050 seconds
[2026-07-17T22:55:41.839+0530] {processor.py:186} INFO - Started process (PID=95100) to work on /Users/bhavishyachallagolla/Desktop/RetailSense/.venv/lib/python3.12/site-packages/airflow/example_dags/example_sla_dag.py
[2026-07-17T22:55:41.840+0530] {processor.py:914} INFO - Processing file /Users/bhavishyachallagolla/Desktop/RetailSense/.venv/lib/python3.12/site-packages/airflow/example_dags/example_sla_dag.py for tasks to queue
[2026-07-17T22:55:41.840+0530] {logging_mixin.py:190} INFO - [2026-07-17T22:55:41.840+0530] {dagbag.py:588} INFO - Filling up the DagBag from /Users/bhavishyachallagolla/Desktop/RetailSense/.venv/lib/python3.12/site-packages/airflow/example_dags/example_sla_dag.py
[2026-07-17T22:55:41.852+0530] {processor.py:925} INFO - DAG(s) 'example_sla_dag' retrieved from /Users/bhavishyachallagolla/Desktop/RetailSense/.venv/lib/python3.12/site-packages/airflow/example_dags/example_sla_dag.py
[2026-07-17T22:55:41.876+0530] {logging_mixin.py:190} INFO - [2026-07-17T22:55:41.876+0530] {dag.py:3239} INFO - Sync 1 DAGs
[2026-07-17T22:55:41.881+0530] {logging_mixin.py:190} INFO - [2026-07-17T22:55:41.881+0530] {dag.py:4180} INFO - Setting next_dagrun for example_sla_dag to 2026-07-17 17:22:00+00:00, run_after=2026-07-17 17:24:00+00:00
[2026-07-17T22:55:41.885+0530] {processor.py:208} INFO - Processing /Users/bhavishyachallagolla/Desktop/RetailSense/.venv/lib/python3.12/site-packages/airflow/example_dags/example_sla_dag.py took 0.048 seconds
[2026-07-17T22:57:20.847+0530] {processor.py:186} INFO - Started process (PID=95251) to work on /Users/bhavishyachallagolla/Desktop/RetailSense/.venv/lib/python3.12/site-packages/airflow/example_dags/example_sla_dag.py
[2026-07-17T22:57:20.848+0530] {processor.py:914} INFO - Processing file /Users/bhavishyachallagolla/Desktop/RetailSense/.venv/lib/python3.12/site-packages/airflow/example_dags/example_sla_dag.py for tasks to queue
[2026-07-17T22:57:20.848+0530] {logging_mixin.py:190} INFO - [2026-07-17T22:57:20.848+0530] {dagbag.py:588} INFO - Filling up the DagBag from /Users/bhavishyachallagolla/Desktop/RetailSense/.venv/lib/python3.12/site-packages/airflow/example_dags/example_sla_dag.py
[2026-07-17T22:57:20.860+0530] {processor.py:925} INFO - DAG(s) 'example_sla_dag' retrieved from /Users/bhavishyachallagolla/Desktop/RetailSense/.venv/lib/python3.12/site-packages/airflow/example_dags/example_sla_dag.py
[2026-07-17T22:57:20.884+0530] {logging_mixin.py:190} INFO - [2026-07-17T22:57:20.884+0530] {dag.py:3239} INFO - Sync 1 DAGs
[2026-07-17T22:57:20.889+0530] {logging_mixin.py:190} INFO - [2026-07-17T22:57:20.889+0530] {dag.py:4180} INFO - Setting next_dagrun for example_sla_dag to 2026-07-17 17:24:00+00:00, run_after=2026-07-17 17:26:00+00:00
[2026-07-17T22:57:20.894+0530] {processor.py:208} INFO - Processing /Users/bhavishyachallagolla/Desktop/RetailSense/.venv/lib/python3.12/site-packages/airflow/example_dags/example_sla_dag.py took 0.048 seconds
[2026-07-17T22:59:02.140+0530] {processor.py:186} INFO - Started process (PID=95414) to work on /Users/bhavishyachallagolla/Desktop/RetailSense/.venv/lib/python3.12/site-packages/airflow/example_dags/example_sla_dag.py
[2026-07-17T22:59:02.142+0530] {processor.py:914} INFO - Processing file /Users/bhavishyachallagolla/Desktop/RetailSense/.venv/lib/python3.12/site-packages/airflow/example_dags/example_sla_dag.py for tasks to queue
[2026-07-17T22:59:02.142+0530] {logging_mixin.py:190} INFO - [2026-07-17T22:59:02.142+0530] {dagbag.py:588} INFO - Filling up the DagBag from /Users/bhavishyachallagolla/Desktop/RetailSense/.venv/lib/python3.12/site-packages/airflow/example_dags/example_sla_dag.py
[2026-07-17T22:59:02.154+0530] {processor.py:925} INFO - DAG(s) 'example_sla_dag' retrieved from /Users/bhavishyachallagolla/Desktop/RetailSense/.venv/lib/python3.12/site-packages/airflow/example_dags/example_sla_dag.py
[2026-07-17T22:59:02.178+0530] {logging_mixin.py:190} INFO - [2026-07-17T22:59:02.178+0530] {dag.py:3239} INFO - Sync 1 DAGs
[2026-07-17T22:59:02.183+0530] {logging_mixin.py:190} INFO - [2026-07-17T22:59:02.183+0530] {dag.py:4180} INFO - Setting next_dagrun for example_sla_dag to 2026-07-17 17:26:00+00:00, run_after=2026-07-17 17:28:00+00:00
[2026-07-17T22:59:02.187+0530] {processor.py:208} INFO - Processing /Users/bhavishyachallagolla/Desktop/RetailSense/.venv/lib/python3.12/site-packages/airflow/example_dags/example_sla_dag.py took 0.048 seconds
[2026-07-17T23:00:31.926+0530] {processor.py:186} INFO - Started process (PID=95533) to work on /Users/bhavishyachallagolla/Desktop/RetailSense/.venv/lib/python3.12/site-packages/airflow/example_dags/example_sla_dag.py
[2026-07-17T23:00:31.927+0530] {processor.py:914} INFO - Processing file /Users/bhavishyachallagolla/Desktop/RetailSense/.venv/lib/python3.12/site-packages/airflow/example_dags/example_sla_dag.py for tasks to queue
[2026-07-17T23:00:31.927+0530] {logging_mixin.py:190} INFO - [2026-07-17T23:00:31.927+0530] {dagbag.py:588} INFO - Filling up the DagBag from /Users/bhavishyachallagolla/Desktop/RetailSense/.venv/lib/python3.12/site-packages/airflow/example_dags/example_sla_dag.py
[2026-07-17T23:00:31.939+0530] {processor.py:925} INFO - DAG(s) 'example_sla_dag' retrieved from /Users/bhavishyachallagolla/Desktop/RetailSense/.venv/lib/python3.12/site-packages/airflow/example_dags/example_sla_dag.py
[2026-07-17T23:00:31.963+0530] {logging_mixin.py:190} INFO - [2026-07-17T23:00:31.963+0530] {dag.py:3239} INFO - Sync 1 DAGs
[2026-07-17T23:00:31.969+0530] {logging_mixin.py:190} INFO - [2026-07-17T23:00:31.969+0530] {dag.py:4180} INFO - Setting next_dagrun for example_sla_dag to 2026-07-17 17:28:00+00:00, run_after=2026-07-17 17:30:00+00:00
[2026-07-17T23:00:31.973+0530] {processor.py:208} INFO - Processing /Users/bhavishyachallagolla/Desktop/RetailSense/.venv/lib/python3.12/site-packages/airflow/example_dags/example_sla_dag.py took 0.048 seconds
[2026-07-17T23:01:48.431+0530] {processor.py:186} INFO - Started process (PID=95646) to work on /Users/bhavishyachallagolla/Desktop/RetailSense/.venv/lib/python3.12/site-packages/airflow/example_dags/example_sla_dag.py
[2026-07-17T23:01:48.431+0530] {processor.py:914} INFO - Processing file /Users/bhavishyachallagolla/Desktop/RetailSense/.venv/lib/python3.12/site-packages/airflow/example_dags/example_sla_dag.py for tasks to queue
[2026-07-17T23:01:48.431+0530] {logging_mixin.py:190} INFO - [2026-07-17T23:01:48.431+0530] {dagbag.py:588} INFO - Filling up the DagBag from /Users/bhavishyachallagolla/Desktop/RetailSense/.venv/lib/python3.12/site-packages/airflow/example_dags/example_sla_dag.py
[2026-07-17T23:01:48.444+0530] {processor.py:925} INFO - DAG(s) 'example_sla_dag' retrieved from /Users/bhavishyachallagolla/Desktop/RetailSense/.venv/lib/python3.12/site-packages/airflow/example_dags/example_sla_dag.py
[2026-07-17T23:01:48.469+0530] {logging_mixin.py:190} INFO - [2026-07-17T23:01:48.469+0530] {dag.py:3239} INFO - Sync 1 DAGs
[2026-07-17T23:01:48.475+0530] {logging_mixin.py:190} INFO - [2026-07-17T23:01:48.475+0530] {dag.py:4180} INFO - Setting next_dagrun for example_sla_dag to 2026-07-17 17:28:00+00:00, run_after=2026-07-17 17:30:00+00:00
[2026-07-17T23:01:48.479+0530] {processor.py:208} INFO - Processing /Users/bhavishyachallagolla/Desktop/RetailSense/.venv/lib/python3.12/site-packages/airflow/example_dags/example_sla_dag.py took 0.050 seconds
[2026-07-17T23:03:29.026+0530] {processor.py:186} INFO - Started process (PID=95821) to work on /Users/bhavishyachallagolla/Desktop/RetailSense/.venv/lib/python3.12/site-packages/airflow/example_dags/example_sla_dag.py
[2026-07-17T23:03:29.027+0530] {processor.py:914} INFO - Processing file /Users/bhavishyachallagolla/Desktop/RetailSense/.venv/lib/python3.12/site-packages/airflow/example_dags/example_sla_dag.py for tasks to queue
[2026-07-17T23:03:29.027+0530] {logging_mixin.py:190} INFO - [2026-07-17T23:03:29.027+0530] {dagbag.py:588} INFO - Filling up the DagBag from /Users/bhavishyachallagolla/Desktop/RetailSense/.venv/lib/python3.12/site-packages/airflow/example_dags/example_sla_dag.py
[2026-07-17T23:03:29.040+0530] {processor.py:925} INFO - DAG(s) 'example_sla_dag' retrieved from /Users/bhavishyachallagolla/Desktop/RetailSense/.venv/lib/python3.12/site-packages/airflow/example_dags/example_sla_dag.py
[2026-07-17T23:03:29.066+0530] {logging_mixin.py:190} INFO - [2026-07-17T23:03:29.066+0530] {dag.py:3239} INFO - Sync 1 DAGs
[2026-07-17T23:03:29.072+0530] {logging_mixin.py:190} INFO - [2026-07-17T23:03:29.072+0530] {dag.py:4180} INFO - Setting next_dagrun for example_sla_dag to 2026-07-17 17:30:00+00:00, run_after=2026-07-17 17:32:00+00:00
[2026-07-17T23:03:29.077+0530] {processor.py:208} INFO - Processing /Users/bhavishyachallagolla/Desktop/RetailSense/.venv/lib/python3.12/site-packages/airflow/example_dags/example_sla_dag.py took 0.052 seconds
[2026-07-17T23:05:10.389+0530] {processor.py:186} INFO - Started process (PID=95972) to work on /Users/bhavishyachallagolla/Desktop/RetailSense/.venv/lib/python3.12/site-packages/airflow/example_dags/example_sla_dag.py
[2026-07-17T23:05:10.389+0530] {processor.py:914} INFO - Processing file /Users/bhavishyachallagolla/Desktop/RetailSense/.venv/lib/python3.12/site-packages/airflow/example_dags/example_sla_dag.py for tasks to queue
[2026-07-17T23:05:10.390+0530] {logging_mixin.py:190} INFO - [2026-07-17T23:05:10.390+0530] {dagbag.py:588} INFO - Filling up the DagBag from /Users/bhavishyachallagolla/Desktop/RetailSense/.venv/lib/python3.12/site-packages/airflow/example_dags/example_sla_dag.py
[2026-07-17T23:05:10.401+0530] {processor.py:925} INFO - DAG(s) 'example_sla_dag' retrieved from /Users/bhavishyachallagolla/Desktop/RetailSense/.venv/lib/python3.12/site-packages/airflow/example_dags/example_sla_dag.py
[2026-07-17T23:05:10.426+0530] {logging_mixin.py:190} INFO - [2026-07-17T23:05:10.426+0530] {dag.py:3239} INFO - Sync 1 DAGs
[2026-07-17T23:05:10.431+0530] {logging_mixin.py:190} INFO - [2026-07-17T23:05:10.431+0530] {dag.py:4180} INFO - Setting next_dagrun for example_sla_dag to 2026-07-17 17:32:00+00:00, run_after=2026-07-17 17:34:00+00:00
[2026-07-17T23:05:10.435+0530] {processor.py:208} INFO - Processing /Users/bhavishyachallagolla/Desktop/RetailSense/.venv/lib/python3.12/site-packages/airflow/example_dags/example_sla_dag.py took 0.047 seconds
[2026-07-17T23:06:51.119+0530] {processor.py:186} INFO - Started process (PID=96122) to work on /Users/bhavishyachallagolla/Desktop/RetailSense/.venv/lib/python3.12/site-packages/airflow/example_dags/example_sla_dag.py
[2026-07-17T23:06:51.120+0530] {processor.py:914} INFO - Processing file /Users/bhavishyachallagolla/Desktop/RetailSense/.venv/lib/python3.12/site-packages/airflow/example_dags/example_sla_dag.py for tasks to queue
[2026-07-17T23:06:51.120+0530] {logging_mixin.py:190} INFO - [2026-07-17T23:06:51.120+0530] {dagbag.py:588} INFO - Filling up the DagBag from /Users/bhavishyachallagolla/Desktop/RetailSense/.venv/lib/python3.12/site-packages/airflow/example_dags/example_sla_dag.py
[2026-07-17T23:06:51.132+0530] {processor.py:925} INFO - DAG(s) 'example_sla_dag' retrieved from /Users/bhavishyachallagolla/Desktop/RetailSense/.venv/lib/python3.12/site-packages/airflow/example_dags/example_sla_dag.py
[2026-07-17T23:06:51.156+0530] {logging_mixin.py:190} INFO - [2026-07-17T23:06:51.156+0530] {dag.py:3239} INFO - Sync 1 DAGs
[2026-07-17T23:06:51.161+0530] {logging_mixin.py:190} INFO - [2026-07-17T23:06:51.161+0530] {dag.py:4180} INFO - Setting next_dagrun for example_sla_dag to 2026-07-17 17:34:00+00:00, run_after=2026-07-17 17:36:00+00:00
[2026-07-17T23:06:51.166+0530] {processor.py:208} INFO - Processing /Users/bhavishyachallagolla/Desktop/RetailSense/.venv/lib/python3.12/site-packages/airflow/example_dags/example_sla_dag.py took 0.047 seconds
[2026-07-17T23:08:31.928+0530] {processor.py:186} INFO - Started process (PID=96283) to work on /Users/bhavishyachallagolla/Desktop/RetailSense/.venv/lib/python3.12/site-packages/airflow/example_dags/example_sla_dag.py
[2026-07-17T23:08:31.928+0530] {processor.py:914} INFO - Processing file /Users/bhavishyachallagolla/Desktop/RetailSense/.venv/lib/python3.12/site-packages/airflow/example_dags/example_sla_dag.py for tasks to queue
[2026-07-17T23:08:31.928+0530] {logging_mixin.py:190} INFO - [2026-07-17T23:08:31.928+0530] {dagbag.py:588} INFO - Filling up the DagBag from /Users/bhavishyachallagolla/Desktop/RetailSense/.venv/lib/python3.12/site-packages/airflow/example_dags/example_sla_dag.py
[2026-07-17T23:08:31.940+0530] {processor.py:925} INFO - DAG(s) 'example_sla_dag' retrieved from /Users/bhavishyachallagolla/Desktop/RetailSense/.venv/lib/python3.12/site-packages/airflow/example_dags/example_sla_dag.py
[2026-07-17T23:08:31.964+0530] {logging_mixin.py:190} INFO - [2026-07-17T23:08:31.964+0530] {dag.py:3239} INFO - Sync 1 DAGs
[2026-07-17T23:08:31.969+0530] {logging_mixin.py:190} INFO - [2026-07-17T23:08:31.969+0530] {dag.py:4180} INFO - Setting next_dagrun for example_sla_dag to 2026-07-17 17:36:00+00:00, run_after=2026-07-17 17:38:00+00:00
[2026-07-17T23:08:31.974+0530] {processor.py:208} INFO - Processing /Users/bhavishyachallagolla/Desktop/RetailSense/.venv/lib/python3.12/site-packages/airflow/example_dags/example_sla_dag.py took 0.047 seconds
[2026-07-17T23:10:11.807+0530] {processor.py:186} INFO - Started process (PID=96431) to work on /Users/bhavishyachallagolla/Desktop/RetailSense/.venv/lib/python3.12/site-packages/airflow/example_dags/example_sla_dag.py
[2026-07-17T23:10:11.808+0530] {processor.py:914} INFO - Processing file /Users/bhavishyachallagolla/Desktop/RetailSense/.venv/lib/python3.12/site-packages/airflow/example_dags/example_sla_dag.py for tasks to queue
[2026-07-17T23:10:11.808+0530] {logging_mixin.py:190} INFO - [2026-07-17T23:10:11.808+0530] {dagbag.py:588} INFO - Filling up the DagBag from /Users/bhavishyachallagolla/Desktop/RetailSense/.venv/lib/python3.12/site-packages/airflow/example_dags/example_sla_dag.py
[2026-07-17T23:10:11.820+0530] {processor.py:925} INFO - DAG(s) 'example_sla_dag' retrieved from /Users/bhavishyachallagolla/Desktop/RetailSense/.venv/lib/python3.12/site-packages/airflow/example_dags/example_sla_dag.py
[2026-07-17T23:10:11.844+0530] {logging_mixin.py:190} INFO - [2026-07-17T23:10:11.844+0530] {dag.py:3239} INFO - Sync 1 DAGs
[2026-07-17T23:10:11.849+0530] {logging_mixin.py:190} INFO - [2026-07-17T23:10:11.849+0530] {dag.py:4180} INFO - Setting next_dagrun for example_sla_dag to 2026-07-17 17:38:00+00:00, run_after=2026-07-17 17:40:00+00:00
[2026-07-17T23:10:11.853+0530] {processor.py:208} INFO - Processing /Users/bhavishyachallagolla/Desktop/RetailSense/.venv/lib/python3.12/site-packages/airflow/example_dags/example_sla_dag.py took 0.047 seconds
[2026-07-17T23:11:48.160+0530] {processor.py:186} INFO - Started process (PID=96577) to work on /Users/bhavishyachallagolla/Desktop/RetailSense/.venv/lib/python3.12/site-packages/airflow/example_dags/example_sla_dag.py
[2026-07-17T23:11:48.160+0530] {processor.py:914} INFO - Processing file /Users/bhavishyachallagolla/Desktop/RetailSense/.venv/lib/python3.12/site-packages/airflow/example_dags/example_sla_dag.py for tasks to queue
[2026-07-17T23:11:48.161+0530] {logging_mixin.py:190} INFO - [2026-07-17T23:11:48.160+0530] {dagbag.py:588} INFO - Filling up the DagBag from /Users/bhavishyachallagolla/Desktop/RetailSense/.venv/lib/python3.12/site-packages/airflow/example_dags/example_sla_dag.py
[2026-07-17T23:11:48.173+0530] {processor.py:925} INFO - DAG(s) 'example_sla_dag' retrieved from /Users/bhavishyachallagolla/Desktop/RetailSense/.venv/lib/python3.12/site-packages/airflow/example_dags/example_sla_dag.py
[2026-07-17T23:11:48.197+0530] {logging_mixin.py:190} INFO - [2026-07-17T23:11:48.197+0530] {dag.py:3239} INFO - Sync 1 DAGs
[2026-07-17T23:11:48.202+0530] {logging_mixin.py:190} INFO - [2026-07-17T23:11:48.202+0530] {dag.py:4180} INFO - Setting next_dagrun for example_sla_dag to 2026-07-17 17:38:00+00:00, run_after=2026-07-17 17:40:00+00:00
[2026-07-17T23:11:48.207+0530] {processor.py:208} INFO - Processing /Users/bhavishyachallagolla/Desktop/RetailSense/.venv/lib/python3.12/site-packages/airflow/example_dags/example_sla_dag.py took 0.048 seconds
[2026-07-17T23:13:27.403+0530] {processor.py:186} INFO - Started process (PID=96796) to work on /Users/bhavishyachallagolla/Desktop/RetailSense/.venv/lib/python3.12/site-packages/airflow/example_dags/example_sla_dag.py
[2026-07-17T23:13:27.403+0530] {processor.py:914} INFO - Processing file /Users/bhavishyachallagolla/Desktop/RetailSense/.venv/lib/python3.12/site-packages/airflow/example_dags/example_sla_dag.py for tasks to queue
[2026-07-17T23:13:27.404+0530] {logging_mixin.py:190} INFO - [2026-07-17T23:13:27.404+0530] {dagbag.py:588} INFO - Filling up the DagBag from /Users/bhavishyachallagolla/Desktop/RetailSense/.venv/lib/python3.12/site-packages/airflow/example_dags/example_sla_dag.py
[2026-07-17T23:13:27.416+0530] {processor.py:925} INFO - DAG(s) 'example_sla_dag' retrieved from /Users/bhavishyachallagolla/Desktop/RetailSense/.venv/lib/python3.12/site-packages/airflow/example_dags/example_sla_dag.py
[2026-07-17T23:13:27.440+0530] {logging_mixin.py:190} INFO - [2026-07-17T23:13:27.440+0530] {dag.py:3239} INFO - Sync 1 DAGs
[2026-07-17T23:13:27.445+0530] {logging_mixin.py:190} INFO - [2026-07-17T23:13:27.445+0530] {dag.py:4180} INFO - Setting next_dagrun for example_sla_dag to 2026-07-17 17:40:00+00:00, run_after=2026-07-17 17:42:00+00:00
[2026-07-17T23:13:27.450+0530] {processor.py:208} INFO - Processing /Users/bhavishyachallagolla/Desktop/RetailSense/.venv/lib/python3.12/site-packages/airflow/example_dags/example_sla_dag.py took 0.048 seconds
[2026-07-17T23:15:09.454+0530] {processor.py:186} INFO - Started process (PID=96959) to work on /Users/bhavishyachallagolla/Desktop/RetailSense/.venv/lib/python3.12/site-packages/airflow/example_dags/example_sla_dag.py
[2026-07-17T23:15:09.454+0530] {processor.py:914} INFO - Processing file /Users/bhavishyachallagolla/Desktop/RetailSense/.venv/lib/python3.12/site-packages/airflow/example_dags/example_sla_dag.py for tasks to queue
[2026-07-17T23:15:09.455+0530] {logging_mixin.py:190} INFO - [2026-07-17T23:15:09.455+0530] {dagbag.py:588} INFO - Filling up the DagBag from /Users/bhavishyachallagolla/Desktop/RetailSense/.venv/lib/python3.12/site-packages/airflow/example_dags/example_sla_dag.py
[2026-07-17T23:15:09.466+0530] {processor.py:925} INFO - DAG(s) 'example_sla_dag' retrieved from /Users/bhavishyachallagolla/Desktop/RetailSense/.venv/lib/python3.12/site-packages/airflow/example_dags/example_sla_dag.py
[2026-07-17T23:15:09.491+0530] {logging_mixin.py:190} INFO - [2026-07-17T23:15:09.490+0530] {dag.py:3239} INFO - Sync 1 DAGs
[2026-07-17T23:15:09.496+0530] {logging_mixin.py:190} INFO - [2026-07-17T23:15:09.495+0530] {dag.py:4180} INFO - Setting next_dagrun for example_sla_dag to 2026-07-17 17:42:00+00:00, run_after=2026-07-17 17:44:00+00:00
[2026-07-17T23:15:09.500+0530] {processor.py:208} INFO - Processing /Users/bhavishyachallagolla/Desktop/RetailSense/.venv/lib/python3.12/site-packages/airflow/example_dags/example_sla_dag.py took 0.047 seconds
[2026-07-17T23:16:52.069+0530] {processor.py:186} INFO - Started process (PID=97180) to work on /Users/bhavishyachallagolla/Desktop/RetailSense/.venv/lib/python3.12/site-packages/airflow/example_dags/example_sla_dag.py
[2026-07-17T23:16:52.070+0530] {processor.py:914} INFO - Processing file /Users/bhavishyachallagolla/Desktop/RetailSense/.venv/lib/python3.12/site-packages/airflow/example_dags/example_sla_dag.py for tasks to queue
[2026-07-17T23:16:52.070+0530] {logging_mixin.py:190} INFO - [2026-07-17T23:16:52.070+0530] {dagbag.py:588} INFO - Filling up the DagBag from /Users/bhavishyachallagolla/Desktop/RetailSense/.venv/lib/python3.12/site-packages/airflow/example_dags/example_sla_dag.py
[2026-07-17T23:16:52.082+0530] {processor.py:925} INFO - DAG(s) 'example_sla_dag' retrieved from /Users/bhavishyachallagolla/Desktop/RetailSense/.venv/lib/python3.12/site-packages/airflow/example_dags/example_sla_dag.py
[2026-07-17T23:16:52.106+0530] {logging_mixin.py:190} INFO - [2026-07-17T23:16:52.106+0530] {dag.py:3239} INFO - Sync 1 DAGs
[2026-07-17T23:16:52.111+0530] {logging_mixin.py:190} INFO - [2026-07-17T23:16:52.111+0530] {dag.py:4180} INFO - Setting next_dagrun for example_sla_dag to 2026-07-17 17:44:00+00:00, run_after=2026-07-17 17:46:00+00:00
[2026-07-17T23:16:52.115+0530] {processor.py:208} INFO - Processing /Users/bhavishyachallagolla/Desktop/RetailSense/.venv/lib/python3.12/site-packages/airflow/example_dags/example_sla_dag.py took 0.047 seconds
[2026-07-17T23:18:33.654+0530] {processor.py:186} INFO - Started process (PID=97375) to work on /Users/bhavishyachallagolla/Desktop/RetailSense/.venv/lib/python3.12/site-packages/airflow/example_dags/example_sla_dag.py
[2026-07-17T23:18:33.654+0530] {processor.py:914} INFO - Processing file /Users/bhavishyachallagolla/Desktop/RetailSense/.venv/lib/python3.12/site-packages/airflow/example_dags/example_sla_dag.py for tasks to queue
[2026-07-17T23:18:33.654+0530] {logging_mixin.py:190} INFO - [2026-07-17T23:18:33.654+0530] {dagbag.py:588} INFO - Filling up the DagBag from /Users/bhavishyachallagolla/Desktop/RetailSense/.venv/lib/python3.12/site-packages/airflow/example_dags/example_sla_dag.py
[2026-07-17T23:18:33.666+0530] {processor.py:925} INFO - DAG(s) 'example_sla_dag' retrieved from /Users/bhavishyachallagolla/Desktop/RetailSense/.venv/lib/python3.12/site-packages/airflow/example_dags/example_sla_dag.py
[2026-07-17T23:18:33.690+0530] {logging_mixin.py:190} INFO - [2026-07-17T23:18:33.690+0530] {dag.py:3239} INFO - Sync 1 DAGs
[2026-07-17T23:18:33.695+0530] {logging_mixin.py:190} INFO - [2026-07-17T23:18:33.695+0530] {dag.py:4180} INFO - Setting next_dagrun for example_sla_dag to 2026-07-17 17:46:00+00:00, run_after=2026-07-17 17:48:00+00:00
[2026-07-17T23:18:33.700+0530] {processor.py:208} INFO - Processing /Users/bhavishyachallagolla/Desktop/RetailSense/.venv/lib/python3.12/site-packages/airflow/example_dags/example_sla_dag.py took 0.047 seconds
[2026-07-17T23:20:15.267+0530] {processor.py:186} INFO - Started process (PID=97524) to work on /Users/bhavishyachallagolla/Desktop/RetailSense/.venv/lib/python3.12/site-packages/airflow/example_dags/example_sla_dag.py
[2026-07-17T23:20:15.268+0530] {processor.py:914} INFO - Processing file /Users/bhavishyachallagolla/Desktop/RetailSense/.venv/lib/python3.12/site-packages/airflow/example_dags/example_sla_dag.py for tasks to queue
[2026-07-17T23:20:15.268+0530] {logging_mixin.py:190} INFO - [2026-07-17T23:20:15.268+0530] {dagbag.py:588} INFO - Filling up the DagBag from /Users/bhavishyachallagolla/Desktop/RetailSense/.venv/lib/python3.12/site-packages/airflow/example_dags/example_sla_dag.py
[2026-07-17T23:20:15.280+0530] {processor.py:925} INFO - DAG(s) 'example_sla_dag' retrieved from /Users/bhavishyachallagolla/Desktop/RetailSense/.venv/lib/python3.12/site-packages/airflow/example_dags/example_sla_dag.py
[2026-07-17T23:20:15.305+0530] {logging_mixin.py:190} INFO - [2026-07-17T23:20:15.305+0530] {dag.py:3239} INFO - Sync 1 DAGs
[2026-07-17T23:20:15.310+0530] {logging_mixin.py:190} INFO - [2026-07-17T23:20:15.310+0530] {dag.py:4180} INFO - Setting next_dagrun for example_sla_dag to 2026-07-17 17:48:00+00:00, run_after=2026-07-17 17:50:00+00:00
[2026-07-17T23:20:15.315+0530] {processor.py:208} INFO - Processing /Users/bhavishyachallagolla/Desktop/RetailSense/.venv/lib/python3.12/site-packages/airflow/example_dags/example_sla_dag.py took 0.048 seconds
[2026-07-17T23:21:56.260+0530] {processor.py:186} INFO - Started process (PID=97675) to work on /Users/bhavishyachallagolla/Desktop/RetailSense/.venv/lib/python3.12/site-packages/airflow/example_dags/example_sla_dag.py
[2026-07-17T23:21:56.260+0530] {processor.py:914} INFO - Processing file /Users/bhavishyachallagolla/Desktop/RetailSense/.venv/lib/python3.12/site-packages/airflow/example_dags/example_sla_dag.py for tasks to queue
[2026-07-17T23:21:56.261+0530] {logging_mixin.py:190} INFO - [2026-07-17T23:21:56.261+0530] {dagbag.py:588} INFO - Filling up the DagBag from /Users/bhavishyachallagolla/Desktop/RetailSense/.venv/lib/python3.12/site-packages/airflow/example_dags/example_sla_dag.py
[2026-07-17T23:21:56.273+0530] {processor.py:925} INFO - DAG(s) 'example_sla_dag' retrieved from /Users/bhavishyachallagolla/Desktop/RetailSense/.venv/lib/python3.12/site-packages/airflow/example_dags/example_sla_dag.py
[2026-07-17T23:21:56.296+0530] {logging_mixin.py:190} INFO - [2026-07-17T23:21:56.296+0530] {dag.py:3239} INFO - Sync 1 DAGs
[2026-07-17T23:21:56.301+0530] {logging_mixin.py:190} INFO - [2026-07-17T23:21:56.301+0530] {dag.py:4180} INFO - Setting next_dagrun for example_sla_dag to 2026-07-17 17:48:00+00:00, run_after=2026-07-17 17:50:00+00:00
[2026-07-17T23:21:56.306+0530] {processor.py:208} INFO - Processing /Users/bhavishyachallagolla/Desktop/RetailSense/.venv/lib/python3.12/site-packages/airflow/example_dags/example_sla_dag.py took 0.047 seconds
[2026-07-17T23:23:37.394+0530] {processor.py:186} INFO - Started process (PID=97827) to work on /Users/bhavishyachallagolla/Desktop/RetailSense/.venv/lib/python3.12/site-packages/airflow/example_dags/example_sla_dag.py
[2026-07-17T23:23:37.395+0530] {processor.py:914} INFO - Processing file /Users/bhavishyachallagolla/Desktop/RetailSense/.venv/lib/python3.12/site-packages/airflow/example_dags/example_sla_dag.py for tasks to queue
[2026-07-17T23:23:37.395+0530] {logging_mixin.py:190} INFO - [2026-07-17T23:23:37.395+0530] {dagbag.py:588} INFO - Filling up the DagBag from /Users/bhavishyachallagolla/Desktop/RetailSense/.venv/lib/python3.12/site-packages/airflow/example_dags/example_sla_dag.py
[2026-07-17T23:23:37.407+0530] {processor.py:925} INFO - DAG(s) 'example_sla_dag' retrieved from /Users/bhavishyachallagolla/Desktop/RetailSense/.venv/lib/python3.12/site-packages/airflow/example_dags/example_sla_dag.py
[2026-07-17T23:23:37.431+0530] {logging_mixin.py:190} INFO - [2026-07-17T23:23:37.431+0530] {dag.py:3239} INFO - Sync 1 DAGs
[2026-07-17T23:23:37.436+0530] {logging_mixin.py:190} INFO - [2026-07-17T23:23:37.436+0530] {dag.py:4180} INFO - Setting next_dagrun for example_sla_dag to 2026-07-17 17:50:00+00:00, run_after=2026-07-17 17:52:00+00:00
[2026-07-17T23:23:37.441+0530] {processor.py:208} INFO - Processing /Users/bhavishyachallagolla/Desktop/RetailSense/.venv/lib/python3.12/site-packages/airflow/example_dags/example_sla_dag.py took 0.048 seconds
[2026-07-17T23:25:17.570+0530] {processor.py:186} INFO - Started process (PID=97978) to work on /Users/bhavishyachallagolla/Desktop/RetailSense/.venv/lib/python3.12/site-packages/airflow/example_dags/example_sla_dag.py
[2026-07-17T23:25:17.570+0530] {processor.py:914} INFO - Processing file /Users/bhavishyachallagolla/Desktop/RetailSense/.venv/lib/python3.12/site-packages/airflow/example_dags/example_sla_dag.py for tasks to queue
[2026-07-17T23:25:17.570+0530] {logging_mixin.py:190} INFO - [2026-07-17T23:25:17.570+0530] {dagbag.py:588} INFO - Filling up the DagBag from /Users/bhavishyachallagolla/Desktop/RetailSense/.venv/lib/python3.12/site-packages/airflow/example_dags/example_sla_dag.py
[2026-07-17T23:25:17.583+0530] {processor.py:925} INFO - DAG(s) 'example_sla_dag' retrieved from /Users/bhavishyachallagolla/Desktop/RetailSense/.venv/lib/python3.12/site-packages/airflow/example_dags/example_sla_dag.py
[2026-07-17T23:25:17.607+0530] {logging_mixin.py:190} INFO - [2026-07-17T23:25:17.607+0530] {dag.py:3239} INFO - Sync 1 DAGs
[2026-07-17T23:25:17.612+0530] {logging_mixin.py:190} INFO - [2026-07-17T23:25:17.612+0530] {dag.py:4180} INFO - Setting next_dagrun for example_sla_dag to 2026-07-17 17:52:00+00:00, run_after=2026-07-17 17:54:00+00:00
[2026-07-17T23:25:17.617+0530] {processor.py:208} INFO - Processing /Users/bhavishyachallagolla/Desktop/RetailSense/.venv/lib/python3.12/site-packages/airflow/example_dags/example_sla_dag.py took 0.048 seconds
[2026-07-17T23:27:00.203+0530] {processor.py:186} INFO - Started process (PID=98133) to work on /Users/bhavishyachallagolla/Desktop/RetailSense/.venv/lib/python3.12/site-packages/airflow/example_dags/example_sla_dag.py
[2026-07-17T23:27:00.203+0530] {processor.py:914} INFO - Processing file /Users/bhavishyachallagolla/Desktop/RetailSense/.venv/lib/python3.12/site-packages/airflow/example_dags/example_sla_dag.py for tasks to queue
[2026-07-17T23:27:00.204+0530] {logging_mixin.py:190} INFO - [2026-07-17T23:27:00.204+0530] {dagbag.py:588} INFO - Filling up the DagBag from /Users/bhavishyachallagolla/Desktop/RetailSense/.venv/lib/python3.12/site-packages/airflow/example_dags/example_sla_dag.py
[2026-07-17T23:27:00.215+0530] {processor.py:925} INFO - DAG(s) 'example_sla_dag' retrieved from /Users/bhavishyachallagolla/Desktop/RetailSense/.venv/lib/python3.12/site-packages/airflow/example_dags/example_sla_dag.py
[2026-07-17T23:27:00.239+0530] {logging_mixin.py:190} INFO - [2026-07-17T23:27:00.239+0530] {dag.py:3239} INFO - Sync 1 DAGs
[2026-07-17T23:27:00.244+0530] {logging_mixin.py:190} INFO - [2026-07-17T23:27:00.244+0530] {dag.py:4180} INFO - Setting next_dagrun for example_sla_dag to 2026-07-17 17:54:00+00:00, run_after=2026-07-17 17:56:00+00:00
[2026-07-17T23:27:00.249+0530] {processor.py:208} INFO - Processing /Users/bhavishyachallagolla/Desktop/RetailSense/.venv/lib/python3.12/site-packages/airflow/example_dags/example_sla_dag.py took 0.047 seconds
[2026-07-17T23:28:43.287+0530] {processor.py:186} INFO - Started process (PID=98292) to work on /Users/bhavishyachallagolla/Desktop/RetailSense/.venv/lib/python3.12/site-packages/airflow/example_dags/example_sla_dag.py
[2026-07-17T23:28:43.287+0530] {processor.py:914} INFO - Processing file /Users/bhavishyachallagolla/Desktop/RetailSense/.venv/lib/python3.12/site-packages/airflow/example_dags/example_sla_dag.py for tasks to queue
[2026-07-17T23:28:43.287+0530] {logging_mixin.py:190} INFO - [2026-07-17T23:28:43.287+0530] {dagbag.py:588} INFO - Filling up the DagBag from /Users/bhavishyachallagolla/Desktop/RetailSense/.venv/lib/python3.12/site-packages/airflow/example_dags/example_sla_dag.py
[2026-07-17T23:28:43.300+0530] {processor.py:925} INFO - DAG(s) 'example_sla_dag' retrieved from /Users/bhavishyachallagolla/Desktop/RetailSense/.venv/lib/python3.12/site-packages/airflow/example_dags/example_sla_dag.py
[2026-07-17T23:28:43.325+0530] {logging_mixin.py:190} INFO - [2026-07-17T23:28:43.325+0530] {dag.py:3239} INFO - Sync 1 DAGs
[2026-07-17T23:28:43.330+0530] {logging_mixin.py:190} INFO - [2026-07-17T23:28:43.330+0530] {dag.py:4180} INFO - Setting next_dagrun for example_sla_dag to 2026-07-17 17:56:00+00:00, run_after=2026-07-17 17:58:00+00:00
[2026-07-17T23:28:43.335+0530] {processor.py:208} INFO - Processing /Users/bhavishyachallagolla/Desktop/RetailSense/.venv/lib/python3.12/site-packages/airflow/example_dags/example_sla_dag.py took 0.050 seconds
[2026-07-17T23:30:23.450+0530] {processor.py:186} INFO - Started process (PID=98474) to work on /Users/bhavishyachallagolla/Desktop/RetailSense/.venv/lib/python3.12/site-packages/airflow/example_dags/example_sla_dag.py
[2026-07-17T23:30:23.451+0530] {processor.py:914} INFO - Processing file /Users/bhavishyachallagolla/Desktop/RetailSense/.venv/lib/python3.12/site-packages/airflow/example_dags/example_sla_dag.py for tasks to queue
[2026-07-17T23:30:23.452+0530] {logging_mixin.py:190} INFO - [2026-07-17T23:30:23.452+0530] {dagbag.py:588} INFO - Filling up the DagBag from /Users/bhavishyachallagolla/Desktop/RetailSense/.venv/lib/python3.12/site-packages/airflow/example_dags/example_sla_dag.py
[2026-07-17T23:30:23.464+0530] {processor.py:925} INFO - DAG(s) 'example_sla_dag' retrieved from /Users/bhavishyachallagolla/Desktop/RetailSense/.venv/lib/python3.12/site-packages/airflow/example_dags/example_sla_dag.py
[2026-07-17T23:30:23.489+0530] {logging_mixin.py:190} INFO - [2026-07-17T23:30:23.489+0530] {dag.py:3239} INFO - Sync 1 DAGs
[2026-07-17T23:30:23.494+0530] {logging_mixin.py:190} INFO - [2026-07-17T23:30:23.494+0530] {dag.py:4180} INFO - Setting next_dagrun for example_sla_dag to 2026-07-17 17:58:00+00:00, run_after=2026-07-17 18:00:00+00:00
[2026-07-17T23:30:23.498+0530] {processor.py:208} INFO - Processing /Users/bhavishyachallagolla/Desktop/RetailSense/.venv/lib/python3.12/site-packages/airflow/example_dags/example_sla_dag.py took 0.049 seconds
[2026-07-17T23:32:13.132+0530] {processor.py:186} INFO - Started process (PID=98649) to work on /Users/bhavishyachallagolla/Desktop/RetailSense/.venv/lib/python3.12/site-packages/airflow/example_dags/example_sla_dag.py
[2026-07-17T23:32:13.133+0530] {processor.py:914} INFO - Processing file /Users/bhavishyachallagolla/Desktop/RetailSense/.venv/lib/python3.12/site-packages/airflow/example_dags/example_sla_dag.py for tasks to queue
[2026-07-17T23:32:13.133+0530] {logging_mixin.py:190} INFO - [2026-07-17T23:32:13.133+0530] {dagbag.py:588} INFO - Filling up the DagBag from /Users/bhavishyachallagolla/Desktop/RetailSense/.venv/lib/python3.12/site-packages/airflow/example_dags/example_sla_dag.py
[2026-07-17T23:32:13.145+0530] {processor.py:925} INFO - DAG(s) 'example_sla_dag' retrieved from /Users/bhavishyachallagolla/Desktop/RetailSense/.venv/lib/python3.12/site-packages/airflow/example_dags/example_sla_dag.py
[2026-07-17T23:32:13.169+0530] {logging_mixin.py:190} INFO - [2026-07-17T23:32:13.169+0530] {dag.py:3239} INFO - Sync 1 DAGs
[2026-07-17T23:32:13.174+0530] {logging_mixin.py:190} INFO - [2026-07-17T23:32:13.174+0530] {dag.py:4180} INFO - Setting next_dagrun for example_sla_dag to 2026-07-17 18:00:00+00:00, run_after=2026-07-17 18:02:00+00:00
[2026-07-17T23:32:13.179+0530] {processor.py:208} INFO - Processing /Users/bhavishyachallagolla/Desktop/RetailSense/.venv/lib/python3.12/site-packages/airflow/example_dags/example_sla_dag.py took 0.048 seconds
[2026-07-17T23:34:00.336+0530] {processor.py:186} INFO - Started process (PID=98822) to work on /Users/bhavishyachallagolla/Desktop/RetailSense/.venv/lib/python3.12/site-packages/airflow/example_dags/example_sla_dag.py
[2026-07-17T23:34:00.337+0530] {processor.py:914} INFO - Processing file /Users/bhavishyachallagolla/Desktop/RetailSense/.venv/lib/python3.12/site-packages/airflow/example_dags/example_sla_dag.py for tasks to queue
[2026-07-17T23:34:00.337+0530] {logging_mixin.py:190} INFO - [2026-07-17T23:34:00.337+0530] {dagbag.py:588} INFO - Filling up the DagBag from /Users/bhavishyachallagolla/Desktop/RetailSense/.venv/lib/python3.12/site-packages/airflow/example_dags/example_sla_dag.py
[2026-07-17T23:34:00.350+0530] {processor.py:925} INFO - DAG(s) 'example_sla_dag' retrieved from /Users/bhavishyachallagolla/Desktop/RetailSense/.venv/lib/python3.12/site-packages/airflow/example_dags/example_sla_dag.py
[2026-07-17T23:34:00.374+0530] {logging_mixin.py:190} INFO - [2026-07-17T23:34:00.374+0530] {dag.py:3239} INFO - Sync 1 DAGs
[2026-07-17T23:34:00.380+0530] {logging_mixin.py:190} INFO - [2026-07-17T23:34:00.380+0530] {dag.py:4180} INFO - Setting next_dagrun for example_sla_dag to 2026-07-17 18:02:00+00:00, run_after=2026-07-17 18:04:00+00:00
[2026-07-17T23:34:00.384+0530] {processor.py:208} INFO - Processing /Users/bhavishyachallagolla/Desktop/RetailSense/.venv/lib/python3.12/site-packages/airflow/example_dags/example_sla_dag.py took 0.050 seconds
[2026-07-17T23:35:44.974+0530] {processor.py:186} INFO - Started process (PID=98983) to work on /Users/bhavishyachallagolla/Desktop/RetailSense/.venv/lib/python3.12/site-packages/airflow/example_dags/example_sla_dag.py
[2026-07-17T23:35:44.974+0530] {processor.py:914} INFO - Processing file /Users/bhavishyachallagolla/Desktop/RetailSense/.venv/lib/python3.12/site-packages/airflow/example_dags/example_sla_dag.py for tasks to queue
[2026-07-17T23:35:44.974+0530] {logging_mixin.py:190} INFO - [2026-07-17T23:35:44.974+0530] {dagbag.py:588} INFO - Filling up the DagBag from /Users/bhavishyachallagolla/Desktop/RetailSense/.venv/lib/python3.12/site-packages/airflow/example_dags/example_sla_dag.py
[2026-07-17T23:35:44.986+0530] {processor.py:925} INFO - DAG(s) 'example_sla_dag' retrieved from /Users/bhavishyachallagolla/Desktop/RetailSense/.venv/lib/python3.12/site-packages/airflow/example_dags/example_sla_dag.py
[2026-07-17T23:35:45.010+0530] {logging_mixin.py:190} INFO - [2026-07-17T23:35:45.010+0530] {dag.py:3239} INFO - Sync 1 DAGs
[2026-07-17T23:35:45.015+0530] {logging_mixin.py:190} INFO - [2026-07-17T23:35:45.015+0530] {dag.py:4180} INFO - Setting next_dagrun for example_sla_dag to 2026-07-17 18:02:00+00:00, run_after=2026-07-17 18:04:00+00:00
[2026-07-17T23:35:45.020+0530] {processor.py:208} INFO - Processing /Users/bhavishyachallagolla/Desktop/RetailSense/.venv/lib/python3.12/site-packages/airflow/example_dags/example_sla_dag.py took 0.047 seconds
[2026-07-17T23:37:25.729+0530] {processor.py:186} INFO - Started process (PID=99135) to work on /Users/bhavishyachallagolla/Desktop/RetailSense/.venv/lib/python3.12/site-packages/airflow/example_dags/example_sla_dag.py
[2026-07-17T23:37:25.729+0530] {processor.py:914} INFO - Processing file /Users/bhavishyachallagolla/Desktop/RetailSense/.venv/lib/python3.12/site-packages/airflow/example_dags/example_sla_dag.py for tasks to queue
[2026-07-17T23:37:25.729+0530] {logging_mixin.py:190} INFO - [2026-07-17T23:37:25.729+0530] {dagbag.py:588} INFO - Filling up the DagBag from /Users/bhavishyachallagolla/Desktop/RetailSense/.venv/lib/python3.12/site-packages/airflow/example_dags/example_sla_dag.py
[2026-07-17T23:37:25.741+0530] {processor.py:925} INFO - DAG(s) 'example_sla_dag' retrieved from /Users/bhavishyachallagolla/Desktop/RetailSense/.venv/lib/python3.12/site-packages/airflow/example_dags/example_sla_dag.py
[2026-07-17T23:37:25.766+0530] {logging_mixin.py:190} INFO - [2026-07-17T23:37:25.766+0530] {dag.py:3239} INFO - Sync 1 DAGs
[2026-07-17T23:37:25.771+0530] {logging_mixin.py:190} INFO - [2026-07-17T23:37:25.771+0530] {dag.py:4180} INFO - Setting next_dagrun for example_sla_dag to 2026-07-17 18:04:00+00:00, run_after=2026-07-17 18:06:00+00:00
[2026-07-17T23:37:25.776+0530] {processor.py:208} INFO - Processing /Users/bhavishyachallagolla/Desktop/RetailSense/.venv/lib/python3.12/site-packages/airflow/example_dags/example_sla_dag.py took 0.048 seconds
[2026-07-17T23:39:07.567+0530] {processor.py:186} INFO - Started process (PID=99296) to work on /Users/bhavishyachallagolla/Desktop/RetailSense/.venv/lib/python3.12/site-packages/airflow/example_dags/example_sla_dag.py
[2026-07-17T23:39:07.568+0530] {processor.py:914} INFO - Processing file /Users/bhavishyachallagolla/Desktop/RetailSense/.venv/lib/python3.12/site-packages/airflow/example_dags/example_sla_dag.py for tasks to queue
[2026-07-17T23:39:07.568+0530] {logging_mixin.py:190} INFO - [2026-07-17T23:39:07.568+0530] {dagbag.py:588} INFO - Filling up the DagBag from /Users/bhavishyachallagolla/Desktop/RetailSense/.venv/lib/python3.12/site-packages/airflow/example_dags/example_sla_dag.py
[2026-07-17T23:39:07.580+0530] {processor.py:925} INFO - DAG(s) 'example_sla_dag' retrieved from /Users/bhavishyachallagolla/Desktop/RetailSense/.venv/lib/python3.12/site-packages/airflow/example_dags/example_sla_dag.py
[2026-07-17T23:39:07.604+0530] {logging_mixin.py:190} INFO - [2026-07-17T23:39:07.604+0530] {dag.py:3239} INFO - Sync 1 DAGs
[2026-07-17T23:39:07.609+0530] {logging_mixin.py:190} INFO - [2026-07-17T23:39:07.609+0530] {dag.py:4180} INFO - Setting next_dagrun for example_sla_dag to 2026-07-17 18:06:00+00:00, run_after=2026-07-17 18:08:00+00:00
[2026-07-17T23:39:07.614+0530] {processor.py:208} INFO - Processing /Users/bhavishyachallagolla/Desktop/RetailSense/.venv/lib/python3.12/site-packages/airflow/example_dags/example_sla_dag.py took 0.048 seconds
[2026-07-17T23:40:48.099+0530] {processor.py:186} INFO - Started process (PID=99450) to work on /Users/bhavishyachallagolla/Desktop/RetailSense/.venv/lib/python3.12/site-packages/airflow/example_dags/example_sla_dag.py
[2026-07-17T23:40:48.100+0530] {processor.py:914} INFO - Processing file /Users/bhavishyachallagolla/Desktop/RetailSense/.venv/lib/python3.12/site-packages/airflow/example_dags/example_sla_dag.py for tasks to queue
[2026-07-17T23:40:48.101+0530] {logging_mixin.py:190} INFO - [2026-07-17T23:40:48.101+0530] {dagbag.py:588} INFO - Filling up the DagBag from /Users/bhavishyachallagolla/Desktop/RetailSense/.venv/lib/python3.12/site-packages/airflow/example_dags/example_sla_dag.py
[2026-07-17T23:40:48.113+0530] {processor.py:925} INFO - DAG(s) 'example_sla_dag' retrieved from /Users/bhavishyachallagolla/Desktop/RetailSense/.venv/lib/python3.12/site-packages/airflow/example_dags/example_sla_dag.py
[2026-07-17T23:40:48.137+0530] {logging_mixin.py:190} INFO - [2026-07-17T23:40:48.137+0530] {dag.py:3239} INFO - Sync 1 DAGs
[2026-07-17T23:40:48.143+0530] {logging_mixin.py:190} INFO - [2026-07-17T23:40:48.142+0530] {dag.py:4180} INFO - Setting next_dagrun for example_sla_dag to 2026-07-17 18:08:00+00:00, run_after=2026-07-17 18:10:00+00:00
[2026-07-17T23:40:48.147+0530] {processor.py:208} INFO - Processing /Users/bhavishyachallagolla/Desktop/RetailSense/.venv/lib/python3.12/site-packages/airflow/example_dags/example_sla_dag.py took 0.049 seconds
[2026-07-17T23:42:31.841+0530] {processor.py:186} INFO - Started process (PID=99610) to work on /Users/bhavishyachallagolla/Desktop/RetailSense/.venv/lib/python3.12/site-packages/airflow/example_dags/example_sla_dag.py
[2026-07-17T23:42:31.842+0530] {processor.py:914} INFO - Processing file /Users/bhavishyachallagolla/Desktop/RetailSense/.venv/lib/python3.12/site-packages/airflow/example_dags/example_sla_dag.py for tasks to queue
[2026-07-17T23:42:31.842+0530] {logging_mixin.py:190} INFO - [2026-07-17T23:42:31.842+0530] {dagbag.py:588} INFO - Filling up the DagBag from /Users/bhavishyachallagolla/Desktop/RetailSense/.venv/lib/python3.12/site-packages/airflow/example_dags/example_sla_dag.py
[2026-07-17T23:42:31.855+0530] {processor.py:925} INFO - DAG(s) 'example_sla_dag' retrieved from /Users/bhavishyachallagolla/Desktop/RetailSense/.venv/lib/python3.12/site-packages/airflow/example_dags/example_sla_dag.py
[2026-07-17T23:42:31.879+0530] {logging_mixin.py:190} INFO - [2026-07-17T23:42:31.879+0530] {dag.py:3239} INFO - Sync 1 DAGs
[2026-07-17T23:42:31.885+0530] {logging_mixin.py:190} INFO - [2026-07-17T23:42:31.885+0530] {dag.py:4180} INFO - Setting next_dagrun for example_sla_dag to 2026-07-17 18:10:00+00:00, run_after=2026-07-17 18:12:00+00:00
[2026-07-17T23:42:31.889+0530] {processor.py:208} INFO - Processing /Users/bhavishyachallagolla/Desktop/RetailSense/.venv/lib/python3.12/site-packages/airflow/example_dags/example_sla_dag.py took 0.049 seconds
[2026-07-17T23:44:14.237+0530] {processor.py:186} INFO - Started process (PID=99763) to work on /Users/bhavishyachallagolla/Desktop/RetailSense/.venv/lib/python3.12/site-packages/airflow/example_dags/example_sla_dag.py
[2026-07-17T23:44:14.238+0530] {processor.py:914} INFO - Processing file /Users/bhavishyachallagolla/Desktop/RetailSense/.venv/lib/python3.12/site-packages/airflow/example_dags/example_sla_dag.py for tasks to queue
[2026-07-17T23:44:14.238+0530] {logging_mixin.py:190} INFO - [2026-07-17T23:44:14.238+0530] {dagbag.py:588} INFO - Filling up the DagBag from /Users/bhavishyachallagolla/Desktop/RetailSense/.venv/lib/python3.12/site-packages/airflow/example_dags/example_sla_dag.py
[2026-07-17T23:44:14.251+0530] {processor.py:925} INFO - DAG(s) 'example_sla_dag' retrieved from /Users/bhavishyachallagolla/Desktop/RetailSense/.venv/lib/python3.12/site-packages/airflow/example_dags/example_sla_dag.py
[2026-07-17T23:44:14.279+0530] {logging_mixin.py:190} INFO - [2026-07-17T23:44:14.279+0530] {dag.py:3239} INFO - Sync 1 DAGs
[2026-07-17T23:44:14.285+0530] {logging_mixin.py:190} INFO - [2026-07-17T23:44:14.285+0530] {dag.py:4180} INFO - Setting next_dagrun for example_sla_dag to 2026-07-17 18:12:00+00:00, run_after=2026-07-17 18:14:00+00:00
[2026-07-17T23:44:14.290+0530] {processor.py:208} INFO - Processing /Users/bhavishyachallagolla/Desktop/RetailSense/.venv/lib/python3.12/site-packages/airflow/example_dags/example_sla_dag.py took 0.055 seconds
[2026-07-17T23:45:58.857+0530] {processor.py:186} INFO - Started process (PID=99922) to work on /Users/bhavishyachallagolla/Desktop/RetailSense/.venv/lib/python3.12/site-packages/airflow/example_dags/example_sla_dag.py
[2026-07-17T23:45:58.858+0530] {processor.py:914} INFO - Processing file /Users/bhavishyachallagolla/Desktop/RetailSense/.venv/lib/python3.12/site-packages/airflow/example_dags/example_sla_dag.py for tasks to queue
[2026-07-17T23:45:58.858+0530] {logging_mixin.py:190} INFO - [2026-07-17T23:45:58.858+0530] {dagbag.py:588} INFO - Filling up the DagBag from /Users/bhavishyachallagolla/Desktop/RetailSense/.venv/lib/python3.12/site-packages/airflow/example_dags/example_sla_dag.py
[2026-07-17T23:45:58.871+0530] {processor.py:925} INFO - DAG(s) 'example_sla_dag' retrieved from /Users/bhavishyachallagolla/Desktop/RetailSense/.venv/lib/python3.12/site-packages/airflow/example_dags/example_sla_dag.py
[2026-07-17T23:45:58.897+0530] {logging_mixin.py:190} INFO - [2026-07-17T23:45:58.897+0530] {dag.py:3239} INFO - Sync 1 DAGs
[2026-07-17T23:45:58.902+0530] {logging_mixin.py:190} INFO - [2026-07-17T23:45:58.902+0530] {dag.py:4180} INFO - Setting next_dagrun for example_sla_dag to 2026-07-17 18:12:00+00:00, run_after=2026-07-17 18:14:00+00:00
[2026-07-17T23:45:58.907+0530] {processor.py:208} INFO - Processing /Users/bhavishyachallagolla/Desktop/RetailSense/.venv/lib/python3.12/site-packages/airflow/example_dags/example_sla_dag.py took 0.051 seconds
[2026-07-17T23:47:56.488+0530] {processor.py:186} INFO - Started process (PID=204) to work on /Users/bhavishyachallagolla/Desktop/RetailSense/.venv/lib/python3.12/site-packages/airflow/example_dags/example_sla_dag.py
[2026-07-17T23:47:56.489+0530] {processor.py:914} INFO - Processing file /Users/bhavishyachallagolla/Desktop/RetailSense/.venv/lib/python3.12/site-packages/airflow/example_dags/example_sla_dag.py for tasks to queue
[2026-07-17T23:47:56.489+0530] {logging_mixin.py:190} INFO - [2026-07-17T23:47:56.489+0530] {dagbag.py:588} INFO - Filling up the DagBag from /Users/bhavishyachallagolla/Desktop/RetailSense/.venv/lib/python3.12/site-packages/airflow/example_dags/example_sla_dag.py
[2026-07-17T23:47:56.502+0530] {processor.py:925} INFO - DAG(s) 'example_sla_dag' retrieved from /Users/bhavishyachallagolla/Desktop/RetailSense/.venv/lib/python3.12/site-packages/airflow/example_dags/example_sla_dag.py
[2026-07-17T23:47:56.525+0530] {logging_mixin.py:190} INFO - [2026-07-17T23:47:56.525+0530] {dag.py:3239} INFO - Sync 1 DAGs
[2026-07-17T23:47:56.531+0530] {logging_mixin.py:190} INFO - [2026-07-17T23:47:56.531+0530] {dag.py:4180} INFO - Setting next_dagrun for example_sla_dag to 2026-07-17 18:14:00+00:00, run_after=2026-07-17 18:16:00+00:00
[2026-07-17T23:47:56.535+0530] {processor.py:208} INFO - Processing /Users/bhavishyachallagolla/Desktop/RetailSense/.venv/lib/python3.12/site-packages/airflow/example_dags/example_sla_dag.py took 0.048 seconds
[2026-07-17T23:49:42.499+0530] {processor.py:186} INFO - Started process (PID=411) to work on /Users/bhavishyachallagolla/Desktop/RetailSense/.venv/lib/python3.12/site-packages/airflow/example_dags/example_sla_dag.py
[2026-07-17T23:49:42.499+0530] {processor.py:914} INFO - Processing file /Users/bhavishyachallagolla/Desktop/RetailSense/.venv/lib/python3.12/site-packages/airflow/example_dags/example_sla_dag.py for tasks to queue
[2026-07-17T23:49:42.499+0530] {logging_mixin.py:190} INFO - [2026-07-17T23:49:42.499+0530] {dagbag.py:588} INFO - Filling up the DagBag from /Users/bhavishyachallagolla/Desktop/RetailSense/.venv/lib/python3.12/site-packages/airflow/example_dags/example_sla_dag.py
[2026-07-17T23:49:42.511+0530] {processor.py:925} INFO - DAG(s) 'example_sla_dag' retrieved from /Users/bhavishyachallagolla/Desktop/RetailSense/.venv/lib/python3.12/site-packages/airflow/example_dags/example_sla_dag.py
[2026-07-17T23:49:42.535+0530] {logging_mixin.py:190} INFO - [2026-07-17T23:49:42.535+0530] {dag.py:3239} INFO - Sync 1 DAGs
[2026-07-17T23:49:42.540+0530] {logging_mixin.py:190} INFO - [2026-07-17T23:49:42.540+0530] {dag.py:4180} INFO - Setting next_dagrun for example_sla_dag to 2026-07-17 18:16:00+00:00, run_after=2026-07-17 18:18:00+00:00
[2026-07-17T23:49:42.544+0530] {processor.py:208} INFO - Processing /Users/bhavishyachallagolla/Desktop/RetailSense/.venv/lib/python3.12/site-packages/airflow/example_dags/example_sla_dag.py took 0.047 seconds
[2026-07-17T23:51:26.595+0530] {processor.py:186} INFO - Started process (PID=630) to work on /Users/bhavishyachallagolla/Desktop/RetailSense/.venv/lib/python3.12/site-packages/airflow/example_dags/example_sla_dag.py
[2026-07-17T23:51:26.596+0530] {processor.py:914} INFO - Processing file /Users/bhavishyachallagolla/Desktop/RetailSense/.venv/lib/python3.12/site-packages/airflow/example_dags/example_sla_dag.py for tasks to queue
[2026-07-17T23:51:26.596+0530] {logging_mixin.py:190} INFO - [2026-07-17T23:51:26.596+0530] {dagbag.py:588} INFO - Filling up the DagBag from /Users/bhavishyachallagolla/Desktop/RetailSense/.venv/lib/python3.12/site-packages/airflow/example_dags/example_sla_dag.py
[2026-07-17T23:51:26.608+0530] {processor.py:925} INFO - DAG(s) 'example_sla_dag' retrieved from /Users/bhavishyachallagolla/Desktop/RetailSense/.venv/lib/python3.12/site-packages/airflow/example_dags/example_sla_dag.py
[2026-07-17T23:51:26.632+0530] {logging_mixin.py:190} INFO - [2026-07-17T23:51:26.632+0530] {dag.py:3239} INFO - Sync 1 DAGs
[2026-07-17T23:51:26.637+0530] {logging_mixin.py:190} INFO - [2026-07-17T23:51:26.637+0530] {dag.py:4180} INFO - Setting next_dagrun for example_sla_dag to 2026-07-17 18:18:00+00:00, run_after=2026-07-17 18:20:00+00:00
[2026-07-17T23:51:26.642+0530] {processor.py:208} INFO - Processing /Users/bhavishyachallagolla/Desktop/RetailSense/.venv/lib/python3.12/site-packages/airflow/example_dags/example_sla_dag.py took 0.048 seconds
[2026-07-17T23:53:16.631+0530] {processor.py:186} INFO - Started process (PID=885) to work on /Users/bhavishyachallagolla/Desktop/RetailSense/.venv/lib/python3.12/site-packages/airflow/example_dags/example_sla_dag.py
[2026-07-17T23:53:16.633+0530] {processor.py:914} INFO - Processing file /Users/bhavishyachallagolla/Desktop/RetailSense/.venv/lib/python3.12/site-packages/airflow/example_dags/example_sla_dag.py for tasks to queue
[2026-07-17T23:53:16.633+0530] {logging_mixin.py:190} INFO - [2026-07-17T23:53:16.633+0530] {dagbag.py:588} INFO - Filling up the DagBag from /Users/bhavishyachallagolla/Desktop/RetailSense/.venv/lib/python3.12/site-packages/airflow/example_dags/example_sla_dag.py
[2026-07-17T23:53:16.646+0530] {processor.py:925} INFO - DAG(s) 'example_sla_dag' retrieved from /Users/bhavishyachallagolla/Desktop/RetailSense/.venv/lib/python3.12/site-packages/airflow/example_dags/example_sla_dag.py
[2026-07-17T23:53:16.671+0530] {logging_mixin.py:190} INFO - [2026-07-17T23:53:16.670+0530] {dag.py:3239} INFO - Sync 1 DAGs
[2026-07-17T23:53:16.676+0530] {logging_mixin.py:190} INFO - [2026-07-17T23:53:16.676+0530] {dag.py:4180} INFO - Setting next_dagrun for example_sla_dag to 2026-07-17 18:20:00+00:00, run_after=2026-07-17 18:22:00+00:00
[2026-07-17T23:53:16.680+0530] {processor.py:208} INFO - Processing /Users/bhavishyachallagolla/Desktop/RetailSense/.venv/lib/python3.12/site-packages/airflow/example_dags/example_sla_dag.py took 0.050 seconds
[2026-07-17T23:55:09.685+0530] {processor.py:186} INFO - Started process (PID=1091) to work on /Users/bhavishyachallagolla/Desktop/RetailSense/.venv/lib/python3.12/site-packages/airflow/example_dags/example_sla_dag.py
[2026-07-17T23:55:09.686+0530] {processor.py:914} INFO - Processing file /Users/bhavishyachallagolla/Desktop/RetailSense/.venv/lib/python3.12/site-packages/airflow/example_dags/example_sla_dag.py for tasks to queue
[2026-07-17T23:55:09.687+0530] {logging_mixin.py:190} INFO - [2026-07-17T23:55:09.686+0530] {dagbag.py:588} INFO - Filling up the DagBag from /Users/bhavishyachallagolla/Desktop/RetailSense/.venv/lib/python3.12/site-packages/airflow/example_dags/example_sla_dag.py
[2026-07-17T23:55:09.699+0530] {processor.py:925} INFO - DAG(s) 'example_sla_dag' retrieved from /Users/bhavishyachallagolla/Desktop/RetailSense/.venv/lib/python3.12/site-packages/airflow/example_dags/example_sla_dag.py
[2026-07-17T23:55:09.724+0530] {logging_mixin.py:190} INFO - [2026-07-17T23:55:09.724+0530] {dag.py:3239} INFO - Sync 1 DAGs
[2026-07-17T23:55:09.730+0530] {logging_mixin.py:190} INFO - [2026-07-17T23:55:09.730+0530] {dag.py:4180} INFO - Setting next_dagrun for example_sla_dag to 2026-07-17 18:22:00+00:00, run_after=2026-07-17 18:24:00+00:00
[2026-07-17T23:55:09.734+0530] {processor.py:208} INFO - Processing /Users/bhavishyachallagolla/Desktop/RetailSense/.venv/lib/python3.12/site-packages/airflow/example_dags/example_sla_dag.py took 0.050 seconds
[2026-07-17T23:56:10.900+0530] {processor.py:186} INFO - Started process (PID=1183) to work on /Users/bhavishyachallagolla/Desktop/RetailSense/.venv/lib/python3.12/site-packages/airflow/example_dags/example_sla_dag.py
[2026-07-17T23:56:10.900+0530] {processor.py:914} INFO - Processing file /Users/bhavishyachallagolla/Desktop/RetailSense/.venv/lib/python3.12/site-packages/airflow/example_dags/example_sla_dag.py for tasks to queue
[2026-07-17T23:56:10.900+0530] {logging_mixin.py:190} INFO - [2026-07-17T23:56:10.900+0530] {dagbag.py:588} INFO - Filling up the DagBag from /Users/bhavishyachallagolla/Desktop/RetailSense/.venv/lib/python3.12/site-packages/airflow/example_dags/example_sla_dag.py
[2026-07-17T23:56:10.912+0530] {processor.py:925} INFO - DAG(s) 'example_sla_dag' retrieved from /Users/bhavishyachallagolla/Desktop/RetailSense/.venv/lib/python3.12/site-packages/airflow/example_dags/example_sla_dag.py
[2026-07-17T23:56:10.936+0530] {logging_mixin.py:190} INFO - [2026-07-17T23:56:10.936+0530] {dag.py:3239} INFO - Sync 1 DAGs
[2026-07-17T23:56:10.941+0530] {logging_mixin.py:190} INFO - [2026-07-17T23:56:10.941+0530] {dag.py:4180} INFO - Setting next_dagrun for example_sla_dag to 2026-07-17 18:24:00+00:00, run_after=2026-07-17 18:26:00+00:00
[2026-07-17T23:56:10.946+0530] {processor.py:208} INFO - Processing /Users/bhavishyachallagolla/Desktop/RetailSense/.venv/lib/python3.12/site-packages/airflow/example_dags/example_sla_dag.py took 0.047 seconds
