[2026-07-17T20:10:55.128+0530] {processor.py:186} INFO - Started process (PID=87357) to work on /Users/bhavishyachallagolla/Desktop/RetailSense/.venv/lib/python3.12/site-packages/airflow/example_dags/example_branch_day_of_week_operator.py
[2026-07-17T20:10:55.128+0530] {processor.py:914} INFO - Processing file /Users/bhavishyachallagolla/Desktop/RetailSense/.venv/lib/python3.12/site-packages/airflow/example_dags/example_branch_day_of_week_operator.py for tasks to queue
[2026-07-17T20:10:55.129+0530] {logging_mixin.py:190} INFO - [2026-07-17T20:10:55.129+0530] {dagbag.py:588} INFO - Filling up the DagBag from /Users/bhavishyachallagolla/Desktop/RetailSense/.venv/lib/python3.12/site-packages/airflow/example_dags/example_branch_day_of_week_operator.py
[2026-07-17T20:10:55.132+0530] {processor.py:925} INFO - DAG(s) 'example_weekday_branch_operator' retrieved from /Users/bhavishyachallagolla/Desktop/RetailSense/.venv/lib/python3.12/site-packages/airflow/example_dags/example_branch_day_of_week_operator.py
[2026-07-17T20:10:55.180+0530] {logging_mixin.py:190} INFO - [2026-07-17T20:10:55.180+0530] {dag.py:3239} INFO - Sync 1 DAGs
[2026-07-17T20:10:55.185+0530] {logging_mixin.py:190} INFO - [2026-07-17T20:10:55.185+0530] {dag.py:4180} INFO - Setting next_dagrun for example_weekday_branch_operator to 2026-07-16 00:00:00+00:00, run_after=2026-07-17 00:00:00+00:00
[2026-07-17T20:10:55.190+0530] {processor.py:208} INFO - Processing /Users/bhavishyachallagolla/Desktop/RetailSense/.venv/lib/python3.12/site-packages/airflow/example_dags/example_branch_day_of_week_operator.py took 0.063 seconds
[2026-07-17T20:12:35.104+0530] {processor.py:186} INFO - Started process (PID=87507) to work on /Users/bhavishyachallagolla/Desktop/RetailSense/.venv/lib/python3.12/site-packages/airflow/example_dags/example_branch_day_of_week_operator.py
[2026-07-17T20:12:35.105+0530] {processor.py:914} INFO - Processing file /Users/bhavishyachallagolla/Desktop/RetailSense/.venv/lib/python3.12/site-packages/airflow/example_dags/example_branch_day_of_week_operator.py for tasks to queue
[2026-07-17T20:12:35.105+0530] {logging_mixin.py:190} INFO - [2026-07-17T20:12:35.105+0530] {dagbag.py:588} INFO - Filling up the DagBag from /Users/bhavishyachallagolla/Desktop/RetailSense/.venv/lib/python3.12/site-packages/airflow/example_dags/example_branch_day_of_week_operator.py
[2026-07-17T20:12:35.108+0530] {processor.py:925} INFO - DAG(s) 'example_weekday_branch_operator' retrieved from /Users/bhavishyachallagolla/Desktop/RetailSense/.venv/lib/python3.12/site-packages/airflow/example_dags/example_branch_day_of_week_operator.py
[2026-07-17T20:12:35.133+0530] {logging_mixin.py:190} INFO - [2026-07-17T20:12:35.133+0530] {dag.py:3239} INFO - Sync 1 DAGs
[2026-07-17T20:12:35.138+0530] {logging_mixin.py:190} INFO - [2026-07-17T20:12:35.138+0530] {dag.py:4180} INFO - Setting next_dagrun for example_weekday_branch_operator to 2026-07-16 00:00:00+00:00, run_after=2026-07-17 00:00:00+00:00
[2026-07-17T20:12:35.143+0530] {processor.py:208} INFO - Processing /Users/bhavishyachallagolla/Desktop/RetailSense/.venv/lib/python3.12/site-packages/airflow/example_dags/example_branch_day_of_week_operator.py took 0.040 seconds
[2026-07-17T20:14:14.248+0530] {processor.py:186} INFO - Started process (PID=87660) to work on /Users/bhavishyachallagolla/Desktop/RetailSense/.venv/lib/python3.12/site-packages/airflow/example_dags/example_branch_day_of_week_operator.py
[2026-07-17T20:14:14.249+0530] {processor.py:914} INFO - Processing file /Users/bhavishyachallagolla/Desktop/RetailSense/.venv/lib/python3.12/site-packages/airflow/example_dags/example_branch_day_of_week_operator.py for tasks to queue
[2026-07-17T20:14:14.249+0530] {logging_mixin.py:190} INFO - [2026-07-17T20:14:14.249+0530] {dagbag.py:588} INFO - Filling up the DagBag from /Users/bhavishyachallagolla/Desktop/RetailSense/.venv/lib/python3.12/site-packages/airflow/example_dags/example_branch_day_of_week_operator.py
[2026-07-17T20:14:14.252+0530] {processor.py:925} INFO - DAG(s) 'example_weekday_branch_operator' retrieved from /Users/bhavishyachallagolla/Desktop/RetailSense/.venv/lib/python3.12/site-packages/airflow/example_dags/example_branch_day_of_week_operator.py
[2026-07-17T20:14:14.277+0530] {logging_mixin.py:190} INFO - [2026-07-17T20:14:14.277+0530] {dag.py:3239} INFO - Sync 1 DAGs
[2026-07-17T20:14:14.282+0530] {logging_mixin.py:190} INFO - [2026-07-17T20:14:14.282+0530] {dag.py:4180} INFO - Setting next_dagrun for example_weekday_branch_operator to 2026-07-16 00:00:00+00:00, run_after=2026-07-17 00:00:00+00:00
[2026-07-17T20:14:14.287+0530] {processor.py:208} INFO - Processing /Users/bhavishyachallagolla/Desktop/RetailSense/.venv/lib/python3.12/site-packages/airflow/example_dags/example_branch_day_of_week_operator.py took 0.040 seconds
[2026-07-17T20:15:54.983+0530] {processor.py:186} INFO - Started process (PID=87826) to work on /Users/bhavishyachallagolla/Desktop/RetailSense/.venv/lib/python3.12/site-packages/airflow/example_dags/example_branch_day_of_week_operator.py
[2026-07-17T20:15:54.985+0530] {processor.py:914} INFO - Processing file /Users/bhavishyachallagolla/Desktop/RetailSense/.venv/lib/python3.12/site-packages/airflow/example_dags/example_branch_day_of_week_operator.py for tasks to queue
[2026-07-17T20:15:54.985+0530] {logging_mixin.py:190} INFO - [2026-07-17T20:15:54.985+0530] {dagbag.py:588} INFO - Filling up the DagBag from /Users/bhavishyachallagolla/Desktop/RetailSense/.venv/lib/python3.12/site-packages/airflow/example_dags/example_branch_day_of_week_operator.py
[2026-07-17T20:15:54.989+0530] {processor.py:925} INFO - DAG(s) 'example_weekday_branch_operator' retrieved from /Users/bhavishyachallagolla/Desktop/RetailSense/.venv/lib/python3.12/site-packages/airflow/example_dags/example_branch_day_of_week_operator.py
[2026-07-17T20:15:55.015+0530] {logging_mixin.py:190} INFO - [2026-07-17T20:15:55.015+0530] {dag.py:3239} INFO - Sync 1 DAGs
[2026-07-17T20:15:55.020+0530] {logging_mixin.py:190} INFO - [2026-07-17T20:15:55.020+0530] {dag.py:4180} INFO - Setting next_dagrun for example_weekday_branch_operator to 2026-07-16 00:00:00+00:00, run_after=2026-07-17 00:00:00+00:00
[2026-07-17T20:15:55.025+0530] {processor.py:208} INFO - Processing /Users/bhavishyachallagolla/Desktop/RetailSense/.venv/lib/python3.12/site-packages/airflow/example_dags/example_branch_day_of_week_operator.py took 0.043 seconds
[2026-07-17T20:17:33.578+0530] {processor.py:186} INFO - Started process (PID=87973) to work on /Users/bhavishyachallagolla/Desktop/RetailSense/.venv/lib/python3.12/site-packages/airflow/example_dags/example_branch_day_of_week_operator.py
[2026-07-17T20:17:33.579+0530] {processor.py:914} INFO - Processing file /Users/bhavishyachallagolla/Desktop/RetailSense/.venv/lib/python3.12/site-packages/airflow/example_dags/example_branch_day_of_week_operator.py for tasks to queue
[2026-07-17T20:17:33.579+0530] {logging_mixin.py:190} INFO - [2026-07-17T20:17:33.579+0530] {dagbag.py:588} INFO - Filling up the DagBag from /Users/bhavishyachallagolla/Desktop/RetailSense/.venv/lib/python3.12/site-packages/airflow/example_dags/example_branch_day_of_week_operator.py
[2026-07-17T20:17:33.582+0530] {processor.py:925} INFO - DAG(s) 'example_weekday_branch_operator' retrieved from /Users/bhavishyachallagolla/Desktop/RetailSense/.venv/lib/python3.12/site-packages/airflow/example_dags/example_branch_day_of_week_operator.py
[2026-07-17T20:17:33.610+0530] {logging_mixin.py:190} INFO - [2026-07-17T20:17:33.610+0530] {dag.py:3239} INFO - Sync 1 DAGs
[2026-07-17T20:17:33.616+0530] {logging_mixin.py:190} INFO - [2026-07-17T20:17:33.616+0530] {dag.py:4180} INFO - Setting next_dagrun for example_weekday_branch_operator to 2026-07-16 00:00:00+00:00, run_after=2026-07-17 00:00:00+00:00
[2026-07-17T20:17:33.621+0530] {processor.py:208} INFO - Processing /Users/bhavishyachallagolla/Desktop/RetailSense/.venv/lib/python3.12/site-packages/airflow/example_dags/example_branch_day_of_week_operator.py took 0.044 seconds
[2026-07-17T20:19:14.652+0530] {processor.py:186} INFO - Started process (PID=88128) to work on /Users/bhavishyachallagolla/Desktop/RetailSense/.venv/lib/python3.12/site-packages/airflow/example_dags/example_branch_day_of_week_operator.py
[2026-07-17T20:19:14.652+0530] {processor.py:914} INFO - Processing file /Users/bhavishyachallagolla/Desktop/RetailSense/.venv/lib/python3.12/site-packages/airflow/example_dags/example_branch_day_of_week_operator.py for tasks to queue
[2026-07-17T20:19:14.652+0530] {logging_mixin.py:190} INFO - [2026-07-17T20:19:14.652+0530] {dagbag.py:588} INFO - Filling up the DagBag from /Users/bhavishyachallagolla/Desktop/RetailSense/.venv/lib/python3.12/site-packages/airflow/example_dags/example_branch_day_of_week_operator.py
[2026-07-17T20:19:14.656+0530] {processor.py:925} INFO - DAG(s) 'example_weekday_branch_operator' retrieved from /Users/bhavishyachallagolla/Desktop/RetailSense/.venv/lib/python3.12/site-packages/airflow/example_dags/example_branch_day_of_week_operator.py
[2026-07-17T20:19:14.682+0530] {logging_mixin.py:190} INFO - [2026-07-17T20:19:14.682+0530] {dag.py:3239} INFO - Sync 1 DAGs
[2026-07-17T20:19:14.687+0530] {logging_mixin.py:190} INFO - [2026-07-17T20:19:14.687+0530] {dag.py:4180} INFO - Setting next_dagrun for example_weekday_branch_operator to 2026-07-16 00:00:00+00:00, run_after=2026-07-17 00:00:00+00:00
[2026-07-17T20:19:14.692+0530] {processor.py:208} INFO - Processing /Users/bhavishyachallagolla/Desktop/RetailSense/.venv/lib/python3.12/site-packages/airflow/example_dags/example_branch_day_of_week_operator.py took 0.041 seconds
[2026-07-17T20:20:53.114+0530] {processor.py:186} INFO - Started process (PID=88294) to work on /Users/bhavishyachallagolla/Desktop/RetailSense/.venv/lib/python3.12/site-packages/airflow/example_dags/example_branch_day_of_week_operator.py
[2026-07-17T20:20:53.115+0530] {processor.py:914} INFO - Processing file /Users/bhavishyachallagolla/Desktop/RetailSense/.venv/lib/python3.12/site-packages/airflow/example_dags/example_branch_day_of_week_operator.py for tasks to queue
[2026-07-17T20:20:53.116+0530] {logging_mixin.py:190} INFO - [2026-07-17T20:20:53.116+0530] {dagbag.py:588} INFO - Filling up the DagBag from /Users/bhavishyachallagolla/Desktop/RetailSense/.venv/lib/python3.12/site-packages/airflow/example_dags/example_branch_day_of_week_operator.py
[2026-07-17T20:20:53.119+0530] {processor.py:925} INFO - DAG(s) 'example_weekday_branch_operator' retrieved from /Users/bhavishyachallagolla/Desktop/RetailSense/.venv/lib/python3.12/site-packages/airflow/example_dags/example_branch_day_of_week_operator.py
[2026-07-17T20:20:53.145+0530] {logging_mixin.py:190} INFO - [2026-07-17T20:20:53.145+0530] {dag.py:3239} INFO - Sync 1 DAGs
[2026-07-17T20:20:53.150+0530] {logging_mixin.py:190} INFO - [2026-07-17T20:20:53.150+0530] {dag.py:4180} INFO - Setting next_dagrun for example_weekday_branch_operator to 2026-07-16 00:00:00+00:00, run_after=2026-07-17 00:00:00+00:00
[2026-07-17T20:20:53.155+0530] {processor.py:208} INFO - Processing /Users/bhavishyachallagolla/Desktop/RetailSense/.venv/lib/python3.12/site-packages/airflow/example_dags/example_branch_day_of_week_operator.py took 0.042 seconds
[2026-07-17T20:22:34.112+0530] {processor.py:186} INFO - Started process (PID=88448) to work on /Users/bhavishyachallagolla/Desktop/RetailSense/.venv/lib/python3.12/site-packages/airflow/example_dags/example_branch_day_of_week_operator.py
[2026-07-17T20:22:34.113+0530] {processor.py:914} INFO - Processing file /Users/bhavishyachallagolla/Desktop/RetailSense/.venv/lib/python3.12/site-packages/airflow/example_dags/example_branch_day_of_week_operator.py for tasks to queue
[2026-07-17T20:22:34.114+0530] {logging_mixin.py:190} INFO - [2026-07-17T20:22:34.114+0530] {dagbag.py:588} INFO - Filling up the DagBag from /Users/bhavishyachallagolla/Desktop/RetailSense/.venv/lib/python3.12/site-packages/airflow/example_dags/example_branch_day_of_week_operator.py
[2026-07-17T20:22:34.117+0530] {processor.py:925} INFO - DAG(s) 'example_weekday_branch_operator' retrieved from /Users/bhavishyachallagolla/Desktop/RetailSense/.venv/lib/python3.12/site-packages/airflow/example_dags/example_branch_day_of_week_operator.py
[2026-07-17T20:22:34.142+0530] {logging_mixin.py:190} INFO - [2026-07-17T20:22:34.142+0530] {dag.py:3239} INFO - Sync 1 DAGs
[2026-07-17T20:22:34.147+0530] {logging_mixin.py:190} INFO - [2026-07-17T20:22:34.147+0530] {dag.py:4180} INFO - Setting next_dagrun for example_weekday_branch_operator to 2026-07-16 00:00:00+00:00, run_after=2026-07-17 00:00:00+00:00
[2026-07-17T20:22:34.152+0530] {processor.py:208} INFO - Processing /Users/bhavishyachallagolla/Desktop/RetailSense/.venv/lib/python3.12/site-packages/airflow/example_dags/example_branch_day_of_week_operator.py took 0.041 seconds
[2026-07-17T20:24:15.295+0530] {processor.py:186} INFO - Started process (PID=88605) to work on /Users/bhavishyachallagolla/Desktop/RetailSense/.venv/lib/python3.12/site-packages/airflow/example_dags/example_branch_day_of_week_operator.py
[2026-07-17T20:24:15.297+0530] {processor.py:914} INFO - Processing file /Users/bhavishyachallagolla/Desktop/RetailSense/.venv/lib/python3.12/site-packages/airflow/example_dags/example_branch_day_of_week_operator.py for tasks to queue
[2026-07-17T20:24:15.297+0530] {logging_mixin.py:190} INFO - [2026-07-17T20:24:15.297+0530] {dagbag.py:588} INFO - Filling up the DagBag from /Users/bhavishyachallagolla/Desktop/RetailSense/.venv/lib/python3.12/site-packages/airflow/example_dags/example_branch_day_of_week_operator.py
[2026-07-17T20:24:15.300+0530] {processor.py:925} INFO - DAG(s) 'example_weekday_branch_operator' retrieved from /Users/bhavishyachallagolla/Desktop/RetailSense/.venv/lib/python3.12/site-packages/airflow/example_dags/example_branch_day_of_week_operator.py
[2026-07-17T20:24:15.326+0530] {logging_mixin.py:190} INFO - [2026-07-17T20:24:15.326+0530] {dag.py:3239} INFO - Sync 1 DAGs
[2026-07-17T20:24:15.331+0530] {logging_mixin.py:190} INFO - [2026-07-17T20:24:15.331+0530] {dag.py:4180} INFO - Setting next_dagrun for example_weekday_branch_operator to 2026-07-16 00:00:00+00:00, run_after=2026-07-17 00:00:00+00:00
[2026-07-17T20:24:15.336+0530] {processor.py:208} INFO - Processing /Users/bhavishyachallagolla/Desktop/RetailSense/.venv/lib/python3.12/site-packages/airflow/example_dags/example_branch_day_of_week_operator.py took 0.041 seconds
[2026-07-17T20:25:56.133+0530] {processor.py:186} INFO - Started process (PID=88766) to work on /Users/bhavishyachallagolla/Desktop/RetailSense/.venv/lib/python3.12/site-packages/airflow/example_dags/example_branch_day_of_week_operator.py
[2026-07-17T20:25:56.135+0530] {processor.py:914} INFO - Processing file /Users/bhavishyachallagolla/Desktop/RetailSense/.venv/lib/python3.12/site-packages/airflow/example_dags/example_branch_day_of_week_operator.py for tasks to queue
[2026-07-17T20:25:56.135+0530] {logging_mixin.py:190} INFO - [2026-07-17T20:25:56.135+0530] {dagbag.py:588} INFO - Filling up the DagBag from /Users/bhavishyachallagolla/Desktop/RetailSense/.venv/lib/python3.12/site-packages/airflow/example_dags/example_branch_day_of_week_operator.py
[2026-07-17T20:25:56.138+0530] {processor.py:925} INFO - DAG(s) 'example_weekday_branch_operator' retrieved from /Users/bhavishyachallagolla/Desktop/RetailSense/.venv/lib/python3.12/site-packages/airflow/example_dags/example_branch_day_of_week_operator.py
[2026-07-17T20:25:56.163+0530] {logging_mixin.py:190} INFO - [2026-07-17T20:25:56.163+0530] {dag.py:3239} INFO - Sync 1 DAGs
[2026-07-17T20:25:56.168+0530] {logging_mixin.py:190} INFO - [2026-07-17T20:25:56.168+0530] {dag.py:4180} INFO - Setting next_dagrun for example_weekday_branch_operator to 2026-07-16 00:00:00+00:00, run_after=2026-07-17 00:00:00+00:00
[2026-07-17T20:25:56.173+0530] {processor.py:208} INFO - Processing /Users/bhavishyachallagolla/Desktop/RetailSense/.venv/lib/python3.12/site-packages/airflow/example_dags/example_branch_day_of_week_operator.py took 0.040 seconds
[2026-07-17T20:27:37.079+0530] {processor.py:186} INFO - Started process (PID=88922) to work on /Users/bhavishyachallagolla/Desktop/RetailSense/.venv/lib/python3.12/site-packages/airflow/example_dags/example_branch_day_of_week_operator.py
[2026-07-17T20:27:37.079+0530] {processor.py:914} INFO - Processing file /Users/bhavishyachallagolla/Desktop/RetailSense/.venv/lib/python3.12/site-packages/airflow/example_dags/example_branch_day_of_week_operator.py for tasks to queue
[2026-07-17T20:27:37.080+0530] {logging_mixin.py:190} INFO - [2026-07-17T20:27:37.080+0530] {dagbag.py:588} INFO - Filling up the DagBag from /Users/bhavishyachallagolla/Desktop/RetailSense/.venv/lib/python3.12/site-packages/airflow/example_dags/example_branch_day_of_week_operator.py
[2026-07-17T20:27:37.084+0530] {processor.py:925} INFO - DAG(s) 'example_weekday_branch_operator' retrieved from /Users/bhavishyachallagolla/Desktop/RetailSense/.venv/lib/python3.12/site-packages/airflow/example_dags/example_branch_day_of_week_operator.py
[2026-07-17T20:27:37.109+0530] {logging_mixin.py:190} INFO - [2026-07-17T20:27:37.109+0530] {dag.py:3239} INFO - Sync 1 DAGs
[2026-07-17T20:27:37.114+0530] {logging_mixin.py:190} INFO - [2026-07-17T20:27:37.114+0530] {dag.py:4180} INFO - Setting next_dagrun for example_weekday_branch_operator to 2026-07-16 00:00:00+00:00, run_after=2026-07-17 00:00:00+00:00
[2026-07-17T20:27:37.119+0530] {processor.py:208} INFO - Processing /Users/bhavishyachallagolla/Desktop/RetailSense/.venv/lib/python3.12/site-packages/airflow/example_dags/example_branch_day_of_week_operator.py took 0.041 seconds
[2026-07-17T20:29:13.646+0530] {processor.py:186} INFO - Started process (PID=89071) to work on /Users/bhavishyachallagolla/Desktop/RetailSense/.venv/lib/python3.12/site-packages/airflow/example_dags/example_branch_day_of_week_operator.py
[2026-07-17T20:29:13.647+0530] {processor.py:914} INFO - Processing file /Users/bhavishyachallagolla/Desktop/RetailSense/.venv/lib/python3.12/site-packages/airflow/example_dags/example_branch_day_of_week_operator.py for tasks to queue
[2026-07-17T20:29:13.647+0530] {logging_mixin.py:190} INFO - [2026-07-17T20:29:13.647+0530] {dagbag.py:588} INFO - Filling up the DagBag from /Users/bhavishyachallagolla/Desktop/RetailSense/.venv/lib/python3.12/site-packages/airflow/example_dags/example_branch_day_of_week_operator.py
[2026-07-17T20:29:13.650+0530] {processor.py:925} INFO - DAG(s) 'example_weekday_branch_operator' retrieved from /Users/bhavishyachallagolla/Desktop/RetailSense/.venv/lib/python3.12/site-packages/airflow/example_dags/example_branch_day_of_week_operator.py
[2026-07-17T20:29:13.675+0530] {logging_mixin.py:190} INFO - [2026-07-17T20:29:13.674+0530] {dag.py:3239} INFO - Sync 1 DAGs
[2026-07-17T20:29:13.680+0530] {logging_mixin.py:190} INFO - [2026-07-17T20:29:13.679+0530] {dag.py:4180} INFO - Setting next_dagrun for example_weekday_branch_operator to 2026-07-16 00:00:00+00:00, run_after=2026-07-17 00:00:00+00:00
[2026-07-17T20:29:13.684+0530] {processor.py:208} INFO - Processing /Users/bhavishyachallagolla/Desktop/RetailSense/.venv/lib/python3.12/site-packages/airflow/example_dags/example_branch_day_of_week_operator.py took 0.039 seconds
[2026-07-17T20:30:53.275+0530] {processor.py:186} INFO - Started process (PID=89228) to work on /Users/bhavishyachallagolla/Desktop/RetailSense/.venv/lib/python3.12/site-packages/airflow/example_dags/example_branch_day_of_week_operator.py
[2026-07-17T20:30:53.276+0530] {processor.py:914} INFO - Processing file /Users/bhavishyachallagolla/Desktop/RetailSense/.venv/lib/python3.12/site-packages/airflow/example_dags/example_branch_day_of_week_operator.py for tasks to queue
[2026-07-17T20:30:53.276+0530] {logging_mixin.py:190} INFO - [2026-07-17T20:30:53.276+0530] {dagbag.py:588} INFO - Filling up the DagBag from /Users/bhavishyachallagolla/Desktop/RetailSense/.venv/lib/python3.12/site-packages/airflow/example_dags/example_branch_day_of_week_operator.py
[2026-07-17T20:30:53.280+0530] {processor.py:925} INFO - DAG(s) 'example_weekday_branch_operator' retrieved from /Users/bhavishyachallagolla/Desktop/RetailSense/.venv/lib/python3.12/site-packages/airflow/example_dags/example_branch_day_of_week_operator.py
[2026-07-17T20:30:53.305+0530] {logging_mixin.py:190} INFO - [2026-07-17T20:30:53.305+0530] {dag.py:3239} INFO - Sync 1 DAGs
[2026-07-17T20:30:53.310+0530] {logging_mixin.py:190} INFO - [2026-07-17T20:30:53.310+0530] {dag.py:4180} INFO - Setting next_dagrun for example_weekday_branch_operator to 2026-07-16 00:00:00+00:00, run_after=2026-07-17 00:00:00+00:00
[2026-07-17T20:30:53.315+0530] {processor.py:208} INFO - Processing /Users/bhavishyachallagolla/Desktop/RetailSense/.venv/lib/python3.12/site-packages/airflow/example_dags/example_branch_day_of_week_operator.py took 0.041 seconds
[2026-07-17T20:32:34.059+0530] {processor.py:186} INFO - Started process (PID=89378) to work on /Users/bhavishyachallagolla/Desktop/RetailSense/.venv/lib/python3.12/site-packages/airflow/example_dags/example_branch_day_of_week_operator.py
[2026-07-17T20:32:34.060+0530] {processor.py:914} INFO - Processing file /Users/bhavishyachallagolla/Desktop/RetailSense/.venv/lib/python3.12/site-packages/airflow/example_dags/example_branch_day_of_week_operator.py for tasks to queue
[2026-07-17T20:32:34.060+0530] {logging_mixin.py:190} INFO - [2026-07-17T20:32:34.060+0530] {dagbag.py:588} INFO - Filling up the DagBag from /Users/bhavishyachallagolla/Desktop/RetailSense/.venv/lib/python3.12/site-packages/airflow/example_dags/example_branch_day_of_week_operator.py
[2026-07-17T20:32:34.063+0530] {processor.py:925} INFO - DAG(s) 'example_weekday_branch_operator' retrieved from /Users/bhavishyachallagolla/Desktop/RetailSense/.venv/lib/python3.12/site-packages/airflow/example_dags/example_branch_day_of_week_operator.py
[2026-07-17T20:32:34.088+0530] {logging_mixin.py:190} INFO - [2026-07-17T20:32:34.088+0530] {dag.py:3239} INFO - Sync 1 DAGs
[2026-07-17T20:32:34.093+0530] {logging_mixin.py:190} INFO - [2026-07-17T20:32:34.093+0530] {dag.py:4180} INFO - Setting next_dagrun for example_weekday_branch_operator to 2026-07-16 00:00:00+00:00, run_after=2026-07-17 00:00:00+00:00
[2026-07-17T20:32:34.098+0530] {processor.py:208} INFO - Processing /Users/bhavishyachallagolla/Desktop/RetailSense/.venv/lib/python3.12/site-packages/airflow/example_dags/example_branch_day_of_week_operator.py took 0.040 seconds
[2026-07-17T20:34:15.284+0530] {processor.py:186} INFO - Started process (PID=89528) to work on /Users/bhavishyachallagolla/Desktop/RetailSense/.venv/lib/python3.12/site-packages/airflow/example_dags/example_branch_day_of_week_operator.py
[2026-07-17T20:34:15.284+0530] {processor.py:914} INFO - Processing file /Users/bhavishyachallagolla/Desktop/RetailSense/.venv/lib/python3.12/site-packages/airflow/example_dags/example_branch_day_of_week_operator.py for tasks to queue
[2026-07-17T20:34:15.285+0530] {logging_mixin.py:190} INFO - [2026-07-17T20:34:15.285+0530] {dagbag.py:588} INFO - Filling up the DagBag from /Users/bhavishyachallagolla/Desktop/RetailSense/.venv/lib/python3.12/site-packages/airflow/example_dags/example_branch_day_of_week_operator.py
[2026-07-17T20:34:15.288+0530] {processor.py:925} INFO - DAG(s) 'example_weekday_branch_operator' retrieved from /Users/bhavishyachallagolla/Desktop/RetailSense/.venv/lib/python3.12/site-packages/airflow/example_dags/example_branch_day_of_week_operator.py
[2026-07-17T20:34:15.313+0530] {logging_mixin.py:190} INFO - [2026-07-17T20:34:15.313+0530] {dag.py:3239} INFO - Sync 1 DAGs
[2026-07-17T20:34:15.318+0530] {logging_mixin.py:190} INFO - [2026-07-17T20:34:15.318+0530] {dag.py:4180} INFO - Setting next_dagrun for example_weekday_branch_operator to 2026-07-16 00:00:00+00:00, run_after=2026-07-17 00:00:00+00:00
[2026-07-17T20:34:15.323+0530] {processor.py:208} INFO - Processing /Users/bhavishyachallagolla/Desktop/RetailSense/.venv/lib/python3.12/site-packages/airflow/example_dags/example_branch_day_of_week_operator.py took 0.040 seconds
[2026-07-17T20:35:55.751+0530] {processor.py:186} INFO - Started process (PID=89677) to work on /Users/bhavishyachallagolla/Desktop/RetailSense/.venv/lib/python3.12/site-packages/airflow/example_dags/example_branch_day_of_week_operator.py
[2026-07-17T20:35:55.751+0530] {processor.py:914} INFO - Processing file /Users/bhavishyachallagolla/Desktop/RetailSense/.venv/lib/python3.12/site-packages/airflow/example_dags/example_branch_day_of_week_operator.py for tasks to queue
[2026-07-17T20:35:55.751+0530] {logging_mixin.py:190} INFO - [2026-07-17T20:35:55.751+0530] {dagbag.py:588} INFO - Filling up the DagBag from /Users/bhavishyachallagolla/Desktop/RetailSense/.venv/lib/python3.12/site-packages/airflow/example_dags/example_branch_day_of_week_operator.py
[2026-07-17T20:35:55.754+0530] {processor.py:925} INFO - DAG(s) 'example_weekday_branch_operator' retrieved from /Users/bhavishyachallagolla/Desktop/RetailSense/.venv/lib/python3.12/site-packages/airflow/example_dags/example_branch_day_of_week_operator.py
[2026-07-17T20:35:55.779+0530] {logging_mixin.py:190} INFO - [2026-07-17T20:35:55.779+0530] {dag.py:3239} INFO - Sync 1 DAGs
[2026-07-17T20:35:55.784+0530] {logging_mixin.py:190} INFO - [2026-07-17T20:35:55.784+0530] {dag.py:4180} INFO - Setting next_dagrun for example_weekday_branch_operator to 2026-07-16 00:00:00+00:00, run_after=2026-07-17 00:00:00+00:00
[2026-07-17T20:35:55.788+0530] {processor.py:208} INFO - Processing /Users/bhavishyachallagolla/Desktop/RetailSense/.venv/lib/python3.12/site-packages/airflow/example_dags/example_branch_day_of_week_operator.py took 0.039 seconds
[2026-07-17T20:37:36.751+0530] {processor.py:186} INFO - Started process (PID=89829) to work on /Users/bhavishyachallagolla/Desktop/RetailSense/.venv/lib/python3.12/site-packages/airflow/example_dags/example_branch_day_of_week_operator.py
[2026-07-17T20:37:36.751+0530] {processor.py:914} INFO - Processing file /Users/bhavishyachallagolla/Desktop/RetailSense/.venv/lib/python3.12/site-packages/airflow/example_dags/example_branch_day_of_week_operator.py for tasks to queue
[2026-07-17T20:37:36.751+0530] {logging_mixin.py:190} INFO - [2026-07-17T20:37:36.751+0530] {dagbag.py:588} INFO - Filling up the DagBag from /Users/bhavishyachallagolla/Desktop/RetailSense/.venv/lib/python3.12/site-packages/airflow/example_dags/example_branch_day_of_week_operator.py
[2026-07-17T20:37:36.755+0530] {processor.py:925} INFO - DAG(s) 'example_weekday_branch_operator' retrieved from /Users/bhavishyachallagolla/Desktop/RetailSense/.venv/lib/python3.12/site-packages/airflow/example_dags/example_branch_day_of_week_operator.py
[2026-07-17T20:37:36.781+0530] {logging_mixin.py:190} INFO - [2026-07-17T20:37:36.781+0530] {dag.py:3239} INFO - Sync 1 DAGs
[2026-07-17T20:37:36.786+0530] {logging_mixin.py:190} INFO - [2026-07-17T20:37:36.786+0530] {dag.py:4180} INFO - Setting next_dagrun for example_weekday_branch_operator to 2026-07-16 00:00:00+00:00, run_after=2026-07-17 00:00:00+00:00
[2026-07-17T20:37:36.791+0530] {processor.py:208} INFO - Processing /Users/bhavishyachallagolla/Desktop/RetailSense/.venv/lib/python3.12/site-packages/airflow/example_dags/example_branch_day_of_week_operator.py took 0.042 seconds
[2026-07-17T20:39:18.614+0530] {processor.py:186} INFO - Started process (PID=89995) to work on /Users/bhavishyachallagolla/Desktop/RetailSense/.venv/lib/python3.12/site-packages/airflow/example_dags/example_branch_day_of_week_operator.py
[2026-07-17T20:39:18.615+0530] {processor.py:914} INFO - Processing file /Users/bhavishyachallagolla/Desktop/RetailSense/.venv/lib/python3.12/site-packages/airflow/example_dags/example_branch_day_of_week_operator.py for tasks to queue
[2026-07-17T20:39:18.615+0530] {logging_mixin.py:190} INFO - [2026-07-17T20:39:18.615+0530] {dagbag.py:588} INFO - Filling up the DagBag from /Users/bhavishyachallagolla/Desktop/RetailSense/.venv/lib/python3.12/site-packages/airflow/example_dags/example_branch_day_of_week_operator.py
[2026-07-17T20:39:18.619+0530] {processor.py:925} INFO - DAG(s) 'example_weekday_branch_operator' retrieved from /Users/bhavishyachallagolla/Desktop/RetailSense/.venv/lib/python3.12/site-packages/airflow/example_dags/example_branch_day_of_week_operator.py
[2026-07-17T20:39:18.645+0530] {logging_mixin.py:190} INFO - [2026-07-17T20:39:18.645+0530] {dag.py:3239} INFO - Sync 1 DAGs
[2026-07-17T20:39:18.650+0530] {logging_mixin.py:190} INFO - [2026-07-17T20:39:18.650+0530] {dag.py:4180} INFO - Setting next_dagrun for example_weekday_branch_operator to 2026-07-16 00:00:00+00:00, run_after=2026-07-17 00:00:00+00:00
[2026-07-17T20:39:18.655+0530] {processor.py:208} INFO - Processing /Users/bhavishyachallagolla/Desktop/RetailSense/.venv/lib/python3.12/site-packages/airflow/example_dags/example_branch_day_of_week_operator.py took 0.041 seconds
[2026-07-17T20:40:58.476+0530] {processor.py:186} INFO - Started process (PID=90245) to work on /Users/bhavishyachallagolla/Desktop/RetailSense/.venv/lib/python3.12/site-packages/airflow/example_dags/example_branch_day_of_week_operator.py
[2026-07-17T20:40:58.477+0530] {processor.py:914} INFO - Processing file /Users/bhavishyachallagolla/Desktop/RetailSense/.venv/lib/python3.12/site-packages/airflow/example_dags/example_branch_day_of_week_operator.py for tasks to queue
[2026-07-17T20:40:58.478+0530] {logging_mixin.py:190} INFO - [2026-07-17T20:40:58.478+0530] {dagbag.py:588} INFO - Filling up the DagBag from /Users/bhavishyachallagolla/Desktop/RetailSense/.venv/lib/python3.12/site-packages/airflow/example_dags/example_branch_day_of_week_operator.py
[2026-07-17T20:40:58.481+0530] {processor.py:925} INFO - DAG(s) 'example_weekday_branch_operator' retrieved from /Users/bhavishyachallagolla/Desktop/RetailSense/.venv/lib/python3.12/site-packages/airflow/example_dags/example_branch_day_of_week_operator.py
[2026-07-17T20:40:58.506+0530] {logging_mixin.py:190} INFO - [2026-07-17T20:40:58.506+0530] {dag.py:3239} INFO - Sync 1 DAGs
[2026-07-17T20:40:58.511+0530] {logging_mixin.py:190} INFO - [2026-07-17T20:40:58.511+0530] {dag.py:4180} INFO - Setting next_dagrun for example_weekday_branch_operator to 2026-07-16 00:00:00+00:00, run_after=2026-07-17 00:00:00+00:00
[2026-07-17T20:40:58.516+0530] {processor.py:208} INFO - Processing /Users/bhavishyachallagolla/Desktop/RetailSense/.venv/lib/python3.12/site-packages/airflow/example_dags/example_branch_day_of_week_operator.py took 0.041 seconds
[2026-07-17T20:42:38.537+0530] {processor.py:186} INFO - Started process (PID=90412) to work on /Users/bhavishyachallagolla/Desktop/RetailSense/.venv/lib/python3.12/site-packages/airflow/example_dags/example_branch_day_of_week_operator.py
[2026-07-17T20:42:38.538+0530] {processor.py:914} INFO - Processing file /Users/bhavishyachallagolla/Desktop/RetailSense/.venv/lib/python3.12/site-packages/airflow/example_dags/example_branch_day_of_week_operator.py for tasks to queue
[2026-07-17T20:42:38.538+0530] {logging_mixin.py:190} INFO - [2026-07-17T20:42:38.538+0530] {dagbag.py:588} INFO - Filling up the DagBag from /Users/bhavishyachallagolla/Desktop/RetailSense/.venv/lib/python3.12/site-packages/airflow/example_dags/example_branch_day_of_week_operator.py
[2026-07-17T20:42:38.541+0530] {processor.py:925} INFO - DAG(s) 'example_weekday_branch_operator' retrieved from /Users/bhavishyachallagolla/Desktop/RetailSense/.venv/lib/python3.12/site-packages/airflow/example_dags/example_branch_day_of_week_operator.py
[2026-07-17T20:42:38.567+0530] {logging_mixin.py:190} INFO - [2026-07-17T20:42:38.567+0530] {dag.py:3239} INFO - Sync 1 DAGs
[2026-07-17T20:42:38.572+0530] {logging_mixin.py:190} INFO - [2026-07-17T20:42:38.572+0530] {dag.py:4180} INFO - Setting next_dagrun for example_weekday_branch_operator to 2026-07-16 00:00:00+00:00, run_after=2026-07-17 00:00:00+00:00
[2026-07-17T20:42:38.576+0530] {processor.py:208} INFO - Processing /Users/bhavishyachallagolla/Desktop/RetailSense/.venv/lib/python3.12/site-packages/airflow/example_dags/example_branch_day_of_week_operator.py took 0.041 seconds
[2026-07-17T20:44:18.622+0530] {processor.py:186} INFO - Started process (PID=90560) to work on /Users/bhavishyachallagolla/Desktop/RetailSense/.venv/lib/python3.12/site-packages/airflow/example_dags/example_branch_day_of_week_operator.py
[2026-07-17T20:44:18.623+0530] {processor.py:914} INFO - Processing file /Users/bhavishyachallagolla/Desktop/RetailSense/.venv/lib/python3.12/site-packages/airflow/example_dags/example_branch_day_of_week_operator.py for tasks to queue
[2026-07-17T20:44:18.623+0530] {logging_mixin.py:190} INFO - [2026-07-17T20:44:18.623+0530] {dagbag.py:588} INFO - Filling up the DagBag from /Users/bhavishyachallagolla/Desktop/RetailSense/.venv/lib/python3.12/site-packages/airflow/example_dags/example_branch_day_of_week_operator.py
[2026-07-17T20:44:18.627+0530] {processor.py:925} INFO - DAG(s) 'example_weekday_branch_operator' retrieved from /Users/bhavishyachallagolla/Desktop/RetailSense/.venv/lib/python3.12/site-packages/airflow/example_dags/example_branch_day_of_week_operator.py
[2026-07-17T20:44:18.652+0530] {logging_mixin.py:190} INFO - [2026-07-17T20:44:18.651+0530] {dag.py:3239} INFO - Sync 1 DAGs
[2026-07-17T20:44:18.657+0530] {logging_mixin.py:190} INFO - [2026-07-17T20:44:18.656+0530] {dag.py:4180} INFO - Setting next_dagrun for example_weekday_branch_operator to 2026-07-16 00:00:00+00:00, run_after=2026-07-17 00:00:00+00:00
[2026-07-17T20:44:18.661+0530] {processor.py:208} INFO - Processing /Users/bhavishyachallagolla/Desktop/RetailSense/.venv/lib/python3.12/site-packages/airflow/example_dags/example_branch_day_of_week_operator.py took 0.040 seconds
[2026-07-17T20:45:58.942+0530] {processor.py:186} INFO - Started process (PID=90720) to work on /Users/bhavishyachallagolla/Desktop/RetailSense/.venv/lib/python3.12/site-packages/airflow/example_dags/example_branch_day_of_week_operator.py
[2026-07-17T20:45:58.942+0530] {processor.py:914} INFO - Processing file /Users/bhavishyachallagolla/Desktop/RetailSense/.venv/lib/python3.12/site-packages/airflow/example_dags/example_branch_day_of_week_operator.py for tasks to queue
[2026-07-17T20:45:58.943+0530] {logging_mixin.py:190} INFO - [2026-07-17T20:45:58.943+0530] {dagbag.py:588} INFO - Filling up the DagBag from /Users/bhavishyachallagolla/Desktop/RetailSense/.venv/lib/python3.12/site-packages/airflow/example_dags/example_branch_day_of_week_operator.py
[2026-07-17T20:45:58.946+0530] {processor.py:925} INFO - DAG(s) 'example_weekday_branch_operator' retrieved from /Users/bhavishyachallagolla/Desktop/RetailSense/.venv/lib/python3.12/site-packages/airflow/example_dags/example_branch_day_of_week_operator.py
[2026-07-17T20:45:58.971+0530] {logging_mixin.py:190} INFO - [2026-07-17T20:45:58.971+0530] {dag.py:3239} INFO - Sync 1 DAGs
[2026-07-17T20:45:58.976+0530] {logging_mixin.py:190} INFO - [2026-07-17T20:45:58.976+0530] {dag.py:4180} INFO - Setting next_dagrun for example_weekday_branch_operator to 2026-07-16 00:00:00+00:00, run_after=2026-07-17 00:00:00+00:00
[2026-07-17T20:45:58.981+0530] {processor.py:208} INFO - Processing /Users/bhavishyachallagolla/Desktop/RetailSense/.venv/lib/python3.12/site-packages/airflow/example_dags/example_branch_day_of_week_operator.py took 0.040 seconds
[2026-07-17T20:47:39.790+0530] {processor.py:186} INFO - Started process (PID=90870) to work on /Users/bhavishyachallagolla/Desktop/RetailSense/.venv/lib/python3.12/site-packages/airflow/example_dags/example_branch_day_of_week_operator.py
[2026-07-17T20:47:39.791+0530] {processor.py:914} INFO - Processing file /Users/bhavishyachallagolla/Desktop/RetailSense/.venv/lib/python3.12/site-packages/airflow/example_dags/example_branch_day_of_week_operator.py for tasks to queue
[2026-07-17T20:47:39.792+0530] {logging_mixin.py:190} INFO - [2026-07-17T20:47:39.792+0530] {dagbag.py:588} INFO - Filling up the DagBag from /Users/bhavishyachallagolla/Desktop/RetailSense/.venv/lib/python3.12/site-packages/airflow/example_dags/example_branch_day_of_week_operator.py
[2026-07-17T20:47:39.795+0530] {processor.py:925} INFO - DAG(s) 'example_weekday_branch_operator' retrieved from /Users/bhavishyachallagolla/Desktop/RetailSense/.venv/lib/python3.12/site-packages/airflow/example_dags/example_branch_day_of_week_operator.py
[2026-07-17T20:47:39.820+0530] {logging_mixin.py:190} INFO - [2026-07-17T20:47:39.820+0530] {dag.py:3239} INFO - Sync 1 DAGs
[2026-07-17T20:47:39.825+0530] {logging_mixin.py:190} INFO - [2026-07-17T20:47:39.825+0530] {dag.py:4180} INFO - Setting next_dagrun for example_weekday_branch_operator to 2026-07-16 00:00:00+00:00, run_after=2026-07-17 00:00:00+00:00
[2026-07-17T20:47:39.830+0530] {processor.py:208} INFO - Processing /Users/bhavishyachallagolla/Desktop/RetailSense/.venv/lib/python3.12/site-packages/airflow/example_dags/example_branch_day_of_week_operator.py took 0.040 seconds
[2026-07-17T20:49:20.069+0530] {processor.py:186} INFO - Started process (PID=91036) to work on /Users/bhavishyachallagolla/Desktop/RetailSense/.venv/lib/python3.12/site-packages/airflow/example_dags/example_branch_day_of_week_operator.py
[2026-07-17T20:49:20.070+0530] {processor.py:914} INFO - Processing file /Users/bhavishyachallagolla/Desktop/RetailSense/.venv/lib/python3.12/site-packages/airflow/example_dags/example_branch_day_of_week_operator.py for tasks to queue
[2026-07-17T20:49:20.070+0530] {logging_mixin.py:190} INFO - [2026-07-17T20:49:20.070+0530] {dagbag.py:588} INFO - Filling up the DagBag from /Users/bhavishyachallagolla/Desktop/RetailSense/.venv/lib/python3.12/site-packages/airflow/example_dags/example_branch_day_of_week_operator.py
[2026-07-17T20:49:20.074+0530] {processor.py:925} INFO - DAG(s) 'example_weekday_branch_operator' retrieved from /Users/bhavishyachallagolla/Desktop/RetailSense/.venv/lib/python3.12/site-packages/airflow/example_dags/example_branch_day_of_week_operator.py
[2026-07-17T20:49:20.098+0530] {logging_mixin.py:190} INFO - [2026-07-17T20:49:20.098+0530] {dag.py:3239} INFO - Sync 1 DAGs
[2026-07-17T20:49:20.103+0530] {logging_mixin.py:190} INFO - [2026-07-17T20:49:20.103+0530] {dag.py:4180} INFO - Setting next_dagrun for example_weekday_branch_operator to 2026-07-16 00:00:00+00:00, run_after=2026-07-17 00:00:00+00:00
[2026-07-17T20:49:20.108+0530] {processor.py:208} INFO - Processing /Users/bhavishyachallagolla/Desktop/RetailSense/.venv/lib/python3.12/site-packages/airflow/example_dags/example_branch_day_of_week_operator.py took 0.040 seconds
[2026-07-17T20:50:57.217+0530] {processor.py:186} INFO - Started process (PID=91189) to work on /Users/bhavishyachallagolla/Desktop/RetailSense/.venv/lib/python3.12/site-packages/airflow/example_dags/example_branch_day_of_week_operator.py
[2026-07-17T20:50:57.217+0530] {processor.py:914} INFO - Processing file /Users/bhavishyachallagolla/Desktop/RetailSense/.venv/lib/python3.12/site-packages/airflow/example_dags/example_branch_day_of_week_operator.py for tasks to queue
[2026-07-17T20:50:57.218+0530] {logging_mixin.py:190} INFO - [2026-07-17T20:50:57.218+0530] {dagbag.py:588} INFO - Filling up the DagBag from /Users/bhavishyachallagolla/Desktop/RetailSense/.venv/lib/python3.12/site-packages/airflow/example_dags/example_branch_day_of_week_operator.py
[2026-07-17T20:50:57.221+0530] {processor.py:925} INFO - DAG(s) 'example_weekday_branch_operator' retrieved from /Users/bhavishyachallagolla/Desktop/RetailSense/.venv/lib/python3.12/site-packages/airflow/example_dags/example_branch_day_of_week_operator.py
[2026-07-17T20:50:57.246+0530] {logging_mixin.py:190} INFO - [2026-07-17T20:50:57.246+0530] {dag.py:3239} INFO - Sync 1 DAGs
[2026-07-17T20:50:57.251+0530] {logging_mixin.py:190} INFO - [2026-07-17T20:50:57.251+0530] {dag.py:4180} INFO - Setting next_dagrun for example_weekday_branch_operator to 2026-07-16 00:00:00+00:00, run_after=2026-07-17 00:00:00+00:00
[2026-07-17T20:50:57.256+0530] {processor.py:208} INFO - Processing /Users/bhavishyachallagolla/Desktop/RetailSense/.venv/lib/python3.12/site-packages/airflow/example_dags/example_branch_day_of_week_operator.py took 0.040 seconds
[2026-07-17T20:52:40.324+0530] {processor.py:186} INFO - Started process (PID=91343) to work on /Users/bhavishyachallagolla/Desktop/RetailSense/.venv/lib/python3.12/site-packages/airflow/example_dags/example_branch_day_of_week_operator.py
[2026-07-17T20:52:40.325+0530] {processor.py:914} INFO - Processing file /Users/bhavishyachallagolla/Desktop/RetailSense/.venv/lib/python3.12/site-packages/airflow/example_dags/example_branch_day_of_week_operator.py for tasks to queue
[2026-07-17T20:52:40.325+0530] {logging_mixin.py:190} INFO - [2026-07-17T20:52:40.325+0530] {dagbag.py:588} INFO - Filling up the DagBag from /Users/bhavishyachallagolla/Desktop/RetailSense/.venv/lib/python3.12/site-packages/airflow/example_dags/example_branch_day_of_week_operator.py
[2026-07-17T20:52:40.329+0530] {processor.py:925} INFO - DAG(s) 'example_weekday_branch_operator' retrieved from /Users/bhavishyachallagolla/Desktop/RetailSense/.venv/lib/python3.12/site-packages/airflow/example_dags/example_branch_day_of_week_operator.py
[2026-07-17T20:52:40.353+0530] {logging_mixin.py:190} INFO - [2026-07-17T20:52:40.353+0530] {dag.py:3239} INFO - Sync 1 DAGs
[2026-07-17T20:52:40.358+0530] {logging_mixin.py:190} INFO - [2026-07-17T20:52:40.358+0530] {dag.py:4180} INFO - Setting next_dagrun for example_weekday_branch_operator to 2026-07-16 00:00:00+00:00, run_after=2026-07-17 00:00:00+00:00
[2026-07-17T20:52:40.363+0530] {processor.py:208} INFO - Processing /Users/bhavishyachallagolla/Desktop/RetailSense/.venv/lib/python3.12/site-packages/airflow/example_dags/example_branch_day_of_week_operator.py took 0.040 seconds
[2026-07-17T20:54:21.980+0530] {processor.py:186} INFO - Started process (PID=91495) to work on /Users/bhavishyachallagolla/Desktop/RetailSense/.venv/lib/python3.12/site-packages/airflow/example_dags/example_branch_day_of_week_operator.py
[2026-07-17T20:54:21.981+0530] {processor.py:914} INFO - Processing file /Users/bhavishyachallagolla/Desktop/RetailSense/.venv/lib/python3.12/site-packages/airflow/example_dags/example_branch_day_of_week_operator.py for tasks to queue
[2026-07-17T20:54:21.981+0530] {logging_mixin.py:190} INFO - [2026-07-17T20:54:21.981+0530] {dagbag.py:588} INFO - Filling up the DagBag from /Users/bhavishyachallagolla/Desktop/RetailSense/.venv/lib/python3.12/site-packages/airflow/example_dags/example_branch_day_of_week_operator.py
[2026-07-17T20:54:21.985+0530] {processor.py:925} INFO - DAG(s) 'example_weekday_branch_operator' retrieved from /Users/bhavishyachallagolla/Desktop/RetailSense/.venv/lib/python3.12/site-packages/airflow/example_dags/example_branch_day_of_week_operator.py
[2026-07-17T20:54:22.010+0530] {logging_mixin.py:190} INFO - [2026-07-17T20:54:22.009+0530] {dag.py:3239} INFO - Sync 1 DAGs
[2026-07-17T20:54:22.014+0530] {logging_mixin.py:190} INFO - [2026-07-17T20:54:22.014+0530] {dag.py:4180} INFO - Setting next_dagrun for example_weekday_branch_operator to 2026-07-16 00:00:00+00:00, run_after=2026-07-17 00:00:00+00:00
[2026-07-17T20:54:22.019+0530] {processor.py:208} INFO - Processing /Users/bhavishyachallagolla/Desktop/RetailSense/.venv/lib/python3.12/site-packages/airflow/example_dags/example_branch_day_of_week_operator.py took 0.040 seconds
[2026-07-17T20:56:01.827+0530] {processor.py:186} INFO - Started process (PID=91659) to work on /Users/bhavishyachallagolla/Desktop/RetailSense/.venv/lib/python3.12/site-packages/airflow/example_dags/example_branch_day_of_week_operator.py
[2026-07-17T20:56:01.828+0530] {processor.py:914} INFO - Processing file /Users/bhavishyachallagolla/Desktop/RetailSense/.venv/lib/python3.12/site-packages/airflow/example_dags/example_branch_day_of_week_operator.py for tasks to queue
[2026-07-17T20:56:01.828+0530] {logging_mixin.py:190} INFO - [2026-07-17T20:56:01.828+0530] {dagbag.py:588} INFO - Filling up the DagBag from /Users/bhavishyachallagolla/Desktop/RetailSense/.venv/lib/python3.12/site-packages/airflow/example_dags/example_branch_day_of_week_operator.py
[2026-07-17T20:56:01.832+0530] {processor.py:925} INFO - DAG(s) 'example_weekday_branch_operator' retrieved from /Users/bhavishyachallagolla/Desktop/RetailSense/.venv/lib/python3.12/site-packages/airflow/example_dags/example_branch_day_of_week_operator.py
[2026-07-17T20:56:01.856+0530] {logging_mixin.py:190} INFO - [2026-07-17T20:56:01.856+0530] {dag.py:3239} INFO - Sync 1 DAGs
[2026-07-17T20:56:01.861+0530] {logging_mixin.py:190} INFO - [2026-07-17T20:56:01.861+0530] {dag.py:4180} INFO - Setting next_dagrun for example_weekday_branch_operator to 2026-07-16 00:00:00+00:00, run_after=2026-07-17 00:00:00+00:00
[2026-07-17T20:56:01.865+0530] {processor.py:208} INFO - Processing /Users/bhavishyachallagolla/Desktop/RetailSense/.venv/lib/python3.12/site-packages/airflow/example_dags/example_branch_day_of_week_operator.py took 0.040 seconds
[2026-07-17T20:57:41.125+0530] {processor.py:186} INFO - Started process (PID=91806) to work on /Users/bhavishyachallagolla/Desktop/RetailSense/.venv/lib/python3.12/site-packages/airflow/example_dags/example_branch_day_of_week_operator.py
[2026-07-17T20:57:41.125+0530] {processor.py:914} INFO - Processing file /Users/bhavishyachallagolla/Desktop/RetailSense/.venv/lib/python3.12/site-packages/airflow/example_dags/example_branch_day_of_week_operator.py for tasks to queue
[2026-07-17T20:57:41.126+0530] {logging_mixin.py:190} INFO - [2026-07-17T20:57:41.125+0530] {dagbag.py:588} INFO - Filling up the DagBag from /Users/bhavishyachallagolla/Desktop/RetailSense/.venv/lib/python3.12/site-packages/airflow/example_dags/example_branch_day_of_week_operator.py
[2026-07-17T20:57:41.130+0530] {processor.py:925} INFO - DAG(s) 'example_weekday_branch_operator' retrieved from /Users/bhavishyachallagolla/Desktop/RetailSense/.venv/lib/python3.12/site-packages/airflow/example_dags/example_branch_day_of_week_operator.py
[2026-07-17T20:57:41.155+0530] {logging_mixin.py:190} INFO - [2026-07-17T20:57:41.155+0530] {dag.py:3239} INFO - Sync 1 DAGs
[2026-07-17T20:57:41.160+0530] {logging_mixin.py:190} INFO - [2026-07-17T20:57:41.160+0530] {dag.py:4180} INFO - Setting next_dagrun for example_weekday_branch_operator to 2026-07-16 00:00:00+00:00, run_after=2026-07-17 00:00:00+00:00
[2026-07-17T20:57:41.165+0530] {processor.py:208} INFO - Processing /Users/bhavishyachallagolla/Desktop/RetailSense/.venv/lib/python3.12/site-packages/airflow/example_dags/example_branch_day_of_week_operator.py took 0.041 seconds
[2026-07-17T20:59:21.006+0530] {processor.py:186} INFO - Started process (PID=91954) to work on /Users/bhavishyachallagolla/Desktop/RetailSense/.venv/lib/python3.12/site-packages/airflow/example_dags/example_branch_day_of_week_operator.py
[2026-07-17T20:59:21.006+0530] {processor.py:914} INFO - Processing file /Users/bhavishyachallagolla/Desktop/RetailSense/.venv/lib/python3.12/site-packages/airflow/example_dags/example_branch_day_of_week_operator.py for tasks to queue
[2026-07-17T20:59:21.006+0530] {logging_mixin.py:190} INFO - [2026-07-17T20:59:21.006+0530] {dagbag.py:588} INFO - Filling up the DagBag from /Users/bhavishyachallagolla/Desktop/RetailSense/.venv/lib/python3.12/site-packages/airflow/example_dags/example_branch_day_of_week_operator.py
[2026-07-17T20:59:21.009+0530] {processor.py:925} INFO - DAG(s) 'example_weekday_branch_operator' retrieved from /Users/bhavishyachallagolla/Desktop/RetailSense/.venv/lib/python3.12/site-packages/airflow/example_dags/example_branch_day_of_week_operator.py
[2026-07-17T20:59:21.034+0530] {logging_mixin.py:190} INFO - [2026-07-17T20:59:21.034+0530] {dag.py:3239} INFO - Sync 1 DAGs
[2026-07-17T20:59:21.039+0530] {logging_mixin.py:190} INFO - [2026-07-17T20:59:21.039+0530] {dag.py:4180} INFO - Setting next_dagrun for example_weekday_branch_operator to 2026-07-16 00:00:00+00:00, run_after=2026-07-17 00:00:00+00:00
[2026-07-17T20:59:21.044+0530] {processor.py:208} INFO - Processing /Users/bhavishyachallagolla/Desktop/RetailSense/.venv/lib/python3.12/site-packages/airflow/example_dags/example_branch_day_of_week_operator.py took 0.039 seconds
[2026-07-17T22:23:18.352+0530] {processor.py:186} INFO - Started process (PID=92181) to work on /Users/bhavishyachallagolla/Desktop/RetailSense/.venv/lib/python3.12/site-packages/airflow/example_dags/example_branch_day_of_week_operator.py
[2026-07-17T22:23:18.354+0530] {processor.py:914} INFO - Processing file /Users/bhavishyachallagolla/Desktop/RetailSense/.venv/lib/python3.12/site-packages/airflow/example_dags/example_branch_day_of_week_operator.py for tasks to queue
[2026-07-17T22:23:18.354+0530] {logging_mixin.py:190} INFO - [2026-07-17T22:23:18.354+0530] {dagbag.py:588} INFO - Filling up the DagBag from /Users/bhavishyachallagolla/Desktop/RetailSense/.venv/lib/python3.12/site-packages/airflow/example_dags/example_branch_day_of_week_operator.py
[2026-07-17T22:23:18.357+0530] {processor.py:925} INFO - DAG(s) 'example_weekday_branch_operator' retrieved from /Users/bhavishyachallagolla/Desktop/RetailSense/.venv/lib/python3.12/site-packages/airflow/example_dags/example_branch_day_of_week_operator.py
[2026-07-17T22:23:18.382+0530] {logging_mixin.py:190} INFO - [2026-07-17T22:23:18.382+0530] {dag.py:3239} INFO - Sync 1 DAGs
[2026-07-17T22:23:18.387+0530] {logging_mixin.py:190} INFO - [2026-07-17T22:23:18.387+0530] {dag.py:4180} INFO - Setting next_dagrun for example_weekday_branch_operator to 2026-07-16 00:00:00+00:00, run_after=2026-07-17 00:00:00+00:00
[2026-07-17T22:23:18.391+0530] {processor.py:208} INFO - Processing /Users/bhavishyachallagolla/Desktop/RetailSense/.venv/lib/python3.12/site-packages/airflow/example_dags/example_branch_day_of_week_operator.py took 0.040 seconds
[2026-07-17T22:24:58.530+0530] {processor.py:186} INFO - Started process (PID=92333) to work on /Users/bhavishyachallagolla/Desktop/RetailSense/.venv/lib/python3.12/site-packages/airflow/example_dags/example_branch_day_of_week_operator.py
[2026-07-17T22:24:58.531+0530] {processor.py:914} INFO - Processing file /Users/bhavishyachallagolla/Desktop/RetailSense/.venv/lib/python3.12/site-packages/airflow/example_dags/example_branch_day_of_week_operator.py for tasks to queue
[2026-07-17T22:24:58.532+0530] {logging_mixin.py:190} INFO - [2026-07-17T22:24:58.531+0530] {dagbag.py:588} INFO - Filling up the DagBag from /Users/bhavishyachallagolla/Desktop/RetailSense/.venv/lib/python3.12/site-packages/airflow/example_dags/example_branch_day_of_week_operator.py
[2026-07-17T22:24:58.535+0530] {processor.py:925} INFO - DAG(s) 'example_weekday_branch_operator' retrieved from /Users/bhavishyachallagolla/Desktop/RetailSense/.venv/lib/python3.12/site-packages/airflow/example_dags/example_branch_day_of_week_operator.py
[2026-07-17T22:24:58.559+0530] {logging_mixin.py:190} INFO - [2026-07-17T22:24:58.559+0530] {dag.py:3239} INFO - Sync 1 DAGs
[2026-07-17T22:24:58.564+0530] {logging_mixin.py:190} INFO - [2026-07-17T22:24:58.564+0530] {dag.py:4180} INFO - Setting next_dagrun for example_weekday_branch_operator to 2026-07-16 00:00:00+00:00, run_after=2026-07-17 00:00:00+00:00
[2026-07-17T22:24:58.569+0530] {processor.py:208} INFO - Processing /Users/bhavishyachallagolla/Desktop/RetailSense/.venv/lib/python3.12/site-packages/airflow/example_dags/example_branch_day_of_week_operator.py took 0.040 seconds
[2026-07-17T22:26:38.273+0530] {processor.py:186} INFO - Started process (PID=92483) to work on /Users/bhavishyachallagolla/Desktop/RetailSense/.venv/lib/python3.12/site-packages/airflow/example_dags/example_branch_day_of_week_operator.py
[2026-07-17T22:26:38.275+0530] {processor.py:914} INFO - Processing file /Users/bhavishyachallagolla/Desktop/RetailSense/.venv/lib/python3.12/site-packages/airflow/example_dags/example_branch_day_of_week_operator.py for tasks to queue
[2026-07-17T22:26:38.275+0530] {logging_mixin.py:190} INFO - [2026-07-17T22:26:38.275+0530] {dagbag.py:588} INFO - Filling up the DagBag from /Users/bhavishyachallagolla/Desktop/RetailSense/.venv/lib/python3.12/site-packages/airflow/example_dags/example_branch_day_of_week_operator.py
[2026-07-17T22:26:38.278+0530] {processor.py:925} INFO - DAG(s) 'example_weekday_branch_operator' retrieved from /Users/bhavishyachallagolla/Desktop/RetailSense/.venv/lib/python3.12/site-packages/airflow/example_dags/example_branch_day_of_week_operator.py
[2026-07-17T22:26:38.303+0530] {logging_mixin.py:190} INFO - [2026-07-17T22:26:38.303+0530] {dag.py:3239} INFO - Sync 1 DAGs
[2026-07-17T22:26:38.308+0530] {logging_mixin.py:190} INFO - [2026-07-17T22:26:38.308+0530] {dag.py:4180} INFO - Setting next_dagrun for example_weekday_branch_operator to 2026-07-16 00:00:00+00:00, run_after=2026-07-17 00:00:00+00:00
[2026-07-17T22:26:38.312+0530] {processor.py:208} INFO - Processing /Users/bhavishyachallagolla/Desktop/RetailSense/.venv/lib/python3.12/site-packages/airflow/example_dags/example_branch_day_of_week_operator.py took 0.040 seconds
[2026-07-17T22:28:18.960+0530] {processor.py:186} INFO - Started process (PID=92633) to work on /Users/bhavishyachallagolla/Desktop/RetailSense/.venv/lib/python3.12/site-packages/airflow/example_dags/example_branch_day_of_week_operator.py
[2026-07-17T22:28:18.961+0530] {processor.py:914} INFO - Processing file /Users/bhavishyachallagolla/Desktop/RetailSense/.venv/lib/python3.12/site-packages/airflow/example_dags/example_branch_day_of_week_operator.py for tasks to queue
[2026-07-17T22:28:18.961+0530] {logging_mixin.py:190} INFO - [2026-07-17T22:28:18.961+0530] {dagbag.py:588} INFO - Filling up the DagBag from /Users/bhavishyachallagolla/Desktop/RetailSense/.venv/lib/python3.12/site-packages/airflow/example_dags/example_branch_day_of_week_operator.py
[2026-07-17T22:28:18.964+0530] {processor.py:925} INFO - DAG(s) 'example_weekday_branch_operator' retrieved from /Users/bhavishyachallagolla/Desktop/RetailSense/.venv/lib/python3.12/site-packages/airflow/example_dags/example_branch_day_of_week_operator.py
[2026-07-17T22:28:18.990+0530] {logging_mixin.py:190} INFO - [2026-07-17T22:28:18.989+0530] {dag.py:3239} INFO - Sync 1 DAGs
[2026-07-17T22:28:18.995+0530] {logging_mixin.py:190} INFO - [2026-07-17T22:28:18.995+0530] {dag.py:4180} INFO - Setting next_dagrun for example_weekday_branch_operator to 2026-07-16 00:00:00+00:00, run_after=2026-07-17 00:00:00+00:00
[2026-07-17T22:28:18.999+0530] {processor.py:208} INFO - Processing /Users/bhavishyachallagolla/Desktop/RetailSense/.venv/lib/python3.12/site-packages/airflow/example_dags/example_branch_day_of_week_operator.py took 0.040 seconds
[2026-07-17T22:29:54.823+0530] {processor.py:186} INFO - Started process (PID=92779) to work on /Users/bhavishyachallagolla/Desktop/RetailSense/.venv/lib/python3.12/site-packages/airflow/example_dags/example_branch_day_of_week_operator.py
[2026-07-17T22:29:54.824+0530] {processor.py:914} INFO - Processing file /Users/bhavishyachallagolla/Desktop/RetailSense/.venv/lib/python3.12/site-packages/airflow/example_dags/example_branch_day_of_week_operator.py for tasks to queue
[2026-07-17T22:29:54.824+0530] {logging_mixin.py:190} INFO - [2026-07-17T22:29:54.824+0530] {dagbag.py:588} INFO - Filling up the DagBag from /Users/bhavishyachallagolla/Desktop/RetailSense/.venv/lib/python3.12/site-packages/airflow/example_dags/example_branch_day_of_week_operator.py
[2026-07-17T22:29:54.827+0530] {processor.py:925} INFO - DAG(s) 'example_weekday_branch_operator' retrieved from /Users/bhavishyachallagolla/Desktop/RetailSense/.venv/lib/python3.12/site-packages/airflow/example_dags/example_branch_day_of_week_operator.py
[2026-07-17T22:29:54.852+0530] {logging_mixin.py:190} INFO - [2026-07-17T22:29:54.852+0530] {dag.py:3239} INFO - Sync 1 DAGs
[2026-07-17T22:29:54.857+0530] {logging_mixin.py:190} INFO - [2026-07-17T22:29:54.857+0530] {dag.py:4180} INFO - Setting next_dagrun for example_weekday_branch_operator to 2026-07-16 00:00:00+00:00, run_after=2026-07-17 00:00:00+00:00
[2026-07-17T22:29:54.861+0530] {processor.py:208} INFO - Processing /Users/bhavishyachallagolla/Desktop/RetailSense/.venv/lib/python3.12/site-packages/airflow/example_dags/example_branch_day_of_week_operator.py took 0.039 seconds
[2026-07-17T22:31:37.458+0530] {processor.py:186} INFO - Started process (PID=92940) to work on /Users/bhavishyachallagolla/Desktop/RetailSense/.venv/lib/python3.12/site-packages/airflow/example_dags/example_branch_day_of_week_operator.py
[2026-07-17T22:31:37.459+0530] {processor.py:914} INFO - Processing file /Users/bhavishyachallagolla/Desktop/RetailSense/.venv/lib/python3.12/site-packages/airflow/example_dags/example_branch_day_of_week_operator.py for tasks to queue
[2026-07-17T22:31:37.460+0530] {logging_mixin.py:190} INFO - [2026-07-17T22:31:37.460+0530] {dagbag.py:588} INFO - Filling up the DagBag from /Users/bhavishyachallagolla/Desktop/RetailSense/.venv/lib/python3.12/site-packages/airflow/example_dags/example_branch_day_of_week_operator.py
[2026-07-17T22:31:37.464+0530] {processor.py:925} INFO - DAG(s) 'example_weekday_branch_operator' retrieved from /Users/bhavishyachallagolla/Desktop/RetailSense/.venv/lib/python3.12/site-packages/airflow/example_dags/example_branch_day_of_week_operator.py
[2026-07-17T22:31:37.491+0530] {logging_mixin.py:190} INFO - [2026-07-17T22:31:37.491+0530] {dag.py:3239} INFO - Sync 1 DAGs
[2026-07-17T22:31:37.496+0530] {logging_mixin.py:190} INFO - [2026-07-17T22:31:37.496+0530] {dag.py:4180} INFO - Setting next_dagrun for example_weekday_branch_operator to 2026-07-16 00:00:00+00:00, run_after=2026-07-17 00:00:00+00:00
[2026-07-17T22:31:37.501+0530] {processor.py:208} INFO - Processing /Users/bhavishyachallagolla/Desktop/RetailSense/.venv/lib/python3.12/site-packages/airflow/example_dags/example_branch_day_of_week_operator.py took 0.044 seconds
[2026-07-17T22:33:17.042+0530] {processor.py:186} INFO - Started process (PID=93089) to work on /Users/bhavishyachallagolla/Desktop/RetailSense/.venv/lib/python3.12/site-packages/airflow/example_dags/example_branch_day_of_week_operator.py
[2026-07-17T22:33:17.043+0530] {processor.py:914} INFO - Processing file /Users/bhavishyachallagolla/Desktop/RetailSense/.venv/lib/python3.12/site-packages/airflow/example_dags/example_branch_day_of_week_operator.py for tasks to queue
[2026-07-17T22:33:17.044+0530] {logging_mixin.py:190} INFO - [2026-07-17T22:33:17.044+0530] {dagbag.py:588} INFO - Filling up the DagBag from /Users/bhavishyachallagolla/Desktop/RetailSense/.venv/lib/python3.12/site-packages/airflow/example_dags/example_branch_day_of_week_operator.py
[2026-07-17T22:33:17.047+0530] {processor.py:925} INFO - DAG(s) 'example_weekday_branch_operator' retrieved from /Users/bhavishyachallagolla/Desktop/RetailSense/.venv/lib/python3.12/site-packages/airflow/example_dags/example_branch_day_of_week_operator.py
[2026-07-17T22:33:17.072+0530] {logging_mixin.py:190} INFO - [2026-07-17T22:33:17.072+0530] {dag.py:3239} INFO - Sync 1 DAGs
[2026-07-17T22:33:17.077+0530] {logging_mixin.py:190} INFO - [2026-07-17T22:33:17.077+0530] {dag.py:4180} INFO - Setting next_dagrun for example_weekday_branch_operator to 2026-07-16 00:00:00+00:00, run_after=2026-07-17 00:00:00+00:00
[2026-07-17T22:33:17.082+0530] {processor.py:208} INFO - Processing /Users/bhavishyachallagolla/Desktop/RetailSense/.venv/lib/python3.12/site-packages/airflow/example_dags/example_branch_day_of_week_operator.py took 0.041 seconds
[2026-07-17T22:34:56.223+0530] {processor.py:186} INFO - Started process (PID=93237) to work on /Users/bhavishyachallagolla/Desktop/RetailSense/.venv/lib/python3.12/site-packages/airflow/example_dags/example_branch_day_of_week_operator.py
[2026-07-17T22:34:56.224+0530] {processor.py:914} INFO - Processing file /Users/bhavishyachallagolla/Desktop/RetailSense/.venv/lib/python3.12/site-packages/airflow/example_dags/example_branch_day_of_week_operator.py for tasks to queue
[2026-07-17T22:34:56.224+0530] {logging_mixin.py:190} INFO - [2026-07-17T22:34:56.224+0530] {dagbag.py:588} INFO - Filling up the DagBag from /Users/bhavishyachallagolla/Desktop/RetailSense/.venv/lib/python3.12/site-packages/airflow/example_dags/example_branch_day_of_week_operator.py
[2026-07-17T22:34:56.228+0530] {processor.py:925} INFO - DAG(s) 'example_weekday_branch_operator' retrieved from /Users/bhavishyachallagolla/Desktop/RetailSense/.venv/lib/python3.12/site-packages/airflow/example_dags/example_branch_day_of_week_operator.py
[2026-07-17T22:34:56.253+0530] {logging_mixin.py:190} INFO - [2026-07-17T22:34:56.253+0530] {dag.py:3239} INFO - Sync 1 DAGs
[2026-07-17T22:34:56.258+0530] {logging_mixin.py:190} INFO - [2026-07-17T22:34:56.258+0530] {dag.py:4180} INFO - Setting next_dagrun for example_weekday_branch_operator to 2026-07-16 00:00:00+00:00, run_after=2026-07-17 00:00:00+00:00
[2026-07-17T22:34:56.262+0530] {processor.py:208} INFO - Processing /Users/bhavishyachallagolla/Desktop/RetailSense/.venv/lib/python3.12/site-packages/airflow/example_dags/example_branch_day_of_week_operator.py took 0.040 seconds
[2026-07-17T22:36:37.205+0530] {processor.py:186} INFO - Started process (PID=93388) to work on /Users/bhavishyachallagolla/Desktop/RetailSense/.venv/lib/python3.12/site-packages/airflow/example_dags/example_branch_day_of_week_operator.py
[2026-07-17T22:36:37.206+0530] {processor.py:914} INFO - Processing file /Users/bhavishyachallagolla/Desktop/RetailSense/.venv/lib/python3.12/site-packages/airflow/example_dags/example_branch_day_of_week_operator.py for tasks to queue
[2026-07-17T22:36:37.207+0530] {logging_mixin.py:190} INFO - [2026-07-17T22:36:37.207+0530] {dagbag.py:588} INFO - Filling up the DagBag from /Users/bhavishyachallagolla/Desktop/RetailSense/.venv/lib/python3.12/site-packages/airflow/example_dags/example_branch_day_of_week_operator.py
[2026-07-17T22:36:37.210+0530] {processor.py:925} INFO - DAG(s) 'example_weekday_branch_operator' retrieved from /Users/bhavishyachallagolla/Desktop/RetailSense/.venv/lib/python3.12/site-packages/airflow/example_dags/example_branch_day_of_week_operator.py
[2026-07-17T22:36:37.235+0530] {logging_mixin.py:190} INFO - [2026-07-17T22:36:37.235+0530] {dag.py:3239} INFO - Sync 1 DAGs
[2026-07-17T22:36:37.240+0530] {logging_mixin.py:190} INFO - [2026-07-17T22:36:37.240+0530] {dag.py:4180} INFO - Setting next_dagrun for example_weekday_branch_operator to 2026-07-16 00:00:00+00:00, run_after=2026-07-17 00:00:00+00:00
[2026-07-17T22:36:37.245+0530] {processor.py:208} INFO - Processing /Users/bhavishyachallagolla/Desktop/RetailSense/.venv/lib/python3.12/site-packages/airflow/example_dags/example_branch_day_of_week_operator.py took 0.041 seconds
[2026-07-17T22:38:17.587+0530] {processor.py:186} INFO - Started process (PID=93549) to work on /Users/bhavishyachallagolla/Desktop/RetailSense/.venv/lib/python3.12/site-packages/airflow/example_dags/example_branch_day_of_week_operator.py
[2026-07-17T22:38:17.588+0530] {processor.py:914} INFO - Processing file /Users/bhavishyachallagolla/Desktop/RetailSense/.venv/lib/python3.12/site-packages/airflow/example_dags/example_branch_day_of_week_operator.py for tasks to queue
[2026-07-17T22:38:17.588+0530] {logging_mixin.py:190} INFO - [2026-07-17T22:38:17.588+0530] {dagbag.py:588} INFO - Filling up the DagBag from /Users/bhavishyachallagolla/Desktop/RetailSense/.venv/lib/python3.12/site-packages/airflow/example_dags/example_branch_day_of_week_operator.py
[2026-07-17T22:38:17.591+0530] {processor.py:925} INFO - DAG(s) 'example_weekday_branch_operator' retrieved from /Users/bhavishyachallagolla/Desktop/RetailSense/.venv/lib/python3.12/site-packages/airflow/example_dags/example_branch_day_of_week_operator.py
[2026-07-17T22:38:17.616+0530] {logging_mixin.py:190} INFO - [2026-07-17T22:38:17.616+0530] {dag.py:3239} INFO - Sync 1 DAGs
[2026-07-17T22:38:17.621+0530] {logging_mixin.py:190} INFO - [2026-07-17T22:38:17.621+0530] {dag.py:4180} INFO - Setting next_dagrun for example_weekday_branch_operator to 2026-07-16 00:00:00+00:00, run_after=2026-07-17 00:00:00+00:00
[2026-07-17T22:38:17.626+0530] {processor.py:208} INFO - Processing /Users/bhavishyachallagolla/Desktop/RetailSense/.venv/lib/python3.12/site-packages/airflow/example_dags/example_branch_day_of_week_operator.py took 0.040 seconds
[2026-07-17T22:39:57.352+0530] {processor.py:186} INFO - Started process (PID=93696) to work on /Users/bhavishyachallagolla/Desktop/RetailSense/.venv/lib/python3.12/site-packages/airflow/example_dags/example_branch_day_of_week_operator.py
[2026-07-17T22:39:57.354+0530] {processor.py:914} INFO - Processing file /Users/bhavishyachallagolla/Desktop/RetailSense/.venv/lib/python3.12/site-packages/airflow/example_dags/example_branch_day_of_week_operator.py for tasks to queue
[2026-07-17T22:39:57.354+0530] {logging_mixin.py:190} INFO - [2026-07-17T22:39:57.354+0530] {dagbag.py:588} INFO - Filling up the DagBag from /Users/bhavishyachallagolla/Desktop/RetailSense/.venv/lib/python3.12/site-packages/airflow/example_dags/example_branch_day_of_week_operator.py
[2026-07-17T22:39:57.357+0530] {processor.py:925} INFO - DAG(s) 'example_weekday_branch_operator' retrieved from /Users/bhavishyachallagolla/Desktop/RetailSense/.venv/lib/python3.12/site-packages/airflow/example_dags/example_branch_day_of_week_operator.py
[2026-07-17T22:39:57.382+0530] {logging_mixin.py:190} INFO - [2026-07-17T22:39:57.381+0530] {dag.py:3239} INFO - Sync 1 DAGs
[2026-07-17T22:39:57.386+0530] {logging_mixin.py:190} INFO - [2026-07-17T22:39:57.386+0530] {dag.py:4180} INFO - Setting next_dagrun for example_weekday_branch_operator to 2026-07-16 00:00:00+00:00, run_after=2026-07-17 00:00:00+00:00
[2026-07-17T22:39:57.391+0530] {processor.py:208} INFO - Processing /Users/bhavishyachallagolla/Desktop/RetailSense/.venv/lib/python3.12/site-packages/airflow/example_dags/example_branch_day_of_week_operator.py took 0.040 seconds
[2026-07-17T22:41:37.834+0530] {processor.py:186} INFO - Started process (PID=93847) to work on /Users/bhavishyachallagolla/Desktop/RetailSense/.venv/lib/python3.12/site-packages/airflow/example_dags/example_branch_day_of_week_operator.py
[2026-07-17T22:41:37.834+0530] {processor.py:914} INFO - Processing file /Users/bhavishyachallagolla/Desktop/RetailSense/.venv/lib/python3.12/site-packages/airflow/example_dags/example_branch_day_of_week_operator.py for tasks to queue
[2026-07-17T22:41:37.835+0530] {logging_mixin.py:190} INFO - [2026-07-17T22:41:37.835+0530] {dagbag.py:588} INFO - Filling up the DagBag from /Users/bhavishyachallagolla/Desktop/RetailSense/.venv/lib/python3.12/site-packages/airflow/example_dags/example_branch_day_of_week_operator.py
[2026-07-17T22:41:37.839+0530] {processor.py:925} INFO - DAG(s) 'example_weekday_branch_operator' retrieved from /Users/bhavishyachallagolla/Desktop/RetailSense/.venv/lib/python3.12/site-packages/airflow/example_dags/example_branch_day_of_week_operator.py
[2026-07-17T22:41:37.867+0530] {logging_mixin.py:190} INFO - [2026-07-17T22:41:37.867+0530] {dag.py:3239} INFO - Sync 1 DAGs
[2026-07-17T22:41:37.873+0530] {logging_mixin.py:190} INFO - [2026-07-17T22:41:37.873+0530] {dag.py:4180} INFO - Setting next_dagrun for example_weekday_branch_operator to 2026-07-16 00:00:00+00:00, run_after=2026-07-17 00:00:00+00:00
[2026-07-17T22:41:37.878+0530] {processor.py:208} INFO - Processing /Users/bhavishyachallagolla/Desktop/RetailSense/.venv/lib/python3.12/site-packages/airflow/example_dags/example_branch_day_of_week_operator.py took 0.045 seconds
[2026-07-17T22:43:18.702+0530] {processor.py:186} INFO - Started process (PID=93999) to work on /Users/bhavishyachallagolla/Desktop/RetailSense/.venv/lib/python3.12/site-packages/airflow/example_dags/example_branch_day_of_week_operator.py
[2026-07-17T22:43:18.703+0530] {processor.py:914} INFO - Processing file /Users/bhavishyachallagolla/Desktop/RetailSense/.venv/lib/python3.12/site-packages/airflow/example_dags/example_branch_day_of_week_operator.py for tasks to queue
[2026-07-17T22:43:18.703+0530] {logging_mixin.py:190} INFO - [2026-07-17T22:43:18.703+0530] {dagbag.py:588} INFO - Filling up the DagBag from /Users/bhavishyachallagolla/Desktop/RetailSense/.venv/lib/python3.12/site-packages/airflow/example_dags/example_branch_day_of_week_operator.py
[2026-07-17T22:43:18.706+0530] {processor.py:925} INFO - DAG(s) 'example_weekday_branch_operator' retrieved from /Users/bhavishyachallagolla/Desktop/RetailSense/.venv/lib/python3.12/site-packages/airflow/example_dags/example_branch_day_of_week_operator.py
[2026-07-17T22:43:18.731+0530] {logging_mixin.py:190} INFO - [2026-07-17T22:43:18.731+0530] {dag.py:3239} INFO - Sync 1 DAGs
[2026-07-17T22:43:18.736+0530] {logging_mixin.py:190} INFO - [2026-07-17T22:43:18.736+0530] {dag.py:4180} INFO - Setting next_dagrun for example_weekday_branch_operator to 2026-07-16 00:00:00+00:00, run_after=2026-07-17 00:00:00+00:00
[2026-07-17T22:43:18.741+0530] {processor.py:208} INFO - Processing /Users/bhavishyachallagolla/Desktop/RetailSense/.venv/lib/python3.12/site-packages/airflow/example_dags/example_branch_day_of_week_operator.py took 0.040 seconds
[2026-07-17T22:44:59.781+0530] {processor.py:186} INFO - Started process (PID=94148) to work on /Users/bhavishyachallagolla/Desktop/RetailSense/.venv/lib/python3.12/site-packages/airflow/example_dags/example_branch_day_of_week_operator.py
[2026-07-17T22:44:59.781+0530] {processor.py:914} INFO - Processing file /Users/bhavishyachallagolla/Desktop/RetailSense/.venv/lib/python3.12/site-packages/airflow/example_dags/example_branch_day_of_week_operator.py for tasks to queue
[2026-07-17T22:44:59.781+0530] {logging_mixin.py:190} INFO - [2026-07-17T22:44:59.781+0530] {dagbag.py:588} INFO - Filling up the DagBag from /Users/bhavishyachallagolla/Desktop/RetailSense/.venv/lib/python3.12/site-packages/airflow/example_dags/example_branch_day_of_week_operator.py
[2026-07-17T22:44:59.784+0530] {processor.py:925} INFO - DAG(s) 'example_weekday_branch_operator' retrieved from /Users/bhavishyachallagolla/Desktop/RetailSense/.venv/lib/python3.12/site-packages/airflow/example_dags/example_branch_day_of_week_operator.py
[2026-07-17T22:44:59.809+0530] {logging_mixin.py:190} INFO - [2026-07-17T22:44:59.808+0530] {dag.py:3239} INFO - Sync 1 DAGs
[2026-07-17T22:44:59.813+0530] {logging_mixin.py:190} INFO - [2026-07-17T22:44:59.813+0530] {dag.py:4180} INFO - Setting next_dagrun for example_weekday_branch_operator to 2026-07-16 00:00:00+00:00, run_after=2026-07-17 00:00:00+00:00
[2026-07-17T22:44:59.818+0530] {processor.py:208} INFO - Processing /Users/bhavishyachallagolla/Desktop/RetailSense/.venv/lib/python3.12/site-packages/airflow/example_dags/example_branch_day_of_week_operator.py took 0.038 seconds
[2026-07-17T22:46:36.142+0530] {processor.py:186} INFO - Started process (PID=94293) to work on /Users/bhavishyachallagolla/Desktop/RetailSense/.venv/lib/python3.12/site-packages/airflow/example_dags/example_branch_day_of_week_operator.py
[2026-07-17T22:46:36.142+0530] {processor.py:914} INFO - Processing file /Users/bhavishyachallagolla/Desktop/RetailSense/.venv/lib/python3.12/site-packages/airflow/example_dags/example_branch_day_of_week_operator.py for tasks to queue
[2026-07-17T22:46:36.143+0530] {logging_mixin.py:190} INFO - [2026-07-17T22:46:36.143+0530] {dagbag.py:588} INFO - Filling up the DagBag from /Users/bhavishyachallagolla/Desktop/RetailSense/.venv/lib/python3.12/site-packages/airflow/example_dags/example_branch_day_of_week_operator.py
[2026-07-17T22:46:36.145+0530] {processor.py:925} INFO - DAG(s) 'example_weekday_branch_operator' retrieved from /Users/bhavishyachallagolla/Desktop/RetailSense/.venv/lib/python3.12/site-packages/airflow/example_dags/example_branch_day_of_week_operator.py
[2026-07-17T22:46:36.170+0530] {logging_mixin.py:190} INFO - [2026-07-17T22:46:36.170+0530] {dag.py:3239} INFO - Sync 1 DAGs
[2026-07-17T22:46:36.175+0530] {logging_mixin.py:190} INFO - [2026-07-17T22:46:36.175+0530] {dag.py:4180} INFO - Setting next_dagrun for example_weekday_branch_operator to 2026-07-16 00:00:00+00:00, run_after=2026-07-17 00:00:00+00:00
[2026-07-17T22:46:36.179+0530] {processor.py:208} INFO - Processing /Users/bhavishyachallagolla/Desktop/RetailSense/.venv/lib/python3.12/site-packages/airflow/example_dags/example_branch_day_of_week_operator.py took 0.038 seconds
[2026-07-17T22:48:16.269+0530] {processor.py:186} INFO - Started process (PID=94443) to work on /Users/bhavishyachallagolla/Desktop/RetailSense/.venv/lib/python3.12/site-packages/airflow/example_dags/example_branch_day_of_week_operator.py
[2026-07-17T22:48:16.269+0530] {processor.py:914} INFO - Processing file /Users/bhavishyachallagolla/Desktop/RetailSense/.venv/lib/python3.12/site-packages/airflow/example_dags/example_branch_day_of_week_operator.py for tasks to queue
[2026-07-17T22:48:16.270+0530] {logging_mixin.py:190} INFO - [2026-07-17T22:48:16.270+0530] {dagbag.py:588} INFO - Filling up the DagBag from /Users/bhavishyachallagolla/Desktop/RetailSense/.venv/lib/python3.12/site-packages/airflow/example_dags/example_branch_day_of_week_operator.py
[2026-07-17T22:48:16.273+0530] {processor.py:925} INFO - DAG(s) 'example_weekday_branch_operator' retrieved from /Users/bhavishyachallagolla/Desktop/RetailSense/.venv/lib/python3.12/site-packages/airflow/example_dags/example_branch_day_of_week_operator.py
[2026-07-17T22:48:16.298+0530] {logging_mixin.py:190} INFO - [2026-07-17T22:48:16.298+0530] {dag.py:3239} INFO - Sync 1 DAGs
[2026-07-17T22:48:16.303+0530] {logging_mixin.py:190} INFO - [2026-07-17T22:48:16.303+0530] {dag.py:4180} INFO - Setting next_dagrun for example_weekday_branch_operator to 2026-07-16 00:00:00+00:00, run_after=2026-07-17 00:00:00+00:00
[2026-07-17T22:48:16.308+0530] {processor.py:208} INFO - Processing /Users/bhavishyachallagolla/Desktop/RetailSense/.venv/lib/python3.12/site-packages/airflow/example_dags/example_branch_day_of_week_operator.py took 0.040 seconds
[2026-07-17T22:50:11.899+0530] {processor.py:186} INFO - Started process (PID=94599) to work on /Users/bhavishyachallagolla/Desktop/RetailSense/.venv/lib/python3.12/site-packages/airflow/example_dags/example_branch_day_of_week_operator.py
[2026-07-17T22:50:11.900+0530] {processor.py:914} INFO - Processing file /Users/bhavishyachallagolla/Desktop/RetailSense/.venv/lib/python3.12/site-packages/airflow/example_dags/example_branch_day_of_week_operator.py for tasks to queue
[2026-07-17T22:50:11.901+0530] {logging_mixin.py:190} INFO - [2026-07-17T22:50:11.901+0530] {dagbag.py:588} INFO - Filling up the DagBag from /Users/bhavishyachallagolla/Desktop/RetailSense/.venv/lib/python3.12/site-packages/airflow/example_dags/example_branch_day_of_week_operator.py
[2026-07-17T22:50:11.904+0530] {processor.py:925} INFO - DAG(s) 'example_weekday_branch_operator' retrieved from /Users/bhavishyachallagolla/Desktop/RetailSense/.venv/lib/python3.12/site-packages/airflow/example_dags/example_branch_day_of_week_operator.py
[2026-07-17T22:50:11.929+0530] {logging_mixin.py:190} INFO - [2026-07-17T22:50:11.929+0530] {dag.py:3239} INFO - Sync 1 DAGs
[2026-07-17T22:50:11.934+0530] {logging_mixin.py:190} INFO - [2026-07-17T22:50:11.934+0530] {dag.py:4180} INFO - Setting next_dagrun for example_weekday_branch_operator to 2026-07-16 00:00:00+00:00, run_after=2026-07-17 00:00:00+00:00
[2026-07-17T22:50:11.939+0530] {processor.py:208} INFO - Processing /Users/bhavishyachallagolla/Desktop/RetailSense/.venv/lib/python3.12/site-packages/airflow/example_dags/example_branch_day_of_week_operator.py took 0.040 seconds
[2026-07-17T22:51:50.927+0530] {processor.py:186} INFO - Started process (PID=94751) to work on /Users/bhavishyachallagolla/Desktop/RetailSense/.venv/lib/python3.12/site-packages/airflow/example_dags/example_branch_day_of_week_operator.py
[2026-07-17T22:51:50.928+0530] {processor.py:914} INFO - Processing file /Users/bhavishyachallagolla/Desktop/RetailSense/.venv/lib/python3.12/site-packages/airflow/example_dags/example_branch_day_of_week_operator.py for tasks to queue
[2026-07-17T22:51:50.928+0530] {logging_mixin.py:190} INFO - [2026-07-17T22:51:50.928+0530] {dagbag.py:588} INFO - Filling up the DagBag from /Users/bhavishyachallagolla/Desktop/RetailSense/.venv/lib/python3.12/site-packages/airflow/example_dags/example_branch_day_of_week_operator.py
[2026-07-17T22:51:50.931+0530] {processor.py:925} INFO - DAG(s) 'example_weekday_branch_operator' retrieved from /Users/bhavishyachallagolla/Desktop/RetailSense/.venv/lib/python3.12/site-packages/airflow/example_dags/example_branch_day_of_week_operator.py
[2026-07-17T22:51:50.956+0530] {logging_mixin.py:190} INFO - [2026-07-17T22:51:50.956+0530] {dag.py:3239} INFO - Sync 1 DAGs
[2026-07-17T22:51:50.961+0530] {logging_mixin.py:190} INFO - [2026-07-17T22:51:50.961+0530] {dag.py:4180} INFO - Setting next_dagrun for example_weekday_branch_operator to 2026-07-16 00:00:00+00:00, run_after=2026-07-17 00:00:00+00:00
[2026-07-17T22:51:50.965+0530] {processor.py:208} INFO - Processing /Users/bhavishyachallagolla/Desktop/RetailSense/.venv/lib/python3.12/site-packages/airflow/example_dags/example_branch_day_of_week_operator.py took 0.040 seconds
[2026-07-17T22:53:29.484+0530] {processor.py:186} INFO - Started process (PID=94902) to work on /Users/bhavishyachallagolla/Desktop/RetailSense/.venv/lib/python3.12/site-packages/airflow/example_dags/example_branch_day_of_week_operator.py
[2026-07-17T22:53:29.485+0530] {processor.py:914} INFO - Processing file /Users/bhavishyachallagolla/Desktop/RetailSense/.venv/lib/python3.12/site-packages/airflow/example_dags/example_branch_day_of_week_operator.py for tasks to queue
[2026-07-17T22:53:29.485+0530] {logging_mixin.py:190} INFO - [2026-07-17T22:53:29.485+0530] {dagbag.py:588} INFO - Filling up the DagBag from /Users/bhavishyachallagolla/Desktop/RetailSense/.venv/lib/python3.12/site-packages/airflow/example_dags/example_branch_day_of_week_operator.py
[2026-07-17T22:53:29.488+0530] {processor.py:925} INFO - DAG(s) 'example_weekday_branch_operator' retrieved from /Users/bhavishyachallagolla/Desktop/RetailSense/.venv/lib/python3.12/site-packages/airflow/example_dags/example_branch_day_of_week_operator.py
[2026-07-17T22:53:29.514+0530] {logging_mixin.py:190} INFO - [2026-07-17T22:53:29.514+0530] {dag.py:3239} INFO - Sync 1 DAGs
[2026-07-17T22:53:29.519+0530] {logging_mixin.py:190} INFO - [2026-07-17T22:53:29.519+0530] {dag.py:4180} INFO - Setting next_dagrun for example_weekday_branch_operator to 2026-07-16 00:00:00+00:00, run_after=2026-07-17 00:00:00+00:00
[2026-07-17T22:53:29.523+0530] {processor.py:208} INFO - Processing /Users/bhavishyachallagolla/Desktop/RetailSense/.venv/lib/python3.12/site-packages/airflow/example_dags/example_branch_day_of_week_operator.py took 0.041 seconds
[2026-07-17T22:55:08.456+0530] {processor.py:186} INFO - Started process (PID=95050) to work on /Users/bhavishyachallagolla/Desktop/RetailSense/.venv/lib/python3.12/site-packages/airflow/example_dags/example_branch_day_of_week_operator.py
[2026-07-17T22:55:08.457+0530] {processor.py:914} INFO - Processing file /Users/bhavishyachallagolla/Desktop/RetailSense/.venv/lib/python3.12/site-packages/airflow/example_dags/example_branch_day_of_week_operator.py for tasks to queue
[2026-07-17T22:55:08.458+0530] {logging_mixin.py:190} INFO - [2026-07-17T22:55:08.457+0530] {dagbag.py:588} INFO - Filling up the DagBag from /Users/bhavishyachallagolla/Desktop/RetailSense/.venv/lib/python3.12/site-packages/airflow/example_dags/example_branch_day_of_week_operator.py
[2026-07-17T22:55:08.461+0530] {processor.py:925} INFO - DAG(s) 'example_weekday_branch_operator' retrieved from /Users/bhavishyachallagolla/Desktop/RetailSense/.venv/lib/python3.12/site-packages/airflow/example_dags/example_branch_day_of_week_operator.py
[2026-07-17T22:55:08.486+0530] {logging_mixin.py:190} INFO - [2026-07-17T22:55:08.486+0530] {dag.py:3239} INFO - Sync 1 DAGs
[2026-07-17T22:55:08.491+0530] {logging_mixin.py:190} INFO - [2026-07-17T22:55:08.491+0530] {dag.py:4180} INFO - Setting next_dagrun for example_weekday_branch_operator to 2026-07-16 00:00:00+00:00, run_after=2026-07-17 00:00:00+00:00
[2026-07-17T22:55:08.496+0530] {processor.py:208} INFO - Processing /Users/bhavishyachallagolla/Desktop/RetailSense/.venv/lib/python3.12/site-packages/airflow/example_dags/example_branch_day_of_week_operator.py took 0.041 seconds
[2026-07-17T22:56:48.396+0530] {processor.py:186} INFO - Started process (PID=95199) to work on /Users/bhavishyachallagolla/Desktop/RetailSense/.venv/lib/python3.12/site-packages/airflow/example_dags/example_branch_day_of_week_operator.py
[2026-07-17T22:56:48.397+0530] {processor.py:914} INFO - Processing file /Users/bhavishyachallagolla/Desktop/RetailSense/.venv/lib/python3.12/site-packages/airflow/example_dags/example_branch_day_of_week_operator.py for tasks to queue
[2026-07-17T22:56:48.397+0530] {logging_mixin.py:190} INFO - [2026-07-17T22:56:48.397+0530] {dagbag.py:588} INFO - Filling up the DagBag from /Users/bhavishyachallagolla/Desktop/RetailSense/.venv/lib/python3.12/site-packages/airflow/example_dags/example_branch_day_of_week_operator.py
[2026-07-17T22:56:48.401+0530] {processor.py:925} INFO - DAG(s) 'example_weekday_branch_operator' retrieved from /Users/bhavishyachallagolla/Desktop/RetailSense/.venv/lib/python3.12/site-packages/airflow/example_dags/example_branch_day_of_week_operator.py
[2026-07-17T22:56:48.427+0530] {logging_mixin.py:190} INFO - [2026-07-17T22:56:48.427+0530] {dag.py:3239} INFO - Sync 1 DAGs
[2026-07-17T22:56:48.433+0530] {logging_mixin.py:190} INFO - [2026-07-17T22:56:48.433+0530] {dag.py:4180} INFO - Setting next_dagrun for example_weekday_branch_operator to 2026-07-16 00:00:00+00:00, run_after=2026-07-17 00:00:00+00:00
[2026-07-17T22:56:48.438+0530] {processor.py:208} INFO - Processing /Users/bhavishyachallagolla/Desktop/RetailSense/.venv/lib/python3.12/site-packages/airflow/example_dags/example_branch_day_of_week_operator.py took 0.043 seconds
[2026-07-17T22:58:28.088+0530] {processor.py:186} INFO - Started process (PID=95363) to work on /Users/bhavishyachallagolla/Desktop/RetailSense/.venv/lib/python3.12/site-packages/airflow/example_dags/example_branch_day_of_week_operator.py
[2026-07-17T22:58:28.089+0530] {processor.py:914} INFO - Processing file /Users/bhavishyachallagolla/Desktop/RetailSense/.venv/lib/python3.12/site-packages/airflow/example_dags/example_branch_day_of_week_operator.py for tasks to queue
[2026-07-17T22:58:28.090+0530] {logging_mixin.py:190} INFO - [2026-07-17T22:58:28.089+0530] {dagbag.py:588} INFO - Filling up the DagBag from /Users/bhavishyachallagolla/Desktop/RetailSense/.venv/lib/python3.12/site-packages/airflow/example_dags/example_branch_day_of_week_operator.py
[2026-07-17T22:58:28.093+0530] {processor.py:925} INFO - DAG(s) 'example_weekday_branch_operator' retrieved from /Users/bhavishyachallagolla/Desktop/RetailSense/.venv/lib/python3.12/site-packages/airflow/example_dags/example_branch_day_of_week_operator.py
[2026-07-17T22:58:28.120+0530] {logging_mixin.py:190} INFO - [2026-07-17T22:58:28.119+0530] {dag.py:3239} INFO - Sync 1 DAGs
[2026-07-17T22:58:28.125+0530] {logging_mixin.py:190} INFO - [2026-07-17T22:58:28.125+0530] {dag.py:4180} INFO - Setting next_dagrun for example_weekday_branch_operator to 2026-07-16 00:00:00+00:00, run_after=2026-07-17 00:00:00+00:00
[2026-07-17T22:58:28.130+0530] {processor.py:208} INFO - Processing /Users/bhavishyachallagolla/Desktop/RetailSense/.venv/lib/python3.12/site-packages/airflow/example_dags/example_branch_day_of_week_operator.py took 0.043 seconds
[2026-07-17T23:01:13.948+0530] {processor.py:186} INFO - Started process (PID=95595) to work on /Users/bhavishyachallagolla/Desktop/RetailSense/.venv/lib/python3.12/site-packages/airflow/example_dags/example_branch_day_of_week_operator.py
[2026-07-17T23:01:13.949+0530] {processor.py:914} INFO - Processing file /Users/bhavishyachallagolla/Desktop/RetailSense/.venv/lib/python3.12/site-packages/airflow/example_dags/example_branch_day_of_week_operator.py for tasks to queue
[2026-07-17T23:01:13.950+0530] {logging_mixin.py:190} INFO - [2026-07-17T23:01:13.950+0530] {dagbag.py:588} INFO - Filling up the DagBag from /Users/bhavishyachallagolla/Desktop/RetailSense/.venv/lib/python3.12/site-packages/airflow/example_dags/example_branch_day_of_week_operator.py
[2026-07-17T23:01:13.953+0530] {processor.py:925} INFO - DAG(s) 'example_weekday_branch_operator' retrieved from /Users/bhavishyachallagolla/Desktop/RetailSense/.venv/lib/python3.12/site-packages/airflow/example_dags/example_branch_day_of_week_operator.py
[2026-07-17T23:01:13.979+0530] {logging_mixin.py:190} INFO - [2026-07-17T23:01:13.979+0530] {dag.py:3239} INFO - Sync 1 DAGs
[2026-07-17T23:01:13.984+0530] {logging_mixin.py:190} INFO - [2026-07-17T23:01:13.984+0530] {dag.py:4180} INFO - Setting next_dagrun for example_weekday_branch_operator to 2026-07-16 00:00:00+00:00, run_after=2026-07-17 00:00:00+00:00
[2026-07-17T23:01:13.989+0530] {processor.py:208} INFO - Processing /Users/bhavishyachallagolla/Desktop/RetailSense/.venv/lib/python3.12/site-packages/airflow/example_dags/example_branch_day_of_week_operator.py took 0.041 seconds
[2026-07-17T23:02:57.089+0530] {processor.py:186} INFO - Started process (PID=95773) to work on /Users/bhavishyachallagolla/Desktop/RetailSense/.venv/lib/python3.12/site-packages/airflow/example_dags/example_branch_day_of_week_operator.py
[2026-07-17T23:02:57.089+0530] {processor.py:914} INFO - Processing file /Users/bhavishyachallagolla/Desktop/RetailSense/.venv/lib/python3.12/site-packages/airflow/example_dags/example_branch_day_of_week_operator.py for tasks to queue
[2026-07-17T23:02:57.089+0530] {logging_mixin.py:190} INFO - [2026-07-17T23:02:57.089+0530] {dagbag.py:588} INFO - Filling up the DagBag from /Users/bhavishyachallagolla/Desktop/RetailSense/.venv/lib/python3.12/site-packages/airflow/example_dags/example_branch_day_of_week_operator.py
[2026-07-17T23:02:57.092+0530] {processor.py:925} INFO - DAG(s) 'example_weekday_branch_operator' retrieved from /Users/bhavishyachallagolla/Desktop/RetailSense/.venv/lib/python3.12/site-packages/airflow/example_dags/example_branch_day_of_week_operator.py
[2026-07-17T23:02:57.117+0530] {logging_mixin.py:190} INFO - [2026-07-17T23:02:57.117+0530] {dag.py:3239} INFO - Sync 1 DAGs
[2026-07-17T23:02:57.122+0530] {logging_mixin.py:190} INFO - [2026-07-17T23:02:57.122+0530] {dag.py:4180} INFO - Setting next_dagrun for example_weekday_branch_operator to 2026-07-16 00:00:00+00:00, run_after=2026-07-17 00:00:00+00:00
[2026-07-17T23:02:57.126+0530] {processor.py:208} INFO - Processing /Users/bhavishyachallagolla/Desktop/RetailSense/.venv/lib/python3.12/site-packages/airflow/example_dags/example_branch_day_of_week_operator.py took 0.038 seconds
[2026-07-17T23:04:36.758+0530] {processor.py:186} INFO - Started process (PID=95920) to work on /Users/bhavishyachallagolla/Desktop/RetailSense/.venv/lib/python3.12/site-packages/airflow/example_dags/example_branch_day_of_week_operator.py
[2026-07-17T23:04:36.758+0530] {processor.py:914} INFO - Processing file /Users/bhavishyachallagolla/Desktop/RetailSense/.venv/lib/python3.12/site-packages/airflow/example_dags/example_branch_day_of_week_operator.py for tasks to queue
[2026-07-17T23:04:36.758+0530] {logging_mixin.py:190} INFO - [2026-07-17T23:04:36.758+0530] {dagbag.py:588} INFO - Filling up the DagBag from /Users/bhavishyachallagolla/Desktop/RetailSense/.venv/lib/python3.12/site-packages/airflow/example_dags/example_branch_day_of_week_operator.py
[2026-07-17T23:04:36.761+0530] {processor.py:925} INFO - DAG(s) 'example_weekday_branch_operator' retrieved from /Users/bhavishyachallagolla/Desktop/RetailSense/.venv/lib/python3.12/site-packages/airflow/example_dags/example_branch_day_of_week_operator.py
[2026-07-17T23:04:36.786+0530] {logging_mixin.py:190} INFO - [2026-07-17T23:04:36.786+0530] {dag.py:3239} INFO - Sync 1 DAGs
[2026-07-17T23:04:36.791+0530] {logging_mixin.py:190} INFO - [2026-07-17T23:04:36.791+0530] {dag.py:4180} INFO - Setting next_dagrun for example_weekday_branch_operator to 2026-07-16 00:00:00+00:00, run_after=2026-07-17 00:00:00+00:00
[2026-07-17T23:04:36.796+0530] {processor.py:208} INFO - Processing /Users/bhavishyachallagolla/Desktop/RetailSense/.venv/lib/python3.12/site-packages/airflow/example_dags/example_branch_day_of_week_operator.py took 0.039 seconds
[2026-07-17T23:06:16.924+0530] {processor.py:186} INFO - Started process (PID=96072) to work on /Users/bhavishyachallagolla/Desktop/RetailSense/.venv/lib/python3.12/site-packages/airflow/example_dags/example_branch_day_of_week_operator.py
[2026-07-17T23:06:16.924+0530] {processor.py:914} INFO - Processing file /Users/bhavishyachallagolla/Desktop/RetailSense/.venv/lib/python3.12/site-packages/airflow/example_dags/example_branch_day_of_week_operator.py for tasks to queue
[2026-07-17T23:06:16.925+0530] {logging_mixin.py:190} INFO - [2026-07-17T23:06:16.924+0530] {dagbag.py:588} INFO - Filling up the DagBag from /Users/bhavishyachallagolla/Desktop/RetailSense/.venv/lib/python3.12/site-packages/airflow/example_dags/example_branch_day_of_week_operator.py
[2026-07-17T23:06:16.927+0530] {processor.py:925} INFO - DAG(s) 'example_weekday_branch_operator' retrieved from /Users/bhavishyachallagolla/Desktop/RetailSense/.venv/lib/python3.12/site-packages/airflow/example_dags/example_branch_day_of_week_operator.py
[2026-07-17T23:06:16.952+0530] {logging_mixin.py:190} INFO - [2026-07-17T23:06:16.952+0530] {dag.py:3239} INFO - Sync 1 DAGs
[2026-07-17T23:06:16.957+0530] {logging_mixin.py:190} INFO - [2026-07-17T23:06:16.957+0530] {dag.py:4180} INFO - Setting next_dagrun for example_weekday_branch_operator to 2026-07-16 00:00:00+00:00, run_after=2026-07-17 00:00:00+00:00
[2026-07-17T23:06:16.962+0530] {processor.py:208} INFO - Processing /Users/bhavishyachallagolla/Desktop/RetailSense/.venv/lib/python3.12/site-packages/airflow/example_dags/example_branch_day_of_week_operator.py took 0.039 seconds
[2026-07-17T23:07:58.157+0530] {processor.py:186} INFO - Started process (PID=96232) to work on /Users/bhavishyachallagolla/Desktop/RetailSense/.venv/lib/python3.12/site-packages/airflow/example_dags/example_branch_day_of_week_operator.py
[2026-07-17T23:07:58.158+0530] {processor.py:914} INFO - Processing file /Users/bhavishyachallagolla/Desktop/RetailSense/.venv/lib/python3.12/site-packages/airflow/example_dags/example_branch_day_of_week_operator.py for tasks to queue
[2026-07-17T23:07:58.158+0530] {logging_mixin.py:190} INFO - [2026-07-17T23:07:58.158+0530] {dagbag.py:588} INFO - Filling up the DagBag from /Users/bhavishyachallagolla/Desktop/RetailSense/.venv/lib/python3.12/site-packages/airflow/example_dags/example_branch_day_of_week_operator.py
[2026-07-17T23:07:58.161+0530] {processor.py:925} INFO - DAG(s) 'example_weekday_branch_operator' retrieved from /Users/bhavishyachallagolla/Desktop/RetailSense/.venv/lib/python3.12/site-packages/airflow/example_dags/example_branch_day_of_week_operator.py
[2026-07-17T23:07:58.185+0530] {logging_mixin.py:190} INFO - [2026-07-17T23:07:58.185+0530] {dag.py:3239} INFO - Sync 1 DAGs
[2026-07-17T23:07:58.190+0530] {logging_mixin.py:190} INFO - [2026-07-17T23:07:58.190+0530] {dag.py:4180} INFO - Setting next_dagrun for example_weekday_branch_operator to 2026-07-16 00:00:00+00:00, run_after=2026-07-17 00:00:00+00:00
[2026-07-17T23:07:58.195+0530] {processor.py:208} INFO - Processing /Users/bhavishyachallagolla/Desktop/RetailSense/.venv/lib/python3.12/site-packages/airflow/example_dags/example_branch_day_of_week_operator.py took 0.039 seconds
[2026-07-17T23:09:38.427+0530] {processor.py:186} INFO - Started process (PID=96382) to work on /Users/bhavishyachallagolla/Desktop/RetailSense/.venv/lib/python3.12/site-packages/airflow/example_dags/example_branch_day_of_week_operator.py
[2026-07-17T23:09:38.428+0530] {processor.py:914} INFO - Processing file /Users/bhavishyachallagolla/Desktop/RetailSense/.venv/lib/python3.12/site-packages/airflow/example_dags/example_branch_day_of_week_operator.py for tasks to queue
[2026-07-17T23:09:38.428+0530] {logging_mixin.py:190} INFO - [2026-07-17T23:09:38.428+0530] {dagbag.py:588} INFO - Filling up the DagBag from /Users/bhavishyachallagolla/Desktop/RetailSense/.venv/lib/python3.12/site-packages/airflow/example_dags/example_branch_day_of_week_operator.py
[2026-07-17T23:09:38.431+0530] {processor.py:925} INFO - DAG(s) 'example_weekday_branch_operator' retrieved from /Users/bhavishyachallagolla/Desktop/RetailSense/.venv/lib/python3.12/site-packages/airflow/example_dags/example_branch_day_of_week_operator.py
[2026-07-17T23:09:38.455+0530] {logging_mixin.py:190} INFO - [2026-07-17T23:09:38.455+0530] {dag.py:3239} INFO - Sync 1 DAGs
[2026-07-17T23:09:38.460+0530] {logging_mixin.py:190} INFO - [2026-07-17T23:09:38.460+0530] {dag.py:4180} INFO - Setting next_dagrun for example_weekday_branch_operator to 2026-07-16 00:00:00+00:00, run_after=2026-07-17 00:00:00+00:00
[2026-07-17T23:09:38.465+0530] {processor.py:208} INFO - Processing /Users/bhavishyachallagolla/Desktop/RetailSense/.venv/lib/python3.12/site-packages/airflow/example_dags/example_branch_day_of_week_operator.py took 0.039 seconds
[2026-07-17T23:11:15.987+0530] {processor.py:186} INFO - Started process (PID=96529) to work on /Users/bhavishyachallagolla/Desktop/RetailSense/.venv/lib/python3.12/site-packages/airflow/example_dags/example_branch_day_of_week_operator.py
[2026-07-17T23:11:15.988+0530] {processor.py:914} INFO - Processing file /Users/bhavishyachallagolla/Desktop/RetailSense/.venv/lib/python3.12/site-packages/airflow/example_dags/example_branch_day_of_week_operator.py for tasks to queue
[2026-07-17T23:11:15.988+0530] {logging_mixin.py:190} INFO - [2026-07-17T23:11:15.988+0530] {dagbag.py:588} INFO - Filling up the DagBag from /Users/bhavishyachallagolla/Desktop/RetailSense/.venv/lib/python3.12/site-packages/airflow/example_dags/example_branch_day_of_week_operator.py
[2026-07-17T23:11:15.991+0530] {processor.py:925} INFO - DAG(s) 'example_weekday_branch_operator' retrieved from /Users/bhavishyachallagolla/Desktop/RetailSense/.venv/lib/python3.12/site-packages/airflow/example_dags/example_branch_day_of_week_operator.py
[2026-07-17T23:11:16.017+0530] {logging_mixin.py:190} INFO - [2026-07-17T23:11:16.016+0530] {dag.py:3239} INFO - Sync 1 DAGs
[2026-07-17T23:11:16.022+0530] {logging_mixin.py:190} INFO - [2026-07-17T23:11:16.022+0530] {dag.py:4180} INFO - Setting next_dagrun for example_weekday_branch_operator to 2026-07-16 00:00:00+00:00, run_after=2026-07-17 00:00:00+00:00
[2026-07-17T23:11:16.027+0530] {processor.py:208} INFO - Processing /Users/bhavishyachallagolla/Desktop/RetailSense/.venv/lib/python3.12/site-packages/airflow/example_dags/example_branch_day_of_week_operator.py took 0.040 seconds
[2026-07-17T23:12:53.241+0530] {processor.py:186} INFO - Started process (PID=96746) to work on /Users/bhavishyachallagolla/Desktop/RetailSense/.venv/lib/python3.12/site-packages/airflow/example_dags/example_branch_day_of_week_operator.py
[2026-07-17T23:12:53.241+0530] {processor.py:914} INFO - Processing file /Users/bhavishyachallagolla/Desktop/RetailSense/.venv/lib/python3.12/site-packages/airflow/example_dags/example_branch_day_of_week_operator.py for tasks to queue
[2026-07-17T23:12:53.241+0530] {logging_mixin.py:190} INFO - [2026-07-17T23:12:53.241+0530] {dagbag.py:588} INFO - Filling up the DagBag from /Users/bhavishyachallagolla/Desktop/RetailSense/.venv/lib/python3.12/site-packages/airflow/example_dags/example_branch_day_of_week_operator.py
[2026-07-17T23:12:53.244+0530] {processor.py:925} INFO - DAG(s) 'example_weekday_branch_operator' retrieved from /Users/bhavishyachallagolla/Desktop/RetailSense/.venv/lib/python3.12/site-packages/airflow/example_dags/example_branch_day_of_week_operator.py
[2026-07-17T23:12:53.270+0530] {logging_mixin.py:190} INFO - [2026-07-17T23:12:53.270+0530] {dag.py:3239} INFO - Sync 1 DAGs
[2026-07-17T23:12:53.275+0530] {logging_mixin.py:190} INFO - [2026-07-17T23:12:53.275+0530] {dag.py:4180} INFO - Setting next_dagrun for example_weekday_branch_operator to 2026-07-16 00:00:00+00:00, run_after=2026-07-17 00:00:00+00:00
[2026-07-17T23:12:53.279+0530] {processor.py:208} INFO - Processing /Users/bhavishyachallagolla/Desktop/RetailSense/.venv/lib/python3.12/site-packages/airflow/example_dags/example_branch_day_of_week_operator.py took 0.040 seconds
[2026-07-17T23:14:34.847+0530] {processor.py:186} INFO - Started process (PID=96909) to work on /Users/bhavishyachallagolla/Desktop/RetailSense/.venv/lib/python3.12/site-packages/airflow/example_dags/example_branch_day_of_week_operator.py
[2026-07-17T23:14:34.847+0530] {processor.py:914} INFO - Processing file /Users/bhavishyachallagolla/Desktop/RetailSense/.venv/lib/python3.12/site-packages/airflow/example_dags/example_branch_day_of_week_operator.py for tasks to queue
[2026-07-17T23:14:34.847+0530] {logging_mixin.py:190} INFO - [2026-07-17T23:14:34.847+0530] {dagbag.py:588} INFO - Filling up the DagBag from /Users/bhavishyachallagolla/Desktop/RetailSense/.venv/lib/python3.12/site-packages/airflow/example_dags/example_branch_day_of_week_operator.py
[2026-07-17T23:14:34.850+0530] {processor.py:925} INFO - DAG(s) 'example_weekday_branch_operator' retrieved from /Users/bhavishyachallagolla/Desktop/RetailSense/.venv/lib/python3.12/site-packages/airflow/example_dags/example_branch_day_of_week_operator.py
[2026-07-17T23:14:34.876+0530] {logging_mixin.py:190} INFO - [2026-07-17T23:14:34.875+0530] {dag.py:3239} INFO - Sync 1 DAGs
[2026-07-17T23:14:34.880+0530] {logging_mixin.py:190} INFO - [2026-07-17T23:14:34.880+0530] {dag.py:4180} INFO - Setting next_dagrun for example_weekday_branch_operator to 2026-07-16 00:00:00+00:00, run_after=2026-07-17 00:00:00+00:00
[2026-07-17T23:14:34.885+0530] {processor.py:208} INFO - Processing /Users/bhavishyachallagolla/Desktop/RetailSense/.venv/lib/python3.12/site-packages/airflow/example_dags/example_branch_day_of_week_operator.py took 0.039 seconds
[2026-07-17T23:16:19.271+0530] {processor.py:186} INFO - Started process (PID=97096) to work on /Users/bhavishyachallagolla/Desktop/RetailSense/.venv/lib/python3.12/site-packages/airflow/example_dags/example_branch_day_of_week_operator.py
[2026-07-17T23:16:19.272+0530] {processor.py:914} INFO - Processing file /Users/bhavishyachallagolla/Desktop/RetailSense/.venv/lib/python3.12/site-packages/airflow/example_dags/example_branch_day_of_week_operator.py for tasks to queue
[2026-07-17T23:16:19.272+0530] {logging_mixin.py:190} INFO - [2026-07-17T23:16:19.272+0530] {dagbag.py:588} INFO - Filling up the DagBag from /Users/bhavishyachallagolla/Desktop/RetailSense/.venv/lib/python3.12/site-packages/airflow/example_dags/example_branch_day_of_week_operator.py
[2026-07-17T23:16:19.275+0530] {processor.py:925} INFO - DAG(s) 'example_weekday_branch_operator' retrieved from /Users/bhavishyachallagolla/Desktop/RetailSense/.venv/lib/python3.12/site-packages/airflow/example_dags/example_branch_day_of_week_operator.py
[2026-07-17T23:16:19.299+0530] {logging_mixin.py:190} INFO - [2026-07-17T23:16:19.299+0530] {dag.py:3239} INFO - Sync 1 DAGs
[2026-07-17T23:16:19.304+0530] {logging_mixin.py:190} INFO - [2026-07-17T23:16:19.304+0530] {dag.py:4180} INFO - Setting next_dagrun for example_weekday_branch_operator to 2026-07-16 00:00:00+00:00, run_after=2026-07-17 00:00:00+00:00
[2026-07-17T23:16:19.309+0530] {processor.py:208} INFO - Processing /Users/bhavishyachallagolla/Desktop/RetailSense/.venv/lib/python3.12/site-packages/airflow/example_dags/example_branch_day_of_week_operator.py took 0.039 seconds
[2026-07-17T23:18:00.608+0530] {processor.py:186} INFO - Started process (PID=97324) to work on /Users/bhavishyachallagolla/Desktop/RetailSense/.venv/lib/python3.12/site-packages/airflow/example_dags/example_branch_day_of_week_operator.py
[2026-07-17T23:18:00.608+0530] {processor.py:914} INFO - Processing file /Users/bhavishyachallagolla/Desktop/RetailSense/.venv/lib/python3.12/site-packages/airflow/example_dags/example_branch_day_of_week_operator.py for tasks to queue
[2026-07-17T23:18:00.608+0530] {logging_mixin.py:190} INFO - [2026-07-17T23:18:00.608+0530] {dagbag.py:588} INFO - Filling up the DagBag from /Users/bhavishyachallagolla/Desktop/RetailSense/.venv/lib/python3.12/site-packages/airflow/example_dags/example_branch_day_of_week_operator.py
[2026-07-17T23:18:00.611+0530] {processor.py:925} INFO - DAG(s) 'example_weekday_branch_operator' retrieved from /Users/bhavishyachallagolla/Desktop/RetailSense/.venv/lib/python3.12/site-packages/airflow/example_dags/example_branch_day_of_week_operator.py
[2026-07-17T23:18:00.638+0530] {logging_mixin.py:190} INFO - [2026-07-17T23:18:00.638+0530] {dag.py:3239} INFO - Sync 1 DAGs
[2026-07-17T23:18:00.644+0530] {logging_mixin.py:190} INFO - [2026-07-17T23:18:00.643+0530] {dag.py:4180} INFO - Setting next_dagrun for example_weekday_branch_operator to 2026-07-16 00:00:00+00:00, run_after=2026-07-17 00:00:00+00:00
[2026-07-17T23:18:00.648+0530] {processor.py:208} INFO - Processing /Users/bhavishyachallagolla/Desktop/RetailSense/.venv/lib/python3.12/site-packages/airflow/example_dags/example_branch_day_of_week_operator.py took 0.042 seconds
[2026-07-17T23:19:43.210+0530] {processor.py:186} INFO - Started process (PID=97477) to work on /Users/bhavishyachallagolla/Desktop/RetailSense/.venv/lib/python3.12/site-packages/airflow/example_dags/example_branch_day_of_week_operator.py
[2026-07-17T23:19:43.210+0530] {processor.py:914} INFO - Processing file /Users/bhavishyachallagolla/Desktop/RetailSense/.venv/lib/python3.12/site-packages/airflow/example_dags/example_branch_day_of_week_operator.py for tasks to queue
[2026-07-17T23:19:43.210+0530] {logging_mixin.py:190} INFO - [2026-07-17T23:19:43.210+0530] {dagbag.py:588} INFO - Filling up the DagBag from /Users/bhavishyachallagolla/Desktop/RetailSense/.venv/lib/python3.12/site-packages/airflow/example_dags/example_branch_day_of_week_operator.py
[2026-07-17T23:19:43.213+0530] {processor.py:925} INFO - DAG(s) 'example_weekday_branch_operator' retrieved from /Users/bhavishyachallagolla/Desktop/RetailSense/.venv/lib/python3.12/site-packages/airflow/example_dags/example_branch_day_of_week_operator.py
[2026-07-17T23:19:43.238+0530] {logging_mixin.py:190} INFO - [2026-07-17T23:19:43.238+0530] {dag.py:3239} INFO - Sync 1 DAGs
[2026-07-17T23:19:43.243+0530] {logging_mixin.py:190} INFO - [2026-07-17T23:19:43.243+0530] {dag.py:4180} INFO - Setting next_dagrun for example_weekday_branch_operator to 2026-07-16 00:00:00+00:00, run_after=2026-07-17 00:00:00+00:00
[2026-07-17T23:19:43.247+0530] {processor.py:208} INFO - Processing /Users/bhavishyachallagolla/Desktop/RetailSense/.venv/lib/python3.12/site-packages/airflow/example_dags/example_branch_day_of_week_operator.py took 0.039 seconds
[2026-07-17T23:21:24.170+0530] {processor.py:186} INFO - Started process (PID=97628) to work on /Users/bhavishyachallagolla/Desktop/RetailSense/.venv/lib/python3.12/site-packages/airflow/example_dags/example_branch_day_of_week_operator.py
[2026-07-17T23:21:24.171+0530] {processor.py:914} INFO - Processing file /Users/bhavishyachallagolla/Desktop/RetailSense/.venv/lib/python3.12/site-packages/airflow/example_dags/example_branch_day_of_week_operator.py for tasks to queue
[2026-07-17T23:21:24.171+0530] {logging_mixin.py:190} INFO - [2026-07-17T23:21:24.171+0530] {dagbag.py:588} INFO - Filling up the DagBag from /Users/bhavishyachallagolla/Desktop/RetailSense/.venv/lib/python3.12/site-packages/airflow/example_dags/example_branch_day_of_week_operator.py
[2026-07-17T23:21:24.174+0530] {processor.py:925} INFO - DAG(s) 'example_weekday_branch_operator' retrieved from /Users/bhavishyachallagolla/Desktop/RetailSense/.venv/lib/python3.12/site-packages/airflow/example_dags/example_branch_day_of_week_operator.py
[2026-07-17T23:21:24.198+0530] {logging_mixin.py:190} INFO - [2026-07-17T23:21:24.198+0530] {dag.py:3239} INFO - Sync 1 DAGs
[2026-07-17T23:21:24.203+0530] {logging_mixin.py:190} INFO - [2026-07-17T23:21:24.203+0530] {dag.py:4180} INFO - Setting next_dagrun for example_weekday_branch_operator to 2026-07-16 00:00:00+00:00, run_after=2026-07-17 00:00:00+00:00
[2026-07-17T23:21:24.208+0530] {processor.py:208} INFO - Processing /Users/bhavishyachallagolla/Desktop/RetailSense/.venv/lib/python3.12/site-packages/airflow/example_dags/example_branch_day_of_week_operator.py took 0.038 seconds
[2026-07-17T23:23:04.619+0530] {processor.py:186} INFO - Started process (PID=97780) to work on /Users/bhavishyachallagolla/Desktop/RetailSense/.venv/lib/python3.12/site-packages/airflow/example_dags/example_branch_day_of_week_operator.py
[2026-07-17T23:23:04.619+0530] {processor.py:914} INFO - Processing file /Users/bhavishyachallagolla/Desktop/RetailSense/.venv/lib/python3.12/site-packages/airflow/example_dags/example_branch_day_of_week_operator.py for tasks to queue
[2026-07-17T23:23:04.619+0530] {logging_mixin.py:190} INFO - [2026-07-17T23:23:04.619+0530] {dagbag.py:588} INFO - Filling up the DagBag from /Users/bhavishyachallagolla/Desktop/RetailSense/.venv/lib/python3.12/site-packages/airflow/example_dags/example_branch_day_of_week_operator.py
[2026-07-17T23:23:04.622+0530] {processor.py:925} INFO - DAG(s) 'example_weekday_branch_operator' retrieved from /Users/bhavishyachallagolla/Desktop/RetailSense/.venv/lib/python3.12/site-packages/airflow/example_dags/example_branch_day_of_week_operator.py
[2026-07-17T23:23:04.647+0530] {logging_mixin.py:190} INFO - [2026-07-17T23:23:04.647+0530] {dag.py:3239} INFO - Sync 1 DAGs
[2026-07-17T23:23:04.652+0530] {logging_mixin.py:190} INFO - [2026-07-17T23:23:04.652+0530] {dag.py:4180} INFO - Setting next_dagrun for example_weekday_branch_operator to 2026-07-16 00:00:00+00:00, run_after=2026-07-17 00:00:00+00:00
[2026-07-17T23:23:04.656+0530] {processor.py:208} INFO - Processing /Users/bhavishyachallagolla/Desktop/RetailSense/.venv/lib/python3.12/site-packages/airflow/example_dags/example_branch_day_of_week_operator.py took 0.039 seconds
[2026-07-17T23:24:45.587+0530] {processor.py:186} INFO - Started process (PID=97930) to work on /Users/bhavishyachallagolla/Desktop/RetailSense/.venv/lib/python3.12/site-packages/airflow/example_dags/example_branch_day_of_week_operator.py
[2026-07-17T23:24:45.587+0530] {processor.py:914} INFO - Processing file /Users/bhavishyachallagolla/Desktop/RetailSense/.venv/lib/python3.12/site-packages/airflow/example_dags/example_branch_day_of_week_operator.py for tasks to queue
[2026-07-17T23:24:45.588+0530] {logging_mixin.py:190} INFO - [2026-07-17T23:24:45.588+0530] {dagbag.py:588} INFO - Filling up the DagBag from /Users/bhavishyachallagolla/Desktop/RetailSense/.venv/lib/python3.12/site-packages/airflow/example_dags/example_branch_day_of_week_operator.py
[2026-07-17T23:24:45.591+0530] {processor.py:925} INFO - DAG(s) 'example_weekday_branch_operator' retrieved from /Users/bhavishyachallagolla/Desktop/RetailSense/.venv/lib/python3.12/site-packages/airflow/example_dags/example_branch_day_of_week_operator.py
[2026-07-17T23:24:45.615+0530] {logging_mixin.py:190} INFO - [2026-07-17T23:24:45.615+0530] {dag.py:3239} INFO - Sync 1 DAGs
[2026-07-17T23:24:45.620+0530] {logging_mixin.py:190} INFO - [2026-07-17T23:24:45.620+0530] {dag.py:4180} INFO - Setting next_dagrun for example_weekday_branch_operator to 2026-07-16 00:00:00+00:00, run_after=2026-07-17 00:00:00+00:00
[2026-07-17T23:24:45.624+0530] {processor.py:208} INFO - Processing /Users/bhavishyachallagolla/Desktop/RetailSense/.venv/lib/python3.12/site-packages/airflow/example_dags/example_branch_day_of_week_operator.py took 0.038 seconds
[2026-07-17T23:26:26.596+0530] {processor.py:186} INFO - Started process (PID=98081) to work on /Users/bhavishyachallagolla/Desktop/RetailSense/.venv/lib/python3.12/site-packages/airflow/example_dags/example_branch_day_of_week_operator.py
[2026-07-17T23:26:26.596+0530] {processor.py:914} INFO - Processing file /Users/bhavishyachallagolla/Desktop/RetailSense/.venv/lib/python3.12/site-packages/airflow/example_dags/example_branch_day_of_week_operator.py for tasks to queue
[2026-07-17T23:26:26.596+0530] {logging_mixin.py:190} INFO - [2026-07-17T23:26:26.596+0530] {dagbag.py:588} INFO - Filling up the DagBag from /Users/bhavishyachallagolla/Desktop/RetailSense/.venv/lib/python3.12/site-packages/airflow/example_dags/example_branch_day_of_week_operator.py
[2026-07-17T23:26:26.599+0530] {processor.py:925} INFO - DAG(s) 'example_weekday_branch_operator' retrieved from /Users/bhavishyachallagolla/Desktop/RetailSense/.venv/lib/python3.12/site-packages/airflow/example_dags/example_branch_day_of_week_operator.py
[2026-07-17T23:26:26.625+0530] {logging_mixin.py:190} INFO - [2026-07-17T23:26:26.625+0530] {dag.py:3239} INFO - Sync 1 DAGs
[2026-07-17T23:26:26.630+0530] {logging_mixin.py:190} INFO - [2026-07-17T23:26:26.630+0530] {dag.py:4180} INFO - Setting next_dagrun for example_weekday_branch_operator to 2026-07-16 00:00:00+00:00, run_after=2026-07-17 00:00:00+00:00
[2026-07-17T23:26:26.634+0530] {processor.py:208} INFO - Processing /Users/bhavishyachallagolla/Desktop/RetailSense/.venv/lib/python3.12/site-packages/airflow/example_dags/example_branch_day_of_week_operator.py took 0.040 seconds
[2026-07-17T23:28:10.272+0530] {processor.py:186} INFO - Started process (PID=98244) to work on /Users/bhavishyachallagolla/Desktop/RetailSense/.venv/lib/python3.12/site-packages/airflow/example_dags/example_branch_day_of_week_operator.py
[2026-07-17T23:28:10.272+0530] {processor.py:914} INFO - Processing file /Users/bhavishyachallagolla/Desktop/RetailSense/.venv/lib/python3.12/site-packages/airflow/example_dags/example_branch_day_of_week_operator.py for tasks to queue
[2026-07-17T23:28:10.272+0530] {logging_mixin.py:190} INFO - [2026-07-17T23:28:10.272+0530] {dagbag.py:588} INFO - Filling up the DagBag from /Users/bhavishyachallagolla/Desktop/RetailSense/.venv/lib/python3.12/site-packages/airflow/example_dags/example_branch_day_of_week_operator.py
[2026-07-17T23:28:10.275+0530] {processor.py:925} INFO - DAG(s) 'example_weekday_branch_operator' retrieved from /Users/bhavishyachallagolla/Desktop/RetailSense/.venv/lib/python3.12/site-packages/airflow/example_dags/example_branch_day_of_week_operator.py
[2026-07-17T23:28:10.301+0530] {logging_mixin.py:190} INFO - [2026-07-17T23:28:10.301+0530] {dag.py:3239} INFO - Sync 1 DAGs
[2026-07-17T23:28:10.307+0530] {logging_mixin.py:190} INFO - [2026-07-17T23:28:10.307+0530] {dag.py:4180} INFO - Setting next_dagrun for example_weekday_branch_operator to 2026-07-16 00:00:00+00:00, run_after=2026-07-17 00:00:00+00:00
[2026-07-17T23:28:10.311+0530] {processor.py:208} INFO - Processing /Users/bhavishyachallagolla/Desktop/RetailSense/.venv/lib/python3.12/site-packages/airflow/example_dags/example_branch_day_of_week_operator.py took 0.041 seconds
[2026-07-17T23:29:51.401+0530] {processor.py:186} INFO - Started process (PID=98398) to work on /Users/bhavishyachallagolla/Desktop/RetailSense/.venv/lib/python3.12/site-packages/airflow/example_dags/example_branch_day_of_week_operator.py
[2026-07-17T23:29:51.401+0530] {processor.py:914} INFO - Processing file /Users/bhavishyachallagolla/Desktop/RetailSense/.venv/lib/python3.12/site-packages/airflow/example_dags/example_branch_day_of_week_operator.py for tasks to queue
[2026-07-17T23:29:51.402+0530] {logging_mixin.py:190} INFO - [2026-07-17T23:29:51.402+0530] {dagbag.py:588} INFO - Filling up the DagBag from /Users/bhavishyachallagolla/Desktop/RetailSense/.venv/lib/python3.12/site-packages/airflow/example_dags/example_branch_day_of_week_operator.py
[2026-07-17T23:29:51.405+0530] {processor.py:925} INFO - DAG(s) 'example_weekday_branch_operator' retrieved from /Users/bhavishyachallagolla/Desktop/RetailSense/.venv/lib/python3.12/site-packages/airflow/example_dags/example_branch_day_of_week_operator.py
[2026-07-17T23:29:51.432+0530] {logging_mixin.py:190} INFO - [2026-07-17T23:29:51.432+0530] {dag.py:3239} INFO - Sync 1 DAGs
[2026-07-17T23:29:51.437+0530] {logging_mixin.py:190} INFO - [2026-07-17T23:29:51.437+0530] {dag.py:4180} INFO - Setting next_dagrun for example_weekday_branch_operator to 2026-07-16 00:00:00+00:00, run_after=2026-07-17 00:00:00+00:00
[2026-07-17T23:29:51.442+0530] {processor.py:208} INFO - Processing /Users/bhavishyachallagolla/Desktop/RetailSense/.venv/lib/python3.12/site-packages/airflow/example_dags/example_branch_day_of_week_operator.py took 0.042 seconds
[2026-07-17T23:31:36.924+0530] {processor.py:186} INFO - Started process (PID=98596) to work on /Users/bhavishyachallagolla/Desktop/RetailSense/.venv/lib/python3.12/site-packages/airflow/example_dags/example_branch_day_of_week_operator.py
[2026-07-17T23:31:36.925+0530] {processor.py:914} INFO - Processing file /Users/bhavishyachallagolla/Desktop/RetailSense/.venv/lib/python3.12/site-packages/airflow/example_dags/example_branch_day_of_week_operator.py for tasks to queue
[2026-07-17T23:31:36.925+0530] {logging_mixin.py:190} INFO - [2026-07-17T23:31:36.925+0530] {dagbag.py:588} INFO - Filling up the DagBag from /Users/bhavishyachallagolla/Desktop/RetailSense/.venv/lib/python3.12/site-packages/airflow/example_dags/example_branch_day_of_week_operator.py
[2026-07-17T23:31:36.929+0530] {processor.py:925} INFO - DAG(s) 'example_weekday_branch_operator' retrieved from /Users/bhavishyachallagolla/Desktop/RetailSense/.venv/lib/python3.12/site-packages/airflow/example_dags/example_branch_day_of_week_operator.py
[2026-07-17T23:31:36.955+0530] {logging_mixin.py:190} INFO - [2026-07-17T23:31:36.955+0530] {dag.py:3239} INFO - Sync 1 DAGs
[2026-07-17T23:31:36.960+0530] {logging_mixin.py:190} INFO - [2026-07-17T23:31:36.960+0530] {dag.py:4180} INFO - Setting next_dagrun for example_weekday_branch_operator to 2026-07-16 00:00:00+00:00, run_after=2026-07-17 00:00:00+00:00
[2026-07-17T23:31:36.965+0530] {processor.py:208} INFO - Processing /Users/bhavishyachallagolla/Desktop/RetailSense/.venv/lib/python3.12/site-packages/airflow/example_dags/example_branch_day_of_week_operator.py took 0.042 seconds
[2026-07-17T23:33:26.600+0530] {processor.py:186} INFO - Started process (PID=98765) to work on /Users/bhavishyachallagolla/Desktop/RetailSense/.venv/lib/python3.12/site-packages/airflow/example_dags/example_branch_day_of_week_operator.py
[2026-07-17T23:33:26.601+0530] {processor.py:914} INFO - Processing file /Users/bhavishyachallagolla/Desktop/RetailSense/.venv/lib/python3.12/site-packages/airflow/example_dags/example_branch_day_of_week_operator.py for tasks to queue
[2026-07-17T23:33:26.601+0530] {logging_mixin.py:190} INFO - [2026-07-17T23:33:26.601+0530] {dagbag.py:588} INFO - Filling up the DagBag from /Users/bhavishyachallagolla/Desktop/RetailSense/.venv/lib/python3.12/site-packages/airflow/example_dags/example_branch_day_of_week_operator.py
[2026-07-17T23:33:26.605+0530] {processor.py:925} INFO - DAG(s) 'example_weekday_branch_operator' retrieved from /Users/bhavishyachallagolla/Desktop/RetailSense/.venv/lib/python3.12/site-packages/airflow/example_dags/example_branch_day_of_week_operator.py
[2026-07-17T23:33:26.630+0530] {logging_mixin.py:190} INFO - [2026-07-17T23:33:26.629+0530] {dag.py:3239} INFO - Sync 1 DAGs
[2026-07-17T23:33:26.635+0530] {logging_mixin.py:190} INFO - [2026-07-17T23:33:26.634+0530] {dag.py:4180} INFO - Setting next_dagrun for example_weekday_branch_operator to 2026-07-16 00:00:00+00:00, run_after=2026-07-17 00:00:00+00:00
[2026-07-17T23:33:26.639+0530] {processor.py:208} INFO - Processing /Users/bhavishyachallagolla/Desktop/RetailSense/.venv/lib/python3.12/site-packages/airflow/example_dags/example_branch_day_of_week_operator.py took 0.041 seconds
[2026-07-17T23:35:11.667+0530] {processor.py:186} INFO - Started process (PID=98933) to work on /Users/bhavishyachallagolla/Desktop/RetailSense/.venv/lib/python3.12/site-packages/airflow/example_dags/example_branch_day_of_week_operator.py
[2026-07-17T23:35:11.667+0530] {processor.py:914} INFO - Processing file /Users/bhavishyachallagolla/Desktop/RetailSense/.venv/lib/python3.12/site-packages/airflow/example_dags/example_branch_day_of_week_operator.py for tasks to queue
[2026-07-17T23:35:11.667+0530] {logging_mixin.py:190} INFO - [2026-07-17T23:35:11.667+0530] {dagbag.py:588} INFO - Filling up the DagBag from /Users/bhavishyachallagolla/Desktop/RetailSense/.venv/lib/python3.12/site-packages/airflow/example_dags/example_branch_day_of_week_operator.py
[2026-07-17T23:35:11.670+0530] {processor.py:925} INFO - DAG(s) 'example_weekday_branch_operator' retrieved from /Users/bhavishyachallagolla/Desktop/RetailSense/.venv/lib/python3.12/site-packages/airflow/example_dags/example_branch_day_of_week_operator.py
[2026-07-17T23:35:11.695+0530] {logging_mixin.py:190} INFO - [2026-07-17T23:35:11.695+0530] {dag.py:3239} INFO - Sync 1 DAGs
[2026-07-17T23:35:11.701+0530] {logging_mixin.py:190} INFO - [2026-07-17T23:35:11.700+0530] {dag.py:4180} INFO - Setting next_dagrun for example_weekday_branch_operator to 2026-07-16 00:00:00+00:00, run_after=2026-07-17 00:00:00+00:00
[2026-07-17T23:35:11.705+0530] {processor.py:208} INFO - Processing /Users/bhavishyachallagolla/Desktop/RetailSense/.venv/lib/python3.12/site-packages/airflow/example_dags/example_branch_day_of_week_operator.py took 0.040 seconds
[2026-07-17T23:36:52.850+0530] {processor.py:186} INFO - Started process (PID=99086) to work on /Users/bhavishyachallagolla/Desktop/RetailSense/.venv/lib/python3.12/site-packages/airflow/example_dags/example_branch_day_of_week_operator.py
[2026-07-17T23:36:52.850+0530] {processor.py:914} INFO - Processing file /Users/bhavishyachallagolla/Desktop/RetailSense/.venv/lib/python3.12/site-packages/airflow/example_dags/example_branch_day_of_week_operator.py for tasks to queue
[2026-07-17T23:36:52.850+0530] {logging_mixin.py:190} INFO - [2026-07-17T23:36:52.850+0530] {dagbag.py:588} INFO - Filling up the DagBag from /Users/bhavishyachallagolla/Desktop/RetailSense/.venv/lib/python3.12/site-packages/airflow/example_dags/example_branch_day_of_week_operator.py
[2026-07-17T23:36:52.853+0530] {processor.py:925} INFO - DAG(s) 'example_weekday_branch_operator' retrieved from /Users/bhavishyachallagolla/Desktop/RetailSense/.venv/lib/python3.12/site-packages/airflow/example_dags/example_branch_day_of_week_operator.py
[2026-07-17T23:36:52.878+0530] {logging_mixin.py:190} INFO - [2026-07-17T23:36:52.878+0530] {dag.py:3239} INFO - Sync 1 DAGs
[2026-07-17T23:36:52.883+0530] {logging_mixin.py:190} INFO - [2026-07-17T23:36:52.883+0530] {dag.py:4180} INFO - Setting next_dagrun for example_weekday_branch_operator to 2026-07-16 00:00:00+00:00, run_after=2026-07-17 00:00:00+00:00
[2026-07-17T23:36:52.888+0530] {processor.py:208} INFO - Processing /Users/bhavishyachallagolla/Desktop/RetailSense/.venv/lib/python3.12/site-packages/airflow/example_dags/example_branch_day_of_week_operator.py took 0.039 seconds
[2026-07-17T23:38:35.393+0530] {processor.py:186} INFO - Started process (PID=99248) to work on /Users/bhavishyachallagolla/Desktop/RetailSense/.venv/lib/python3.12/site-packages/airflow/example_dags/example_branch_day_of_week_operator.py
[2026-07-17T23:38:35.393+0530] {processor.py:914} INFO - Processing file /Users/bhavishyachallagolla/Desktop/RetailSense/.venv/lib/python3.12/site-packages/airflow/example_dags/example_branch_day_of_week_operator.py for tasks to queue
[2026-07-17T23:38:35.394+0530] {logging_mixin.py:190} INFO - [2026-07-17T23:38:35.394+0530] {dagbag.py:588} INFO - Filling up the DagBag from /Users/bhavishyachallagolla/Desktop/RetailSense/.venv/lib/python3.12/site-packages/airflow/example_dags/example_branch_day_of_week_operator.py
[2026-07-17T23:38:35.397+0530] {processor.py:925} INFO - DAG(s) 'example_weekday_branch_operator' retrieved from /Users/bhavishyachallagolla/Desktop/RetailSense/.venv/lib/python3.12/site-packages/airflow/example_dags/example_branch_day_of_week_operator.py
[2026-07-17T23:38:35.422+0530] {logging_mixin.py:190} INFO - [2026-07-17T23:38:35.421+0530] {dag.py:3239} INFO - Sync 1 DAGs
[2026-07-17T23:38:35.427+0530] {logging_mixin.py:190} INFO - [2026-07-17T23:38:35.427+0530] {dag.py:4180} INFO - Setting next_dagrun for example_weekday_branch_operator to 2026-07-16 00:00:00+00:00, run_after=2026-07-17 00:00:00+00:00
[2026-07-17T23:38:35.431+0530] {processor.py:208} INFO - Processing /Users/bhavishyachallagolla/Desktop/RetailSense/.venv/lib/python3.12/site-packages/airflow/example_dags/example_branch_day_of_week_operator.py took 0.039 seconds
[2026-07-17T23:40:16.444+0530] {processor.py:186} INFO - Started process (PID=99398) to work on /Users/bhavishyachallagolla/Desktop/RetailSense/.venv/lib/python3.12/site-packages/airflow/example_dags/example_branch_day_of_week_operator.py
[2026-07-17T23:40:16.445+0530] {processor.py:914} INFO - Processing file /Users/bhavishyachallagolla/Desktop/RetailSense/.venv/lib/python3.12/site-packages/airflow/example_dags/example_branch_day_of_week_operator.py for tasks to queue
[2026-07-17T23:40:16.445+0530] {logging_mixin.py:190} INFO - [2026-07-17T23:40:16.445+0530] {dagbag.py:588} INFO - Filling up the DagBag from /Users/bhavishyachallagolla/Desktop/RetailSense/.venv/lib/python3.12/site-packages/airflow/example_dags/example_branch_day_of_week_operator.py
[2026-07-17T23:40:16.448+0530] {processor.py:925} INFO - DAG(s) 'example_weekday_branch_operator' retrieved from /Users/bhavishyachallagolla/Desktop/RetailSense/.venv/lib/python3.12/site-packages/airflow/example_dags/example_branch_day_of_week_operator.py
[2026-07-17T23:40:16.473+0530] {logging_mixin.py:190} INFO - [2026-07-17T23:40:16.473+0530] {dag.py:3239} INFO - Sync 1 DAGs
[2026-07-17T23:40:16.478+0530] {logging_mixin.py:190} INFO - [2026-07-17T23:40:16.478+0530] {dag.py:4180} INFO - Setting next_dagrun for example_weekday_branch_operator to 2026-07-16 00:00:00+00:00, run_after=2026-07-17 00:00:00+00:00
[2026-07-17T23:40:16.483+0530] {processor.py:208} INFO - Processing /Users/bhavishyachallagolla/Desktop/RetailSense/.venv/lib/python3.12/site-packages/airflow/example_dags/example_branch_day_of_week_operator.py took 0.039 seconds
[2026-07-17T23:42:01.467+0530] {processor.py:186} INFO - Started process (PID=99559) to work on /Users/bhavishyachallagolla/Desktop/RetailSense/.venv/lib/python3.12/site-packages/airflow/example_dags/example_branch_day_of_week_operator.py
[2026-07-17T23:42:01.468+0530] {processor.py:914} INFO - Processing file /Users/bhavishyachallagolla/Desktop/RetailSense/.venv/lib/python3.12/site-packages/airflow/example_dags/example_branch_day_of_week_operator.py for tasks to queue
[2026-07-17T23:42:01.468+0530] {logging_mixin.py:190} INFO - [2026-07-17T23:42:01.468+0530] {dagbag.py:588} INFO - Filling up the DagBag from /Users/bhavishyachallagolla/Desktop/RetailSense/.venv/lib/python3.12/site-packages/airflow/example_dags/example_branch_day_of_week_operator.py
[2026-07-17T23:42:01.471+0530] {processor.py:925} INFO - DAG(s) 'example_weekday_branch_operator' retrieved from /Users/bhavishyachallagolla/Desktop/RetailSense/.venv/lib/python3.12/site-packages/airflow/example_dags/example_branch_day_of_week_operator.py
[2026-07-17T23:42:01.496+0530] {logging_mixin.py:190} INFO - [2026-07-17T23:42:01.496+0530] {dag.py:3239} INFO - Sync 1 DAGs
[2026-07-17T23:42:01.501+0530] {logging_mixin.py:190} INFO - [2026-07-17T23:42:01.501+0530] {dag.py:4180} INFO - Setting next_dagrun for example_weekday_branch_operator to 2026-07-16 00:00:00+00:00, run_after=2026-07-17 00:00:00+00:00
[2026-07-17T23:42:01.505+0530] {processor.py:208} INFO - Processing /Users/bhavishyachallagolla/Desktop/RetailSense/.venv/lib/python3.12/site-packages/airflow/example_dags/example_branch_day_of_week_operator.py took 0.039 seconds
[2026-07-17T23:43:40.560+0530] {processor.py:186} INFO - Started process (PID=99712) to work on /Users/bhavishyachallagolla/Desktop/RetailSense/.venv/lib/python3.12/site-packages/airflow/example_dags/example_branch_day_of_week_operator.py
[2026-07-17T23:43:40.561+0530] {processor.py:914} INFO - Processing file /Users/bhavishyachallagolla/Desktop/RetailSense/.venv/lib/python3.12/site-packages/airflow/example_dags/example_branch_day_of_week_operator.py for tasks to queue
[2026-07-17T23:43:40.561+0530] {logging_mixin.py:190} INFO - [2026-07-17T23:43:40.561+0530] {dagbag.py:588} INFO - Filling up the DagBag from /Users/bhavishyachallagolla/Desktop/RetailSense/.venv/lib/python3.12/site-packages/airflow/example_dags/example_branch_day_of_week_operator.py
[2026-07-17T23:43:40.564+0530] {processor.py:925} INFO - DAG(s) 'example_weekday_branch_operator' retrieved from /Users/bhavishyachallagolla/Desktop/RetailSense/.venv/lib/python3.12/site-packages/airflow/example_dags/example_branch_day_of_week_operator.py
[2026-07-17T23:43:40.590+0530] {logging_mixin.py:190} INFO - [2026-07-17T23:43:40.590+0530] {dag.py:3239} INFO - Sync 1 DAGs
[2026-07-17T23:43:40.595+0530] {logging_mixin.py:190} INFO - [2026-07-17T23:43:40.595+0530] {dag.py:4180} INFO - Setting next_dagrun for example_weekday_branch_operator to 2026-07-16 00:00:00+00:00, run_after=2026-07-17 00:00:00+00:00
[2026-07-17T23:43:40.599+0530] {processor.py:208} INFO - Processing /Users/bhavishyachallagolla/Desktop/RetailSense/.venv/lib/python3.12/site-packages/airflow/example_dags/example_branch_day_of_week_operator.py took 0.041 seconds
[2026-07-17T23:45:23.585+0530] {processor.py:186} INFO - Started process (PID=99867) to work on /Users/bhavishyachallagolla/Desktop/RetailSense/.venv/lib/python3.12/site-packages/airflow/example_dags/example_branch_day_of_week_operator.py
[2026-07-17T23:45:23.585+0530] {processor.py:914} INFO - Processing file /Users/bhavishyachallagolla/Desktop/RetailSense/.venv/lib/python3.12/site-packages/airflow/example_dags/example_branch_day_of_week_operator.py for tasks to queue
[2026-07-17T23:45:23.586+0530] {logging_mixin.py:190} INFO - [2026-07-17T23:45:23.586+0530] {dagbag.py:588} INFO - Filling up the DagBag from /Users/bhavishyachallagolla/Desktop/RetailSense/.venv/lib/python3.12/site-packages/airflow/example_dags/example_branch_day_of_week_operator.py
[2026-07-17T23:45:23.589+0530] {processor.py:925} INFO - DAG(s) 'example_weekday_branch_operator' retrieved from /Users/bhavishyachallagolla/Desktop/RetailSense/.venv/lib/python3.12/site-packages/airflow/example_dags/example_branch_day_of_week_operator.py
[2026-07-17T23:45:23.614+0530] {logging_mixin.py:190} INFO - [2026-07-17T23:45:23.614+0530] {dag.py:3239} INFO - Sync 1 DAGs
[2026-07-17T23:45:23.619+0530] {logging_mixin.py:190} INFO - [2026-07-17T23:45:23.619+0530] {dag.py:4180} INFO - Setting next_dagrun for example_weekday_branch_operator to 2026-07-16 00:00:00+00:00, run_after=2026-07-17 00:00:00+00:00
[2026-07-17T23:45:23.624+0530] {processor.py:208} INFO - Processing /Users/bhavishyachallagolla/Desktop/RetailSense/.venv/lib/python3.12/site-packages/airflow/example_dags/example_branch_day_of_week_operator.py took 0.040 seconds
[2026-07-17T23:47:07.258+0530] {processor.py:186} INFO - Started process (PID=128) to work on /Users/bhavishyachallagolla/Desktop/RetailSense/.venv/lib/python3.12/site-packages/airflow/example_dags/example_branch_day_of_week_operator.py
[2026-07-17T23:47:07.258+0530] {processor.py:914} INFO - Processing file /Users/bhavishyachallagolla/Desktop/RetailSense/.venv/lib/python3.12/site-packages/airflow/example_dags/example_branch_day_of_week_operator.py for tasks to queue
[2026-07-17T23:47:07.258+0530] {logging_mixin.py:190} INFO - [2026-07-17T23:47:07.258+0530] {dagbag.py:588} INFO - Filling up the DagBag from /Users/bhavishyachallagolla/Desktop/RetailSense/.venv/lib/python3.12/site-packages/airflow/example_dags/example_branch_day_of_week_operator.py
[2026-07-17T23:47:07.262+0530] {processor.py:925} INFO - DAG(s) 'example_weekday_branch_operator' retrieved from /Users/bhavishyachallagolla/Desktop/RetailSense/.venv/lib/python3.12/site-packages/airflow/example_dags/example_branch_day_of_week_operator.py
[2026-07-17T23:47:07.288+0530] {logging_mixin.py:190} INFO - [2026-07-17T23:47:07.288+0530] {dag.py:3239} INFO - Sync 1 DAGs
[2026-07-17T23:47:07.293+0530] {logging_mixin.py:190} INFO - [2026-07-17T23:47:07.293+0530] {dag.py:4180} INFO - Setting next_dagrun for example_weekday_branch_operator to 2026-07-16 00:00:00+00:00, run_after=2026-07-17 00:00:00+00:00
[2026-07-17T23:47:07.298+0530] {processor.py:208} INFO - Processing /Users/bhavishyachallagolla/Desktop/RetailSense/.venv/lib/python3.12/site-packages/airflow/example_dags/example_branch_day_of_week_operator.py took 0.042 seconds
[2026-07-17T23:49:08.784+0530] {processor.py:186} INFO - Started process (PID=317) to work on /Users/bhavishyachallagolla/Desktop/RetailSense/.venv/lib/python3.12/site-packages/airflow/example_dags/example_branch_day_of_week_operator.py
[2026-07-17T23:49:08.785+0530] {processor.py:914} INFO - Processing file /Users/bhavishyachallagolla/Desktop/RetailSense/.venv/lib/python3.12/site-packages/airflow/example_dags/example_branch_day_of_week_operator.py for tasks to queue
[2026-07-17T23:49:08.785+0530] {logging_mixin.py:190} INFO - [2026-07-17T23:49:08.785+0530] {dagbag.py:588} INFO - Filling up the DagBag from /Users/bhavishyachallagolla/Desktop/RetailSense/.venv/lib/python3.12/site-packages/airflow/example_dags/example_branch_day_of_week_operator.py
[2026-07-17T23:49:08.788+0530] {processor.py:925} INFO - DAG(s) 'example_weekday_branch_operator' retrieved from /Users/bhavishyachallagolla/Desktop/RetailSense/.venv/lib/python3.12/site-packages/airflow/example_dags/example_branch_day_of_week_operator.py
[2026-07-17T23:49:08.812+0530] {logging_mixin.py:190} INFO - [2026-07-17T23:49:08.812+0530] {dag.py:3239} INFO - Sync 1 DAGs
[2026-07-17T23:49:08.818+0530] {logging_mixin.py:190} INFO - [2026-07-17T23:49:08.817+0530] {dag.py:4180} INFO - Setting next_dagrun for example_weekday_branch_operator to 2026-07-16 00:00:00+00:00, run_after=2026-07-17 00:00:00+00:00
[2026-07-17T23:49:08.822+0530] {processor.py:208} INFO - Processing /Users/bhavishyachallagolla/Desktop/RetailSense/.venv/lib/python3.12/site-packages/airflow/example_dags/example_branch_day_of_week_operator.py took 0.039 seconds
[2026-07-17T23:50:53.100+0530] {processor.py:186} INFO - Started process (PID=551) to work on /Users/bhavishyachallagolla/Desktop/RetailSense/.venv/lib/python3.12/site-packages/airflow/example_dags/example_branch_day_of_week_operator.py
[2026-07-17T23:50:53.101+0530] {processor.py:914} INFO - Processing file /Users/bhavishyachallagolla/Desktop/RetailSense/.venv/lib/python3.12/site-packages/airflow/example_dags/example_branch_day_of_week_operator.py for tasks to queue
[2026-07-17T23:50:53.101+0530] {logging_mixin.py:190} INFO - [2026-07-17T23:50:53.101+0530] {dagbag.py:588} INFO - Filling up the DagBag from /Users/bhavishyachallagolla/Desktop/RetailSense/.venv/lib/python3.12/site-packages/airflow/example_dags/example_branch_day_of_week_operator.py
[2026-07-17T23:50:53.104+0530] {processor.py:925} INFO - DAG(s) 'example_weekday_branch_operator' retrieved from /Users/bhavishyachallagolla/Desktop/RetailSense/.venv/lib/python3.12/site-packages/airflow/example_dags/example_branch_day_of_week_operator.py
[2026-07-17T23:50:53.129+0530] {logging_mixin.py:190} INFO - [2026-07-17T23:50:53.129+0530] {dag.py:3239} INFO - Sync 1 DAGs
[2026-07-17T23:50:53.134+0530] {logging_mixin.py:190} INFO - [2026-07-17T23:50:53.134+0530] {dag.py:4180} INFO - Setting next_dagrun for example_weekday_branch_operator to 2026-07-16 00:00:00+00:00, run_after=2026-07-17 00:00:00+00:00
[2026-07-17T23:50:53.139+0530] {processor.py:208} INFO - Processing /Users/bhavishyachallagolla/Desktop/RetailSense/.venv/lib/python3.12/site-packages/airflow/example_dags/example_branch_day_of_week_operator.py took 0.040 seconds
[2026-07-17T23:52:34.803+0530] {processor.py:186} INFO - Started process (PID=796) to work on /Users/bhavishyachallagolla/Desktop/RetailSense/.venv/lib/python3.12/site-packages/airflow/example_dags/example_branch_day_of_week_operator.py
[2026-07-17T23:52:34.804+0530] {processor.py:914} INFO - Processing file /Users/bhavishyachallagolla/Desktop/RetailSense/.venv/lib/python3.12/site-packages/airflow/example_dags/example_branch_day_of_week_operator.py for tasks to queue
[2026-07-17T23:52:34.804+0530] {logging_mixin.py:190} INFO - [2026-07-17T23:52:34.804+0530] {dagbag.py:588} INFO - Filling up the DagBag from /Users/bhavishyachallagolla/Desktop/RetailSense/.venv/lib/python3.12/site-packages/airflow/example_dags/example_branch_day_of_week_operator.py
[2026-07-17T23:52:34.807+0530] {processor.py:925} INFO - DAG(s) 'example_weekday_branch_operator' retrieved from /Users/bhavishyachallagolla/Desktop/RetailSense/.venv/lib/python3.12/site-packages/airflow/example_dags/example_branch_day_of_week_operator.py
[2026-07-17T23:52:34.832+0530] {logging_mixin.py:190} INFO - [2026-07-17T23:52:34.832+0530] {dag.py:3239} INFO - Sync 1 DAGs
[2026-07-17T23:52:34.837+0530] {logging_mixin.py:190} INFO - [2026-07-17T23:52:34.837+0530] {dag.py:4180} INFO - Setting next_dagrun for example_weekday_branch_operator to 2026-07-16 00:00:00+00:00, run_after=2026-07-17 00:00:00+00:00
[2026-07-17T23:52:34.842+0530] {processor.py:208} INFO - Processing /Users/bhavishyachallagolla/Desktop/RetailSense/.venv/lib/python3.12/site-packages/airflow/example_dags/example_branch_day_of_week_operator.py took 0.039 seconds
[2026-07-17T23:54:24.566+0530] {processor.py:186} INFO - Started process (PID=1005) to work on /Users/bhavishyachallagolla/Desktop/RetailSense/.venv/lib/python3.12/site-packages/airflow/example_dags/example_branch_day_of_week_operator.py
[2026-07-17T23:54:24.567+0530] {processor.py:914} INFO - Processing file /Users/bhavishyachallagolla/Desktop/RetailSense/.venv/lib/python3.12/site-packages/airflow/example_dags/example_branch_day_of_week_operator.py for tasks to queue
[2026-07-17T23:54:24.567+0530] {logging_mixin.py:190} INFO - [2026-07-17T23:54:24.567+0530] {dagbag.py:588} INFO - Filling up the DagBag from /Users/bhavishyachallagolla/Desktop/RetailSense/.venv/lib/python3.12/site-packages/airflow/example_dags/example_branch_day_of_week_operator.py
[2026-07-17T23:54:24.570+0530] {processor.py:925} INFO - DAG(s) 'example_weekday_branch_operator' retrieved from /Users/bhavishyachallagolla/Desktop/RetailSense/.venv/lib/python3.12/site-packages/airflow/example_dags/example_branch_day_of_week_operator.py
[2026-07-17T23:54:24.595+0530] {logging_mixin.py:190} INFO - [2026-07-17T23:54:24.594+0530] {dag.py:3239} INFO - Sync 1 DAGs
[2026-07-17T23:54:24.599+0530] {logging_mixin.py:190} INFO - [2026-07-17T23:54:24.599+0530] {dag.py:4180} INFO - Setting next_dagrun for example_weekday_branch_operator to 2026-07-16 00:00:00+00:00, run_after=2026-07-17 00:00:00+00:00
[2026-07-17T23:54:24.604+0530] {processor.py:208} INFO - Processing /Users/bhavishyachallagolla/Desktop/RetailSense/.venv/lib/python3.12/site-packages/airflow/example_dags/example_branch_day_of_week_operator.py took 0.038 seconds
[2026-07-17T23:56:26.185+0530] {processor.py:186} INFO - Started process (PID=1208) to work on /Users/bhavishyachallagolla/Desktop/RetailSense/.venv/lib/python3.12/site-packages/airflow/example_dags/example_branch_day_of_week_operator.py
[2026-07-17T23:56:26.186+0530] {processor.py:914} INFO - Processing file /Users/bhavishyachallagolla/Desktop/RetailSense/.venv/lib/python3.12/site-packages/airflow/example_dags/example_branch_day_of_week_operator.py for tasks to queue
[2026-07-17T23:56:26.186+0530] {logging_mixin.py:190} INFO - [2026-07-17T23:56:26.186+0530] {dagbag.py:588} INFO - Filling up the DagBag from /Users/bhavishyachallagolla/Desktop/RetailSense/.venv/lib/python3.12/site-packages/airflow/example_dags/example_branch_day_of_week_operator.py
[2026-07-17T23:56:26.189+0530] {processor.py:925} INFO - DAG(s) 'example_weekday_branch_operator' retrieved from /Users/bhavishyachallagolla/Desktop/RetailSense/.venv/lib/python3.12/site-packages/airflow/example_dags/example_branch_day_of_week_operator.py
[2026-07-17T23:56:26.214+0530] {logging_mixin.py:190} INFO - [2026-07-17T23:56:26.214+0530] {dag.py:3239} INFO - Sync 1 DAGs
[2026-07-17T23:56:26.219+0530] {logging_mixin.py:190} INFO - [2026-07-17T23:56:26.219+0530] {dag.py:4180} INFO - Setting next_dagrun for example_weekday_branch_operator to 2026-07-16 00:00:00+00:00, run_after=2026-07-17 00:00:00+00:00
[2026-07-17T23:56:26.223+0530] {processor.py:208} INFO - Processing /Users/bhavishyachallagolla/Desktop/RetailSense/.venv/lib/python3.12/site-packages/airflow/example_dags/example_branch_day_of_week_operator.py took 0.039 seconds
