[2026-07-17T20:09:20.550+0530] {processor.py:186} INFO - Started process (PID=87194) to work on /Users/bhavishyachallagolla/Desktop/RetailSense/.venv/lib/python3.12/site-packages/airflow/example_dags/example_sensor_decorator.py
[2026-07-17T20:09:20.550+0530] {processor.py:914} INFO - Processing file /Users/bhavishyachallagolla/Desktop/RetailSense/.venv/lib/python3.12/site-packages/airflow/example_dags/example_sensor_decorator.py for tasks to queue
[2026-07-17T20:09:20.550+0530] {logging_mixin.py:190} INFO - [2026-07-17T20:09:20.550+0530] {dagbag.py:588} INFO - Filling up the DagBag from /Users/bhavishyachallagolla/Desktop/RetailSense/.venv/lib/python3.12/site-packages/airflow/example_dags/example_sensor_decorator.py
[2026-07-17T20:09:20.562+0530] {processor.py:925} INFO - DAG(s) 'example_sensor_decorator' retrieved from /Users/bhavishyachallagolla/Desktop/RetailSense/.venv/lib/python3.12/site-packages/airflow/example_dags/example_sensor_decorator.py
[2026-07-17T20:09:20.584+0530] {logging_mixin.py:190} INFO - [2026-07-17T20:09:20.583+0530] {workday.py:41} WARNING - Could not import pandas. Holidays will not be considered.
[2026-07-17T20:09:20.615+0530] {logging_mixin.py:190} INFO - [2026-07-17T20:09:20.614+0530] {dag.py:3239} INFO - Sync 1 DAGs
[2026-07-17T20:09:20.617+0530] {logging_mixin.py:190} INFO - [2026-07-17T20:09:20.617+0530] {dag.py:4180} INFO - Setting next_dagrun for example_sensor_decorator to None, run_after=None
[2026-07-17T20:09:20.643+0530] {processor.py:208} INFO - Processing /Users/bhavishyachallagolla/Desktop/RetailSense/.venv/lib/python3.12/site-packages/airflow/example_dags/example_sensor_decorator.py took 0.094 seconds
[2026-07-17T20:10:18.094+0530] {processor.py:186} INFO - Started process (PID=87303) to work on /Users/bhavishyachallagolla/Desktop/RetailSense/.venv/lib/python3.12/site-packages/airflow/example_dags/example_sensor_decorator.py
[2026-07-17T20:10:18.095+0530] {processor.py:914} INFO - Processing file /Users/bhavishyachallagolla/Desktop/RetailSense/.venv/lib/python3.12/site-packages/airflow/example_dags/example_sensor_decorator.py for tasks to queue
[2026-07-17T20:10:18.095+0530] {logging_mixin.py:190} INFO - [2026-07-17T20:10:18.095+0530] {dagbag.py:588} INFO - Filling up the DagBag from /Users/bhavishyachallagolla/Desktop/RetailSense/.venv/lib/python3.12/site-packages/airflow/example_dags/example_sensor_decorator.py
[2026-07-17T20:10:18.107+0530] {processor.py:925} INFO - DAG(s) 'example_sensor_decorator' retrieved from /Users/bhavishyachallagolla/Desktop/RetailSense/.venv/lib/python3.12/site-packages/airflow/example_dags/example_sensor_decorator.py
[2026-07-17T20:10:18.128+0530] {logging_mixin.py:190} INFO - [2026-07-17T20:10:18.128+0530] {workday.py:41} WARNING - Could not import pandas. Holidays will not be considered.
[2026-07-17T20:10:18.134+0530] {logging_mixin.py:190} INFO - [2026-07-17T20:10:18.134+0530] {dag.py:3239} INFO - Sync 1 DAGs
[2026-07-17T20:10:18.137+0530] {logging_mixin.py:190} INFO - [2026-07-17T20:10:18.137+0530] {dag.py:4180} INFO - Setting next_dagrun for example_sensor_decorator to None, run_after=None
[2026-07-17T20:10:18.142+0530] {processor.py:208} INFO - Processing /Users/bhavishyachallagolla/Desktop/RetailSense/.venv/lib/python3.12/site-packages/airflow/example_dags/example_sensor_decorator.py took 0.049 seconds
[2026-07-17T20:11:37.894+0530] {processor.py:186} INFO - Started process (PID=87421) to work on /Users/bhavishyachallagolla/Desktop/RetailSense/.venv/lib/python3.12/site-packages/airflow/example_dags/example_sensor_decorator.py
[2026-07-17T20:11:37.894+0530] {processor.py:914} INFO - Processing file /Users/bhavishyachallagolla/Desktop/RetailSense/.venv/lib/python3.12/site-packages/airflow/example_dags/example_sensor_decorator.py for tasks to queue
[2026-07-17T20:11:37.895+0530] {logging_mixin.py:190} INFO - [2026-07-17T20:11:37.895+0530] {dagbag.py:588} INFO - Filling up the DagBag from /Users/bhavishyachallagolla/Desktop/RetailSense/.venv/lib/python3.12/site-packages/airflow/example_dags/example_sensor_decorator.py
[2026-07-17T20:11:37.906+0530] {processor.py:925} INFO - DAG(s) 'example_sensor_decorator' retrieved from /Users/bhavishyachallagolla/Desktop/RetailSense/.venv/lib/python3.12/site-packages/airflow/example_dags/example_sensor_decorator.py
[2026-07-17T20:11:37.927+0530] {logging_mixin.py:190} INFO - [2026-07-17T20:11:37.927+0530] {workday.py:41} WARNING - Could not import pandas. Holidays will not be considered.
[2026-07-17T20:11:37.933+0530] {logging_mixin.py:190} INFO - [2026-07-17T20:11:37.933+0530] {dag.py:3239} INFO - Sync 1 DAGs
[2026-07-17T20:11:37.935+0530] {logging_mixin.py:190} INFO - [2026-07-17T20:11:37.935+0530] {dag.py:4180} INFO - Setting next_dagrun for example_sensor_decorator to None, run_after=None
[2026-07-17T20:11:37.940+0530] {processor.py:208} INFO - Processing /Users/bhavishyachallagolla/Desktop/RetailSense/.venv/lib/python3.12/site-packages/airflow/example_dags/example_sensor_decorator.py took 0.047 seconds
[2026-07-17T20:13:18.353+0530] {processor.py:186} INFO - Started process (PID=87573) to work on /Users/bhavishyachallagolla/Desktop/RetailSense/.venv/lib/python3.12/site-packages/airflow/example_dags/example_sensor_decorator.py
[2026-07-17T20:13:18.354+0530] {processor.py:914} INFO - Processing file /Users/bhavishyachallagolla/Desktop/RetailSense/.venv/lib/python3.12/site-packages/airflow/example_dags/example_sensor_decorator.py for tasks to queue
[2026-07-17T20:13:18.355+0530] {logging_mixin.py:190} INFO - [2026-07-17T20:13:18.355+0530] {dagbag.py:588} INFO - Filling up the DagBag from /Users/bhavishyachallagolla/Desktop/RetailSense/.venv/lib/python3.12/site-packages/airflow/example_dags/example_sensor_decorator.py
[2026-07-17T20:13:18.367+0530] {processor.py:925} INFO - DAG(s) 'example_sensor_decorator' retrieved from /Users/bhavishyachallagolla/Desktop/RetailSense/.venv/lib/python3.12/site-packages/airflow/example_dags/example_sensor_decorator.py
[2026-07-17T20:13:18.388+0530] {logging_mixin.py:190} INFO - [2026-07-17T20:13:18.388+0530] {workday.py:41} WARNING - Could not import pandas. Holidays will not be considered.
[2026-07-17T20:13:18.394+0530] {logging_mixin.py:190} INFO - [2026-07-17T20:13:18.394+0530] {dag.py:3239} INFO - Sync 1 DAGs
[2026-07-17T20:13:18.397+0530] {logging_mixin.py:190} INFO - [2026-07-17T20:13:18.397+0530] {dag.py:4180} INFO - Setting next_dagrun for example_sensor_decorator to None, run_after=None
[2026-07-17T20:13:18.401+0530] {processor.py:208} INFO - Processing /Users/bhavishyachallagolla/Desktop/RetailSense/.venv/lib/python3.12/site-packages/airflow/example_dags/example_sensor_decorator.py took 0.049 seconds
[2026-07-17T20:14:56.952+0530] {processor.py:186} INFO - Started process (PID=87734) to work on /Users/bhavishyachallagolla/Desktop/RetailSense/.venv/lib/python3.12/site-packages/airflow/example_dags/example_sensor_decorator.py
[2026-07-17T20:14:56.952+0530] {processor.py:914} INFO - Processing file /Users/bhavishyachallagolla/Desktop/RetailSense/.venv/lib/python3.12/site-packages/airflow/example_dags/example_sensor_decorator.py for tasks to queue
[2026-07-17T20:14:56.953+0530] {logging_mixin.py:190} INFO - [2026-07-17T20:14:56.953+0530] {dagbag.py:588} INFO - Filling up the DagBag from /Users/bhavishyachallagolla/Desktop/RetailSense/.venv/lib/python3.12/site-packages/airflow/example_dags/example_sensor_decorator.py
[2026-07-17T20:14:56.965+0530] {processor.py:925} INFO - DAG(s) 'example_sensor_decorator' retrieved from /Users/bhavishyachallagolla/Desktop/RetailSense/.venv/lib/python3.12/site-packages/airflow/example_dags/example_sensor_decorator.py
[2026-07-17T20:14:56.987+0530] {logging_mixin.py:190} INFO - [2026-07-17T20:14:56.987+0530] {workday.py:41} WARNING - Could not import pandas. Holidays will not be considered.
[2026-07-17T20:14:56.994+0530] {logging_mixin.py:190} INFO - [2026-07-17T20:14:56.994+0530] {dag.py:3239} INFO - Sync 1 DAGs
[2026-07-17T20:14:56.997+0530] {logging_mixin.py:190} INFO - [2026-07-17T20:14:56.997+0530] {dag.py:4180} INFO - Setting next_dagrun for example_sensor_decorator to None, run_after=None
[2026-07-17T20:14:57.001+0530] {processor.py:208} INFO - Processing /Users/bhavishyachallagolla/Desktop/RetailSense/.venv/lib/python3.12/site-packages/airflow/example_dags/example_sensor_decorator.py took 0.050 seconds
[2026-07-17T20:16:36.930+0530] {processor.py:186} INFO - Started process (PID=87890) to work on /Users/bhavishyachallagolla/Desktop/RetailSense/.venv/lib/python3.12/site-packages/airflow/example_dags/example_sensor_decorator.py
[2026-07-17T20:16:36.931+0530] {processor.py:914} INFO - Processing file /Users/bhavishyachallagolla/Desktop/RetailSense/.venv/lib/python3.12/site-packages/airflow/example_dags/example_sensor_decorator.py for tasks to queue
[2026-07-17T20:16:36.932+0530] {logging_mixin.py:190} INFO - [2026-07-17T20:16:36.932+0530] {dagbag.py:588} INFO - Filling up the DagBag from /Users/bhavishyachallagolla/Desktop/RetailSense/.venv/lib/python3.12/site-packages/airflow/example_dags/example_sensor_decorator.py
[2026-07-17T20:16:36.944+0530] {processor.py:925} INFO - DAG(s) 'example_sensor_decorator' retrieved from /Users/bhavishyachallagolla/Desktop/RetailSense/.venv/lib/python3.12/site-packages/airflow/example_dags/example_sensor_decorator.py
[2026-07-17T20:16:36.966+0530] {logging_mixin.py:190} INFO - [2026-07-17T20:16:36.966+0530] {workday.py:41} WARNING - Could not import pandas. Holidays will not be considered.
[2026-07-17T20:16:36.973+0530] {logging_mixin.py:190} INFO - [2026-07-17T20:16:36.973+0530] {dag.py:3239} INFO - Sync 1 DAGs
[2026-07-17T20:16:36.976+0530] {logging_mixin.py:190} INFO - [2026-07-17T20:16:36.976+0530] {dag.py:4180} INFO - Setting next_dagrun for example_sensor_decorator to None, run_after=None
[2026-07-17T20:16:36.981+0530] {processor.py:208} INFO - Processing /Users/bhavishyachallagolla/Desktop/RetailSense/.venv/lib/python3.12/site-packages/airflow/example_dags/example_sensor_decorator.py took 0.052 seconds
[2026-07-17T20:18:16.849+0530] {processor.py:186} INFO - Started process (PID=88043) to work on /Users/bhavishyachallagolla/Desktop/RetailSense/.venv/lib/python3.12/site-packages/airflow/example_dags/example_sensor_decorator.py
[2026-07-17T20:18:16.849+0530] {processor.py:914} INFO - Processing file /Users/bhavishyachallagolla/Desktop/RetailSense/.venv/lib/python3.12/site-packages/airflow/example_dags/example_sensor_decorator.py for tasks to queue
[2026-07-17T20:18:16.849+0530] {logging_mixin.py:190} INFO - [2026-07-17T20:18:16.849+0530] {dagbag.py:588} INFO - Filling up the DagBag from /Users/bhavishyachallagolla/Desktop/RetailSense/.venv/lib/python3.12/site-packages/airflow/example_dags/example_sensor_decorator.py
[2026-07-17T20:18:16.861+0530] {processor.py:925} INFO - DAG(s) 'example_sensor_decorator' retrieved from /Users/bhavishyachallagolla/Desktop/RetailSense/.venv/lib/python3.12/site-packages/airflow/example_dags/example_sensor_decorator.py
[2026-07-17T20:18:16.882+0530] {logging_mixin.py:190} INFO - [2026-07-17T20:18:16.882+0530] {workday.py:41} WARNING - Could not import pandas. Holidays will not be considered.
[2026-07-17T20:18:16.888+0530] {logging_mixin.py:190} INFO - [2026-07-17T20:18:16.888+0530] {dag.py:3239} INFO - Sync 1 DAGs
[2026-07-17T20:18:16.891+0530] {logging_mixin.py:190} INFO - [2026-07-17T20:18:16.891+0530] {dag.py:4180} INFO - Setting next_dagrun for example_sensor_decorator to None, run_after=None
[2026-07-17T20:18:16.896+0530] {processor.py:208} INFO - Processing /Users/bhavishyachallagolla/Desktop/RetailSense/.venv/lib/python3.12/site-packages/airflow/example_dags/example_sensor_decorator.py took 0.048 seconds
[2026-07-17T20:19:56.055+0530] {processor.py:186} INFO - Started process (PID=88208) to work on /Users/bhavishyachallagolla/Desktop/RetailSense/.venv/lib/python3.12/site-packages/airflow/example_dags/example_sensor_decorator.py
[2026-07-17T20:19:56.055+0530] {processor.py:914} INFO - Processing file /Users/bhavishyachallagolla/Desktop/RetailSense/.venv/lib/python3.12/site-packages/airflow/example_dags/example_sensor_decorator.py for tasks to queue
[2026-07-17T20:19:56.056+0530] {logging_mixin.py:190} INFO - [2026-07-17T20:19:56.056+0530] {dagbag.py:588} INFO - Filling up the DagBag from /Users/bhavishyachallagolla/Desktop/RetailSense/.venv/lib/python3.12/site-packages/airflow/example_dags/example_sensor_decorator.py
[2026-07-17T20:19:56.068+0530] {processor.py:925} INFO - DAG(s) 'example_sensor_decorator' retrieved from /Users/bhavishyachallagolla/Desktop/RetailSense/.venv/lib/python3.12/site-packages/airflow/example_dags/example_sensor_decorator.py
[2026-07-17T20:19:56.089+0530] {logging_mixin.py:190} INFO - [2026-07-17T20:19:56.089+0530] {workday.py:41} WARNING - Could not import pandas. Holidays will not be considered.
[2026-07-17T20:19:56.095+0530] {logging_mixin.py:190} INFO - [2026-07-17T20:19:56.095+0530] {dag.py:3239} INFO - Sync 1 DAGs
[2026-07-17T20:19:56.098+0530] {logging_mixin.py:190} INFO - [2026-07-17T20:19:56.098+0530] {dag.py:4180} INFO - Setting next_dagrun for example_sensor_decorator to None, run_after=None
[2026-07-17T20:19:56.103+0530] {processor.py:208} INFO - Processing /Users/bhavishyachallagolla/Desktop/RetailSense/.venv/lib/python3.12/site-packages/airflow/example_dags/example_sensor_decorator.py took 0.049 seconds
[2026-07-17T20:21:36.309+0530] {processor.py:186} INFO - Started process (PID=88361) to work on /Users/bhavishyachallagolla/Desktop/RetailSense/.venv/lib/python3.12/site-packages/airflow/example_dags/example_sensor_decorator.py
[2026-07-17T20:21:36.310+0530] {processor.py:914} INFO - Processing file /Users/bhavishyachallagolla/Desktop/RetailSense/.venv/lib/python3.12/site-packages/airflow/example_dags/example_sensor_decorator.py for tasks to queue
[2026-07-17T20:21:36.311+0530] {logging_mixin.py:190} INFO - [2026-07-17T20:21:36.311+0530] {dagbag.py:588} INFO - Filling up the DagBag from /Users/bhavishyachallagolla/Desktop/RetailSense/.venv/lib/python3.12/site-packages/airflow/example_dags/example_sensor_decorator.py
[2026-07-17T20:21:36.324+0530] {processor.py:925} INFO - DAG(s) 'example_sensor_decorator' retrieved from /Users/bhavishyachallagolla/Desktop/RetailSense/.venv/lib/python3.12/site-packages/airflow/example_dags/example_sensor_decorator.py
[2026-07-17T20:21:36.349+0530] {logging_mixin.py:190} INFO - [2026-07-17T20:21:36.349+0530] {workday.py:41} WARNING - Could not import pandas. Holidays will not be considered.
[2026-07-17T20:21:36.356+0530] {logging_mixin.py:190} INFO - [2026-07-17T20:21:36.356+0530] {dag.py:3239} INFO - Sync 1 DAGs
[2026-07-17T20:21:36.359+0530] {logging_mixin.py:190} INFO - [2026-07-17T20:21:36.359+0530] {dag.py:4180} INFO - Setting next_dagrun for example_sensor_decorator to None, run_after=None
[2026-07-17T20:21:36.364+0530] {processor.py:208} INFO - Processing /Users/bhavishyachallagolla/Desktop/RetailSense/.venv/lib/python3.12/site-packages/airflow/example_dags/example_sensor_decorator.py took 0.056 seconds
[2026-07-17T20:23:17.282+0530] {processor.py:186} INFO - Started process (PID=88517) to work on /Users/bhavishyachallagolla/Desktop/RetailSense/.venv/lib/python3.12/site-packages/airflow/example_dags/example_sensor_decorator.py
[2026-07-17T20:23:17.283+0530] {processor.py:914} INFO - Processing file /Users/bhavishyachallagolla/Desktop/RetailSense/.venv/lib/python3.12/site-packages/airflow/example_dags/example_sensor_decorator.py for tasks to queue
[2026-07-17T20:23:17.283+0530] {logging_mixin.py:190} INFO - [2026-07-17T20:23:17.283+0530] {dagbag.py:588} INFO - Filling up the DagBag from /Users/bhavishyachallagolla/Desktop/RetailSense/.venv/lib/python3.12/site-packages/airflow/example_dags/example_sensor_decorator.py
[2026-07-17T20:23:17.295+0530] {processor.py:925} INFO - DAG(s) 'example_sensor_decorator' retrieved from /Users/bhavishyachallagolla/Desktop/RetailSense/.venv/lib/python3.12/site-packages/airflow/example_dags/example_sensor_decorator.py
[2026-07-17T20:23:17.317+0530] {logging_mixin.py:190} INFO - [2026-07-17T20:23:17.317+0530] {workday.py:41} WARNING - Could not import pandas. Holidays will not be considered.
[2026-07-17T20:23:17.323+0530] {logging_mixin.py:190} INFO - [2026-07-17T20:23:17.323+0530] {dag.py:3239} INFO - Sync 1 DAGs
[2026-07-17T20:23:17.325+0530] {logging_mixin.py:190} INFO - [2026-07-17T20:23:17.325+0530] {dag.py:4180} INFO - Setting next_dagrun for example_sensor_decorator to None, run_after=None
[2026-07-17T20:23:17.330+0530] {processor.py:208} INFO - Processing /Users/bhavishyachallagolla/Desktop/RetailSense/.venv/lib/python3.12/site-packages/airflow/example_dags/example_sensor_decorator.py took 0.049 seconds
[2026-07-17T20:24:58.401+0530] {processor.py:186} INFO - Started process (PID=88669) to work on /Users/bhavishyachallagolla/Desktop/RetailSense/.venv/lib/python3.12/site-packages/airflow/example_dags/example_sensor_decorator.py
[2026-07-17T20:24:58.402+0530] {processor.py:914} INFO - Processing file /Users/bhavishyachallagolla/Desktop/RetailSense/.venv/lib/python3.12/site-packages/airflow/example_dags/example_sensor_decorator.py for tasks to queue
[2026-07-17T20:24:58.402+0530] {logging_mixin.py:190} INFO - [2026-07-17T20:24:58.402+0530] {dagbag.py:588} INFO - Filling up the DagBag from /Users/bhavishyachallagolla/Desktop/RetailSense/.venv/lib/python3.12/site-packages/airflow/example_dags/example_sensor_decorator.py
[2026-07-17T20:24:58.414+0530] {processor.py:925} INFO - DAG(s) 'example_sensor_decorator' retrieved from /Users/bhavishyachallagolla/Desktop/RetailSense/.venv/lib/python3.12/site-packages/airflow/example_dags/example_sensor_decorator.py
[2026-07-17T20:24:58.435+0530] {logging_mixin.py:190} INFO - [2026-07-17T20:24:58.435+0530] {workday.py:41} WARNING - Could not import pandas. Holidays will not be considered.
[2026-07-17T20:24:58.441+0530] {logging_mixin.py:190} INFO - [2026-07-17T20:24:58.441+0530] {dag.py:3239} INFO - Sync 1 DAGs
[2026-07-17T20:24:58.444+0530] {logging_mixin.py:190} INFO - [2026-07-17T20:24:58.444+0530] {dag.py:4180} INFO - Setting next_dagrun for example_sensor_decorator to None, run_after=None
[2026-07-17T20:24:58.449+0530] {processor.py:208} INFO - Processing /Users/bhavishyachallagolla/Desktop/RetailSense/.venv/lib/python3.12/site-packages/airflow/example_dags/example_sensor_decorator.py took 0.049 seconds
[2026-07-17T20:26:39.368+0530] {processor.py:186} INFO - Started process (PID=88835) to work on /Users/bhavishyachallagolla/Desktop/RetailSense/.venv/lib/python3.12/site-packages/airflow/example_dags/example_sensor_decorator.py
[2026-07-17T20:26:39.369+0530] {processor.py:914} INFO - Processing file /Users/bhavishyachallagolla/Desktop/RetailSense/.venv/lib/python3.12/site-packages/airflow/example_dags/example_sensor_decorator.py for tasks to queue
[2026-07-17T20:26:39.370+0530] {logging_mixin.py:190} INFO - [2026-07-17T20:26:39.369+0530] {dagbag.py:588} INFO - Filling up the DagBag from /Users/bhavishyachallagolla/Desktop/RetailSense/.venv/lib/python3.12/site-packages/airflow/example_dags/example_sensor_decorator.py
[2026-07-17T20:26:39.381+0530] {processor.py:925} INFO - DAG(s) 'example_sensor_decorator' retrieved from /Users/bhavishyachallagolla/Desktop/RetailSense/.venv/lib/python3.12/site-packages/airflow/example_dags/example_sensor_decorator.py
[2026-07-17T20:26:39.403+0530] {logging_mixin.py:190} INFO - [2026-07-17T20:26:39.403+0530] {workday.py:41} WARNING - Could not import pandas. Holidays will not be considered.
[2026-07-17T20:26:39.409+0530] {logging_mixin.py:190} INFO - [2026-07-17T20:26:39.409+0530] {dag.py:3239} INFO - Sync 1 DAGs
[2026-07-17T20:26:39.412+0530] {logging_mixin.py:190} INFO - [2026-07-17T20:26:39.412+0530] {dag.py:4180} INFO - Setting next_dagrun for example_sensor_decorator to None, run_after=None
[2026-07-17T20:26:39.416+0530] {processor.py:208} INFO - Processing /Users/bhavishyachallagolla/Desktop/RetailSense/.venv/lib/python3.12/site-packages/airflow/example_dags/example_sensor_decorator.py took 0.049 seconds
[2026-07-17T20:28:18.408+0530] {processor.py:186} INFO - Started process (PID=88988) to work on /Users/bhavishyachallagolla/Desktop/RetailSense/.venv/lib/python3.12/site-packages/airflow/example_dags/example_sensor_decorator.py
[2026-07-17T20:28:18.409+0530] {processor.py:914} INFO - Processing file /Users/bhavishyachallagolla/Desktop/RetailSense/.venv/lib/python3.12/site-packages/airflow/example_dags/example_sensor_decorator.py for tasks to queue
[2026-07-17T20:28:18.409+0530] {logging_mixin.py:190} INFO - [2026-07-17T20:28:18.409+0530] {dagbag.py:588} INFO - Filling up the DagBag from /Users/bhavishyachallagolla/Desktop/RetailSense/.venv/lib/python3.12/site-packages/airflow/example_dags/example_sensor_decorator.py
[2026-07-17T20:28:18.421+0530] {processor.py:925} INFO - DAG(s) 'example_sensor_decorator' retrieved from /Users/bhavishyachallagolla/Desktop/RetailSense/.venv/lib/python3.12/site-packages/airflow/example_dags/example_sensor_decorator.py
[2026-07-17T20:28:18.443+0530] {logging_mixin.py:190} INFO - [2026-07-17T20:28:18.443+0530] {workday.py:41} WARNING - Could not import pandas. Holidays will not be considered.
[2026-07-17T20:28:18.449+0530] {logging_mixin.py:190} INFO - [2026-07-17T20:28:18.449+0530] {dag.py:3239} INFO - Sync 1 DAGs
[2026-07-17T20:28:18.451+0530] {logging_mixin.py:190} INFO - [2026-07-17T20:28:18.451+0530] {dag.py:4180} INFO - Setting next_dagrun for example_sensor_decorator to None, run_after=None
[2026-07-17T20:28:18.456+0530] {processor.py:208} INFO - Processing /Users/bhavishyachallagolla/Desktop/RetailSense/.venv/lib/python3.12/site-packages/airflow/example_dags/example_sensor_decorator.py took 0.049 seconds
[2026-07-17T20:29:55.493+0530] {processor.py:186} INFO - Started process (PID=89142) to work on /Users/bhavishyachallagolla/Desktop/RetailSense/.venv/lib/python3.12/site-packages/airflow/example_dags/example_sensor_decorator.py
[2026-07-17T20:29:55.494+0530] {processor.py:914} INFO - Processing file /Users/bhavishyachallagolla/Desktop/RetailSense/.venv/lib/python3.12/site-packages/airflow/example_dags/example_sensor_decorator.py for tasks to queue
[2026-07-17T20:29:55.495+0530] {logging_mixin.py:190} INFO - [2026-07-17T20:29:55.495+0530] {dagbag.py:588} INFO - Filling up the DagBag from /Users/bhavishyachallagolla/Desktop/RetailSense/.venv/lib/python3.12/site-packages/airflow/example_dags/example_sensor_decorator.py
[2026-07-17T20:29:55.508+0530] {processor.py:925} INFO - DAG(s) 'example_sensor_decorator' retrieved from /Users/bhavishyachallagolla/Desktop/RetailSense/.venv/lib/python3.12/site-packages/airflow/example_dags/example_sensor_decorator.py
[2026-07-17T20:29:55.529+0530] {logging_mixin.py:190} INFO - [2026-07-17T20:29:55.529+0530] {workday.py:41} WARNING - Could not import pandas. Holidays will not be considered.
[2026-07-17T20:29:55.535+0530] {logging_mixin.py:190} INFO - [2026-07-17T20:29:55.535+0530] {dag.py:3239} INFO - Sync 1 DAGs
[2026-07-17T20:29:55.538+0530] {logging_mixin.py:190} INFO - [2026-07-17T20:29:55.538+0530] {dag.py:4180} INFO - Setting next_dagrun for example_sensor_decorator to None, run_after=None
[2026-07-17T20:29:55.542+0530] {processor.py:208} INFO - Processing /Users/bhavishyachallagolla/Desktop/RetailSense/.venv/lib/python3.12/site-packages/airflow/example_dags/example_sensor_decorator.py took 0.050 seconds
[2026-07-17T20:31:36.519+0530] {processor.py:186} INFO - Started process (PID=89292) to work on /Users/bhavishyachallagolla/Desktop/RetailSense/.venv/lib/python3.12/site-packages/airflow/example_dags/example_sensor_decorator.py
[2026-07-17T20:31:36.520+0530] {processor.py:914} INFO - Processing file /Users/bhavishyachallagolla/Desktop/RetailSense/.venv/lib/python3.12/site-packages/airflow/example_dags/example_sensor_decorator.py for tasks to queue
[2026-07-17T20:31:36.520+0530] {logging_mixin.py:190} INFO - [2026-07-17T20:31:36.520+0530] {dagbag.py:588} INFO - Filling up the DagBag from /Users/bhavishyachallagolla/Desktop/RetailSense/.venv/lib/python3.12/site-packages/airflow/example_dags/example_sensor_decorator.py
[2026-07-17T20:31:36.532+0530] {processor.py:925} INFO - DAG(s) 'example_sensor_decorator' retrieved from /Users/bhavishyachallagolla/Desktop/RetailSense/.venv/lib/python3.12/site-packages/airflow/example_dags/example_sensor_decorator.py
[2026-07-17T20:31:36.553+0530] {logging_mixin.py:190} INFO - [2026-07-17T20:31:36.553+0530] {workday.py:41} WARNING - Could not import pandas. Holidays will not be considered.
[2026-07-17T20:31:36.559+0530] {logging_mixin.py:190} INFO - [2026-07-17T20:31:36.559+0530] {dag.py:3239} INFO - Sync 1 DAGs
[2026-07-17T20:31:36.562+0530] {logging_mixin.py:190} INFO - [2026-07-17T20:31:36.562+0530] {dag.py:4180} INFO - Setting next_dagrun for example_sensor_decorator to None, run_after=None
[2026-07-17T20:31:36.566+0530] {processor.py:208} INFO - Processing /Users/bhavishyachallagolla/Desktop/RetailSense/.venv/lib/python3.12/site-packages/airflow/example_dags/example_sensor_decorator.py took 0.048 seconds
[2026-07-17T20:33:17.506+0530] {processor.py:186} INFO - Started process (PID=89442) to work on /Users/bhavishyachallagolla/Desktop/RetailSense/.venv/lib/python3.12/site-packages/airflow/example_dags/example_sensor_decorator.py
[2026-07-17T20:33:17.506+0530] {processor.py:914} INFO - Processing file /Users/bhavishyachallagolla/Desktop/RetailSense/.venv/lib/python3.12/site-packages/airflow/example_dags/example_sensor_decorator.py for tasks to queue
[2026-07-17T20:33:17.507+0530] {logging_mixin.py:190} INFO - [2026-07-17T20:33:17.507+0530] {dagbag.py:588} INFO - Filling up the DagBag from /Users/bhavishyachallagolla/Desktop/RetailSense/.venv/lib/python3.12/site-packages/airflow/example_dags/example_sensor_decorator.py
[2026-07-17T20:33:17.519+0530] {processor.py:925} INFO - DAG(s) 'example_sensor_decorator' retrieved from /Users/bhavishyachallagolla/Desktop/RetailSense/.venv/lib/python3.12/site-packages/airflow/example_dags/example_sensor_decorator.py
[2026-07-17T20:33:17.541+0530] {logging_mixin.py:190} INFO - [2026-07-17T20:33:17.541+0530] {workday.py:41} WARNING - Could not import pandas. Holidays will not be considered.
[2026-07-17T20:33:17.548+0530] {logging_mixin.py:190} INFO - [2026-07-17T20:33:17.548+0530] {dag.py:3239} INFO - Sync 1 DAGs
[2026-07-17T20:33:17.551+0530] {logging_mixin.py:190} INFO - [2026-07-17T20:33:17.551+0530] {dag.py:4180} INFO - Setting next_dagrun for example_sensor_decorator to None, run_after=None
[2026-07-17T20:33:17.556+0530] {processor.py:208} INFO - Processing /Users/bhavishyachallagolla/Desktop/RetailSense/.venv/lib/python3.12/site-packages/airflow/example_dags/example_sensor_decorator.py took 0.051 seconds
[2026-07-17T20:34:57.993+0530] {processor.py:186} INFO - Started process (PID=89592) to work on /Users/bhavishyachallagolla/Desktop/RetailSense/.venv/lib/python3.12/site-packages/airflow/example_dags/example_sensor_decorator.py
[2026-07-17T20:34:57.993+0530] {processor.py:914} INFO - Processing file /Users/bhavishyachallagolla/Desktop/RetailSense/.venv/lib/python3.12/site-packages/airflow/example_dags/example_sensor_decorator.py for tasks to queue
[2026-07-17T20:34:57.994+0530] {logging_mixin.py:190} INFO - [2026-07-17T20:34:57.994+0530] {dagbag.py:588} INFO - Filling up the DagBag from /Users/bhavishyachallagolla/Desktop/RetailSense/.venv/lib/python3.12/site-packages/airflow/example_dags/example_sensor_decorator.py
[2026-07-17T20:34:58.006+0530] {processor.py:925} INFO - DAG(s) 'example_sensor_decorator' retrieved from /Users/bhavishyachallagolla/Desktop/RetailSense/.venv/lib/python3.12/site-packages/airflow/example_dags/example_sensor_decorator.py
[2026-07-17T20:34:58.028+0530] {logging_mixin.py:190} INFO - [2026-07-17T20:34:58.028+0530] {workday.py:41} WARNING - Could not import pandas. Holidays will not be considered.
[2026-07-17T20:34:58.034+0530] {logging_mixin.py:190} INFO - [2026-07-17T20:34:58.034+0530] {dag.py:3239} INFO - Sync 1 DAGs
[2026-07-17T20:34:58.037+0530] {logging_mixin.py:190} INFO - [2026-07-17T20:34:58.037+0530] {dag.py:4180} INFO - Setting next_dagrun for example_sensor_decorator to None, run_after=None
[2026-07-17T20:34:58.042+0530] {processor.py:208} INFO - Processing /Users/bhavishyachallagolla/Desktop/RetailSense/.venv/lib/python3.12/site-packages/airflow/example_dags/example_sensor_decorator.py took 0.050 seconds
[2026-07-17T20:36:39.010+0530] {processor.py:186} INFO - Started process (PID=89743) to work on /Users/bhavishyachallagolla/Desktop/RetailSense/.venv/lib/python3.12/site-packages/airflow/example_dags/example_sensor_decorator.py
[2026-07-17T20:36:39.011+0530] {processor.py:914} INFO - Processing file /Users/bhavishyachallagolla/Desktop/RetailSense/.venv/lib/python3.12/site-packages/airflow/example_dags/example_sensor_decorator.py for tasks to queue
[2026-07-17T20:36:39.011+0530] {logging_mixin.py:190} INFO - [2026-07-17T20:36:39.011+0530] {dagbag.py:588} INFO - Filling up the DagBag from /Users/bhavishyachallagolla/Desktop/RetailSense/.venv/lib/python3.12/site-packages/airflow/example_dags/example_sensor_decorator.py
[2026-07-17T20:36:39.023+0530] {processor.py:925} INFO - DAG(s) 'example_sensor_decorator' retrieved from /Users/bhavishyachallagolla/Desktop/RetailSense/.venv/lib/python3.12/site-packages/airflow/example_dags/example_sensor_decorator.py
[2026-07-17T20:36:39.044+0530] {logging_mixin.py:190} INFO - [2026-07-17T20:36:39.043+0530] {workday.py:41} WARNING - Could not import pandas. Holidays will not be considered.
[2026-07-17T20:36:39.049+0530] {logging_mixin.py:190} INFO - [2026-07-17T20:36:39.049+0530] {dag.py:3239} INFO - Sync 1 DAGs
[2026-07-17T20:36:39.052+0530] {logging_mixin.py:190} INFO - [2026-07-17T20:36:39.052+0530] {dag.py:4180} INFO - Setting next_dagrun for example_sensor_decorator to None, run_after=None
[2026-07-17T20:36:39.057+0530] {processor.py:208} INFO - Processing /Users/bhavishyachallagolla/Desktop/RetailSense/.venv/lib/python3.12/site-packages/airflow/example_dags/example_sensor_decorator.py took 0.047 seconds
[2026-07-17T20:38:20.342+0530] {processor.py:186} INFO - Started process (PID=89899) to work on /Users/bhavishyachallagolla/Desktop/RetailSense/.venv/lib/python3.12/site-packages/airflow/example_dags/example_sensor_decorator.py
[2026-07-17T20:38:20.342+0530] {processor.py:914} INFO - Processing file /Users/bhavishyachallagolla/Desktop/RetailSense/.venv/lib/python3.12/site-packages/airflow/example_dags/example_sensor_decorator.py for tasks to queue
[2026-07-17T20:38:20.342+0530] {logging_mixin.py:190} INFO - [2026-07-17T20:38:20.342+0530] {dagbag.py:588} INFO - Filling up the DagBag from /Users/bhavishyachallagolla/Desktop/RetailSense/.venv/lib/python3.12/site-packages/airflow/example_dags/example_sensor_decorator.py
[2026-07-17T20:38:20.354+0530] {processor.py:925} INFO - DAG(s) 'example_sensor_decorator' retrieved from /Users/bhavishyachallagolla/Desktop/RetailSense/.venv/lib/python3.12/site-packages/airflow/example_dags/example_sensor_decorator.py
[2026-07-17T20:38:20.376+0530] {logging_mixin.py:190} INFO - [2026-07-17T20:38:20.376+0530] {workday.py:41} WARNING - Could not import pandas. Holidays will not be considered.
[2026-07-17T20:38:20.382+0530] {logging_mixin.py:190} INFO - [2026-07-17T20:38:20.382+0530] {dag.py:3239} INFO - Sync 1 DAGs
[2026-07-17T20:38:20.385+0530] {logging_mixin.py:190} INFO - [2026-07-17T20:38:20.385+0530] {dag.py:4180} INFO - Setting next_dagrun for example_sensor_decorator to None, run_after=None
[2026-07-17T20:38:20.390+0530] {processor.py:208} INFO - Processing /Users/bhavishyachallagolla/Desktop/RetailSense/.venv/lib/python3.12/site-packages/airflow/example_dags/example_sensor_decorator.py took 0.049 seconds
[2026-07-17T20:40:03.032+0530] {processor.py:186} INFO - Started process (PID=90124) to work on /Users/bhavishyachallagolla/Desktop/RetailSense/.venv/lib/python3.12/site-packages/airflow/example_dags/example_sensor_decorator.py
[2026-07-17T20:40:03.033+0530] {processor.py:914} INFO - Processing file /Users/bhavishyachallagolla/Desktop/RetailSense/.venv/lib/python3.12/site-packages/airflow/example_dags/example_sensor_decorator.py for tasks to queue
[2026-07-17T20:40:03.033+0530] {logging_mixin.py:190} INFO - [2026-07-17T20:40:03.033+0530] {dagbag.py:588} INFO - Filling up the DagBag from /Users/bhavishyachallagolla/Desktop/RetailSense/.venv/lib/python3.12/site-packages/airflow/example_dags/example_sensor_decorator.py
[2026-07-17T20:40:03.045+0530] {processor.py:925} INFO - DAG(s) 'example_sensor_decorator' retrieved from /Users/bhavishyachallagolla/Desktop/RetailSense/.venv/lib/python3.12/site-packages/airflow/example_dags/example_sensor_decorator.py
[2026-07-17T20:40:03.067+0530] {logging_mixin.py:190} INFO - [2026-07-17T20:40:03.066+0530] {workday.py:41} WARNING - Could not import pandas. Holidays will not be considered.
[2026-07-17T20:40:03.072+0530] {logging_mixin.py:190} INFO - [2026-07-17T20:40:03.072+0530] {dag.py:3239} INFO - Sync 1 DAGs
[2026-07-17T20:40:03.075+0530] {logging_mixin.py:190} INFO - [2026-07-17T20:40:03.075+0530] {dag.py:4180} INFO - Setting next_dagrun for example_sensor_decorator to None, run_after=None
[2026-07-17T20:40:03.080+0530] {processor.py:208} INFO - Processing /Users/bhavishyachallagolla/Desktop/RetailSense/.venv/lib/python3.12/site-packages/airflow/example_dags/example_sensor_decorator.py took 0.049 seconds
[2026-07-17T20:41:42.080+0530] {processor.py:186} INFO - Started process (PID=90326) to work on /Users/bhavishyachallagolla/Desktop/RetailSense/.venv/lib/python3.12/site-packages/airflow/example_dags/example_sensor_decorator.py
[2026-07-17T20:41:42.081+0530] {processor.py:914} INFO - Processing file /Users/bhavishyachallagolla/Desktop/RetailSense/.venv/lib/python3.12/site-packages/airflow/example_dags/example_sensor_decorator.py for tasks to queue
[2026-07-17T20:41:42.081+0530] {logging_mixin.py:190} INFO - [2026-07-17T20:41:42.081+0530] {dagbag.py:588} INFO - Filling up the DagBag from /Users/bhavishyachallagolla/Desktop/RetailSense/.venv/lib/python3.12/site-packages/airflow/example_dags/example_sensor_decorator.py
[2026-07-17T20:41:42.093+0530] {processor.py:925} INFO - DAG(s) 'example_sensor_decorator' retrieved from /Users/bhavishyachallagolla/Desktop/RetailSense/.venv/lib/python3.12/site-packages/airflow/example_dags/example_sensor_decorator.py
[2026-07-17T20:41:42.116+0530] {logging_mixin.py:190} INFO - [2026-07-17T20:41:42.116+0530] {workday.py:41} WARNING - Could not import pandas. Holidays will not be considered.
[2026-07-17T20:41:42.122+0530] {logging_mixin.py:190} INFO - [2026-07-17T20:41:42.122+0530] {dag.py:3239} INFO - Sync 1 DAGs
[2026-07-17T20:41:42.125+0530] {logging_mixin.py:190} INFO - [2026-07-17T20:41:42.125+0530] {dag.py:4180} INFO - Setting next_dagrun for example_sensor_decorator to None, run_after=None
[2026-07-17T20:41:42.130+0530] {processor.py:208} INFO - Processing /Users/bhavishyachallagolla/Desktop/RetailSense/.venv/lib/python3.12/site-packages/airflow/example_dags/example_sensor_decorator.py took 0.051 seconds
[2026-07-17T20:43:21.027+0530] {processor.py:186} INFO - Started process (PID=90475) to work on /Users/bhavishyachallagolla/Desktop/RetailSense/.venv/lib/python3.12/site-packages/airflow/example_dags/example_sensor_decorator.py
[2026-07-17T20:43:21.029+0530] {processor.py:914} INFO - Processing file /Users/bhavishyachallagolla/Desktop/RetailSense/.venv/lib/python3.12/site-packages/airflow/example_dags/example_sensor_decorator.py for tasks to queue
[2026-07-17T20:43:21.029+0530] {logging_mixin.py:190} INFO - [2026-07-17T20:43:21.029+0530] {dagbag.py:588} INFO - Filling up the DagBag from /Users/bhavishyachallagolla/Desktop/RetailSense/.venv/lib/python3.12/site-packages/airflow/example_dags/example_sensor_decorator.py
[2026-07-17T20:43:21.041+0530] {processor.py:925} INFO - DAG(s) 'example_sensor_decorator' retrieved from /Users/bhavishyachallagolla/Desktop/RetailSense/.venv/lib/python3.12/site-packages/airflow/example_dags/example_sensor_decorator.py
[2026-07-17T20:43:21.062+0530] {logging_mixin.py:190} INFO - [2026-07-17T20:43:21.062+0530] {workday.py:41} WARNING - Could not import pandas. Holidays will not be considered.
[2026-07-17T20:43:21.068+0530] {logging_mixin.py:190} INFO - [2026-07-17T20:43:21.068+0530] {dag.py:3239} INFO - Sync 1 DAGs
[2026-07-17T20:43:21.071+0530] {logging_mixin.py:190} INFO - [2026-07-17T20:43:21.071+0530] {dag.py:4180} INFO - Setting next_dagrun for example_sensor_decorator to None, run_after=None
[2026-07-17T20:43:21.076+0530] {processor.py:208} INFO - Processing /Users/bhavishyachallagolla/Desktop/RetailSense/.venv/lib/python3.12/site-packages/airflow/example_dags/example_sensor_decorator.py took 0.049 seconds
[2026-07-17T20:45:01.318+0530] {processor.py:186} INFO - Started process (PID=90634) to work on /Users/bhavishyachallagolla/Desktop/RetailSense/.venv/lib/python3.12/site-packages/airflow/example_dags/example_sensor_decorator.py
[2026-07-17T20:45:01.318+0530] {processor.py:914} INFO - Processing file /Users/bhavishyachallagolla/Desktop/RetailSense/.venv/lib/python3.12/site-packages/airflow/example_dags/example_sensor_decorator.py for tasks to queue
[2026-07-17T20:45:01.319+0530] {logging_mixin.py:190} INFO - [2026-07-17T20:45:01.319+0530] {dagbag.py:588} INFO - Filling up the DagBag from /Users/bhavishyachallagolla/Desktop/RetailSense/.venv/lib/python3.12/site-packages/airflow/example_dags/example_sensor_decorator.py
[2026-07-17T20:45:01.330+0530] {processor.py:925} INFO - DAG(s) 'example_sensor_decorator' retrieved from /Users/bhavishyachallagolla/Desktop/RetailSense/.venv/lib/python3.12/site-packages/airflow/example_dags/example_sensor_decorator.py
[2026-07-17T20:45:01.351+0530] {logging_mixin.py:190} INFO - [2026-07-17T20:45:01.351+0530] {workday.py:41} WARNING - Could not import pandas. Holidays will not be considered.
[2026-07-17T20:45:01.357+0530] {logging_mixin.py:190} INFO - [2026-07-17T20:45:01.357+0530] {dag.py:3239} INFO - Sync 1 DAGs
[2026-07-17T20:45:01.359+0530] {logging_mixin.py:190} INFO - [2026-07-17T20:45:01.359+0530] {dag.py:4180} INFO - Setting next_dagrun for example_sensor_decorator to None, run_after=None
[2026-07-17T20:45:01.364+0530] {processor.py:208} INFO - Processing /Users/bhavishyachallagolla/Desktop/RetailSense/.venv/lib/python3.12/site-packages/airflow/example_dags/example_sensor_decorator.py took 0.047 seconds
[2026-07-17T20:46:42.104+0530] {processor.py:186} INFO - Started process (PID=90785) to work on /Users/bhavishyachallagolla/Desktop/RetailSense/.venv/lib/python3.12/site-packages/airflow/example_dags/example_sensor_decorator.py
[2026-07-17T20:46:42.104+0530] {processor.py:914} INFO - Processing file /Users/bhavishyachallagolla/Desktop/RetailSense/.venv/lib/python3.12/site-packages/airflow/example_dags/example_sensor_decorator.py for tasks to queue
[2026-07-17T20:46:42.105+0530] {logging_mixin.py:190} INFO - [2026-07-17T20:46:42.105+0530] {dagbag.py:588} INFO - Filling up the DagBag from /Users/bhavishyachallagolla/Desktop/RetailSense/.venv/lib/python3.12/site-packages/airflow/example_dags/example_sensor_decorator.py
[2026-07-17T20:46:42.116+0530] {processor.py:925} INFO - DAG(s) 'example_sensor_decorator' retrieved from /Users/bhavishyachallagolla/Desktop/RetailSense/.venv/lib/python3.12/site-packages/airflow/example_dags/example_sensor_decorator.py
[2026-07-17T20:46:42.137+0530] {logging_mixin.py:190} INFO - [2026-07-17T20:46:42.137+0530] {workday.py:41} WARNING - Could not import pandas. Holidays will not be considered.
[2026-07-17T20:46:42.143+0530] {logging_mixin.py:190} INFO - [2026-07-17T20:46:42.143+0530] {dag.py:3239} INFO - Sync 1 DAGs
[2026-07-17T20:46:42.146+0530] {logging_mixin.py:190} INFO - [2026-07-17T20:46:42.146+0530] {dag.py:4180} INFO - Setting next_dagrun for example_sensor_decorator to None, run_after=None
[2026-07-17T20:46:42.151+0530] {processor.py:208} INFO - Processing /Users/bhavishyachallagolla/Desktop/RetailSense/.venv/lib/python3.12/site-packages/airflow/example_dags/example_sensor_decorator.py took 0.048 seconds
[2026-07-17T20:48:22.674+0530] {processor.py:186} INFO - Started process (PID=90939) to work on /Users/bhavishyachallagolla/Desktop/RetailSense/.venv/lib/python3.12/site-packages/airflow/example_dags/example_sensor_decorator.py
[2026-07-17T20:48:22.676+0530] {processor.py:914} INFO - Processing file /Users/bhavishyachallagolla/Desktop/RetailSense/.venv/lib/python3.12/site-packages/airflow/example_dags/example_sensor_decorator.py for tasks to queue
[2026-07-17T20:48:22.676+0530] {logging_mixin.py:190} INFO - [2026-07-17T20:48:22.676+0530] {dagbag.py:588} INFO - Filling up the DagBag from /Users/bhavishyachallagolla/Desktop/RetailSense/.venv/lib/python3.12/site-packages/airflow/example_dags/example_sensor_decorator.py
[2026-07-17T20:48:22.688+0530] {processor.py:925} INFO - DAG(s) 'example_sensor_decorator' retrieved from /Users/bhavishyachallagolla/Desktop/RetailSense/.venv/lib/python3.12/site-packages/airflow/example_dags/example_sensor_decorator.py
[2026-07-17T20:48:22.710+0530] {logging_mixin.py:190} INFO - [2026-07-17T20:48:22.709+0530] {workday.py:41} WARNING - Could not import pandas. Holidays will not be considered.
[2026-07-17T20:48:22.716+0530] {logging_mixin.py:190} INFO - [2026-07-17T20:48:22.716+0530] {dag.py:3239} INFO - Sync 1 DAGs
[2026-07-17T20:48:22.719+0530] {logging_mixin.py:190} INFO - [2026-07-17T20:48:22.718+0530] {dag.py:4180} INFO - Setting next_dagrun for example_sensor_decorator to None, run_after=None
[2026-07-17T20:48:22.723+0530] {processor.py:208} INFO - Processing /Users/bhavishyachallagolla/Desktop/RetailSense/.venv/lib/python3.12/site-packages/airflow/example_dags/example_sensor_decorator.py took 0.050 seconds
[2026-07-17T20:50:00.803+0530] {processor.py:186} INFO - Started process (PID=91106) to work on /Users/bhavishyachallagolla/Desktop/RetailSense/.venv/lib/python3.12/site-packages/airflow/example_dags/example_sensor_decorator.py
[2026-07-17T20:50:00.804+0530] {processor.py:914} INFO - Processing file /Users/bhavishyachallagolla/Desktop/RetailSense/.venv/lib/python3.12/site-packages/airflow/example_dags/example_sensor_decorator.py for tasks to queue
[2026-07-17T20:50:00.804+0530] {logging_mixin.py:190} INFO - [2026-07-17T20:50:00.804+0530] {dagbag.py:588} INFO - Filling up the DagBag from /Users/bhavishyachallagolla/Desktop/RetailSense/.venv/lib/python3.12/site-packages/airflow/example_dags/example_sensor_decorator.py
[2026-07-17T20:50:00.817+0530] {processor.py:925} INFO - DAG(s) 'example_sensor_decorator' retrieved from /Users/bhavishyachallagolla/Desktop/RetailSense/.venv/lib/python3.12/site-packages/airflow/example_dags/example_sensor_decorator.py
[2026-07-17T20:50:00.839+0530] {logging_mixin.py:190} INFO - [2026-07-17T20:50:00.839+0530] {workday.py:41} WARNING - Could not import pandas. Holidays will not be considered.
[2026-07-17T20:50:00.845+0530] {logging_mixin.py:190} INFO - [2026-07-17T20:50:00.845+0530] {dag.py:3239} INFO - Sync 1 DAGs
[2026-07-17T20:50:00.848+0530] {logging_mixin.py:190} INFO - [2026-07-17T20:50:00.848+0530] {dag.py:4180} INFO - Setting next_dagrun for example_sensor_decorator to None, run_after=None
[2026-07-17T20:50:00.852+0530] {processor.py:208} INFO - Processing /Users/bhavishyachallagolla/Desktop/RetailSense/.venv/lib/python3.12/site-packages/airflow/example_dags/example_sensor_decorator.py took 0.050 seconds
[2026-07-17T20:51:41.104+0530] {processor.py:186} INFO - Started process (PID=91256) to work on /Users/bhavishyachallagolla/Desktop/RetailSense/.venv/lib/python3.12/site-packages/airflow/example_dags/example_sensor_decorator.py
[2026-07-17T20:51:41.105+0530] {processor.py:914} INFO - Processing file /Users/bhavishyachallagolla/Desktop/RetailSense/.venv/lib/python3.12/site-packages/airflow/example_dags/example_sensor_decorator.py for tasks to queue
[2026-07-17T20:51:41.106+0530] {logging_mixin.py:190} INFO - [2026-07-17T20:51:41.105+0530] {dagbag.py:588} INFO - Filling up the DagBag from /Users/bhavishyachallagolla/Desktop/RetailSense/.venv/lib/python3.12/site-packages/airflow/example_dags/example_sensor_decorator.py
[2026-07-17T20:51:41.117+0530] {processor.py:925} INFO - DAG(s) 'example_sensor_decorator' retrieved from /Users/bhavishyachallagolla/Desktop/RetailSense/.venv/lib/python3.12/site-packages/airflow/example_dags/example_sensor_decorator.py
[2026-07-17T20:51:41.139+0530] {logging_mixin.py:190} INFO - [2026-07-17T20:51:41.139+0530] {workday.py:41} WARNING - Could not import pandas. Holidays will not be considered.
[2026-07-17T20:51:41.145+0530] {logging_mixin.py:190} INFO - [2026-07-17T20:51:41.145+0530] {dag.py:3239} INFO - Sync 1 DAGs
[2026-07-17T20:51:41.148+0530] {logging_mixin.py:190} INFO - [2026-07-17T20:51:41.148+0530] {dag.py:4180} INFO - Setting next_dagrun for example_sensor_decorator to None, run_after=None
[2026-07-17T20:51:41.152+0530] {processor.py:208} INFO - Processing /Users/bhavishyachallagolla/Desktop/RetailSense/.venv/lib/python3.12/site-packages/airflow/example_dags/example_sensor_decorator.py took 0.049 seconds
[2026-07-17T20:53:21.962+0530] {processor.py:186} INFO - Started process (PID=91405) to work on /Users/bhavishyachallagolla/Desktop/RetailSense/.venv/lib/python3.12/site-packages/airflow/example_dags/example_sensor_decorator.py
[2026-07-17T20:53:21.963+0530] {processor.py:914} INFO - Processing file /Users/bhavishyachallagolla/Desktop/RetailSense/.venv/lib/python3.12/site-packages/airflow/example_dags/example_sensor_decorator.py for tasks to queue
[2026-07-17T20:53:21.963+0530] {logging_mixin.py:190} INFO - [2026-07-17T20:53:21.963+0530] {dagbag.py:588} INFO - Filling up the DagBag from /Users/bhavishyachallagolla/Desktop/RetailSense/.venv/lib/python3.12/site-packages/airflow/example_dags/example_sensor_decorator.py
[2026-07-17T20:53:21.975+0530] {processor.py:925} INFO - DAG(s) 'example_sensor_decorator' retrieved from /Users/bhavishyachallagolla/Desktop/RetailSense/.venv/lib/python3.12/site-packages/airflow/example_dags/example_sensor_decorator.py
[2026-07-17T20:53:21.997+0530] {logging_mixin.py:190} INFO - [2026-07-17T20:53:21.997+0530] {workday.py:41} WARNING - Could not import pandas. Holidays will not be considered.
[2026-07-17T20:53:22.003+0530] {logging_mixin.py:190} INFO - [2026-07-17T20:53:22.003+0530] {dag.py:3239} INFO - Sync 1 DAGs
[2026-07-17T20:53:22.006+0530] {logging_mixin.py:190} INFO - [2026-07-17T20:53:22.006+0530] {dag.py:4180} INFO - Setting next_dagrun for example_sensor_decorator to None, run_after=None
[2026-07-17T20:53:22.010+0530] {processor.py:208} INFO - Processing /Users/bhavishyachallagolla/Desktop/RetailSense/.venv/lib/python3.12/site-packages/airflow/example_dags/example_sensor_decorator.py took 0.049 seconds
[2026-07-17T20:55:04.145+0530] {processor.py:186} INFO - Started process (PID=91559) to work on /Users/bhavishyachallagolla/Desktop/RetailSense/.venv/lib/python3.12/site-packages/airflow/example_dags/example_sensor_decorator.py
[2026-07-17T20:55:04.146+0530] {processor.py:914} INFO - Processing file /Users/bhavishyachallagolla/Desktop/RetailSense/.venv/lib/python3.12/site-packages/airflow/example_dags/example_sensor_decorator.py for tasks to queue
[2026-07-17T20:55:04.146+0530] {logging_mixin.py:190} INFO - [2026-07-17T20:55:04.146+0530] {dagbag.py:588} INFO - Filling up the DagBag from /Users/bhavishyachallagolla/Desktop/RetailSense/.venv/lib/python3.12/site-packages/airflow/example_dags/example_sensor_decorator.py
[2026-07-17T20:55:04.159+0530] {processor.py:925} INFO - DAG(s) 'example_sensor_decorator' retrieved from /Users/bhavishyachallagolla/Desktop/RetailSense/.venv/lib/python3.12/site-packages/airflow/example_dags/example_sensor_decorator.py
[2026-07-17T20:55:04.183+0530] {logging_mixin.py:190} INFO - [2026-07-17T20:55:04.183+0530] {workday.py:41} WARNING - Could not import pandas. Holidays will not be considered.
[2026-07-17T20:55:04.189+0530] {logging_mixin.py:190} INFO - [2026-07-17T20:55:04.189+0530] {dag.py:3239} INFO - Sync 1 DAGs
[2026-07-17T20:55:04.192+0530] {logging_mixin.py:190} INFO - [2026-07-17T20:55:04.192+0530] {dag.py:4180} INFO - Setting next_dagrun for example_sensor_decorator to None, run_after=None
[2026-07-17T20:55:04.197+0530] {processor.py:208} INFO - Processing /Users/bhavishyachallagolla/Desktop/RetailSense/.venv/lib/python3.12/site-packages/airflow/example_dags/example_sensor_decorator.py took 0.053 seconds
[2026-07-17T20:56:43.825+0530] {processor.py:186} INFO - Started process (PID=91721) to work on /Users/bhavishyachallagolla/Desktop/RetailSense/.venv/lib/python3.12/site-packages/airflow/example_dags/example_sensor_decorator.py
[2026-07-17T20:56:43.827+0530] {processor.py:914} INFO - Processing file /Users/bhavishyachallagolla/Desktop/RetailSense/.venv/lib/python3.12/site-packages/airflow/example_dags/example_sensor_decorator.py for tasks to queue
[2026-07-17T20:56:43.827+0530] {logging_mixin.py:190} INFO - [2026-07-17T20:56:43.827+0530] {dagbag.py:588} INFO - Filling up the DagBag from /Users/bhavishyachallagolla/Desktop/RetailSense/.venv/lib/python3.12/site-packages/airflow/example_dags/example_sensor_decorator.py
[2026-07-17T20:56:43.838+0530] {processor.py:925} INFO - DAG(s) 'example_sensor_decorator' retrieved from /Users/bhavishyachallagolla/Desktop/RetailSense/.venv/lib/python3.12/site-packages/airflow/example_dags/example_sensor_decorator.py
[2026-07-17T20:56:43.859+0530] {logging_mixin.py:190} INFO - [2026-07-17T20:56:43.859+0530] {workday.py:41} WARNING - Could not import pandas. Holidays will not be considered.
[2026-07-17T20:56:43.865+0530] {logging_mixin.py:190} INFO - [2026-07-17T20:56:43.865+0530] {dag.py:3239} INFO - Sync 1 DAGs
[2026-07-17T20:56:43.868+0530] {logging_mixin.py:190} INFO - [2026-07-17T20:56:43.868+0530] {dag.py:4180} INFO - Setting next_dagrun for example_sensor_decorator to None, run_after=None
[2026-07-17T20:56:43.872+0530] {processor.py:208} INFO - Processing /Users/bhavishyachallagolla/Desktop/RetailSense/.venv/lib/python3.12/site-packages/airflow/example_dags/example_sensor_decorator.py took 0.048 seconds
[2026-07-17T20:58:21.976+0530] {processor.py:186} INFO - Started process (PID=91866) to work on /Users/bhavishyachallagolla/Desktop/RetailSense/.venv/lib/python3.12/site-packages/airflow/example_dags/example_sensor_decorator.py
[2026-07-17T20:58:21.977+0530] {processor.py:914} INFO - Processing file /Users/bhavishyachallagolla/Desktop/RetailSense/.venv/lib/python3.12/site-packages/airflow/example_dags/example_sensor_decorator.py for tasks to queue
[2026-07-17T20:58:21.977+0530] {logging_mixin.py:190} INFO - [2026-07-17T20:58:21.977+0530] {dagbag.py:588} INFO - Filling up the DagBag from /Users/bhavishyachallagolla/Desktop/RetailSense/.venv/lib/python3.12/site-packages/airflow/example_dags/example_sensor_decorator.py
[2026-07-17T20:58:21.989+0530] {processor.py:925} INFO - DAG(s) 'example_sensor_decorator' retrieved from /Users/bhavishyachallagolla/Desktop/RetailSense/.venv/lib/python3.12/site-packages/airflow/example_dags/example_sensor_decorator.py
[2026-07-17T20:58:22.009+0530] {logging_mixin.py:190} INFO - [2026-07-17T20:58:22.009+0530] {workday.py:41} WARNING - Could not import pandas. Holidays will not be considered.
[2026-07-17T20:58:22.015+0530] {logging_mixin.py:190} INFO - [2026-07-17T20:58:22.015+0530] {dag.py:3239} INFO - Sync 1 DAGs
[2026-07-17T20:58:22.018+0530] {logging_mixin.py:190} INFO - [2026-07-17T20:58:22.018+0530] {dag.py:4180} INFO - Setting next_dagrun for example_sensor_decorator to None, run_after=None
[2026-07-17T20:58:22.022+0530] {processor.py:208} INFO - Processing /Users/bhavishyachallagolla/Desktop/RetailSense/.venv/lib/python3.12/site-packages/airflow/example_dags/example_sensor_decorator.py took 0.047 seconds
[2026-07-17T21:32:38.166+0530] {processor.py:186} INFO - Started process (PID=92025) to work on /Users/bhavishyachallagolla/Desktop/RetailSense/.venv/lib/python3.12/site-packages/airflow/example_dags/example_sensor_decorator.py
[2026-07-17T21:32:38.168+0530] {processor.py:914} INFO - Processing file /Users/bhavishyachallagolla/Desktop/RetailSense/.venv/lib/python3.12/site-packages/airflow/example_dags/example_sensor_decorator.py for tasks to queue
[2026-07-17T21:32:38.169+0530] {logging_mixin.py:190} INFO - [2026-07-17T21:32:38.168+0530] {dagbag.py:588} INFO - Filling up the DagBag from /Users/bhavishyachallagolla/Desktop/RetailSense/.venv/lib/python3.12/site-packages/airflow/example_dags/example_sensor_decorator.py
[2026-07-17T21:32:38.180+0530] {processor.py:925} INFO - DAG(s) 'example_sensor_decorator' retrieved from /Users/bhavishyachallagolla/Desktop/RetailSense/.venv/lib/python3.12/site-packages/airflow/example_dags/example_sensor_decorator.py
[2026-07-17T21:32:38.200+0530] {logging_mixin.py:190} INFO - [2026-07-17T21:32:38.200+0530] {workday.py:41} WARNING - Could not import pandas. Holidays will not be considered.
[2026-07-17T21:32:38.205+0530] {logging_mixin.py:190} INFO - [2026-07-17T21:32:38.205+0530] {dag.py:3239} INFO - Sync 1 DAGs
[2026-07-17T21:32:38.208+0530] {logging_mixin.py:190} INFO - [2026-07-17T21:32:38.208+0530] {dag.py:4180} INFO - Setting next_dagrun for example_sensor_decorator to None, run_after=None
[2026-07-17T21:32:38.212+0530] {processor.py:208} INFO - Processing /Users/bhavishyachallagolla/Desktop/RetailSense/.venv/lib/python3.12/site-packages/airflow/example_dags/example_sensor_decorator.py took 0.047 seconds
[2026-07-17T22:22:42.638+0530] {processor.py:186} INFO - Started process (PID=92126) to work on /Users/bhavishyachallagolla/Desktop/RetailSense/.venv/lib/python3.12/site-packages/airflow/example_dags/example_sensor_decorator.py
[2026-07-17T22:22:42.639+0530] {processor.py:914} INFO - Processing file /Users/bhavishyachallagolla/Desktop/RetailSense/.venv/lib/python3.12/site-packages/airflow/example_dags/example_sensor_decorator.py for tasks to queue
[2026-07-17T22:22:42.639+0530] {logging_mixin.py:190} INFO - [2026-07-17T22:22:42.639+0530] {dagbag.py:588} INFO - Filling up the DagBag from /Users/bhavishyachallagolla/Desktop/RetailSense/.venv/lib/python3.12/site-packages/airflow/example_dags/example_sensor_decorator.py
[2026-07-17T22:22:42.650+0530] {processor.py:925} INFO - DAG(s) 'example_sensor_decorator' retrieved from /Users/bhavishyachallagolla/Desktop/RetailSense/.venv/lib/python3.12/site-packages/airflow/example_dags/example_sensor_decorator.py
[2026-07-17T22:22:42.670+0530] {logging_mixin.py:190} INFO - [2026-07-17T22:22:42.670+0530] {workday.py:41} WARNING - Could not import pandas. Holidays will not be considered.
[2026-07-17T22:22:42.676+0530] {logging_mixin.py:190} INFO - [2026-07-17T22:22:42.676+0530] {dag.py:3239} INFO - Sync 1 DAGs
[2026-07-17T22:22:42.678+0530] {logging_mixin.py:190} INFO - [2026-07-17T22:22:42.678+0530] {dag.py:4180} INFO - Setting next_dagrun for example_sensor_decorator to None, run_after=None
[2026-07-17T22:22:42.683+0530] {processor.py:208} INFO - Processing /Users/bhavishyachallagolla/Desktop/RetailSense/.venv/lib/python3.12/site-packages/airflow/example_dags/example_sensor_decorator.py took 0.046 seconds
[2026-07-17T22:24:00.475+0530] {processor.py:186} INFO - Started process (PID=92246) to work on /Users/bhavishyachallagolla/Desktop/RetailSense/.venv/lib/python3.12/site-packages/airflow/example_dags/example_sensor_decorator.py
[2026-07-17T22:24:00.476+0530] {processor.py:914} INFO - Processing file /Users/bhavishyachallagolla/Desktop/RetailSense/.venv/lib/python3.12/site-packages/airflow/example_dags/example_sensor_decorator.py for tasks to queue
[2026-07-17T22:24:00.476+0530] {logging_mixin.py:190} INFO - [2026-07-17T22:24:00.476+0530] {dagbag.py:588} INFO - Filling up the DagBag from /Users/bhavishyachallagolla/Desktop/RetailSense/.venv/lib/python3.12/site-packages/airflow/example_dags/example_sensor_decorator.py
[2026-07-17T22:24:00.487+0530] {processor.py:925} INFO - DAG(s) 'example_sensor_decorator' retrieved from /Users/bhavishyachallagolla/Desktop/RetailSense/.venv/lib/python3.12/site-packages/airflow/example_dags/example_sensor_decorator.py
[2026-07-17T22:24:00.510+0530] {logging_mixin.py:190} INFO - [2026-07-17T22:24:00.510+0530] {workday.py:41} WARNING - Could not import pandas. Holidays will not be considered.
[2026-07-17T22:24:00.517+0530] {logging_mixin.py:190} INFO - [2026-07-17T22:24:00.517+0530] {dag.py:3239} INFO - Sync 1 DAGs
[2026-07-17T22:24:00.520+0530] {logging_mixin.py:190} INFO - [2026-07-17T22:24:00.520+0530] {dag.py:4180} INFO - Setting next_dagrun for example_sensor_decorator to None, run_after=None
[2026-07-17T22:24:00.524+0530] {processor.py:208} INFO - Processing /Users/bhavishyachallagolla/Desktop/RetailSense/.venv/lib/python3.12/site-packages/airflow/example_dags/example_sensor_decorator.py took 0.050 seconds
[2026-07-17T22:25:40.457+0530] {processor.py:186} INFO - Started process (PID=92397) to work on /Users/bhavishyachallagolla/Desktop/RetailSense/.venv/lib/python3.12/site-packages/airflow/example_dags/example_sensor_decorator.py
[2026-07-17T22:25:40.458+0530] {processor.py:914} INFO - Processing file /Users/bhavishyachallagolla/Desktop/RetailSense/.venv/lib/python3.12/site-packages/airflow/example_dags/example_sensor_decorator.py for tasks to queue
[2026-07-17T22:25:40.458+0530] {logging_mixin.py:190} INFO - [2026-07-17T22:25:40.458+0530] {dagbag.py:588} INFO - Filling up the DagBag from /Users/bhavishyachallagolla/Desktop/RetailSense/.venv/lib/python3.12/site-packages/airflow/example_dags/example_sensor_decorator.py
[2026-07-17T22:25:40.469+0530] {processor.py:925} INFO - DAG(s) 'example_sensor_decorator' retrieved from /Users/bhavishyachallagolla/Desktop/RetailSense/.venv/lib/python3.12/site-packages/airflow/example_dags/example_sensor_decorator.py
[2026-07-17T22:25:40.490+0530] {logging_mixin.py:190} INFO - [2026-07-17T22:25:40.490+0530] {workday.py:41} WARNING - Could not import pandas. Holidays will not be considered.
[2026-07-17T22:25:40.496+0530] {logging_mixin.py:190} INFO - [2026-07-17T22:25:40.496+0530] {dag.py:3239} INFO - Sync 1 DAGs
[2026-07-17T22:25:40.499+0530] {logging_mixin.py:190} INFO - [2026-07-17T22:25:40.499+0530] {dag.py:4180} INFO - Setting next_dagrun for example_sensor_decorator to None, run_after=None
[2026-07-17T22:25:40.503+0530] {processor.py:208} INFO - Processing /Users/bhavishyachallagolla/Desktop/RetailSense/.venv/lib/python3.12/site-packages/airflow/example_dags/example_sensor_decorator.py took 0.047 seconds
[2026-07-17T22:27:21.425+0530] {processor.py:186} INFO - Started process (PID=92548) to work on /Users/bhavishyachallagolla/Desktop/RetailSense/.venv/lib/python3.12/site-packages/airflow/example_dags/example_sensor_decorator.py
[2026-07-17T22:27:21.426+0530] {processor.py:914} INFO - Processing file /Users/bhavishyachallagolla/Desktop/RetailSense/.venv/lib/python3.12/site-packages/airflow/example_dags/example_sensor_decorator.py for tasks to queue
[2026-07-17T22:27:21.427+0530] {logging_mixin.py:190} INFO - [2026-07-17T22:27:21.427+0530] {dagbag.py:588} INFO - Filling up the DagBag from /Users/bhavishyachallagolla/Desktop/RetailSense/.venv/lib/python3.12/site-packages/airflow/example_dags/example_sensor_decorator.py
[2026-07-17T22:27:21.438+0530] {processor.py:925} INFO - DAG(s) 'example_sensor_decorator' retrieved from /Users/bhavishyachallagolla/Desktop/RetailSense/.venv/lib/python3.12/site-packages/airflow/example_dags/example_sensor_decorator.py
[2026-07-17T22:27:21.458+0530] {logging_mixin.py:190} INFO - [2026-07-17T22:27:21.458+0530] {workday.py:41} WARNING - Could not import pandas. Holidays will not be considered.
[2026-07-17T22:27:21.464+0530] {logging_mixin.py:190} INFO - [2026-07-17T22:27:21.464+0530] {dag.py:3239} INFO - Sync 1 DAGs
[2026-07-17T22:27:21.467+0530] {logging_mixin.py:190} INFO - [2026-07-17T22:27:21.467+0530] {dag.py:4180} INFO - Setting next_dagrun for example_sensor_decorator to None, run_after=None
[2026-07-17T22:27:21.471+0530] {processor.py:208} INFO - Processing /Users/bhavishyachallagolla/Desktop/RetailSense/.venv/lib/python3.12/site-packages/airflow/example_dags/example_sensor_decorator.py took 0.047 seconds
[2026-07-17T22:29:01.279+0530] {processor.py:186} INFO - Started process (PID=92698) to work on /Users/bhavishyachallagolla/Desktop/RetailSense/.venv/lib/python3.12/site-packages/airflow/example_dags/example_sensor_decorator.py
[2026-07-17T22:29:01.280+0530] {processor.py:914} INFO - Processing file /Users/bhavishyachallagolla/Desktop/RetailSense/.venv/lib/python3.12/site-packages/airflow/example_dags/example_sensor_decorator.py for tasks to queue
[2026-07-17T22:29:01.281+0530] {logging_mixin.py:190} INFO - [2026-07-17T22:29:01.281+0530] {dagbag.py:588} INFO - Filling up the DagBag from /Users/bhavishyachallagolla/Desktop/RetailSense/.venv/lib/python3.12/site-packages/airflow/example_dags/example_sensor_decorator.py
[2026-07-17T22:29:01.292+0530] {processor.py:925} INFO - DAG(s) 'example_sensor_decorator' retrieved from /Users/bhavishyachallagolla/Desktop/RetailSense/.venv/lib/python3.12/site-packages/airflow/example_dags/example_sensor_decorator.py
[2026-07-17T22:29:01.313+0530] {logging_mixin.py:190} INFO - [2026-07-17T22:29:01.313+0530] {workday.py:41} WARNING - Could not import pandas. Holidays will not be considered.
[2026-07-17T22:29:01.319+0530] {logging_mixin.py:190} INFO - [2026-07-17T22:29:01.319+0530] {dag.py:3239} INFO - Sync 1 DAGs
[2026-07-17T22:29:01.322+0530] {logging_mixin.py:190} INFO - [2026-07-17T22:29:01.322+0530] {dag.py:4180} INFO - Setting next_dagrun for example_sensor_decorator to None, run_after=None
[2026-07-17T22:29:01.326+0530] {processor.py:208} INFO - Processing /Users/bhavishyachallagolla/Desktop/RetailSense/.venv/lib/python3.12/site-packages/airflow/example_dags/example_sensor_decorator.py took 0.048 seconds
[2026-07-17T22:30:39.019+0530] {processor.py:186} INFO - Started process (PID=92846) to work on /Users/bhavishyachallagolla/Desktop/RetailSense/.venv/lib/python3.12/site-packages/airflow/example_dags/example_sensor_decorator.py
[2026-07-17T22:30:39.022+0530] {processor.py:914} INFO - Processing file /Users/bhavishyachallagolla/Desktop/RetailSense/.venv/lib/python3.12/site-packages/airflow/example_dags/example_sensor_decorator.py for tasks to queue
[2026-07-17T22:30:39.023+0530] {logging_mixin.py:190} INFO - [2026-07-17T22:30:39.023+0530] {dagbag.py:588} INFO - Filling up the DagBag from /Users/bhavishyachallagolla/Desktop/RetailSense/.venv/lib/python3.12/site-packages/airflow/example_dags/example_sensor_decorator.py
[2026-07-17T22:30:39.036+0530] {processor.py:925} INFO - DAG(s) 'example_sensor_decorator' retrieved from /Users/bhavishyachallagolla/Desktop/RetailSense/.venv/lib/python3.12/site-packages/airflow/example_dags/example_sensor_decorator.py
[2026-07-17T22:30:39.057+0530] {logging_mixin.py:190} INFO - [2026-07-17T22:30:39.057+0530] {workday.py:41} WARNING - Could not import pandas. Holidays will not be considered.
[2026-07-17T22:30:39.063+0530] {logging_mixin.py:190} INFO - [2026-07-17T22:30:39.063+0530] {dag.py:3239} INFO - Sync 1 DAGs
[2026-07-17T22:30:39.066+0530] {logging_mixin.py:190} INFO - [2026-07-17T22:30:39.066+0530] {dag.py:4180} INFO - Setting next_dagrun for example_sensor_decorator to None, run_after=None
[2026-07-17T22:30:39.071+0530] {processor.py:208} INFO - Processing /Users/bhavishyachallagolla/Desktop/RetailSense/.venv/lib/python3.12/site-packages/airflow/example_dags/example_sensor_decorator.py took 0.052 seconds
[2026-07-17T22:32:20.995+0530] {processor.py:186} INFO - Started process (PID=93007) to work on /Users/bhavishyachallagolla/Desktop/RetailSense/.venv/lib/python3.12/site-packages/airflow/example_dags/example_sensor_decorator.py
[2026-07-17T22:32:20.996+0530] {processor.py:914} INFO - Processing file /Users/bhavishyachallagolla/Desktop/RetailSense/.venv/lib/python3.12/site-packages/airflow/example_dags/example_sensor_decorator.py for tasks to queue
[2026-07-17T22:32:20.996+0530] {logging_mixin.py:190} INFO - [2026-07-17T22:32:20.996+0530] {dagbag.py:588} INFO - Filling up the DagBag from /Users/bhavishyachallagolla/Desktop/RetailSense/.venv/lib/python3.12/site-packages/airflow/example_dags/example_sensor_decorator.py
[2026-07-17T22:32:21.008+0530] {processor.py:925} INFO - DAG(s) 'example_sensor_decorator' retrieved from /Users/bhavishyachallagolla/Desktop/RetailSense/.venv/lib/python3.12/site-packages/airflow/example_dags/example_sensor_decorator.py
[2026-07-17T22:32:21.030+0530] {logging_mixin.py:190} INFO - [2026-07-17T22:32:21.030+0530] {workday.py:41} WARNING - Could not import pandas. Holidays will not be considered.
[2026-07-17T22:32:21.036+0530] {logging_mixin.py:190} INFO - [2026-07-17T22:32:21.036+0530] {dag.py:3239} INFO - Sync 1 DAGs
[2026-07-17T22:32:21.039+0530] {logging_mixin.py:190} INFO - [2026-07-17T22:32:21.039+0530] {dag.py:4180} INFO - Setting next_dagrun for example_sensor_decorator to None, run_after=None
[2026-07-17T22:32:21.043+0530] {processor.py:208} INFO - Processing /Users/bhavishyachallagolla/Desktop/RetailSense/.venv/lib/python3.12/site-packages/airflow/example_dags/example_sensor_decorator.py took 0.050 seconds
[2026-07-17T22:33:59.240+0530] {processor.py:186} INFO - Started process (PID=93153) to work on /Users/bhavishyachallagolla/Desktop/RetailSense/.venv/lib/python3.12/site-packages/airflow/example_dags/example_sensor_decorator.py
[2026-07-17T22:33:59.241+0530] {processor.py:914} INFO - Processing file /Users/bhavishyachallagolla/Desktop/RetailSense/.venv/lib/python3.12/site-packages/airflow/example_dags/example_sensor_decorator.py for tasks to queue
[2026-07-17T22:33:59.242+0530] {logging_mixin.py:190} INFO - [2026-07-17T22:33:59.242+0530] {dagbag.py:588} INFO - Filling up the DagBag from /Users/bhavishyachallagolla/Desktop/RetailSense/.venv/lib/python3.12/site-packages/airflow/example_dags/example_sensor_decorator.py
[2026-07-17T22:33:59.253+0530] {processor.py:925} INFO - DAG(s) 'example_sensor_decorator' retrieved from /Users/bhavishyachallagolla/Desktop/RetailSense/.venv/lib/python3.12/site-packages/airflow/example_dags/example_sensor_decorator.py
[2026-07-17T22:33:59.274+0530] {logging_mixin.py:190} INFO - [2026-07-17T22:33:59.274+0530] {workday.py:41} WARNING - Could not import pandas. Holidays will not be considered.
[2026-07-17T22:33:59.280+0530] {logging_mixin.py:190} INFO - [2026-07-17T22:33:59.280+0530] {dag.py:3239} INFO - Sync 1 DAGs
[2026-07-17T22:33:59.283+0530] {logging_mixin.py:190} INFO - [2026-07-17T22:33:59.283+0530] {dag.py:4180} INFO - Setting next_dagrun for example_sensor_decorator to None, run_after=None
[2026-07-17T22:33:59.287+0530] {processor.py:208} INFO - Processing /Users/bhavishyachallagolla/Desktop/RetailSense/.venv/lib/python3.12/site-packages/airflow/example_dags/example_sensor_decorator.py took 0.048 seconds
[2026-07-17T22:35:39.618+0530] {processor.py:186} INFO - Started process (PID=93304) to work on /Users/bhavishyachallagolla/Desktop/RetailSense/.venv/lib/python3.12/site-packages/airflow/example_dags/example_sensor_decorator.py
[2026-07-17T22:35:39.619+0530] {processor.py:914} INFO - Processing file /Users/bhavishyachallagolla/Desktop/RetailSense/.venv/lib/python3.12/site-packages/airflow/example_dags/example_sensor_decorator.py for tasks to queue
[2026-07-17T22:35:39.620+0530] {logging_mixin.py:190} INFO - [2026-07-17T22:35:39.620+0530] {dagbag.py:588} INFO - Filling up the DagBag from /Users/bhavishyachallagolla/Desktop/RetailSense/.venv/lib/python3.12/site-packages/airflow/example_dags/example_sensor_decorator.py
[2026-07-17T22:35:39.632+0530] {processor.py:925} INFO - DAG(s) 'example_sensor_decorator' retrieved from /Users/bhavishyachallagolla/Desktop/RetailSense/.venv/lib/python3.12/site-packages/airflow/example_dags/example_sensor_decorator.py
[2026-07-17T22:35:39.653+0530] {logging_mixin.py:190} INFO - [2026-07-17T22:35:39.653+0530] {workday.py:41} WARNING - Could not import pandas. Holidays will not be considered.
[2026-07-17T22:35:39.659+0530] {logging_mixin.py:190} INFO - [2026-07-17T22:35:39.659+0530] {dag.py:3239} INFO - Sync 1 DAGs
[2026-07-17T22:35:39.662+0530] {logging_mixin.py:190} INFO - [2026-07-17T22:35:39.662+0530] {dag.py:4180} INFO - Setting next_dagrun for example_sensor_decorator to None, run_after=None
[2026-07-17T22:35:39.666+0530] {processor.py:208} INFO - Processing /Users/bhavishyachallagolla/Desktop/RetailSense/.venv/lib/python3.12/site-packages/airflow/example_dags/example_sensor_decorator.py took 0.049 seconds
[2026-07-17T22:37:21.139+0530] {processor.py:186} INFO - Started process (PID=93463) to work on /Users/bhavishyachallagolla/Desktop/RetailSense/.venv/lib/python3.12/site-packages/airflow/example_dags/example_sensor_decorator.py
[2026-07-17T22:37:21.140+0530] {processor.py:914} INFO - Processing file /Users/bhavishyachallagolla/Desktop/RetailSense/.venv/lib/python3.12/site-packages/airflow/example_dags/example_sensor_decorator.py for tasks to queue
[2026-07-17T22:37:21.141+0530] {logging_mixin.py:190} INFO - [2026-07-17T22:37:21.141+0530] {dagbag.py:588} INFO - Filling up the DagBag from /Users/bhavishyachallagolla/Desktop/RetailSense/.venv/lib/python3.12/site-packages/airflow/example_dags/example_sensor_decorator.py
[2026-07-17T22:37:21.152+0530] {processor.py:925} INFO - DAG(s) 'example_sensor_decorator' retrieved from /Users/bhavishyachallagolla/Desktop/RetailSense/.venv/lib/python3.12/site-packages/airflow/example_dags/example_sensor_decorator.py
[2026-07-17T22:37:21.174+0530] {logging_mixin.py:190} INFO - [2026-07-17T22:37:21.174+0530] {workday.py:41} WARNING - Could not import pandas. Holidays will not be considered.
[2026-07-17T22:37:21.180+0530] {logging_mixin.py:190} INFO - [2026-07-17T22:37:21.180+0530] {dag.py:3239} INFO - Sync 1 DAGs
[2026-07-17T22:37:21.183+0530] {logging_mixin.py:190} INFO - [2026-07-17T22:37:21.183+0530] {dag.py:4180} INFO - Setting next_dagrun for example_sensor_decorator to None, run_after=None
[2026-07-17T22:37:21.187+0530] {processor.py:208} INFO - Processing /Users/bhavishyachallagolla/Desktop/RetailSense/.venv/lib/python3.12/site-packages/airflow/example_dags/example_sensor_decorator.py took 0.049 seconds
[2026-07-17T22:38:59.932+0530] {processor.py:186} INFO - Started process (PID=93612) to work on /Users/bhavishyachallagolla/Desktop/RetailSense/.venv/lib/python3.12/site-packages/airflow/example_dags/example_sensor_decorator.py
[2026-07-17T22:38:59.932+0530] {processor.py:914} INFO - Processing file /Users/bhavishyachallagolla/Desktop/RetailSense/.venv/lib/python3.12/site-packages/airflow/example_dags/example_sensor_decorator.py for tasks to queue
[2026-07-17T22:38:59.932+0530] {logging_mixin.py:190} INFO - [2026-07-17T22:38:59.932+0530] {dagbag.py:588} INFO - Filling up the DagBag from /Users/bhavishyachallagolla/Desktop/RetailSense/.venv/lib/python3.12/site-packages/airflow/example_dags/example_sensor_decorator.py
[2026-07-17T22:38:59.944+0530] {processor.py:925} INFO - DAG(s) 'example_sensor_decorator' retrieved from /Users/bhavishyachallagolla/Desktop/RetailSense/.venv/lib/python3.12/site-packages/airflow/example_dags/example_sensor_decorator.py
[2026-07-17T22:38:59.964+0530] {logging_mixin.py:190} INFO - [2026-07-17T22:38:59.964+0530] {workday.py:41} WARNING - Could not import pandas. Holidays will not be considered.
[2026-07-17T22:38:59.970+0530] {logging_mixin.py:190} INFO - [2026-07-17T22:38:59.970+0530] {dag.py:3239} INFO - Sync 1 DAGs
[2026-07-17T22:38:59.973+0530] {logging_mixin.py:190} INFO - [2026-07-17T22:38:59.973+0530] {dag.py:4180} INFO - Setting next_dagrun for example_sensor_decorator to None, run_after=None
[2026-07-17T22:38:59.977+0530] {processor.py:208} INFO - Processing /Users/bhavishyachallagolla/Desktop/RetailSense/.venv/lib/python3.12/site-packages/airflow/example_dags/example_sensor_decorator.py took 0.047 seconds
[2026-07-17T22:40:40.314+0530] {processor.py:186} INFO - Started process (PID=93762) to work on /Users/bhavishyachallagolla/Desktop/RetailSense/.venv/lib/python3.12/site-packages/airflow/example_dags/example_sensor_decorator.py
[2026-07-17T22:40:40.314+0530] {processor.py:914} INFO - Processing file /Users/bhavishyachallagolla/Desktop/RetailSense/.venv/lib/python3.12/site-packages/airflow/example_dags/example_sensor_decorator.py for tasks to queue
[2026-07-17T22:40:40.315+0530] {logging_mixin.py:190} INFO - [2026-07-17T22:40:40.314+0530] {dagbag.py:588} INFO - Filling up the DagBag from /Users/bhavishyachallagolla/Desktop/RetailSense/.venv/lib/python3.12/site-packages/airflow/example_dags/example_sensor_decorator.py
[2026-07-17T22:40:40.326+0530] {processor.py:925} INFO - DAG(s) 'example_sensor_decorator' retrieved from /Users/bhavishyachallagolla/Desktop/RetailSense/.venv/lib/python3.12/site-packages/airflow/example_dags/example_sensor_decorator.py
[2026-07-17T22:40:40.348+0530] {logging_mixin.py:190} INFO - [2026-07-17T22:40:40.348+0530] {workday.py:41} WARNING - Could not import pandas. Holidays will not be considered.
[2026-07-17T22:40:40.354+0530] {logging_mixin.py:190} INFO - [2026-07-17T22:40:40.354+0530] {dag.py:3239} INFO - Sync 1 DAGs
[2026-07-17T22:40:40.357+0530] {logging_mixin.py:190} INFO - [2026-07-17T22:40:40.357+0530] {dag.py:4180} INFO - Setting next_dagrun for example_sensor_decorator to None, run_after=None
[2026-07-17T22:40:40.361+0530] {processor.py:208} INFO - Processing /Users/bhavishyachallagolla/Desktop/RetailSense/.venv/lib/python3.12/site-packages/airflow/example_dags/example_sensor_decorator.py took 0.048 seconds
[2026-07-17T22:42:21.669+0530] {processor.py:186} INFO - Started process (PID=93913) to work on /Users/bhavishyachallagolla/Desktop/RetailSense/.venv/lib/python3.12/site-packages/airflow/example_dags/example_sensor_decorator.py
[2026-07-17T22:42:21.670+0530] {processor.py:914} INFO - Processing file /Users/bhavishyachallagolla/Desktop/RetailSense/.venv/lib/python3.12/site-packages/airflow/example_dags/example_sensor_decorator.py for tasks to queue
[2026-07-17T22:42:21.671+0530] {logging_mixin.py:190} INFO - [2026-07-17T22:42:21.671+0530] {dagbag.py:588} INFO - Filling up the DagBag from /Users/bhavishyachallagolla/Desktop/RetailSense/.venv/lib/python3.12/site-packages/airflow/example_dags/example_sensor_decorator.py
[2026-07-17T22:42:21.683+0530] {processor.py:925} INFO - DAG(s) 'example_sensor_decorator' retrieved from /Users/bhavishyachallagolla/Desktop/RetailSense/.venv/lib/python3.12/site-packages/airflow/example_dags/example_sensor_decorator.py
[2026-07-17T22:42:21.704+0530] {logging_mixin.py:190} INFO - [2026-07-17T22:42:21.704+0530] {workday.py:41} WARNING - Could not import pandas. Holidays will not be considered.
[2026-07-17T22:42:21.711+0530] {logging_mixin.py:190} INFO - [2026-07-17T22:42:21.710+0530] {dag.py:3239} INFO - Sync 1 DAGs
[2026-07-17T22:42:21.713+0530] {logging_mixin.py:190} INFO - [2026-07-17T22:42:21.713+0530] {dag.py:4180} INFO - Setting next_dagrun for example_sensor_decorator to None, run_after=None
[2026-07-17T22:42:21.718+0530] {processor.py:208} INFO - Processing /Users/bhavishyachallagolla/Desktop/RetailSense/.venv/lib/python3.12/site-packages/airflow/example_dags/example_sensor_decorator.py took 0.050 seconds
[2026-07-17T22:44:02.513+0530] {processor.py:186} INFO - Started process (PID=94063) to work on /Users/bhavishyachallagolla/Desktop/RetailSense/.venv/lib/python3.12/site-packages/airflow/example_dags/example_sensor_decorator.py
[2026-07-17T22:44:02.514+0530] {processor.py:914} INFO - Processing file /Users/bhavishyachallagolla/Desktop/RetailSense/.venv/lib/python3.12/site-packages/airflow/example_dags/example_sensor_decorator.py for tasks to queue
[2026-07-17T22:44:02.514+0530] {logging_mixin.py:190} INFO - [2026-07-17T22:44:02.514+0530] {dagbag.py:588} INFO - Filling up the DagBag from /Users/bhavishyachallagolla/Desktop/RetailSense/.venv/lib/python3.12/site-packages/airflow/example_dags/example_sensor_decorator.py
[2026-07-17T22:44:02.526+0530] {processor.py:925} INFO - DAG(s) 'example_sensor_decorator' retrieved from /Users/bhavishyachallagolla/Desktop/RetailSense/.venv/lib/python3.12/site-packages/airflow/example_dags/example_sensor_decorator.py
[2026-07-17T22:44:02.547+0530] {logging_mixin.py:190} INFO - [2026-07-17T22:44:02.547+0530] {workday.py:41} WARNING - Could not import pandas. Holidays will not be considered.
[2026-07-17T22:44:02.553+0530] {logging_mixin.py:190} INFO - [2026-07-17T22:44:02.553+0530] {dag.py:3239} INFO - Sync 1 DAGs
[2026-07-17T22:44:02.556+0530] {logging_mixin.py:190} INFO - [2026-07-17T22:44:02.556+0530] {dag.py:4180} INFO - Setting next_dagrun for example_sensor_decorator to None, run_after=None
[2026-07-17T22:44:02.561+0530] {processor.py:208} INFO - Processing /Users/bhavishyachallagolla/Desktop/RetailSense/.venv/lib/python3.12/site-packages/airflow/example_dags/example_sensor_decorator.py took 0.048 seconds
[2026-07-17T22:45:41.331+0530] {processor.py:186} INFO - Started process (PID=94212) to work on /Users/bhavishyachallagolla/Desktop/RetailSense/.venv/lib/python3.12/site-packages/airflow/example_dags/example_sensor_decorator.py
[2026-07-17T22:45:41.331+0530] {processor.py:914} INFO - Processing file /Users/bhavishyachallagolla/Desktop/RetailSense/.venv/lib/python3.12/site-packages/airflow/example_dags/example_sensor_decorator.py for tasks to queue
[2026-07-17T22:45:41.331+0530] {logging_mixin.py:190} INFO - [2026-07-17T22:45:41.331+0530] {dagbag.py:588} INFO - Filling up the DagBag from /Users/bhavishyachallagolla/Desktop/RetailSense/.venv/lib/python3.12/site-packages/airflow/example_dags/example_sensor_decorator.py
[2026-07-17T22:45:41.342+0530] {processor.py:925} INFO - DAG(s) 'example_sensor_decorator' retrieved from /Users/bhavishyachallagolla/Desktop/RetailSense/.venv/lib/python3.12/site-packages/airflow/example_dags/example_sensor_decorator.py
[2026-07-17T22:45:41.363+0530] {logging_mixin.py:190} INFO - [2026-07-17T22:45:41.363+0530] {workday.py:41} WARNING - Could not import pandas. Holidays will not be considered.
[2026-07-17T22:45:41.369+0530] {logging_mixin.py:190} INFO - [2026-07-17T22:45:41.369+0530] {dag.py:3239} INFO - Sync 1 DAGs
[2026-07-17T22:45:41.372+0530] {logging_mixin.py:190} INFO - [2026-07-17T22:45:41.372+0530] {dag.py:4180} INFO - Setting next_dagrun for example_sensor_decorator to None, run_after=None
[2026-07-17T22:45:41.376+0530] {processor.py:208} INFO - Processing /Users/bhavishyachallagolla/Desktop/RetailSense/.venv/lib/python3.12/site-packages/airflow/example_dags/example_sensor_decorator.py took 0.047 seconds
[2026-07-17T22:47:19.140+0530] {processor.py:186} INFO - Started process (PID=94359) to work on /Users/bhavishyachallagolla/Desktop/RetailSense/.venv/lib/python3.12/site-packages/airflow/example_dags/example_sensor_decorator.py
[2026-07-17T22:47:19.140+0530] {processor.py:914} INFO - Processing file /Users/bhavishyachallagolla/Desktop/RetailSense/.venv/lib/python3.12/site-packages/airflow/example_dags/example_sensor_decorator.py for tasks to queue
[2026-07-17T22:47:19.141+0530] {logging_mixin.py:190} INFO - [2026-07-17T22:47:19.141+0530] {dagbag.py:588} INFO - Filling up the DagBag from /Users/bhavishyachallagolla/Desktop/RetailSense/.venv/lib/python3.12/site-packages/airflow/example_dags/example_sensor_decorator.py
[2026-07-17T22:47:19.152+0530] {processor.py:925} INFO - DAG(s) 'example_sensor_decorator' retrieved from /Users/bhavishyachallagolla/Desktop/RetailSense/.venv/lib/python3.12/site-packages/airflow/example_dags/example_sensor_decorator.py
[2026-07-17T22:47:19.174+0530] {logging_mixin.py:190} INFO - [2026-07-17T22:47:19.174+0530] {workday.py:41} WARNING - Could not import pandas. Holidays will not be considered.
[2026-07-17T22:47:19.180+0530] {logging_mixin.py:190} INFO - [2026-07-17T22:47:19.180+0530] {dag.py:3239} INFO - Sync 1 DAGs
[2026-07-17T22:47:19.183+0530] {logging_mixin.py:190} INFO - [2026-07-17T22:47:19.182+0530] {dag.py:4180} INFO - Setting next_dagrun for example_sensor_decorator to None, run_after=None
[2026-07-17T22:47:19.187+0530] {processor.py:208} INFO - Processing /Users/bhavishyachallagolla/Desktop/RetailSense/.venv/lib/python3.12/site-packages/airflow/example_dags/example_sensor_decorator.py took 0.048 seconds
[2026-07-17T22:48:59.487+0530] {processor.py:186} INFO - Started process (PID=94509) to work on /Users/bhavishyachallagolla/Desktop/RetailSense/.venv/lib/python3.12/site-packages/airflow/example_dags/example_sensor_decorator.py
[2026-07-17T22:48:59.488+0530] {processor.py:914} INFO - Processing file /Users/bhavishyachallagolla/Desktop/RetailSense/.venv/lib/python3.12/site-packages/airflow/example_dags/example_sensor_decorator.py for tasks to queue
[2026-07-17T22:48:59.488+0530] {logging_mixin.py:190} INFO - [2026-07-17T22:48:59.488+0530] {dagbag.py:588} INFO - Filling up the DagBag from /Users/bhavishyachallagolla/Desktop/RetailSense/.venv/lib/python3.12/site-packages/airflow/example_dags/example_sensor_decorator.py
[2026-07-17T22:48:59.500+0530] {processor.py:925} INFO - DAG(s) 'example_sensor_decorator' retrieved from /Users/bhavishyachallagolla/Desktop/RetailSense/.venv/lib/python3.12/site-packages/airflow/example_dags/example_sensor_decorator.py
[2026-07-17T22:48:59.521+0530] {logging_mixin.py:190} INFO - [2026-07-17T22:48:59.521+0530] {workday.py:41} WARNING - Could not import pandas. Holidays will not be considered.
[2026-07-17T22:48:59.527+0530] {logging_mixin.py:190} INFO - [2026-07-17T22:48:59.527+0530] {dag.py:3239} INFO - Sync 1 DAGs
[2026-07-17T22:48:59.530+0530] {logging_mixin.py:190} INFO - [2026-07-17T22:48:59.530+0530] {dag.py:4180} INFO - Setting next_dagrun for example_sensor_decorator to None, run_after=None
[2026-07-17T22:48:59.535+0530] {processor.py:208} INFO - Processing /Users/bhavishyachallagolla/Desktop/RetailSense/.venv/lib/python3.12/site-packages/airflow/example_dags/example_sensor_decorator.py took 0.048 seconds
[2026-07-17T22:50:53.923+0530] {processor.py:186} INFO - Started process (PID=94661) to work on /Users/bhavishyachallagolla/Desktop/RetailSense/.venv/lib/python3.12/site-packages/airflow/example_dags/example_sensor_decorator.py
[2026-07-17T22:50:53.924+0530] {processor.py:914} INFO - Processing file /Users/bhavishyachallagolla/Desktop/RetailSense/.venv/lib/python3.12/site-packages/airflow/example_dags/example_sensor_decorator.py for tasks to queue
[2026-07-17T22:50:53.924+0530] {logging_mixin.py:190} INFO - [2026-07-17T22:50:53.924+0530] {dagbag.py:588} INFO - Filling up the DagBag from /Users/bhavishyachallagolla/Desktop/RetailSense/.venv/lib/python3.12/site-packages/airflow/example_dags/example_sensor_decorator.py
[2026-07-17T22:50:53.936+0530] {processor.py:925} INFO - DAG(s) 'example_sensor_decorator' retrieved from /Users/bhavishyachallagolla/Desktop/RetailSense/.venv/lib/python3.12/site-packages/airflow/example_dags/example_sensor_decorator.py
[2026-07-17T22:50:53.958+0530] {logging_mixin.py:190} INFO - [2026-07-17T22:50:53.958+0530] {workday.py:41} WARNING - Could not import pandas. Holidays will not be considered.
[2026-07-17T22:50:53.964+0530] {logging_mixin.py:190} INFO - [2026-07-17T22:50:53.964+0530] {dag.py:3239} INFO - Sync 1 DAGs
[2026-07-17T22:50:53.967+0530] {logging_mixin.py:190} INFO - [2026-07-17T22:50:53.967+0530] {dag.py:4180} INFO - Setting next_dagrun for example_sensor_decorator to None, run_after=None
[2026-07-17T22:50:53.972+0530] {processor.py:208} INFO - Processing /Users/bhavishyachallagolla/Desktop/RetailSense/.venv/lib/python3.12/site-packages/airflow/example_dags/example_sensor_decorator.py took 0.049 seconds
[2026-07-17T22:52:32.515+0530] {processor.py:186} INFO - Started process (PID=94812) to work on /Users/bhavishyachallagolla/Desktop/RetailSense/.venv/lib/python3.12/site-packages/airflow/example_dags/example_sensor_decorator.py
[2026-07-17T22:52:32.515+0530] {processor.py:914} INFO - Processing file /Users/bhavishyachallagolla/Desktop/RetailSense/.venv/lib/python3.12/site-packages/airflow/example_dags/example_sensor_decorator.py for tasks to queue
[2026-07-17T22:52:32.516+0530] {logging_mixin.py:190} INFO - [2026-07-17T22:52:32.516+0530] {dagbag.py:588} INFO - Filling up the DagBag from /Users/bhavishyachallagolla/Desktop/RetailSense/.venv/lib/python3.12/site-packages/airflow/example_dags/example_sensor_decorator.py
[2026-07-17T22:52:32.527+0530] {processor.py:925} INFO - DAG(s) 'example_sensor_decorator' retrieved from /Users/bhavishyachallagolla/Desktop/RetailSense/.venv/lib/python3.12/site-packages/airflow/example_dags/example_sensor_decorator.py
[2026-07-17T22:52:32.548+0530] {logging_mixin.py:190} INFO - [2026-07-17T22:52:32.548+0530] {workday.py:41} WARNING - Could not import pandas. Holidays will not be considered.
[2026-07-17T22:52:32.554+0530] {logging_mixin.py:190} INFO - [2026-07-17T22:52:32.554+0530] {dag.py:3239} INFO - Sync 1 DAGs
[2026-07-17T22:52:32.557+0530] {logging_mixin.py:190} INFO - [2026-07-17T22:52:32.557+0530] {dag.py:4180} INFO - Setting next_dagrun for example_sensor_decorator to None, run_after=None
[2026-07-17T22:52:32.562+0530] {processor.py:208} INFO - Processing /Users/bhavishyachallagolla/Desktop/RetailSense/.venv/lib/python3.12/site-packages/airflow/example_dags/example_sensor_decorator.py took 0.048 seconds
[2026-07-17T22:54:12.436+0530] {processor.py:186} INFO - Started process (PID=94967) to work on /Users/bhavishyachallagolla/Desktop/RetailSense/.venv/lib/python3.12/site-packages/airflow/example_dags/example_sensor_decorator.py
[2026-07-17T22:54:12.437+0530] {processor.py:914} INFO - Processing file /Users/bhavishyachallagolla/Desktop/RetailSense/.venv/lib/python3.12/site-packages/airflow/example_dags/example_sensor_decorator.py for tasks to queue
[2026-07-17T22:54:12.438+0530] {logging_mixin.py:190} INFO - [2026-07-17T22:54:12.437+0530] {dagbag.py:588} INFO - Filling up the DagBag from /Users/bhavishyachallagolla/Desktop/RetailSense/.venv/lib/python3.12/site-packages/airflow/example_dags/example_sensor_decorator.py
[2026-07-17T22:54:12.449+0530] {processor.py:925} INFO - DAG(s) 'example_sensor_decorator' retrieved from /Users/bhavishyachallagolla/Desktop/RetailSense/.venv/lib/python3.12/site-packages/airflow/example_dags/example_sensor_decorator.py
[2026-07-17T22:54:12.470+0530] {logging_mixin.py:190} INFO - [2026-07-17T22:54:12.470+0530] {workday.py:41} WARNING - Could not import pandas. Holidays will not be considered.
[2026-07-17T22:54:12.476+0530] {logging_mixin.py:190} INFO - [2026-07-17T22:54:12.476+0530] {dag.py:3239} INFO - Sync 1 DAGs
[2026-07-17T22:54:12.479+0530] {logging_mixin.py:190} INFO - [2026-07-17T22:54:12.478+0530] {dag.py:4180} INFO - Setting next_dagrun for example_sensor_decorator to None, run_after=None
[2026-07-17T22:54:12.483+0530] {processor.py:208} INFO - Processing /Users/bhavishyachallagolla/Desktop/RetailSense/.venv/lib/python3.12/site-packages/airflow/example_dags/example_sensor_decorator.py took 0.048 seconds
[2026-07-17T22:55:51.863+0530] {processor.py:186} INFO - Started process (PID=95115) to work on /Users/bhavishyachallagolla/Desktop/RetailSense/.venv/lib/python3.12/site-packages/airflow/example_dags/example_sensor_decorator.py
[2026-07-17T22:55:51.864+0530] {processor.py:914} INFO - Processing file /Users/bhavishyachallagolla/Desktop/RetailSense/.venv/lib/python3.12/site-packages/airflow/example_dags/example_sensor_decorator.py for tasks to queue
[2026-07-17T22:55:51.865+0530] {logging_mixin.py:190} INFO - [2026-07-17T22:55:51.865+0530] {dagbag.py:588} INFO - Filling up the DagBag from /Users/bhavishyachallagolla/Desktop/RetailSense/.venv/lib/python3.12/site-packages/airflow/example_dags/example_sensor_decorator.py
[2026-07-17T22:55:51.877+0530] {processor.py:925} INFO - DAG(s) 'example_sensor_decorator' retrieved from /Users/bhavishyachallagolla/Desktop/RetailSense/.venv/lib/python3.12/site-packages/airflow/example_dags/example_sensor_decorator.py
[2026-07-17T22:55:51.899+0530] {logging_mixin.py:190} INFO - [2026-07-17T22:55:51.898+0530] {workday.py:41} WARNING - Could not import pandas. Holidays will not be considered.
[2026-07-17T22:55:51.905+0530] {logging_mixin.py:190} INFO - [2026-07-17T22:55:51.904+0530] {dag.py:3239} INFO - Sync 1 DAGs
[2026-07-17T22:55:51.907+0530] {logging_mixin.py:190} INFO - [2026-07-17T22:55:51.907+0530] {dag.py:4180} INFO - Setting next_dagrun for example_sensor_decorator to None, run_after=None
[2026-07-17T22:55:51.912+0530] {processor.py:208} INFO - Processing /Users/bhavishyachallagolla/Desktop/RetailSense/.venv/lib/python3.12/site-packages/airflow/example_dags/example_sensor_decorator.py took 0.050 seconds
[2026-07-17T22:57:30.435+0530] {processor.py:186} INFO - Started process (PID=95265) to work on /Users/bhavishyachallagolla/Desktop/RetailSense/.venv/lib/python3.12/site-packages/airflow/example_dags/example_sensor_decorator.py
[2026-07-17T22:57:30.436+0530] {processor.py:914} INFO - Processing file /Users/bhavishyachallagolla/Desktop/RetailSense/.venv/lib/python3.12/site-packages/airflow/example_dags/example_sensor_decorator.py for tasks to queue
[2026-07-17T22:57:30.436+0530] {logging_mixin.py:190} INFO - [2026-07-17T22:57:30.436+0530] {dagbag.py:588} INFO - Filling up the DagBag from /Users/bhavishyachallagolla/Desktop/RetailSense/.venv/lib/python3.12/site-packages/airflow/example_dags/example_sensor_decorator.py
[2026-07-17T22:57:30.448+0530] {processor.py:925} INFO - DAG(s) 'example_sensor_decorator' retrieved from /Users/bhavishyachallagolla/Desktop/RetailSense/.venv/lib/python3.12/site-packages/airflow/example_dags/example_sensor_decorator.py
[2026-07-17T22:57:30.469+0530] {logging_mixin.py:190} INFO - [2026-07-17T22:57:30.469+0530] {workday.py:41} WARNING - Could not import pandas. Holidays will not be considered.
[2026-07-17T22:57:30.475+0530] {logging_mixin.py:190} INFO - [2026-07-17T22:57:30.475+0530] {dag.py:3239} INFO - Sync 1 DAGs
[2026-07-17T22:57:30.478+0530] {logging_mixin.py:190} INFO - [2026-07-17T22:57:30.478+0530] {dag.py:4180} INFO - Setting next_dagrun for example_sensor_decorator to None, run_after=None
[2026-07-17T22:57:30.483+0530] {processor.py:208} INFO - Processing /Users/bhavishyachallagolla/Desktop/RetailSense/.venv/lib/python3.12/site-packages/airflow/example_dags/example_sensor_decorator.py took 0.049 seconds
[2026-07-17T22:59:11.710+0530] {processor.py:186} INFO - Started process (PID=95429) to work on /Users/bhavishyachallagolla/Desktop/RetailSense/.venv/lib/python3.12/site-packages/airflow/example_dags/example_sensor_decorator.py
[2026-07-17T22:59:11.711+0530] {processor.py:914} INFO - Processing file /Users/bhavishyachallagolla/Desktop/RetailSense/.venv/lib/python3.12/site-packages/airflow/example_dags/example_sensor_decorator.py for tasks to queue
[2026-07-17T22:59:11.711+0530] {logging_mixin.py:190} INFO - [2026-07-17T22:59:11.711+0530] {dagbag.py:588} INFO - Filling up the DagBag from /Users/bhavishyachallagolla/Desktop/RetailSense/.venv/lib/python3.12/site-packages/airflow/example_dags/example_sensor_decorator.py
[2026-07-17T22:59:11.723+0530] {processor.py:925} INFO - DAG(s) 'example_sensor_decorator' retrieved from /Users/bhavishyachallagolla/Desktop/RetailSense/.venv/lib/python3.12/site-packages/airflow/example_dags/example_sensor_decorator.py
[2026-07-17T22:59:11.745+0530] {logging_mixin.py:190} INFO - [2026-07-17T22:59:11.745+0530] {workday.py:41} WARNING - Could not import pandas. Holidays will not be considered.
[2026-07-17T22:59:11.751+0530] {logging_mixin.py:190} INFO - [2026-07-17T22:59:11.751+0530] {dag.py:3239} INFO - Sync 1 DAGs
[2026-07-17T22:59:11.753+0530] {logging_mixin.py:190} INFO - [2026-07-17T22:59:11.753+0530] {dag.py:4180} INFO - Setting next_dagrun for example_sensor_decorator to None, run_after=None
[2026-07-17T22:59:11.758+0530] {processor.py:208} INFO - Processing /Users/bhavishyachallagolla/Desktop/RetailSense/.venv/lib/python3.12/site-packages/airflow/example_dags/example_sensor_decorator.py took 0.049 seconds
[2026-07-17T23:00:42.332+0530] {processor.py:186} INFO - Started process (PID=95548) to work on /Users/bhavishyachallagolla/Desktop/RetailSense/.venv/lib/python3.12/site-packages/airflow/example_dags/example_sensor_decorator.py
[2026-07-17T23:00:42.333+0530] {processor.py:914} INFO - Processing file /Users/bhavishyachallagolla/Desktop/RetailSense/.venv/lib/python3.12/site-packages/airflow/example_dags/example_sensor_decorator.py for tasks to queue
[2026-07-17T23:00:42.334+0530] {logging_mixin.py:190} INFO - [2026-07-17T23:00:42.334+0530] {dagbag.py:588} INFO - Filling up the DagBag from /Users/bhavishyachallagolla/Desktop/RetailSense/.venv/lib/python3.12/site-packages/airflow/example_dags/example_sensor_decorator.py
[2026-07-17T23:00:42.346+0530] {processor.py:925} INFO - DAG(s) 'example_sensor_decorator' retrieved from /Users/bhavishyachallagolla/Desktop/RetailSense/.venv/lib/python3.12/site-packages/airflow/example_dags/example_sensor_decorator.py
[2026-07-17T23:00:42.367+0530] {logging_mixin.py:190} INFO - [2026-07-17T23:00:42.367+0530] {workday.py:41} WARNING - Could not import pandas. Holidays will not be considered.
[2026-07-17T23:00:42.373+0530] {logging_mixin.py:190} INFO - [2026-07-17T23:00:42.373+0530] {dag.py:3239} INFO - Sync 1 DAGs
[2026-07-17T23:00:42.376+0530] {logging_mixin.py:190} INFO - [2026-07-17T23:00:42.376+0530] {dag.py:4180} INFO - Setting next_dagrun for example_sensor_decorator to None, run_after=None
[2026-07-17T23:00:42.381+0530] {processor.py:208} INFO - Processing /Users/bhavishyachallagolla/Desktop/RetailSense/.venv/lib/python3.12/site-packages/airflow/example_dags/example_sensor_decorator.py took 0.050 seconds
[2026-07-17T23:01:58.973+0530] {processor.py:186} INFO - Started process (PID=95662) to work on /Users/bhavishyachallagolla/Desktop/RetailSense/.venv/lib/python3.12/site-packages/airflow/example_dags/example_sensor_decorator.py
[2026-07-17T23:01:58.973+0530] {processor.py:914} INFO - Processing file /Users/bhavishyachallagolla/Desktop/RetailSense/.venv/lib/python3.12/site-packages/airflow/example_dags/example_sensor_decorator.py for tasks to queue
[2026-07-17T23:01:58.973+0530] {logging_mixin.py:190} INFO - [2026-07-17T23:01:58.973+0530] {dagbag.py:588} INFO - Filling up the DagBag from /Users/bhavishyachallagolla/Desktop/RetailSense/.venv/lib/python3.12/site-packages/airflow/example_dags/example_sensor_decorator.py
[2026-07-17T23:01:58.987+0530] {processor.py:925} INFO - DAG(s) 'example_sensor_decorator' retrieved from /Users/bhavishyachallagolla/Desktop/RetailSense/.venv/lib/python3.12/site-packages/airflow/example_dags/example_sensor_decorator.py
[2026-07-17T23:01:59.011+0530] {logging_mixin.py:190} INFO - [2026-07-17T23:01:59.011+0530] {workday.py:41} WARNING - Could not import pandas. Holidays will not be considered.
[2026-07-17T23:01:59.017+0530] {logging_mixin.py:190} INFO - [2026-07-17T23:01:59.017+0530] {dag.py:3239} INFO - Sync 1 DAGs
[2026-07-17T23:01:59.020+0530] {logging_mixin.py:190} INFO - [2026-07-17T23:01:59.020+0530] {dag.py:4180} INFO - Setting next_dagrun for example_sensor_decorator to None, run_after=None
[2026-07-17T23:01:59.025+0530] {processor.py:208} INFO - Processing /Users/bhavishyachallagolla/Desktop/RetailSense/.venv/lib/python3.12/site-packages/airflow/example_dags/example_sensor_decorator.py took 0.054 seconds
[2026-07-17T23:03:39.289+0530] {processor.py:186} INFO - Started process (PID=95836) to work on /Users/bhavishyachallagolla/Desktop/RetailSense/.venv/lib/python3.12/site-packages/airflow/example_dags/example_sensor_decorator.py
[2026-07-17T23:03:39.289+0530] {processor.py:914} INFO - Processing file /Users/bhavishyachallagolla/Desktop/RetailSense/.venv/lib/python3.12/site-packages/airflow/example_dags/example_sensor_decorator.py for tasks to queue
[2026-07-17T23:03:39.290+0530] {logging_mixin.py:190} INFO - [2026-07-17T23:03:39.290+0530] {dagbag.py:588} INFO - Filling up the DagBag from /Users/bhavishyachallagolla/Desktop/RetailSense/.venv/lib/python3.12/site-packages/airflow/example_dags/example_sensor_decorator.py
[2026-07-17T23:03:39.301+0530] {processor.py:925} INFO - DAG(s) 'example_sensor_decorator' retrieved from /Users/bhavishyachallagolla/Desktop/RetailSense/.venv/lib/python3.12/site-packages/airflow/example_dags/example_sensor_decorator.py
[2026-07-17T23:03:39.322+0530] {logging_mixin.py:190} INFO - [2026-07-17T23:03:39.322+0530] {workday.py:41} WARNING - Could not import pandas. Holidays will not be considered.
[2026-07-17T23:03:39.328+0530] {logging_mixin.py:190} INFO - [2026-07-17T23:03:39.328+0530] {dag.py:3239} INFO - Sync 1 DAGs
[2026-07-17T23:03:39.331+0530] {logging_mixin.py:190} INFO - [2026-07-17T23:03:39.331+0530] {dag.py:4180} INFO - Setting next_dagrun for example_sensor_decorator to None, run_after=None
[2026-07-17T23:03:39.336+0530] {processor.py:208} INFO - Processing /Users/bhavishyachallagolla/Desktop/RetailSense/.venv/lib/python3.12/site-packages/airflow/example_dags/example_sensor_decorator.py took 0.048 seconds
[2026-07-17T23:05:19.980+0530] {processor.py:186} INFO - Started process (PID=95988) to work on /Users/bhavishyachallagolla/Desktop/RetailSense/.venv/lib/python3.12/site-packages/airflow/example_dags/example_sensor_decorator.py
[2026-07-17T23:05:19.981+0530] {processor.py:914} INFO - Processing file /Users/bhavishyachallagolla/Desktop/RetailSense/.venv/lib/python3.12/site-packages/airflow/example_dags/example_sensor_decorator.py for tasks to queue
[2026-07-17T23:05:19.981+0530] {logging_mixin.py:190} INFO - [2026-07-17T23:05:19.981+0530] {dagbag.py:588} INFO - Filling up the DagBag from /Users/bhavishyachallagolla/Desktop/RetailSense/.venv/lib/python3.12/site-packages/airflow/example_dags/example_sensor_decorator.py
[2026-07-17T23:05:19.992+0530] {processor.py:925} INFO - DAG(s) 'example_sensor_decorator' retrieved from /Users/bhavishyachallagolla/Desktop/RetailSense/.venv/lib/python3.12/site-packages/airflow/example_dags/example_sensor_decorator.py
[2026-07-17T23:05:20.014+0530] {logging_mixin.py:190} INFO - [2026-07-17T23:05:20.014+0530] {workday.py:41} WARNING - Could not import pandas. Holidays will not be considered.
[2026-07-17T23:05:20.020+0530] {logging_mixin.py:190} INFO - [2026-07-17T23:05:20.020+0530] {dag.py:3239} INFO - Sync 1 DAGs
[2026-07-17T23:05:20.023+0530] {logging_mixin.py:190} INFO - [2026-07-17T23:05:20.023+0530] {dag.py:4180} INFO - Setting next_dagrun for example_sensor_decorator to None, run_after=None
[2026-07-17T23:05:20.027+0530] {processor.py:208} INFO - Processing /Users/bhavishyachallagolla/Desktop/RetailSense/.venv/lib/python3.12/site-packages/airflow/example_dags/example_sensor_decorator.py took 0.048 seconds
[2026-07-17T23:07:00.727+0530] {processor.py:186} INFO - Started process (PID=96138) to work on /Users/bhavishyachallagolla/Desktop/RetailSense/.venv/lib/python3.12/site-packages/airflow/example_dags/example_sensor_decorator.py
[2026-07-17T23:07:00.727+0530] {processor.py:914} INFO - Processing file /Users/bhavishyachallagolla/Desktop/RetailSense/.venv/lib/python3.12/site-packages/airflow/example_dags/example_sensor_decorator.py for tasks to queue
[2026-07-17T23:07:00.727+0530] {logging_mixin.py:190} INFO - [2026-07-17T23:07:00.727+0530] {dagbag.py:588} INFO - Filling up the DagBag from /Users/bhavishyachallagolla/Desktop/RetailSense/.venv/lib/python3.12/site-packages/airflow/example_dags/example_sensor_decorator.py
[2026-07-17T23:07:00.738+0530] {processor.py:925} INFO - DAG(s) 'example_sensor_decorator' retrieved from /Users/bhavishyachallagolla/Desktop/RetailSense/.venv/lib/python3.12/site-packages/airflow/example_dags/example_sensor_decorator.py
[2026-07-17T23:07:00.759+0530] {logging_mixin.py:190} INFO - [2026-07-17T23:07:00.759+0530] {workday.py:41} WARNING - Could not import pandas. Holidays will not be considered.
[2026-07-17T23:07:00.765+0530] {logging_mixin.py:190} INFO - [2026-07-17T23:07:00.765+0530] {dag.py:3239} INFO - Sync 1 DAGs
[2026-07-17T23:07:00.768+0530] {logging_mixin.py:190} INFO - [2026-07-17T23:07:00.768+0530] {dag.py:4180} INFO - Setting next_dagrun for example_sensor_decorator to None, run_after=None
[2026-07-17T23:07:00.772+0530] {processor.py:208} INFO - Processing /Users/bhavishyachallagolla/Desktop/RetailSense/.venv/lib/python3.12/site-packages/airflow/example_dags/example_sensor_decorator.py took 0.046 seconds
[2026-07-17T23:08:42.484+0530] {processor.py:186} INFO - Started process (PID=96299) to work on /Users/bhavishyachallagolla/Desktop/RetailSense/.venv/lib/python3.12/site-packages/airflow/example_dags/example_sensor_decorator.py
[2026-07-17T23:08:42.484+0530] {processor.py:914} INFO - Processing file /Users/bhavishyachallagolla/Desktop/RetailSense/.venv/lib/python3.12/site-packages/airflow/example_dags/example_sensor_decorator.py for tasks to queue
[2026-07-17T23:08:42.484+0530] {logging_mixin.py:190} INFO - [2026-07-17T23:08:42.484+0530] {dagbag.py:588} INFO - Filling up the DagBag from /Users/bhavishyachallagolla/Desktop/RetailSense/.venv/lib/python3.12/site-packages/airflow/example_dags/example_sensor_decorator.py
[2026-07-17T23:08:42.497+0530] {processor.py:925} INFO - DAG(s) 'example_sensor_decorator' retrieved from /Users/bhavishyachallagolla/Desktop/RetailSense/.venv/lib/python3.12/site-packages/airflow/example_dags/example_sensor_decorator.py
[2026-07-17T23:08:42.518+0530] {logging_mixin.py:190} INFO - [2026-07-17T23:08:42.518+0530] {workday.py:41} WARNING - Could not import pandas. Holidays will not be considered.
[2026-07-17T23:08:42.524+0530] {logging_mixin.py:190} INFO - [2026-07-17T23:08:42.524+0530] {dag.py:3239} INFO - Sync 1 DAGs
[2026-07-17T23:08:42.527+0530] {logging_mixin.py:190} INFO - [2026-07-17T23:08:42.527+0530] {dag.py:4180} INFO - Setting next_dagrun for example_sensor_decorator to None, run_after=None
[2026-07-17T23:08:42.532+0530] {processor.py:208} INFO - Processing /Users/bhavishyachallagolla/Desktop/RetailSense/.venv/lib/python3.12/site-packages/airflow/example_dags/example_sensor_decorator.py took 0.049 seconds
[2026-07-17T23:10:19.036+0530] {processor.py:186} INFO - Started process (PID=96446) to work on /Users/bhavishyachallagolla/Desktop/RetailSense/.venv/lib/python3.12/site-packages/airflow/example_dags/example_sensor_decorator.py
[2026-07-17T23:10:19.037+0530] {processor.py:914} INFO - Processing file /Users/bhavishyachallagolla/Desktop/RetailSense/.venv/lib/python3.12/site-packages/airflow/example_dags/example_sensor_decorator.py for tasks to queue
[2026-07-17T23:10:19.037+0530] {logging_mixin.py:190} INFO - [2026-07-17T23:10:19.037+0530] {dagbag.py:588} INFO - Filling up the DagBag from /Users/bhavishyachallagolla/Desktop/RetailSense/.venv/lib/python3.12/site-packages/airflow/example_dags/example_sensor_decorator.py
[2026-07-17T23:10:19.049+0530] {processor.py:925} INFO - DAG(s) 'example_sensor_decorator' retrieved from /Users/bhavishyachallagolla/Desktop/RetailSense/.venv/lib/python3.12/site-packages/airflow/example_dags/example_sensor_decorator.py
[2026-07-17T23:10:19.070+0530] {logging_mixin.py:190} INFO - [2026-07-17T23:10:19.070+0530] {workday.py:41} WARNING - Could not import pandas. Holidays will not be considered.
[2026-07-17T23:10:19.076+0530] {logging_mixin.py:190} INFO - [2026-07-17T23:10:19.076+0530] {dag.py:3239} INFO - Sync 1 DAGs
[2026-07-17T23:10:19.079+0530] {logging_mixin.py:190} INFO - [2026-07-17T23:10:19.079+0530] {dag.py:4180} INFO - Setting next_dagrun for example_sensor_decorator to None, run_after=None
[2026-07-17T23:10:19.084+0530] {processor.py:208} INFO - Processing /Users/bhavishyachallagolla/Desktop/RetailSense/.venv/lib/python3.12/site-packages/airflow/example_dags/example_sensor_decorator.py took 0.048 seconds
[2026-07-17T23:11:58.111+0530] {processor.py:186} INFO - Started process (PID=96619) to work on /Users/bhavishyachallagolla/Desktop/RetailSense/.venv/lib/python3.12/site-packages/airflow/example_dags/example_sensor_decorator.py
[2026-07-17T23:11:58.111+0530] {processor.py:914} INFO - Processing file /Users/bhavishyachallagolla/Desktop/RetailSense/.venv/lib/python3.12/site-packages/airflow/example_dags/example_sensor_decorator.py for tasks to queue
[2026-07-17T23:11:58.112+0530] {logging_mixin.py:190} INFO - [2026-07-17T23:11:58.112+0530] {dagbag.py:588} INFO - Filling up the DagBag from /Users/bhavishyachallagolla/Desktop/RetailSense/.venv/lib/python3.12/site-packages/airflow/example_dags/example_sensor_decorator.py
[2026-07-17T23:11:58.125+0530] {processor.py:925} INFO - DAG(s) 'example_sensor_decorator' retrieved from /Users/bhavishyachallagolla/Desktop/RetailSense/.venv/lib/python3.12/site-packages/airflow/example_dags/example_sensor_decorator.py
[2026-07-17T23:11:58.148+0530] {logging_mixin.py:190} INFO - [2026-07-17T23:11:58.148+0530] {workday.py:41} WARNING - Could not import pandas. Holidays will not be considered.
[2026-07-17T23:11:58.154+0530] {logging_mixin.py:190} INFO - [2026-07-17T23:11:58.154+0530] {dag.py:3239} INFO - Sync 1 DAGs
[2026-07-17T23:11:58.157+0530] {logging_mixin.py:190} INFO - [2026-07-17T23:11:58.157+0530] {dag.py:4180} INFO - Setting next_dagrun for example_sensor_decorator to None, run_after=None
[2026-07-17T23:11:58.162+0530] {processor.py:208} INFO - Processing /Users/bhavishyachallagolla/Desktop/RetailSense/.venv/lib/python3.12/site-packages/airflow/example_dags/example_sensor_decorator.py took 0.053 seconds
[2026-07-17T23:13:36.948+0530] {processor.py:186} INFO - Started process (PID=96810) to work on /Users/bhavishyachallagolla/Desktop/RetailSense/.venv/lib/python3.12/site-packages/airflow/example_dags/example_sensor_decorator.py
[2026-07-17T23:13:36.949+0530] {processor.py:914} INFO - Processing file /Users/bhavishyachallagolla/Desktop/RetailSense/.venv/lib/python3.12/site-packages/airflow/example_dags/example_sensor_decorator.py for tasks to queue
[2026-07-17T23:13:36.949+0530] {logging_mixin.py:190} INFO - [2026-07-17T23:13:36.949+0530] {dagbag.py:588} INFO - Filling up the DagBag from /Users/bhavishyachallagolla/Desktop/RetailSense/.venv/lib/python3.12/site-packages/airflow/example_dags/example_sensor_decorator.py
[2026-07-17T23:13:36.960+0530] {processor.py:925} INFO - DAG(s) 'example_sensor_decorator' retrieved from /Users/bhavishyachallagolla/Desktop/RetailSense/.venv/lib/python3.12/site-packages/airflow/example_dags/example_sensor_decorator.py
[2026-07-17T23:13:36.982+0530] {logging_mixin.py:190} INFO - [2026-07-17T23:13:36.982+0530] {workday.py:41} WARNING - Could not import pandas. Holidays will not be considered.
[2026-07-17T23:13:36.988+0530] {logging_mixin.py:190} INFO - [2026-07-17T23:13:36.988+0530] {dag.py:3239} INFO - Sync 1 DAGs
[2026-07-17T23:13:36.991+0530] {logging_mixin.py:190} INFO - [2026-07-17T23:13:36.991+0530] {dag.py:4180} INFO - Setting next_dagrun for example_sensor_decorator to None, run_after=None
[2026-07-17T23:13:36.995+0530] {processor.py:208} INFO - Processing /Users/bhavishyachallagolla/Desktop/RetailSense/.venv/lib/python3.12/site-packages/airflow/example_dags/example_sensor_decorator.py took 0.048 seconds
[2026-07-17T23:15:19.046+0530] {processor.py:186} INFO - Started process (PID=96974) to work on /Users/bhavishyachallagolla/Desktop/RetailSense/.venv/lib/python3.12/site-packages/airflow/example_dags/example_sensor_decorator.py
[2026-07-17T23:15:19.046+0530] {processor.py:914} INFO - Processing file /Users/bhavishyachallagolla/Desktop/RetailSense/.venv/lib/python3.12/site-packages/airflow/example_dags/example_sensor_decorator.py for tasks to queue
[2026-07-17T23:15:19.046+0530] {logging_mixin.py:190} INFO - [2026-07-17T23:15:19.046+0530] {dagbag.py:588} INFO - Filling up the DagBag from /Users/bhavishyachallagolla/Desktop/RetailSense/.venv/lib/python3.12/site-packages/airflow/example_dags/example_sensor_decorator.py
[2026-07-17T23:15:19.058+0530] {processor.py:925} INFO - DAG(s) 'example_sensor_decorator' retrieved from /Users/bhavishyachallagolla/Desktop/RetailSense/.venv/lib/python3.12/site-packages/airflow/example_dags/example_sensor_decorator.py
[2026-07-17T23:15:19.079+0530] {logging_mixin.py:190} INFO - [2026-07-17T23:15:19.079+0530] {workday.py:41} WARNING - Could not import pandas. Holidays will not be considered.
[2026-07-17T23:15:19.085+0530] {logging_mixin.py:190} INFO - [2026-07-17T23:15:19.085+0530] {dag.py:3239} INFO - Sync 1 DAGs
[2026-07-17T23:15:19.088+0530] {logging_mixin.py:190} INFO - [2026-07-17T23:15:19.088+0530] {dag.py:4180} INFO - Setting next_dagrun for example_sensor_decorator to None, run_after=None
[2026-07-17T23:15:19.093+0530] {processor.py:208} INFO - Processing /Users/bhavishyachallagolla/Desktop/RetailSense/.venv/lib/python3.12/site-packages/airflow/example_dags/example_sensor_decorator.py took 0.049 seconds
[2026-07-17T23:17:02.287+0530] {processor.py:186} INFO - Started process (PID=97200) to work on /Users/bhavishyachallagolla/Desktop/RetailSense/.venv/lib/python3.12/site-packages/airflow/example_dags/example_sensor_decorator.py
[2026-07-17T23:17:02.288+0530] {processor.py:914} INFO - Processing file /Users/bhavishyachallagolla/Desktop/RetailSense/.venv/lib/python3.12/site-packages/airflow/example_dags/example_sensor_decorator.py for tasks to queue
[2026-07-17T23:17:02.288+0530] {logging_mixin.py:190} INFO - [2026-07-17T23:17:02.288+0530] {dagbag.py:588} INFO - Filling up the DagBag from /Users/bhavishyachallagolla/Desktop/RetailSense/.venv/lib/python3.12/site-packages/airflow/example_dags/example_sensor_decorator.py
[2026-07-17T23:17:02.300+0530] {processor.py:925} INFO - DAG(s) 'example_sensor_decorator' retrieved from /Users/bhavishyachallagolla/Desktop/RetailSense/.venv/lib/python3.12/site-packages/airflow/example_dags/example_sensor_decorator.py
[2026-07-17T23:17:02.322+0530] {logging_mixin.py:190} INFO - [2026-07-17T23:17:02.322+0530] {workday.py:41} WARNING - Could not import pandas. Holidays will not be considered.
[2026-07-17T23:17:02.328+0530] {logging_mixin.py:190} INFO - [2026-07-17T23:17:02.328+0530] {dag.py:3239} INFO - Sync 1 DAGs
[2026-07-17T23:17:02.331+0530] {logging_mixin.py:190} INFO - [2026-07-17T23:17:02.331+0530] {dag.py:4180} INFO - Setting next_dagrun for example_sensor_decorator to None, run_after=None
[2026-07-17T23:17:02.336+0530] {processor.py:208} INFO - Processing /Users/bhavishyachallagolla/Desktop/RetailSense/.venv/lib/python3.12/site-packages/airflow/example_dags/example_sensor_decorator.py took 0.050 seconds
[2026-07-17T23:18:43.869+0530] {processor.py:186} INFO - Started process (PID=97390) to work on /Users/bhavishyachallagolla/Desktop/RetailSense/.venv/lib/python3.12/site-packages/airflow/example_dags/example_sensor_decorator.py
[2026-07-17T23:18:43.869+0530] {processor.py:914} INFO - Processing file /Users/bhavishyachallagolla/Desktop/RetailSense/.venv/lib/python3.12/site-packages/airflow/example_dags/example_sensor_decorator.py for tasks to queue
[2026-07-17T23:18:43.870+0530] {logging_mixin.py:190} INFO - [2026-07-17T23:18:43.870+0530] {dagbag.py:588} INFO - Filling up the DagBag from /Users/bhavishyachallagolla/Desktop/RetailSense/.venv/lib/python3.12/site-packages/airflow/example_dags/example_sensor_decorator.py
[2026-07-17T23:18:43.881+0530] {processor.py:925} INFO - DAG(s) 'example_sensor_decorator' retrieved from /Users/bhavishyachallagolla/Desktop/RetailSense/.venv/lib/python3.12/site-packages/airflow/example_dags/example_sensor_decorator.py
[2026-07-17T23:18:43.903+0530] {logging_mixin.py:190} INFO - [2026-07-17T23:18:43.902+0530] {workday.py:41} WARNING - Could not import pandas. Holidays will not be considered.
[2026-07-17T23:18:43.909+0530] {logging_mixin.py:190} INFO - [2026-07-17T23:18:43.909+0530] {dag.py:3239} INFO - Sync 1 DAGs
[2026-07-17T23:18:43.912+0530] {logging_mixin.py:190} INFO - [2026-07-17T23:18:43.911+0530] {dag.py:4180} INFO - Setting next_dagrun for example_sensor_decorator to None, run_after=None
[2026-07-17T23:18:43.916+0530] {processor.py:208} INFO - Processing /Users/bhavishyachallagolla/Desktop/RetailSense/.venv/lib/python3.12/site-packages/airflow/example_dags/example_sensor_decorator.py took 0.048 seconds
[2026-07-17T23:20:24.860+0530] {processor.py:186} INFO - Started process (PID=97540) to work on /Users/bhavishyachallagolla/Desktop/RetailSense/.venv/lib/python3.12/site-packages/airflow/example_dags/example_sensor_decorator.py
[2026-07-17T23:20:24.860+0530] {processor.py:914} INFO - Processing file /Users/bhavishyachallagolla/Desktop/RetailSense/.venv/lib/python3.12/site-packages/airflow/example_dags/example_sensor_decorator.py for tasks to queue
[2026-07-17T23:20:24.860+0530] {logging_mixin.py:190} INFO - [2026-07-17T23:20:24.860+0530] {dagbag.py:588} INFO - Filling up the DagBag from /Users/bhavishyachallagolla/Desktop/RetailSense/.venv/lib/python3.12/site-packages/airflow/example_dags/example_sensor_decorator.py
[2026-07-17T23:20:24.872+0530] {processor.py:925} INFO - DAG(s) 'example_sensor_decorator' retrieved from /Users/bhavishyachallagolla/Desktop/RetailSense/.venv/lib/python3.12/site-packages/airflow/example_dags/example_sensor_decorator.py
[2026-07-17T23:20:24.893+0530] {logging_mixin.py:190} INFO - [2026-07-17T23:20:24.893+0530] {workday.py:41} WARNING - Could not import pandas. Holidays will not be considered.
[2026-07-17T23:20:24.899+0530] {logging_mixin.py:190} INFO - [2026-07-17T23:20:24.899+0530] {dag.py:3239} INFO - Sync 1 DAGs
[2026-07-17T23:20:24.902+0530] {logging_mixin.py:190} INFO - [2026-07-17T23:20:24.902+0530] {dag.py:4180} INFO - Setting next_dagrun for example_sensor_decorator to None, run_after=None
[2026-07-17T23:20:24.906+0530] {processor.py:208} INFO - Processing /Users/bhavishyachallagolla/Desktop/RetailSense/.venv/lib/python3.12/site-packages/airflow/example_dags/example_sensor_decorator.py took 0.048 seconds
[2026-07-17T23:22:05.870+0530] {processor.py:186} INFO - Started process (PID=97691) to work on /Users/bhavishyachallagolla/Desktop/RetailSense/.venv/lib/python3.12/site-packages/airflow/example_dags/example_sensor_decorator.py
[2026-07-17T23:22:05.870+0530] {processor.py:914} INFO - Processing file /Users/bhavishyachallagolla/Desktop/RetailSense/.venv/lib/python3.12/site-packages/airflow/example_dags/example_sensor_decorator.py for tasks to queue
[2026-07-17T23:22:05.870+0530] {logging_mixin.py:190} INFO - [2026-07-17T23:22:05.870+0530] {dagbag.py:588} INFO - Filling up the DagBag from /Users/bhavishyachallagolla/Desktop/RetailSense/.venv/lib/python3.12/site-packages/airflow/example_dags/example_sensor_decorator.py
[2026-07-17T23:22:05.883+0530] {processor.py:925} INFO - DAG(s) 'example_sensor_decorator' retrieved from /Users/bhavishyachallagolla/Desktop/RetailSense/.venv/lib/python3.12/site-packages/airflow/example_dags/example_sensor_decorator.py
[2026-07-17T23:22:05.906+0530] {logging_mixin.py:190} INFO - [2026-07-17T23:22:05.906+0530] {workday.py:41} WARNING - Could not import pandas. Holidays will not be considered.
[2026-07-17T23:22:05.912+0530] {logging_mixin.py:190} INFO - [2026-07-17T23:22:05.912+0530] {dag.py:3239} INFO - Sync 1 DAGs
[2026-07-17T23:22:05.916+0530] {logging_mixin.py:190} INFO - [2026-07-17T23:22:05.916+0530] {dag.py:4180} INFO - Setting next_dagrun for example_sensor_decorator to None, run_after=None
[2026-07-17T23:22:05.921+0530] {processor.py:208} INFO - Processing /Users/bhavishyachallagolla/Desktop/RetailSense/.venv/lib/python3.12/site-packages/airflow/example_dags/example_sensor_decorator.py took 0.052 seconds
[2026-07-17T23:23:46.957+0530] {processor.py:186} INFO - Started process (PID=97842) to work on /Users/bhavishyachallagolla/Desktop/RetailSense/.venv/lib/python3.12/site-packages/airflow/example_dags/example_sensor_decorator.py
[2026-07-17T23:23:46.958+0530] {processor.py:914} INFO - Processing file /Users/bhavishyachallagolla/Desktop/RetailSense/.venv/lib/python3.12/site-packages/airflow/example_dags/example_sensor_decorator.py for tasks to queue
[2026-07-17T23:23:46.958+0530] {logging_mixin.py:190} INFO - [2026-07-17T23:23:46.958+0530] {dagbag.py:588} INFO - Filling up the DagBag from /Users/bhavishyachallagolla/Desktop/RetailSense/.venv/lib/python3.12/site-packages/airflow/example_dags/example_sensor_decorator.py
[2026-07-17T23:23:46.970+0530] {processor.py:925} INFO - DAG(s) 'example_sensor_decorator' retrieved from /Users/bhavishyachallagolla/Desktop/RetailSense/.venv/lib/python3.12/site-packages/airflow/example_dags/example_sensor_decorator.py
[2026-07-17T23:23:46.991+0530] {logging_mixin.py:190} INFO - [2026-07-17T23:23:46.991+0530] {workday.py:41} WARNING - Could not import pandas. Holidays will not be considered.
[2026-07-17T23:23:46.997+0530] {logging_mixin.py:190} INFO - [2026-07-17T23:23:46.997+0530] {dag.py:3239} INFO - Sync 1 DAGs
[2026-07-17T23:23:47.000+0530] {logging_mixin.py:190} INFO - [2026-07-17T23:23:47.000+0530] {dag.py:4180} INFO - Setting next_dagrun for example_sensor_decorator to None, run_after=None
[2026-07-17T23:23:47.005+0530] {processor.py:208} INFO - Processing /Users/bhavishyachallagolla/Desktop/RetailSense/.venv/lib/python3.12/site-packages/airflow/example_dags/example_sensor_decorator.py took 0.048 seconds
[2026-07-17T23:25:27.151+0530] {processor.py:186} INFO - Started process (PID=97993) to work on /Users/bhavishyachallagolla/Desktop/RetailSense/.venv/lib/python3.12/site-packages/airflow/example_dags/example_sensor_decorator.py
[2026-07-17T23:25:27.151+0530] {processor.py:914} INFO - Processing file /Users/bhavishyachallagolla/Desktop/RetailSense/.venv/lib/python3.12/site-packages/airflow/example_dags/example_sensor_decorator.py for tasks to queue
[2026-07-17T23:25:27.151+0530] {logging_mixin.py:190} INFO - [2026-07-17T23:25:27.151+0530] {dagbag.py:588} INFO - Filling up the DagBag from /Users/bhavishyachallagolla/Desktop/RetailSense/.venv/lib/python3.12/site-packages/airflow/example_dags/example_sensor_decorator.py
[2026-07-17T23:25:27.163+0530] {processor.py:925} INFO - DAG(s) 'example_sensor_decorator' retrieved from /Users/bhavishyachallagolla/Desktop/RetailSense/.venv/lib/python3.12/site-packages/airflow/example_dags/example_sensor_decorator.py
[2026-07-17T23:25:27.185+0530] {logging_mixin.py:190} INFO - [2026-07-17T23:25:27.185+0530] {workday.py:41} WARNING - Could not import pandas. Holidays will not be considered.
[2026-07-17T23:25:27.191+0530] {logging_mixin.py:190} INFO - [2026-07-17T23:25:27.191+0530] {dag.py:3239} INFO - Sync 1 DAGs
[2026-07-17T23:25:27.194+0530] {logging_mixin.py:190} INFO - [2026-07-17T23:25:27.194+0530] {dag.py:4180} INFO - Setting next_dagrun for example_sensor_decorator to None, run_after=None
[2026-07-17T23:25:27.198+0530] {processor.py:208} INFO - Processing /Users/bhavishyachallagolla/Desktop/RetailSense/.venv/lib/python3.12/site-packages/airflow/example_dags/example_sensor_decorator.py took 0.049 seconds
[2026-07-17T23:27:09.569+0530] {processor.py:186} INFO - Started process (PID=98151) to work on /Users/bhavishyachallagolla/Desktop/RetailSense/.venv/lib/python3.12/site-packages/airflow/example_dags/example_sensor_decorator.py
[2026-07-17T23:27:09.569+0530] {processor.py:914} INFO - Processing file /Users/bhavishyachallagolla/Desktop/RetailSense/.venv/lib/python3.12/site-packages/airflow/example_dags/example_sensor_decorator.py for tasks to queue
[2026-07-17T23:27:09.569+0530] {logging_mixin.py:190} INFO - [2026-07-17T23:27:09.569+0530] {dagbag.py:588} INFO - Filling up the DagBag from /Users/bhavishyachallagolla/Desktop/RetailSense/.venv/lib/python3.12/site-packages/airflow/example_dags/example_sensor_decorator.py
[2026-07-17T23:27:09.582+0530] {processor.py:925} INFO - DAG(s) 'example_sensor_decorator' retrieved from /Users/bhavishyachallagolla/Desktop/RetailSense/.venv/lib/python3.12/site-packages/airflow/example_dags/example_sensor_decorator.py
[2026-07-17T23:27:09.605+0530] {logging_mixin.py:190} INFO - [2026-07-17T23:27:09.605+0530] {workday.py:41} WARNING - Could not import pandas. Holidays will not be considered.
[2026-07-17T23:27:09.611+0530] {logging_mixin.py:190} INFO - [2026-07-17T23:27:09.611+0530] {dag.py:3239} INFO - Sync 1 DAGs
[2026-07-17T23:27:09.614+0530] {logging_mixin.py:190} INFO - [2026-07-17T23:27:09.614+0530] {dag.py:4180} INFO - Setting next_dagrun for example_sensor_decorator to None, run_after=None
[2026-07-17T23:27:09.619+0530] {processor.py:208} INFO - Processing /Users/bhavishyachallagolla/Desktop/RetailSense/.venv/lib/python3.12/site-packages/airflow/example_dags/example_sensor_decorator.py took 0.051 seconds
[2026-07-17T23:28:52.736+0530] {processor.py:186} INFO - Started process (PID=98306) to work on /Users/bhavishyachallagolla/Desktop/RetailSense/.venv/lib/python3.12/site-packages/airflow/example_dags/example_sensor_decorator.py
[2026-07-17T23:28:52.737+0530] {processor.py:914} INFO - Processing file /Users/bhavishyachallagolla/Desktop/RetailSense/.venv/lib/python3.12/site-packages/airflow/example_dags/example_sensor_decorator.py for tasks to queue
[2026-07-17T23:28:52.737+0530] {logging_mixin.py:190} INFO - [2026-07-17T23:28:52.737+0530] {dagbag.py:588} INFO - Filling up the DagBag from /Users/bhavishyachallagolla/Desktop/RetailSense/.venv/lib/python3.12/site-packages/airflow/example_dags/example_sensor_decorator.py
[2026-07-17T23:28:52.749+0530] {processor.py:925} INFO - DAG(s) 'example_sensor_decorator' retrieved from /Users/bhavishyachallagolla/Desktop/RetailSense/.venv/lib/python3.12/site-packages/airflow/example_dags/example_sensor_decorator.py
[2026-07-17T23:28:52.770+0530] {logging_mixin.py:190} INFO - [2026-07-17T23:28:52.770+0530] {workday.py:41} WARNING - Could not import pandas. Holidays will not be considered.
[2026-07-17T23:28:52.776+0530] {logging_mixin.py:190} INFO - [2026-07-17T23:28:52.776+0530] {dag.py:3239} INFO - Sync 1 DAGs
[2026-07-17T23:28:52.779+0530] {logging_mixin.py:190} INFO - [2026-07-17T23:28:52.779+0530] {dag.py:4180} INFO - Setting next_dagrun for example_sensor_decorator to None, run_after=None
[2026-07-17T23:28:52.783+0530] {processor.py:208} INFO - Processing /Users/bhavishyachallagolla/Desktop/RetailSense/.venv/lib/python3.12/site-packages/airflow/example_dags/example_sensor_decorator.py took 0.049 seconds
[2026-07-17T23:30:33.269+0530] {processor.py:186} INFO - Started process (PID=98488) to work on /Users/bhavishyachallagolla/Desktop/RetailSense/.venv/lib/python3.12/site-packages/airflow/example_dags/example_sensor_decorator.py
[2026-07-17T23:30:33.270+0530] {processor.py:914} INFO - Processing file /Users/bhavishyachallagolla/Desktop/RetailSense/.venv/lib/python3.12/site-packages/airflow/example_dags/example_sensor_decorator.py for tasks to queue
[2026-07-17T23:30:33.270+0530] {logging_mixin.py:190} INFO - [2026-07-17T23:30:33.270+0530] {dagbag.py:588} INFO - Filling up the DagBag from /Users/bhavishyachallagolla/Desktop/RetailSense/.venv/lib/python3.12/site-packages/airflow/example_dags/example_sensor_decorator.py
[2026-07-17T23:30:33.282+0530] {processor.py:925} INFO - DAG(s) 'example_sensor_decorator' retrieved from /Users/bhavishyachallagolla/Desktop/RetailSense/.venv/lib/python3.12/site-packages/airflow/example_dags/example_sensor_decorator.py
[2026-07-17T23:30:33.303+0530] {logging_mixin.py:190} INFO - [2026-07-17T23:30:33.303+0530] {workday.py:41} WARNING - Could not import pandas. Holidays will not be considered.
[2026-07-17T23:30:33.309+0530] {logging_mixin.py:190} INFO - [2026-07-17T23:30:33.309+0530] {dag.py:3239} INFO - Sync 1 DAGs
[2026-07-17T23:30:33.311+0530] {logging_mixin.py:190} INFO - [2026-07-17T23:30:33.311+0530] {dag.py:4180} INFO - Setting next_dagrun for example_sensor_decorator to None, run_after=None
[2026-07-17T23:30:33.316+0530] {processor.py:208} INFO - Processing /Users/bhavishyachallagolla/Desktop/RetailSense/.venv/lib/python3.12/site-packages/airflow/example_dags/example_sensor_decorator.py took 0.048 seconds
[2026-07-17T23:32:22.716+0530] {processor.py:186} INFO - Started process (PID=98667) to work on /Users/bhavishyachallagolla/Desktop/RetailSense/.venv/lib/python3.12/site-packages/airflow/example_dags/example_sensor_decorator.py
[2026-07-17T23:32:22.717+0530] {processor.py:914} INFO - Processing file /Users/bhavishyachallagolla/Desktop/RetailSense/.venv/lib/python3.12/site-packages/airflow/example_dags/example_sensor_decorator.py for tasks to queue
[2026-07-17T23:32:22.717+0530] {logging_mixin.py:190} INFO - [2026-07-17T23:32:22.717+0530] {dagbag.py:588} INFO - Filling up the DagBag from /Users/bhavishyachallagolla/Desktop/RetailSense/.venv/lib/python3.12/site-packages/airflow/example_dags/example_sensor_decorator.py
[2026-07-17T23:32:22.730+0530] {processor.py:925} INFO - DAG(s) 'example_sensor_decorator' retrieved from /Users/bhavishyachallagolla/Desktop/RetailSense/.venv/lib/python3.12/site-packages/airflow/example_dags/example_sensor_decorator.py
[2026-07-17T23:32:22.752+0530] {logging_mixin.py:190} INFO - [2026-07-17T23:32:22.752+0530] {workday.py:41} WARNING - Could not import pandas. Holidays will not be considered.
[2026-07-17T23:32:22.759+0530] {logging_mixin.py:190} INFO - [2026-07-17T23:32:22.759+0530] {dag.py:3239} INFO - Sync 1 DAGs
[2026-07-17T23:32:22.762+0530] {logging_mixin.py:190} INFO - [2026-07-17T23:32:22.762+0530] {dag.py:4180} INFO - Setting next_dagrun for example_sensor_decorator to None, run_after=None
[2026-07-17T23:32:22.768+0530] {processor.py:208} INFO - Processing /Users/bhavishyachallagolla/Desktop/RetailSense/.venv/lib/python3.12/site-packages/airflow/example_dags/example_sensor_decorator.py took 0.053 seconds
[2026-07-17T23:34:10.955+0530] {processor.py:186} INFO - Started process (PID=98844) to work on /Users/bhavishyachallagolla/Desktop/RetailSense/.venv/lib/python3.12/site-packages/airflow/example_dags/example_sensor_decorator.py
[2026-07-17T23:34:10.956+0530] {processor.py:914} INFO - Processing file /Users/bhavishyachallagolla/Desktop/RetailSense/.venv/lib/python3.12/site-packages/airflow/example_dags/example_sensor_decorator.py for tasks to queue
[2026-07-17T23:34:10.956+0530] {logging_mixin.py:190} INFO - [2026-07-17T23:34:10.956+0530] {dagbag.py:588} INFO - Filling up the DagBag from /Users/bhavishyachallagolla/Desktop/RetailSense/.venv/lib/python3.12/site-packages/airflow/example_dags/example_sensor_decorator.py
[2026-07-17T23:34:10.968+0530] {processor.py:925} INFO - DAG(s) 'example_sensor_decorator' retrieved from /Users/bhavishyachallagolla/Desktop/RetailSense/.venv/lib/python3.12/site-packages/airflow/example_dags/example_sensor_decorator.py
[2026-07-17T23:34:10.990+0530] {logging_mixin.py:190} INFO - [2026-07-17T23:34:10.990+0530] {workday.py:41} WARNING - Could not import pandas. Holidays will not be considered.
[2026-07-17T23:34:10.996+0530] {logging_mixin.py:190} INFO - [2026-07-17T23:34:10.996+0530] {dag.py:3239} INFO - Sync 1 DAGs
[2026-07-17T23:34:10.999+0530] {logging_mixin.py:190} INFO - [2026-07-17T23:34:10.999+0530] {dag.py:4180} INFO - Setting next_dagrun for example_sensor_decorator to None, run_after=None
[2026-07-17T23:34:11.003+0530] {processor.py:208} INFO - Processing /Users/bhavishyachallagolla/Desktop/RetailSense/.venv/lib/python3.12/site-packages/airflow/example_dags/example_sensor_decorator.py took 0.049 seconds
[2026-07-17T23:35:54.556+0530] {processor.py:186} INFO - Started process (PID=98997) to work on /Users/bhavishyachallagolla/Desktop/RetailSense/.venv/lib/python3.12/site-packages/airflow/example_dags/example_sensor_decorator.py
[2026-07-17T23:35:54.556+0530] {processor.py:914} INFO - Processing file /Users/bhavishyachallagolla/Desktop/RetailSense/.venv/lib/python3.12/site-packages/airflow/example_dags/example_sensor_decorator.py for tasks to queue
[2026-07-17T23:35:54.556+0530] {logging_mixin.py:190} INFO - [2026-07-17T23:35:54.556+0530] {dagbag.py:588} INFO - Filling up the DagBag from /Users/bhavishyachallagolla/Desktop/RetailSense/.venv/lib/python3.12/site-packages/airflow/example_dags/example_sensor_decorator.py
[2026-07-17T23:35:54.568+0530] {processor.py:925} INFO - DAG(s) 'example_sensor_decorator' retrieved from /Users/bhavishyachallagolla/Desktop/RetailSense/.venv/lib/python3.12/site-packages/airflow/example_dags/example_sensor_decorator.py
[2026-07-17T23:35:54.589+0530] {logging_mixin.py:190} INFO - [2026-07-17T23:35:54.588+0530] {workday.py:41} WARNING - Could not import pandas. Holidays will not be considered.
[2026-07-17T23:35:54.594+0530] {logging_mixin.py:190} INFO - [2026-07-17T23:35:54.594+0530] {dag.py:3239} INFO - Sync 1 DAGs
[2026-07-17T23:35:54.597+0530] {logging_mixin.py:190} INFO - [2026-07-17T23:35:54.597+0530] {dag.py:4180} INFO - Setting next_dagrun for example_sensor_decorator to None, run_after=None
[2026-07-17T23:35:54.602+0530] {processor.py:208} INFO - Processing /Users/bhavishyachallagolla/Desktop/RetailSense/.venv/lib/python3.12/site-packages/airflow/example_dags/example_sensor_decorator.py took 0.047 seconds
[2026-07-17T23:37:35.415+0530] {processor.py:186} INFO - Started process (PID=99149) to work on /Users/bhavishyachallagolla/Desktop/RetailSense/.venv/lib/python3.12/site-packages/airflow/example_dags/example_sensor_decorator.py
[2026-07-17T23:37:35.415+0530] {processor.py:914} INFO - Processing file /Users/bhavishyachallagolla/Desktop/RetailSense/.venv/lib/python3.12/site-packages/airflow/example_dags/example_sensor_decorator.py for tasks to queue
[2026-07-17T23:37:35.416+0530] {logging_mixin.py:190} INFO - [2026-07-17T23:37:35.416+0530] {dagbag.py:588} INFO - Filling up the DagBag from /Users/bhavishyachallagolla/Desktop/RetailSense/.venv/lib/python3.12/site-packages/airflow/example_dags/example_sensor_decorator.py
[2026-07-17T23:37:35.427+0530] {processor.py:925} INFO - DAG(s) 'example_sensor_decorator' retrieved from /Users/bhavishyachallagolla/Desktop/RetailSense/.venv/lib/python3.12/site-packages/airflow/example_dags/example_sensor_decorator.py
[2026-07-17T23:37:35.448+0530] {logging_mixin.py:190} INFO - [2026-07-17T23:37:35.448+0530] {workday.py:41} WARNING - Could not import pandas. Holidays will not be considered.
[2026-07-17T23:37:35.454+0530] {logging_mixin.py:190} INFO - [2026-07-17T23:37:35.454+0530] {dag.py:3239} INFO - Sync 1 DAGs
[2026-07-17T23:37:35.457+0530] {logging_mixin.py:190} INFO - [2026-07-17T23:37:35.457+0530] {dag.py:4180} INFO - Setting next_dagrun for example_sensor_decorator to None, run_after=None
[2026-07-17T23:37:35.462+0530] {processor.py:208} INFO - Processing /Users/bhavishyachallagolla/Desktop/RetailSense/.venv/lib/python3.12/site-packages/airflow/example_dags/example_sensor_decorator.py took 0.047 seconds
[2026-07-17T23:39:17.757+0530] {processor.py:186} INFO - Started process (PID=99310) to work on /Users/bhavishyachallagolla/Desktop/RetailSense/.venv/lib/python3.12/site-packages/airflow/example_dags/example_sensor_decorator.py
[2026-07-17T23:39:17.758+0530] {processor.py:914} INFO - Processing file /Users/bhavishyachallagolla/Desktop/RetailSense/.venv/lib/python3.12/site-packages/airflow/example_dags/example_sensor_decorator.py for tasks to queue
[2026-07-17T23:39:17.758+0530] {logging_mixin.py:190} INFO - [2026-07-17T23:39:17.758+0530] {dagbag.py:588} INFO - Filling up the DagBag from /Users/bhavishyachallagolla/Desktop/RetailSense/.venv/lib/python3.12/site-packages/airflow/example_dags/example_sensor_decorator.py
[2026-07-17T23:39:17.770+0530] {processor.py:925} INFO - DAG(s) 'example_sensor_decorator' retrieved from /Users/bhavishyachallagolla/Desktop/RetailSense/.venv/lib/python3.12/site-packages/airflow/example_dags/example_sensor_decorator.py
[2026-07-17T23:39:17.791+0530] {logging_mixin.py:190} INFO - [2026-07-17T23:39:17.791+0530] {workday.py:41} WARNING - Could not import pandas. Holidays will not be considered.
[2026-07-17T23:39:17.797+0530] {logging_mixin.py:190} INFO - [2026-07-17T23:39:17.796+0530] {dag.py:3239} INFO - Sync 1 DAGs
[2026-07-17T23:39:17.799+0530] {logging_mixin.py:190} INFO - [2026-07-17T23:39:17.799+0530] {dag.py:4180} INFO - Setting next_dagrun for example_sensor_decorator to None, run_after=None
[2026-07-17T23:39:17.804+0530] {processor.py:208} INFO - Processing /Users/bhavishyachallagolla/Desktop/RetailSense/.venv/lib/python3.12/site-packages/airflow/example_dags/example_sensor_decorator.py took 0.048 seconds
[2026-07-17T23:40:58.183+0530] {processor.py:186} INFO - Started process (PID=99466) to work on /Users/bhavishyachallagolla/Desktop/RetailSense/.venv/lib/python3.12/site-packages/airflow/example_dags/example_sensor_decorator.py
[2026-07-17T23:40:58.184+0530] {processor.py:914} INFO - Processing file /Users/bhavishyachallagolla/Desktop/RetailSense/.venv/lib/python3.12/site-packages/airflow/example_dags/example_sensor_decorator.py for tasks to queue
[2026-07-17T23:40:58.184+0530] {logging_mixin.py:190} INFO - [2026-07-17T23:40:58.184+0530] {dagbag.py:588} INFO - Filling up the DagBag from /Users/bhavishyachallagolla/Desktop/RetailSense/.venv/lib/python3.12/site-packages/airflow/example_dags/example_sensor_decorator.py
[2026-07-17T23:40:58.196+0530] {processor.py:925} INFO - DAG(s) 'example_sensor_decorator' retrieved from /Users/bhavishyachallagolla/Desktop/RetailSense/.venv/lib/python3.12/site-packages/airflow/example_dags/example_sensor_decorator.py
[2026-07-17T23:40:58.218+0530] {logging_mixin.py:190} INFO - [2026-07-17T23:40:58.218+0530] {workday.py:41} WARNING - Could not import pandas. Holidays will not be considered.
[2026-07-17T23:40:58.224+0530] {logging_mixin.py:190} INFO - [2026-07-17T23:40:58.224+0530] {dag.py:3239} INFO - Sync 1 DAGs
[2026-07-17T23:40:58.227+0530] {logging_mixin.py:190} INFO - [2026-07-17T23:40:58.226+0530] {dag.py:4180} INFO - Setting next_dagrun for example_sensor_decorator to None, run_after=None
[2026-07-17T23:40:58.231+0530] {processor.py:208} INFO - Processing /Users/bhavishyachallagolla/Desktop/RetailSense/.venv/lib/python3.12/site-packages/airflow/example_dags/example_sensor_decorator.py took 0.049 seconds
[2026-07-17T23:42:41.907+0530] {processor.py:186} INFO - Started process (PID=99625) to work on /Users/bhavishyachallagolla/Desktop/RetailSense/.venv/lib/python3.12/site-packages/airflow/example_dags/example_sensor_decorator.py
[2026-07-17T23:42:41.908+0530] {processor.py:914} INFO - Processing file /Users/bhavishyachallagolla/Desktop/RetailSense/.venv/lib/python3.12/site-packages/airflow/example_dags/example_sensor_decorator.py for tasks to queue
[2026-07-17T23:42:41.909+0530] {logging_mixin.py:190} INFO - [2026-07-17T23:42:41.908+0530] {dagbag.py:588} INFO - Filling up the DagBag from /Users/bhavishyachallagolla/Desktop/RetailSense/.venv/lib/python3.12/site-packages/airflow/example_dags/example_sensor_decorator.py
[2026-07-17T23:42:41.920+0530] {processor.py:925} INFO - DAG(s) 'example_sensor_decorator' retrieved from /Users/bhavishyachallagolla/Desktop/RetailSense/.venv/lib/python3.12/site-packages/airflow/example_dags/example_sensor_decorator.py
[2026-07-17T23:42:41.941+0530] {logging_mixin.py:190} INFO - [2026-07-17T23:42:41.941+0530] {workday.py:41} WARNING - Could not import pandas. Holidays will not be considered.
[2026-07-17T23:42:41.947+0530] {logging_mixin.py:190} INFO - [2026-07-17T23:42:41.947+0530] {dag.py:3239} INFO - Sync 1 DAGs
[2026-07-17T23:42:41.950+0530] {logging_mixin.py:190} INFO - [2026-07-17T23:42:41.949+0530] {dag.py:4180} INFO - Setting next_dagrun for example_sensor_decorator to None, run_after=None
[2026-07-17T23:42:41.954+0530] {processor.py:208} INFO - Processing /Users/bhavishyachallagolla/Desktop/RetailSense/.venv/lib/python3.12/site-packages/airflow/example_dags/example_sensor_decorator.py took 0.048 seconds
[2026-07-17T23:44:24.872+0530] {processor.py:186} INFO - Started process (PID=99778) to work on /Users/bhavishyachallagolla/Desktop/RetailSense/.venv/lib/python3.12/site-packages/airflow/example_dags/example_sensor_decorator.py
[2026-07-17T23:44:24.873+0530] {processor.py:914} INFO - Processing file /Users/bhavishyachallagolla/Desktop/RetailSense/.venv/lib/python3.12/site-packages/airflow/example_dags/example_sensor_decorator.py for tasks to queue
[2026-07-17T23:44:24.873+0530] {logging_mixin.py:190} INFO - [2026-07-17T23:44:24.873+0530] {dagbag.py:588} INFO - Filling up the DagBag from /Users/bhavishyachallagolla/Desktop/RetailSense/.venv/lib/python3.12/site-packages/airflow/example_dags/example_sensor_decorator.py
[2026-07-17T23:44:24.885+0530] {processor.py:925} INFO - DAG(s) 'example_sensor_decorator' retrieved from /Users/bhavishyachallagolla/Desktop/RetailSense/.venv/lib/python3.12/site-packages/airflow/example_dags/example_sensor_decorator.py
[2026-07-17T23:44:24.906+0530] {logging_mixin.py:190} INFO - [2026-07-17T23:44:24.906+0530] {workday.py:41} WARNING - Could not import pandas. Holidays will not be considered.
[2026-07-17T23:44:24.912+0530] {logging_mixin.py:190} INFO - [2026-07-17T23:44:24.912+0530] {dag.py:3239} INFO - Sync 1 DAGs
[2026-07-17T23:44:24.915+0530] {logging_mixin.py:190} INFO - [2026-07-17T23:44:24.915+0530] {dag.py:4180} INFO - Setting next_dagrun for example_sensor_decorator to None, run_after=None
[2026-07-17T23:44:24.919+0530] {processor.py:208} INFO - Processing /Users/bhavishyachallagolla/Desktop/RetailSense/.venv/lib/python3.12/site-packages/airflow/example_dags/example_sensor_decorator.py took 0.049 seconds
[2026-07-17T23:46:08.405+0530] {processor.py:186} INFO - Started process (PID=99936) to work on /Users/bhavishyachallagolla/Desktop/RetailSense/.venv/lib/python3.12/site-packages/airflow/example_dags/example_sensor_decorator.py
[2026-07-17T23:46:08.406+0530] {processor.py:914} INFO - Processing file /Users/bhavishyachallagolla/Desktop/RetailSense/.venv/lib/python3.12/site-packages/airflow/example_dags/example_sensor_decorator.py for tasks to queue
[2026-07-17T23:46:08.406+0530] {logging_mixin.py:190} INFO - [2026-07-17T23:46:08.406+0530] {dagbag.py:588} INFO - Filling up the DagBag from /Users/bhavishyachallagolla/Desktop/RetailSense/.venv/lib/python3.12/site-packages/airflow/example_dags/example_sensor_decorator.py
[2026-07-17T23:46:08.417+0530] {processor.py:925} INFO - DAG(s) 'example_sensor_decorator' retrieved from /Users/bhavishyachallagolla/Desktop/RetailSense/.venv/lib/python3.12/site-packages/airflow/example_dags/example_sensor_decorator.py
[2026-07-17T23:46:08.439+0530] {logging_mixin.py:190} INFO - [2026-07-17T23:46:08.439+0530] {workday.py:41} WARNING - Could not import pandas. Holidays will not be considered.
[2026-07-17T23:46:08.445+0530] {logging_mixin.py:190} INFO - [2026-07-17T23:46:08.444+0530] {dag.py:3239} INFO - Sync 1 DAGs
[2026-07-17T23:46:08.447+0530] {logging_mixin.py:190} INFO - [2026-07-17T23:46:08.447+0530] {dag.py:4180} INFO - Setting next_dagrun for example_sensor_decorator to None, run_after=None
[2026-07-17T23:46:08.452+0530] {processor.py:208} INFO - Processing /Users/bhavishyachallagolla/Desktop/RetailSense/.venv/lib/python3.12/site-packages/airflow/example_dags/example_sensor_decorator.py took 0.048 seconds
[2026-07-17T23:48:06.088+0530] {processor.py:186} INFO - Started process (PID=219) to work on /Users/bhavishyachallagolla/Desktop/RetailSense/.venv/lib/python3.12/site-packages/airflow/example_dags/example_sensor_decorator.py
[2026-07-17T23:48:06.089+0530] {processor.py:914} INFO - Processing file /Users/bhavishyachallagolla/Desktop/RetailSense/.venv/lib/python3.12/site-packages/airflow/example_dags/example_sensor_decorator.py for tasks to queue
[2026-07-17T23:48:06.090+0530] {logging_mixin.py:190} INFO - [2026-07-17T23:48:06.090+0530] {dagbag.py:588} INFO - Filling up the DagBag from /Users/bhavishyachallagolla/Desktop/RetailSense/.venv/lib/python3.12/site-packages/airflow/example_dags/example_sensor_decorator.py
[2026-07-17T23:48:06.102+0530] {processor.py:925} INFO - DAG(s) 'example_sensor_decorator' retrieved from /Users/bhavishyachallagolla/Desktop/RetailSense/.venv/lib/python3.12/site-packages/airflow/example_dags/example_sensor_decorator.py
[2026-07-17T23:48:06.123+0530] {logging_mixin.py:190} INFO - [2026-07-17T23:48:06.123+0530] {workday.py:41} WARNING - Could not import pandas. Holidays will not be considered.
[2026-07-17T23:48:06.129+0530] {logging_mixin.py:190} INFO - [2026-07-17T23:48:06.129+0530] {dag.py:3239} INFO - Sync 1 DAGs
[2026-07-17T23:48:06.132+0530] {logging_mixin.py:190} INFO - [2026-07-17T23:48:06.132+0530] {dag.py:4180} INFO - Setting next_dagrun for example_sensor_decorator to None, run_after=None
[2026-07-17T23:48:06.137+0530] {processor.py:208} INFO - Processing /Users/bhavishyachallagolla/Desktop/RetailSense/.venv/lib/python3.12/site-packages/airflow/example_dags/example_sensor_decorator.py took 0.049 seconds
[2026-07-17T23:49:52.067+0530] {processor.py:186} INFO - Started process (PID=432) to work on /Users/bhavishyachallagolla/Desktop/RetailSense/.venv/lib/python3.12/site-packages/airflow/example_dags/example_sensor_decorator.py
[2026-07-17T23:49:52.067+0530] {processor.py:914} INFO - Processing file /Users/bhavishyachallagolla/Desktop/RetailSense/.venv/lib/python3.12/site-packages/airflow/example_dags/example_sensor_decorator.py for tasks to queue
[2026-07-17T23:49:52.067+0530] {logging_mixin.py:190} INFO - [2026-07-17T23:49:52.067+0530] {dagbag.py:588} INFO - Filling up the DagBag from /Users/bhavishyachallagolla/Desktop/RetailSense/.venv/lib/python3.12/site-packages/airflow/example_dags/example_sensor_decorator.py
[2026-07-17T23:49:52.079+0530] {processor.py:925} INFO - DAG(s) 'example_sensor_decorator' retrieved from /Users/bhavishyachallagolla/Desktop/RetailSense/.venv/lib/python3.12/site-packages/airflow/example_dags/example_sensor_decorator.py
[2026-07-17T23:49:52.100+0530] {logging_mixin.py:190} INFO - [2026-07-17T23:49:52.100+0530] {workday.py:41} WARNING - Could not import pandas. Holidays will not be considered.
[2026-07-17T23:49:52.106+0530] {logging_mixin.py:190} INFO - [2026-07-17T23:49:52.106+0530] {dag.py:3239} INFO - Sync 1 DAGs
[2026-07-17T23:49:52.109+0530] {logging_mixin.py:190} INFO - [2026-07-17T23:49:52.108+0530] {dag.py:4180} INFO - Setting next_dagrun for example_sensor_decorator to None, run_after=None
[2026-07-17T23:49:52.113+0530] {processor.py:208} INFO - Processing /Users/bhavishyachallagolla/Desktop/RetailSense/.venv/lib/python3.12/site-packages/airflow/example_dags/example_sensor_decorator.py took 0.047 seconds
[2026-07-17T23:51:36.332+0530] {processor.py:186} INFO - Started process (PID=657) to work on /Users/bhavishyachallagolla/Desktop/RetailSense/.venv/lib/python3.12/site-packages/airflow/example_dags/example_sensor_decorator.py
[2026-07-17T23:51:36.333+0530] {processor.py:914} INFO - Processing file /Users/bhavishyachallagolla/Desktop/RetailSense/.venv/lib/python3.12/site-packages/airflow/example_dags/example_sensor_decorator.py for tasks to queue
[2026-07-17T23:51:36.333+0530] {logging_mixin.py:190} INFO - [2026-07-17T23:51:36.333+0530] {dagbag.py:588} INFO - Filling up the DagBag from /Users/bhavishyachallagolla/Desktop/RetailSense/.venv/lib/python3.12/site-packages/airflow/example_dags/example_sensor_decorator.py
[2026-07-17T23:51:36.345+0530] {processor.py:925} INFO - DAG(s) 'example_sensor_decorator' retrieved from /Users/bhavishyachallagolla/Desktop/RetailSense/.venv/lib/python3.12/site-packages/airflow/example_dags/example_sensor_decorator.py
[2026-07-17T23:51:36.366+0530] {logging_mixin.py:190} INFO - [2026-07-17T23:51:36.366+0530] {workday.py:41} WARNING - Could not import pandas. Holidays will not be considered.
[2026-07-17T23:51:36.372+0530] {logging_mixin.py:190} INFO - [2026-07-17T23:51:36.372+0530] {dag.py:3239} INFO - Sync 1 DAGs
[2026-07-17T23:51:36.375+0530] {logging_mixin.py:190} INFO - [2026-07-17T23:51:36.375+0530] {dag.py:4180} INFO - Setting next_dagrun for example_sensor_decorator to None, run_after=None
[2026-07-17T23:51:36.380+0530] {processor.py:208} INFO - Processing /Users/bhavishyachallagolla/Desktop/RetailSense/.venv/lib/python3.12/site-packages/airflow/example_dags/example_sensor_decorator.py took 0.049 seconds
[2026-07-17T23:53:26.077+0530] {processor.py:186} INFO - Started process (PID=905) to work on /Users/bhavishyachallagolla/Desktop/RetailSense/.venv/lib/python3.12/site-packages/airflow/example_dags/example_sensor_decorator.py
[2026-07-17T23:53:26.078+0530] {processor.py:914} INFO - Processing file /Users/bhavishyachallagolla/Desktop/RetailSense/.venv/lib/python3.12/site-packages/airflow/example_dags/example_sensor_decorator.py for tasks to queue
[2026-07-17T23:53:26.079+0530] {logging_mixin.py:190} INFO - [2026-07-17T23:53:26.079+0530] {dagbag.py:588} INFO - Filling up the DagBag from /Users/bhavishyachallagolla/Desktop/RetailSense/.venv/lib/python3.12/site-packages/airflow/example_dags/example_sensor_decorator.py
[2026-07-17T23:53:26.090+0530] {processor.py:925} INFO - DAG(s) 'example_sensor_decorator' retrieved from /Users/bhavishyachallagolla/Desktop/RetailSense/.venv/lib/python3.12/site-packages/airflow/example_dags/example_sensor_decorator.py
[2026-07-17T23:53:26.111+0530] {logging_mixin.py:190} INFO - [2026-07-17T23:53:26.111+0530] {workday.py:41} WARNING - Could not import pandas. Holidays will not be considered.
[2026-07-17T23:53:26.117+0530] {logging_mixin.py:190} INFO - [2026-07-17T23:53:26.117+0530] {dag.py:3239} INFO - Sync 1 DAGs
[2026-07-17T23:53:26.120+0530] {logging_mixin.py:190} INFO - [2026-07-17T23:53:26.119+0530] {dag.py:4180} INFO - Setting next_dagrun for example_sensor_decorator to None, run_after=None
[2026-07-17T23:53:26.124+0530] {processor.py:208} INFO - Processing /Users/bhavishyachallagolla/Desktop/RetailSense/.venv/lib/python3.12/site-packages/airflow/example_dags/example_sensor_decorator.py took 0.048 seconds
[2026-07-17T23:55:20.335+0530] {processor.py:186} INFO - Started process (PID=1108) to work on /Users/bhavishyachallagolla/Desktop/RetailSense/.venv/lib/python3.12/site-packages/airflow/example_dags/example_sensor_decorator.py
[2026-07-17T23:55:20.335+0530] {processor.py:914} INFO - Processing file /Users/bhavishyachallagolla/Desktop/RetailSense/.venv/lib/python3.12/site-packages/airflow/example_dags/example_sensor_decorator.py for tasks to queue
[2026-07-17T23:55:20.336+0530] {logging_mixin.py:190} INFO - [2026-07-17T23:55:20.335+0530] {dagbag.py:588} INFO - Filling up the DagBag from /Users/bhavishyachallagolla/Desktop/RetailSense/.venv/lib/python3.12/site-packages/airflow/example_dags/example_sensor_decorator.py
[2026-07-17T23:55:20.348+0530] {processor.py:925} INFO - DAG(s) 'example_sensor_decorator' retrieved from /Users/bhavishyachallagolla/Desktop/RetailSense/.venv/lib/python3.12/site-packages/airflow/example_dags/example_sensor_decorator.py
[2026-07-17T23:55:20.370+0530] {logging_mixin.py:190} INFO - [2026-07-17T23:55:20.369+0530] {workday.py:41} WARNING - Could not import pandas. Holidays will not be considered.
[2026-07-17T23:55:20.376+0530] {logging_mixin.py:190} INFO - [2026-07-17T23:55:20.376+0530] {dag.py:3239} INFO - Sync 1 DAGs
[2026-07-17T23:55:20.379+0530] {logging_mixin.py:190} INFO - [2026-07-17T23:55:20.378+0530] {dag.py:4180} INFO - Setting next_dagrun for example_sensor_decorator to None, run_after=None
[2026-07-17T23:55:20.383+0530] {processor.py:208} INFO - Processing /Users/bhavishyachallagolla/Desktop/RetailSense/.venv/lib/python3.12/site-packages/airflow/example_dags/example_sensor_decorator.py took 0.050 seconds
