[2026-07-17T20:09:26.215+0530] {processor.py:186} INFO - Started process (PID=87202) to work on /Users/bhavishyachallagolla/Desktop/RetailSense/.venv/lib/python3.12/site-packages/airflow/example_dags/example_params_ui_tutorial.py
[2026-07-17T20:09:26.215+0530] {processor.py:914} INFO - Processing file /Users/bhavishyachallagolla/Desktop/RetailSense/.venv/lib/python3.12/site-packages/airflow/example_dags/example_params_ui_tutorial.py for tasks to queue
[2026-07-17T20:09:26.215+0530] {logging_mixin.py:190} INFO - [2026-07-17T20:09:26.215+0530] {dagbag.py:588} INFO - Filling up the DagBag from /Users/bhavishyachallagolla/Desktop/RetailSense/.venv/lib/python3.12/site-packages/airflow/example_dags/example_params_ui_tutorial.py
[2026-07-17T20:09:26.228+0530] {processor.py:925} INFO - DAG(s) 'example_params_ui_tutorial' retrieved from /Users/bhavishyachallagolla/Desktop/RetailSense/.venv/lib/python3.12/site-packages/airflow/example_dags/example_params_ui_tutorial.py
[2026-07-17T20:09:26.281+0530] {logging_mixin.py:190} INFO - [2026-07-17T20:09:26.281+0530] {dag.py:3239} INFO - Sync 1 DAGs
[2026-07-17T20:09:26.284+0530] {logging_mixin.py:190} INFO - [2026-07-17T20:09:26.284+0530] {dag.py:4180} INFO - Setting next_dagrun for example_params_ui_tutorial to None, run_after=None
[2026-07-17T20:09:26.310+0530] {processor.py:208} INFO - Processing /Users/bhavishyachallagolla/Desktop/RetailSense/.venv/lib/python3.12/site-packages/airflow/example_dags/example_params_ui_tutorial.py took 0.097 seconds
[2026-07-17T20:10:23.705+0530] {processor.py:186} INFO - Started process (PID=87311) to work on /Users/bhavishyachallagolla/Desktop/RetailSense/.venv/lib/python3.12/site-packages/airflow/example_dags/example_params_ui_tutorial.py
[2026-07-17T20:10:23.706+0530] {processor.py:914} INFO - Processing file /Users/bhavishyachallagolla/Desktop/RetailSense/.venv/lib/python3.12/site-packages/airflow/example_dags/example_params_ui_tutorial.py for tasks to queue
[2026-07-17T20:10:23.706+0530] {logging_mixin.py:190} INFO - [2026-07-17T20:10:23.706+0530] {dagbag.py:588} INFO - Filling up the DagBag from /Users/bhavishyachallagolla/Desktop/RetailSense/.venv/lib/python3.12/site-packages/airflow/example_dags/example_params_ui_tutorial.py
[2026-07-17T20:10:23.718+0530] {processor.py:925} INFO - DAG(s) 'example_params_ui_tutorial' retrieved from /Users/bhavishyachallagolla/Desktop/RetailSense/.venv/lib/python3.12/site-packages/airflow/example_dags/example_params_ui_tutorial.py
[2026-07-17T20:10:23.749+0530] {logging_mixin.py:190} INFO - [2026-07-17T20:10:23.749+0530] {dag.py:3239} INFO - Sync 1 DAGs
[2026-07-17T20:10:23.752+0530] {logging_mixin.py:190} INFO - [2026-07-17T20:10:23.752+0530] {dag.py:4180} INFO - Setting next_dagrun for example_params_ui_tutorial to None, run_after=None
[2026-07-17T20:10:23.756+0530] {processor.py:208} INFO - Processing /Users/bhavishyachallagolla/Desktop/RetailSense/.venv/lib/python3.12/site-packages/airflow/example_dags/example_params_ui_tutorial.py took 0.052 seconds
[2026-07-17T20:11:43.086+0530] {processor.py:186} INFO - Started process (PID=87429) to work on /Users/bhavishyachallagolla/Desktop/RetailSense/.venv/lib/python3.12/site-packages/airflow/example_dags/example_params_ui_tutorial.py
[2026-07-17T20:11:43.087+0530] {processor.py:914} INFO - Processing file /Users/bhavishyachallagolla/Desktop/RetailSense/.venv/lib/python3.12/site-packages/airflow/example_dags/example_params_ui_tutorial.py for tasks to queue
[2026-07-17T20:11:43.087+0530] {logging_mixin.py:190} INFO - [2026-07-17T20:11:43.087+0530] {dagbag.py:588} INFO - Filling up the DagBag from /Users/bhavishyachallagolla/Desktop/RetailSense/.venv/lib/python3.12/site-packages/airflow/example_dags/example_params_ui_tutorial.py
[2026-07-17T20:11:43.099+0530] {processor.py:925} INFO - DAG(s) 'example_params_ui_tutorial' retrieved from /Users/bhavishyachallagolla/Desktop/RetailSense/.venv/lib/python3.12/site-packages/airflow/example_dags/example_params_ui_tutorial.py
[2026-07-17T20:11:43.130+0530] {logging_mixin.py:190} INFO - [2026-07-17T20:11:43.130+0530] {dag.py:3239} INFO - Sync 1 DAGs
[2026-07-17T20:11:43.132+0530] {logging_mixin.py:190} INFO - [2026-07-17T20:11:43.132+0530] {dag.py:4180} INFO - Setting next_dagrun for example_params_ui_tutorial to None, run_after=None
[2026-07-17T20:11:43.137+0530] {processor.py:208} INFO - Processing /Users/bhavishyachallagolla/Desktop/RetailSense/.venv/lib/python3.12/site-packages/airflow/example_dags/example_params_ui_tutorial.py took 0.052 seconds
[2026-07-17T20:13:23.989+0530] {processor.py:186} INFO - Started process (PID=87581) to work on /Users/bhavishyachallagolla/Desktop/RetailSense/.venv/lib/python3.12/site-packages/airflow/example_dags/example_params_ui_tutorial.py
[2026-07-17T20:13:23.990+0530] {processor.py:914} INFO - Processing file /Users/bhavishyachallagolla/Desktop/RetailSense/.venv/lib/python3.12/site-packages/airflow/example_dags/example_params_ui_tutorial.py for tasks to queue
[2026-07-17T20:13:23.990+0530] {logging_mixin.py:190} INFO - [2026-07-17T20:13:23.990+0530] {dagbag.py:588} INFO - Filling up the DagBag from /Users/bhavishyachallagolla/Desktop/RetailSense/.venv/lib/python3.12/site-packages/airflow/example_dags/example_params_ui_tutorial.py
[2026-07-17T20:13:24.002+0530] {processor.py:925} INFO - DAG(s) 'example_params_ui_tutorial' retrieved from /Users/bhavishyachallagolla/Desktop/RetailSense/.venv/lib/python3.12/site-packages/airflow/example_dags/example_params_ui_tutorial.py
[2026-07-17T20:13:24.033+0530] {logging_mixin.py:190} INFO - [2026-07-17T20:13:24.033+0530] {dag.py:3239} INFO - Sync 1 DAGs
[2026-07-17T20:13:24.036+0530] {logging_mixin.py:190} INFO - [2026-07-17T20:13:24.036+0530] {dag.py:4180} INFO - Setting next_dagrun for example_params_ui_tutorial to None, run_after=None
[2026-07-17T20:13:24.040+0530] {processor.py:208} INFO - Processing /Users/bhavishyachallagolla/Desktop/RetailSense/.venv/lib/python3.12/site-packages/airflow/example_dags/example_params_ui_tutorial.py took 0.053 seconds
[2026-07-17T20:15:02.747+0530] {processor.py:186} INFO - Started process (PID=87744) to work on /Users/bhavishyachallagolla/Desktop/RetailSense/.venv/lib/python3.12/site-packages/airflow/example_dags/example_params_ui_tutorial.py
[2026-07-17T20:15:02.748+0530] {processor.py:914} INFO - Processing file /Users/bhavishyachallagolla/Desktop/RetailSense/.venv/lib/python3.12/site-packages/airflow/example_dags/example_params_ui_tutorial.py for tasks to queue
[2026-07-17T20:15:02.749+0530] {logging_mixin.py:190} INFO - [2026-07-17T20:15:02.749+0530] {dagbag.py:588} INFO - Filling up the DagBag from /Users/bhavishyachallagolla/Desktop/RetailSense/.venv/lib/python3.12/site-packages/airflow/example_dags/example_params_ui_tutorial.py
[2026-07-17T20:15:02.761+0530] {processor.py:925} INFO - DAG(s) 'example_params_ui_tutorial' retrieved from /Users/bhavishyachallagolla/Desktop/RetailSense/.venv/lib/python3.12/site-packages/airflow/example_dags/example_params_ui_tutorial.py
[2026-07-17T20:15:02.792+0530] {logging_mixin.py:190} INFO - [2026-07-17T20:15:02.792+0530] {dag.py:3239} INFO - Sync 1 DAGs
[2026-07-17T20:15:02.795+0530] {logging_mixin.py:190} INFO - [2026-07-17T20:15:02.795+0530] {dag.py:4180} INFO - Setting next_dagrun for example_params_ui_tutorial to None, run_after=None
[2026-07-17T20:15:02.799+0530] {processor.py:208} INFO - Processing /Users/bhavishyachallagolla/Desktop/RetailSense/.venv/lib/python3.12/site-packages/airflow/example_dags/example_params_ui_tutorial.py took 0.053 seconds
[2026-07-17T20:16:42.704+0530] {processor.py:186} INFO - Started process (PID=87898) to work on /Users/bhavishyachallagolla/Desktop/RetailSense/.venv/lib/python3.12/site-packages/airflow/example_dags/example_params_ui_tutorial.py
[2026-07-17T20:16:42.705+0530] {processor.py:914} INFO - Processing file /Users/bhavishyachallagolla/Desktop/RetailSense/.venv/lib/python3.12/site-packages/airflow/example_dags/example_params_ui_tutorial.py for tasks to queue
[2026-07-17T20:16:42.705+0530] {logging_mixin.py:190} INFO - [2026-07-17T20:16:42.705+0530] {dagbag.py:588} INFO - Filling up the DagBag from /Users/bhavishyachallagolla/Desktop/RetailSense/.venv/lib/python3.12/site-packages/airflow/example_dags/example_params_ui_tutorial.py
[2026-07-17T20:16:42.718+0530] {processor.py:925} INFO - DAG(s) 'example_params_ui_tutorial' retrieved from /Users/bhavishyachallagolla/Desktop/RetailSense/.venv/lib/python3.12/site-packages/airflow/example_dags/example_params_ui_tutorial.py
[2026-07-17T20:16:42.748+0530] {logging_mixin.py:190} INFO - [2026-07-17T20:16:42.748+0530] {dag.py:3239} INFO - Sync 1 DAGs
[2026-07-17T20:16:42.751+0530] {logging_mixin.py:190} INFO - [2026-07-17T20:16:42.751+0530] {dag.py:4180} INFO - Setting next_dagrun for example_params_ui_tutorial to None, run_after=None
[2026-07-17T20:16:42.755+0530] {processor.py:208} INFO - Processing /Users/bhavishyachallagolla/Desktop/RetailSense/.venv/lib/python3.12/site-packages/airflow/example_dags/example_params_ui_tutorial.py took 0.053 seconds
[2026-07-17T20:18:22.447+0530] {processor.py:186} INFO - Started process (PID=88051) to work on /Users/bhavishyachallagolla/Desktop/RetailSense/.venv/lib/python3.12/site-packages/airflow/example_dags/example_params_ui_tutorial.py
[2026-07-17T20:18:22.447+0530] {processor.py:914} INFO - Processing file /Users/bhavishyachallagolla/Desktop/RetailSense/.venv/lib/python3.12/site-packages/airflow/example_dags/example_params_ui_tutorial.py for tasks to queue
[2026-07-17T20:18:22.447+0530] {logging_mixin.py:190} INFO - [2026-07-17T20:18:22.447+0530] {dagbag.py:588} INFO - Filling up the DagBag from /Users/bhavishyachallagolla/Desktop/RetailSense/.venv/lib/python3.12/site-packages/airflow/example_dags/example_params_ui_tutorial.py
[2026-07-17T20:18:22.459+0530] {processor.py:925} INFO - DAG(s) 'example_params_ui_tutorial' retrieved from /Users/bhavishyachallagolla/Desktop/RetailSense/.venv/lib/python3.12/site-packages/airflow/example_dags/example_params_ui_tutorial.py
[2026-07-17T20:18:22.488+0530] {logging_mixin.py:190} INFO - [2026-07-17T20:18:22.488+0530] {dag.py:3239} INFO - Sync 1 DAGs
[2026-07-17T20:18:22.491+0530] {logging_mixin.py:190} INFO - [2026-07-17T20:18:22.491+0530] {dag.py:4180} INFO - Setting next_dagrun for example_params_ui_tutorial to None, run_after=None
[2026-07-17T20:18:22.496+0530] {processor.py:208} INFO - Processing /Users/bhavishyachallagolla/Desktop/RetailSense/.venv/lib/python3.12/site-packages/airflow/example_dags/example_params_ui_tutorial.py took 0.050 seconds
[2026-07-17T20:20:01.652+0530] {processor.py:186} INFO - Started process (PID=88216) to work on /Users/bhavishyachallagolla/Desktop/RetailSense/.venv/lib/python3.12/site-packages/airflow/example_dags/example_params_ui_tutorial.py
[2026-07-17T20:20:01.653+0530] {processor.py:914} INFO - Processing file /Users/bhavishyachallagolla/Desktop/RetailSense/.venv/lib/python3.12/site-packages/airflow/example_dags/example_params_ui_tutorial.py for tasks to queue
[2026-07-17T20:20:01.653+0530] {logging_mixin.py:190} INFO - [2026-07-17T20:20:01.653+0530] {dagbag.py:588} INFO - Filling up the DagBag from /Users/bhavishyachallagolla/Desktop/RetailSense/.venv/lib/python3.12/site-packages/airflow/example_dags/example_params_ui_tutorial.py
[2026-07-17T20:20:01.668+0530] {processor.py:925} INFO - DAG(s) 'example_params_ui_tutorial' retrieved from /Users/bhavishyachallagolla/Desktop/RetailSense/.venv/lib/python3.12/site-packages/airflow/example_dags/example_params_ui_tutorial.py
[2026-07-17T20:20:01.700+0530] {logging_mixin.py:190} INFO - [2026-07-17T20:20:01.699+0530] {dag.py:3239} INFO - Sync 1 DAGs
[2026-07-17T20:20:01.702+0530] {logging_mixin.py:190} INFO - [2026-07-17T20:20:01.702+0530] {dag.py:4180} INFO - Setting next_dagrun for example_params_ui_tutorial to None, run_after=None
[2026-07-17T20:20:01.707+0530] {processor.py:208} INFO - Processing /Users/bhavishyachallagolla/Desktop/RetailSense/.venv/lib/python3.12/site-packages/airflow/example_dags/example_params_ui_tutorial.py took 0.056 seconds
[2026-07-17T20:21:41.854+0530] {processor.py:186} INFO - Started process (PID=88369) to work on /Users/bhavishyachallagolla/Desktop/RetailSense/.venv/lib/python3.12/site-packages/airflow/example_dags/example_params_ui_tutorial.py
[2026-07-17T20:21:41.855+0530] {processor.py:914} INFO - Processing file /Users/bhavishyachallagolla/Desktop/RetailSense/.venv/lib/python3.12/site-packages/airflow/example_dags/example_params_ui_tutorial.py for tasks to queue
[2026-07-17T20:21:41.856+0530] {logging_mixin.py:190} INFO - [2026-07-17T20:21:41.856+0530] {dagbag.py:588} INFO - Filling up the DagBag from /Users/bhavishyachallagolla/Desktop/RetailSense/.venv/lib/python3.12/site-packages/airflow/example_dags/example_params_ui_tutorial.py
[2026-07-17T20:21:41.868+0530] {processor.py:925} INFO - DAG(s) 'example_params_ui_tutorial' retrieved from /Users/bhavishyachallagolla/Desktop/RetailSense/.venv/lib/python3.12/site-packages/airflow/example_dags/example_params_ui_tutorial.py
[2026-07-17T20:21:41.898+0530] {logging_mixin.py:190} INFO - [2026-07-17T20:21:41.898+0530] {dag.py:3239} INFO - Sync 1 DAGs
[2026-07-17T20:21:41.900+0530] {logging_mixin.py:190} INFO - [2026-07-17T20:21:41.900+0530] {dag.py:4180} INFO - Setting next_dagrun for example_params_ui_tutorial to None, run_after=None
[2026-07-17T20:21:41.905+0530] {processor.py:208} INFO - Processing /Users/bhavishyachallagolla/Desktop/RetailSense/.venv/lib/python3.12/site-packages/airflow/example_dags/example_params_ui_tutorial.py took 0.052 seconds
[2026-07-17T20:23:22.926+0530] {processor.py:186} INFO - Started process (PID=88525) to work on /Users/bhavishyachallagolla/Desktop/RetailSense/.venv/lib/python3.12/site-packages/airflow/example_dags/example_params_ui_tutorial.py
[2026-07-17T20:23:22.927+0530] {processor.py:914} INFO - Processing file /Users/bhavishyachallagolla/Desktop/RetailSense/.venv/lib/python3.12/site-packages/airflow/example_dags/example_params_ui_tutorial.py for tasks to queue
[2026-07-17T20:23:22.927+0530] {logging_mixin.py:190} INFO - [2026-07-17T20:23:22.927+0530] {dagbag.py:588} INFO - Filling up the DagBag from /Users/bhavishyachallagolla/Desktop/RetailSense/.venv/lib/python3.12/site-packages/airflow/example_dags/example_params_ui_tutorial.py
[2026-07-17T20:23:22.940+0530] {processor.py:925} INFO - DAG(s) 'example_params_ui_tutorial' retrieved from /Users/bhavishyachallagolla/Desktop/RetailSense/.venv/lib/python3.12/site-packages/airflow/example_dags/example_params_ui_tutorial.py
[2026-07-17T20:23:22.971+0530] {logging_mixin.py:190} INFO - [2026-07-17T20:23:22.971+0530] {dag.py:3239} INFO - Sync 1 DAGs
[2026-07-17T20:23:22.974+0530] {logging_mixin.py:190} INFO - [2026-07-17T20:23:22.974+0530] {dag.py:4180} INFO - Setting next_dagrun for example_params_ui_tutorial to None, run_after=None
[2026-07-17T20:23:22.979+0530] {processor.py:208} INFO - Processing /Users/bhavishyachallagolla/Desktop/RetailSense/.venv/lib/python3.12/site-packages/airflow/example_dags/example_params_ui_tutorial.py took 0.054 seconds
[2026-07-17T20:25:03.989+0530] {processor.py:186} INFO - Started process (PID=88677) to work on /Users/bhavishyachallagolla/Desktop/RetailSense/.venv/lib/python3.12/site-packages/airflow/example_dags/example_params_ui_tutorial.py
[2026-07-17T20:25:03.991+0530] {processor.py:914} INFO - Processing file /Users/bhavishyachallagolla/Desktop/RetailSense/.venv/lib/python3.12/site-packages/airflow/example_dags/example_params_ui_tutorial.py for tasks to queue
[2026-07-17T20:25:03.991+0530] {logging_mixin.py:190} INFO - [2026-07-17T20:25:03.991+0530] {dagbag.py:588} INFO - Filling up the DagBag from /Users/bhavishyachallagolla/Desktop/RetailSense/.venv/lib/python3.12/site-packages/airflow/example_dags/example_params_ui_tutorial.py
[2026-07-17T20:25:04.003+0530] {processor.py:925} INFO - DAG(s) 'example_params_ui_tutorial' retrieved from /Users/bhavishyachallagolla/Desktop/RetailSense/.venv/lib/python3.12/site-packages/airflow/example_dags/example_params_ui_tutorial.py
[2026-07-17T20:25:04.033+0530] {logging_mixin.py:190} INFO - [2026-07-17T20:25:04.033+0530] {dag.py:3239} INFO - Sync 1 DAGs
[2026-07-17T20:25:04.036+0530] {logging_mixin.py:190} INFO - [2026-07-17T20:25:04.036+0530] {dag.py:4180} INFO - Setting next_dagrun for example_params_ui_tutorial to None, run_after=None
[2026-07-17T20:25:04.041+0530] {processor.py:208} INFO - Processing /Users/bhavishyachallagolla/Desktop/RetailSense/.venv/lib/python3.12/site-packages/airflow/example_dags/example_params_ui_tutorial.py took 0.052 seconds
[2026-07-17T20:26:44.970+0530] {processor.py:186} INFO - Started process (PID=88843) to work on /Users/bhavishyachallagolla/Desktop/RetailSense/.venv/lib/python3.12/site-packages/airflow/example_dags/example_params_ui_tutorial.py
[2026-07-17T20:26:44.971+0530] {processor.py:914} INFO - Processing file /Users/bhavishyachallagolla/Desktop/RetailSense/.venv/lib/python3.12/site-packages/airflow/example_dags/example_params_ui_tutorial.py for tasks to queue
[2026-07-17T20:26:44.972+0530] {logging_mixin.py:190} INFO - [2026-07-17T20:26:44.972+0530] {dagbag.py:588} INFO - Filling up the DagBag from /Users/bhavishyachallagolla/Desktop/RetailSense/.venv/lib/python3.12/site-packages/airflow/example_dags/example_params_ui_tutorial.py
[2026-07-17T20:26:44.984+0530] {processor.py:925} INFO - DAG(s) 'example_params_ui_tutorial' retrieved from /Users/bhavishyachallagolla/Desktop/RetailSense/.venv/lib/python3.12/site-packages/airflow/example_dags/example_params_ui_tutorial.py
[2026-07-17T20:26:45.013+0530] {logging_mixin.py:190} INFO - [2026-07-17T20:26:45.013+0530] {dag.py:3239} INFO - Sync 1 DAGs
[2026-07-17T20:26:45.016+0530] {logging_mixin.py:190} INFO - [2026-07-17T20:26:45.016+0530] {dag.py:4180} INFO - Setting next_dagrun for example_params_ui_tutorial to None, run_after=None
[2026-07-17T20:26:45.021+0530] {processor.py:208} INFO - Processing /Users/bhavishyachallagolla/Desktop/RetailSense/.venv/lib/python3.12/site-packages/airflow/example_dags/example_params_ui_tutorial.py took 0.052 seconds
[2026-07-17T20:28:24.042+0530] {processor.py:186} INFO - Started process (PID=88996) to work on /Users/bhavishyachallagolla/Desktop/RetailSense/.venv/lib/python3.12/site-packages/airflow/example_dags/example_params_ui_tutorial.py
[2026-07-17T20:28:24.042+0530] {processor.py:914} INFO - Processing file /Users/bhavishyachallagolla/Desktop/RetailSense/.venv/lib/python3.12/site-packages/airflow/example_dags/example_params_ui_tutorial.py for tasks to queue
[2026-07-17T20:28:24.043+0530] {logging_mixin.py:190} INFO - [2026-07-17T20:28:24.042+0530] {dagbag.py:588} INFO - Filling up the DagBag from /Users/bhavishyachallagolla/Desktop/RetailSense/.venv/lib/python3.12/site-packages/airflow/example_dags/example_params_ui_tutorial.py
[2026-07-17T20:28:24.056+0530] {processor.py:925} INFO - DAG(s) 'example_params_ui_tutorial' retrieved from /Users/bhavishyachallagolla/Desktop/RetailSense/.venv/lib/python3.12/site-packages/airflow/example_dags/example_params_ui_tutorial.py
[2026-07-17T20:28:24.087+0530] {logging_mixin.py:190} INFO - [2026-07-17T20:28:24.087+0530] {dag.py:3239} INFO - Sync 1 DAGs
[2026-07-17T20:28:24.090+0530] {logging_mixin.py:190} INFO - [2026-07-17T20:28:24.090+0530] {dag.py:4180} INFO - Setting next_dagrun for example_params_ui_tutorial to None, run_after=None
[2026-07-17T20:28:24.095+0530] {processor.py:208} INFO - Processing /Users/bhavishyachallagolla/Desktop/RetailSense/.venv/lib/python3.12/site-packages/airflow/example_dags/example_params_ui_tutorial.py took 0.055 seconds
[2026-07-17T20:30:01.114+0530] {processor.py:186} INFO - Started process (PID=89150) to work on /Users/bhavishyachallagolla/Desktop/RetailSense/.venv/lib/python3.12/site-packages/airflow/example_dags/example_params_ui_tutorial.py
[2026-07-17T20:30:01.115+0530] {processor.py:914} INFO - Processing file /Users/bhavishyachallagolla/Desktop/RetailSense/.venv/lib/python3.12/site-packages/airflow/example_dags/example_params_ui_tutorial.py for tasks to queue
[2026-07-17T20:30:01.115+0530] {logging_mixin.py:190} INFO - [2026-07-17T20:30:01.115+0530] {dagbag.py:588} INFO - Filling up the DagBag from /Users/bhavishyachallagolla/Desktop/RetailSense/.venv/lib/python3.12/site-packages/airflow/example_dags/example_params_ui_tutorial.py
[2026-07-17T20:30:01.128+0530] {processor.py:925} INFO - DAG(s) 'example_params_ui_tutorial' retrieved from /Users/bhavishyachallagolla/Desktop/RetailSense/.venv/lib/python3.12/site-packages/airflow/example_dags/example_params_ui_tutorial.py
[2026-07-17T20:30:01.160+0530] {logging_mixin.py:190} INFO - [2026-07-17T20:30:01.160+0530] {dag.py:3239} INFO - Sync 1 DAGs
[2026-07-17T20:30:01.163+0530] {logging_mixin.py:190} INFO - [2026-07-17T20:30:01.163+0530] {dag.py:4180} INFO - Setting next_dagrun for example_params_ui_tutorial to None, run_after=None
[2026-07-17T20:30:01.168+0530] {processor.py:208} INFO - Processing /Users/bhavishyachallagolla/Desktop/RetailSense/.venv/lib/python3.12/site-packages/airflow/example_dags/example_params_ui_tutorial.py took 0.055 seconds
[2026-07-17T20:31:42.147+0530] {processor.py:186} INFO - Started process (PID=89300) to work on /Users/bhavishyachallagolla/Desktop/RetailSense/.venv/lib/python3.12/site-packages/airflow/example_dags/example_params_ui_tutorial.py
[2026-07-17T20:31:42.147+0530] {processor.py:914} INFO - Processing file /Users/bhavishyachallagolla/Desktop/RetailSense/.venv/lib/python3.12/site-packages/airflow/example_dags/example_params_ui_tutorial.py for tasks to queue
[2026-07-17T20:31:42.147+0530] {logging_mixin.py:190} INFO - [2026-07-17T20:31:42.147+0530] {dagbag.py:588} INFO - Filling up the DagBag from /Users/bhavishyachallagolla/Desktop/RetailSense/.venv/lib/python3.12/site-packages/airflow/example_dags/example_params_ui_tutorial.py
[2026-07-17T20:31:42.159+0530] {processor.py:925} INFO - DAG(s) 'example_params_ui_tutorial' retrieved from /Users/bhavishyachallagolla/Desktop/RetailSense/.venv/lib/python3.12/site-packages/airflow/example_dags/example_params_ui_tutorial.py
[2026-07-17T20:31:42.189+0530] {logging_mixin.py:190} INFO - [2026-07-17T20:31:42.189+0530] {dag.py:3239} INFO - Sync 1 DAGs
[2026-07-17T20:31:42.192+0530] {logging_mixin.py:190} INFO - [2026-07-17T20:31:42.191+0530] {dag.py:4180} INFO - Setting next_dagrun for example_params_ui_tutorial to None, run_after=None
[2026-07-17T20:31:42.196+0530] {processor.py:208} INFO - Processing /Users/bhavishyachallagolla/Desktop/RetailSense/.venv/lib/python3.12/site-packages/airflow/example_dags/example_params_ui_tutorial.py took 0.050 seconds
[2026-07-17T20:33:23.146+0530] {processor.py:186} INFO - Started process (PID=89450) to work on /Users/bhavishyachallagolla/Desktop/RetailSense/.venv/lib/python3.12/site-packages/airflow/example_dags/example_params_ui_tutorial.py
[2026-07-17T20:33:23.146+0530] {processor.py:914} INFO - Processing file /Users/bhavishyachallagolla/Desktop/RetailSense/.venv/lib/python3.12/site-packages/airflow/example_dags/example_params_ui_tutorial.py for tasks to queue
[2026-07-17T20:33:23.146+0530] {logging_mixin.py:190} INFO - [2026-07-17T20:33:23.146+0530] {dagbag.py:588} INFO - Filling up the DagBag from /Users/bhavishyachallagolla/Desktop/RetailSense/.venv/lib/python3.12/site-packages/airflow/example_dags/example_params_ui_tutorial.py
[2026-07-17T20:33:23.159+0530] {processor.py:925} INFO - DAG(s) 'example_params_ui_tutorial' retrieved from /Users/bhavishyachallagolla/Desktop/RetailSense/.venv/lib/python3.12/site-packages/airflow/example_dags/example_params_ui_tutorial.py
[2026-07-17T20:33:23.190+0530] {logging_mixin.py:190} INFO - [2026-07-17T20:33:23.190+0530] {dag.py:3239} INFO - Sync 1 DAGs
[2026-07-17T20:33:23.193+0530] {logging_mixin.py:190} INFO - [2026-07-17T20:33:23.193+0530] {dag.py:4180} INFO - Setting next_dagrun for example_params_ui_tutorial to None, run_after=None
[2026-07-17T20:33:23.198+0530] {processor.py:208} INFO - Processing /Users/bhavishyachallagolla/Desktop/RetailSense/.venv/lib/python3.12/site-packages/airflow/example_dags/example_params_ui_tutorial.py took 0.053 seconds
[2026-07-17T20:35:03.627+0530] {processor.py:186} INFO - Started process (PID=89600) to work on /Users/bhavishyachallagolla/Desktop/RetailSense/.venv/lib/python3.12/site-packages/airflow/example_dags/example_params_ui_tutorial.py
[2026-07-17T20:35:03.628+0530] {processor.py:914} INFO - Processing file /Users/bhavishyachallagolla/Desktop/RetailSense/.venv/lib/python3.12/site-packages/airflow/example_dags/example_params_ui_tutorial.py for tasks to queue
[2026-07-17T20:35:03.628+0530] {logging_mixin.py:190} INFO - [2026-07-17T20:35:03.628+0530] {dagbag.py:588} INFO - Filling up the DagBag from /Users/bhavishyachallagolla/Desktop/RetailSense/.venv/lib/python3.12/site-packages/airflow/example_dags/example_params_ui_tutorial.py
[2026-07-17T20:35:03.641+0530] {processor.py:925} INFO - DAG(s) 'example_params_ui_tutorial' retrieved from /Users/bhavishyachallagolla/Desktop/RetailSense/.venv/lib/python3.12/site-packages/airflow/example_dags/example_params_ui_tutorial.py
[2026-07-17T20:35:03.671+0530] {logging_mixin.py:190} INFO - [2026-07-17T20:35:03.671+0530] {dag.py:3239} INFO - Sync 1 DAGs
[2026-07-17T20:35:03.674+0530] {logging_mixin.py:190} INFO - [2026-07-17T20:35:03.674+0530] {dag.py:4180} INFO - Setting next_dagrun for example_params_ui_tutorial to None, run_after=None
[2026-07-17T20:35:03.679+0530] {processor.py:208} INFO - Processing /Users/bhavishyachallagolla/Desktop/RetailSense/.venv/lib/python3.12/site-packages/airflow/example_dags/example_params_ui_tutorial.py took 0.053 seconds
[2026-07-17T20:36:44.626+0530] {processor.py:186} INFO - Started process (PID=89751) to work on /Users/bhavishyachallagolla/Desktop/RetailSense/.venv/lib/python3.12/site-packages/airflow/example_dags/example_params_ui_tutorial.py
[2026-07-17T20:36:44.626+0530] {processor.py:914} INFO - Processing file /Users/bhavishyachallagolla/Desktop/RetailSense/.venv/lib/python3.12/site-packages/airflow/example_dags/example_params_ui_tutorial.py for tasks to queue
[2026-07-17T20:36:44.627+0530] {logging_mixin.py:190} INFO - [2026-07-17T20:36:44.627+0530] {dagbag.py:588} INFO - Filling up the DagBag from /Users/bhavishyachallagolla/Desktop/RetailSense/.venv/lib/python3.12/site-packages/airflow/example_dags/example_params_ui_tutorial.py
[2026-07-17T20:36:44.639+0530] {processor.py:925} INFO - DAG(s) 'example_params_ui_tutorial' retrieved from /Users/bhavishyachallagolla/Desktop/RetailSense/.venv/lib/python3.12/site-packages/airflow/example_dags/example_params_ui_tutorial.py
[2026-07-17T20:36:44.668+0530] {logging_mixin.py:190} INFO - [2026-07-17T20:36:44.668+0530] {dag.py:3239} INFO - Sync 1 DAGs
[2026-07-17T20:36:44.671+0530] {logging_mixin.py:190} INFO - [2026-07-17T20:36:44.671+0530] {dag.py:4180} INFO - Setting next_dagrun for example_params_ui_tutorial to None, run_after=None
[2026-07-17T20:36:44.676+0530] {processor.py:208} INFO - Processing /Users/bhavishyachallagolla/Desktop/RetailSense/.venv/lib/python3.12/site-packages/airflow/example_dags/example_params_ui_tutorial.py took 0.051 seconds
[2026-07-17T20:38:26.409+0530] {processor.py:186} INFO - Started process (PID=89910) to work on /Users/bhavishyachallagolla/Desktop/RetailSense/.venv/lib/python3.12/site-packages/airflow/example_dags/example_params_ui_tutorial.py
[2026-07-17T20:38:26.410+0530] {processor.py:914} INFO - Processing file /Users/bhavishyachallagolla/Desktop/RetailSense/.venv/lib/python3.12/site-packages/airflow/example_dags/example_params_ui_tutorial.py for tasks to queue
[2026-07-17T20:38:26.411+0530] {logging_mixin.py:190} INFO - [2026-07-17T20:38:26.411+0530] {dagbag.py:588} INFO - Filling up the DagBag from /Users/bhavishyachallagolla/Desktop/RetailSense/.venv/lib/python3.12/site-packages/airflow/example_dags/example_params_ui_tutorial.py
[2026-07-17T20:38:26.423+0530] {processor.py:925} INFO - DAG(s) 'example_params_ui_tutorial' retrieved from /Users/bhavishyachallagolla/Desktop/RetailSense/.venv/lib/python3.12/site-packages/airflow/example_dags/example_params_ui_tutorial.py
[2026-07-17T20:38:26.453+0530] {logging_mixin.py:190} INFO - [2026-07-17T20:38:26.453+0530] {dag.py:3239} INFO - Sync 1 DAGs
[2026-07-17T20:38:26.456+0530] {logging_mixin.py:190} INFO - [2026-07-17T20:38:26.456+0530] {dag.py:4180} INFO - Setting next_dagrun for example_params_ui_tutorial to None, run_after=None
[2026-07-17T20:38:26.461+0530] {processor.py:208} INFO - Processing /Users/bhavishyachallagolla/Desktop/RetailSense/.venv/lib/python3.12/site-packages/airflow/example_dags/example_params_ui_tutorial.py took 0.052 seconds
[2026-07-17T20:40:08.631+0530] {processor.py:186} INFO - Started process (PID=90137) to work on /Users/bhavishyachallagolla/Desktop/RetailSense/.venv/lib/python3.12/site-packages/airflow/example_dags/example_params_ui_tutorial.py
[2026-07-17T20:40:08.631+0530] {processor.py:914} INFO - Processing file /Users/bhavishyachallagolla/Desktop/RetailSense/.venv/lib/python3.12/site-packages/airflow/example_dags/example_params_ui_tutorial.py for tasks to queue
[2026-07-17T20:40:08.632+0530] {logging_mixin.py:190} INFO - [2026-07-17T20:40:08.632+0530] {dagbag.py:588} INFO - Filling up the DagBag from /Users/bhavishyachallagolla/Desktop/RetailSense/.venv/lib/python3.12/site-packages/airflow/example_dags/example_params_ui_tutorial.py
[2026-07-17T20:40:08.644+0530] {processor.py:925} INFO - DAG(s) 'example_params_ui_tutorial' retrieved from /Users/bhavishyachallagolla/Desktop/RetailSense/.venv/lib/python3.12/site-packages/airflow/example_dags/example_params_ui_tutorial.py
[2026-07-17T20:40:08.674+0530] {logging_mixin.py:190} INFO - [2026-07-17T20:40:08.674+0530] {dag.py:3239} INFO - Sync 1 DAGs
[2026-07-17T20:40:08.677+0530] {logging_mixin.py:190} INFO - [2026-07-17T20:40:08.677+0530] {dag.py:4180} INFO - Setting next_dagrun for example_params_ui_tutorial to None, run_after=None
[2026-07-17T20:40:08.681+0530] {processor.py:208} INFO - Processing /Users/bhavishyachallagolla/Desktop/RetailSense/.venv/lib/python3.12/site-packages/airflow/example_dags/example_params_ui_tutorial.py took 0.051 seconds
[2026-07-17T20:41:47.794+0530] {processor.py:186} INFO - Started process (PID=90336) to work on /Users/bhavishyachallagolla/Desktop/RetailSense/.venv/lib/python3.12/site-packages/airflow/example_dags/example_params_ui_tutorial.py
[2026-07-17T20:41:47.796+0530] {processor.py:914} INFO - Processing file /Users/bhavishyachallagolla/Desktop/RetailSense/.venv/lib/python3.12/site-packages/airflow/example_dags/example_params_ui_tutorial.py for tasks to queue
[2026-07-17T20:41:47.796+0530] {logging_mixin.py:190} INFO - [2026-07-17T20:41:47.796+0530] {dagbag.py:588} INFO - Filling up the DagBag from /Users/bhavishyachallagolla/Desktop/RetailSense/.venv/lib/python3.12/site-packages/airflow/example_dags/example_params_ui_tutorial.py
[2026-07-17T20:41:47.808+0530] {processor.py:925} INFO - DAG(s) 'example_params_ui_tutorial' retrieved from /Users/bhavishyachallagolla/Desktop/RetailSense/.venv/lib/python3.12/site-packages/airflow/example_dags/example_params_ui_tutorial.py
[2026-07-17T20:41:47.838+0530] {logging_mixin.py:190} INFO - [2026-07-17T20:41:47.838+0530] {dag.py:3239} INFO - Sync 1 DAGs
[2026-07-17T20:41:47.841+0530] {logging_mixin.py:190} INFO - [2026-07-17T20:41:47.841+0530] {dag.py:4180} INFO - Setting next_dagrun for example_params_ui_tutorial to None, run_after=None
[2026-07-17T20:41:47.845+0530] {processor.py:208} INFO - Processing /Users/bhavishyachallagolla/Desktop/RetailSense/.venv/lib/python3.12/site-packages/airflow/example_dags/example_params_ui_tutorial.py took 0.052 seconds
[2026-07-17T20:43:26.665+0530] {processor.py:186} INFO - Started process (PID=90483) to work on /Users/bhavishyachallagolla/Desktop/RetailSense/.venv/lib/python3.12/site-packages/airflow/example_dags/example_params_ui_tutorial.py
[2026-07-17T20:43:26.666+0530] {processor.py:914} INFO - Processing file /Users/bhavishyachallagolla/Desktop/RetailSense/.venv/lib/python3.12/site-packages/airflow/example_dags/example_params_ui_tutorial.py for tasks to queue
[2026-07-17T20:43:26.666+0530] {logging_mixin.py:190} INFO - [2026-07-17T20:43:26.666+0530] {dagbag.py:588} INFO - Filling up the DagBag from /Users/bhavishyachallagolla/Desktop/RetailSense/.venv/lib/python3.12/site-packages/airflow/example_dags/example_params_ui_tutorial.py
[2026-07-17T20:43:26.679+0530] {processor.py:925} INFO - DAG(s) 'example_params_ui_tutorial' retrieved from /Users/bhavishyachallagolla/Desktop/RetailSense/.venv/lib/python3.12/site-packages/airflow/example_dags/example_params_ui_tutorial.py
[2026-07-17T20:43:26.709+0530] {logging_mixin.py:190} INFO - [2026-07-17T20:43:26.709+0530] {dag.py:3239} INFO - Sync 1 DAGs
[2026-07-17T20:43:26.712+0530] {logging_mixin.py:190} INFO - [2026-07-17T20:43:26.712+0530] {dag.py:4180} INFO - Setting next_dagrun for example_params_ui_tutorial to None, run_after=None
[2026-07-17T20:43:26.716+0530] {processor.py:208} INFO - Processing /Users/bhavishyachallagolla/Desktop/RetailSense/.venv/lib/python3.12/site-packages/airflow/example_dags/example_params_ui_tutorial.py took 0.053 seconds
[2026-07-17T20:45:06.912+0530] {processor.py:186} INFO - Started process (PID=90642) to work on /Users/bhavishyachallagolla/Desktop/RetailSense/.venv/lib/python3.12/site-packages/airflow/example_dags/example_params_ui_tutorial.py
[2026-07-17T20:45:06.912+0530] {processor.py:914} INFO - Processing file /Users/bhavishyachallagolla/Desktop/RetailSense/.venv/lib/python3.12/site-packages/airflow/example_dags/example_params_ui_tutorial.py for tasks to queue
[2026-07-17T20:45:06.913+0530] {logging_mixin.py:190} INFO - [2026-07-17T20:45:06.912+0530] {dagbag.py:588} INFO - Filling up the DagBag from /Users/bhavishyachallagolla/Desktop/RetailSense/.venv/lib/python3.12/site-packages/airflow/example_dags/example_params_ui_tutorial.py
[2026-07-17T20:45:06.924+0530] {processor.py:925} INFO - DAG(s) 'example_params_ui_tutorial' retrieved from /Users/bhavishyachallagolla/Desktop/RetailSense/.venv/lib/python3.12/site-packages/airflow/example_dags/example_params_ui_tutorial.py
[2026-07-17T20:45:06.954+0530] {logging_mixin.py:190} INFO - [2026-07-17T20:45:06.954+0530] {dag.py:3239} INFO - Sync 1 DAGs
[2026-07-17T20:45:06.956+0530] {logging_mixin.py:190} INFO - [2026-07-17T20:45:06.956+0530] {dag.py:4180} INFO - Setting next_dagrun for example_params_ui_tutorial to None, run_after=None
[2026-07-17T20:45:06.961+0530] {processor.py:208} INFO - Processing /Users/bhavishyachallagolla/Desktop/RetailSense/.venv/lib/python3.12/site-packages/airflow/example_dags/example_params_ui_tutorial.py took 0.050 seconds
[2026-07-17T20:46:47.738+0530] {processor.py:186} INFO - Started process (PID=90794) to work on /Users/bhavishyachallagolla/Desktop/RetailSense/.venv/lib/python3.12/site-packages/airflow/example_dags/example_params_ui_tutorial.py
[2026-07-17T20:46:47.738+0530] {processor.py:914} INFO - Processing file /Users/bhavishyachallagolla/Desktop/RetailSense/.venv/lib/python3.12/site-packages/airflow/example_dags/example_params_ui_tutorial.py for tasks to queue
[2026-07-17T20:46:47.738+0530] {logging_mixin.py:190} INFO - [2026-07-17T20:46:47.738+0530] {dagbag.py:588} INFO - Filling up the DagBag from /Users/bhavishyachallagolla/Desktop/RetailSense/.venv/lib/python3.12/site-packages/airflow/example_dags/example_params_ui_tutorial.py
[2026-07-17T20:46:47.750+0530] {processor.py:925} INFO - DAG(s) 'example_params_ui_tutorial' retrieved from /Users/bhavishyachallagolla/Desktop/RetailSense/.venv/lib/python3.12/site-packages/airflow/example_dags/example_params_ui_tutorial.py
[2026-07-17T20:46:47.781+0530] {logging_mixin.py:190} INFO - [2026-07-17T20:46:47.781+0530] {dag.py:3239} INFO - Sync 1 DAGs
[2026-07-17T20:46:47.784+0530] {logging_mixin.py:190} INFO - [2026-07-17T20:46:47.784+0530] {dag.py:4180} INFO - Setting next_dagrun for example_params_ui_tutorial to None, run_after=None
[2026-07-17T20:46:47.789+0530] {processor.py:208} INFO - Processing /Users/bhavishyachallagolla/Desktop/RetailSense/.venv/lib/python3.12/site-packages/airflow/example_dags/example_params_ui_tutorial.py took 0.052 seconds
[2026-07-17T20:48:28.367+0530] {processor.py:186} INFO - Started process (PID=90948) to work on /Users/bhavishyachallagolla/Desktop/RetailSense/.venv/lib/python3.12/site-packages/airflow/example_dags/example_params_ui_tutorial.py
[2026-07-17T20:48:28.368+0530] {processor.py:914} INFO - Processing file /Users/bhavishyachallagolla/Desktop/RetailSense/.venv/lib/python3.12/site-packages/airflow/example_dags/example_params_ui_tutorial.py for tasks to queue
[2026-07-17T20:48:28.368+0530] {logging_mixin.py:190} INFO - [2026-07-17T20:48:28.368+0530] {dagbag.py:588} INFO - Filling up the DagBag from /Users/bhavishyachallagolla/Desktop/RetailSense/.venv/lib/python3.12/site-packages/airflow/example_dags/example_params_ui_tutorial.py
[2026-07-17T20:48:28.383+0530] {processor.py:925} INFO - DAG(s) 'example_params_ui_tutorial' retrieved from /Users/bhavishyachallagolla/Desktop/RetailSense/.venv/lib/python3.12/site-packages/airflow/example_dags/example_params_ui_tutorial.py
[2026-07-17T20:48:28.416+0530] {logging_mixin.py:190} INFO - [2026-07-17T20:48:28.416+0530] {dag.py:3239} INFO - Sync 1 DAGs
[2026-07-17T20:48:28.419+0530] {logging_mixin.py:190} INFO - [2026-07-17T20:48:28.419+0530] {dag.py:4180} INFO - Setting next_dagrun for example_params_ui_tutorial to None, run_after=None
[2026-07-17T20:48:28.424+0530] {processor.py:208} INFO - Processing /Users/bhavishyachallagolla/Desktop/RetailSense/.venv/lib/python3.12/site-packages/airflow/example_dags/example_params_ui_tutorial.py took 0.058 seconds
[2026-07-17T20:50:06.446+0530] {processor.py:186} INFO - Started process (PID=91114) to work on /Users/bhavishyachallagolla/Desktop/RetailSense/.venv/lib/python3.12/site-packages/airflow/example_dags/example_params_ui_tutorial.py
[2026-07-17T20:50:06.447+0530] {processor.py:914} INFO - Processing file /Users/bhavishyachallagolla/Desktop/RetailSense/.venv/lib/python3.12/site-packages/airflow/example_dags/example_params_ui_tutorial.py for tasks to queue
[2026-07-17T20:50:06.448+0530] {logging_mixin.py:190} INFO - [2026-07-17T20:50:06.448+0530] {dagbag.py:588} INFO - Filling up the DagBag from /Users/bhavishyachallagolla/Desktop/RetailSense/.venv/lib/python3.12/site-packages/airflow/example_dags/example_params_ui_tutorial.py
[2026-07-17T20:50:06.460+0530] {processor.py:925} INFO - DAG(s) 'example_params_ui_tutorial' retrieved from /Users/bhavishyachallagolla/Desktop/RetailSense/.venv/lib/python3.12/site-packages/airflow/example_dags/example_params_ui_tutorial.py
[2026-07-17T20:50:06.490+0530] {logging_mixin.py:190} INFO - [2026-07-17T20:50:06.490+0530] {dag.py:3239} INFO - Sync 1 DAGs
[2026-07-17T20:50:06.493+0530] {logging_mixin.py:190} INFO - [2026-07-17T20:50:06.493+0530] {dag.py:4180} INFO - Setting next_dagrun for example_params_ui_tutorial to None, run_after=None
[2026-07-17T20:50:06.497+0530] {processor.py:208} INFO - Processing /Users/bhavishyachallagolla/Desktop/RetailSense/.venv/lib/python3.12/site-packages/airflow/example_dags/example_params_ui_tutorial.py took 0.052 seconds
[2026-07-17T20:51:46.715+0530] {processor.py:186} INFO - Started process (PID=91264) to work on /Users/bhavishyachallagolla/Desktop/RetailSense/.venv/lib/python3.12/site-packages/airflow/example_dags/example_params_ui_tutorial.py
[2026-07-17T20:51:46.716+0530] {processor.py:914} INFO - Processing file /Users/bhavishyachallagolla/Desktop/RetailSense/.venv/lib/python3.12/site-packages/airflow/example_dags/example_params_ui_tutorial.py for tasks to queue
[2026-07-17T20:51:46.717+0530] {logging_mixin.py:190} INFO - [2026-07-17T20:51:46.717+0530] {dagbag.py:588} INFO - Filling up the DagBag from /Users/bhavishyachallagolla/Desktop/RetailSense/.venv/lib/python3.12/site-packages/airflow/example_dags/example_params_ui_tutorial.py
[2026-07-17T20:51:46.728+0530] {processor.py:925} INFO - DAG(s) 'example_params_ui_tutorial' retrieved from /Users/bhavishyachallagolla/Desktop/RetailSense/.venv/lib/python3.12/site-packages/airflow/example_dags/example_params_ui_tutorial.py
[2026-07-17T20:51:46.759+0530] {logging_mixin.py:190} INFO - [2026-07-17T20:51:46.758+0530] {dag.py:3239} INFO - Sync 1 DAGs
[2026-07-17T20:51:46.761+0530] {logging_mixin.py:190} INFO - [2026-07-17T20:51:46.761+0530] {dag.py:4180} INFO - Setting next_dagrun for example_params_ui_tutorial to None, run_after=None
[2026-07-17T20:51:46.766+0530] {processor.py:208} INFO - Processing /Users/bhavishyachallagolla/Desktop/RetailSense/.venv/lib/python3.12/site-packages/airflow/example_dags/example_params_ui_tutorial.py took 0.052 seconds
[2026-07-17T20:53:27.584+0530] {processor.py:186} INFO - Started process (PID=91414) to work on /Users/bhavishyachallagolla/Desktop/RetailSense/.venv/lib/python3.12/site-packages/airflow/example_dags/example_params_ui_tutorial.py
[2026-07-17T20:53:27.585+0530] {processor.py:914} INFO - Processing file /Users/bhavishyachallagolla/Desktop/RetailSense/.venv/lib/python3.12/site-packages/airflow/example_dags/example_params_ui_tutorial.py for tasks to queue
[2026-07-17T20:53:27.585+0530] {logging_mixin.py:190} INFO - [2026-07-17T20:53:27.585+0530] {dagbag.py:588} INFO - Filling up the DagBag from /Users/bhavishyachallagolla/Desktop/RetailSense/.venv/lib/python3.12/site-packages/airflow/example_dags/example_params_ui_tutorial.py
[2026-07-17T20:53:27.597+0530] {processor.py:925} INFO - DAG(s) 'example_params_ui_tutorial' retrieved from /Users/bhavishyachallagolla/Desktop/RetailSense/.venv/lib/python3.12/site-packages/airflow/example_dags/example_params_ui_tutorial.py
[2026-07-17T20:53:27.627+0530] {logging_mixin.py:190} INFO - [2026-07-17T20:53:27.627+0530] {dag.py:3239} INFO - Sync 1 DAGs
[2026-07-17T20:53:27.630+0530] {logging_mixin.py:190} INFO - [2026-07-17T20:53:27.630+0530] {dag.py:4180} INFO - Setting next_dagrun for example_params_ui_tutorial to None, run_after=None
[2026-07-17T20:53:27.635+0530] {processor.py:208} INFO - Processing /Users/bhavishyachallagolla/Desktop/RetailSense/.venv/lib/python3.12/site-packages/airflow/example_dags/example_params_ui_tutorial.py took 0.052 seconds
[2026-07-17T20:55:09.773+0530] {processor.py:186} INFO - Started process (PID=91572) to work on /Users/bhavishyachallagolla/Desktop/RetailSense/.venv/lib/python3.12/site-packages/airflow/example_dags/example_params_ui_tutorial.py
[2026-07-17T20:55:09.774+0530] {processor.py:914} INFO - Processing file /Users/bhavishyachallagolla/Desktop/RetailSense/.venv/lib/python3.12/site-packages/airflow/example_dags/example_params_ui_tutorial.py for tasks to queue
[2026-07-17T20:55:09.774+0530] {logging_mixin.py:190} INFO - [2026-07-17T20:55:09.774+0530] {dagbag.py:588} INFO - Filling up the DagBag from /Users/bhavishyachallagolla/Desktop/RetailSense/.venv/lib/python3.12/site-packages/airflow/example_dags/example_params_ui_tutorial.py
[2026-07-17T20:55:09.786+0530] {processor.py:925} INFO - DAG(s) 'example_params_ui_tutorial' retrieved from /Users/bhavishyachallagolla/Desktop/RetailSense/.venv/lib/python3.12/site-packages/airflow/example_dags/example_params_ui_tutorial.py
[2026-07-17T20:55:09.816+0530] {logging_mixin.py:190} INFO - [2026-07-17T20:55:09.816+0530] {dag.py:3239} INFO - Sync 1 DAGs
[2026-07-17T20:55:09.819+0530] {logging_mixin.py:190} INFO - [2026-07-17T20:55:09.819+0530] {dag.py:4180} INFO - Setting next_dagrun for example_params_ui_tutorial to None, run_after=None
[2026-07-17T20:55:09.824+0530] {processor.py:208} INFO - Processing /Users/bhavishyachallagolla/Desktop/RetailSense/.venv/lib/python3.12/site-packages/airflow/example_dags/example_params_ui_tutorial.py took 0.053 seconds
[2026-07-17T20:56:49.876+0530] {processor.py:186} INFO - Started process (PID=91730) to work on /Users/bhavishyachallagolla/Desktop/RetailSense/.venv/lib/python3.12/site-packages/airflow/example_dags/example_params_ui_tutorial.py
[2026-07-17T20:56:49.877+0530] {processor.py:914} INFO - Processing file /Users/bhavishyachallagolla/Desktop/RetailSense/.venv/lib/python3.12/site-packages/airflow/example_dags/example_params_ui_tutorial.py for tasks to queue
[2026-07-17T20:56:49.877+0530] {logging_mixin.py:190} INFO - [2026-07-17T20:56:49.877+0530] {dagbag.py:588} INFO - Filling up the DagBag from /Users/bhavishyachallagolla/Desktop/RetailSense/.venv/lib/python3.12/site-packages/airflow/example_dags/example_params_ui_tutorial.py
[2026-07-17T20:56:49.889+0530] {processor.py:925} INFO - DAG(s) 'example_params_ui_tutorial' retrieved from /Users/bhavishyachallagolla/Desktop/RetailSense/.venv/lib/python3.12/site-packages/airflow/example_dags/example_params_ui_tutorial.py
[2026-07-17T20:56:49.920+0530] {logging_mixin.py:190} INFO - [2026-07-17T20:56:49.920+0530] {dag.py:3239} INFO - Sync 1 DAGs
[2026-07-17T20:56:49.923+0530] {logging_mixin.py:190} INFO - [2026-07-17T20:56:49.923+0530] {dag.py:4180} INFO - Setting next_dagrun for example_params_ui_tutorial to None, run_after=None
[2026-07-17T20:56:49.928+0530] {processor.py:208} INFO - Processing /Users/bhavishyachallagolla/Desktop/RetailSense/.venv/lib/python3.12/site-packages/airflow/example_dags/example_params_ui_tutorial.py took 0.053 seconds
[2026-07-17T20:58:27.588+0530] {processor.py:186} INFO - Started process (PID=91875) to work on /Users/bhavishyachallagolla/Desktop/RetailSense/.venv/lib/python3.12/site-packages/airflow/example_dags/example_params_ui_tutorial.py
[2026-07-17T20:58:27.589+0530] {processor.py:914} INFO - Processing file /Users/bhavishyachallagolla/Desktop/RetailSense/.venv/lib/python3.12/site-packages/airflow/example_dags/example_params_ui_tutorial.py for tasks to queue
[2026-07-17T20:58:27.589+0530] {logging_mixin.py:190} INFO - [2026-07-17T20:58:27.589+0530] {dagbag.py:588} INFO - Filling up the DagBag from /Users/bhavishyachallagolla/Desktop/RetailSense/.venv/lib/python3.12/site-packages/airflow/example_dags/example_params_ui_tutorial.py
[2026-07-17T20:58:27.601+0530] {processor.py:925} INFO - DAG(s) 'example_params_ui_tutorial' retrieved from /Users/bhavishyachallagolla/Desktop/RetailSense/.venv/lib/python3.12/site-packages/airflow/example_dags/example_params_ui_tutorial.py
[2026-07-17T20:58:27.631+0530] {logging_mixin.py:190} INFO - [2026-07-17T20:58:27.631+0530] {dag.py:3239} INFO - Sync 1 DAGs
[2026-07-17T20:58:27.634+0530] {logging_mixin.py:190} INFO - [2026-07-17T20:58:27.634+0530] {dag.py:4180} INFO - Setting next_dagrun for example_params_ui_tutorial to None, run_after=None
[2026-07-17T20:58:27.639+0530] {processor.py:208} INFO - Processing /Users/bhavishyachallagolla/Desktop/RetailSense/.venv/lib/python3.12/site-packages/airflow/example_dags/example_params_ui_tutorial.py took 0.052 seconds
[2026-07-17T21:49:47.787+0530] {processor.py:186} INFO - Started process (PID=92033) to work on /Users/bhavishyachallagolla/Desktop/RetailSense/.venv/lib/python3.12/site-packages/airflow/example_dags/example_params_ui_tutorial.py
[2026-07-17T21:49:47.788+0530] {processor.py:914} INFO - Processing file /Users/bhavishyachallagolla/Desktop/RetailSense/.venv/lib/python3.12/site-packages/airflow/example_dags/example_params_ui_tutorial.py for tasks to queue
[2026-07-17T21:49:47.788+0530] {logging_mixin.py:190} INFO - [2026-07-17T21:49:47.788+0530] {dagbag.py:588} INFO - Filling up the DagBag from /Users/bhavishyachallagolla/Desktop/RetailSense/.venv/lib/python3.12/site-packages/airflow/example_dags/example_params_ui_tutorial.py
[2026-07-17T21:49:47.799+0530] {processor.py:925} INFO - DAG(s) 'example_params_ui_tutorial' retrieved from /Users/bhavishyachallagolla/Desktop/RetailSense/.venv/lib/python3.12/site-packages/airflow/example_dags/example_params_ui_tutorial.py
[2026-07-17T21:49:47.827+0530] {logging_mixin.py:190} INFO - [2026-07-17T21:49:47.827+0530] {dag.py:3239} INFO - Sync 1 DAGs
[2026-07-17T21:49:47.830+0530] {logging_mixin.py:190} INFO - [2026-07-17T21:49:47.830+0530] {dag.py:4180} INFO - Setting next_dagrun for example_params_ui_tutorial to None, run_after=None
[2026-07-17T21:49:47.834+0530] {processor.py:208} INFO - Processing /Users/bhavishyachallagolla/Desktop/RetailSense/.venv/lib/python3.12/site-packages/airflow/example_dags/example_params_ui_tutorial.py took 0.048 seconds
[2026-07-17T22:22:48.220+0530] {processor.py:186} INFO - Started process (PID=92135) to work on /Users/bhavishyachallagolla/Desktop/RetailSense/.venv/lib/python3.12/site-packages/airflow/example_dags/example_params_ui_tutorial.py
[2026-07-17T22:22:48.221+0530] {processor.py:914} INFO - Processing file /Users/bhavishyachallagolla/Desktop/RetailSense/.venv/lib/python3.12/site-packages/airflow/example_dags/example_params_ui_tutorial.py for tasks to queue
[2026-07-17T22:22:48.221+0530] {logging_mixin.py:190} INFO - [2026-07-17T22:22:48.221+0530] {dagbag.py:588} INFO - Filling up the DagBag from /Users/bhavishyachallagolla/Desktop/RetailSense/.venv/lib/python3.12/site-packages/airflow/example_dags/example_params_ui_tutorial.py
[2026-07-17T22:22:48.233+0530] {processor.py:925} INFO - DAG(s) 'example_params_ui_tutorial' retrieved from /Users/bhavishyachallagolla/Desktop/RetailSense/.venv/lib/python3.12/site-packages/airflow/example_dags/example_params_ui_tutorial.py
[2026-07-17T22:22:48.262+0530] {logging_mixin.py:190} INFO - [2026-07-17T22:22:48.262+0530] {dag.py:3239} INFO - Sync 1 DAGs
[2026-07-17T22:22:48.265+0530] {logging_mixin.py:190} INFO - [2026-07-17T22:22:48.265+0530] {dag.py:4180} INFO - Setting next_dagrun for example_params_ui_tutorial to None, run_after=None
[2026-07-17T22:22:48.270+0530] {processor.py:208} INFO - Processing /Users/bhavishyachallagolla/Desktop/RetailSense/.venv/lib/python3.12/site-packages/airflow/example_dags/example_params_ui_tutorial.py took 0.051 seconds
[2026-07-17T22:24:06.898+0530] {processor.py:186} INFO - Started process (PID=92256) to work on /Users/bhavishyachallagolla/Desktop/RetailSense/.venv/lib/python3.12/site-packages/airflow/example_dags/example_params_ui_tutorial.py
[2026-07-17T22:24:06.900+0530] {processor.py:914} INFO - Processing file /Users/bhavishyachallagolla/Desktop/RetailSense/.venv/lib/python3.12/site-packages/airflow/example_dags/example_params_ui_tutorial.py for tasks to queue
[2026-07-17T22:24:06.900+0530] {logging_mixin.py:190} INFO - [2026-07-17T22:24:06.900+0530] {dagbag.py:588} INFO - Filling up the DagBag from /Users/bhavishyachallagolla/Desktop/RetailSense/.venv/lib/python3.12/site-packages/airflow/example_dags/example_params_ui_tutorial.py
[2026-07-17T22:24:06.912+0530] {processor.py:925} INFO - DAG(s) 'example_params_ui_tutorial' retrieved from /Users/bhavishyachallagolla/Desktop/RetailSense/.venv/lib/python3.12/site-packages/airflow/example_dags/example_params_ui_tutorial.py
[2026-07-17T22:24:06.942+0530] {logging_mixin.py:190} INFO - [2026-07-17T22:24:06.942+0530] {dag.py:3239} INFO - Sync 1 DAGs
[2026-07-17T22:24:06.945+0530] {logging_mixin.py:190} INFO - [2026-07-17T22:24:06.945+0530] {dag.py:4180} INFO - Setting next_dagrun for example_params_ui_tutorial to None, run_after=None
[2026-07-17T22:24:06.949+0530] {processor.py:208} INFO - Processing /Users/bhavishyachallagolla/Desktop/RetailSense/.venv/lib/python3.12/site-packages/airflow/example_dags/example_params_ui_tutorial.py took 0.052 seconds
[2026-07-17T22:25:46.062+0530] {processor.py:186} INFO - Started process (PID=92405) to work on /Users/bhavishyachallagolla/Desktop/RetailSense/.venv/lib/python3.12/site-packages/airflow/example_dags/example_params_ui_tutorial.py
[2026-07-17T22:25:46.063+0530] {processor.py:914} INFO - Processing file /Users/bhavishyachallagolla/Desktop/RetailSense/.venv/lib/python3.12/site-packages/airflow/example_dags/example_params_ui_tutorial.py for tasks to queue
[2026-07-17T22:25:46.063+0530] {logging_mixin.py:190} INFO - [2026-07-17T22:25:46.063+0530] {dagbag.py:588} INFO - Filling up the DagBag from /Users/bhavishyachallagolla/Desktop/RetailSense/.venv/lib/python3.12/site-packages/airflow/example_dags/example_params_ui_tutorial.py
[2026-07-17T22:25:46.075+0530] {processor.py:925} INFO - DAG(s) 'example_params_ui_tutorial' retrieved from /Users/bhavishyachallagolla/Desktop/RetailSense/.venv/lib/python3.12/site-packages/airflow/example_dags/example_params_ui_tutorial.py
[2026-07-17T22:25:46.104+0530] {logging_mixin.py:190} INFO - [2026-07-17T22:25:46.104+0530] {dag.py:3239} INFO - Sync 1 DAGs
[2026-07-17T22:25:46.107+0530] {logging_mixin.py:190} INFO - [2026-07-17T22:25:46.107+0530] {dag.py:4180} INFO - Setting next_dagrun for example_params_ui_tutorial to None, run_after=None
[2026-07-17T22:25:46.112+0530] {processor.py:208} INFO - Processing /Users/bhavishyachallagolla/Desktop/RetailSense/.venv/lib/python3.12/site-packages/airflow/example_dags/example_params_ui_tutorial.py took 0.050 seconds
[2026-07-17T22:27:27.033+0530] {processor.py:186} INFO - Started process (PID=92556) to work on /Users/bhavishyachallagolla/Desktop/RetailSense/.venv/lib/python3.12/site-packages/airflow/example_dags/example_params_ui_tutorial.py
[2026-07-17T22:27:27.034+0530] {processor.py:914} INFO - Processing file /Users/bhavishyachallagolla/Desktop/RetailSense/.venv/lib/python3.12/site-packages/airflow/example_dags/example_params_ui_tutorial.py for tasks to queue
[2026-07-17T22:27:27.034+0530] {logging_mixin.py:190} INFO - [2026-07-17T22:27:27.034+0530] {dagbag.py:588} INFO - Filling up the DagBag from /Users/bhavishyachallagolla/Desktop/RetailSense/.venv/lib/python3.12/site-packages/airflow/example_dags/example_params_ui_tutorial.py
[2026-07-17T22:27:27.046+0530] {processor.py:925} INFO - DAG(s) 'example_params_ui_tutorial' retrieved from /Users/bhavishyachallagolla/Desktop/RetailSense/.venv/lib/python3.12/site-packages/airflow/example_dags/example_params_ui_tutorial.py
[2026-07-17T22:27:27.075+0530] {logging_mixin.py:190} INFO - [2026-07-17T22:27:27.075+0530] {dag.py:3239} INFO - Sync 1 DAGs
[2026-07-17T22:27:27.078+0530] {logging_mixin.py:190} INFO - [2026-07-17T22:27:27.078+0530] {dag.py:4180} INFO - Setting next_dagrun for example_params_ui_tutorial to None, run_after=None
[2026-07-17T22:27:27.082+0530] {processor.py:208} INFO - Processing /Users/bhavishyachallagolla/Desktop/RetailSense/.venv/lib/python3.12/site-packages/airflow/example_dags/example_params_ui_tutorial.py took 0.050 seconds
[2026-07-17T22:29:05.803+0530] {processor.py:186} INFO - Started process (PID=92706) to work on /Users/bhavishyachallagolla/Desktop/RetailSense/.venv/lib/python3.12/site-packages/airflow/example_dags/example_params_ui_tutorial.py
[2026-07-17T22:29:05.804+0530] {processor.py:914} INFO - Processing file /Users/bhavishyachallagolla/Desktop/RetailSense/.venv/lib/python3.12/site-packages/airflow/example_dags/example_params_ui_tutorial.py for tasks to queue
[2026-07-17T22:29:05.804+0530] {logging_mixin.py:190} INFO - [2026-07-17T22:29:05.804+0530] {dagbag.py:588} INFO - Filling up the DagBag from /Users/bhavishyachallagolla/Desktop/RetailSense/.venv/lib/python3.12/site-packages/airflow/example_dags/example_params_ui_tutorial.py
[2026-07-17T22:29:05.816+0530] {processor.py:925} INFO - DAG(s) 'example_params_ui_tutorial' retrieved from /Users/bhavishyachallagolla/Desktop/RetailSense/.venv/lib/python3.12/site-packages/airflow/example_dags/example_params_ui_tutorial.py
[2026-07-17T22:29:05.846+0530] {logging_mixin.py:190} INFO - [2026-07-17T22:29:05.846+0530] {dag.py:3239} INFO - Sync 1 DAGs
[2026-07-17T22:29:05.848+0530] {logging_mixin.py:190} INFO - [2026-07-17T22:29:05.848+0530] {dag.py:4180} INFO - Setting next_dagrun for example_params_ui_tutorial to None, run_after=None
[2026-07-17T22:29:05.853+0530] {processor.py:208} INFO - Processing /Users/bhavishyachallagolla/Desktop/RetailSense/.venv/lib/python3.12/site-packages/airflow/example_dags/example_params_ui_tutorial.py took 0.051 seconds
[2026-07-17T22:30:45.345+0530] {processor.py:186} INFO - Started process (PID=92855) to work on /Users/bhavishyachallagolla/Desktop/RetailSense/.venv/lib/python3.12/site-packages/airflow/example_dags/example_params_ui_tutorial.py
[2026-07-17T22:30:45.346+0530] {processor.py:914} INFO - Processing file /Users/bhavishyachallagolla/Desktop/RetailSense/.venv/lib/python3.12/site-packages/airflow/example_dags/example_params_ui_tutorial.py for tasks to queue
[2026-07-17T22:30:45.346+0530] {logging_mixin.py:190} INFO - [2026-07-17T22:30:45.346+0530] {dagbag.py:588} INFO - Filling up the DagBag from /Users/bhavishyachallagolla/Desktop/RetailSense/.venv/lib/python3.12/site-packages/airflow/example_dags/example_params_ui_tutorial.py
[2026-07-17T22:30:45.358+0530] {processor.py:925} INFO - DAG(s) 'example_params_ui_tutorial' retrieved from /Users/bhavishyachallagolla/Desktop/RetailSense/.venv/lib/python3.12/site-packages/airflow/example_dags/example_params_ui_tutorial.py
[2026-07-17T22:30:45.388+0530] {logging_mixin.py:190} INFO - [2026-07-17T22:30:45.388+0530] {dag.py:3239} INFO - Sync 1 DAGs
[2026-07-17T22:30:45.391+0530] {logging_mixin.py:190} INFO - [2026-07-17T22:30:45.391+0530] {dag.py:4180} INFO - Setting next_dagrun for example_params_ui_tutorial to None, run_after=None
[2026-07-17T22:30:45.395+0530] {processor.py:208} INFO - Processing /Users/bhavishyachallagolla/Desktop/RetailSense/.venv/lib/python3.12/site-packages/airflow/example_dags/example_params_ui_tutorial.py took 0.052 seconds
[2026-07-17T22:32:26.628+0530] {processor.py:186} INFO - Started process (PID=93015) to work on /Users/bhavishyachallagolla/Desktop/RetailSense/.venv/lib/python3.12/site-packages/airflow/example_dags/example_params_ui_tutorial.py
[2026-07-17T22:32:26.629+0530] {processor.py:914} INFO - Processing file /Users/bhavishyachallagolla/Desktop/RetailSense/.venv/lib/python3.12/site-packages/airflow/example_dags/example_params_ui_tutorial.py for tasks to queue
[2026-07-17T22:32:26.629+0530] {logging_mixin.py:190} INFO - [2026-07-17T22:32:26.629+0530] {dagbag.py:588} INFO - Filling up the DagBag from /Users/bhavishyachallagolla/Desktop/RetailSense/.venv/lib/python3.12/site-packages/airflow/example_dags/example_params_ui_tutorial.py
[2026-07-17T22:32:26.641+0530] {processor.py:925} INFO - DAG(s) 'example_params_ui_tutorial' retrieved from /Users/bhavishyachallagolla/Desktop/RetailSense/.venv/lib/python3.12/site-packages/airflow/example_dags/example_params_ui_tutorial.py
[2026-07-17T22:32:26.671+0530] {logging_mixin.py:190} INFO - [2026-07-17T22:32:26.671+0530] {dag.py:3239} INFO - Sync 1 DAGs
[2026-07-17T22:32:26.674+0530] {logging_mixin.py:190} INFO - [2026-07-17T22:32:26.674+0530] {dag.py:4180} INFO - Setting next_dagrun for example_params_ui_tutorial to None, run_after=None
[2026-07-17T22:32:26.679+0530] {processor.py:208} INFO - Processing /Users/bhavishyachallagolla/Desktop/RetailSense/.venv/lib/python3.12/site-packages/airflow/example_dags/example_params_ui_tutorial.py took 0.052 seconds
[2026-07-17T22:34:04.271+0530] {processor.py:186} INFO - Started process (PID=93161) to work on /Users/bhavishyachallagolla/Desktop/RetailSense/.venv/lib/python3.12/site-packages/airflow/example_dags/example_params_ui_tutorial.py
[2026-07-17T22:34:04.272+0530] {processor.py:914} INFO - Processing file /Users/bhavishyachallagolla/Desktop/RetailSense/.venv/lib/python3.12/site-packages/airflow/example_dags/example_params_ui_tutorial.py for tasks to queue
[2026-07-17T22:34:04.272+0530] {logging_mixin.py:190} INFO - [2026-07-17T22:34:04.272+0530] {dagbag.py:588} INFO - Filling up the DagBag from /Users/bhavishyachallagolla/Desktop/RetailSense/.venv/lib/python3.12/site-packages/airflow/example_dags/example_params_ui_tutorial.py
[2026-07-17T22:34:04.285+0530] {processor.py:925} INFO - DAG(s) 'example_params_ui_tutorial' retrieved from /Users/bhavishyachallagolla/Desktop/RetailSense/.venv/lib/python3.12/site-packages/airflow/example_dags/example_params_ui_tutorial.py
[2026-07-17T22:34:04.315+0530] {logging_mixin.py:190} INFO - [2026-07-17T22:34:04.315+0530] {dag.py:3239} INFO - Sync 1 DAGs
[2026-07-17T22:34:04.318+0530] {logging_mixin.py:190} INFO - [2026-07-17T22:34:04.318+0530] {dag.py:4180} INFO - Setting next_dagrun for example_params_ui_tutorial to None, run_after=None
[2026-07-17T22:34:04.322+0530] {processor.py:208} INFO - Processing /Users/bhavishyachallagolla/Desktop/RetailSense/.venv/lib/python3.12/site-packages/airflow/example_dags/example_params_ui_tutorial.py took 0.052 seconds
[2026-07-17T22:35:45.811+0530] {processor.py:186} INFO - Started process (PID=93312) to work on /Users/bhavishyachallagolla/Desktop/RetailSense/.venv/lib/python3.12/site-packages/airflow/example_dags/example_params_ui_tutorial.py
[2026-07-17T22:35:45.812+0530] {processor.py:914} INFO - Processing file /Users/bhavishyachallagolla/Desktop/RetailSense/.venv/lib/python3.12/site-packages/airflow/example_dags/example_params_ui_tutorial.py for tasks to queue
[2026-07-17T22:35:45.812+0530] {logging_mixin.py:190} INFO - [2026-07-17T22:35:45.812+0530] {dagbag.py:588} INFO - Filling up the DagBag from /Users/bhavishyachallagolla/Desktop/RetailSense/.venv/lib/python3.12/site-packages/airflow/example_dags/example_params_ui_tutorial.py
[2026-07-17T22:35:45.824+0530] {processor.py:925} INFO - DAG(s) 'example_params_ui_tutorial' retrieved from /Users/bhavishyachallagolla/Desktop/RetailSense/.venv/lib/python3.12/site-packages/airflow/example_dags/example_params_ui_tutorial.py
[2026-07-17T22:35:45.854+0530] {logging_mixin.py:190} INFO - [2026-07-17T22:35:45.854+0530] {dag.py:3239} INFO - Sync 1 DAGs
[2026-07-17T22:35:45.857+0530] {logging_mixin.py:190} INFO - [2026-07-17T22:35:45.857+0530] {dag.py:4180} INFO - Setting next_dagrun for example_params_ui_tutorial to None, run_after=None
[2026-07-17T22:35:45.861+0530] {processor.py:208} INFO - Processing /Users/bhavishyachallagolla/Desktop/RetailSense/.venv/lib/python3.12/site-packages/airflow/example_dags/example_params_ui_tutorial.py took 0.052 seconds
[2026-07-17T22:37:26.757+0530] {processor.py:186} INFO - Started process (PID=93471) to work on /Users/bhavishyachallagolla/Desktop/RetailSense/.venv/lib/python3.12/site-packages/airflow/example_dags/example_params_ui_tutorial.py
[2026-07-17T22:37:26.758+0530] {processor.py:914} INFO - Processing file /Users/bhavishyachallagolla/Desktop/RetailSense/.venv/lib/python3.12/site-packages/airflow/example_dags/example_params_ui_tutorial.py for tasks to queue
[2026-07-17T22:37:26.759+0530] {logging_mixin.py:190} INFO - [2026-07-17T22:37:26.759+0530] {dagbag.py:588} INFO - Filling up the DagBag from /Users/bhavishyachallagolla/Desktop/RetailSense/.venv/lib/python3.12/site-packages/airflow/example_dags/example_params_ui_tutorial.py
[2026-07-17T22:37:26.771+0530] {processor.py:925} INFO - DAG(s) 'example_params_ui_tutorial' retrieved from /Users/bhavishyachallagolla/Desktop/RetailSense/.venv/lib/python3.12/site-packages/airflow/example_dags/example_params_ui_tutorial.py
[2026-07-17T22:37:26.800+0530] {logging_mixin.py:190} INFO - [2026-07-17T22:37:26.800+0530] {dag.py:3239} INFO - Sync 1 DAGs
[2026-07-17T22:37:26.803+0530] {logging_mixin.py:190} INFO - [2026-07-17T22:37:26.803+0530] {dag.py:4180} INFO - Setting next_dagrun for example_params_ui_tutorial to None, run_after=None
[2026-07-17T22:37:26.808+0530] {processor.py:208} INFO - Processing /Users/bhavishyachallagolla/Desktop/RetailSense/.venv/lib/python3.12/site-packages/airflow/example_dags/example_params_ui_tutorial.py took 0.051 seconds
[2026-07-17T22:39:05.533+0530] {processor.py:186} INFO - Started process (PID=93620) to work on /Users/bhavishyachallagolla/Desktop/RetailSense/.venv/lib/python3.12/site-packages/airflow/example_dags/example_params_ui_tutorial.py
[2026-07-17T22:39:05.533+0530] {processor.py:914} INFO - Processing file /Users/bhavishyachallagolla/Desktop/RetailSense/.venv/lib/python3.12/site-packages/airflow/example_dags/example_params_ui_tutorial.py for tasks to queue
[2026-07-17T22:39:05.533+0530] {logging_mixin.py:190} INFO - [2026-07-17T22:39:05.533+0530] {dagbag.py:588} INFO - Filling up the DagBag from /Users/bhavishyachallagolla/Desktop/RetailSense/.venv/lib/python3.12/site-packages/airflow/example_dags/example_params_ui_tutorial.py
[2026-07-17T22:39:05.545+0530] {processor.py:925} INFO - DAG(s) 'example_params_ui_tutorial' retrieved from /Users/bhavishyachallagolla/Desktop/RetailSense/.venv/lib/python3.12/site-packages/airflow/example_dags/example_params_ui_tutorial.py
[2026-07-17T22:39:05.576+0530] {logging_mixin.py:190} INFO - [2026-07-17T22:39:05.575+0530] {dag.py:3239} INFO - Sync 1 DAGs
[2026-07-17T22:39:05.578+0530] {logging_mixin.py:190} INFO - [2026-07-17T22:39:05.578+0530] {dag.py:4180} INFO - Setting next_dagrun for example_params_ui_tutorial to None, run_after=None
[2026-07-17T22:39:05.583+0530] {processor.py:208} INFO - Processing /Users/bhavishyachallagolla/Desktop/RetailSense/.venv/lib/python3.12/site-packages/airflow/example_dags/example_params_ui_tutorial.py took 0.051 seconds
[2026-07-17T22:40:46.581+0530] {processor.py:186} INFO - Started process (PID=93770) to work on /Users/bhavishyachallagolla/Desktop/RetailSense/.venv/lib/python3.12/site-packages/airflow/example_dags/example_params_ui_tutorial.py
[2026-07-17T22:40:46.582+0530] {processor.py:914} INFO - Processing file /Users/bhavishyachallagolla/Desktop/RetailSense/.venv/lib/python3.12/site-packages/airflow/example_dags/example_params_ui_tutorial.py for tasks to queue
[2026-07-17T22:40:46.582+0530] {logging_mixin.py:190} INFO - [2026-07-17T22:40:46.582+0530] {dagbag.py:588} INFO - Filling up the DagBag from /Users/bhavishyachallagolla/Desktop/RetailSense/.venv/lib/python3.12/site-packages/airflow/example_dags/example_params_ui_tutorial.py
[2026-07-17T22:40:46.596+0530] {processor.py:925} INFO - DAG(s) 'example_params_ui_tutorial' retrieved from /Users/bhavishyachallagolla/Desktop/RetailSense/.venv/lib/python3.12/site-packages/airflow/example_dags/example_params_ui_tutorial.py
[2026-07-17T22:40:46.628+0530] {logging_mixin.py:190} INFO - [2026-07-17T22:40:46.628+0530] {dag.py:3239} INFO - Sync 1 DAGs
[2026-07-17T22:40:46.631+0530] {logging_mixin.py:190} INFO - [2026-07-17T22:40:46.631+0530] {dag.py:4180} INFO - Setting next_dagrun for example_params_ui_tutorial to None, run_after=None
[2026-07-17T22:40:46.636+0530] {processor.py:208} INFO - Processing /Users/bhavishyachallagolla/Desktop/RetailSense/.venv/lib/python3.12/site-packages/airflow/example_dags/example_params_ui_tutorial.py took 0.055 seconds
[2026-07-17T22:42:27.278+0530] {processor.py:186} INFO - Started process (PID=93921) to work on /Users/bhavishyachallagolla/Desktop/RetailSense/.venv/lib/python3.12/site-packages/airflow/example_dags/example_params_ui_tutorial.py
[2026-07-17T22:42:27.279+0530] {processor.py:914} INFO - Processing file /Users/bhavishyachallagolla/Desktop/RetailSense/.venv/lib/python3.12/site-packages/airflow/example_dags/example_params_ui_tutorial.py for tasks to queue
[2026-07-17T22:42:27.280+0530] {logging_mixin.py:190} INFO - [2026-07-17T22:42:27.280+0530] {dagbag.py:588} INFO - Filling up the DagBag from /Users/bhavishyachallagolla/Desktop/RetailSense/.venv/lib/python3.12/site-packages/airflow/example_dags/example_params_ui_tutorial.py
[2026-07-17T22:42:27.294+0530] {processor.py:925} INFO - DAG(s) 'example_params_ui_tutorial' retrieved from /Users/bhavishyachallagolla/Desktop/RetailSense/.venv/lib/python3.12/site-packages/airflow/example_dags/example_params_ui_tutorial.py
[2026-07-17T22:42:27.325+0530] {logging_mixin.py:190} INFO - [2026-07-17T22:42:27.325+0530] {dag.py:3239} INFO - Sync 1 DAGs
[2026-07-17T22:42:27.328+0530] {logging_mixin.py:190} INFO - [2026-07-17T22:42:27.328+0530] {dag.py:4180} INFO - Setting next_dagrun for example_params_ui_tutorial to None, run_after=None
[2026-07-17T22:42:27.333+0530] {processor.py:208} INFO - Processing /Users/bhavishyachallagolla/Desktop/RetailSense/.venv/lib/python3.12/site-packages/airflow/example_dags/example_params_ui_tutorial.py took 0.055 seconds
[2026-07-17T22:44:08.125+0530] {processor.py:186} INFO - Started process (PID=94071) to work on /Users/bhavishyachallagolla/Desktop/RetailSense/.venv/lib/python3.12/site-packages/airflow/example_dags/example_params_ui_tutorial.py
[2026-07-17T22:44:08.125+0530] {processor.py:914} INFO - Processing file /Users/bhavishyachallagolla/Desktop/RetailSense/.venv/lib/python3.12/site-packages/airflow/example_dags/example_params_ui_tutorial.py for tasks to queue
[2026-07-17T22:44:08.125+0530] {logging_mixin.py:190} INFO - [2026-07-17T22:44:08.125+0530] {dagbag.py:588} INFO - Filling up the DagBag from /Users/bhavishyachallagolla/Desktop/RetailSense/.venv/lib/python3.12/site-packages/airflow/example_dags/example_params_ui_tutorial.py
[2026-07-17T22:44:08.137+0530] {processor.py:925} INFO - DAG(s) 'example_params_ui_tutorial' retrieved from /Users/bhavishyachallagolla/Desktop/RetailSense/.venv/lib/python3.12/site-packages/airflow/example_dags/example_params_ui_tutorial.py
[2026-07-17T22:44:08.167+0530] {logging_mixin.py:190} INFO - [2026-07-17T22:44:08.167+0530] {dag.py:3239} INFO - Sync 1 DAGs
[2026-07-17T22:44:08.170+0530] {logging_mixin.py:190} INFO - [2026-07-17T22:44:08.170+0530] {dag.py:4180} INFO - Setting next_dagrun for example_params_ui_tutorial to None, run_after=None
[2026-07-17T22:44:08.175+0530] {processor.py:208} INFO - Processing /Users/bhavishyachallagolla/Desktop/RetailSense/.venv/lib/python3.12/site-packages/airflow/example_dags/example_params_ui_tutorial.py took 0.051 seconds
[2026-07-17T22:45:46.940+0530] {processor.py:186} INFO - Started process (PID=94220) to work on /Users/bhavishyachallagolla/Desktop/RetailSense/.venv/lib/python3.12/site-packages/airflow/example_dags/example_params_ui_tutorial.py
[2026-07-17T22:45:46.940+0530] {processor.py:914} INFO - Processing file /Users/bhavishyachallagolla/Desktop/RetailSense/.venv/lib/python3.12/site-packages/airflow/example_dags/example_params_ui_tutorial.py for tasks to queue
[2026-07-17T22:45:46.941+0530] {logging_mixin.py:190} INFO - [2026-07-17T22:45:46.941+0530] {dagbag.py:588} INFO - Filling up the DagBag from /Users/bhavishyachallagolla/Desktop/RetailSense/.venv/lib/python3.12/site-packages/airflow/example_dags/example_params_ui_tutorial.py
[2026-07-17T22:45:46.953+0530] {processor.py:925} INFO - DAG(s) 'example_params_ui_tutorial' retrieved from /Users/bhavishyachallagolla/Desktop/RetailSense/.venv/lib/python3.12/site-packages/airflow/example_dags/example_params_ui_tutorial.py
[2026-07-17T22:45:46.983+0530] {logging_mixin.py:190} INFO - [2026-07-17T22:45:46.983+0530] {dag.py:3239} INFO - Sync 1 DAGs
[2026-07-17T22:45:46.985+0530] {logging_mixin.py:190} INFO - [2026-07-17T22:45:46.985+0530] {dag.py:4180} INFO - Setting next_dagrun for example_params_ui_tutorial to None, run_after=None
[2026-07-17T22:45:46.990+0530] {processor.py:208} INFO - Processing /Users/bhavishyachallagolla/Desktop/RetailSense/.venv/lib/python3.12/site-packages/airflow/example_dags/example_params_ui_tutorial.py took 0.051 seconds
[2026-07-17T22:47:24.752+0530] {processor.py:186} INFO - Started process (PID=94367) to work on /Users/bhavishyachallagolla/Desktop/RetailSense/.venv/lib/python3.12/site-packages/airflow/example_dags/example_params_ui_tutorial.py
[2026-07-17T22:47:24.752+0530] {processor.py:914} INFO - Processing file /Users/bhavishyachallagolla/Desktop/RetailSense/.venv/lib/python3.12/site-packages/airflow/example_dags/example_params_ui_tutorial.py for tasks to queue
[2026-07-17T22:47:24.752+0530] {logging_mixin.py:190} INFO - [2026-07-17T22:47:24.752+0530] {dagbag.py:588} INFO - Filling up the DagBag from /Users/bhavishyachallagolla/Desktop/RetailSense/.venv/lib/python3.12/site-packages/airflow/example_dags/example_params_ui_tutorial.py
[2026-07-17T22:47:24.764+0530] {processor.py:925} INFO - DAG(s) 'example_params_ui_tutorial' retrieved from /Users/bhavishyachallagolla/Desktop/RetailSense/.venv/lib/python3.12/site-packages/airflow/example_dags/example_params_ui_tutorial.py
[2026-07-17T22:47:24.794+0530] {logging_mixin.py:190} INFO - [2026-07-17T22:47:24.794+0530] {dag.py:3239} INFO - Sync 1 DAGs
[2026-07-17T22:47:24.797+0530] {logging_mixin.py:190} INFO - [2026-07-17T22:47:24.797+0530] {dag.py:4180} INFO - Setting next_dagrun for example_params_ui_tutorial to None, run_after=None
[2026-07-17T22:47:24.802+0530] {processor.py:208} INFO - Processing /Users/bhavishyachallagolla/Desktop/RetailSense/.venv/lib/python3.12/site-packages/airflow/example_dags/example_params_ui_tutorial.py took 0.051 seconds
[2026-07-17T22:49:05.110+0530] {processor.py:186} INFO - Started process (PID=94517) to work on /Users/bhavishyachallagolla/Desktop/RetailSense/.venv/lib/python3.12/site-packages/airflow/example_dags/example_params_ui_tutorial.py
[2026-07-17T22:49:05.110+0530] {processor.py:914} INFO - Processing file /Users/bhavishyachallagolla/Desktop/RetailSense/.venv/lib/python3.12/site-packages/airflow/example_dags/example_params_ui_tutorial.py for tasks to queue
[2026-07-17T22:49:05.111+0530] {logging_mixin.py:190} INFO - [2026-07-17T22:49:05.111+0530] {dagbag.py:588} INFO - Filling up the DagBag from /Users/bhavishyachallagolla/Desktop/RetailSense/.venv/lib/python3.12/site-packages/airflow/example_dags/example_params_ui_tutorial.py
[2026-07-17T22:49:05.123+0530] {processor.py:925} INFO - DAG(s) 'example_params_ui_tutorial' retrieved from /Users/bhavishyachallagolla/Desktop/RetailSense/.venv/lib/python3.12/site-packages/airflow/example_dags/example_params_ui_tutorial.py
[2026-07-17T22:49:05.153+0530] {logging_mixin.py:190} INFO - [2026-07-17T22:49:05.153+0530] {dag.py:3239} INFO - Sync 1 DAGs
[2026-07-17T22:49:05.155+0530] {logging_mixin.py:190} INFO - [2026-07-17T22:49:05.155+0530] {dag.py:4180} INFO - Setting next_dagrun for example_params_ui_tutorial to None, run_after=None
[2026-07-17T22:49:05.160+0530] {processor.py:208} INFO - Processing /Users/bhavishyachallagolla/Desktop/RetailSense/.venv/lib/python3.12/site-packages/airflow/example_dags/example_params_ui_tutorial.py took 0.051 seconds
[2026-07-17T22:50:59.506+0530] {processor.py:186} INFO - Started process (PID=94670) to work on /Users/bhavishyachallagolla/Desktop/RetailSense/.venv/lib/python3.12/site-packages/airflow/example_dags/example_params_ui_tutorial.py
[2026-07-17T22:50:59.507+0530] {processor.py:914} INFO - Processing file /Users/bhavishyachallagolla/Desktop/RetailSense/.venv/lib/python3.12/site-packages/airflow/example_dags/example_params_ui_tutorial.py for tasks to queue
[2026-07-17T22:50:59.507+0530] {logging_mixin.py:190} INFO - [2026-07-17T22:50:59.507+0530] {dagbag.py:588} INFO - Filling up the DagBag from /Users/bhavishyachallagolla/Desktop/RetailSense/.venv/lib/python3.12/site-packages/airflow/example_dags/example_params_ui_tutorial.py
[2026-07-17T22:50:59.520+0530] {processor.py:925} INFO - DAG(s) 'example_params_ui_tutorial' retrieved from /Users/bhavishyachallagolla/Desktop/RetailSense/.venv/lib/python3.12/site-packages/airflow/example_dags/example_params_ui_tutorial.py
[2026-07-17T22:50:59.550+0530] {logging_mixin.py:190} INFO - [2026-07-17T22:50:59.550+0530] {dag.py:3239} INFO - Sync 1 DAGs
[2026-07-17T22:50:59.553+0530] {logging_mixin.py:190} INFO - [2026-07-17T22:50:59.553+0530] {dag.py:4180} INFO - Setting next_dagrun for example_params_ui_tutorial to None, run_after=None
[2026-07-17T22:50:59.557+0530] {processor.py:208} INFO - Processing /Users/bhavishyachallagolla/Desktop/RetailSense/.venv/lib/python3.12/site-packages/airflow/example_dags/example_params_ui_tutorial.py took 0.052 seconds
[2026-07-17T22:52:38.109+0530] {processor.py:186} INFO - Started process (PID=94824) to work on /Users/bhavishyachallagolla/Desktop/RetailSense/.venv/lib/python3.12/site-packages/airflow/example_dags/example_params_ui_tutorial.py
[2026-07-17T22:52:38.110+0530] {processor.py:914} INFO - Processing file /Users/bhavishyachallagolla/Desktop/RetailSense/.venv/lib/python3.12/site-packages/airflow/example_dags/example_params_ui_tutorial.py for tasks to queue
[2026-07-17T22:52:38.111+0530] {logging_mixin.py:190} INFO - [2026-07-17T22:52:38.111+0530] {dagbag.py:588} INFO - Filling up the DagBag from /Users/bhavishyachallagolla/Desktop/RetailSense/.venv/lib/python3.12/site-packages/airflow/example_dags/example_params_ui_tutorial.py
[2026-07-17T22:52:38.123+0530] {processor.py:925} INFO - DAG(s) 'example_params_ui_tutorial' retrieved from /Users/bhavishyachallagolla/Desktop/RetailSense/.venv/lib/python3.12/site-packages/airflow/example_dags/example_params_ui_tutorial.py
[2026-07-17T22:52:38.154+0530] {logging_mixin.py:190} INFO - [2026-07-17T22:52:38.153+0530] {dag.py:3239} INFO - Sync 1 DAGs
[2026-07-17T22:52:38.156+0530] {logging_mixin.py:190} INFO - [2026-07-17T22:52:38.156+0530] {dag.py:4180} INFO - Setting next_dagrun for example_params_ui_tutorial to None, run_after=None
[2026-07-17T22:52:38.161+0530] {processor.py:208} INFO - Processing /Users/bhavishyachallagolla/Desktop/RetailSense/.venv/lib/python3.12/site-packages/airflow/example_dags/example_params_ui_tutorial.py took 0.053 seconds
[2026-07-17T22:54:18.024+0530] {processor.py:186} INFO - Started process (PID=94975) to work on /Users/bhavishyachallagolla/Desktop/RetailSense/.venv/lib/python3.12/site-packages/airflow/example_dags/example_params_ui_tutorial.py
[2026-07-17T22:54:18.025+0530] {processor.py:914} INFO - Processing file /Users/bhavishyachallagolla/Desktop/RetailSense/.venv/lib/python3.12/site-packages/airflow/example_dags/example_params_ui_tutorial.py for tasks to queue
[2026-07-17T22:54:18.026+0530] {logging_mixin.py:190} INFO - [2026-07-17T22:54:18.026+0530] {dagbag.py:588} INFO - Filling up the DagBag from /Users/bhavishyachallagolla/Desktop/RetailSense/.venv/lib/python3.12/site-packages/airflow/example_dags/example_params_ui_tutorial.py
[2026-07-17T22:54:18.038+0530] {processor.py:925} INFO - DAG(s) 'example_params_ui_tutorial' retrieved from /Users/bhavishyachallagolla/Desktop/RetailSense/.venv/lib/python3.12/site-packages/airflow/example_dags/example_params_ui_tutorial.py
[2026-07-17T22:54:18.069+0530] {logging_mixin.py:190} INFO - [2026-07-17T22:54:18.068+0530] {dag.py:3239} INFO - Sync 1 DAGs
[2026-07-17T22:54:18.071+0530] {logging_mixin.py:190} INFO - [2026-07-17T22:54:18.071+0530] {dag.py:4180} INFO - Setting next_dagrun for example_params_ui_tutorial to None, run_after=None
[2026-07-17T22:54:18.076+0530] {processor.py:208} INFO - Processing /Users/bhavishyachallagolla/Desktop/RetailSense/.venv/lib/python3.12/site-packages/airflow/example_dags/example_params_ui_tutorial.py took 0.053 seconds
[2026-07-17T22:55:58.006+0530] {processor.py:186} INFO - Started process (PID=95124) to work on /Users/bhavishyachallagolla/Desktop/RetailSense/.venv/lib/python3.12/site-packages/airflow/example_dags/example_params_ui_tutorial.py
[2026-07-17T22:55:58.008+0530] {processor.py:914} INFO - Processing file /Users/bhavishyachallagolla/Desktop/RetailSense/.venv/lib/python3.12/site-packages/airflow/example_dags/example_params_ui_tutorial.py for tasks to queue
[2026-07-17T22:55:58.008+0530] {logging_mixin.py:190} INFO - [2026-07-17T22:55:58.008+0530] {dagbag.py:588} INFO - Filling up the DagBag from /Users/bhavishyachallagolla/Desktop/RetailSense/.venv/lib/python3.12/site-packages/airflow/example_dags/example_params_ui_tutorial.py
[2026-07-17T22:55:58.020+0530] {processor.py:925} INFO - DAG(s) 'example_params_ui_tutorial' retrieved from /Users/bhavishyachallagolla/Desktop/RetailSense/.venv/lib/python3.12/site-packages/airflow/example_dags/example_params_ui_tutorial.py
[2026-07-17T22:55:58.051+0530] {logging_mixin.py:190} INFO - [2026-07-17T22:55:58.051+0530] {dag.py:3239} INFO - Sync 1 DAGs
[2026-07-17T22:55:58.054+0530] {logging_mixin.py:190} INFO - [2026-07-17T22:55:58.054+0530] {dag.py:4180} INFO - Setting next_dagrun for example_params_ui_tutorial to None, run_after=None
[2026-07-17T22:55:58.058+0530] {processor.py:208} INFO - Processing /Users/bhavishyachallagolla/Desktop/RetailSense/.venv/lib/python3.12/site-packages/airflow/example_dags/example_params_ui_tutorial.py took 0.053 seconds
[2026-07-17T22:57:36.896+0530] {processor.py:186} INFO - Started process (PID=95274) to work on /Users/bhavishyachallagolla/Desktop/RetailSense/.venv/lib/python3.12/site-packages/airflow/example_dags/example_params_ui_tutorial.py
[2026-07-17T22:57:36.897+0530] {processor.py:914} INFO - Processing file /Users/bhavishyachallagolla/Desktop/RetailSense/.venv/lib/python3.12/site-packages/airflow/example_dags/example_params_ui_tutorial.py for tasks to queue
[2026-07-17T22:57:36.897+0530] {logging_mixin.py:190} INFO - [2026-07-17T22:57:36.897+0530] {dagbag.py:588} INFO - Filling up the DagBag from /Users/bhavishyachallagolla/Desktop/RetailSense/.venv/lib/python3.12/site-packages/airflow/example_dags/example_params_ui_tutorial.py
[2026-07-17T22:57:36.910+0530] {processor.py:925} INFO - DAG(s) 'example_params_ui_tutorial' retrieved from /Users/bhavishyachallagolla/Desktop/RetailSense/.venv/lib/python3.12/site-packages/airflow/example_dags/example_params_ui_tutorial.py
[2026-07-17T22:57:36.940+0530] {logging_mixin.py:190} INFO - [2026-07-17T22:57:36.940+0530] {dag.py:3239} INFO - Sync 1 DAGs
[2026-07-17T22:57:36.943+0530] {logging_mixin.py:190} INFO - [2026-07-17T22:57:36.943+0530] {dag.py:4180} INFO - Setting next_dagrun for example_params_ui_tutorial to None, run_after=None
[2026-07-17T22:57:36.948+0530] {processor.py:208} INFO - Processing /Users/bhavishyachallagolla/Desktop/RetailSense/.venv/lib/python3.12/site-packages/airflow/example_dags/example_params_ui_tutorial.py took 0.053 seconds
[2026-07-17T22:59:17.376+0530] {processor.py:186} INFO - Started process (PID=95437) to work on /Users/bhavishyachallagolla/Desktop/RetailSense/.venv/lib/python3.12/site-packages/airflow/example_dags/example_params_ui_tutorial.py
[2026-07-17T22:59:17.377+0530] {processor.py:914} INFO - Processing file /Users/bhavishyachallagolla/Desktop/RetailSense/.venv/lib/python3.12/site-packages/airflow/example_dags/example_params_ui_tutorial.py for tasks to queue
[2026-07-17T22:59:17.378+0530] {logging_mixin.py:190} INFO - [2026-07-17T22:59:17.378+0530] {dagbag.py:588} INFO - Filling up the DagBag from /Users/bhavishyachallagolla/Desktop/RetailSense/.venv/lib/python3.12/site-packages/airflow/example_dags/example_params_ui_tutorial.py
[2026-07-17T22:59:17.391+0530] {processor.py:925} INFO - DAG(s) 'example_params_ui_tutorial' retrieved from /Users/bhavishyachallagolla/Desktop/RetailSense/.venv/lib/python3.12/site-packages/airflow/example_dags/example_params_ui_tutorial.py
[2026-07-17T22:59:17.423+0530] {logging_mixin.py:190} INFO - [2026-07-17T22:59:17.423+0530] {dag.py:3239} INFO - Sync 1 DAGs
[2026-07-17T22:59:17.426+0530] {logging_mixin.py:190} INFO - [2026-07-17T22:59:17.426+0530] {dag.py:4180} INFO - Setting next_dagrun for example_params_ui_tutorial to None, run_after=None
[2026-07-17T22:59:17.431+0530] {processor.py:208} INFO - Processing /Users/bhavishyachallagolla/Desktop/RetailSense/.venv/lib/python3.12/site-packages/airflow/example_dags/example_params_ui_tutorial.py took 0.056 seconds
[2026-07-17T23:00:47.938+0530] {processor.py:186} INFO - Started process (PID=95556) to work on /Users/bhavishyachallagolla/Desktop/RetailSense/.venv/lib/python3.12/site-packages/airflow/example_dags/example_params_ui_tutorial.py
[2026-07-17T23:00:47.939+0530] {processor.py:914} INFO - Processing file /Users/bhavishyachallagolla/Desktop/RetailSense/.venv/lib/python3.12/site-packages/airflow/example_dags/example_params_ui_tutorial.py for tasks to queue
[2026-07-17T23:00:47.940+0530] {logging_mixin.py:190} INFO - [2026-07-17T23:00:47.940+0530] {dagbag.py:588} INFO - Filling up the DagBag from /Users/bhavishyachallagolla/Desktop/RetailSense/.venv/lib/python3.12/site-packages/airflow/example_dags/example_params_ui_tutorial.py
[2026-07-17T23:00:47.952+0530] {processor.py:925} INFO - DAG(s) 'example_params_ui_tutorial' retrieved from /Users/bhavishyachallagolla/Desktop/RetailSense/.venv/lib/python3.12/site-packages/airflow/example_dags/example_params_ui_tutorial.py
[2026-07-17T23:00:47.982+0530] {logging_mixin.py:190} INFO - [2026-07-17T23:00:47.982+0530] {dag.py:3239} INFO - Sync 1 DAGs
[2026-07-17T23:00:47.985+0530] {logging_mixin.py:190} INFO - [2026-07-17T23:00:47.985+0530] {dag.py:4180} INFO - Setting next_dagrun for example_params_ui_tutorial to None, run_after=None
[2026-07-17T23:00:47.990+0530] {processor.py:208} INFO - Processing /Users/bhavishyachallagolla/Desktop/RetailSense/.venv/lib/python3.12/site-packages/airflow/example_dags/example_params_ui_tutorial.py took 0.053 seconds
[2026-07-17T23:02:03.996+0530] {processor.py:186} INFO - Started process (PID=95688) to work on /Users/bhavishyachallagolla/Desktop/RetailSense/.venv/lib/python3.12/site-packages/airflow/example_dags/example_params_ui_tutorial.py
[2026-07-17T23:02:03.996+0530] {processor.py:914} INFO - Processing file /Users/bhavishyachallagolla/Desktop/RetailSense/.venv/lib/python3.12/site-packages/airflow/example_dags/example_params_ui_tutorial.py for tasks to queue
[2026-07-17T23:02:03.996+0530] {logging_mixin.py:190} INFO - [2026-07-17T23:02:03.996+0530] {dagbag.py:588} INFO - Filling up the DagBag from /Users/bhavishyachallagolla/Desktop/RetailSense/.venv/lib/python3.12/site-packages/airflow/example_dags/example_params_ui_tutorial.py
[2026-07-17T23:02:04.008+0530] {processor.py:925} INFO - DAG(s) 'example_params_ui_tutorial' retrieved from /Users/bhavishyachallagolla/Desktop/RetailSense/.venv/lib/python3.12/site-packages/airflow/example_dags/example_params_ui_tutorial.py
[2026-07-17T23:02:04.038+0530] {logging_mixin.py:190} INFO - [2026-07-17T23:02:04.038+0530] {dag.py:3239} INFO - Sync 1 DAGs
[2026-07-17T23:02:04.040+0530] {logging_mixin.py:190} INFO - [2026-07-17T23:02:04.040+0530] {dag.py:4180} INFO - Setting next_dagrun for example_params_ui_tutorial to None, run_after=None
[2026-07-17T23:02:04.045+0530] {processor.py:208} INFO - Processing /Users/bhavishyachallagolla/Desktop/RetailSense/.venv/lib/python3.12/site-packages/airflow/example_dags/example_params_ui_tutorial.py took 0.050 seconds
[2026-07-17T23:03:44.885+0530] {processor.py:186} INFO - Started process (PID=95844) to work on /Users/bhavishyachallagolla/Desktop/RetailSense/.venv/lib/python3.12/site-packages/airflow/example_dags/example_params_ui_tutorial.py
[2026-07-17T23:03:44.885+0530] {processor.py:914} INFO - Processing file /Users/bhavishyachallagolla/Desktop/RetailSense/.venv/lib/python3.12/site-packages/airflow/example_dags/example_params_ui_tutorial.py for tasks to queue
[2026-07-17T23:03:44.885+0530] {logging_mixin.py:190} INFO - [2026-07-17T23:03:44.885+0530] {dagbag.py:588} INFO - Filling up the DagBag from /Users/bhavishyachallagolla/Desktop/RetailSense/.venv/lib/python3.12/site-packages/airflow/example_dags/example_params_ui_tutorial.py
[2026-07-17T23:03:44.897+0530] {processor.py:925} INFO - DAG(s) 'example_params_ui_tutorial' retrieved from /Users/bhavishyachallagolla/Desktop/RetailSense/.venv/lib/python3.12/site-packages/airflow/example_dags/example_params_ui_tutorial.py
[2026-07-17T23:03:44.928+0530] {logging_mixin.py:190} INFO - [2026-07-17T23:03:44.928+0530] {dag.py:3239} INFO - Sync 1 DAGs
[2026-07-17T23:03:44.931+0530] {logging_mixin.py:190} INFO - [2026-07-17T23:03:44.930+0530] {dag.py:4180} INFO - Setting next_dagrun for example_params_ui_tutorial to None, run_after=None
[2026-07-17T23:03:44.935+0530] {processor.py:208} INFO - Processing /Users/bhavishyachallagolla/Desktop/RetailSense/.venv/lib/python3.12/site-packages/airflow/example_dags/example_params_ui_tutorial.py took 0.052 seconds
[2026-07-17T23:05:25.595+0530] {processor.py:186} INFO - Started process (PID=95996) to work on /Users/bhavishyachallagolla/Desktop/RetailSense/.venv/lib/python3.12/site-packages/airflow/example_dags/example_params_ui_tutorial.py
[2026-07-17T23:05:25.595+0530] {processor.py:914} INFO - Processing file /Users/bhavishyachallagolla/Desktop/RetailSense/.venv/lib/python3.12/site-packages/airflow/example_dags/example_params_ui_tutorial.py for tasks to queue
[2026-07-17T23:05:25.595+0530] {logging_mixin.py:190} INFO - [2026-07-17T23:05:25.595+0530] {dagbag.py:588} INFO - Filling up the DagBag from /Users/bhavishyachallagolla/Desktop/RetailSense/.venv/lib/python3.12/site-packages/airflow/example_dags/example_params_ui_tutorial.py
[2026-07-17T23:05:25.607+0530] {processor.py:925} INFO - DAG(s) 'example_params_ui_tutorial' retrieved from /Users/bhavishyachallagolla/Desktop/RetailSense/.venv/lib/python3.12/site-packages/airflow/example_dags/example_params_ui_tutorial.py
[2026-07-17T23:05:25.637+0530] {logging_mixin.py:190} INFO - [2026-07-17T23:05:25.637+0530] {dag.py:3239} INFO - Sync 1 DAGs
[2026-07-17T23:05:25.640+0530] {logging_mixin.py:190} INFO - [2026-07-17T23:05:25.640+0530] {dag.py:4180} INFO - Setting next_dagrun for example_params_ui_tutorial to None, run_after=None
[2026-07-17T23:05:25.645+0530] {processor.py:208} INFO - Processing /Users/bhavishyachallagolla/Desktop/RetailSense/.venv/lib/python3.12/site-packages/airflow/example_dags/example_params_ui_tutorial.py took 0.051 seconds
[2026-07-17T23:07:05.727+0530] {processor.py:186} INFO - Started process (PID=96146) to work on /Users/bhavishyachallagolla/Desktop/RetailSense/.venv/lib/python3.12/site-packages/airflow/example_dags/example_params_ui_tutorial.py
[2026-07-17T23:07:05.728+0530] {processor.py:914} INFO - Processing file /Users/bhavishyachallagolla/Desktop/RetailSense/.venv/lib/python3.12/site-packages/airflow/example_dags/example_params_ui_tutorial.py for tasks to queue
[2026-07-17T23:07:05.728+0530] {logging_mixin.py:190} INFO - [2026-07-17T23:07:05.728+0530] {dagbag.py:588} INFO - Filling up the DagBag from /Users/bhavishyachallagolla/Desktop/RetailSense/.venv/lib/python3.12/site-packages/airflow/example_dags/example_params_ui_tutorial.py
[2026-07-17T23:07:05.740+0530] {processor.py:925} INFO - DAG(s) 'example_params_ui_tutorial' retrieved from /Users/bhavishyachallagolla/Desktop/RetailSense/.venv/lib/python3.12/site-packages/airflow/example_dags/example_params_ui_tutorial.py
[2026-07-17T23:07:05.770+0530] {logging_mixin.py:190} INFO - [2026-07-17T23:07:05.770+0530] {dag.py:3239} INFO - Sync 1 DAGs
[2026-07-17T23:07:05.773+0530] {logging_mixin.py:190} INFO - [2026-07-17T23:07:05.773+0530] {dag.py:4180} INFO - Setting next_dagrun for example_params_ui_tutorial to None, run_after=None
[2026-07-17T23:07:05.778+0530] {processor.py:208} INFO - Processing /Users/bhavishyachallagolla/Desktop/RetailSense/.venv/lib/python3.12/site-packages/airflow/example_dags/example_params_ui_tutorial.py took 0.051 seconds
[2026-07-17T23:08:47.890+0530] {processor.py:186} INFO - Started process (PID=96307) to work on /Users/bhavishyachallagolla/Desktop/RetailSense/.venv/lib/python3.12/site-packages/airflow/example_dags/example_params_ui_tutorial.py
[2026-07-17T23:08:47.890+0530] {processor.py:914} INFO - Processing file /Users/bhavishyachallagolla/Desktop/RetailSense/.venv/lib/python3.12/site-packages/airflow/example_dags/example_params_ui_tutorial.py for tasks to queue
[2026-07-17T23:08:47.890+0530] {logging_mixin.py:190} INFO - [2026-07-17T23:08:47.890+0530] {dagbag.py:588} INFO - Filling up the DagBag from /Users/bhavishyachallagolla/Desktop/RetailSense/.venv/lib/python3.12/site-packages/airflow/example_dags/example_params_ui_tutorial.py
[2026-07-17T23:08:47.902+0530] {processor.py:925} INFO - DAG(s) 'example_params_ui_tutorial' retrieved from /Users/bhavishyachallagolla/Desktop/RetailSense/.venv/lib/python3.12/site-packages/airflow/example_dags/example_params_ui_tutorial.py
[2026-07-17T23:08:47.932+0530] {logging_mixin.py:190} INFO - [2026-07-17T23:08:47.932+0530] {dag.py:3239} INFO - Sync 1 DAGs
[2026-07-17T23:08:47.935+0530] {logging_mixin.py:190} INFO - [2026-07-17T23:08:47.935+0530] {dag.py:4180} INFO - Setting next_dagrun for example_params_ui_tutorial to None, run_after=None
[2026-07-17T23:08:47.940+0530] {processor.py:208} INFO - Processing /Users/bhavishyachallagolla/Desktop/RetailSense/.venv/lib/python3.12/site-packages/airflow/example_dags/example_params_ui_tutorial.py took 0.051 seconds
[2026-07-17T23:10:25.447+0530] {processor.py:186} INFO - Started process (PID=96454) to work on /Users/bhavishyachallagolla/Desktop/RetailSense/.venv/lib/python3.12/site-packages/airflow/example_dags/example_params_ui_tutorial.py
[2026-07-17T23:10:25.447+0530] {processor.py:914} INFO - Processing file /Users/bhavishyachallagolla/Desktop/RetailSense/.venv/lib/python3.12/site-packages/airflow/example_dags/example_params_ui_tutorial.py for tasks to queue
[2026-07-17T23:10:25.448+0530] {logging_mixin.py:190} INFO - [2026-07-17T23:10:25.447+0530] {dagbag.py:588} INFO - Filling up the DagBag from /Users/bhavishyachallagolla/Desktop/RetailSense/.venv/lib/python3.12/site-packages/airflow/example_dags/example_params_ui_tutorial.py
[2026-07-17T23:10:25.459+0530] {processor.py:925} INFO - DAG(s) 'example_params_ui_tutorial' retrieved from /Users/bhavishyachallagolla/Desktop/RetailSense/.venv/lib/python3.12/site-packages/airflow/example_dags/example_params_ui_tutorial.py
[2026-07-17T23:10:25.489+0530] {logging_mixin.py:190} INFO - [2026-07-17T23:10:25.488+0530] {dag.py:3239} INFO - Sync 1 DAGs
[2026-07-17T23:10:25.491+0530] {logging_mixin.py:190} INFO - [2026-07-17T23:10:25.491+0530] {dag.py:4180} INFO - Setting next_dagrun for example_params_ui_tutorial to None, run_after=None
[2026-07-17T23:10:25.496+0530] {processor.py:208} INFO - Processing /Users/bhavishyachallagolla/Desktop/RetailSense/.venv/lib/python3.12/site-packages/airflow/example_dags/example_params_ui_tutorial.py took 0.050 seconds
[2026-07-17T23:12:04.259+0530] {processor.py:186} INFO - Started process (PID=96636) to work on /Users/bhavishyachallagolla/Desktop/RetailSense/.venv/lib/python3.12/site-packages/airflow/example_dags/example_params_ui_tutorial.py
[2026-07-17T23:12:04.259+0530] {processor.py:914} INFO - Processing file /Users/bhavishyachallagolla/Desktop/RetailSense/.venv/lib/python3.12/site-packages/airflow/example_dags/example_params_ui_tutorial.py for tasks to queue
[2026-07-17T23:12:04.260+0530] {logging_mixin.py:190} INFO - [2026-07-17T23:12:04.259+0530] {dagbag.py:588} INFO - Filling up the DagBag from /Users/bhavishyachallagolla/Desktop/RetailSense/.venv/lib/python3.12/site-packages/airflow/example_dags/example_params_ui_tutorial.py
[2026-07-17T23:12:04.272+0530] {processor.py:925} INFO - DAG(s) 'example_params_ui_tutorial' retrieved from /Users/bhavishyachallagolla/Desktop/RetailSense/.venv/lib/python3.12/site-packages/airflow/example_dags/example_params_ui_tutorial.py
[2026-07-17T23:12:04.303+0530] {logging_mixin.py:190} INFO - [2026-07-17T23:12:04.303+0530] {dag.py:3239} INFO - Sync 1 DAGs
[2026-07-17T23:12:04.306+0530] {logging_mixin.py:190} INFO - [2026-07-17T23:12:04.306+0530] {dag.py:4180} INFO - Setting next_dagrun for example_params_ui_tutorial to None, run_after=None
[2026-07-17T23:12:04.311+0530] {processor.py:208} INFO - Processing /Users/bhavishyachallagolla/Desktop/RetailSense/.venv/lib/python3.12/site-packages/airflow/example_dags/example_params_ui_tutorial.py took 0.053 seconds
[2026-07-17T23:13:42.537+0530] {processor.py:186} INFO - Started process (PID=96819) to work on /Users/bhavishyachallagolla/Desktop/RetailSense/.venv/lib/python3.12/site-packages/airflow/example_dags/example_params_ui_tutorial.py
[2026-07-17T23:13:42.537+0530] {processor.py:914} INFO - Processing file /Users/bhavishyachallagolla/Desktop/RetailSense/.venv/lib/python3.12/site-packages/airflow/example_dags/example_params_ui_tutorial.py for tasks to queue
[2026-07-17T23:13:42.538+0530] {logging_mixin.py:190} INFO - [2026-07-17T23:13:42.538+0530] {dagbag.py:588} INFO - Filling up the DagBag from /Users/bhavishyachallagolla/Desktop/RetailSense/.venv/lib/python3.12/site-packages/airflow/example_dags/example_params_ui_tutorial.py
[2026-07-17T23:13:42.550+0530] {processor.py:925} INFO - DAG(s) 'example_params_ui_tutorial' retrieved from /Users/bhavishyachallagolla/Desktop/RetailSense/.venv/lib/python3.12/site-packages/airflow/example_dags/example_params_ui_tutorial.py
[2026-07-17T23:13:42.580+0530] {logging_mixin.py:190} INFO - [2026-07-17T23:13:42.580+0530] {dag.py:3239} INFO - Sync 1 DAGs
[2026-07-17T23:13:42.583+0530] {logging_mixin.py:190} INFO - [2026-07-17T23:13:42.583+0530] {dag.py:4180} INFO - Setting next_dagrun for example_params_ui_tutorial to None, run_after=None
[2026-07-17T23:13:42.587+0530] {processor.py:208} INFO - Processing /Users/bhavishyachallagolla/Desktop/RetailSense/.venv/lib/python3.12/site-packages/airflow/example_dags/example_params_ui_tutorial.py took 0.051 seconds
[2026-07-17T23:15:24.630+0530] {processor.py:186} INFO - Started process (PID=96985) to work on /Users/bhavishyachallagolla/Desktop/RetailSense/.venv/lib/python3.12/site-packages/airflow/example_dags/example_params_ui_tutorial.py
[2026-07-17T23:15:24.630+0530] {processor.py:914} INFO - Processing file /Users/bhavishyachallagolla/Desktop/RetailSense/.venv/lib/python3.12/site-packages/airflow/example_dags/example_params_ui_tutorial.py for tasks to queue
[2026-07-17T23:15:24.630+0530] {logging_mixin.py:190} INFO - [2026-07-17T23:15:24.630+0530] {dagbag.py:588} INFO - Filling up the DagBag from /Users/bhavishyachallagolla/Desktop/RetailSense/.venv/lib/python3.12/site-packages/airflow/example_dags/example_params_ui_tutorial.py
[2026-07-17T23:15:24.642+0530] {processor.py:925} INFO - DAG(s) 'example_params_ui_tutorial' retrieved from /Users/bhavishyachallagolla/Desktop/RetailSense/.venv/lib/python3.12/site-packages/airflow/example_dags/example_params_ui_tutorial.py
[2026-07-17T23:15:24.672+0530] {logging_mixin.py:190} INFO - [2026-07-17T23:15:24.672+0530] {dag.py:3239} INFO - Sync 1 DAGs
[2026-07-17T23:15:24.675+0530] {logging_mixin.py:190} INFO - [2026-07-17T23:15:24.675+0530] {dag.py:4180} INFO - Setting next_dagrun for example_params_ui_tutorial to None, run_after=None
[2026-07-17T23:15:24.679+0530] {processor.py:208} INFO - Processing /Users/bhavishyachallagolla/Desktop/RetailSense/.venv/lib/python3.12/site-packages/airflow/example_dags/example_params_ui_tutorial.py took 0.051 seconds
[2026-07-17T23:17:07.813+0530] {processor.py:186} INFO - Started process (PID=97210) to work on /Users/bhavishyachallagolla/Desktop/RetailSense/.venv/lib/python3.12/site-packages/airflow/example_dags/example_params_ui_tutorial.py
[2026-07-17T23:17:07.813+0530] {processor.py:914} INFO - Processing file /Users/bhavishyachallagolla/Desktop/RetailSense/.venv/lib/python3.12/site-packages/airflow/example_dags/example_params_ui_tutorial.py for tasks to queue
[2026-07-17T23:17:07.813+0530] {logging_mixin.py:190} INFO - [2026-07-17T23:17:07.813+0530] {dagbag.py:588} INFO - Filling up the DagBag from /Users/bhavishyachallagolla/Desktop/RetailSense/.venv/lib/python3.12/site-packages/airflow/example_dags/example_params_ui_tutorial.py
[2026-07-17T23:17:07.825+0530] {processor.py:925} INFO - DAG(s) 'example_params_ui_tutorial' retrieved from /Users/bhavishyachallagolla/Desktop/RetailSense/.venv/lib/python3.12/site-packages/airflow/example_dags/example_params_ui_tutorial.py
[2026-07-17T23:17:07.855+0530] {logging_mixin.py:190} INFO - [2026-07-17T23:17:07.855+0530] {dag.py:3239} INFO - Sync 1 DAGs
[2026-07-17T23:17:07.858+0530] {logging_mixin.py:190} INFO - [2026-07-17T23:17:07.858+0530] {dag.py:4180} INFO - Setting next_dagrun for example_params_ui_tutorial to None, run_after=None
[2026-07-17T23:17:07.863+0530] {processor.py:208} INFO - Processing /Users/bhavishyachallagolla/Desktop/RetailSense/.venv/lib/python3.12/site-packages/airflow/example_dags/example_params_ui_tutorial.py took 0.051 seconds
[2026-07-17T23:18:49.478+0530] {processor.py:186} INFO - Started process (PID=97398) to work on /Users/bhavishyachallagolla/Desktop/RetailSense/.venv/lib/python3.12/site-packages/airflow/example_dags/example_params_ui_tutorial.py
[2026-07-17T23:18:49.478+0530] {processor.py:914} INFO - Processing file /Users/bhavishyachallagolla/Desktop/RetailSense/.venv/lib/python3.12/site-packages/airflow/example_dags/example_params_ui_tutorial.py for tasks to queue
[2026-07-17T23:18:49.478+0530] {logging_mixin.py:190} INFO - [2026-07-17T23:18:49.478+0530] {dagbag.py:588} INFO - Filling up the DagBag from /Users/bhavishyachallagolla/Desktop/RetailSense/.venv/lib/python3.12/site-packages/airflow/example_dags/example_params_ui_tutorial.py
[2026-07-17T23:18:49.490+0530] {processor.py:925} INFO - DAG(s) 'example_params_ui_tutorial' retrieved from /Users/bhavishyachallagolla/Desktop/RetailSense/.venv/lib/python3.12/site-packages/airflow/example_dags/example_params_ui_tutorial.py
[2026-07-17T23:18:49.521+0530] {logging_mixin.py:190} INFO - [2026-07-17T23:18:49.521+0530] {dag.py:3239} INFO - Sync 1 DAGs
[2026-07-17T23:18:49.524+0530] {logging_mixin.py:190} INFO - [2026-07-17T23:18:49.524+0530] {dag.py:4180} INFO - Setting next_dagrun for example_params_ui_tutorial to None, run_after=None
[2026-07-17T23:18:49.528+0530] {processor.py:208} INFO - Processing /Users/bhavishyachallagolla/Desktop/RetailSense/.venv/lib/python3.12/site-packages/airflow/example_dags/example_params_ui_tutorial.py took 0.052 seconds
[2026-07-17T23:20:30.471+0530] {processor.py:186} INFO - Started process (PID=97548) to work on /Users/bhavishyachallagolla/Desktop/RetailSense/.venv/lib/python3.12/site-packages/airflow/example_dags/example_params_ui_tutorial.py
[2026-07-17T23:20:30.471+0530] {processor.py:914} INFO - Processing file /Users/bhavishyachallagolla/Desktop/RetailSense/.venv/lib/python3.12/site-packages/airflow/example_dags/example_params_ui_tutorial.py for tasks to queue
[2026-07-17T23:20:30.472+0530] {logging_mixin.py:190} INFO - [2026-07-17T23:20:30.471+0530] {dagbag.py:588} INFO - Filling up the DagBag from /Users/bhavishyachallagolla/Desktop/RetailSense/.venv/lib/python3.12/site-packages/airflow/example_dags/example_params_ui_tutorial.py
[2026-07-17T23:20:30.484+0530] {processor.py:925} INFO - DAG(s) 'example_params_ui_tutorial' retrieved from /Users/bhavishyachallagolla/Desktop/RetailSense/.venv/lib/python3.12/site-packages/airflow/example_dags/example_params_ui_tutorial.py
[2026-07-17T23:20:30.514+0530] {logging_mixin.py:190} INFO - [2026-07-17T23:20:30.514+0530] {dag.py:3239} INFO - Sync 1 DAGs
[2026-07-17T23:20:30.517+0530] {logging_mixin.py:190} INFO - [2026-07-17T23:20:30.517+0530] {dag.py:4180} INFO - Setting next_dagrun for example_params_ui_tutorial to None, run_after=None
[2026-07-17T23:20:30.522+0530] {processor.py:208} INFO - Processing /Users/bhavishyachallagolla/Desktop/RetailSense/.venv/lib/python3.12/site-packages/airflow/example_dags/example_params_ui_tutorial.py took 0.052 seconds
[2026-07-17T23:22:11.528+0530] {processor.py:186} INFO - Started process (PID=97699) to work on /Users/bhavishyachallagolla/Desktop/RetailSense/.venv/lib/python3.12/site-packages/airflow/example_dags/example_params_ui_tutorial.py
[2026-07-17T23:22:11.528+0530] {processor.py:914} INFO - Processing file /Users/bhavishyachallagolla/Desktop/RetailSense/.venv/lib/python3.12/site-packages/airflow/example_dags/example_params_ui_tutorial.py for tasks to queue
[2026-07-17T23:22:11.529+0530] {logging_mixin.py:190} INFO - [2026-07-17T23:22:11.529+0530] {dagbag.py:588} INFO - Filling up the DagBag from /Users/bhavishyachallagolla/Desktop/RetailSense/.venv/lib/python3.12/site-packages/airflow/example_dags/example_params_ui_tutorial.py
[2026-07-17T23:22:11.540+0530] {processor.py:925} INFO - DAG(s) 'example_params_ui_tutorial' retrieved from /Users/bhavishyachallagolla/Desktop/RetailSense/.venv/lib/python3.12/site-packages/airflow/example_dags/example_params_ui_tutorial.py
[2026-07-17T23:22:11.570+0530] {logging_mixin.py:190} INFO - [2026-07-17T23:22:11.570+0530] {dag.py:3239} INFO - Sync 1 DAGs
[2026-07-17T23:22:11.573+0530] {logging_mixin.py:190} INFO - [2026-07-17T23:22:11.573+0530] {dag.py:4180} INFO - Setting next_dagrun for example_params_ui_tutorial to None, run_after=None
[2026-07-17T23:22:11.577+0530] {processor.py:208} INFO - Processing /Users/bhavishyachallagolla/Desktop/RetailSense/.venv/lib/python3.12/site-packages/airflow/example_dags/example_params_ui_tutorial.py took 0.050 seconds
[2026-07-17T23:23:52.553+0530] {processor.py:186} INFO - Started process (PID=97851) to work on /Users/bhavishyachallagolla/Desktop/RetailSense/.venv/lib/python3.12/site-packages/airflow/example_dags/example_params_ui_tutorial.py
[2026-07-17T23:23:52.553+0530] {processor.py:914} INFO - Processing file /Users/bhavishyachallagolla/Desktop/RetailSense/.venv/lib/python3.12/site-packages/airflow/example_dags/example_params_ui_tutorial.py for tasks to queue
[2026-07-17T23:23:52.554+0530] {logging_mixin.py:190} INFO - [2026-07-17T23:23:52.554+0530] {dagbag.py:588} INFO - Filling up the DagBag from /Users/bhavishyachallagolla/Desktop/RetailSense/.venv/lib/python3.12/site-packages/airflow/example_dags/example_params_ui_tutorial.py
[2026-07-17T23:23:52.566+0530] {processor.py:925} INFO - DAG(s) 'example_params_ui_tutorial' retrieved from /Users/bhavishyachallagolla/Desktop/RetailSense/.venv/lib/python3.12/site-packages/airflow/example_dags/example_params_ui_tutorial.py
[2026-07-17T23:23:52.596+0530] {logging_mixin.py:190} INFO - [2026-07-17T23:23:52.596+0530] {dag.py:3239} INFO - Sync 1 DAGs
[2026-07-17T23:23:52.599+0530] {logging_mixin.py:190} INFO - [2026-07-17T23:23:52.599+0530] {dag.py:4180} INFO - Setting next_dagrun for example_params_ui_tutorial to None, run_after=None
[2026-07-17T23:23:52.604+0530] {processor.py:208} INFO - Processing /Users/bhavishyachallagolla/Desktop/RetailSense/.venv/lib/python3.12/site-packages/airflow/example_dags/example_params_ui_tutorial.py took 0.052 seconds
[2026-07-17T23:25:32.732+0530] {processor.py:186} INFO - Started process (PID=98002) to work on /Users/bhavishyachallagolla/Desktop/RetailSense/.venv/lib/python3.12/site-packages/airflow/example_dags/example_params_ui_tutorial.py
[2026-07-17T23:25:32.733+0530] {processor.py:914} INFO - Processing file /Users/bhavishyachallagolla/Desktop/RetailSense/.venv/lib/python3.12/site-packages/airflow/example_dags/example_params_ui_tutorial.py for tasks to queue
[2026-07-17T23:25:32.733+0530] {logging_mixin.py:190} INFO - [2026-07-17T23:25:32.733+0530] {dagbag.py:588} INFO - Filling up the DagBag from /Users/bhavishyachallagolla/Desktop/RetailSense/.venv/lib/python3.12/site-packages/airflow/example_dags/example_params_ui_tutorial.py
[2026-07-17T23:25:32.745+0530] {processor.py:925} INFO - DAG(s) 'example_params_ui_tutorial' retrieved from /Users/bhavishyachallagolla/Desktop/RetailSense/.venv/lib/python3.12/site-packages/airflow/example_dags/example_params_ui_tutorial.py
[2026-07-17T23:25:32.774+0530] {logging_mixin.py:190} INFO - [2026-07-17T23:25:32.774+0530] {dag.py:3239} INFO - Sync 1 DAGs
[2026-07-17T23:25:32.776+0530] {logging_mixin.py:190} INFO - [2026-07-17T23:25:32.776+0530] {dag.py:4180} INFO - Setting next_dagrun for example_params_ui_tutorial to None, run_after=None
[2026-07-17T23:25:32.781+0530] {processor.py:208} INFO - Processing /Users/bhavishyachallagolla/Desktop/RetailSense/.venv/lib/python3.12/site-packages/airflow/example_dags/example_params_ui_tutorial.py took 0.050 seconds
[2026-07-17T23:27:15.018+0530] {processor.py:186} INFO - Started process (PID=98159) to work on /Users/bhavishyachallagolla/Desktop/RetailSense/.venv/lib/python3.12/site-packages/airflow/example_dags/example_params_ui_tutorial.py
[2026-07-17T23:27:15.019+0530] {processor.py:914} INFO - Processing file /Users/bhavishyachallagolla/Desktop/RetailSense/.venv/lib/python3.12/site-packages/airflow/example_dags/example_params_ui_tutorial.py for tasks to queue
[2026-07-17T23:27:15.019+0530] {logging_mixin.py:190} INFO - [2026-07-17T23:27:15.019+0530] {dagbag.py:588} INFO - Filling up the DagBag from /Users/bhavishyachallagolla/Desktop/RetailSense/.venv/lib/python3.12/site-packages/airflow/example_dags/example_params_ui_tutorial.py
[2026-07-17T23:27:15.031+0530] {processor.py:925} INFO - DAG(s) 'example_params_ui_tutorial' retrieved from /Users/bhavishyachallagolla/Desktop/RetailSense/.venv/lib/python3.12/site-packages/airflow/example_dags/example_params_ui_tutorial.py
[2026-07-17T23:27:15.062+0530] {logging_mixin.py:190} INFO - [2026-07-17T23:27:15.062+0530] {dag.py:3239} INFO - Sync 1 DAGs
[2026-07-17T23:27:15.065+0530] {logging_mixin.py:190} INFO - [2026-07-17T23:27:15.065+0530] {dag.py:4180} INFO - Setting next_dagrun for example_params_ui_tutorial to None, run_after=None
[2026-07-17T23:27:15.069+0530] {processor.py:208} INFO - Processing /Users/bhavishyachallagolla/Desktop/RetailSense/.venv/lib/python3.12/site-packages/airflow/example_dags/example_params_ui_tutorial.py took 0.052 seconds
[2026-07-17T23:28:58.303+0530] {processor.py:186} INFO - Started process (PID=98315) to work on /Users/bhavishyachallagolla/Desktop/RetailSense/.venv/lib/python3.12/site-packages/airflow/example_dags/example_params_ui_tutorial.py
[2026-07-17T23:28:58.304+0530] {processor.py:914} INFO - Processing file /Users/bhavishyachallagolla/Desktop/RetailSense/.venv/lib/python3.12/site-packages/airflow/example_dags/example_params_ui_tutorial.py for tasks to queue
[2026-07-17T23:28:58.304+0530] {logging_mixin.py:190} INFO - [2026-07-17T23:28:58.304+0530] {dagbag.py:588} INFO - Filling up the DagBag from /Users/bhavishyachallagolla/Desktop/RetailSense/.venv/lib/python3.12/site-packages/airflow/example_dags/example_params_ui_tutorial.py
[2026-07-17T23:28:58.317+0530] {processor.py:925} INFO - DAG(s) 'example_params_ui_tutorial' retrieved from /Users/bhavishyachallagolla/Desktop/RetailSense/.venv/lib/python3.12/site-packages/airflow/example_dags/example_params_ui_tutorial.py
[2026-07-17T23:28:58.347+0530] {logging_mixin.py:190} INFO - [2026-07-17T23:28:58.347+0530] {dag.py:3239} INFO - Sync 1 DAGs
[2026-07-17T23:28:58.350+0530] {logging_mixin.py:190} INFO - [2026-07-17T23:28:58.350+0530] {dag.py:4180} INFO - Setting next_dagrun for example_params_ui_tutorial to None, run_after=None
[2026-07-17T23:28:58.355+0530] {processor.py:208} INFO - Processing /Users/bhavishyachallagolla/Desktop/RetailSense/.venv/lib/python3.12/site-packages/airflow/example_dags/example_params_ui_tutorial.py took 0.053 seconds
[2026-07-17T23:30:39.503+0530] {processor.py:186} INFO - Started process (PID=98498) to work on /Users/bhavishyachallagolla/Desktop/RetailSense/.venv/lib/python3.12/site-packages/airflow/example_dags/example_params_ui_tutorial.py
[2026-07-17T23:30:39.504+0530] {processor.py:914} INFO - Processing file /Users/bhavishyachallagolla/Desktop/RetailSense/.venv/lib/python3.12/site-packages/airflow/example_dags/example_params_ui_tutorial.py for tasks to queue
[2026-07-17T23:30:39.504+0530] {logging_mixin.py:190} INFO - [2026-07-17T23:30:39.504+0530] {dagbag.py:588} INFO - Filling up the DagBag from /Users/bhavishyachallagolla/Desktop/RetailSense/.venv/lib/python3.12/site-packages/airflow/example_dags/example_params_ui_tutorial.py
[2026-07-17T23:30:39.516+0530] {processor.py:925} INFO - DAG(s) 'example_params_ui_tutorial' retrieved from /Users/bhavishyachallagolla/Desktop/RetailSense/.venv/lib/python3.12/site-packages/airflow/example_dags/example_params_ui_tutorial.py
[2026-07-17T23:30:39.546+0530] {logging_mixin.py:190} INFO - [2026-07-17T23:30:39.546+0530] {dag.py:3239} INFO - Sync 1 DAGs
[2026-07-17T23:30:39.549+0530] {logging_mixin.py:190} INFO - [2026-07-17T23:30:39.549+0530] {dag.py:4180} INFO - Setting next_dagrun for example_params_ui_tutorial to None, run_after=None
[2026-07-17T23:30:39.554+0530] {processor.py:208} INFO - Processing /Users/bhavishyachallagolla/Desktop/RetailSense/.venv/lib/python3.12/site-packages/airflow/example_dags/example_params_ui_tutorial.py took 0.052 seconds
[2026-07-17T23:32:28.369+0530] {processor.py:186} INFO - Started process (PID=98675) to work on /Users/bhavishyachallagolla/Desktop/RetailSense/.venv/lib/python3.12/site-packages/airflow/example_dags/example_params_ui_tutorial.py
[2026-07-17T23:32:28.370+0530] {processor.py:914} INFO - Processing file /Users/bhavishyachallagolla/Desktop/RetailSense/.venv/lib/python3.12/site-packages/airflow/example_dags/example_params_ui_tutorial.py for tasks to queue
[2026-07-17T23:32:28.370+0530] {logging_mixin.py:190} INFO - [2026-07-17T23:32:28.370+0530] {dagbag.py:588} INFO - Filling up the DagBag from /Users/bhavishyachallagolla/Desktop/RetailSense/.venv/lib/python3.12/site-packages/airflow/example_dags/example_params_ui_tutorial.py
[2026-07-17T23:32:28.383+0530] {processor.py:925} INFO - DAG(s) 'example_params_ui_tutorial' retrieved from /Users/bhavishyachallagolla/Desktop/RetailSense/.venv/lib/python3.12/site-packages/airflow/example_dags/example_params_ui_tutorial.py
[2026-07-17T23:32:28.415+0530] {logging_mixin.py:190} INFO - [2026-07-17T23:32:28.415+0530] {dag.py:3239} INFO - Sync 1 DAGs
[2026-07-17T23:32:28.418+0530] {logging_mixin.py:190} INFO - [2026-07-17T23:32:28.418+0530] {dag.py:4180} INFO - Setting next_dagrun for example_params_ui_tutorial to None, run_after=None
[2026-07-17T23:32:28.423+0530] {processor.py:208} INFO - Processing /Users/bhavishyachallagolla/Desktop/RetailSense/.venv/lib/python3.12/site-packages/airflow/example_dags/example_params_ui_tutorial.py took 0.055 seconds
[2026-07-17T23:34:16.608+0530] {processor.py:186} INFO - Started process (PID=98852) to work on /Users/bhavishyachallagolla/Desktop/RetailSense/.venv/lib/python3.12/site-packages/airflow/example_dags/example_params_ui_tutorial.py
[2026-07-17T23:34:16.609+0530] {processor.py:914} INFO - Processing file /Users/bhavishyachallagolla/Desktop/RetailSense/.venv/lib/python3.12/site-packages/airflow/example_dags/example_params_ui_tutorial.py for tasks to queue
[2026-07-17T23:34:16.609+0530] {logging_mixin.py:190} INFO - [2026-07-17T23:34:16.609+0530] {dagbag.py:588} INFO - Filling up the DagBag from /Users/bhavishyachallagolla/Desktop/RetailSense/.venv/lib/python3.12/site-packages/airflow/example_dags/example_params_ui_tutorial.py
[2026-07-17T23:34:16.622+0530] {processor.py:925} INFO - DAG(s) 'example_params_ui_tutorial' retrieved from /Users/bhavishyachallagolla/Desktop/RetailSense/.venv/lib/python3.12/site-packages/airflow/example_dags/example_params_ui_tutorial.py
[2026-07-17T23:34:16.653+0530] {logging_mixin.py:190} INFO - [2026-07-17T23:34:16.653+0530] {dag.py:3239} INFO - Sync 1 DAGs
[2026-07-17T23:34:16.656+0530] {logging_mixin.py:190} INFO - [2026-07-17T23:34:16.656+0530] {dag.py:4180} INFO - Setting next_dagrun for example_params_ui_tutorial to None, run_after=None
[2026-07-17T23:34:16.661+0530] {processor.py:208} INFO - Processing /Users/bhavishyachallagolla/Desktop/RetailSense/.venv/lib/python3.12/site-packages/airflow/example_dags/example_params_ui_tutorial.py took 0.053 seconds
[2026-07-17T23:36:00.150+0530] {processor.py:186} INFO - Started process (PID=99006) to work on /Users/bhavishyachallagolla/Desktop/RetailSense/.venv/lib/python3.12/site-packages/airflow/example_dags/example_params_ui_tutorial.py
[2026-07-17T23:36:00.150+0530] {processor.py:914} INFO - Processing file /Users/bhavishyachallagolla/Desktop/RetailSense/.venv/lib/python3.12/site-packages/airflow/example_dags/example_params_ui_tutorial.py for tasks to queue
[2026-07-17T23:36:00.150+0530] {logging_mixin.py:190} INFO - [2026-07-17T23:36:00.150+0530] {dagbag.py:588} INFO - Filling up the DagBag from /Users/bhavishyachallagolla/Desktop/RetailSense/.venv/lib/python3.12/site-packages/airflow/example_dags/example_params_ui_tutorial.py
[2026-07-17T23:36:00.162+0530] {processor.py:925} INFO - DAG(s) 'example_params_ui_tutorial' retrieved from /Users/bhavishyachallagolla/Desktop/RetailSense/.venv/lib/python3.12/site-packages/airflow/example_dags/example_params_ui_tutorial.py
[2026-07-17T23:36:00.193+0530] {logging_mixin.py:190} INFO - [2026-07-17T23:36:00.193+0530] {dag.py:3239} INFO - Sync 1 DAGs
[2026-07-17T23:36:00.195+0530] {logging_mixin.py:190} INFO - [2026-07-17T23:36:00.195+0530] {dag.py:4180} INFO - Setting next_dagrun for example_params_ui_tutorial to None, run_after=None
[2026-07-17T23:36:00.200+0530] {processor.py:208} INFO - Processing /Users/bhavishyachallagolla/Desktop/RetailSense/.venv/lib/python3.12/site-packages/airflow/example_dags/example_params_ui_tutorial.py took 0.052 seconds
[2026-07-17T23:37:40.954+0530] {processor.py:186} INFO - Started process (PID=99159) to work on /Users/bhavishyachallagolla/Desktop/RetailSense/.venv/lib/python3.12/site-packages/airflow/example_dags/example_params_ui_tutorial.py
[2026-07-17T23:37:40.954+0530] {processor.py:914} INFO - Processing file /Users/bhavishyachallagolla/Desktop/RetailSense/.venv/lib/python3.12/site-packages/airflow/example_dags/example_params_ui_tutorial.py for tasks to queue
[2026-07-17T23:37:40.955+0530] {logging_mixin.py:190} INFO - [2026-07-17T23:37:40.954+0530] {dagbag.py:588} INFO - Filling up the DagBag from /Users/bhavishyachallagolla/Desktop/RetailSense/.venv/lib/python3.12/site-packages/airflow/example_dags/example_params_ui_tutorial.py
[2026-07-17T23:37:40.967+0530] {processor.py:925} INFO - DAG(s) 'example_params_ui_tutorial' retrieved from /Users/bhavishyachallagolla/Desktop/RetailSense/.venv/lib/python3.12/site-packages/airflow/example_dags/example_params_ui_tutorial.py
[2026-07-17T23:37:40.996+0530] {logging_mixin.py:190} INFO - [2026-07-17T23:37:40.996+0530] {dag.py:3239} INFO - Sync 1 DAGs
[2026-07-17T23:37:40.999+0530] {logging_mixin.py:190} INFO - [2026-07-17T23:37:40.999+0530] {dag.py:4180} INFO - Setting next_dagrun for example_params_ui_tutorial to None, run_after=None
[2026-07-17T23:37:41.004+0530] {processor.py:208} INFO - Processing /Users/bhavishyachallagolla/Desktop/RetailSense/.venv/lib/python3.12/site-packages/airflow/example_dags/example_params_ui_tutorial.py took 0.051 seconds
[2026-07-17T23:39:23.492+0530] {processor.py:186} INFO - Started process (PID=99319) to work on /Users/bhavishyachallagolla/Desktop/RetailSense/.venv/lib/python3.12/site-packages/airflow/example_dags/example_params_ui_tutorial.py
[2026-07-17T23:39:23.493+0530] {processor.py:914} INFO - Processing file /Users/bhavishyachallagolla/Desktop/RetailSense/.venv/lib/python3.12/site-packages/airflow/example_dags/example_params_ui_tutorial.py for tasks to queue
[2026-07-17T23:39:23.493+0530] {logging_mixin.py:190} INFO - [2026-07-17T23:39:23.493+0530] {dagbag.py:588} INFO - Filling up the DagBag from /Users/bhavishyachallagolla/Desktop/RetailSense/.venv/lib/python3.12/site-packages/airflow/example_dags/example_params_ui_tutorial.py
[2026-07-17T23:39:23.505+0530] {processor.py:925} INFO - DAG(s) 'example_params_ui_tutorial' retrieved from /Users/bhavishyachallagolla/Desktop/RetailSense/.venv/lib/python3.12/site-packages/airflow/example_dags/example_params_ui_tutorial.py
[2026-07-17T23:39:23.535+0530] {logging_mixin.py:190} INFO - [2026-07-17T23:39:23.535+0530] {dag.py:3239} INFO - Sync 1 DAGs
[2026-07-17T23:39:23.538+0530] {logging_mixin.py:190} INFO - [2026-07-17T23:39:23.538+0530] {dag.py:4180} INFO - Setting next_dagrun for example_params_ui_tutorial to None, run_after=None
[2026-07-17T23:39:23.543+0530] {processor.py:208} INFO - Processing /Users/bhavishyachallagolla/Desktop/RetailSense/.venv/lib/python3.12/site-packages/airflow/example_dags/example_params_ui_tutorial.py took 0.052 seconds
[2026-07-17T23:41:04.435+0530] {processor.py:186} INFO - Started process (PID=99475) to work on /Users/bhavishyachallagolla/Desktop/RetailSense/.venv/lib/python3.12/site-packages/airflow/example_dags/example_params_ui_tutorial.py
[2026-07-17T23:41:04.435+0530] {processor.py:914} INFO - Processing file /Users/bhavishyachallagolla/Desktop/RetailSense/.venv/lib/python3.12/site-packages/airflow/example_dags/example_params_ui_tutorial.py for tasks to queue
[2026-07-17T23:41:04.435+0530] {logging_mixin.py:190} INFO - [2026-07-17T23:41:04.435+0530] {dagbag.py:588} INFO - Filling up the DagBag from /Users/bhavishyachallagolla/Desktop/RetailSense/.venv/lib/python3.12/site-packages/airflow/example_dags/example_params_ui_tutorial.py
[2026-07-17T23:41:04.448+0530] {processor.py:925} INFO - DAG(s) 'example_params_ui_tutorial' retrieved from /Users/bhavishyachallagolla/Desktop/RetailSense/.venv/lib/python3.12/site-packages/airflow/example_dags/example_params_ui_tutorial.py
[2026-07-17T23:41:04.479+0530] {logging_mixin.py:190} INFO - [2026-07-17T23:41:04.479+0530] {dag.py:3239} INFO - Sync 1 DAGs
[2026-07-17T23:41:04.482+0530] {logging_mixin.py:190} INFO - [2026-07-17T23:41:04.482+0530] {dag.py:4180} INFO - Setting next_dagrun for example_params_ui_tutorial to None, run_after=None
[2026-07-17T23:41:04.487+0530] {processor.py:208} INFO - Processing /Users/bhavishyachallagolla/Desktop/RetailSense/.venv/lib/python3.12/site-packages/airflow/example_dags/example_params_ui_tutorial.py took 0.054 seconds
[2026-07-17T23:42:47.455+0530] {processor.py:186} INFO - Started process (PID=99633) to work on /Users/bhavishyachallagolla/Desktop/RetailSense/.venv/lib/python3.12/site-packages/airflow/example_dags/example_params_ui_tutorial.py
[2026-07-17T23:42:47.456+0530] {processor.py:914} INFO - Processing file /Users/bhavishyachallagolla/Desktop/RetailSense/.venv/lib/python3.12/site-packages/airflow/example_dags/example_params_ui_tutorial.py for tasks to queue
[2026-07-17T23:42:47.457+0530] {logging_mixin.py:190} INFO - [2026-07-17T23:42:47.457+0530] {dagbag.py:588} INFO - Filling up the DagBag from /Users/bhavishyachallagolla/Desktop/RetailSense/.venv/lib/python3.12/site-packages/airflow/example_dags/example_params_ui_tutorial.py
[2026-07-17T23:42:47.469+0530] {processor.py:925} INFO - DAG(s) 'example_params_ui_tutorial' retrieved from /Users/bhavishyachallagolla/Desktop/RetailSense/.venv/lib/python3.12/site-packages/airflow/example_dags/example_params_ui_tutorial.py
[2026-07-17T23:42:47.499+0530] {logging_mixin.py:190} INFO - [2026-07-17T23:42:47.499+0530] {dag.py:3239} INFO - Sync 1 DAGs
[2026-07-17T23:42:47.501+0530] {logging_mixin.py:190} INFO - [2026-07-17T23:42:47.501+0530] {dag.py:4180} INFO - Setting next_dagrun for example_params_ui_tutorial to None, run_after=None
[2026-07-17T23:42:47.506+0530] {processor.py:208} INFO - Processing /Users/bhavishyachallagolla/Desktop/RetailSense/.venv/lib/python3.12/site-packages/airflow/example_dags/example_params_ui_tutorial.py took 0.052 seconds
[2026-07-17T23:44:29.636+0530] {processor.py:186} INFO - Started process (PID=99786) to work on /Users/bhavishyachallagolla/Desktop/RetailSense/.venv/lib/python3.12/site-packages/airflow/example_dags/example_params_ui_tutorial.py
[2026-07-17T23:44:29.636+0530] {processor.py:914} INFO - Processing file /Users/bhavishyachallagolla/Desktop/RetailSense/.venv/lib/python3.12/site-packages/airflow/example_dags/example_params_ui_tutorial.py for tasks to queue
[2026-07-17T23:44:29.636+0530] {logging_mixin.py:190} INFO - [2026-07-17T23:44:29.636+0530] {dagbag.py:588} INFO - Filling up the DagBag from /Users/bhavishyachallagolla/Desktop/RetailSense/.venv/lib/python3.12/site-packages/airflow/example_dags/example_params_ui_tutorial.py
[2026-07-17T23:44:29.648+0530] {processor.py:925} INFO - DAG(s) 'example_params_ui_tutorial' retrieved from /Users/bhavishyachallagolla/Desktop/RetailSense/.venv/lib/python3.12/site-packages/airflow/example_dags/example_params_ui_tutorial.py
[2026-07-17T23:44:29.679+0530] {logging_mixin.py:190} INFO - [2026-07-17T23:44:29.678+0530] {dag.py:3239} INFO - Sync 1 DAGs
[2026-07-17T23:44:29.681+0530] {logging_mixin.py:190} INFO - [2026-07-17T23:44:29.681+0530] {dag.py:4180} INFO - Setting next_dagrun for example_params_ui_tutorial to None, run_after=None
[2026-07-17T23:44:29.686+0530] {processor.py:208} INFO - Processing /Users/bhavishyachallagolla/Desktop/RetailSense/.venv/lib/python3.12/site-packages/airflow/example_dags/example_params_ui_tutorial.py took 0.051 seconds
[2026-07-17T23:46:13.980+0530] {processor.py:186} INFO - Started process (PID=99946) to work on /Users/bhavishyachallagolla/Desktop/RetailSense/.venv/lib/python3.12/site-packages/airflow/example_dags/example_params_ui_tutorial.py
[2026-07-17T23:46:13.980+0530] {processor.py:914} INFO - Processing file /Users/bhavishyachallagolla/Desktop/RetailSense/.venv/lib/python3.12/site-packages/airflow/example_dags/example_params_ui_tutorial.py for tasks to queue
[2026-07-17T23:46:13.980+0530] {logging_mixin.py:190} INFO - [2026-07-17T23:46:13.980+0530] {dagbag.py:588} INFO - Filling up the DagBag from /Users/bhavishyachallagolla/Desktop/RetailSense/.venv/lib/python3.12/site-packages/airflow/example_dags/example_params_ui_tutorial.py
[2026-07-17T23:46:13.992+0530] {processor.py:925} INFO - DAG(s) 'example_params_ui_tutorial' retrieved from /Users/bhavishyachallagolla/Desktop/RetailSense/.venv/lib/python3.12/site-packages/airflow/example_dags/example_params_ui_tutorial.py
[2026-07-17T23:46:14.023+0530] {logging_mixin.py:190} INFO - [2026-07-17T23:46:14.023+0530] {dag.py:3239} INFO - Sync 1 DAGs
[2026-07-17T23:46:14.025+0530] {logging_mixin.py:190} INFO - [2026-07-17T23:46:14.025+0530] {dag.py:4180} INFO - Setting next_dagrun for example_params_ui_tutorial to None, run_after=None
[2026-07-17T23:46:14.030+0530] {processor.py:208} INFO - Processing /Users/bhavishyachallagolla/Desktop/RetailSense/.venv/lib/python3.12/site-packages/airflow/example_dags/example_params_ui_tutorial.py took 0.051 seconds
[2026-07-17T23:48:11.717+0530] {processor.py:186} INFO - Started process (PID=228) to work on /Users/bhavishyachallagolla/Desktop/RetailSense/.venv/lib/python3.12/site-packages/airflow/example_dags/example_params_ui_tutorial.py
[2026-07-17T23:48:11.718+0530] {processor.py:914} INFO - Processing file /Users/bhavishyachallagolla/Desktop/RetailSense/.venv/lib/python3.12/site-packages/airflow/example_dags/example_params_ui_tutorial.py for tasks to queue
[2026-07-17T23:48:11.718+0530] {logging_mixin.py:190} INFO - [2026-07-17T23:48:11.718+0530] {dagbag.py:588} INFO - Filling up the DagBag from /Users/bhavishyachallagolla/Desktop/RetailSense/.venv/lib/python3.12/site-packages/airflow/example_dags/example_params_ui_tutorial.py
[2026-07-17T23:48:11.730+0530] {processor.py:925} INFO - DAG(s) 'example_params_ui_tutorial' retrieved from /Users/bhavishyachallagolla/Desktop/RetailSense/.venv/lib/python3.12/site-packages/airflow/example_dags/example_params_ui_tutorial.py
[2026-07-17T23:48:11.760+0530] {logging_mixin.py:190} INFO - [2026-07-17T23:48:11.759+0530] {dag.py:3239} INFO - Sync 1 DAGs
[2026-07-17T23:48:11.762+0530] {logging_mixin.py:190} INFO - [2026-07-17T23:48:11.762+0530] {dag.py:4180} INFO - Setting next_dagrun for example_params_ui_tutorial to None, run_after=None
[2026-07-17T23:48:11.767+0530] {processor.py:208} INFO - Processing /Users/bhavishyachallagolla/Desktop/RetailSense/.venv/lib/python3.12/site-packages/airflow/example_dags/example_params_ui_tutorial.py took 0.051 seconds
[2026-07-17T23:49:57.697+0530] {processor.py:186} INFO - Started process (PID=441) to work on /Users/bhavishyachallagolla/Desktop/RetailSense/.venv/lib/python3.12/site-packages/airflow/example_dags/example_params_ui_tutorial.py
[2026-07-17T23:49:57.698+0530] {processor.py:914} INFO - Processing file /Users/bhavishyachallagolla/Desktop/RetailSense/.venv/lib/python3.12/site-packages/airflow/example_dags/example_params_ui_tutorial.py for tasks to queue
[2026-07-17T23:49:57.698+0530] {logging_mixin.py:190} INFO - [2026-07-17T23:49:57.698+0530] {dagbag.py:588} INFO - Filling up the DagBag from /Users/bhavishyachallagolla/Desktop/RetailSense/.venv/lib/python3.12/site-packages/airflow/example_dags/example_params_ui_tutorial.py
[2026-07-17T23:49:57.711+0530] {processor.py:925} INFO - DAG(s) 'example_params_ui_tutorial' retrieved from /Users/bhavishyachallagolla/Desktop/RetailSense/.venv/lib/python3.12/site-packages/airflow/example_dags/example_params_ui_tutorial.py
[2026-07-17T23:49:57.742+0530] {logging_mixin.py:190} INFO - [2026-07-17T23:49:57.742+0530] {dag.py:3239} INFO - Sync 1 DAGs
[2026-07-17T23:49:57.745+0530] {logging_mixin.py:190} INFO - [2026-07-17T23:49:57.745+0530] {dag.py:4180} INFO - Setting next_dagrun for example_params_ui_tutorial to None, run_after=None
[2026-07-17T23:49:57.750+0530] {processor.py:208} INFO - Processing /Users/bhavishyachallagolla/Desktop/RetailSense/.venv/lib/python3.12/site-packages/airflow/example_dags/example_params_ui_tutorial.py took 0.054 seconds
[2026-07-17T23:51:41.979+0530] {processor.py:186} INFO - Started process (PID=670) to work on /Users/bhavishyachallagolla/Desktop/RetailSense/.venv/lib/python3.12/site-packages/airflow/example_dags/example_params_ui_tutorial.py
[2026-07-17T23:51:41.979+0530] {processor.py:914} INFO - Processing file /Users/bhavishyachallagolla/Desktop/RetailSense/.venv/lib/python3.12/site-packages/airflow/example_dags/example_params_ui_tutorial.py for tasks to queue
[2026-07-17T23:51:41.980+0530] {logging_mixin.py:190} INFO - [2026-07-17T23:51:41.979+0530] {dagbag.py:588} INFO - Filling up the DagBag from /Users/bhavishyachallagolla/Desktop/RetailSense/.venv/lib/python3.12/site-packages/airflow/example_dags/example_params_ui_tutorial.py
[2026-07-17T23:51:41.992+0530] {processor.py:925} INFO - DAG(s) 'example_params_ui_tutorial' retrieved from /Users/bhavishyachallagolla/Desktop/RetailSense/.venv/lib/python3.12/site-packages/airflow/example_dags/example_params_ui_tutorial.py
[2026-07-17T23:51:42.021+0530] {logging_mixin.py:190} INFO - [2026-07-17T23:51:42.021+0530] {dag.py:3239} INFO - Sync 1 DAGs
[2026-07-17T23:51:42.024+0530] {logging_mixin.py:190} INFO - [2026-07-17T23:51:42.024+0530] {dag.py:4180} INFO - Setting next_dagrun for example_params_ui_tutorial to None, run_after=None
[2026-07-17T23:51:42.028+0530] {processor.py:208} INFO - Processing /Users/bhavishyachallagolla/Desktop/RetailSense/.venv/lib/python3.12/site-packages/airflow/example_dags/example_params_ui_tutorial.py took 0.051 seconds
[2026-07-17T23:53:31.725+0530] {processor.py:186} INFO - Started process (PID=919) to work on /Users/bhavishyachallagolla/Desktop/RetailSense/.venv/lib/python3.12/site-packages/airflow/example_dags/example_params_ui_tutorial.py
[2026-07-17T23:53:31.726+0530] {processor.py:914} INFO - Processing file /Users/bhavishyachallagolla/Desktop/RetailSense/.venv/lib/python3.12/site-packages/airflow/example_dags/example_params_ui_tutorial.py for tasks to queue
[2026-07-17T23:53:31.726+0530] {logging_mixin.py:190} INFO - [2026-07-17T23:53:31.726+0530] {dagbag.py:588} INFO - Filling up the DagBag from /Users/bhavishyachallagolla/Desktop/RetailSense/.venv/lib/python3.12/site-packages/airflow/example_dags/example_params_ui_tutorial.py
[2026-07-17T23:53:31.738+0530] {processor.py:925} INFO - DAG(s) 'example_params_ui_tutorial' retrieved from /Users/bhavishyachallagolla/Desktop/RetailSense/.venv/lib/python3.12/site-packages/airflow/example_dags/example_params_ui_tutorial.py
[2026-07-17T23:53:31.768+0530] {logging_mixin.py:190} INFO - [2026-07-17T23:53:31.768+0530] {dag.py:3239} INFO - Sync 1 DAGs
[2026-07-17T23:53:31.770+0530] {logging_mixin.py:190} INFO - [2026-07-17T23:53:31.770+0530] {dag.py:4180} INFO - Setting next_dagrun for example_params_ui_tutorial to None, run_after=None
[2026-07-17T23:53:31.775+0530] {processor.py:208} INFO - Processing /Users/bhavishyachallagolla/Desktop/RetailSense/.venv/lib/python3.12/site-packages/airflow/example_dags/example_params_ui_tutorial.py took 0.051 seconds
[2026-07-17T23:55:25.319+0530] {processor.py:186} INFO - Started process (PID=1116) to work on /Users/bhavishyachallagolla/Desktop/RetailSense/.venv/lib/python3.12/site-packages/airflow/example_dags/example_params_ui_tutorial.py
[2026-07-17T23:55:25.320+0530] {processor.py:914} INFO - Processing file /Users/bhavishyachallagolla/Desktop/RetailSense/.venv/lib/python3.12/site-packages/airflow/example_dags/example_params_ui_tutorial.py for tasks to queue
[2026-07-17T23:55:25.320+0530] {logging_mixin.py:190} INFO - [2026-07-17T23:55:25.320+0530] {dagbag.py:588} INFO - Filling up the DagBag from /Users/bhavishyachallagolla/Desktop/RetailSense/.venv/lib/python3.12/site-packages/airflow/example_dags/example_params_ui_tutorial.py
[2026-07-17T23:55:25.332+0530] {processor.py:925} INFO - DAG(s) 'example_params_ui_tutorial' retrieved from /Users/bhavishyachallagolla/Desktop/RetailSense/.venv/lib/python3.12/site-packages/airflow/example_dags/example_params_ui_tutorial.py
[2026-07-17T23:55:25.363+0530] {logging_mixin.py:190} INFO - [2026-07-17T23:55:25.363+0530] {dag.py:3239} INFO - Sync 1 DAGs
[2026-07-17T23:55:25.366+0530] {logging_mixin.py:190} INFO - [2026-07-17T23:55:25.366+0530] {dag.py:4180} INFO - Setting next_dagrun for example_params_ui_tutorial to None, run_after=None
[2026-07-17T23:55:25.370+0530] {processor.py:208} INFO - Processing /Users/bhavishyachallagolla/Desktop/RetailSense/.venv/lib/python3.12/site-packages/airflow/example_dags/example_params_ui_tutorial.py took 0.053 seconds
