[2026-07-17T20:08:51.672+0530] {processor.py:186} INFO - Started process (PID=87148) to work on /Users/bhavishyachallagolla/Desktop/RetailSense/.venv/lib/python3.12/site-packages/airflow/example_dags/tutorial_taskflow_api_virtualenv.py
[2026-07-17T20:08:51.673+0530] {processor.py:914} INFO - Processing file /Users/bhavishyachallagolla/Desktop/RetailSense/.venv/lib/python3.12/site-packages/airflow/example_dags/tutorial_taskflow_api_virtualenv.py for tasks to queue
[2026-07-17T20:08:51.673+0530] {logging_mixin.py:190} INFO - [2026-07-17T20:08:51.673+0530] {dagbag.py:588} INFO - Filling up the DagBag from /Users/bhavishyachallagolla/Desktop/RetailSense/.venv/lib/python3.12/site-packages/airflow/example_dags/tutorial_taskflow_api_virtualenv.py
[2026-07-17T20:08:51.683+0530] {logging_mixin.py:190} INFO - [2026-07-17T20:08:51.683+0530] {tutorial_taskflow_api_virtualenv.py:29} WARNING - The tutorial_taskflow_api_virtualenv example DAG requires virtualenv, please install it.
[2026-07-17T20:08:51.683+0530] {processor.py:927} WARNING - No viable dags retrieved from /Users/bhavishyachallagolla/Desktop/RetailSense/.venv/lib/python3.12/site-packages/airflow/example_dags/tutorial_taskflow_api_virtualenv.py
[2026-07-17T20:08:51.704+0530] {processor.py:208} INFO - Processing /Users/bhavishyachallagolla/Desktop/RetailSense/.venv/lib/python3.12/site-packages/airflow/example_dags/tutorial_taskflow_api_virtualenv.py took 0.033 seconds
[2026-07-17T20:09:49.232+0530] {processor.py:186} INFO - Started process (PID=87253) to work on /Users/bhavishyachallagolla/Desktop/RetailSense/.venv/lib/python3.12/site-packages/airflow/example_dags/tutorial_taskflow_api_virtualenv.py
[2026-07-17T20:09:49.233+0530] {processor.py:914} INFO - Processing file /Users/bhavishyachallagolla/Desktop/RetailSense/.venv/lib/python3.12/site-packages/airflow/example_dags/tutorial_taskflow_api_virtualenv.py for tasks to queue
[2026-07-17T20:09:49.234+0530] {logging_mixin.py:190} INFO - [2026-07-17T20:09:49.233+0530] {dagbag.py:588} INFO - Filling up the DagBag from /Users/bhavishyachallagolla/Desktop/RetailSense/.venv/lib/python3.12/site-packages/airflow/example_dags/tutorial_taskflow_api_virtualenv.py
[2026-07-17T20:09:49.244+0530] {logging_mixin.py:190} INFO - [2026-07-17T20:09:49.244+0530] {tutorial_taskflow_api_virtualenv.py:29} WARNING - The tutorial_taskflow_api_virtualenv example DAG requires virtualenv, please install it.
[2026-07-17T20:09:49.244+0530] {processor.py:927} WARNING - No viable dags retrieved from /Users/bhavishyachallagolla/Desktop/RetailSense/.venv/lib/python3.12/site-packages/airflow/example_dags/tutorial_taskflow_api_virtualenv.py
[2026-07-17T20:09:49.265+0530] {processor.py:208} INFO - Processing /Users/bhavishyachallagolla/Desktop/RetailSense/.venv/lib/python3.12/site-packages/airflow/example_dags/tutorial_taskflow_api_virtualenv.py took 0.034 seconds
[2026-07-17T20:11:08.689+0530] {processor.py:186} INFO - Started process (PID=87378) to work on /Users/bhavishyachallagolla/Desktop/RetailSense/.venv/lib/python3.12/site-packages/airflow/example_dags/tutorial_taskflow_api_virtualenv.py
[2026-07-17T20:11:08.690+0530] {processor.py:914} INFO - Processing file /Users/bhavishyachallagolla/Desktop/RetailSense/.venv/lib/python3.12/site-packages/airflow/example_dags/tutorial_taskflow_api_virtualenv.py for tasks to queue
[2026-07-17T20:11:08.691+0530] {logging_mixin.py:190} INFO - [2026-07-17T20:11:08.691+0530] {dagbag.py:588} INFO - Filling up the DagBag from /Users/bhavishyachallagolla/Desktop/RetailSense/.venv/lib/python3.12/site-packages/airflow/example_dags/tutorial_taskflow_api_virtualenv.py
[2026-07-17T20:11:08.702+0530] {logging_mixin.py:190} INFO - [2026-07-17T20:11:08.702+0530] {tutorial_taskflow_api_virtualenv.py:29} WARNING - The tutorial_taskflow_api_virtualenv example DAG requires virtualenv, please install it.
[2026-07-17T20:11:08.702+0530] {processor.py:927} WARNING - No viable dags retrieved from /Users/bhavishyachallagolla/Desktop/RetailSense/.venv/lib/python3.12/site-packages/airflow/example_dags/tutorial_taskflow_api_virtualenv.py
[2026-07-17T20:11:08.724+0530] {processor.py:208} INFO - Processing /Users/bhavishyachallagolla/Desktop/RetailSense/.venv/lib/python3.12/site-packages/airflow/example_dags/tutorial_taskflow_api_virtualenv.py took 0.036 seconds
[2026-07-17T20:11:58.268+0530] {processor.py:186} INFO - Started process (PID=87452) to work on /Users/bhavishyachallagolla/Desktop/RetailSense/.venv/lib/python3.12/site-packages/airflow/example_dags/tutorial_taskflow_api_virtualenv.py
[2026-07-17T20:11:58.269+0530] {processor.py:914} INFO - Processing file /Users/bhavishyachallagolla/Desktop/RetailSense/.venv/lib/python3.12/site-packages/airflow/example_dags/tutorial_taskflow_api_virtualenv.py for tasks to queue
[2026-07-17T20:11:58.269+0530] {logging_mixin.py:190} INFO - [2026-07-17T20:11:58.269+0530] {dagbag.py:588} INFO - Filling up the DagBag from /Users/bhavishyachallagolla/Desktop/RetailSense/.venv/lib/python3.12/site-packages/airflow/example_dags/tutorial_taskflow_api_virtualenv.py
[2026-07-17T20:11:58.280+0530] {logging_mixin.py:190} INFO - [2026-07-17T20:11:58.279+0530] {tutorial_taskflow_api_virtualenv.py:29} WARNING - The tutorial_taskflow_api_virtualenv example DAG requires virtualenv, please install it.
[2026-07-17T20:11:58.280+0530] {processor.py:927} WARNING - No viable dags retrieved from /Users/bhavishyachallagolla/Desktop/RetailSense/.venv/lib/python3.12/site-packages/airflow/example_dags/tutorial_taskflow_api_virtualenv.py
[2026-07-17T20:11:58.300+0530] {processor.py:208} INFO - Processing /Users/bhavishyachallagolla/Desktop/RetailSense/.venv/lib/python3.12/site-packages/airflow/example_dags/tutorial_taskflow_api_virtualenv.py took 0.033 seconds
[2026-07-17T20:12:48.694+0530] {processor.py:186} INFO - Started process (PID=87528) to work on /Users/bhavishyachallagolla/Desktop/RetailSense/.venv/lib/python3.12/site-packages/airflow/example_dags/tutorial_taskflow_api_virtualenv.py
[2026-07-17T20:12:48.695+0530] {processor.py:914} INFO - Processing file /Users/bhavishyachallagolla/Desktop/RetailSense/.venv/lib/python3.12/site-packages/airflow/example_dags/tutorial_taskflow_api_virtualenv.py for tasks to queue
[2026-07-17T20:12:48.696+0530] {logging_mixin.py:190} INFO - [2026-07-17T20:12:48.696+0530] {dagbag.py:588} INFO - Filling up the DagBag from /Users/bhavishyachallagolla/Desktop/RetailSense/.venv/lib/python3.12/site-packages/airflow/example_dags/tutorial_taskflow_api_virtualenv.py
[2026-07-17T20:12:48.707+0530] {logging_mixin.py:190} INFO - [2026-07-17T20:12:48.706+0530] {tutorial_taskflow_api_virtualenv.py:29} WARNING - The tutorial_taskflow_api_virtualenv example DAG requires virtualenv, please install it.
[2026-07-17T20:12:48.707+0530] {processor.py:927} WARNING - No viable dags retrieved from /Users/bhavishyachallagolla/Desktop/RetailSense/.venv/lib/python3.12/site-packages/airflow/example_dags/tutorial_taskflow_api_virtualenv.py
[2026-07-17T20:12:48.728+0530] {processor.py:208} INFO - Processing /Users/bhavishyachallagolla/Desktop/RetailSense/.venv/lib/python3.12/site-packages/airflow/example_dags/tutorial_taskflow_api_virtualenv.py took 0.035 seconds
[2026-07-17T20:13:38.340+0530] {processor.py:186} INFO - Started process (PID=87606) to work on /Users/bhavishyachallagolla/Desktop/RetailSense/.venv/lib/python3.12/site-packages/airflow/example_dags/tutorial_taskflow_api_virtualenv.py
[2026-07-17T20:13:38.342+0530] {processor.py:914} INFO - Processing file /Users/bhavishyachallagolla/Desktop/RetailSense/.venv/lib/python3.12/site-packages/airflow/example_dags/tutorial_taskflow_api_virtualenv.py for tasks to queue
[2026-07-17T20:13:38.342+0530] {logging_mixin.py:190} INFO - [2026-07-17T20:13:38.342+0530] {dagbag.py:588} INFO - Filling up the DagBag from /Users/bhavishyachallagolla/Desktop/RetailSense/.venv/lib/python3.12/site-packages/airflow/example_dags/tutorial_taskflow_api_virtualenv.py
[2026-07-17T20:13:38.352+0530] {logging_mixin.py:190} INFO - [2026-07-17T20:13:38.352+0530] {tutorial_taskflow_api_virtualenv.py:29} WARNING - The tutorial_taskflow_api_virtualenv example DAG requires virtualenv, please install it.
[2026-07-17T20:13:38.352+0530] {processor.py:927} WARNING - No viable dags retrieved from /Users/bhavishyachallagolla/Desktop/RetailSense/.venv/lib/python3.12/site-packages/airflow/example_dags/tutorial_taskflow_api_virtualenv.py
[2026-07-17T20:13:38.373+0530] {processor.py:208} INFO - Processing /Users/bhavishyachallagolla/Desktop/RetailSense/.venv/lib/python3.12/site-packages/airflow/example_dags/tutorial_taskflow_api_virtualenv.py took 0.034 seconds
[2026-07-17T20:14:28.666+0530] {processor.py:186} INFO - Started process (PID=87681) to work on /Users/bhavishyachallagolla/Desktop/RetailSense/.venv/lib/python3.12/site-packages/airflow/example_dags/tutorial_taskflow_api_virtualenv.py
[2026-07-17T20:14:28.667+0530] {processor.py:914} INFO - Processing file /Users/bhavishyachallagolla/Desktop/RetailSense/.venv/lib/python3.12/site-packages/airflow/example_dags/tutorial_taskflow_api_virtualenv.py for tasks to queue
[2026-07-17T20:14:28.667+0530] {logging_mixin.py:190} INFO - [2026-07-17T20:14:28.667+0530] {dagbag.py:588} INFO - Filling up the DagBag from /Users/bhavishyachallagolla/Desktop/RetailSense/.venv/lib/python3.12/site-packages/airflow/example_dags/tutorial_taskflow_api_virtualenv.py
[2026-07-17T20:14:28.678+0530] {logging_mixin.py:190} INFO - [2026-07-17T20:14:28.678+0530] {tutorial_taskflow_api_virtualenv.py:29} WARNING - The tutorial_taskflow_api_virtualenv example DAG requires virtualenv, please install it.
[2026-07-17T20:14:28.678+0530] {processor.py:927} WARNING - No viable dags retrieved from /Users/bhavishyachallagolla/Desktop/RetailSense/.venv/lib/python3.12/site-packages/airflow/example_dags/tutorial_taskflow_api_virtualenv.py
[2026-07-17T20:14:28.699+0530] {processor.py:208} INFO - Processing /Users/bhavishyachallagolla/Desktop/RetailSense/.venv/lib/python3.12/site-packages/airflow/example_dags/tutorial_taskflow_api_virtualenv.py took 0.034 seconds
[2026-07-17T20:15:18.830+0530] {processor.py:186} INFO - Started process (PID=87772) to work on /Users/bhavishyachallagolla/Desktop/RetailSense/.venv/lib/python3.12/site-packages/airflow/example_dags/tutorial_taskflow_api_virtualenv.py
[2026-07-17T20:15:18.831+0530] {processor.py:914} INFO - Processing file /Users/bhavishyachallagolla/Desktop/RetailSense/.venv/lib/python3.12/site-packages/airflow/example_dags/tutorial_taskflow_api_virtualenv.py for tasks to queue
[2026-07-17T20:15:18.831+0530] {logging_mixin.py:190} INFO - [2026-07-17T20:15:18.831+0530] {dagbag.py:588} INFO - Filling up the DagBag from /Users/bhavishyachallagolla/Desktop/RetailSense/.venv/lib/python3.12/site-packages/airflow/example_dags/tutorial_taskflow_api_virtualenv.py
[2026-07-17T20:15:18.843+0530] {logging_mixin.py:190} INFO - [2026-07-17T20:15:18.843+0530] {tutorial_taskflow_api_virtualenv.py:29} WARNING - The tutorial_taskflow_api_virtualenv example DAG requires virtualenv, please install it.
[2026-07-17T20:15:18.843+0530] {processor.py:927} WARNING - No viable dags retrieved from /Users/bhavishyachallagolla/Desktop/RetailSense/.venv/lib/python3.12/site-packages/airflow/example_dags/tutorial_taskflow_api_virtualenv.py
[2026-07-17T20:15:18.865+0530] {processor.py:208} INFO - Processing /Users/bhavishyachallagolla/Desktop/RetailSense/.venv/lib/python3.12/site-packages/airflow/example_dags/tutorial_taskflow_api_virtualenv.py took 0.036 seconds
[2026-07-17T20:16:08.838+0530] {processor.py:186} INFO - Started process (PID=87849) to work on /Users/bhavishyachallagolla/Desktop/RetailSense/.venv/lib/python3.12/site-packages/airflow/example_dags/tutorial_taskflow_api_virtualenv.py
[2026-07-17T20:16:08.839+0530] {processor.py:914} INFO - Processing file /Users/bhavishyachallagolla/Desktop/RetailSense/.venv/lib/python3.12/site-packages/airflow/example_dags/tutorial_taskflow_api_virtualenv.py for tasks to queue
[2026-07-17T20:16:08.839+0530] {logging_mixin.py:190} INFO - [2026-07-17T20:16:08.839+0530] {dagbag.py:588} INFO - Filling up the DagBag from /Users/bhavishyachallagolla/Desktop/RetailSense/.venv/lib/python3.12/site-packages/airflow/example_dags/tutorial_taskflow_api_virtualenv.py
[2026-07-17T20:16:08.850+0530] {logging_mixin.py:190} INFO - [2026-07-17T20:16:08.850+0530] {tutorial_taskflow_api_virtualenv.py:29} WARNING - The tutorial_taskflow_api_virtualenv example DAG requires virtualenv, please install it.
[2026-07-17T20:16:08.850+0530] {processor.py:927} WARNING - No viable dags retrieved from /Users/bhavishyachallagolla/Desktop/RetailSense/.venv/lib/python3.12/site-packages/airflow/example_dags/tutorial_taskflow_api_virtualenv.py
[2026-07-17T20:16:08.871+0530] {processor.py:208} INFO - Processing /Users/bhavishyachallagolla/Desktop/RetailSense/.venv/lib/python3.12/site-packages/airflow/example_dags/tutorial_taskflow_api_virtualenv.py took 0.035 seconds
[2026-07-17T20:16:57.819+0530] {processor.py:186} INFO - Started process (PID=87921) to work on /Users/bhavishyachallagolla/Desktop/RetailSense/.venv/lib/python3.12/site-packages/airflow/example_dags/tutorial_taskflow_api_virtualenv.py
[2026-07-17T20:16:57.819+0530] {processor.py:914} INFO - Processing file /Users/bhavishyachallagolla/Desktop/RetailSense/.venv/lib/python3.12/site-packages/airflow/example_dags/tutorial_taskflow_api_virtualenv.py for tasks to queue
[2026-07-17T20:16:57.819+0530] {logging_mixin.py:190} INFO - [2026-07-17T20:16:57.819+0530] {dagbag.py:588} INFO - Filling up the DagBag from /Users/bhavishyachallagolla/Desktop/RetailSense/.venv/lib/python3.12/site-packages/airflow/example_dags/tutorial_taskflow_api_virtualenv.py
[2026-07-17T20:16:57.830+0530] {logging_mixin.py:190} INFO - [2026-07-17T20:16:57.830+0530] {tutorial_taskflow_api_virtualenv.py:29} WARNING - The tutorial_taskflow_api_virtualenv example DAG requires virtualenv, please install it.
[2026-07-17T20:16:57.830+0530] {processor.py:927} WARNING - No viable dags retrieved from /Users/bhavishyachallagolla/Desktop/RetailSense/.venv/lib/python3.12/site-packages/airflow/example_dags/tutorial_taskflow_api_virtualenv.py
[2026-07-17T20:16:57.851+0530] {processor.py:208} INFO - Processing /Users/bhavishyachallagolla/Desktop/RetailSense/.venv/lib/python3.12/site-packages/airflow/example_dags/tutorial_taskflow_api_virtualenv.py took 0.033 seconds
[2026-07-17T20:17:47.254+0530] {processor.py:186} INFO - Started process (PID=87996) to work on /Users/bhavishyachallagolla/Desktop/RetailSense/.venv/lib/python3.12/site-packages/airflow/example_dags/tutorial_taskflow_api_virtualenv.py
[2026-07-17T20:17:47.255+0530] {processor.py:914} INFO - Processing file /Users/bhavishyachallagolla/Desktop/RetailSense/.venv/lib/python3.12/site-packages/airflow/example_dags/tutorial_taskflow_api_virtualenv.py for tasks to queue
[2026-07-17T20:17:47.255+0530] {logging_mixin.py:190} INFO - [2026-07-17T20:17:47.255+0530] {dagbag.py:588} INFO - Filling up the DagBag from /Users/bhavishyachallagolla/Desktop/RetailSense/.venv/lib/python3.12/site-packages/airflow/example_dags/tutorial_taskflow_api_virtualenv.py
[2026-07-17T20:17:47.266+0530] {logging_mixin.py:190} INFO - [2026-07-17T20:17:47.266+0530] {tutorial_taskflow_api_virtualenv.py:29} WARNING - The tutorial_taskflow_api_virtualenv example DAG requires virtualenv, please install it.
[2026-07-17T20:17:47.266+0530] {processor.py:927} WARNING - No viable dags retrieved from /Users/bhavishyachallagolla/Desktop/RetailSense/.venv/lib/python3.12/site-packages/airflow/example_dags/tutorial_taskflow_api_virtualenv.py
[2026-07-17T20:17:47.287+0530] {processor.py:208} INFO - Processing /Users/bhavishyachallagolla/Desktop/RetailSense/.venv/lib/python3.12/site-packages/airflow/example_dags/tutorial_taskflow_api_virtualenv.py took 0.033 seconds
[2026-07-17T20:18:37.709+0530] {processor.py:186} INFO - Started process (PID=88074) to work on /Users/bhavishyachallagolla/Desktop/RetailSense/.venv/lib/python3.12/site-packages/airflow/example_dags/tutorial_taskflow_api_virtualenv.py
[2026-07-17T20:18:37.710+0530] {processor.py:914} INFO - Processing file /Users/bhavishyachallagolla/Desktop/RetailSense/.venv/lib/python3.12/site-packages/airflow/example_dags/tutorial_taskflow_api_virtualenv.py for tasks to queue
[2026-07-17T20:18:37.710+0530] {logging_mixin.py:190} INFO - [2026-07-17T20:18:37.710+0530] {dagbag.py:588} INFO - Filling up the DagBag from /Users/bhavishyachallagolla/Desktop/RetailSense/.venv/lib/python3.12/site-packages/airflow/example_dags/tutorial_taskflow_api_virtualenv.py
[2026-07-17T20:18:37.722+0530] {logging_mixin.py:190} INFO - [2026-07-17T20:18:37.722+0530] {tutorial_taskflow_api_virtualenv.py:29} WARNING - The tutorial_taskflow_api_virtualenv example DAG requires virtualenv, please install it.
[2026-07-17T20:18:37.722+0530] {processor.py:927} WARNING - No viable dags retrieved from /Users/bhavishyachallagolla/Desktop/RetailSense/.venv/lib/python3.12/site-packages/airflow/example_dags/tutorial_taskflow_api_virtualenv.py
[2026-07-17T20:18:37.744+0530] {processor.py:208} INFO - Processing /Users/bhavishyachallagolla/Desktop/RetailSense/.venv/lib/python3.12/site-packages/airflow/example_dags/tutorial_taskflow_api_virtualenv.py took 0.036 seconds
[2026-07-17T20:19:28.145+0530] {processor.py:186} INFO - Started process (PID=88149) to work on /Users/bhavishyachallagolla/Desktop/RetailSense/.venv/lib/python3.12/site-packages/airflow/example_dags/tutorial_taskflow_api_virtualenv.py
[2026-07-17T20:19:28.145+0530] {processor.py:914} INFO - Processing file /Users/bhavishyachallagolla/Desktop/RetailSense/.venv/lib/python3.12/site-packages/airflow/example_dags/tutorial_taskflow_api_virtualenv.py for tasks to queue
[2026-07-17T20:19:28.145+0530] {logging_mixin.py:190} INFO - [2026-07-17T20:19:28.145+0530] {dagbag.py:588} INFO - Filling up the DagBag from /Users/bhavishyachallagolla/Desktop/RetailSense/.venv/lib/python3.12/site-packages/airflow/example_dags/tutorial_taskflow_api_virtualenv.py
[2026-07-17T20:19:28.156+0530] {logging_mixin.py:190} INFO - [2026-07-17T20:19:28.156+0530] {tutorial_taskflow_api_virtualenv.py:29} WARNING - The tutorial_taskflow_api_virtualenv example DAG requires virtualenv, please install it.
[2026-07-17T20:19:28.157+0530] {processor.py:927} WARNING - No viable dags retrieved from /Users/bhavishyachallagolla/Desktop/RetailSense/.venv/lib/python3.12/site-packages/airflow/example_dags/tutorial_taskflow_api_virtualenv.py
[2026-07-17T20:19:28.178+0530] {processor.py:208} INFO - Processing /Users/bhavishyachallagolla/Desktop/RetailSense/.venv/lib/python3.12/site-packages/airflow/example_dags/tutorial_taskflow_api_virtualenv.py took 0.034 seconds
[2026-07-17T20:20:16.798+0530] {processor.py:186} INFO - Started process (PID=88240) to work on /Users/bhavishyachallagolla/Desktop/RetailSense/.venv/lib/python3.12/site-packages/airflow/example_dags/tutorial_taskflow_api_virtualenv.py
[2026-07-17T20:20:16.799+0530] {processor.py:914} INFO - Processing file /Users/bhavishyachallagolla/Desktop/RetailSense/.venv/lib/python3.12/site-packages/airflow/example_dags/tutorial_taskflow_api_virtualenv.py for tasks to queue
[2026-07-17T20:20:16.799+0530] {logging_mixin.py:190} INFO - [2026-07-17T20:20:16.799+0530] {dagbag.py:588} INFO - Filling up the DagBag from /Users/bhavishyachallagolla/Desktop/RetailSense/.venv/lib/python3.12/site-packages/airflow/example_dags/tutorial_taskflow_api_virtualenv.py
[2026-07-17T20:20:16.810+0530] {logging_mixin.py:190} INFO - [2026-07-17T20:20:16.810+0530] {tutorial_taskflow_api_virtualenv.py:29} WARNING - The tutorial_taskflow_api_virtualenv example DAG requires virtualenv, please install it.
[2026-07-17T20:20:16.810+0530] {processor.py:927} WARNING - No viable dags retrieved from /Users/bhavishyachallagolla/Desktop/RetailSense/.venv/lib/python3.12/site-packages/airflow/example_dags/tutorial_taskflow_api_virtualenv.py
[2026-07-17T20:20:16.832+0530] {processor.py:208} INFO - Processing /Users/bhavishyachallagolla/Desktop/RetailSense/.venv/lib/python3.12/site-packages/airflow/example_dags/tutorial_taskflow_api_virtualenv.py took 0.035 seconds
[2026-07-17T20:21:06.610+0530] {processor.py:186} INFO - Started process (PID=88317) to work on /Users/bhavishyachallagolla/Desktop/RetailSense/.venv/lib/python3.12/site-packages/airflow/example_dags/tutorial_taskflow_api_virtualenv.py
[2026-07-17T20:21:06.611+0530] {processor.py:914} INFO - Processing file /Users/bhavishyachallagolla/Desktop/RetailSense/.venv/lib/python3.12/site-packages/airflow/example_dags/tutorial_taskflow_api_virtualenv.py for tasks to queue
[2026-07-17T20:21:06.611+0530] {logging_mixin.py:190} INFO - [2026-07-17T20:21:06.611+0530] {dagbag.py:588} INFO - Filling up the DagBag from /Users/bhavishyachallagolla/Desktop/RetailSense/.venv/lib/python3.12/site-packages/airflow/example_dags/tutorial_taskflow_api_virtualenv.py
[2026-07-17T20:21:06.623+0530] {logging_mixin.py:190} INFO - [2026-07-17T20:21:06.622+0530] {tutorial_taskflow_api_virtualenv.py:29} WARNING - The tutorial_taskflow_api_virtualenv example DAG requires virtualenv, please install it.
[2026-07-17T20:21:06.623+0530] {processor.py:927} WARNING - No viable dags retrieved from /Users/bhavishyachallagolla/Desktop/RetailSense/.venv/lib/python3.12/site-packages/airflow/example_dags/tutorial_taskflow_api_virtualenv.py
[2026-07-17T20:21:06.644+0530] {processor.py:208} INFO - Processing /Users/bhavishyachallagolla/Desktop/RetailSense/.venv/lib/python3.12/site-packages/airflow/example_dags/tutorial_taskflow_api_virtualenv.py took 0.035 seconds
[2026-07-17T20:21:57.051+0530] {processor.py:186} INFO - Started process (PID=88392) to work on /Users/bhavishyachallagolla/Desktop/RetailSense/.venv/lib/python3.12/site-packages/airflow/example_dags/tutorial_taskflow_api_virtualenv.py
[2026-07-17T20:21:57.053+0530] {processor.py:914} INFO - Processing file /Users/bhavishyachallagolla/Desktop/RetailSense/.venv/lib/python3.12/site-packages/airflow/example_dags/tutorial_taskflow_api_virtualenv.py for tasks to queue
[2026-07-17T20:21:57.053+0530] {logging_mixin.py:190} INFO - [2026-07-17T20:21:57.053+0530] {dagbag.py:588} INFO - Filling up the DagBag from /Users/bhavishyachallagolla/Desktop/RetailSense/.venv/lib/python3.12/site-packages/airflow/example_dags/tutorial_taskflow_api_virtualenv.py
[2026-07-17T20:21:57.064+0530] {logging_mixin.py:190} INFO - [2026-07-17T20:21:57.064+0530] {tutorial_taskflow_api_virtualenv.py:29} WARNING - The tutorial_taskflow_api_virtualenv example DAG requires virtualenv, please install it.
[2026-07-17T20:21:57.064+0530] {processor.py:927} WARNING - No viable dags retrieved from /Users/bhavishyachallagolla/Desktop/RetailSense/.venv/lib/python3.12/site-packages/airflow/example_dags/tutorial_taskflow_api_virtualenv.py
[2026-07-17T20:21:57.085+0530] {processor.py:208} INFO - Processing /Users/bhavishyachallagolla/Desktop/RetailSense/.venv/lib/python3.12/site-packages/airflow/example_dags/tutorial_taskflow_api_virtualenv.py took 0.035 seconds
[2026-07-17T20:22:47.628+0530] {processor.py:186} INFO - Started process (PID=88469) to work on /Users/bhavishyachallagolla/Desktop/RetailSense/.venv/lib/python3.12/site-packages/airflow/example_dags/tutorial_taskflow_api_virtualenv.py
[2026-07-17T20:22:47.628+0530] {processor.py:914} INFO - Processing file /Users/bhavishyachallagolla/Desktop/RetailSense/.venv/lib/python3.12/site-packages/airflow/example_dags/tutorial_taskflow_api_virtualenv.py for tasks to queue
[2026-07-17T20:22:47.628+0530] {logging_mixin.py:190} INFO - [2026-07-17T20:22:47.628+0530] {dagbag.py:588} INFO - Filling up the DagBag from /Users/bhavishyachallagolla/Desktop/RetailSense/.venv/lib/python3.12/site-packages/airflow/example_dags/tutorial_taskflow_api_virtualenv.py
[2026-07-17T20:22:47.639+0530] {logging_mixin.py:190} INFO - [2026-07-17T20:22:47.639+0530] {tutorial_taskflow_api_virtualenv.py:29} WARNING - The tutorial_taskflow_api_virtualenv example DAG requires virtualenv, please install it.
[2026-07-17T20:22:47.639+0530] {processor.py:927} WARNING - No viable dags retrieved from /Users/bhavishyachallagolla/Desktop/RetailSense/.venv/lib/python3.12/site-packages/airflow/example_dags/tutorial_taskflow_api_virtualenv.py
[2026-07-17T20:22:47.661+0530] {processor.py:208} INFO - Processing /Users/bhavishyachallagolla/Desktop/RetailSense/.venv/lib/python3.12/site-packages/airflow/example_dags/tutorial_taskflow_api_virtualenv.py took 0.034 seconds
[2026-07-17T20:23:38.163+0530] {processor.py:186} INFO - Started process (PID=88548) to work on /Users/bhavishyachallagolla/Desktop/RetailSense/.venv/lib/python3.12/site-packages/airflow/example_dags/tutorial_taskflow_api_virtualenv.py
[2026-07-17T20:23:38.164+0530] {processor.py:914} INFO - Processing file /Users/bhavishyachallagolla/Desktop/RetailSense/.venv/lib/python3.12/site-packages/airflow/example_dags/tutorial_taskflow_api_virtualenv.py for tasks to queue
[2026-07-17T20:23:38.164+0530] {logging_mixin.py:190} INFO - [2026-07-17T20:23:38.164+0530] {dagbag.py:588} INFO - Filling up the DagBag from /Users/bhavishyachallagolla/Desktop/RetailSense/.venv/lib/python3.12/site-packages/airflow/example_dags/tutorial_taskflow_api_virtualenv.py
[2026-07-17T20:23:38.177+0530] {logging_mixin.py:190} INFO - [2026-07-17T20:23:38.177+0530] {tutorial_taskflow_api_virtualenv.py:29} WARNING - The tutorial_taskflow_api_virtualenv example DAG requires virtualenv, please install it.
[2026-07-17T20:23:38.177+0530] {processor.py:927} WARNING - No viable dags retrieved from /Users/bhavishyachallagolla/Desktop/RetailSense/.venv/lib/python3.12/site-packages/airflow/example_dags/tutorial_taskflow_api_virtualenv.py
[2026-07-17T20:23:38.199+0530] {processor.py:208} INFO - Processing /Users/bhavishyachallagolla/Desktop/RetailSense/.venv/lib/python3.12/site-packages/airflow/example_dags/tutorial_taskflow_api_virtualenv.py took 0.037 seconds
[2026-07-17T20:24:28.842+0530] {processor.py:186} INFO - Started process (PID=88626) to work on /Users/bhavishyachallagolla/Desktop/RetailSense/.venv/lib/python3.12/site-packages/airflow/example_dags/tutorial_taskflow_api_virtualenv.py
[2026-07-17T20:24:28.843+0530] {processor.py:914} INFO - Processing file /Users/bhavishyachallagolla/Desktop/RetailSense/.venv/lib/python3.12/site-packages/airflow/example_dags/tutorial_taskflow_api_virtualenv.py for tasks to queue
[2026-07-17T20:24:28.843+0530] {logging_mixin.py:190} INFO - [2026-07-17T20:24:28.843+0530] {dagbag.py:588} INFO - Filling up the DagBag from /Users/bhavishyachallagolla/Desktop/RetailSense/.venv/lib/python3.12/site-packages/airflow/example_dags/tutorial_taskflow_api_virtualenv.py
[2026-07-17T20:24:28.854+0530] {logging_mixin.py:190} INFO - [2026-07-17T20:24:28.854+0530] {tutorial_taskflow_api_virtualenv.py:29} WARNING - The tutorial_taskflow_api_virtualenv example DAG requires virtualenv, please install it.
[2026-07-17T20:24:28.854+0530] {processor.py:927} WARNING - No viable dags retrieved from /Users/bhavishyachallagolla/Desktop/RetailSense/.venv/lib/python3.12/site-packages/airflow/example_dags/tutorial_taskflow_api_virtualenv.py
[2026-07-17T20:24:28.875+0530] {processor.py:208} INFO - Processing /Users/bhavishyachallagolla/Desktop/RetailSense/.venv/lib/python3.12/site-packages/airflow/example_dags/tutorial_taskflow_api_virtualenv.py took 0.034 seconds
[2026-07-17T20:25:19.196+0530] {processor.py:186} INFO - Started process (PID=88700) to work on /Users/bhavishyachallagolla/Desktop/RetailSense/.venv/lib/python3.12/site-packages/airflow/example_dags/tutorial_taskflow_api_virtualenv.py
[2026-07-17T20:25:19.196+0530] {processor.py:914} INFO - Processing file /Users/bhavishyachallagolla/Desktop/RetailSense/.venv/lib/python3.12/site-packages/airflow/example_dags/tutorial_taskflow_api_virtualenv.py for tasks to queue
[2026-07-17T20:25:19.197+0530] {logging_mixin.py:190} INFO - [2026-07-17T20:25:19.196+0530] {dagbag.py:588} INFO - Filling up the DagBag from /Users/bhavishyachallagolla/Desktop/RetailSense/.venv/lib/python3.12/site-packages/airflow/example_dags/tutorial_taskflow_api_virtualenv.py
[2026-07-17T20:25:19.207+0530] {logging_mixin.py:190} INFO - [2026-07-17T20:25:19.207+0530] {tutorial_taskflow_api_virtualenv.py:29} WARNING - The tutorial_taskflow_api_virtualenv example DAG requires virtualenv, please install it.
[2026-07-17T20:25:19.207+0530] {processor.py:927} WARNING - No viable dags retrieved from /Users/bhavishyachallagolla/Desktop/RetailSense/.venv/lib/python3.12/site-packages/airflow/example_dags/tutorial_taskflow_api_virtualenv.py
[2026-07-17T20:25:19.228+0530] {processor.py:208} INFO - Processing /Users/bhavishyachallagolla/Desktop/RetailSense/.venv/lib/python3.12/site-packages/airflow/example_dags/tutorial_taskflow_api_virtualenv.py took 0.033 seconds
[2026-07-17T20:26:09.750+0530] {processor.py:186} INFO - Started process (PID=88789) to work on /Users/bhavishyachallagolla/Desktop/RetailSense/.venv/lib/python3.12/site-packages/airflow/example_dags/tutorial_taskflow_api_virtualenv.py
[2026-07-17T20:26:09.751+0530] {processor.py:914} INFO - Processing file /Users/bhavishyachallagolla/Desktop/RetailSense/.venv/lib/python3.12/site-packages/airflow/example_dags/tutorial_taskflow_api_virtualenv.py for tasks to queue
[2026-07-17T20:26:09.751+0530] {logging_mixin.py:190} INFO - [2026-07-17T20:26:09.751+0530] {dagbag.py:588} INFO - Filling up the DagBag from /Users/bhavishyachallagolla/Desktop/RetailSense/.venv/lib/python3.12/site-packages/airflow/example_dags/tutorial_taskflow_api_virtualenv.py
[2026-07-17T20:26:09.762+0530] {logging_mixin.py:190} INFO - [2026-07-17T20:26:09.762+0530] {tutorial_taskflow_api_virtualenv.py:29} WARNING - The tutorial_taskflow_api_virtualenv example DAG requires virtualenv, please install it.
[2026-07-17T20:26:09.762+0530] {processor.py:927} WARNING - No viable dags retrieved from /Users/bhavishyachallagolla/Desktop/RetailSense/.venv/lib/python3.12/site-packages/airflow/example_dags/tutorial_taskflow_api_virtualenv.py
[2026-07-17T20:26:09.783+0530] {processor.py:208} INFO - Processing /Users/bhavishyachallagolla/Desktop/RetailSense/.venv/lib/python3.12/site-packages/airflow/example_dags/tutorial_taskflow_api_virtualenv.py took 0.034 seconds
[2026-07-17T20:27:00.151+0530] {processor.py:186} INFO - Started process (PID=88868) to work on /Users/bhavishyachallagolla/Desktop/RetailSense/.venv/lib/python3.12/site-packages/airflow/example_dags/tutorial_taskflow_api_virtualenv.py
[2026-07-17T20:27:00.151+0530] {processor.py:914} INFO - Processing file /Users/bhavishyachallagolla/Desktop/RetailSense/.venv/lib/python3.12/site-packages/airflow/example_dags/tutorial_taskflow_api_virtualenv.py for tasks to queue
[2026-07-17T20:27:00.151+0530] {logging_mixin.py:190} INFO - [2026-07-17T20:27:00.151+0530] {dagbag.py:588} INFO - Filling up the DagBag from /Users/bhavishyachallagolla/Desktop/RetailSense/.venv/lib/python3.12/site-packages/airflow/example_dags/tutorial_taskflow_api_virtualenv.py
[2026-07-17T20:27:00.162+0530] {logging_mixin.py:190} INFO - [2026-07-17T20:27:00.162+0530] {tutorial_taskflow_api_virtualenv.py:29} WARNING - The tutorial_taskflow_api_virtualenv example DAG requires virtualenv, please install it.
[2026-07-17T20:27:00.162+0530] {processor.py:927} WARNING - No viable dags retrieved from /Users/bhavishyachallagolla/Desktop/RetailSense/.venv/lib/python3.12/site-packages/airflow/example_dags/tutorial_taskflow_api_virtualenv.py
[2026-07-17T20:27:00.183+0530] {processor.py:208} INFO - Processing /Users/bhavishyachallagolla/Desktop/RetailSense/.venv/lib/python3.12/site-packages/airflow/example_dags/tutorial_taskflow_api_virtualenv.py took 0.033 seconds
[2026-07-17T20:27:50.396+0530] {processor.py:186} INFO - Started process (PID=88943) to work on /Users/bhavishyachallagolla/Desktop/RetailSense/.venv/lib/python3.12/site-packages/airflow/example_dags/tutorial_taskflow_api_virtualenv.py
[2026-07-17T20:27:50.396+0530] {processor.py:914} INFO - Processing file /Users/bhavishyachallagolla/Desktop/RetailSense/.venv/lib/python3.12/site-packages/airflow/example_dags/tutorial_taskflow_api_virtualenv.py for tasks to queue
[2026-07-17T20:27:50.397+0530] {logging_mixin.py:190} INFO - [2026-07-17T20:27:50.397+0530] {dagbag.py:588} INFO - Filling up the DagBag from /Users/bhavishyachallagolla/Desktop/RetailSense/.venv/lib/python3.12/site-packages/airflow/example_dags/tutorial_taskflow_api_virtualenv.py
[2026-07-17T20:27:50.407+0530] {logging_mixin.py:190} INFO - [2026-07-17T20:27:50.407+0530] {tutorial_taskflow_api_virtualenv.py:29} WARNING - The tutorial_taskflow_api_virtualenv example DAG requires virtualenv, please install it.
[2026-07-17T20:27:50.408+0530] {processor.py:927} WARNING - No viable dags retrieved from /Users/bhavishyachallagolla/Desktop/RetailSense/.venv/lib/python3.12/site-packages/airflow/example_dags/tutorial_taskflow_api_virtualenv.py
[2026-07-17T20:27:50.429+0530] {processor.py:208} INFO - Processing /Users/bhavishyachallagolla/Desktop/RetailSense/.venv/lib/python3.12/site-packages/airflow/example_dags/tutorial_taskflow_api_virtualenv.py took 0.033 seconds
[2026-07-17T20:28:39.538+0530] {processor.py:186} INFO - Started process (PID=89019) to work on /Users/bhavishyachallagolla/Desktop/RetailSense/.venv/lib/python3.12/site-packages/airflow/example_dags/tutorial_taskflow_api_virtualenv.py
[2026-07-17T20:28:39.539+0530] {processor.py:914} INFO - Processing file /Users/bhavishyachallagolla/Desktop/RetailSense/.venv/lib/python3.12/site-packages/airflow/example_dags/tutorial_taskflow_api_virtualenv.py for tasks to queue
[2026-07-17T20:28:39.539+0530] {logging_mixin.py:190} INFO - [2026-07-17T20:28:39.539+0530] {dagbag.py:588} INFO - Filling up the DagBag from /Users/bhavishyachallagolla/Desktop/RetailSense/.venv/lib/python3.12/site-packages/airflow/example_dags/tutorial_taskflow_api_virtualenv.py
[2026-07-17T20:28:39.550+0530] {logging_mixin.py:190} INFO - [2026-07-17T20:28:39.550+0530] {tutorial_taskflow_api_virtualenv.py:29} WARNING - The tutorial_taskflow_api_virtualenv example DAG requires virtualenv, please install it.
[2026-07-17T20:28:39.550+0530] {processor.py:927} WARNING - No viable dags retrieved from /Users/bhavishyachallagolla/Desktop/RetailSense/.venv/lib/python3.12/site-packages/airflow/example_dags/tutorial_taskflow_api_virtualenv.py
[2026-07-17T20:28:39.570+0530] {processor.py:208} INFO - Processing /Users/bhavishyachallagolla/Desktop/RetailSense/.venv/lib/python3.12/site-packages/airflow/example_dags/tutorial_taskflow_api_virtualenv.py took 0.033 seconds
[2026-07-17T20:29:27.260+0530] {processor.py:186} INFO - Started process (PID=89091) to work on /Users/bhavishyachallagolla/Desktop/RetailSense/.venv/lib/python3.12/site-packages/airflow/example_dags/tutorial_taskflow_api_virtualenv.py
[2026-07-17T20:29:27.261+0530] {processor.py:914} INFO - Processing file /Users/bhavishyachallagolla/Desktop/RetailSense/.venv/lib/python3.12/site-packages/airflow/example_dags/tutorial_taskflow_api_virtualenv.py for tasks to queue
[2026-07-17T20:29:27.261+0530] {logging_mixin.py:190} INFO - [2026-07-17T20:29:27.261+0530] {dagbag.py:588} INFO - Filling up the DagBag from /Users/bhavishyachallagolla/Desktop/RetailSense/.venv/lib/python3.12/site-packages/airflow/example_dags/tutorial_taskflow_api_virtualenv.py
[2026-07-17T20:29:27.272+0530] {logging_mixin.py:190} INFO - [2026-07-17T20:29:27.272+0530] {tutorial_taskflow_api_virtualenv.py:29} WARNING - The tutorial_taskflow_api_virtualenv example DAG requires virtualenv, please install it.
[2026-07-17T20:29:27.272+0530] {processor.py:927} WARNING - No viable dags retrieved from /Users/bhavishyachallagolla/Desktop/RetailSense/.venv/lib/python3.12/site-packages/airflow/example_dags/tutorial_taskflow_api_virtualenv.py
[2026-07-17T20:29:27.293+0530] {processor.py:208} INFO - Processing /Users/bhavishyachallagolla/Desktop/RetailSense/.venv/lib/python3.12/site-packages/airflow/example_dags/tutorial_taskflow_api_virtualenv.py took 0.033 seconds
[2026-07-17T20:30:16.273+0530] {processor.py:186} INFO - Started process (PID=89174) to work on /Users/bhavishyachallagolla/Desktop/RetailSense/.venv/lib/python3.12/site-packages/airflow/example_dags/tutorial_taskflow_api_virtualenv.py
[2026-07-17T20:30:16.274+0530] {processor.py:914} INFO - Processing file /Users/bhavishyachallagolla/Desktop/RetailSense/.venv/lib/python3.12/site-packages/airflow/example_dags/tutorial_taskflow_api_virtualenv.py for tasks to queue
[2026-07-17T20:30:16.274+0530] {logging_mixin.py:190} INFO - [2026-07-17T20:30:16.274+0530] {dagbag.py:588} INFO - Filling up the DagBag from /Users/bhavishyachallagolla/Desktop/RetailSense/.venv/lib/python3.12/site-packages/airflow/example_dags/tutorial_taskflow_api_virtualenv.py
[2026-07-17T20:30:16.285+0530] {logging_mixin.py:190} INFO - [2026-07-17T20:30:16.285+0530] {tutorial_taskflow_api_virtualenv.py:29} WARNING - The tutorial_taskflow_api_virtualenv example DAG requires virtualenv, please install it.
[2026-07-17T20:30:16.285+0530] {processor.py:927} WARNING - No viable dags retrieved from /Users/bhavishyachallagolla/Desktop/RetailSense/.venv/lib/python3.12/site-packages/airflow/example_dags/tutorial_taskflow_api_virtualenv.py
[2026-07-17T20:30:16.306+0530] {processor.py:208} INFO - Processing /Users/bhavishyachallagolla/Desktop/RetailSense/.venv/lib/python3.12/site-packages/airflow/example_dags/tutorial_taskflow_api_virtualenv.py took 0.034 seconds
[2026-07-17T20:31:06.875+0530] {processor.py:186} INFO - Started process (PID=89248) to work on /Users/bhavishyachallagolla/Desktop/RetailSense/.venv/lib/python3.12/site-packages/airflow/example_dags/tutorial_taskflow_api_virtualenv.py
[2026-07-17T20:31:06.875+0530] {processor.py:914} INFO - Processing file /Users/bhavishyachallagolla/Desktop/RetailSense/.venv/lib/python3.12/site-packages/airflow/example_dags/tutorial_taskflow_api_virtualenv.py for tasks to queue
[2026-07-17T20:31:06.876+0530] {logging_mixin.py:190} INFO - [2026-07-17T20:31:06.875+0530] {dagbag.py:588} INFO - Filling up the DagBag from /Users/bhavishyachallagolla/Desktop/RetailSense/.venv/lib/python3.12/site-packages/airflow/example_dags/tutorial_taskflow_api_virtualenv.py
[2026-07-17T20:31:06.887+0530] {logging_mixin.py:190} INFO - [2026-07-17T20:31:06.887+0530] {tutorial_taskflow_api_virtualenv.py:29} WARNING - The tutorial_taskflow_api_virtualenv example DAG requires virtualenv, please install it.
[2026-07-17T20:31:06.887+0530] {processor.py:927} WARNING - No viable dags retrieved from /Users/bhavishyachallagolla/Desktop/RetailSense/.venv/lib/python3.12/site-packages/airflow/example_dags/tutorial_taskflow_api_virtualenv.py
[2026-07-17T20:31:06.908+0530] {processor.py:208} INFO - Processing /Users/bhavishyachallagolla/Desktop/RetailSense/.venv/lib/python3.12/site-packages/airflow/example_dags/tutorial_taskflow_api_virtualenv.py took 0.034 seconds
[2026-07-17T20:31:57.369+0530] {processor.py:186} INFO - Started process (PID=89324) to work on /Users/bhavishyachallagolla/Desktop/RetailSense/.venv/lib/python3.12/site-packages/airflow/example_dags/tutorial_taskflow_api_virtualenv.py
[2026-07-17T20:31:57.370+0530] {processor.py:914} INFO - Processing file /Users/bhavishyachallagolla/Desktop/RetailSense/.venv/lib/python3.12/site-packages/airflow/example_dags/tutorial_taskflow_api_virtualenv.py for tasks to queue
[2026-07-17T20:31:57.370+0530] {logging_mixin.py:190} INFO - [2026-07-17T20:31:57.370+0530] {dagbag.py:588} INFO - Filling up the DagBag from /Users/bhavishyachallagolla/Desktop/RetailSense/.venv/lib/python3.12/site-packages/airflow/example_dags/tutorial_taskflow_api_virtualenv.py
[2026-07-17T20:31:57.381+0530] {logging_mixin.py:190} INFO - [2026-07-17T20:31:57.381+0530] {tutorial_taskflow_api_virtualenv.py:29} WARNING - The tutorial_taskflow_api_virtualenv example DAG requires virtualenv, please install it.
[2026-07-17T20:31:57.381+0530] {processor.py:927} WARNING - No viable dags retrieved from /Users/bhavishyachallagolla/Desktop/RetailSense/.venv/lib/python3.12/site-packages/airflow/example_dags/tutorial_taskflow_api_virtualenv.py
[2026-07-17T20:31:57.402+0530] {processor.py:208} INFO - Processing /Users/bhavishyachallagolla/Desktop/RetailSense/.venv/lib/python3.12/site-packages/airflow/example_dags/tutorial_taskflow_api_virtualenv.py took 0.034 seconds
[2026-07-17T20:32:47.863+0530] {processor.py:186} INFO - Started process (PID=89399) to work on /Users/bhavishyachallagolla/Desktop/RetailSense/.venv/lib/python3.12/site-packages/airflow/example_dags/tutorial_taskflow_api_virtualenv.py
[2026-07-17T20:32:47.864+0530] {processor.py:914} INFO - Processing file /Users/bhavishyachallagolla/Desktop/RetailSense/.venv/lib/python3.12/site-packages/airflow/example_dags/tutorial_taskflow_api_virtualenv.py for tasks to queue
[2026-07-17T20:32:47.864+0530] {logging_mixin.py:190} INFO - [2026-07-17T20:32:47.864+0530] {dagbag.py:588} INFO - Filling up the DagBag from /Users/bhavishyachallagolla/Desktop/RetailSense/.venv/lib/python3.12/site-packages/airflow/example_dags/tutorial_taskflow_api_virtualenv.py
[2026-07-17T20:32:47.875+0530] {logging_mixin.py:190} INFO - [2026-07-17T20:32:47.875+0530] {tutorial_taskflow_api_virtualenv.py:29} WARNING - The tutorial_taskflow_api_virtualenv example DAG requires virtualenv, please install it.
[2026-07-17T20:32:47.875+0530] {processor.py:927} WARNING - No viable dags retrieved from /Users/bhavishyachallagolla/Desktop/RetailSense/.venv/lib/python3.12/site-packages/airflow/example_dags/tutorial_taskflow_api_virtualenv.py
[2026-07-17T20:32:47.895+0530] {processor.py:208} INFO - Processing /Users/bhavishyachallagolla/Desktop/RetailSense/.venv/lib/python3.12/site-packages/airflow/example_dags/tutorial_taskflow_api_virtualenv.py took 0.033 seconds
[2026-07-17T20:33:38.324+0530] {processor.py:186} INFO - Started process (PID=89474) to work on /Users/bhavishyachallagolla/Desktop/RetailSense/.venv/lib/python3.12/site-packages/airflow/example_dags/tutorial_taskflow_api_virtualenv.py
[2026-07-17T20:33:38.324+0530] {processor.py:914} INFO - Processing file /Users/bhavishyachallagolla/Desktop/RetailSense/.venv/lib/python3.12/site-packages/airflow/example_dags/tutorial_taskflow_api_virtualenv.py for tasks to queue
[2026-07-17T20:33:38.324+0530] {logging_mixin.py:190} INFO - [2026-07-17T20:33:38.324+0530] {dagbag.py:588} INFO - Filling up the DagBag from /Users/bhavishyachallagolla/Desktop/RetailSense/.venv/lib/python3.12/site-packages/airflow/example_dags/tutorial_taskflow_api_virtualenv.py
[2026-07-17T20:33:38.335+0530] {logging_mixin.py:190} INFO - [2026-07-17T20:33:38.335+0530] {tutorial_taskflow_api_virtualenv.py:29} WARNING - The tutorial_taskflow_api_virtualenv example DAG requires virtualenv, please install it.
[2026-07-17T20:33:38.335+0530] {processor.py:927} WARNING - No viable dags retrieved from /Users/bhavishyachallagolla/Desktop/RetailSense/.venv/lib/python3.12/site-packages/airflow/example_dags/tutorial_taskflow_api_virtualenv.py
[2026-07-17T20:33:38.356+0530] {processor.py:208} INFO - Processing /Users/bhavishyachallagolla/Desktop/RetailSense/.venv/lib/python3.12/site-packages/airflow/example_dags/tutorial_taskflow_api_virtualenv.py took 0.034 seconds
[2026-07-17T20:34:28.873+0530] {processor.py:186} INFO - Started process (PID=89549) to work on /Users/bhavishyachallagolla/Desktop/RetailSense/.venv/lib/python3.12/site-packages/airflow/example_dags/tutorial_taskflow_api_virtualenv.py
[2026-07-17T20:34:28.873+0530] {processor.py:914} INFO - Processing file /Users/bhavishyachallagolla/Desktop/RetailSense/.venv/lib/python3.12/site-packages/airflow/example_dags/tutorial_taskflow_api_virtualenv.py for tasks to queue
[2026-07-17T20:34:28.873+0530] {logging_mixin.py:190} INFO - [2026-07-17T20:34:28.873+0530] {dagbag.py:588} INFO - Filling up the DagBag from /Users/bhavishyachallagolla/Desktop/RetailSense/.venv/lib/python3.12/site-packages/airflow/example_dags/tutorial_taskflow_api_virtualenv.py
[2026-07-17T20:34:28.884+0530] {logging_mixin.py:190} INFO - [2026-07-17T20:34:28.884+0530] {tutorial_taskflow_api_virtualenv.py:29} WARNING - The tutorial_taskflow_api_virtualenv example DAG requires virtualenv, please install it.
[2026-07-17T20:34:28.884+0530] {processor.py:927} WARNING - No viable dags retrieved from /Users/bhavishyachallagolla/Desktop/RetailSense/.venv/lib/python3.12/site-packages/airflow/example_dags/tutorial_taskflow_api_virtualenv.py
[2026-07-17T20:34:28.904+0530] {processor.py:208} INFO - Processing /Users/bhavishyachallagolla/Desktop/RetailSense/.venv/lib/python3.12/site-packages/airflow/example_dags/tutorial_taskflow_api_virtualenv.py took 0.033 seconds
[2026-07-17T20:35:18.827+0530] {processor.py:186} INFO - Started process (PID=89623) to work on /Users/bhavishyachallagolla/Desktop/RetailSense/.venv/lib/python3.12/site-packages/airflow/example_dags/tutorial_taskflow_api_virtualenv.py
[2026-07-17T20:35:18.827+0530] {processor.py:914} INFO - Processing file /Users/bhavishyachallagolla/Desktop/RetailSense/.venv/lib/python3.12/site-packages/airflow/example_dags/tutorial_taskflow_api_virtualenv.py for tasks to queue
[2026-07-17T20:35:18.828+0530] {logging_mixin.py:190} INFO - [2026-07-17T20:35:18.828+0530] {dagbag.py:588} INFO - Filling up the DagBag from /Users/bhavishyachallagolla/Desktop/RetailSense/.venv/lib/python3.12/site-packages/airflow/example_dags/tutorial_taskflow_api_virtualenv.py
[2026-07-17T20:35:18.838+0530] {logging_mixin.py:190} INFO - [2026-07-17T20:35:18.838+0530] {tutorial_taskflow_api_virtualenv.py:29} WARNING - The tutorial_taskflow_api_virtualenv example DAG requires virtualenv, please install it.
[2026-07-17T20:35:18.838+0530] {processor.py:927} WARNING - No viable dags retrieved from /Users/bhavishyachallagolla/Desktop/RetailSense/.venv/lib/python3.12/site-packages/airflow/example_dags/tutorial_taskflow_api_virtualenv.py
[2026-07-17T20:35:18.859+0530] {processor.py:208} INFO - Processing /Users/bhavishyachallagolla/Desktop/RetailSense/.venv/lib/python3.12/site-packages/airflow/example_dags/tutorial_taskflow_api_virtualenv.py took 0.033 seconds
[2026-07-17T20:36:09.357+0530] {processor.py:186} INFO - Started process (PID=89699) to work on /Users/bhavishyachallagolla/Desktop/RetailSense/.venv/lib/python3.12/site-packages/airflow/example_dags/tutorial_taskflow_api_virtualenv.py
[2026-07-17T20:36:09.357+0530] {processor.py:914} INFO - Processing file /Users/bhavishyachallagolla/Desktop/RetailSense/.venv/lib/python3.12/site-packages/airflow/example_dags/tutorial_taskflow_api_virtualenv.py for tasks to queue
[2026-07-17T20:36:09.357+0530] {logging_mixin.py:190} INFO - [2026-07-17T20:36:09.357+0530] {dagbag.py:588} INFO - Filling up the DagBag from /Users/bhavishyachallagolla/Desktop/RetailSense/.venv/lib/python3.12/site-packages/airflow/example_dags/tutorial_taskflow_api_virtualenv.py
[2026-07-17T20:36:09.368+0530] {logging_mixin.py:190} INFO - [2026-07-17T20:36:09.368+0530] {tutorial_taskflow_api_virtualenv.py:29} WARNING - The tutorial_taskflow_api_virtualenv example DAG requires virtualenv, please install it.
[2026-07-17T20:36:09.368+0530] {processor.py:927} WARNING - No viable dags retrieved from /Users/bhavishyachallagolla/Desktop/RetailSense/.venv/lib/python3.12/site-packages/airflow/example_dags/tutorial_taskflow_api_virtualenv.py
[2026-07-17T20:36:09.389+0530] {processor.py:208} INFO - Processing /Users/bhavishyachallagolla/Desktop/RetailSense/.venv/lib/python3.12/site-packages/airflow/example_dags/tutorial_taskflow_api_virtualenv.py took 0.033 seconds
[2026-07-17T20:36:59.806+0530] {processor.py:186} INFO - Started process (PID=89774) to work on /Users/bhavishyachallagolla/Desktop/RetailSense/.venv/lib/python3.12/site-packages/airflow/example_dags/tutorial_taskflow_api_virtualenv.py
[2026-07-17T20:36:59.806+0530] {processor.py:914} INFO - Processing file /Users/bhavishyachallagolla/Desktop/RetailSense/.venv/lib/python3.12/site-packages/airflow/example_dags/tutorial_taskflow_api_virtualenv.py for tasks to queue
[2026-07-17T20:36:59.807+0530] {logging_mixin.py:190} INFO - [2026-07-17T20:36:59.806+0530] {dagbag.py:588} INFO - Filling up the DagBag from /Users/bhavishyachallagolla/Desktop/RetailSense/.venv/lib/python3.12/site-packages/airflow/example_dags/tutorial_taskflow_api_virtualenv.py
[2026-07-17T20:36:59.817+0530] {logging_mixin.py:190} INFO - [2026-07-17T20:36:59.817+0530] {tutorial_taskflow_api_virtualenv.py:29} WARNING - The tutorial_taskflow_api_virtualenv example DAG requires virtualenv, please install it.
[2026-07-17T20:36:59.817+0530] {processor.py:927} WARNING - No viable dags retrieved from /Users/bhavishyachallagolla/Desktop/RetailSense/.venv/lib/python3.12/site-packages/airflow/example_dags/tutorial_taskflow_api_virtualenv.py
[2026-07-17T20:36:59.838+0530] {processor.py:208} INFO - Processing /Users/bhavishyachallagolla/Desktop/RetailSense/.venv/lib/python3.12/site-packages/airflow/example_dags/tutorial_taskflow_api_virtualenv.py took 0.033 seconds
[2026-07-17T20:37:50.280+0530] {processor.py:186} INFO - Started process (PID=89850) to work on /Users/bhavishyachallagolla/Desktop/RetailSense/.venv/lib/python3.12/site-packages/airflow/example_dags/tutorial_taskflow_api_virtualenv.py
[2026-07-17T20:37:50.280+0530] {processor.py:914} INFO - Processing file /Users/bhavishyachallagolla/Desktop/RetailSense/.venv/lib/python3.12/site-packages/airflow/example_dags/tutorial_taskflow_api_virtualenv.py for tasks to queue
[2026-07-17T20:37:50.281+0530] {logging_mixin.py:190} INFO - [2026-07-17T20:37:50.281+0530] {dagbag.py:588} INFO - Filling up the DagBag from /Users/bhavishyachallagolla/Desktop/RetailSense/.venv/lib/python3.12/site-packages/airflow/example_dags/tutorial_taskflow_api_virtualenv.py
[2026-07-17T20:37:50.292+0530] {logging_mixin.py:190} INFO - [2026-07-17T20:37:50.292+0530] {tutorial_taskflow_api_virtualenv.py:29} WARNING - The tutorial_taskflow_api_virtualenv example DAG requires virtualenv, please install it.
[2026-07-17T20:37:50.293+0530] {processor.py:927} WARNING - No viable dags retrieved from /Users/bhavishyachallagolla/Desktop/RetailSense/.venv/lib/python3.12/site-packages/airflow/example_dags/tutorial_taskflow_api_virtualenv.py
[2026-07-17T20:37:50.315+0530] {processor.py:208} INFO - Processing /Users/bhavishyachallagolla/Desktop/RetailSense/.venv/lib/python3.12/site-packages/airflow/example_dags/tutorial_taskflow_api_virtualenv.py took 0.036 seconds
[2026-07-17T20:38:41.026+0530] {processor.py:186} INFO - Started process (PID=89933) to work on /Users/bhavishyachallagolla/Desktop/RetailSense/.venv/lib/python3.12/site-packages/airflow/example_dags/tutorial_taskflow_api_virtualenv.py
[2026-07-17T20:38:41.027+0530] {processor.py:914} INFO - Processing file /Users/bhavishyachallagolla/Desktop/RetailSense/.venv/lib/python3.12/site-packages/airflow/example_dags/tutorial_taskflow_api_virtualenv.py for tasks to queue
[2026-07-17T20:38:41.027+0530] {logging_mixin.py:190} INFO - [2026-07-17T20:38:41.027+0530] {dagbag.py:588} INFO - Filling up the DagBag from /Users/bhavishyachallagolla/Desktop/RetailSense/.venv/lib/python3.12/site-packages/airflow/example_dags/tutorial_taskflow_api_virtualenv.py
[2026-07-17T20:38:41.038+0530] {logging_mixin.py:190} INFO - [2026-07-17T20:38:41.038+0530] {tutorial_taskflow_api_virtualenv.py:29} WARNING - The tutorial_taskflow_api_virtualenv example DAG requires virtualenv, please install it.
[2026-07-17T20:38:41.038+0530] {processor.py:927} WARNING - No viable dags retrieved from /Users/bhavishyachallagolla/Desktop/RetailSense/.venv/lib/python3.12/site-packages/airflow/example_dags/tutorial_taskflow_api_virtualenv.py
[2026-07-17T20:38:41.059+0530] {processor.py:208} INFO - Processing /Users/bhavishyachallagolla/Desktop/RetailSense/.venv/lib/python3.12/site-packages/airflow/example_dags/tutorial_taskflow_api_virtualenv.py took 0.034 seconds
[2026-07-17T20:39:33.280+0530] {processor.py:186} INFO - Started process (PID=90037) to work on /Users/bhavishyachallagolla/Desktop/RetailSense/.venv/lib/python3.12/site-packages/airflow/example_dags/tutorial_taskflow_api_virtualenv.py
[2026-07-17T20:39:33.281+0530] {processor.py:914} INFO - Processing file /Users/bhavishyachallagolla/Desktop/RetailSense/.venv/lib/python3.12/site-packages/airflow/example_dags/tutorial_taskflow_api_virtualenv.py for tasks to queue
[2026-07-17T20:39:33.282+0530] {logging_mixin.py:190} INFO - [2026-07-17T20:39:33.282+0530] {dagbag.py:588} INFO - Filling up the DagBag from /Users/bhavishyachallagolla/Desktop/RetailSense/.venv/lib/python3.12/site-packages/airflow/example_dags/tutorial_taskflow_api_virtualenv.py
[2026-07-17T20:39:33.293+0530] {logging_mixin.py:190} INFO - [2026-07-17T20:39:33.293+0530] {tutorial_taskflow_api_virtualenv.py:29} WARNING - The tutorial_taskflow_api_virtualenv example DAG requires virtualenv, please install it.
[2026-07-17T20:39:33.293+0530] {processor.py:927} WARNING - No viable dags retrieved from /Users/bhavishyachallagolla/Desktop/RetailSense/.venv/lib/python3.12/site-packages/airflow/example_dags/tutorial_taskflow_api_virtualenv.py
[2026-07-17T20:39:33.314+0530] {processor.py:208} INFO - Processing /Users/bhavishyachallagolla/Desktop/RetailSense/.venv/lib/python3.12/site-packages/airflow/example_dags/tutorial_taskflow_api_virtualenv.py took 0.035 seconds
[2026-07-17T20:40:24.115+0530] {processor.py:186} INFO - Started process (PID=90172) to work on /Users/bhavishyachallagolla/Desktop/RetailSense/.venv/lib/python3.12/site-packages/airflow/example_dags/tutorial_taskflow_api_virtualenv.py
[2026-07-17T20:40:24.116+0530] {processor.py:914} INFO - Processing file /Users/bhavishyachallagolla/Desktop/RetailSense/.venv/lib/python3.12/site-packages/airflow/example_dags/tutorial_taskflow_api_virtualenv.py for tasks to queue
[2026-07-17T20:40:24.116+0530] {logging_mixin.py:190} INFO - [2026-07-17T20:40:24.116+0530] {dagbag.py:588} INFO - Filling up the DagBag from /Users/bhavishyachallagolla/Desktop/RetailSense/.venv/lib/python3.12/site-packages/airflow/example_dags/tutorial_taskflow_api_virtualenv.py
[2026-07-17T20:40:24.129+0530] {logging_mixin.py:190} INFO - [2026-07-17T20:40:24.129+0530] {tutorial_taskflow_api_virtualenv.py:29} WARNING - The tutorial_taskflow_api_virtualenv example DAG requires virtualenv, please install it.
[2026-07-17T20:40:24.129+0530] {processor.py:927} WARNING - No viable dags retrieved from /Users/bhavishyachallagolla/Desktop/RetailSense/.venv/lib/python3.12/site-packages/airflow/example_dags/tutorial_taskflow_api_virtualenv.py
[2026-07-17T20:40:24.151+0530] {processor.py:208} INFO - Processing /Users/bhavishyachallagolla/Desktop/RetailSense/.venv/lib/python3.12/site-packages/airflow/example_dags/tutorial_taskflow_api_virtualenv.py took 0.038 seconds
[2026-07-17T20:41:12.880+0530] {processor.py:186} INFO - Started process (PID=90266) to work on /Users/bhavishyachallagolla/Desktop/RetailSense/.venv/lib/python3.12/site-packages/airflow/example_dags/tutorial_taskflow_api_virtualenv.py
[2026-07-17T20:41:12.881+0530] {processor.py:914} INFO - Processing file /Users/bhavishyachallagolla/Desktop/RetailSense/.venv/lib/python3.12/site-packages/airflow/example_dags/tutorial_taskflow_api_virtualenv.py for tasks to queue
[2026-07-17T20:41:12.882+0530] {logging_mixin.py:190} INFO - [2026-07-17T20:41:12.882+0530] {dagbag.py:588} INFO - Filling up the DagBag from /Users/bhavishyachallagolla/Desktop/RetailSense/.venv/lib/python3.12/site-packages/airflow/example_dags/tutorial_taskflow_api_virtualenv.py
[2026-07-17T20:41:12.893+0530] {logging_mixin.py:190} INFO - [2026-07-17T20:41:12.892+0530] {tutorial_taskflow_api_virtualenv.py:29} WARNING - The tutorial_taskflow_api_virtualenv example DAG requires virtualenv, please install it.
[2026-07-17T20:41:12.893+0530] {processor.py:927} WARNING - No viable dags retrieved from /Users/bhavishyachallagolla/Desktop/RetailSense/.venv/lib/python3.12/site-packages/airflow/example_dags/tutorial_taskflow_api_virtualenv.py
[2026-07-17T20:41:12.914+0530] {processor.py:208} INFO - Processing /Users/bhavishyachallagolla/Desktop/RetailSense/.venv/lib/python3.12/site-packages/airflow/example_dags/tutorial_taskflow_api_virtualenv.py took 0.035 seconds
[2026-07-17T20:42:02.700+0530] {processor.py:186} INFO - Started process (PID=90358) to work on /Users/bhavishyachallagolla/Desktop/RetailSense/.venv/lib/python3.12/site-packages/airflow/example_dags/tutorial_taskflow_api_virtualenv.py
[2026-07-17T20:42:02.701+0530] {processor.py:914} INFO - Processing file /Users/bhavishyachallagolla/Desktop/RetailSense/.venv/lib/python3.12/site-packages/airflow/example_dags/tutorial_taskflow_api_virtualenv.py for tasks to queue
[2026-07-17T20:42:02.701+0530] {logging_mixin.py:190} INFO - [2026-07-17T20:42:02.701+0530] {dagbag.py:588} INFO - Filling up the DagBag from /Users/bhavishyachallagolla/Desktop/RetailSense/.venv/lib/python3.12/site-packages/airflow/example_dags/tutorial_taskflow_api_virtualenv.py
[2026-07-17T20:42:02.712+0530] {logging_mixin.py:190} INFO - [2026-07-17T20:42:02.712+0530] {tutorial_taskflow_api_virtualenv.py:29} WARNING - The tutorial_taskflow_api_virtualenv example DAG requires virtualenv, please install it.
[2026-07-17T20:42:02.712+0530] {processor.py:927} WARNING - No viable dags retrieved from /Users/bhavishyachallagolla/Desktop/RetailSense/.venv/lib/python3.12/site-packages/airflow/example_dags/tutorial_taskflow_api_virtualenv.py
[2026-07-17T20:42:02.733+0530] {processor.py:208} INFO - Processing /Users/bhavishyachallagolla/Desktop/RetailSense/.venv/lib/python3.12/site-packages/airflow/example_dags/tutorial_taskflow_api_virtualenv.py took 0.034 seconds
[2026-07-17T20:42:52.901+0530] {processor.py:186} INFO - Started process (PID=90433) to work on /Users/bhavishyachallagolla/Desktop/RetailSense/.venv/lib/python3.12/site-packages/airflow/example_dags/tutorial_taskflow_api_virtualenv.py
[2026-07-17T20:42:52.902+0530] {processor.py:914} INFO - Processing file /Users/bhavishyachallagolla/Desktop/RetailSense/.venv/lib/python3.12/site-packages/airflow/example_dags/tutorial_taskflow_api_virtualenv.py for tasks to queue
[2026-07-17T20:42:52.902+0530] {logging_mixin.py:190} INFO - [2026-07-17T20:42:52.902+0530] {dagbag.py:588} INFO - Filling up the DagBag from /Users/bhavishyachallagolla/Desktop/RetailSense/.venv/lib/python3.12/site-packages/airflow/example_dags/tutorial_taskflow_api_virtualenv.py
[2026-07-17T20:42:52.913+0530] {logging_mixin.py:190} INFO - [2026-07-17T20:42:52.913+0530] {tutorial_taskflow_api_virtualenv.py:29} WARNING - The tutorial_taskflow_api_virtualenv example DAG requires virtualenv, please install it.
[2026-07-17T20:42:52.913+0530] {processor.py:927} WARNING - No viable dags retrieved from /Users/bhavishyachallagolla/Desktop/RetailSense/.venv/lib/python3.12/site-packages/airflow/example_dags/tutorial_taskflow_api_virtualenv.py
[2026-07-17T20:42:52.934+0530] {processor.py:208} INFO - Processing /Users/bhavishyachallagolla/Desktop/RetailSense/.venv/lib/python3.12/site-packages/airflow/example_dags/tutorial_taskflow_api_virtualenv.py took 0.034 seconds
[2026-07-17T20:43:41.828+0530] {processor.py:186} INFO - Started process (PID=90506) to work on /Users/bhavishyachallagolla/Desktop/RetailSense/.venv/lib/python3.12/site-packages/airflow/example_dags/tutorial_taskflow_api_virtualenv.py
[2026-07-17T20:43:41.828+0530] {processor.py:914} INFO - Processing file /Users/bhavishyachallagolla/Desktop/RetailSense/.venv/lib/python3.12/site-packages/airflow/example_dags/tutorial_taskflow_api_virtualenv.py for tasks to queue
[2026-07-17T20:43:41.829+0530] {logging_mixin.py:190} INFO - [2026-07-17T20:43:41.829+0530] {dagbag.py:588} INFO - Filling up the DagBag from /Users/bhavishyachallagolla/Desktop/RetailSense/.venv/lib/python3.12/site-packages/airflow/example_dags/tutorial_taskflow_api_virtualenv.py
[2026-07-17T20:43:41.840+0530] {logging_mixin.py:190} INFO - [2026-07-17T20:43:41.839+0530] {tutorial_taskflow_api_virtualenv.py:29} WARNING - The tutorial_taskflow_api_virtualenv example DAG requires virtualenv, please install it.
[2026-07-17T20:43:41.840+0530] {processor.py:927} WARNING - No viable dags retrieved from /Users/bhavishyachallagolla/Desktop/RetailSense/.venv/lib/python3.12/site-packages/airflow/example_dags/tutorial_taskflow_api_virtualenv.py
[2026-07-17T20:43:41.861+0530] {processor.py:208} INFO - Processing /Users/bhavishyachallagolla/Desktop/RetailSense/.venv/lib/python3.12/site-packages/airflow/example_dags/tutorial_taskflow_api_virtualenv.py took 0.034 seconds
[2026-07-17T20:44:32.224+0530] {processor.py:186} INFO - Started process (PID=90581) to work on /Users/bhavishyachallagolla/Desktop/RetailSense/.venv/lib/python3.12/site-packages/airflow/example_dags/tutorial_taskflow_api_virtualenv.py
[2026-07-17T20:44:32.225+0530] {processor.py:914} INFO - Processing file /Users/bhavishyachallagolla/Desktop/RetailSense/.venv/lib/python3.12/site-packages/airflow/example_dags/tutorial_taskflow_api_virtualenv.py for tasks to queue
[2026-07-17T20:44:32.225+0530] {logging_mixin.py:190} INFO - [2026-07-17T20:44:32.225+0530] {dagbag.py:588} INFO - Filling up the DagBag from /Users/bhavishyachallagolla/Desktop/RetailSense/.venv/lib/python3.12/site-packages/airflow/example_dags/tutorial_taskflow_api_virtualenv.py
[2026-07-17T20:44:32.236+0530] {logging_mixin.py:190} INFO - [2026-07-17T20:44:32.236+0530] {tutorial_taskflow_api_virtualenv.py:29} WARNING - The tutorial_taskflow_api_virtualenv example DAG requires virtualenv, please install it.
[2026-07-17T20:44:32.236+0530] {processor.py:927} WARNING - No viable dags retrieved from /Users/bhavishyachallagolla/Desktop/RetailSense/.venv/lib/python3.12/site-packages/airflow/example_dags/tutorial_taskflow_api_virtualenv.py
[2026-07-17T20:44:32.256+0530] {processor.py:208} INFO - Processing /Users/bhavishyachallagolla/Desktop/RetailSense/.venv/lib/python3.12/site-packages/airflow/example_dags/tutorial_taskflow_api_virtualenv.py took 0.033 seconds
[2026-07-17T20:45:22.128+0530] {processor.py:186} INFO - Started process (PID=90665) to work on /Users/bhavishyachallagolla/Desktop/RetailSense/.venv/lib/python3.12/site-packages/airflow/example_dags/tutorial_taskflow_api_virtualenv.py
[2026-07-17T20:45:22.128+0530] {processor.py:914} INFO - Processing file /Users/bhavishyachallagolla/Desktop/RetailSense/.venv/lib/python3.12/site-packages/airflow/example_dags/tutorial_taskflow_api_virtualenv.py for tasks to queue
[2026-07-17T20:45:22.129+0530] {logging_mixin.py:190} INFO - [2026-07-17T20:45:22.129+0530] {dagbag.py:588} INFO - Filling up the DagBag from /Users/bhavishyachallagolla/Desktop/RetailSense/.venv/lib/python3.12/site-packages/airflow/example_dags/tutorial_taskflow_api_virtualenv.py
[2026-07-17T20:45:22.139+0530] {logging_mixin.py:190} INFO - [2026-07-17T20:45:22.139+0530] {tutorial_taskflow_api_virtualenv.py:29} WARNING - The tutorial_taskflow_api_virtualenv example DAG requires virtualenv, please install it.
[2026-07-17T20:45:22.139+0530] {processor.py:927} WARNING - No viable dags retrieved from /Users/bhavishyachallagolla/Desktop/RetailSense/.venv/lib/python3.12/site-packages/airflow/example_dags/tutorial_taskflow_api_virtualenv.py
[2026-07-17T20:45:22.160+0530] {processor.py:208} INFO - Processing /Users/bhavishyachallagolla/Desktop/RetailSense/.venv/lib/python3.12/site-packages/airflow/example_dags/tutorial_taskflow_api_virtualenv.py took 0.033 seconds
[2026-07-17T20:46:12.528+0530] {processor.py:186} INFO - Started process (PID=90741) to work on /Users/bhavishyachallagolla/Desktop/RetailSense/.venv/lib/python3.12/site-packages/airflow/example_dags/tutorial_taskflow_api_virtualenv.py
[2026-07-17T20:46:12.528+0530] {processor.py:914} INFO - Processing file /Users/bhavishyachallagolla/Desktop/RetailSense/.venv/lib/python3.12/site-packages/airflow/example_dags/tutorial_taskflow_api_virtualenv.py for tasks to queue
[2026-07-17T20:46:12.529+0530] {logging_mixin.py:190} INFO - [2026-07-17T20:46:12.528+0530] {dagbag.py:588} INFO - Filling up the DagBag from /Users/bhavishyachallagolla/Desktop/RetailSense/.venv/lib/python3.12/site-packages/airflow/example_dags/tutorial_taskflow_api_virtualenv.py
[2026-07-17T20:46:12.539+0530] {logging_mixin.py:190} INFO - [2026-07-17T20:46:12.539+0530] {tutorial_taskflow_api_virtualenv.py:29} WARNING - The tutorial_taskflow_api_virtualenv example DAG requires virtualenv, please install it.
[2026-07-17T20:46:12.539+0530] {processor.py:927} WARNING - No viable dags retrieved from /Users/bhavishyachallagolla/Desktop/RetailSense/.venv/lib/python3.12/site-packages/airflow/example_dags/tutorial_taskflow_api_virtualenv.py
[2026-07-17T20:46:12.560+0530] {processor.py:208} INFO - Processing /Users/bhavishyachallagolla/Desktop/RetailSense/.venv/lib/python3.12/site-packages/airflow/example_dags/tutorial_taskflow_api_virtualenv.py took 0.033 seconds
[2026-07-17T20:47:02.994+0530] {processor.py:186} INFO - Started process (PID=90816) to work on /Users/bhavishyachallagolla/Desktop/RetailSense/.venv/lib/python3.12/site-packages/airflow/example_dags/tutorial_taskflow_api_virtualenv.py
[2026-07-17T20:47:02.995+0530] {processor.py:914} INFO - Processing file /Users/bhavishyachallagolla/Desktop/RetailSense/.venv/lib/python3.12/site-packages/airflow/example_dags/tutorial_taskflow_api_virtualenv.py for tasks to queue
[2026-07-17T20:47:02.995+0530] {logging_mixin.py:190} INFO - [2026-07-17T20:47:02.995+0530] {dagbag.py:588} INFO - Filling up the DagBag from /Users/bhavishyachallagolla/Desktop/RetailSense/.venv/lib/python3.12/site-packages/airflow/example_dags/tutorial_taskflow_api_virtualenv.py
[2026-07-17T20:47:03.006+0530] {logging_mixin.py:190} INFO - [2026-07-17T20:47:03.006+0530] {tutorial_taskflow_api_virtualenv.py:29} WARNING - The tutorial_taskflow_api_virtualenv example DAG requires virtualenv, please install it.
[2026-07-17T20:47:03.006+0530] {processor.py:927} WARNING - No viable dags retrieved from /Users/bhavishyachallagolla/Desktop/RetailSense/.venv/lib/python3.12/site-packages/airflow/example_dags/tutorial_taskflow_api_virtualenv.py
[2026-07-17T20:47:03.027+0530] {processor.py:208} INFO - Processing /Users/bhavishyachallagolla/Desktop/RetailSense/.venv/lib/python3.12/site-packages/airflow/example_dags/tutorial_taskflow_api_virtualenv.py took 0.034 seconds
[2026-07-17T20:47:52.410+0530] {processor.py:186} INFO - Started process (PID=90891) to work on /Users/bhavishyachallagolla/Desktop/RetailSense/.venv/lib/python3.12/site-packages/airflow/example_dags/tutorial_taskflow_api_virtualenv.py
[2026-07-17T20:47:52.411+0530] {processor.py:914} INFO - Processing file /Users/bhavishyachallagolla/Desktop/RetailSense/.venv/lib/python3.12/site-packages/airflow/example_dags/tutorial_taskflow_api_virtualenv.py for tasks to queue
[2026-07-17T20:47:52.411+0530] {logging_mixin.py:190} INFO - [2026-07-17T20:47:52.411+0530] {dagbag.py:588} INFO - Filling up the DagBag from /Users/bhavishyachallagolla/Desktop/RetailSense/.venv/lib/python3.12/site-packages/airflow/example_dags/tutorial_taskflow_api_virtualenv.py
[2026-07-17T20:47:52.422+0530] {logging_mixin.py:190} INFO - [2026-07-17T20:47:52.422+0530] {tutorial_taskflow_api_virtualenv.py:29} WARNING - The tutorial_taskflow_api_virtualenv example DAG requires virtualenv, please install it.
[2026-07-17T20:47:52.422+0530] {processor.py:927} WARNING - No viable dags retrieved from /Users/bhavishyachallagolla/Desktop/RetailSense/.venv/lib/python3.12/site-packages/airflow/example_dags/tutorial_taskflow_api_virtualenv.py
[2026-07-17T20:47:52.443+0530] {processor.py:208} INFO - Processing /Users/bhavishyachallagolla/Desktop/RetailSense/.venv/lib/python3.12/site-packages/airflow/example_dags/tutorial_taskflow_api_virtualenv.py took 0.035 seconds
[2026-07-17T20:48:43.468+0530] {processor.py:186} INFO - Started process (PID=90970) to work on /Users/bhavishyachallagolla/Desktop/RetailSense/.venv/lib/python3.12/site-packages/airflow/example_dags/tutorial_taskflow_api_virtualenv.py
[2026-07-17T20:48:43.469+0530] {processor.py:914} INFO - Processing file /Users/bhavishyachallagolla/Desktop/RetailSense/.venv/lib/python3.12/site-packages/airflow/example_dags/tutorial_taskflow_api_virtualenv.py for tasks to queue
[2026-07-17T20:48:43.469+0530] {logging_mixin.py:190} INFO - [2026-07-17T20:48:43.469+0530] {dagbag.py:588} INFO - Filling up the DagBag from /Users/bhavishyachallagolla/Desktop/RetailSense/.venv/lib/python3.12/site-packages/airflow/example_dags/tutorial_taskflow_api_virtualenv.py
[2026-07-17T20:48:43.480+0530] {logging_mixin.py:190} INFO - [2026-07-17T20:48:43.480+0530] {tutorial_taskflow_api_virtualenv.py:29} WARNING - The tutorial_taskflow_api_virtualenv example DAG requires virtualenv, please install it.
[2026-07-17T20:48:43.480+0530] {processor.py:927} WARNING - No viable dags retrieved from /Users/bhavishyachallagolla/Desktop/RetailSense/.venv/lib/python3.12/site-packages/airflow/example_dags/tutorial_taskflow_api_virtualenv.py
[2026-07-17T20:48:43.501+0530] {processor.py:208} INFO - Processing /Users/bhavishyachallagolla/Desktop/RetailSense/.venv/lib/python3.12/site-packages/airflow/example_dags/tutorial_taskflow_api_virtualenv.py took 0.034 seconds
[2026-07-17T20:49:34.512+0530] {processor.py:186} INFO - Started process (PID=91064) to work on /Users/bhavishyachallagolla/Desktop/RetailSense/.venv/lib/python3.12/site-packages/airflow/example_dags/tutorial_taskflow_api_virtualenv.py
[2026-07-17T20:49:34.513+0530] {processor.py:914} INFO - Processing file /Users/bhavishyachallagolla/Desktop/RetailSense/.venv/lib/python3.12/site-packages/airflow/example_dags/tutorial_taskflow_api_virtualenv.py for tasks to queue
[2026-07-17T20:49:34.513+0530] {logging_mixin.py:190} INFO - [2026-07-17T20:49:34.513+0530] {dagbag.py:588} INFO - Filling up the DagBag from /Users/bhavishyachallagolla/Desktop/RetailSense/.venv/lib/python3.12/site-packages/airflow/example_dags/tutorial_taskflow_api_virtualenv.py
[2026-07-17T20:49:34.524+0530] {logging_mixin.py:190} INFO - [2026-07-17T20:49:34.524+0530] {tutorial_taskflow_api_virtualenv.py:29} WARNING - The tutorial_taskflow_api_virtualenv example DAG requires virtualenv, please install it.
[2026-07-17T20:49:34.524+0530] {processor.py:927} WARNING - No viable dags retrieved from /Users/bhavishyachallagolla/Desktop/RetailSense/.venv/lib/python3.12/site-packages/airflow/example_dags/tutorial_taskflow_api_virtualenv.py
[2026-07-17T20:49:34.546+0530] {processor.py:208} INFO - Processing /Users/bhavishyachallagolla/Desktop/RetailSense/.venv/lib/python3.12/site-packages/airflow/example_dags/tutorial_taskflow_api_virtualenv.py took 0.035 seconds
[2026-07-17T20:50:21.649+0530] {processor.py:186} INFO - Started process (PID=91137) to work on /Users/bhavishyachallagolla/Desktop/RetailSense/.venv/lib/python3.12/site-packages/airflow/example_dags/tutorial_taskflow_api_virtualenv.py
[2026-07-17T20:50:21.649+0530] {processor.py:914} INFO - Processing file /Users/bhavishyachallagolla/Desktop/RetailSense/.venv/lib/python3.12/site-packages/airflow/example_dags/tutorial_taskflow_api_virtualenv.py for tasks to queue
[2026-07-17T20:50:21.649+0530] {logging_mixin.py:190} INFO - [2026-07-17T20:50:21.649+0530] {dagbag.py:588} INFO - Filling up the DagBag from /Users/bhavishyachallagolla/Desktop/RetailSense/.venv/lib/python3.12/site-packages/airflow/example_dags/tutorial_taskflow_api_virtualenv.py
[2026-07-17T20:50:21.661+0530] {logging_mixin.py:190} INFO - [2026-07-17T20:50:21.661+0530] {tutorial_taskflow_api_virtualenv.py:29} WARNING - The tutorial_taskflow_api_virtualenv example DAG requires virtualenv, please install it.
[2026-07-17T20:50:21.661+0530] {processor.py:927} WARNING - No viable dags retrieved from /Users/bhavishyachallagolla/Desktop/RetailSense/.venv/lib/python3.12/site-packages/airflow/example_dags/tutorial_taskflow_api_virtualenv.py
[2026-07-17T20:50:21.683+0530] {processor.py:208} INFO - Processing /Users/bhavishyachallagolla/Desktop/RetailSense/.venv/lib/python3.12/site-packages/airflow/example_dags/tutorial_taskflow_api_virtualenv.py took 0.035 seconds
[2026-07-17T20:51:11.471+0530] {processor.py:186} INFO - Started process (PID=91213) to work on /Users/bhavishyachallagolla/Desktop/RetailSense/.venv/lib/python3.12/site-packages/airflow/example_dags/tutorial_taskflow_api_virtualenv.py
[2026-07-17T20:51:11.472+0530] {processor.py:914} INFO - Processing file /Users/bhavishyachallagolla/Desktop/RetailSense/.venv/lib/python3.12/site-packages/airflow/example_dags/tutorial_taskflow_api_virtualenv.py for tasks to queue
[2026-07-17T20:51:11.473+0530] {logging_mixin.py:190} INFO - [2026-07-17T20:51:11.472+0530] {dagbag.py:588} INFO - Filling up the DagBag from /Users/bhavishyachallagolla/Desktop/RetailSense/.venv/lib/python3.12/site-packages/airflow/example_dags/tutorial_taskflow_api_virtualenv.py
[2026-07-17T20:51:11.483+0530] {logging_mixin.py:190} INFO - [2026-07-17T20:51:11.483+0530] {tutorial_taskflow_api_virtualenv.py:29} WARNING - The tutorial_taskflow_api_virtualenv example DAG requires virtualenv, please install it.
[2026-07-17T20:51:11.484+0530] {processor.py:927} WARNING - No viable dags retrieved from /Users/bhavishyachallagolla/Desktop/RetailSense/.venv/lib/python3.12/site-packages/airflow/example_dags/tutorial_taskflow_api_virtualenv.py
[2026-07-17T20:51:11.505+0530] {processor.py:208} INFO - Processing /Users/bhavishyachallagolla/Desktop/RetailSense/.venv/lib/python3.12/site-packages/airflow/example_dags/tutorial_taskflow_api_virtualenv.py took 0.035 seconds
[2026-07-17T20:52:02.961+0530] {processor.py:186} INFO - Started process (PID=91289) to work on /Users/bhavishyachallagolla/Desktop/RetailSense/.venv/lib/python3.12/site-packages/airflow/example_dags/tutorial_taskflow_api_virtualenv.py
[2026-07-17T20:52:02.962+0530] {processor.py:914} INFO - Processing file /Users/bhavishyachallagolla/Desktop/RetailSense/.venv/lib/python3.12/site-packages/airflow/example_dags/tutorial_taskflow_api_virtualenv.py for tasks to queue
[2026-07-17T20:52:02.963+0530] {logging_mixin.py:190} INFO - [2026-07-17T20:52:02.962+0530] {dagbag.py:588} INFO - Filling up the DagBag from /Users/bhavishyachallagolla/Desktop/RetailSense/.venv/lib/python3.12/site-packages/airflow/example_dags/tutorial_taskflow_api_virtualenv.py
[2026-07-17T20:52:02.975+0530] {logging_mixin.py:190} INFO - [2026-07-17T20:52:02.975+0530] {tutorial_taskflow_api_virtualenv.py:29} WARNING - The tutorial_taskflow_api_virtualenv example DAG requires virtualenv, please install it.
[2026-07-17T20:52:02.975+0530] {processor.py:927} WARNING - No viable dags retrieved from /Users/bhavishyachallagolla/Desktop/RetailSense/.venv/lib/python3.12/site-packages/airflow/example_dags/tutorial_taskflow_api_virtualenv.py
[2026-07-17T20:52:02.996+0530] {processor.py:208} INFO - Processing /Users/bhavishyachallagolla/Desktop/RetailSense/.venv/lib/python3.12/site-packages/airflow/example_dags/tutorial_taskflow_api_virtualenv.py took 0.036 seconds
[2026-07-17T20:52:53.933+0530] {processor.py:186} INFO - Started process (PID=91364) to work on /Users/bhavishyachallagolla/Desktop/RetailSense/.venv/lib/python3.12/site-packages/airflow/example_dags/tutorial_taskflow_api_virtualenv.py
[2026-07-17T20:52:53.934+0530] {processor.py:914} INFO - Processing file /Users/bhavishyachallagolla/Desktop/RetailSense/.venv/lib/python3.12/site-packages/airflow/example_dags/tutorial_taskflow_api_virtualenv.py for tasks to queue
[2026-07-17T20:52:53.934+0530] {logging_mixin.py:190} INFO - [2026-07-17T20:52:53.934+0530] {dagbag.py:588} INFO - Filling up the DagBag from /Users/bhavishyachallagolla/Desktop/RetailSense/.venv/lib/python3.12/site-packages/airflow/example_dags/tutorial_taskflow_api_virtualenv.py
[2026-07-17T20:52:53.945+0530] {logging_mixin.py:190} INFO - [2026-07-17T20:52:53.945+0530] {tutorial_taskflow_api_virtualenv.py:29} WARNING - The tutorial_taskflow_api_virtualenv example DAG requires virtualenv, please install it.
[2026-07-17T20:52:53.945+0530] {processor.py:927} WARNING - No viable dags retrieved from /Users/bhavishyachallagolla/Desktop/RetailSense/.venv/lib/python3.12/site-packages/airflow/example_dags/tutorial_taskflow_api_virtualenv.py
[2026-07-17T20:52:53.966+0530] {processor.py:208} INFO - Processing /Users/bhavishyachallagolla/Desktop/RetailSense/.venv/lib/python3.12/site-packages/airflow/example_dags/tutorial_taskflow_api_virtualenv.py took 0.034 seconds
[2026-07-17T20:53:44.382+0530] {processor.py:186} INFO - Started process (PID=91439) to work on /Users/bhavishyachallagolla/Desktop/RetailSense/.venv/lib/python3.12/site-packages/airflow/example_dags/tutorial_taskflow_api_virtualenv.py
[2026-07-17T20:53:44.383+0530] {processor.py:914} INFO - Processing file /Users/bhavishyachallagolla/Desktop/RetailSense/.venv/lib/python3.12/site-packages/airflow/example_dags/tutorial_taskflow_api_virtualenv.py for tasks to queue
[2026-07-17T20:53:44.383+0530] {logging_mixin.py:190} INFO - [2026-07-17T20:53:44.383+0530] {dagbag.py:588} INFO - Filling up the DagBag from /Users/bhavishyachallagolla/Desktop/RetailSense/.venv/lib/python3.12/site-packages/airflow/example_dags/tutorial_taskflow_api_virtualenv.py
[2026-07-17T20:53:44.395+0530] {logging_mixin.py:190} INFO - [2026-07-17T20:53:44.395+0530] {tutorial_taskflow_api_virtualenv.py:29} WARNING - The tutorial_taskflow_api_virtualenv example DAG requires virtualenv, please install it.
[2026-07-17T20:53:44.395+0530] {processor.py:927} WARNING - No viable dags retrieved from /Users/bhavishyachallagolla/Desktop/RetailSense/.venv/lib/python3.12/site-packages/airflow/example_dags/tutorial_taskflow_api_virtualenv.py
[2026-07-17T20:53:44.416+0530] {processor.py:208} INFO - Processing /Users/bhavishyachallagolla/Desktop/RetailSense/.venv/lib/python3.12/site-packages/airflow/example_dags/tutorial_taskflow_api_virtualenv.py took 0.035 seconds
[2026-07-17T20:54:36.452+0530] {processor.py:186} INFO - Started process (PID=91516) to work on /Users/bhavishyachallagolla/Desktop/RetailSense/.venv/lib/python3.12/site-packages/airflow/example_dags/tutorial_taskflow_api_virtualenv.py
[2026-07-17T20:54:36.453+0530] {processor.py:914} INFO - Processing file /Users/bhavishyachallagolla/Desktop/RetailSense/.venv/lib/python3.12/site-packages/airflow/example_dags/tutorial_taskflow_api_virtualenv.py for tasks to queue
[2026-07-17T20:54:36.453+0530] {logging_mixin.py:190} INFO - [2026-07-17T20:54:36.453+0530] {dagbag.py:588} INFO - Filling up the DagBag from /Users/bhavishyachallagolla/Desktop/RetailSense/.venv/lib/python3.12/site-packages/airflow/example_dags/tutorial_taskflow_api_virtualenv.py
[2026-07-17T20:54:36.464+0530] {logging_mixin.py:190} INFO - [2026-07-17T20:54:36.464+0530] {tutorial_taskflow_api_virtualenv.py:29} WARNING - The tutorial_taskflow_api_virtualenv example DAG requires virtualenv, please install it.
[2026-07-17T20:54:36.464+0530] {processor.py:927} WARNING - No viable dags retrieved from /Users/bhavishyachallagolla/Desktop/RetailSense/.venv/lib/python3.12/site-packages/airflow/example_dags/tutorial_taskflow_api_virtualenv.py
[2026-07-17T20:54:36.485+0530] {processor.py:208} INFO - Processing /Users/bhavishyachallagolla/Desktop/RetailSense/.venv/lib/python3.12/site-packages/airflow/example_dags/tutorial_taskflow_api_virtualenv.py took 0.034 seconds
[2026-07-17T20:55:26.510+0530] {processor.py:186} INFO - Started process (PID=91607) to work on /Users/bhavishyachallagolla/Desktop/RetailSense/.venv/lib/python3.12/site-packages/airflow/example_dags/tutorial_taskflow_api_virtualenv.py
[2026-07-17T20:55:26.511+0530] {processor.py:914} INFO - Processing file /Users/bhavishyachallagolla/Desktop/RetailSense/.venv/lib/python3.12/site-packages/airflow/example_dags/tutorial_taskflow_api_virtualenv.py for tasks to queue
[2026-07-17T20:55:26.511+0530] {logging_mixin.py:190} INFO - [2026-07-17T20:55:26.511+0530] {dagbag.py:588} INFO - Filling up the DagBag from /Users/bhavishyachallagolla/Desktop/RetailSense/.venv/lib/python3.12/site-packages/airflow/example_dags/tutorial_taskflow_api_virtualenv.py
[2026-07-17T20:55:26.522+0530] {logging_mixin.py:190} INFO - [2026-07-17T20:55:26.522+0530] {tutorial_taskflow_api_virtualenv.py:29} WARNING - The tutorial_taskflow_api_virtualenv example DAG requires virtualenv, please install it.
[2026-07-17T20:55:26.522+0530] {processor.py:927} WARNING - No viable dags retrieved from /Users/bhavishyachallagolla/Desktop/RetailSense/.venv/lib/python3.12/site-packages/airflow/example_dags/tutorial_taskflow_api_virtualenv.py
[2026-07-17T20:55:26.544+0530] {processor.py:208} INFO - Processing /Users/bhavishyachallagolla/Desktop/RetailSense/.venv/lib/python3.12/site-packages/airflow/example_dags/tutorial_taskflow_api_virtualenv.py took 0.035 seconds
[2026-07-17T20:56:15.652+0530] {processor.py:186} INFO - Started process (PID=91680) to work on /Users/bhavishyachallagolla/Desktop/RetailSense/.venv/lib/python3.12/site-packages/airflow/example_dags/tutorial_taskflow_api_virtualenv.py
[2026-07-17T20:56:15.653+0530] {processor.py:914} INFO - Processing file /Users/bhavishyachallagolla/Desktop/RetailSense/.venv/lib/python3.12/site-packages/airflow/example_dags/tutorial_taskflow_api_virtualenv.py for tasks to queue
[2026-07-17T20:56:15.654+0530] {logging_mixin.py:190} INFO - [2026-07-17T20:56:15.654+0530] {dagbag.py:588} INFO - Filling up the DagBag from /Users/bhavishyachallagolla/Desktop/RetailSense/.venv/lib/python3.12/site-packages/airflow/example_dags/tutorial_taskflow_api_virtualenv.py
[2026-07-17T20:56:15.664+0530] {logging_mixin.py:190} INFO - [2026-07-17T20:56:15.664+0530] {tutorial_taskflow_api_virtualenv.py:29} WARNING - The tutorial_taskflow_api_virtualenv example DAG requires virtualenv, please install it.
[2026-07-17T20:56:15.664+0530] {processor.py:927} WARNING - No viable dags retrieved from /Users/bhavishyachallagolla/Desktop/RetailSense/.venv/lib/python3.12/site-packages/airflow/example_dags/tutorial_taskflow_api_virtualenv.py
[2026-07-17T20:56:15.685+0530] {processor.py:208} INFO - Processing /Users/bhavishyachallagolla/Desktop/RetailSense/.venv/lib/python3.12/site-packages/airflow/example_dags/tutorial_taskflow_api_virtualenv.py took 0.034 seconds
[2026-07-17T20:57:06.108+0530] {processor.py:186} INFO - Started process (PID=91754) to work on /Users/bhavishyachallagolla/Desktop/RetailSense/.venv/lib/python3.12/site-packages/airflow/example_dags/tutorial_taskflow_api_virtualenv.py
[2026-07-17T20:57:06.108+0530] {processor.py:914} INFO - Processing file /Users/bhavishyachallagolla/Desktop/RetailSense/.venv/lib/python3.12/site-packages/airflow/example_dags/tutorial_taskflow_api_virtualenv.py for tasks to queue
[2026-07-17T20:57:06.108+0530] {logging_mixin.py:190} INFO - [2026-07-17T20:57:06.108+0530] {dagbag.py:588} INFO - Filling up the DagBag from /Users/bhavishyachallagolla/Desktop/RetailSense/.venv/lib/python3.12/site-packages/airflow/example_dags/tutorial_taskflow_api_virtualenv.py
[2026-07-17T20:57:06.119+0530] {logging_mixin.py:190} INFO - [2026-07-17T20:57:06.119+0530] {tutorial_taskflow_api_virtualenv.py:29} WARNING - The tutorial_taskflow_api_virtualenv example DAG requires virtualenv, please install it.
[2026-07-17T20:57:06.119+0530] {processor.py:927} WARNING - No viable dags retrieved from /Users/bhavishyachallagolla/Desktop/RetailSense/.venv/lib/python3.12/site-packages/airflow/example_dags/tutorial_taskflow_api_virtualenv.py
[2026-07-17T20:57:06.140+0530] {processor.py:208} INFO - Processing /Users/bhavishyachallagolla/Desktop/RetailSense/.venv/lib/python3.12/site-packages/airflow/example_dags/tutorial_taskflow_api_virtualenv.py took 0.034 seconds
[2026-07-17T20:57:55.553+0530] {processor.py:186} INFO - Started process (PID=91827) to work on /Users/bhavishyachallagolla/Desktop/RetailSense/.venv/lib/python3.12/site-packages/airflow/example_dags/tutorial_taskflow_api_virtualenv.py
[2026-07-17T20:57:55.554+0530] {processor.py:914} INFO - Processing file /Users/bhavishyachallagolla/Desktop/RetailSense/.venv/lib/python3.12/site-packages/airflow/example_dags/tutorial_taskflow_api_virtualenv.py for tasks to queue
[2026-07-17T20:57:55.554+0530] {logging_mixin.py:190} INFO - [2026-07-17T20:57:55.554+0530] {dagbag.py:588} INFO - Filling up the DagBag from /Users/bhavishyachallagolla/Desktop/RetailSense/.venv/lib/python3.12/site-packages/airflow/example_dags/tutorial_taskflow_api_virtualenv.py
[2026-07-17T20:57:55.564+0530] {logging_mixin.py:190} INFO - [2026-07-17T20:57:55.564+0530] {tutorial_taskflow_api_virtualenv.py:29} WARNING - The tutorial_taskflow_api_virtualenv example DAG requires virtualenv, please install it.
[2026-07-17T20:57:55.565+0530] {processor.py:927} WARNING - No viable dags retrieved from /Users/bhavishyachallagolla/Desktop/RetailSense/.venv/lib/python3.12/site-packages/airflow/example_dags/tutorial_taskflow_api_virtualenv.py
[2026-07-17T20:57:55.585+0530] {processor.py:208} INFO - Processing /Users/bhavishyachallagolla/Desktop/RetailSense/.venv/lib/python3.12/site-packages/airflow/example_dags/tutorial_taskflow_api_virtualenv.py took 0.034 seconds
[2026-07-17T20:58:44.382+0530] {processor.py:186} INFO - Started process (PID=91899) to work on /Users/bhavishyachallagolla/Desktop/RetailSense/.venv/lib/python3.12/site-packages/airflow/example_dags/tutorial_taskflow_api_virtualenv.py
[2026-07-17T20:58:44.382+0530] {processor.py:914} INFO - Processing file /Users/bhavishyachallagolla/Desktop/RetailSense/.venv/lib/python3.12/site-packages/airflow/example_dags/tutorial_taskflow_api_virtualenv.py for tasks to queue
[2026-07-17T20:58:44.382+0530] {logging_mixin.py:190} INFO - [2026-07-17T20:58:44.382+0530] {dagbag.py:588} INFO - Filling up the DagBag from /Users/bhavishyachallagolla/Desktop/RetailSense/.venv/lib/python3.12/site-packages/airflow/example_dags/tutorial_taskflow_api_virtualenv.py
[2026-07-17T20:58:44.393+0530] {logging_mixin.py:190} INFO - [2026-07-17T20:58:44.393+0530] {tutorial_taskflow_api_virtualenv.py:29} WARNING - The tutorial_taskflow_api_virtualenv example DAG requires virtualenv, please install it.
[2026-07-17T20:58:44.393+0530] {processor.py:927} WARNING - No viable dags retrieved from /Users/bhavishyachallagolla/Desktop/RetailSense/.venv/lib/python3.12/site-packages/airflow/example_dags/tutorial_taskflow_api_virtualenv.py
[2026-07-17T20:58:44.413+0530] {processor.py:208} INFO - Processing /Users/bhavishyachallagolla/Desktop/RetailSense/.venv/lib/python3.12/site-packages/airflow/example_dags/tutorial_taskflow_api_virtualenv.py took 0.032 seconds
[2026-07-17T20:59:34.721+0530] {processor.py:186} INFO - Started process (PID=91975) to work on /Users/bhavishyachallagolla/Desktop/RetailSense/.venv/lib/python3.12/site-packages/airflow/example_dags/tutorial_taskflow_api_virtualenv.py
[2026-07-17T20:59:34.721+0530] {processor.py:914} INFO - Processing file /Users/bhavishyachallagolla/Desktop/RetailSense/.venv/lib/python3.12/site-packages/airflow/example_dags/tutorial_taskflow_api_virtualenv.py for tasks to queue
[2026-07-17T20:59:34.721+0530] {logging_mixin.py:190} INFO - [2026-07-17T20:59:34.721+0530] {dagbag.py:588} INFO - Filling up the DagBag from /Users/bhavishyachallagolla/Desktop/RetailSense/.venv/lib/python3.12/site-packages/airflow/example_dags/tutorial_taskflow_api_virtualenv.py
[2026-07-17T20:59:34.732+0530] {logging_mixin.py:190} INFO - [2026-07-17T20:59:34.732+0530] {tutorial_taskflow_api_virtualenv.py:29} WARNING - The tutorial_taskflow_api_virtualenv example DAG requires virtualenv, please install it.
[2026-07-17T20:59:34.732+0530] {processor.py:927} WARNING - No viable dags retrieved from /Users/bhavishyachallagolla/Desktop/RetailSense/.venv/lib/python3.12/site-packages/airflow/example_dags/tutorial_taskflow_api_virtualenv.py
[2026-07-17T20:59:34.753+0530] {processor.py:208} INFO - Processing /Users/bhavishyachallagolla/Desktop/RetailSense/.venv/lib/python3.12/site-packages/airflow/example_dags/tutorial_taskflow_api_virtualenv.py took 0.033 seconds
[2026-07-17T22:22:13.118+0530] {processor.py:186} INFO - Started process (PID=92059) to work on /Users/bhavishyachallagolla/Desktop/RetailSense/.venv/lib/python3.12/site-packages/airflow/example_dags/tutorial_taskflow_api_virtualenv.py
[2026-07-17T22:22:13.119+0530] {processor.py:914} INFO - Processing file /Users/bhavishyachallagolla/Desktop/RetailSense/.venv/lib/python3.12/site-packages/airflow/example_dags/tutorial_taskflow_api_virtualenv.py for tasks to queue
[2026-07-17T22:22:13.119+0530] {logging_mixin.py:190} INFO - [2026-07-17T22:22:13.119+0530] {dagbag.py:588} INFO - Filling up the DagBag from /Users/bhavishyachallagolla/Desktop/RetailSense/.venv/lib/python3.12/site-packages/airflow/example_dags/tutorial_taskflow_api_virtualenv.py
[2026-07-17T22:22:13.129+0530] {logging_mixin.py:190} INFO - [2026-07-17T22:22:13.129+0530] {tutorial_taskflow_api_virtualenv.py:29} WARNING - The tutorial_taskflow_api_virtualenv example DAG requires virtualenv, please install it.
[2026-07-17T22:22:13.129+0530] {processor.py:927} WARNING - No viable dags retrieved from /Users/bhavishyachallagolla/Desktop/RetailSense/.venv/lib/python3.12/site-packages/airflow/example_dags/tutorial_taskflow_api_virtualenv.py
[2026-07-17T22:22:13.150+0530] {processor.py:208} INFO - Processing /Users/bhavishyachallagolla/Desktop/RetailSense/.venv/lib/python3.12/site-packages/airflow/example_dags/tutorial_taskflow_api_virtualenv.py took 0.032 seconds
[2026-07-17T22:23:32.095+0530] {processor.py:186} INFO - Started process (PID=92201) to work on /Users/bhavishyachallagolla/Desktop/RetailSense/.venv/lib/python3.12/site-packages/airflow/example_dags/tutorial_taskflow_api_virtualenv.py
[2026-07-17T22:23:32.096+0530] {processor.py:914} INFO - Processing file /Users/bhavishyachallagolla/Desktop/RetailSense/.venv/lib/python3.12/site-packages/airflow/example_dags/tutorial_taskflow_api_virtualenv.py for tasks to queue
[2026-07-17T22:23:32.096+0530] {logging_mixin.py:190} INFO - [2026-07-17T22:23:32.096+0530] {dagbag.py:588} INFO - Filling up the DagBag from /Users/bhavishyachallagolla/Desktop/RetailSense/.venv/lib/python3.12/site-packages/airflow/example_dags/tutorial_taskflow_api_virtualenv.py
[2026-07-17T22:23:32.107+0530] {logging_mixin.py:190} INFO - [2026-07-17T22:23:32.107+0530] {tutorial_taskflow_api_virtualenv.py:29} WARNING - The tutorial_taskflow_api_virtualenv example DAG requires virtualenv, please install it.
[2026-07-17T22:23:32.107+0530] {processor.py:927} WARNING - No viable dags retrieved from /Users/bhavishyachallagolla/Desktop/RetailSense/.venv/lib/python3.12/site-packages/airflow/example_dags/tutorial_taskflow_api_virtualenv.py
[2026-07-17T22:23:32.127+0530] {processor.py:208} INFO - Processing /Users/bhavishyachallagolla/Desktop/RetailSense/.venv/lib/python3.12/site-packages/airflow/example_dags/tutorial_taskflow_api_virtualenv.py took 0.034 seconds
[2026-07-17T22:24:22.141+0530] {processor.py:186} INFO - Started process (PID=92279) to work on /Users/bhavishyachallagolla/Desktop/RetailSense/.venv/lib/python3.12/site-packages/airflow/example_dags/tutorial_taskflow_api_virtualenv.py
[2026-07-17T22:24:22.142+0530] {processor.py:914} INFO - Processing file /Users/bhavishyachallagolla/Desktop/RetailSense/.venv/lib/python3.12/site-packages/airflow/example_dags/tutorial_taskflow_api_virtualenv.py for tasks to queue
[2026-07-17T22:24:22.142+0530] {logging_mixin.py:190} INFO - [2026-07-17T22:24:22.142+0530] {dagbag.py:588} INFO - Filling up the DagBag from /Users/bhavishyachallagolla/Desktop/RetailSense/.venv/lib/python3.12/site-packages/airflow/example_dags/tutorial_taskflow_api_virtualenv.py
[2026-07-17T22:24:22.153+0530] {logging_mixin.py:190} INFO - [2026-07-17T22:24:22.153+0530] {tutorial_taskflow_api_virtualenv.py:29} WARNING - The tutorial_taskflow_api_virtualenv example DAG requires virtualenv, please install it.
[2026-07-17T22:24:22.153+0530] {processor.py:927} WARNING - No viable dags retrieved from /Users/bhavishyachallagolla/Desktop/RetailSense/.venv/lib/python3.12/site-packages/airflow/example_dags/tutorial_taskflow_api_virtualenv.py
[2026-07-17T22:24:22.174+0530] {processor.py:208} INFO - Processing /Users/bhavishyachallagolla/Desktop/RetailSense/.venv/lib/python3.12/site-packages/airflow/example_dags/tutorial_taskflow_api_virtualenv.py took 0.034 seconds
[2026-07-17T22:25:11.923+0530] {processor.py:186} INFO - Started process (PID=92353) to work on /Users/bhavishyachallagolla/Desktop/RetailSense/.venv/lib/python3.12/site-packages/airflow/example_dags/tutorial_taskflow_api_virtualenv.py
[2026-07-17T22:25:11.923+0530] {processor.py:914} INFO - Processing file /Users/bhavishyachallagolla/Desktop/RetailSense/.venv/lib/python3.12/site-packages/airflow/example_dags/tutorial_taskflow_api_virtualenv.py for tasks to queue
[2026-07-17T22:25:11.923+0530] {logging_mixin.py:190} INFO - [2026-07-17T22:25:11.923+0530] {dagbag.py:588} INFO - Filling up the DagBag from /Users/bhavishyachallagolla/Desktop/RetailSense/.venv/lib/python3.12/site-packages/airflow/example_dags/tutorial_taskflow_api_virtualenv.py
[2026-07-17T22:25:11.934+0530] {logging_mixin.py:190} INFO - [2026-07-17T22:25:11.934+0530] {tutorial_taskflow_api_virtualenv.py:29} WARNING - The tutorial_taskflow_api_virtualenv example DAG requires virtualenv, please install it.
[2026-07-17T22:25:11.934+0530] {processor.py:927} WARNING - No viable dags retrieved from /Users/bhavishyachallagolla/Desktop/RetailSense/.venv/lib/python3.12/site-packages/airflow/example_dags/tutorial_taskflow_api_virtualenv.py
[2026-07-17T22:25:11.955+0530] {processor.py:208} INFO - Processing /Users/bhavishyachallagolla/Desktop/RetailSense/.venv/lib/python3.12/site-packages/airflow/example_dags/tutorial_taskflow_api_virtualenv.py took 0.033 seconds
[2026-07-17T22:26:01.250+0530] {processor.py:186} INFO - Started process (PID=92429) to work on /Users/bhavishyachallagolla/Desktop/RetailSense/.venv/lib/python3.12/site-packages/airflow/example_dags/tutorial_taskflow_api_virtualenv.py
[2026-07-17T22:26:01.250+0530] {processor.py:914} INFO - Processing file /Users/bhavishyachallagolla/Desktop/RetailSense/.venv/lib/python3.12/site-packages/airflow/example_dags/tutorial_taskflow_api_virtualenv.py for tasks to queue
[2026-07-17T22:26:01.251+0530] {logging_mixin.py:190} INFO - [2026-07-17T22:26:01.251+0530] {dagbag.py:588} INFO - Filling up the DagBag from /Users/bhavishyachallagolla/Desktop/RetailSense/.venv/lib/python3.12/site-packages/airflow/example_dags/tutorial_taskflow_api_virtualenv.py
[2026-07-17T22:26:01.261+0530] {logging_mixin.py:190} INFO - [2026-07-17T22:26:01.261+0530] {tutorial_taskflow_api_virtualenv.py:29} WARNING - The tutorial_taskflow_api_virtualenv example DAG requires virtualenv, please install it.
[2026-07-17T22:26:01.261+0530] {processor.py:927} WARNING - No viable dags retrieved from /Users/bhavishyachallagolla/Desktop/RetailSense/.venv/lib/python3.12/site-packages/airflow/example_dags/tutorial_taskflow_api_virtualenv.py
[2026-07-17T22:26:01.281+0530] {processor.py:208} INFO - Processing /Users/bhavishyachallagolla/Desktop/RetailSense/.venv/lib/python3.12/site-packages/airflow/example_dags/tutorial_taskflow_api_virtualenv.py took 0.032 seconds
[2026-07-17T22:26:51.832+0530] {processor.py:186} INFO - Started process (PID=92503) to work on /Users/bhavishyachallagolla/Desktop/RetailSense/.venv/lib/python3.12/site-packages/airflow/example_dags/tutorial_taskflow_api_virtualenv.py
[2026-07-17T22:26:51.833+0530] {processor.py:914} INFO - Processing file /Users/bhavishyachallagolla/Desktop/RetailSense/.venv/lib/python3.12/site-packages/airflow/example_dags/tutorial_taskflow_api_virtualenv.py for tasks to queue
[2026-07-17T22:26:51.833+0530] {logging_mixin.py:190} INFO - [2026-07-17T22:26:51.833+0530] {dagbag.py:588} INFO - Filling up the DagBag from /Users/bhavishyachallagolla/Desktop/RetailSense/.venv/lib/python3.12/site-packages/airflow/example_dags/tutorial_taskflow_api_virtualenv.py
[2026-07-17T22:26:51.844+0530] {logging_mixin.py:190} INFO - [2026-07-17T22:26:51.844+0530] {tutorial_taskflow_api_virtualenv.py:29} WARNING - The tutorial_taskflow_api_virtualenv example DAG requires virtualenv, please install it.
[2026-07-17T22:26:51.844+0530] {processor.py:927} WARNING - No viable dags retrieved from /Users/bhavishyachallagolla/Desktop/RetailSense/.venv/lib/python3.12/site-packages/airflow/example_dags/tutorial_taskflow_api_virtualenv.py
[2026-07-17T22:26:51.865+0530] {processor.py:208} INFO - Processing /Users/bhavishyachallagolla/Desktop/RetailSense/.venv/lib/python3.12/site-packages/airflow/example_dags/tutorial_taskflow_api_virtualenv.py took 0.034 seconds
[2026-07-17T22:27:42.200+0530] {processor.py:186} INFO - Started process (PID=92579) to work on /Users/bhavishyachallagolla/Desktop/RetailSense/.venv/lib/python3.12/site-packages/airflow/example_dags/tutorial_taskflow_api_virtualenv.py
[2026-07-17T22:27:42.200+0530] {processor.py:914} INFO - Processing file /Users/bhavishyachallagolla/Desktop/RetailSense/.venv/lib/python3.12/site-packages/airflow/example_dags/tutorial_taskflow_api_virtualenv.py for tasks to queue
[2026-07-17T22:27:42.200+0530] {logging_mixin.py:190} INFO - [2026-07-17T22:27:42.200+0530] {dagbag.py:588} INFO - Filling up the DagBag from /Users/bhavishyachallagolla/Desktop/RetailSense/.venv/lib/python3.12/site-packages/airflow/example_dags/tutorial_taskflow_api_virtualenv.py
[2026-07-17T22:27:42.211+0530] {logging_mixin.py:190} INFO - [2026-07-17T22:27:42.211+0530] {tutorial_taskflow_api_virtualenv.py:29} WARNING - The tutorial_taskflow_api_virtualenv example DAG requires virtualenv, please install it.
[2026-07-17T22:27:42.211+0530] {processor.py:927} WARNING - No viable dags retrieved from /Users/bhavishyachallagolla/Desktop/RetailSense/.venv/lib/python3.12/site-packages/airflow/example_dags/tutorial_taskflow_api_virtualenv.py
[2026-07-17T22:27:42.232+0530] {processor.py:208} INFO - Processing /Users/bhavishyachallagolla/Desktop/RetailSense/.venv/lib/python3.12/site-packages/airflow/example_dags/tutorial_taskflow_api_virtualenv.py took 0.033 seconds
[2026-07-17T22:28:32.731+0530] {processor.py:186} INFO - Started process (PID=92653) to work on /Users/bhavishyachallagolla/Desktop/RetailSense/.venv/lib/python3.12/site-packages/airflow/example_dags/tutorial_taskflow_api_virtualenv.py
[2026-07-17T22:28:32.731+0530] {processor.py:914} INFO - Processing file /Users/bhavishyachallagolla/Desktop/RetailSense/.venv/lib/python3.12/site-packages/airflow/example_dags/tutorial_taskflow_api_virtualenv.py for tasks to queue
[2026-07-17T22:28:32.731+0530] {logging_mixin.py:190} INFO - [2026-07-17T22:28:32.731+0530] {dagbag.py:588} INFO - Filling up the DagBag from /Users/bhavishyachallagolla/Desktop/RetailSense/.venv/lib/python3.12/site-packages/airflow/example_dags/tutorial_taskflow_api_virtualenv.py
[2026-07-17T22:28:32.743+0530] {logging_mixin.py:190} INFO - [2026-07-17T22:28:32.743+0530] {tutorial_taskflow_api_virtualenv.py:29} WARNING - The tutorial_taskflow_api_virtualenv example DAG requires virtualenv, please install it.
[2026-07-17T22:28:32.743+0530] {processor.py:927} WARNING - No viable dags retrieved from /Users/bhavishyachallagolla/Desktop/RetailSense/.venv/lib/python3.12/site-packages/airflow/example_dags/tutorial_taskflow_api_virtualenv.py
[2026-07-17T22:28:32.765+0530] {processor.py:208} INFO - Processing /Users/bhavishyachallagolla/Desktop/RetailSense/.venv/lib/python3.12/site-packages/airflow/example_dags/tutorial_taskflow_api_virtualenv.py took 0.035 seconds
[2026-07-17T22:29:21.779+0530] {processor.py:186} INFO - Started process (PID=92729) to work on /Users/bhavishyachallagolla/Desktop/RetailSense/.venv/lib/python3.12/site-packages/airflow/example_dags/tutorial_taskflow_api_virtualenv.py
[2026-07-17T22:29:21.780+0530] {processor.py:914} INFO - Processing file /Users/bhavishyachallagolla/Desktop/RetailSense/.venv/lib/python3.12/site-packages/airflow/example_dags/tutorial_taskflow_api_virtualenv.py for tasks to queue
[2026-07-17T22:29:21.780+0530] {logging_mixin.py:190} INFO - [2026-07-17T22:29:21.780+0530] {dagbag.py:588} INFO - Filling up the DagBag from /Users/bhavishyachallagolla/Desktop/RetailSense/.venv/lib/python3.12/site-packages/airflow/example_dags/tutorial_taskflow_api_virtualenv.py
[2026-07-17T22:29:21.791+0530] {logging_mixin.py:190} INFO - [2026-07-17T22:29:21.791+0530] {tutorial_taskflow_api_virtualenv.py:29} WARNING - The tutorial_taskflow_api_virtualenv example DAG requires virtualenv, please install it.
[2026-07-17T22:29:21.791+0530] {processor.py:927} WARNING - No viable dags retrieved from /Users/bhavishyachallagolla/Desktop/RetailSense/.venv/lib/python3.12/site-packages/airflow/example_dags/tutorial_taskflow_api_virtualenv.py
[2026-07-17T22:29:21.812+0530] {processor.py:208} INFO - Processing /Users/bhavishyachallagolla/Desktop/RetailSense/.venv/lib/python3.12/site-packages/airflow/example_dags/tutorial_taskflow_api_virtualenv.py took 0.033 seconds
[2026-07-17T22:30:09.075+0530] {processor.py:186} INFO - Started process (PID=92801) to work on /Users/bhavishyachallagolla/Desktop/RetailSense/.venv/lib/python3.12/site-packages/airflow/example_dags/tutorial_taskflow_api_virtualenv.py
[2026-07-17T22:30:09.077+0530] {processor.py:914} INFO - Processing file /Users/bhavishyachallagolla/Desktop/RetailSense/.venv/lib/python3.12/site-packages/airflow/example_dags/tutorial_taskflow_api_virtualenv.py for tasks to queue
[2026-07-17T22:30:09.077+0530] {logging_mixin.py:190} INFO - [2026-07-17T22:30:09.077+0530] {dagbag.py:588} INFO - Filling up the DagBag from /Users/bhavishyachallagolla/Desktop/RetailSense/.venv/lib/python3.12/site-packages/airflow/example_dags/tutorial_taskflow_api_virtualenv.py
[2026-07-17T22:30:09.088+0530] {logging_mixin.py:190} INFO - [2026-07-17T22:30:09.088+0530] {tutorial_taskflow_api_virtualenv.py:29} WARNING - The tutorial_taskflow_api_virtualenv example DAG requires virtualenv, please install it.
[2026-07-17T22:30:09.089+0530] {processor.py:927} WARNING - No viable dags retrieved from /Users/bhavishyachallagolla/Desktop/RetailSense/.venv/lib/python3.12/site-packages/airflow/example_dags/tutorial_taskflow_api_virtualenv.py
[2026-07-17T22:30:09.110+0530] {processor.py:208} INFO - Processing /Users/bhavishyachallagolla/Desktop/RetailSense/.venv/lib/python3.12/site-packages/airflow/example_dags/tutorial_taskflow_api_virtualenv.py took 0.035 seconds
[2026-07-17T22:31:00.276+0530] {processor.py:186} INFO - Started process (PID=92878) to work on /Users/bhavishyachallagolla/Desktop/RetailSense/.venv/lib/python3.12/site-packages/airflow/example_dags/tutorial_taskflow_api_virtualenv.py
[2026-07-17T22:31:00.277+0530] {processor.py:914} INFO - Processing file /Users/bhavishyachallagolla/Desktop/RetailSense/.venv/lib/python3.12/site-packages/airflow/example_dags/tutorial_taskflow_api_virtualenv.py for tasks to queue
[2026-07-17T22:31:00.277+0530] {logging_mixin.py:190} INFO - [2026-07-17T22:31:00.277+0530] {dagbag.py:588} INFO - Filling up the DagBag from /Users/bhavishyachallagolla/Desktop/RetailSense/.venv/lib/python3.12/site-packages/airflow/example_dags/tutorial_taskflow_api_virtualenv.py
[2026-07-17T22:31:00.288+0530] {logging_mixin.py:190} INFO - [2026-07-17T22:31:00.288+0530] {tutorial_taskflow_api_virtualenv.py:29} WARNING - The tutorial_taskflow_api_virtualenv example DAG requires virtualenv, please install it.
[2026-07-17T22:31:00.288+0530] {processor.py:927} WARNING - No viable dags retrieved from /Users/bhavishyachallagolla/Desktop/RetailSense/.venv/lib/python3.12/site-packages/airflow/example_dags/tutorial_taskflow_api_virtualenv.py
[2026-07-17T22:31:00.308+0530] {processor.py:208} INFO - Processing /Users/bhavishyachallagolla/Desktop/RetailSense/.venv/lib/python3.12/site-packages/airflow/example_dags/tutorial_taskflow_api_virtualenv.py took 0.033 seconds
[2026-07-17T22:31:51.322+0530] {processor.py:186} INFO - Started process (PID=92962) to work on /Users/bhavishyachallagolla/Desktop/RetailSense/.venv/lib/python3.12/site-packages/airflow/example_dags/tutorial_taskflow_api_virtualenv.py
[2026-07-17T22:31:51.323+0530] {processor.py:914} INFO - Processing file /Users/bhavishyachallagolla/Desktop/RetailSense/.venv/lib/python3.12/site-packages/airflow/example_dags/tutorial_taskflow_api_virtualenv.py for tasks to queue
[2026-07-17T22:31:51.323+0530] {logging_mixin.py:190} INFO - [2026-07-17T22:31:51.323+0530] {dagbag.py:588} INFO - Filling up the DagBag from /Users/bhavishyachallagolla/Desktop/RetailSense/.venv/lib/python3.12/site-packages/airflow/example_dags/tutorial_taskflow_api_virtualenv.py
[2026-07-17T22:31:51.334+0530] {logging_mixin.py:190} INFO - [2026-07-17T22:31:51.334+0530] {tutorial_taskflow_api_virtualenv.py:29} WARNING - The tutorial_taskflow_api_virtualenv example DAG requires virtualenv, please install it.
[2026-07-17T22:31:51.334+0530] {processor.py:927} WARNING - No viable dags retrieved from /Users/bhavishyachallagolla/Desktop/RetailSense/.venv/lib/python3.12/site-packages/airflow/example_dags/tutorial_taskflow_api_virtualenv.py
[2026-07-17T22:31:51.356+0530] {processor.py:208} INFO - Processing /Users/bhavishyachallagolla/Desktop/RetailSense/.venv/lib/python3.12/site-packages/airflow/example_dags/tutorial_taskflow_api_virtualenv.py took 0.035 seconds
[2026-07-17T22:32:42.146+0530] {processor.py:186} INFO - Started process (PID=93038) to work on /Users/bhavishyachallagolla/Desktop/RetailSense/.venv/lib/python3.12/site-packages/airflow/example_dags/tutorial_taskflow_api_virtualenv.py
[2026-07-17T22:32:42.146+0530] {processor.py:914} INFO - Processing file /Users/bhavishyachallagolla/Desktop/RetailSense/.venv/lib/python3.12/site-packages/airflow/example_dags/tutorial_taskflow_api_virtualenv.py for tasks to queue
[2026-07-17T22:32:42.146+0530] {logging_mixin.py:190} INFO - [2026-07-17T22:32:42.146+0530] {dagbag.py:588} INFO - Filling up the DagBag from /Users/bhavishyachallagolla/Desktop/RetailSense/.venv/lib/python3.12/site-packages/airflow/example_dags/tutorial_taskflow_api_virtualenv.py
[2026-07-17T22:32:42.158+0530] {logging_mixin.py:190} INFO - [2026-07-17T22:32:42.158+0530] {tutorial_taskflow_api_virtualenv.py:29} WARNING - The tutorial_taskflow_api_virtualenv example DAG requires virtualenv, please install it.
[2026-07-17T22:32:42.158+0530] {processor.py:927} WARNING - No viable dags retrieved from /Users/bhavishyachallagolla/Desktop/RetailSense/.venv/lib/python3.12/site-packages/airflow/example_dags/tutorial_taskflow_api_virtualenv.py
[2026-07-17T22:32:42.179+0530] {processor.py:208} INFO - Processing /Users/bhavishyachallagolla/Desktop/RetailSense/.venv/lib/python3.12/site-packages/airflow/example_dags/tutorial_taskflow_api_virtualenv.py took 0.035 seconds
[2026-07-17T22:33:31.533+0530] {processor.py:186} INFO - Started process (PID=93111) to work on /Users/bhavishyachallagolla/Desktop/RetailSense/.venv/lib/python3.12/site-packages/airflow/example_dags/tutorial_taskflow_api_virtualenv.py
[2026-07-17T22:33:31.534+0530] {processor.py:914} INFO - Processing file /Users/bhavishyachallagolla/Desktop/RetailSense/.venv/lib/python3.12/site-packages/airflow/example_dags/tutorial_taskflow_api_virtualenv.py for tasks to queue
[2026-07-17T22:33:31.534+0530] {logging_mixin.py:190} INFO - [2026-07-17T22:33:31.534+0530] {dagbag.py:588} INFO - Filling up the DagBag from /Users/bhavishyachallagolla/Desktop/RetailSense/.venv/lib/python3.12/site-packages/airflow/example_dags/tutorial_taskflow_api_virtualenv.py
[2026-07-17T22:33:31.545+0530] {logging_mixin.py:190} INFO - [2026-07-17T22:33:31.545+0530] {tutorial_taskflow_api_virtualenv.py:29} WARNING - The tutorial_taskflow_api_virtualenv example DAG requires virtualenv, please install it.
[2026-07-17T22:33:31.545+0530] {processor.py:927} WARNING - No viable dags retrieved from /Users/bhavishyachallagolla/Desktop/RetailSense/.venv/lib/python3.12/site-packages/airflow/example_dags/tutorial_taskflow_api_virtualenv.py
[2026-07-17T22:33:31.566+0530] {processor.py:208} INFO - Processing /Users/bhavishyachallagolla/Desktop/RetailSense/.venv/lib/python3.12/site-packages/airflow/example_dags/tutorial_taskflow_api_virtualenv.py took 0.034 seconds
[2026-07-17T22:34:20.116+0530] {processor.py:186} INFO - Started process (PID=93184) to work on /Users/bhavishyachallagolla/Desktop/RetailSense/.venv/lib/python3.12/site-packages/airflow/example_dags/tutorial_taskflow_api_virtualenv.py
[2026-07-17T22:34:20.117+0530] {processor.py:914} INFO - Processing file /Users/bhavishyachallagolla/Desktop/RetailSense/.venv/lib/python3.12/site-packages/airflow/example_dags/tutorial_taskflow_api_virtualenv.py for tasks to queue
[2026-07-17T22:34:20.117+0530] {logging_mixin.py:190} INFO - [2026-07-17T22:34:20.117+0530] {dagbag.py:588} INFO - Filling up the DagBag from /Users/bhavishyachallagolla/Desktop/RetailSense/.venv/lib/python3.12/site-packages/airflow/example_dags/tutorial_taskflow_api_virtualenv.py
[2026-07-17T22:34:20.128+0530] {logging_mixin.py:190} INFO - [2026-07-17T22:34:20.128+0530] {tutorial_taskflow_api_virtualenv.py:29} WARNING - The tutorial_taskflow_api_virtualenv example DAG requires virtualenv, please install it.
[2026-07-17T22:34:20.128+0530] {processor.py:927} WARNING - No viable dags retrieved from /Users/bhavishyachallagolla/Desktop/RetailSense/.venv/lib/python3.12/site-packages/airflow/example_dags/tutorial_taskflow_api_virtualenv.py
[2026-07-17T22:34:20.149+0530] {processor.py:208} INFO - Processing /Users/bhavishyachallagolla/Desktop/RetailSense/.venv/lib/python3.12/site-packages/airflow/example_dags/tutorial_taskflow_api_virtualenv.py took 0.034 seconds
[2026-07-17T22:35:10.633+0530] {processor.py:186} INFO - Started process (PID=93259) to work on /Users/bhavishyachallagolla/Desktop/RetailSense/.venv/lib/python3.12/site-packages/airflow/example_dags/tutorial_taskflow_api_virtualenv.py
[2026-07-17T22:35:10.634+0530] {processor.py:914} INFO - Processing file /Users/bhavishyachallagolla/Desktop/RetailSense/.venv/lib/python3.12/site-packages/airflow/example_dags/tutorial_taskflow_api_virtualenv.py for tasks to queue
[2026-07-17T22:35:10.634+0530] {logging_mixin.py:190} INFO - [2026-07-17T22:35:10.634+0530] {dagbag.py:588} INFO - Filling up the DagBag from /Users/bhavishyachallagolla/Desktop/RetailSense/.venv/lib/python3.12/site-packages/airflow/example_dags/tutorial_taskflow_api_virtualenv.py
[2026-07-17T22:35:10.646+0530] {logging_mixin.py:190} INFO - [2026-07-17T22:35:10.646+0530] {tutorial_taskflow_api_virtualenv.py:29} WARNING - The tutorial_taskflow_api_virtualenv example DAG requires virtualenv, please install it.
[2026-07-17T22:35:10.646+0530] {processor.py:927} WARNING - No viable dags retrieved from /Users/bhavishyachallagolla/Desktop/RetailSense/.venv/lib/python3.12/site-packages/airflow/example_dags/tutorial_taskflow_api_virtualenv.py
[2026-07-17T22:35:10.667+0530] {processor.py:208} INFO - Processing /Users/bhavishyachallagolla/Desktop/RetailSense/.venv/lib/python3.12/site-packages/airflow/example_dags/tutorial_taskflow_api_virtualenv.py took 0.035 seconds
[2026-07-17T22:36:01.091+0530] {processor.py:186} INFO - Started process (PID=93335) to work on /Users/bhavishyachallagolla/Desktop/RetailSense/.venv/lib/python3.12/site-packages/airflow/example_dags/tutorial_taskflow_api_virtualenv.py
[2026-07-17T22:36:01.092+0530] {processor.py:914} INFO - Processing file /Users/bhavishyachallagolla/Desktop/RetailSense/.venv/lib/python3.12/site-packages/airflow/example_dags/tutorial_taskflow_api_virtualenv.py for tasks to queue
[2026-07-17T22:36:01.092+0530] {logging_mixin.py:190} INFO - [2026-07-17T22:36:01.092+0530] {dagbag.py:588} INFO - Filling up the DagBag from /Users/bhavishyachallagolla/Desktop/RetailSense/.venv/lib/python3.12/site-packages/airflow/example_dags/tutorial_taskflow_api_virtualenv.py
[2026-07-17T22:36:01.103+0530] {logging_mixin.py:190} INFO - [2026-07-17T22:36:01.103+0530] {tutorial_taskflow_api_virtualenv.py:29} WARNING - The tutorial_taskflow_api_virtualenv example DAG requires virtualenv, please install it.
[2026-07-17T22:36:01.103+0530] {processor.py:927} WARNING - No viable dags retrieved from /Users/bhavishyachallagolla/Desktop/RetailSense/.venv/lib/python3.12/site-packages/airflow/example_dags/tutorial_taskflow_api_virtualenv.py
[2026-07-17T22:36:01.123+0530] {processor.py:208} INFO - Processing /Users/bhavishyachallagolla/Desktop/RetailSense/.venv/lib/python3.12/site-packages/airflow/example_dags/tutorial_taskflow_api_virtualenv.py took 0.033 seconds
[2026-07-17T22:36:51.024+0530] {processor.py:186} INFO - Started process (PID=93409) to work on /Users/bhavishyachallagolla/Desktop/RetailSense/.venv/lib/python3.12/site-packages/airflow/example_dags/tutorial_taskflow_api_virtualenv.py
[2026-07-17T22:36:51.025+0530] {processor.py:914} INFO - Processing file /Users/bhavishyachallagolla/Desktop/RetailSense/.venv/lib/python3.12/site-packages/airflow/example_dags/tutorial_taskflow_api_virtualenv.py for tasks to queue
[2026-07-17T22:36:51.025+0530] {logging_mixin.py:190} INFO - [2026-07-17T22:36:51.025+0530] {dagbag.py:588} INFO - Filling up the DagBag from /Users/bhavishyachallagolla/Desktop/RetailSense/.venv/lib/python3.12/site-packages/airflow/example_dags/tutorial_taskflow_api_virtualenv.py
[2026-07-17T22:36:51.036+0530] {logging_mixin.py:190} INFO - [2026-07-17T22:36:51.036+0530] {tutorial_taskflow_api_virtualenv.py:29} WARNING - The tutorial_taskflow_api_virtualenv example DAG requires virtualenv, please install it.
[2026-07-17T22:36:51.036+0530] {processor.py:927} WARNING - No viable dags retrieved from /Users/bhavishyachallagolla/Desktop/RetailSense/.venv/lib/python3.12/site-packages/airflow/example_dags/tutorial_taskflow_api_virtualenv.py
[2026-07-17T22:36:51.057+0530] {processor.py:208} INFO - Processing /Users/bhavishyachallagolla/Desktop/RetailSense/.venv/lib/python3.12/site-packages/airflow/example_dags/tutorial_taskflow_api_virtualenv.py took 0.034 seconds
[2026-07-17T22:37:41.983+0530] {processor.py:186} INFO - Started process (PID=93494) to work on /Users/bhavishyachallagolla/Desktop/RetailSense/.venv/lib/python3.12/site-packages/airflow/example_dags/tutorial_taskflow_api_virtualenv.py
[2026-07-17T22:37:41.984+0530] {processor.py:914} INFO - Processing file /Users/bhavishyachallagolla/Desktop/RetailSense/.venv/lib/python3.12/site-packages/airflow/example_dags/tutorial_taskflow_api_virtualenv.py for tasks to queue
[2026-07-17T22:37:41.984+0530] {logging_mixin.py:190} INFO - [2026-07-17T22:37:41.984+0530] {dagbag.py:588} INFO - Filling up the DagBag from /Users/bhavishyachallagolla/Desktop/RetailSense/.venv/lib/python3.12/site-packages/airflow/example_dags/tutorial_taskflow_api_virtualenv.py
[2026-07-17T22:37:41.995+0530] {logging_mixin.py:190} INFO - [2026-07-17T22:37:41.995+0530] {tutorial_taskflow_api_virtualenv.py:29} WARNING - The tutorial_taskflow_api_virtualenv example DAG requires virtualenv, please install it.
[2026-07-17T22:37:41.995+0530] {processor.py:927} WARNING - No viable dags retrieved from /Users/bhavishyachallagolla/Desktop/RetailSense/.venv/lib/python3.12/site-packages/airflow/example_dags/tutorial_taskflow_api_virtualenv.py
[2026-07-17T22:37:42.016+0530] {processor.py:208} INFO - Processing /Users/bhavishyachallagolla/Desktop/RetailSense/.venv/lib/python3.12/site-packages/airflow/example_dags/tutorial_taskflow_api_virtualenv.py took 0.033 seconds
[2026-07-17T22:38:31.985+0530] {processor.py:186} INFO - Started process (PID=93569) to work on /Users/bhavishyachallagolla/Desktop/RetailSense/.venv/lib/python3.12/site-packages/airflow/example_dags/tutorial_taskflow_api_virtualenv.py
[2026-07-17T22:38:31.985+0530] {processor.py:914} INFO - Processing file /Users/bhavishyachallagolla/Desktop/RetailSense/.venv/lib/python3.12/site-packages/airflow/example_dags/tutorial_taskflow_api_virtualenv.py for tasks to queue
[2026-07-17T22:38:31.985+0530] {logging_mixin.py:190} INFO - [2026-07-17T22:38:31.985+0530] {dagbag.py:588} INFO - Filling up the DagBag from /Users/bhavishyachallagolla/Desktop/RetailSense/.venv/lib/python3.12/site-packages/airflow/example_dags/tutorial_taskflow_api_virtualenv.py
[2026-07-17T22:38:31.996+0530] {logging_mixin.py:190} INFO - [2026-07-17T22:38:31.996+0530] {tutorial_taskflow_api_virtualenv.py:29} WARNING - The tutorial_taskflow_api_virtualenv example DAG requires virtualenv, please install it.
[2026-07-17T22:38:31.996+0530] {processor.py:927} WARNING - No viable dags retrieved from /Users/bhavishyachallagolla/Desktop/RetailSense/.venv/lib/python3.12/site-packages/airflow/example_dags/tutorial_taskflow_api_virtualenv.py
[2026-07-17T22:38:32.017+0530] {processor.py:208} INFO - Processing /Users/bhavishyachallagolla/Desktop/RetailSense/.venv/lib/python3.12/site-packages/airflow/example_dags/tutorial_taskflow_api_virtualenv.py took 0.033 seconds
[2026-07-17T22:39:20.725+0530] {processor.py:186} INFO - Started process (PID=93643) to work on /Users/bhavishyachallagolla/Desktop/RetailSense/.venv/lib/python3.12/site-packages/airflow/example_dags/tutorial_taskflow_api_virtualenv.py
[2026-07-17T22:39:20.726+0530] {processor.py:914} INFO - Processing file /Users/bhavishyachallagolla/Desktop/RetailSense/.venv/lib/python3.12/site-packages/airflow/example_dags/tutorial_taskflow_api_virtualenv.py for tasks to queue
[2026-07-17T22:39:20.726+0530] {logging_mixin.py:190} INFO - [2026-07-17T22:39:20.726+0530] {dagbag.py:588} INFO - Filling up the DagBag from /Users/bhavishyachallagolla/Desktop/RetailSense/.venv/lib/python3.12/site-packages/airflow/example_dags/tutorial_taskflow_api_virtualenv.py
[2026-07-17T22:39:20.736+0530] {logging_mixin.py:190} INFO - [2026-07-17T22:39:20.736+0530] {tutorial_taskflow_api_virtualenv.py:29} WARNING - The tutorial_taskflow_api_virtualenv example DAG requires virtualenv, please install it.
[2026-07-17T22:39:20.736+0530] {processor.py:927} WARNING - No viable dags retrieved from /Users/bhavishyachallagolla/Desktop/RetailSense/.venv/lib/python3.12/site-packages/airflow/example_dags/tutorial_taskflow_api_virtualenv.py
[2026-07-17T22:39:20.757+0530] {processor.py:208} INFO - Processing /Users/bhavishyachallagolla/Desktop/RetailSense/.venv/lib/python3.12/site-packages/airflow/example_dags/tutorial_taskflow_api_virtualenv.py took 0.033 seconds
[2026-07-17T22:40:11.239+0530] {processor.py:186} INFO - Started process (PID=93717) to work on /Users/bhavishyachallagolla/Desktop/RetailSense/.venv/lib/python3.12/site-packages/airflow/example_dags/tutorial_taskflow_api_virtualenv.py
[2026-07-17T22:40:11.240+0530] {processor.py:914} INFO - Processing file /Users/bhavishyachallagolla/Desktop/RetailSense/.venv/lib/python3.12/site-packages/airflow/example_dags/tutorial_taskflow_api_virtualenv.py for tasks to queue
[2026-07-17T22:40:11.241+0530] {logging_mixin.py:190} INFO - [2026-07-17T22:40:11.241+0530] {dagbag.py:588} INFO - Filling up the DagBag from /Users/bhavishyachallagolla/Desktop/RetailSense/.venv/lib/python3.12/site-packages/airflow/example_dags/tutorial_taskflow_api_virtualenv.py
[2026-07-17T22:40:11.253+0530] {logging_mixin.py:190} INFO - [2026-07-17T22:40:11.253+0530] {tutorial_taskflow_api_virtualenv.py:29} WARNING - The tutorial_taskflow_api_virtualenv example DAG requires virtualenv, please install it.
[2026-07-17T22:40:11.253+0530] {processor.py:927} WARNING - No viable dags retrieved from /Users/bhavishyachallagolla/Desktop/RetailSense/.venv/lib/python3.12/site-packages/airflow/example_dags/tutorial_taskflow_api_virtualenv.py
[2026-07-17T22:40:11.274+0530] {processor.py:208} INFO - Processing /Users/bhavishyachallagolla/Desktop/RetailSense/.venv/lib/python3.12/site-packages/airflow/example_dags/tutorial_taskflow_api_virtualenv.py took 0.036 seconds
[2026-07-17T22:41:01.170+0530] {processor.py:186} INFO - Started process (PID=93793) to work on /Users/bhavishyachallagolla/Desktop/RetailSense/.venv/lib/python3.12/site-packages/airflow/example_dags/tutorial_taskflow_api_virtualenv.py
[2026-07-17T22:41:01.171+0530] {processor.py:914} INFO - Processing file /Users/bhavishyachallagolla/Desktop/RetailSense/.venv/lib/python3.12/site-packages/airflow/example_dags/tutorial_taskflow_api_virtualenv.py for tasks to queue
[2026-07-17T22:41:01.172+0530] {logging_mixin.py:190} INFO - [2026-07-17T22:41:01.172+0530] {dagbag.py:588} INFO - Filling up the DagBag from /Users/bhavishyachallagolla/Desktop/RetailSense/.venv/lib/python3.12/site-packages/airflow/example_dags/tutorial_taskflow_api_virtualenv.py
[2026-07-17T22:41:01.183+0530] {logging_mixin.py:190} INFO - [2026-07-17T22:41:01.183+0530] {tutorial_taskflow_api_virtualenv.py:29} WARNING - The tutorial_taskflow_api_virtualenv example DAG requires virtualenv, please install it.
[2026-07-17T22:41:01.183+0530] {processor.py:927} WARNING - No viable dags retrieved from /Users/bhavishyachallagolla/Desktop/RetailSense/.venv/lib/python3.12/site-packages/airflow/example_dags/tutorial_taskflow_api_virtualenv.py
[2026-07-17T22:41:01.204+0530] {processor.py:208} INFO - Processing /Users/bhavishyachallagolla/Desktop/RetailSense/.venv/lib/python3.12/site-packages/airflow/example_dags/tutorial_taskflow_api_virtualenv.py took 0.035 seconds
[2026-07-17T22:41:51.827+0530] {processor.py:186} INFO - Started process (PID=93867) to work on /Users/bhavishyachallagolla/Desktop/RetailSense/.venv/lib/python3.12/site-packages/airflow/example_dags/tutorial_taskflow_api_virtualenv.py
[2026-07-17T22:41:51.827+0530] {processor.py:914} INFO - Processing file /Users/bhavishyachallagolla/Desktop/RetailSense/.venv/lib/python3.12/site-packages/airflow/example_dags/tutorial_taskflow_api_virtualenv.py for tasks to queue
[2026-07-17T22:41:51.828+0530] {logging_mixin.py:190} INFO - [2026-07-17T22:41:51.827+0530] {dagbag.py:588} INFO - Filling up the DagBag from /Users/bhavishyachallagolla/Desktop/RetailSense/.venv/lib/python3.12/site-packages/airflow/example_dags/tutorial_taskflow_api_virtualenv.py
[2026-07-17T22:41:51.839+0530] {logging_mixin.py:190} INFO - [2026-07-17T22:41:51.838+0530] {tutorial_taskflow_api_virtualenv.py:29} WARNING - The tutorial_taskflow_api_virtualenv example DAG requires virtualenv, please install it.
[2026-07-17T22:41:51.839+0530] {processor.py:927} WARNING - No viable dags retrieved from /Users/bhavishyachallagolla/Desktop/RetailSense/.venv/lib/python3.12/site-packages/airflow/example_dags/tutorial_taskflow_api_virtualenv.py
[2026-07-17T22:41:51.860+0530] {processor.py:208} INFO - Processing /Users/bhavishyachallagolla/Desktop/RetailSense/.venv/lib/python3.12/site-packages/airflow/example_dags/tutorial_taskflow_api_virtualenv.py took 0.034 seconds
[2026-07-17T22:42:42.450+0530] {processor.py:186} INFO - Started process (PID=93944) to work on /Users/bhavishyachallagolla/Desktop/RetailSense/.venv/lib/python3.12/site-packages/airflow/example_dags/tutorial_taskflow_api_virtualenv.py
[2026-07-17T22:42:42.450+0530] {processor.py:914} INFO - Processing file /Users/bhavishyachallagolla/Desktop/RetailSense/.venv/lib/python3.12/site-packages/airflow/example_dags/tutorial_taskflow_api_virtualenv.py for tasks to queue
[2026-07-17T22:42:42.450+0530] {logging_mixin.py:190} INFO - [2026-07-17T22:42:42.450+0530] {dagbag.py:588} INFO - Filling up the DagBag from /Users/bhavishyachallagolla/Desktop/RetailSense/.venv/lib/python3.12/site-packages/airflow/example_dags/tutorial_taskflow_api_virtualenv.py
[2026-07-17T22:42:42.461+0530] {logging_mixin.py:190} INFO - [2026-07-17T22:42:42.461+0530] {tutorial_taskflow_api_virtualenv.py:29} WARNING - The tutorial_taskflow_api_virtualenv example DAG requires virtualenv, please install it.
[2026-07-17T22:42:42.461+0530] {processor.py:927} WARNING - No viable dags retrieved from /Users/bhavishyachallagolla/Desktop/RetailSense/.venv/lib/python3.12/site-packages/airflow/example_dags/tutorial_taskflow_api_virtualenv.py
[2026-07-17T22:42:42.483+0530] {processor.py:208} INFO - Processing /Users/bhavishyachallagolla/Desktop/RetailSense/.venv/lib/python3.12/site-packages/airflow/example_dags/tutorial_taskflow_api_virtualenv.py took 0.034 seconds
[2026-07-17T22:43:32.930+0530] {processor.py:186} INFO - Started process (PID=94019) to work on /Users/bhavishyachallagolla/Desktop/RetailSense/.venv/lib/python3.12/site-packages/airflow/example_dags/tutorial_taskflow_api_virtualenv.py
[2026-07-17T22:43:32.930+0530] {processor.py:914} INFO - Processing file /Users/bhavishyachallagolla/Desktop/RetailSense/.venv/lib/python3.12/site-packages/airflow/example_dags/tutorial_taskflow_api_virtualenv.py for tasks to queue
[2026-07-17T22:43:32.930+0530] {logging_mixin.py:190} INFO - [2026-07-17T22:43:32.930+0530] {dagbag.py:588} INFO - Filling up the DagBag from /Users/bhavishyachallagolla/Desktop/RetailSense/.venv/lib/python3.12/site-packages/airflow/example_dags/tutorial_taskflow_api_virtualenv.py
[2026-07-17T22:43:32.941+0530] {logging_mixin.py:190} INFO - [2026-07-17T22:43:32.941+0530] {tutorial_taskflow_api_virtualenv.py:29} WARNING - The tutorial_taskflow_api_virtualenv example DAG requires virtualenv, please install it.
[2026-07-17T22:43:32.941+0530] {processor.py:927} WARNING - No viable dags retrieved from /Users/bhavishyachallagolla/Desktop/RetailSense/.venv/lib/python3.12/site-packages/airflow/example_dags/tutorial_taskflow_api_virtualenv.py
[2026-07-17T22:43:32.961+0530] {processor.py:208} INFO - Processing /Users/bhavishyachallagolla/Desktop/RetailSense/.venv/lib/python3.12/site-packages/airflow/example_dags/tutorial_taskflow_api_virtualenv.py took 0.033 seconds
[2026-07-17T22:44:23.326+0530] {processor.py:186} INFO - Started process (PID=94094) to work on /Users/bhavishyachallagolla/Desktop/RetailSense/.venv/lib/python3.12/site-packages/airflow/example_dags/tutorial_taskflow_api_virtualenv.py
[2026-07-17T22:44:23.326+0530] {processor.py:914} INFO - Processing file /Users/bhavishyachallagolla/Desktop/RetailSense/.venv/lib/python3.12/site-packages/airflow/example_dags/tutorial_taskflow_api_virtualenv.py for tasks to queue
[2026-07-17T22:44:23.327+0530] {logging_mixin.py:190} INFO - [2026-07-17T22:44:23.327+0530] {dagbag.py:588} INFO - Filling up the DagBag from /Users/bhavishyachallagolla/Desktop/RetailSense/.venv/lib/python3.12/site-packages/airflow/example_dags/tutorial_taskflow_api_virtualenv.py
[2026-07-17T22:44:23.337+0530] {logging_mixin.py:190} INFO - [2026-07-17T22:44:23.337+0530] {tutorial_taskflow_api_virtualenv.py:29} WARNING - The tutorial_taskflow_api_virtualenv example DAG requires virtualenv, please install it.
[2026-07-17T22:44:23.337+0530] {processor.py:927} WARNING - No viable dags retrieved from /Users/bhavishyachallagolla/Desktop/RetailSense/.venv/lib/python3.12/site-packages/airflow/example_dags/tutorial_taskflow_api_virtualenv.py
[2026-07-17T22:44:23.358+0530] {processor.py:208} INFO - Processing /Users/bhavishyachallagolla/Desktop/RetailSense/.venv/lib/python3.12/site-packages/airflow/example_dags/tutorial_taskflow_api_virtualenv.py took 0.033 seconds
[2026-07-17T22:45:13.301+0530] {processor.py:186} INFO - Started process (PID=94168) to work on /Users/bhavishyachallagolla/Desktop/RetailSense/.venv/lib/python3.12/site-packages/airflow/example_dags/tutorial_taskflow_api_virtualenv.py
[2026-07-17T22:45:13.302+0530] {processor.py:914} INFO - Processing file /Users/bhavishyachallagolla/Desktop/RetailSense/.venv/lib/python3.12/site-packages/airflow/example_dags/tutorial_taskflow_api_virtualenv.py for tasks to queue
[2026-07-17T22:45:13.302+0530] {logging_mixin.py:190} INFO - [2026-07-17T22:45:13.302+0530] {dagbag.py:588} INFO - Filling up the DagBag from /Users/bhavishyachallagolla/Desktop/RetailSense/.venv/lib/python3.12/site-packages/airflow/example_dags/tutorial_taskflow_api_virtualenv.py
[2026-07-17T22:45:13.312+0530] {logging_mixin.py:190} INFO - [2026-07-17T22:45:13.312+0530] {tutorial_taskflow_api_virtualenv.py:29} WARNING - The tutorial_taskflow_api_virtualenv example DAG requires virtualenv, please install it.
[2026-07-17T22:45:13.313+0530] {processor.py:927} WARNING - No viable dags retrieved from /Users/bhavishyachallagolla/Desktop/RetailSense/.venv/lib/python3.12/site-packages/airflow/example_dags/tutorial_taskflow_api_virtualenv.py
[2026-07-17T22:45:13.333+0530] {processor.py:208} INFO - Processing /Users/bhavishyachallagolla/Desktop/RetailSense/.venv/lib/python3.12/site-packages/airflow/example_dags/tutorial_taskflow_api_virtualenv.py took 0.033 seconds
[2026-07-17T22:46:01.948+0530] {processor.py:186} INFO - Started process (PID=94243) to work on /Users/bhavishyachallagolla/Desktop/RetailSense/.venv/lib/python3.12/site-packages/airflow/example_dags/tutorial_taskflow_api_virtualenv.py
[2026-07-17T22:46:01.949+0530] {processor.py:914} INFO - Processing file /Users/bhavishyachallagolla/Desktop/RetailSense/.venv/lib/python3.12/site-packages/airflow/example_dags/tutorial_taskflow_api_virtualenv.py for tasks to queue
[2026-07-17T22:46:01.949+0530] {logging_mixin.py:190} INFO - [2026-07-17T22:46:01.949+0530] {dagbag.py:588} INFO - Filling up the DagBag from /Users/bhavishyachallagolla/Desktop/RetailSense/.venv/lib/python3.12/site-packages/airflow/example_dags/tutorial_taskflow_api_virtualenv.py
[2026-07-17T22:46:01.959+0530] {logging_mixin.py:190} INFO - [2026-07-17T22:46:01.959+0530] {tutorial_taskflow_api_virtualenv.py:29} WARNING - The tutorial_taskflow_api_virtualenv example DAG requires virtualenv, please install it.
[2026-07-17T22:46:01.959+0530] {processor.py:927} WARNING - No viable dags retrieved from /Users/bhavishyachallagolla/Desktop/RetailSense/.venv/lib/python3.12/site-packages/airflow/example_dags/tutorial_taskflow_api_virtualenv.py
[2026-07-17T22:46:01.980+0530] {processor.py:208} INFO - Processing /Users/bhavishyachallagolla/Desktop/RetailSense/.venv/lib/python3.12/site-packages/airflow/example_dags/tutorial_taskflow_api_virtualenv.py took 0.033 seconds
[2026-07-17T22:46:49.547+0530] {processor.py:186} INFO - Started process (PID=94314) to work on /Users/bhavishyachallagolla/Desktop/RetailSense/.venv/lib/python3.12/site-packages/airflow/example_dags/tutorial_taskflow_api_virtualenv.py
[2026-07-17T22:46:49.548+0530] {processor.py:914} INFO - Processing file /Users/bhavishyachallagolla/Desktop/RetailSense/.venv/lib/python3.12/site-packages/airflow/example_dags/tutorial_taskflow_api_virtualenv.py for tasks to queue
[2026-07-17T22:46:49.548+0530] {logging_mixin.py:190} INFO - [2026-07-17T22:46:49.548+0530] {dagbag.py:588} INFO - Filling up the DagBag from /Users/bhavishyachallagolla/Desktop/RetailSense/.venv/lib/python3.12/site-packages/airflow/example_dags/tutorial_taskflow_api_virtualenv.py
[2026-07-17T22:46:49.558+0530] {logging_mixin.py:190} INFO - [2026-07-17T22:46:49.558+0530] {tutorial_taskflow_api_virtualenv.py:29} WARNING - The tutorial_taskflow_api_virtualenv example DAG requires virtualenv, please install it.
[2026-07-17T22:46:49.558+0530] {processor.py:927} WARNING - No viable dags retrieved from /Users/bhavishyachallagolla/Desktop/RetailSense/.venv/lib/python3.12/site-packages/airflow/example_dags/tutorial_taskflow_api_virtualenv.py
[2026-07-17T22:46:49.579+0530] {processor.py:208} INFO - Processing /Users/bhavishyachallagolla/Desktop/RetailSense/.venv/lib/python3.12/site-packages/airflow/example_dags/tutorial_taskflow_api_virtualenv.py took 0.033 seconds
[2026-07-17T22:47:39.958+0530] {processor.py:186} INFO - Started process (PID=94390) to work on /Users/bhavishyachallagolla/Desktop/RetailSense/.venv/lib/python3.12/site-packages/airflow/example_dags/tutorial_taskflow_api_virtualenv.py
[2026-07-17T22:47:39.958+0530] {processor.py:914} INFO - Processing file /Users/bhavishyachallagolla/Desktop/RetailSense/.venv/lib/python3.12/site-packages/airflow/example_dags/tutorial_taskflow_api_virtualenv.py for tasks to queue
[2026-07-17T22:47:39.959+0530] {logging_mixin.py:190} INFO - [2026-07-17T22:47:39.959+0530] {dagbag.py:588} INFO - Filling up the DagBag from /Users/bhavishyachallagolla/Desktop/RetailSense/.venv/lib/python3.12/site-packages/airflow/example_dags/tutorial_taskflow_api_virtualenv.py
[2026-07-17T22:47:39.969+0530] {logging_mixin.py:190} INFO - [2026-07-17T22:47:39.969+0530] {tutorial_taskflow_api_virtualenv.py:29} WARNING - The tutorial_taskflow_api_virtualenv example DAG requires virtualenv, please install it.
[2026-07-17T22:47:39.969+0530] {processor.py:927} WARNING - No viable dags retrieved from /Users/bhavishyachallagolla/Desktop/RetailSense/.venv/lib/python3.12/site-packages/airflow/example_dags/tutorial_taskflow_api_virtualenv.py
[2026-07-17T22:47:39.990+0530] {processor.py:208} INFO - Processing /Users/bhavishyachallagolla/Desktop/RetailSense/.venv/lib/python3.12/site-packages/airflow/example_dags/tutorial_taskflow_api_virtualenv.py took 0.033 seconds
[2026-07-17T22:48:29.300+0530] {processor.py:186} INFO - Started process (PID=94465) to work on /Users/bhavishyachallagolla/Desktop/RetailSense/.venv/lib/python3.12/site-packages/airflow/example_dags/tutorial_taskflow_api_virtualenv.py
[2026-07-17T22:48:29.300+0530] {processor.py:914} INFO - Processing file /Users/bhavishyachallagolla/Desktop/RetailSense/.venv/lib/python3.12/site-packages/airflow/example_dags/tutorial_taskflow_api_virtualenv.py for tasks to queue
[2026-07-17T22:48:29.300+0530] {logging_mixin.py:190} INFO - [2026-07-17T22:48:29.300+0530] {dagbag.py:588} INFO - Filling up the DagBag from /Users/bhavishyachallagolla/Desktop/RetailSense/.venv/lib/python3.12/site-packages/airflow/example_dags/tutorial_taskflow_api_virtualenv.py
[2026-07-17T22:48:29.311+0530] {logging_mixin.py:190} INFO - [2026-07-17T22:48:29.311+0530] {tutorial_taskflow_api_virtualenv.py:29} WARNING - The tutorial_taskflow_api_virtualenv example DAG requires virtualenv, please install it.
[2026-07-17T22:48:29.311+0530] {processor.py:927} WARNING - No viable dags retrieved from /Users/bhavishyachallagolla/Desktop/RetailSense/.venv/lib/python3.12/site-packages/airflow/example_dags/tutorial_taskflow_api_virtualenv.py
[2026-07-17T22:48:29.332+0530] {processor.py:208} INFO - Processing /Users/bhavishyachallagolla/Desktop/RetailSense/.venv/lib/python3.12/site-packages/airflow/example_dags/tutorial_taskflow_api_virtualenv.py took 0.033 seconds
[2026-07-17T22:49:37.363+0530] {processor.py:186} INFO - Started process (PID=94545) to work on /Users/bhavishyachallagolla/Desktop/RetailSense/.venv/lib/python3.12/site-packages/airflow/example_dags/tutorial_taskflow_api_virtualenv.py
[2026-07-17T22:49:37.364+0530] {processor.py:914} INFO - Processing file /Users/bhavishyachallagolla/Desktop/RetailSense/.venv/lib/python3.12/site-packages/airflow/example_dags/tutorial_taskflow_api_virtualenv.py for tasks to queue
[2026-07-17T22:49:37.364+0530] {logging_mixin.py:190} INFO - [2026-07-17T22:49:37.364+0530] {dagbag.py:588} INFO - Filling up the DagBag from /Users/bhavishyachallagolla/Desktop/RetailSense/.venv/lib/python3.12/site-packages/airflow/example_dags/tutorial_taskflow_api_virtualenv.py
[2026-07-17T22:49:37.377+0530] {logging_mixin.py:190} INFO - [2026-07-17T22:49:37.377+0530] {tutorial_taskflow_api_virtualenv.py:29} WARNING - The tutorial_taskflow_api_virtualenv example DAG requires virtualenv, please install it.
[2026-07-17T22:49:37.377+0530] {processor.py:927} WARNING - No viable dags retrieved from /Users/bhavishyachallagolla/Desktop/RetailSense/.venv/lib/python3.12/site-packages/airflow/example_dags/tutorial_taskflow_api_virtualenv.py
[2026-07-17T22:49:37.398+0530] {processor.py:208} INFO - Processing /Users/bhavishyachallagolla/Desktop/RetailSense/.venv/lib/python3.12/site-packages/airflow/example_dags/tutorial_taskflow_api_virtualenv.py took 0.036 seconds
[2026-07-17T22:50:25.899+0530] {processor.py:186} INFO - Started process (PID=94619) to work on /Users/bhavishyachallagolla/Desktop/RetailSense/.venv/lib/python3.12/site-packages/airflow/example_dags/tutorial_taskflow_api_virtualenv.py
[2026-07-17T22:50:25.899+0530] {processor.py:914} INFO - Processing file /Users/bhavishyachallagolla/Desktop/RetailSense/.venv/lib/python3.12/site-packages/airflow/example_dags/tutorial_taskflow_api_virtualenv.py for tasks to queue
[2026-07-17T22:50:25.900+0530] {logging_mixin.py:190} INFO - [2026-07-17T22:50:25.900+0530] {dagbag.py:588} INFO - Filling up the DagBag from /Users/bhavishyachallagolla/Desktop/RetailSense/.venv/lib/python3.12/site-packages/airflow/example_dags/tutorial_taskflow_api_virtualenv.py
[2026-07-17T22:50:25.910+0530] {logging_mixin.py:190} INFO - [2026-07-17T22:50:25.910+0530] {tutorial_taskflow_api_virtualenv.py:29} WARNING - The tutorial_taskflow_api_virtualenv example DAG requires virtualenv, please install it.
[2026-07-17T22:50:25.910+0530] {processor.py:927} WARNING - No viable dags retrieved from /Users/bhavishyachallagolla/Desktop/RetailSense/.venv/lib/python3.12/site-packages/airflow/example_dags/tutorial_taskflow_api_virtualenv.py
[2026-07-17T22:50:25.932+0530] {processor.py:208} INFO - Processing /Users/bhavishyachallagolla/Desktop/RetailSense/.venv/lib/python3.12/site-packages/airflow/example_dags/tutorial_taskflow_api_virtualenv.py took 0.033 seconds
[2026-07-17T22:51:14.631+0530] {processor.py:186} INFO - Started process (PID=94696) to work on /Users/bhavishyachallagolla/Desktop/RetailSense/.venv/lib/python3.12/site-packages/airflow/example_dags/tutorial_taskflow_api_virtualenv.py
[2026-07-17T22:51:14.631+0530] {processor.py:914} INFO - Processing file /Users/bhavishyachallagolla/Desktop/RetailSense/.venv/lib/python3.12/site-packages/airflow/example_dags/tutorial_taskflow_api_virtualenv.py for tasks to queue
[2026-07-17T22:51:14.631+0530] {logging_mixin.py:190} INFO - [2026-07-17T22:51:14.631+0530] {dagbag.py:588} INFO - Filling up the DagBag from /Users/bhavishyachallagolla/Desktop/RetailSense/.venv/lib/python3.12/site-packages/airflow/example_dags/tutorial_taskflow_api_virtualenv.py
[2026-07-17T22:51:14.642+0530] {logging_mixin.py:190} INFO - [2026-07-17T22:51:14.642+0530] {tutorial_taskflow_api_virtualenv.py:29} WARNING - The tutorial_taskflow_api_virtualenv example DAG requires virtualenv, please install it.
[2026-07-17T22:51:14.642+0530] {processor.py:927} WARNING - No viable dags retrieved from /Users/bhavishyachallagolla/Desktop/RetailSense/.venv/lib/python3.12/site-packages/airflow/example_dags/tutorial_taskflow_api_virtualenv.py
[2026-07-17T22:51:14.664+0530] {processor.py:208} INFO - Processing /Users/bhavishyachallagolla/Desktop/RetailSense/.venv/lib/python3.12/site-packages/airflow/example_dags/tutorial_taskflow_api_virtualenv.py took 0.035 seconds
[2026-07-17T22:52:04.504+0530] {processor.py:186} INFO - Started process (PID=94772) to work on /Users/bhavishyachallagolla/Desktop/RetailSense/.venv/lib/python3.12/site-packages/airflow/example_dags/tutorial_taskflow_api_virtualenv.py
[2026-07-17T22:52:04.504+0530] {processor.py:914} INFO - Processing file /Users/bhavishyachallagolla/Desktop/RetailSense/.venv/lib/python3.12/site-packages/airflow/example_dags/tutorial_taskflow_api_virtualenv.py for tasks to queue
[2026-07-17T22:52:04.505+0530] {logging_mixin.py:190} INFO - [2026-07-17T22:52:04.505+0530] {dagbag.py:588} INFO - Filling up the DagBag from /Users/bhavishyachallagolla/Desktop/RetailSense/.venv/lib/python3.12/site-packages/airflow/example_dags/tutorial_taskflow_api_virtualenv.py
[2026-07-17T22:52:04.515+0530] {logging_mixin.py:190} INFO - [2026-07-17T22:52:04.515+0530] {tutorial_taskflow_api_virtualenv.py:29} WARNING - The tutorial_taskflow_api_virtualenv example DAG requires virtualenv, please install it.
[2026-07-17T22:52:04.515+0530] {processor.py:927} WARNING - No viable dags retrieved from /Users/bhavishyachallagolla/Desktop/RetailSense/.venv/lib/python3.12/site-packages/airflow/example_dags/tutorial_taskflow_api_virtualenv.py
[2026-07-17T22:52:04.536+0530] {processor.py:208} INFO - Processing /Users/bhavishyachallagolla/Desktop/RetailSense/.venv/lib/python3.12/site-packages/airflow/example_dags/tutorial_taskflow_api_virtualenv.py took 0.033 seconds
[2026-07-17T22:52:54.074+0530] {processor.py:186} INFO - Started process (PID=94847) to work on /Users/bhavishyachallagolla/Desktop/RetailSense/.venv/lib/python3.12/site-packages/airflow/example_dags/tutorial_taskflow_api_virtualenv.py
[2026-07-17T22:52:54.076+0530] {processor.py:914} INFO - Processing file /Users/bhavishyachallagolla/Desktop/RetailSense/.venv/lib/python3.12/site-packages/airflow/example_dags/tutorial_taskflow_api_virtualenv.py for tasks to queue
[2026-07-17T22:52:54.076+0530] {logging_mixin.py:190} INFO - [2026-07-17T22:52:54.076+0530] {dagbag.py:588} INFO - Filling up the DagBag from /Users/bhavishyachallagolla/Desktop/RetailSense/.venv/lib/python3.12/site-packages/airflow/example_dags/tutorial_taskflow_api_virtualenv.py
[2026-07-17T22:52:54.087+0530] {logging_mixin.py:190} INFO - [2026-07-17T22:52:54.087+0530] {tutorial_taskflow_api_virtualenv.py:29} WARNING - The tutorial_taskflow_api_virtualenv example DAG requires virtualenv, please install it.
[2026-07-17T22:52:54.087+0530] {processor.py:927} WARNING - No viable dags retrieved from /Users/bhavishyachallagolla/Desktop/RetailSense/.venv/lib/python3.12/site-packages/airflow/example_dags/tutorial_taskflow_api_virtualenv.py
[2026-07-17T22:52:54.108+0530] {processor.py:208} INFO - Processing /Users/bhavishyachallagolla/Desktop/RetailSense/.venv/lib/python3.12/site-packages/airflow/example_dags/tutorial_taskflow_api_virtualenv.py took 0.034 seconds
[2026-07-17T22:53:44.047+0530] {processor.py:186} INFO - Started process (PID=94924) to work on /Users/bhavishyachallagolla/Desktop/RetailSense/.venv/lib/python3.12/site-packages/airflow/example_dags/tutorial_taskflow_api_virtualenv.py
[2026-07-17T22:53:44.048+0530] {processor.py:914} INFO - Processing file /Users/bhavishyachallagolla/Desktop/RetailSense/.venv/lib/python3.12/site-packages/airflow/example_dags/tutorial_taskflow_api_virtualenv.py for tasks to queue
[2026-07-17T22:53:44.048+0530] {logging_mixin.py:190} INFO - [2026-07-17T22:53:44.048+0530] {dagbag.py:588} INFO - Filling up the DagBag from /Users/bhavishyachallagolla/Desktop/RetailSense/.venv/lib/python3.12/site-packages/airflow/example_dags/tutorial_taskflow_api_virtualenv.py
[2026-07-17T22:53:44.060+0530] {logging_mixin.py:190} INFO - [2026-07-17T22:53:44.060+0530] {tutorial_taskflow_api_virtualenv.py:29} WARNING - The tutorial_taskflow_api_virtualenv example DAG requires virtualenv, please install it.
[2026-07-17T22:53:44.060+0530] {processor.py:927} WARNING - No viable dags retrieved from /Users/bhavishyachallagolla/Desktop/RetailSense/.venv/lib/python3.12/site-packages/airflow/example_dags/tutorial_taskflow_api_virtualenv.py
[2026-07-17T22:53:44.081+0530] {processor.py:208} INFO - Processing /Users/bhavishyachallagolla/Desktop/RetailSense/.venv/lib/python3.12/site-packages/airflow/example_dags/tutorial_taskflow_api_virtualenv.py took 0.035 seconds
[2026-07-17T22:54:34.143+0530] {processor.py:186} INFO - Started process (PID=94998) to work on /Users/bhavishyachallagolla/Desktop/RetailSense/.venv/lib/python3.12/site-packages/airflow/example_dags/tutorial_taskflow_api_virtualenv.py
[2026-07-17T22:54:34.144+0530] {processor.py:914} INFO - Processing file /Users/bhavishyachallagolla/Desktop/RetailSense/.venv/lib/python3.12/site-packages/airflow/example_dags/tutorial_taskflow_api_virtualenv.py for tasks to queue
[2026-07-17T22:54:34.144+0530] {logging_mixin.py:190} INFO - [2026-07-17T22:54:34.144+0530] {dagbag.py:588} INFO - Filling up the DagBag from /Users/bhavishyachallagolla/Desktop/RetailSense/.venv/lib/python3.12/site-packages/airflow/example_dags/tutorial_taskflow_api_virtualenv.py
[2026-07-17T22:54:34.156+0530] {logging_mixin.py:190} INFO - [2026-07-17T22:54:34.156+0530] {tutorial_taskflow_api_virtualenv.py:29} WARNING - The tutorial_taskflow_api_virtualenv example DAG requires virtualenv, please install it.
[2026-07-17T22:54:34.156+0530] {processor.py:927} WARNING - No viable dags retrieved from /Users/bhavishyachallagolla/Desktop/RetailSense/.venv/lib/python3.12/site-packages/airflow/example_dags/tutorial_taskflow_api_virtualenv.py
[2026-07-17T22:54:34.178+0530] {processor.py:208} INFO - Processing /Users/bhavishyachallagolla/Desktop/RetailSense/.venv/lib/python3.12/site-packages/airflow/example_dags/tutorial_taskflow_api_virtualenv.py took 0.036 seconds
[2026-07-17T22:55:22.845+0530] {processor.py:186} INFO - Started process (PID=95070) to work on /Users/bhavishyachallagolla/Desktop/RetailSense/.venv/lib/python3.12/site-packages/airflow/example_dags/tutorial_taskflow_api_virtualenv.py
[2026-07-17T22:55:22.845+0530] {processor.py:914} INFO - Processing file /Users/bhavishyachallagolla/Desktop/RetailSense/.venv/lib/python3.12/site-packages/airflow/example_dags/tutorial_taskflow_api_virtualenv.py for tasks to queue
[2026-07-17T22:55:22.846+0530] {logging_mixin.py:190} INFO - [2026-07-17T22:55:22.845+0530] {dagbag.py:588} INFO - Filling up the DagBag from /Users/bhavishyachallagolla/Desktop/RetailSense/.venv/lib/python3.12/site-packages/airflow/example_dags/tutorial_taskflow_api_virtualenv.py
[2026-07-17T22:55:22.856+0530] {logging_mixin.py:190} INFO - [2026-07-17T22:55:22.856+0530] {tutorial_taskflow_api_virtualenv.py:29} WARNING - The tutorial_taskflow_api_virtualenv example DAG requires virtualenv, please install it.
[2026-07-17T22:55:22.856+0530] {processor.py:927} WARNING - No viable dags retrieved from /Users/bhavishyachallagolla/Desktop/RetailSense/.venv/lib/python3.12/site-packages/airflow/example_dags/tutorial_taskflow_api_virtualenv.py
[2026-07-17T22:55:22.877+0530] {processor.py:208} INFO - Processing /Users/bhavishyachallagolla/Desktop/RetailSense/.venv/lib/python3.12/site-packages/airflow/example_dags/tutorial_taskflow_api_virtualenv.py took 0.033 seconds
[2026-07-17T22:56:13.169+0530] {processor.py:186} INFO - Started process (PID=95147) to work on /Users/bhavishyachallagolla/Desktop/RetailSense/.venv/lib/python3.12/site-packages/airflow/example_dags/tutorial_taskflow_api_virtualenv.py
[2026-07-17T22:56:13.170+0530] {processor.py:914} INFO - Processing file /Users/bhavishyachallagolla/Desktop/RetailSense/.venv/lib/python3.12/site-packages/airflow/example_dags/tutorial_taskflow_api_virtualenv.py for tasks to queue
[2026-07-17T22:56:13.171+0530] {logging_mixin.py:190} INFO - [2026-07-17T22:56:13.171+0530] {dagbag.py:588} INFO - Filling up the DagBag from /Users/bhavishyachallagolla/Desktop/RetailSense/.venv/lib/python3.12/site-packages/airflow/example_dags/tutorial_taskflow_api_virtualenv.py
[2026-07-17T22:56:13.182+0530] {logging_mixin.py:190} INFO - [2026-07-17T22:56:13.182+0530] {tutorial_taskflow_api_virtualenv.py:29} WARNING - The tutorial_taskflow_api_virtualenv example DAG requires virtualenv, please install it.
[2026-07-17T22:56:13.182+0530] {processor.py:927} WARNING - No viable dags retrieved from /Users/bhavishyachallagolla/Desktop/RetailSense/.venv/lib/python3.12/site-packages/airflow/example_dags/tutorial_taskflow_api_virtualenv.py
[2026-07-17T22:56:13.203+0530] {processor.py:208} INFO - Processing /Users/bhavishyachallagolla/Desktop/RetailSense/.venv/lib/python3.12/site-packages/airflow/example_dags/tutorial_taskflow_api_virtualenv.py took 0.035 seconds
[2026-07-17T22:57:02.060+0530] {processor.py:186} INFO - Started process (PID=95220) to work on /Users/bhavishyachallagolla/Desktop/RetailSense/.venv/lib/python3.12/site-packages/airflow/example_dags/tutorial_taskflow_api_virtualenv.py
[2026-07-17T22:57:02.060+0530] {processor.py:914} INFO - Processing file /Users/bhavishyachallagolla/Desktop/RetailSense/.venv/lib/python3.12/site-packages/airflow/example_dags/tutorial_taskflow_api_virtualenv.py for tasks to queue
[2026-07-17T22:57:02.060+0530] {logging_mixin.py:190} INFO - [2026-07-17T22:57:02.060+0530] {dagbag.py:588} INFO - Filling up the DagBag from /Users/bhavishyachallagolla/Desktop/RetailSense/.venv/lib/python3.12/site-packages/airflow/example_dags/tutorial_taskflow_api_virtualenv.py
[2026-07-17T22:57:02.072+0530] {logging_mixin.py:190} INFO - [2026-07-17T22:57:02.072+0530] {tutorial_taskflow_api_virtualenv.py:29} WARNING - The tutorial_taskflow_api_virtualenv example DAG requires virtualenv, please install it.
[2026-07-17T22:57:02.072+0530] {processor.py:927} WARNING - No viable dags retrieved from /Users/bhavishyachallagolla/Desktop/RetailSense/.venv/lib/python3.12/site-packages/airflow/example_dags/tutorial_taskflow_api_virtualenv.py
[2026-07-17T22:57:02.094+0530] {processor.py:208} INFO - Processing /Users/bhavishyachallagolla/Desktop/RetailSense/.venv/lib/python3.12/site-packages/airflow/example_dags/tutorial_taskflow_api_virtualenv.py took 0.036 seconds
[2026-07-17T22:57:52.190+0530] {processor.py:186} INFO - Started process (PID=95297) to work on /Users/bhavishyachallagolla/Desktop/RetailSense/.venv/lib/python3.12/site-packages/airflow/example_dags/tutorial_taskflow_api_virtualenv.py
[2026-07-17T22:57:52.191+0530] {processor.py:914} INFO - Processing file /Users/bhavishyachallagolla/Desktop/RetailSense/.venv/lib/python3.12/site-packages/airflow/example_dags/tutorial_taskflow_api_virtualenv.py for tasks to queue
[2026-07-17T22:57:52.191+0530] {logging_mixin.py:190} INFO - [2026-07-17T22:57:52.191+0530] {dagbag.py:588} INFO - Filling up the DagBag from /Users/bhavishyachallagolla/Desktop/RetailSense/.venv/lib/python3.12/site-packages/airflow/example_dags/tutorial_taskflow_api_virtualenv.py
[2026-07-17T22:57:52.202+0530] {logging_mixin.py:190} INFO - [2026-07-17T22:57:52.202+0530] {tutorial_taskflow_api_virtualenv.py:29} WARNING - The tutorial_taskflow_api_virtualenv example DAG requires virtualenv, please install it.
[2026-07-17T22:57:52.202+0530] {processor.py:927} WARNING - No viable dags retrieved from /Users/bhavishyachallagolla/Desktop/RetailSense/.venv/lib/python3.12/site-packages/airflow/example_dags/tutorial_taskflow_api_virtualenv.py
[2026-07-17T22:57:52.223+0530] {processor.py:208} INFO - Processing /Users/bhavishyachallagolla/Desktop/RetailSense/.venv/lib/python3.12/site-packages/airflow/example_dags/tutorial_taskflow_api_virtualenv.py took 0.034 seconds
[2026-07-17T22:58:41.983+0530] {processor.py:186} INFO - Started process (PID=95385) to work on /Users/bhavishyachallagolla/Desktop/RetailSense/.venv/lib/python3.12/site-packages/airflow/example_dags/tutorial_taskflow_api_virtualenv.py
[2026-07-17T22:58:41.983+0530] {processor.py:914} INFO - Processing file /Users/bhavishyachallagolla/Desktop/RetailSense/.venv/lib/python3.12/site-packages/airflow/example_dags/tutorial_taskflow_api_virtualenv.py for tasks to queue
[2026-07-17T22:58:41.983+0530] {logging_mixin.py:190} INFO - [2026-07-17T22:58:41.983+0530] {dagbag.py:588} INFO - Filling up the DagBag from /Users/bhavishyachallagolla/Desktop/RetailSense/.venv/lib/python3.12/site-packages/airflow/example_dags/tutorial_taskflow_api_virtualenv.py
[2026-07-17T22:58:41.994+0530] {logging_mixin.py:190} INFO - [2026-07-17T22:58:41.994+0530] {tutorial_taskflow_api_virtualenv.py:29} WARNING - The tutorial_taskflow_api_virtualenv example DAG requires virtualenv, please install it.
[2026-07-17T22:58:41.995+0530] {processor.py:927} WARNING - No viable dags retrieved from /Users/bhavishyachallagolla/Desktop/RetailSense/.venv/lib/python3.12/site-packages/airflow/example_dags/tutorial_taskflow_api_virtualenv.py
[2026-07-17T22:58:42.016+0530] {processor.py:208} INFO - Processing /Users/bhavishyachallagolla/Desktop/RetailSense/.venv/lib/python3.12/site-packages/airflow/example_dags/tutorial_taskflow_api_virtualenv.py took 0.034 seconds
[2026-07-17T23:00:12.322+0530] {processor.py:186} INFO - Started process (PID=95483) to work on /Users/bhavishyachallagolla/Desktop/RetailSense/.venv/lib/python3.12/site-packages/airflow/example_dags/tutorial_taskflow_api_virtualenv.py
[2026-07-17T23:00:12.322+0530] {processor.py:914} INFO - Processing file /Users/bhavishyachallagolla/Desktop/RetailSense/.venv/lib/python3.12/site-packages/airflow/example_dags/tutorial_taskflow_api_virtualenv.py for tasks to queue
[2026-07-17T23:00:12.323+0530] {logging_mixin.py:190} INFO - [2026-07-17T23:00:12.323+0530] {dagbag.py:588} INFO - Filling up the DagBag from /Users/bhavishyachallagolla/Desktop/RetailSense/.venv/lib/python3.12/site-packages/airflow/example_dags/tutorial_taskflow_api_virtualenv.py
[2026-07-17T23:00:12.334+0530] {logging_mixin.py:190} INFO - [2026-07-17T23:00:12.334+0530] {tutorial_taskflow_api_virtualenv.py:29} WARNING - The tutorial_taskflow_api_virtualenv example DAG requires virtualenv, please install it.
[2026-07-17T23:00:12.334+0530] {processor.py:927} WARNING - No viable dags retrieved from /Users/bhavishyachallagolla/Desktop/RetailSense/.venv/lib/python3.12/site-packages/airflow/example_dags/tutorial_taskflow_api_virtualenv.py
[2026-07-17T23:00:12.355+0530] {processor.py:208} INFO - Processing /Users/bhavishyachallagolla/Desktop/RetailSense/.venv/lib/python3.12/site-packages/airflow/example_dags/tutorial_taskflow_api_virtualenv.py took 0.034 seconds
[2026-07-17T23:01:28.079+0530] {processor.py:186} INFO - Started process (PID=95617) to work on /Users/bhavishyachallagolla/Desktop/RetailSense/.venv/lib/python3.12/site-packages/airflow/example_dags/tutorial_taskflow_api_virtualenv.py
[2026-07-17T23:01:28.080+0530] {processor.py:914} INFO - Processing file /Users/bhavishyachallagolla/Desktop/RetailSense/.venv/lib/python3.12/site-packages/airflow/example_dags/tutorial_taskflow_api_virtualenv.py for tasks to queue
[2026-07-17T23:01:28.080+0530] {logging_mixin.py:190} INFO - [2026-07-17T23:01:28.080+0530] {dagbag.py:588} INFO - Filling up the DagBag from /Users/bhavishyachallagolla/Desktop/RetailSense/.venv/lib/python3.12/site-packages/airflow/example_dags/tutorial_taskflow_api_virtualenv.py
[2026-07-17T23:01:28.094+0530] {logging_mixin.py:190} INFO - [2026-07-17T23:01:28.094+0530] {tutorial_taskflow_api_virtualenv.py:29} WARNING - The tutorial_taskflow_api_virtualenv example DAG requires virtualenv, please install it.
[2026-07-17T23:01:28.094+0530] {processor.py:927} WARNING - No viable dags retrieved from /Users/bhavishyachallagolla/Desktop/RetailSense/.venv/lib/python3.12/site-packages/airflow/example_dags/tutorial_taskflow_api_virtualenv.py
[2026-07-17T23:01:28.115+0530] {processor.py:208} INFO - Processing /Users/bhavishyachallagolla/Desktop/RetailSense/.venv/lib/python3.12/site-packages/airflow/example_dags/tutorial_taskflow_api_virtualenv.py took 0.036 seconds
[2026-07-17T23:02:19.693+0530] {processor.py:186} INFO - Started process (PID=95714) to work on /Users/bhavishyachallagolla/Desktop/RetailSense/.venv/lib/python3.12/site-packages/airflow/example_dags/tutorial_taskflow_api_virtualenv.py
[2026-07-17T23:02:19.693+0530] {processor.py:914} INFO - Processing file /Users/bhavishyachallagolla/Desktop/RetailSense/.venv/lib/python3.12/site-packages/airflow/example_dags/tutorial_taskflow_api_virtualenv.py for tasks to queue
[2026-07-17T23:02:19.693+0530] {logging_mixin.py:190} INFO - [2026-07-17T23:02:19.693+0530] {dagbag.py:588} INFO - Filling up the DagBag from /Users/bhavishyachallagolla/Desktop/RetailSense/.venv/lib/python3.12/site-packages/airflow/example_dags/tutorial_taskflow_api_virtualenv.py
[2026-07-17T23:02:19.705+0530] {logging_mixin.py:190} INFO - [2026-07-17T23:02:19.705+0530] {tutorial_taskflow_api_virtualenv.py:29} WARNING - The tutorial_taskflow_api_virtualenv example DAG requires virtualenv, please install it.
[2026-07-17T23:02:19.705+0530] {processor.py:927} WARNING - No viable dags retrieved from /Users/bhavishyachallagolla/Desktop/RetailSense/.venv/lib/python3.12/site-packages/airflow/example_dags/tutorial_taskflow_api_virtualenv.py
[2026-07-17T23:02:19.726+0530] {processor.py:208} INFO - Processing /Users/bhavishyachallagolla/Desktop/RetailSense/.venv/lib/python3.12/site-packages/airflow/example_dags/tutorial_taskflow_api_virtualenv.py took 0.035 seconds
[2026-07-17T23:03:11.145+0530] {processor.py:186} INFO - Started process (PID=95794) to work on /Users/bhavishyachallagolla/Desktop/RetailSense/.venv/lib/python3.12/site-packages/airflow/example_dags/tutorial_taskflow_api_virtualenv.py
[2026-07-17T23:03:11.146+0530] {processor.py:914} INFO - Processing file /Users/bhavishyachallagolla/Desktop/RetailSense/.venv/lib/python3.12/site-packages/airflow/example_dags/tutorial_taskflow_api_virtualenv.py for tasks to queue
[2026-07-17T23:03:11.146+0530] {logging_mixin.py:190} INFO - [2026-07-17T23:03:11.146+0530] {dagbag.py:588} INFO - Filling up the DagBag from /Users/bhavishyachallagolla/Desktop/RetailSense/.venv/lib/python3.12/site-packages/airflow/example_dags/tutorial_taskflow_api_virtualenv.py
[2026-07-17T23:03:11.157+0530] {logging_mixin.py:190} INFO - [2026-07-17T23:03:11.157+0530] {tutorial_taskflow_api_virtualenv.py:29} WARNING - The tutorial_taskflow_api_virtualenv example DAG requires virtualenv, please install it.
[2026-07-17T23:03:11.157+0530] {processor.py:927} WARNING - No viable dags retrieved from /Users/bhavishyachallagolla/Desktop/RetailSense/.venv/lib/python3.12/site-packages/airflow/example_dags/tutorial_taskflow_api_virtualenv.py
[2026-07-17T23:03:11.178+0530] {processor.py:208} INFO - Processing /Users/bhavishyachallagolla/Desktop/RetailSense/.venv/lib/python3.12/site-packages/airflow/example_dags/tutorial_taskflow_api_virtualenv.py took 0.033 seconds
[2026-07-17T23:04:00.056+0530] {processor.py:186} INFO - Started process (PID=95867) to work on /Users/bhavishyachallagolla/Desktop/RetailSense/.venv/lib/python3.12/site-packages/airflow/example_dags/tutorial_taskflow_api_virtualenv.py
[2026-07-17T23:04:00.056+0530] {processor.py:914} INFO - Processing file /Users/bhavishyachallagolla/Desktop/RetailSense/.venv/lib/python3.12/site-packages/airflow/example_dags/tutorial_taskflow_api_virtualenv.py for tasks to queue
[2026-07-17T23:04:00.056+0530] {logging_mixin.py:190} INFO - [2026-07-17T23:04:00.056+0530] {dagbag.py:588} INFO - Filling up the DagBag from /Users/bhavishyachallagolla/Desktop/RetailSense/.venv/lib/python3.12/site-packages/airflow/example_dags/tutorial_taskflow_api_virtualenv.py
[2026-07-17T23:04:00.067+0530] {logging_mixin.py:190} INFO - [2026-07-17T23:04:00.067+0530] {tutorial_taskflow_api_virtualenv.py:29} WARNING - The tutorial_taskflow_api_virtualenv example DAG requires virtualenv, please install it.
[2026-07-17T23:04:00.067+0530] {processor.py:927} WARNING - No viable dags retrieved from /Users/bhavishyachallagolla/Desktop/RetailSense/.venv/lib/python3.12/site-packages/airflow/example_dags/tutorial_taskflow_api_virtualenv.py
[2026-07-17T23:04:00.088+0530] {processor.py:208} INFO - Processing /Users/bhavishyachallagolla/Desktop/RetailSense/.venv/lib/python3.12/site-packages/airflow/example_dags/tutorial_taskflow_api_virtualenv.py took 0.033 seconds
[2026-07-17T23:04:50.386+0530] {processor.py:186} INFO - Started process (PID=95941) to work on /Users/bhavishyachallagolla/Desktop/RetailSense/.venv/lib/python3.12/site-packages/airflow/example_dags/tutorial_taskflow_api_virtualenv.py
[2026-07-17T23:04:50.386+0530] {processor.py:914} INFO - Processing file /Users/bhavishyachallagolla/Desktop/RetailSense/.venv/lib/python3.12/site-packages/airflow/example_dags/tutorial_taskflow_api_virtualenv.py for tasks to queue
[2026-07-17T23:04:50.386+0530] {logging_mixin.py:190} INFO - [2026-07-17T23:04:50.386+0530] {dagbag.py:588} INFO - Filling up the DagBag from /Users/bhavishyachallagolla/Desktop/RetailSense/.venv/lib/python3.12/site-packages/airflow/example_dags/tutorial_taskflow_api_virtualenv.py
[2026-07-17T23:04:50.397+0530] {logging_mixin.py:190} INFO - [2026-07-17T23:04:50.397+0530] {tutorial_taskflow_api_virtualenv.py:29} WARNING - The tutorial_taskflow_api_virtualenv example DAG requires virtualenv, please install it.
[2026-07-17T23:04:50.397+0530] {processor.py:927} WARNING - No viable dags retrieved from /Users/bhavishyachallagolla/Desktop/RetailSense/.venv/lib/python3.12/site-packages/airflow/example_dags/tutorial_taskflow_api_virtualenv.py
[2026-07-17T23:04:50.418+0530] {processor.py:208} INFO - Processing /Users/bhavishyachallagolla/Desktop/RetailSense/.venv/lib/python3.12/site-packages/airflow/example_dags/tutorial_taskflow_api_virtualenv.py took 0.033 seconds
[2026-07-17T23:05:40.770+0530] {processor.py:186} INFO - Started process (PID=96019) to work on /Users/bhavishyachallagolla/Desktop/RetailSense/.venv/lib/python3.12/site-packages/airflow/example_dags/tutorial_taskflow_api_virtualenv.py
[2026-07-17T23:05:40.770+0530] {processor.py:914} INFO - Processing file /Users/bhavishyachallagolla/Desktop/RetailSense/.venv/lib/python3.12/site-packages/airflow/example_dags/tutorial_taskflow_api_virtualenv.py for tasks to queue
[2026-07-17T23:05:40.770+0530] {logging_mixin.py:190} INFO - [2026-07-17T23:05:40.770+0530] {dagbag.py:588} INFO - Filling up the DagBag from /Users/bhavishyachallagolla/Desktop/RetailSense/.venv/lib/python3.12/site-packages/airflow/example_dags/tutorial_taskflow_api_virtualenv.py
[2026-07-17T23:05:40.781+0530] {logging_mixin.py:190} INFO - [2026-07-17T23:05:40.781+0530] {tutorial_taskflow_api_virtualenv.py:29} WARNING - The tutorial_taskflow_api_virtualenv example DAG requires virtualenv, please install it.
[2026-07-17T23:05:40.781+0530] {processor.py:927} WARNING - No viable dags retrieved from /Users/bhavishyachallagolla/Desktop/RetailSense/.venv/lib/python3.12/site-packages/airflow/example_dags/tutorial_taskflow_api_virtualenv.py
[2026-07-17T23:05:40.802+0530] {processor.py:208} INFO - Processing /Users/bhavishyachallagolla/Desktop/RetailSense/.venv/lib/python3.12/site-packages/airflow/example_dags/tutorial_taskflow_api_virtualenv.py took 0.033 seconds
[2026-07-17T23:06:31.137+0530] {processor.py:186} INFO - Started process (PID=96093) to work on /Users/bhavishyachallagolla/Desktop/RetailSense/.venv/lib/python3.12/site-packages/airflow/example_dags/tutorial_taskflow_api_virtualenv.py
[2026-07-17T23:06:31.138+0530] {processor.py:914} INFO - Processing file /Users/bhavishyachallagolla/Desktop/RetailSense/.venv/lib/python3.12/site-packages/airflow/example_dags/tutorial_taskflow_api_virtualenv.py for tasks to queue
[2026-07-17T23:06:31.138+0530] {logging_mixin.py:190} INFO - [2026-07-17T23:06:31.138+0530] {dagbag.py:588} INFO - Filling up the DagBag from /Users/bhavishyachallagolla/Desktop/RetailSense/.venv/lib/python3.12/site-packages/airflow/example_dags/tutorial_taskflow_api_virtualenv.py
[2026-07-17T23:06:31.148+0530] {logging_mixin.py:190} INFO - [2026-07-17T23:06:31.148+0530] {tutorial_taskflow_api_virtualenv.py:29} WARNING - The tutorial_taskflow_api_virtualenv example DAG requires virtualenv, please install it.
[2026-07-17T23:06:31.148+0530] {processor.py:927} WARNING - No viable dags retrieved from /Users/bhavishyachallagolla/Desktop/RetailSense/.venv/lib/python3.12/site-packages/airflow/example_dags/tutorial_taskflow_api_virtualenv.py
[2026-07-17T23:06:31.169+0530] {processor.py:208} INFO - Processing /Users/bhavishyachallagolla/Desktop/RetailSense/.venv/lib/python3.12/site-packages/airflow/example_dags/tutorial_taskflow_api_virtualenv.py took 0.032 seconds
[2026-07-17T23:07:21.535+0530] {processor.py:186} INFO - Started process (PID=96169) to work on /Users/bhavishyachallagolla/Desktop/RetailSense/.venv/lib/python3.12/site-packages/airflow/example_dags/tutorial_taskflow_api_virtualenv.py
[2026-07-17T23:07:21.536+0530] {processor.py:914} INFO - Processing file /Users/bhavishyachallagolla/Desktop/RetailSense/.venv/lib/python3.12/site-packages/airflow/example_dags/tutorial_taskflow_api_virtualenv.py for tasks to queue
[2026-07-17T23:07:21.536+0530] {logging_mixin.py:190} INFO - [2026-07-17T23:07:21.536+0530] {dagbag.py:588} INFO - Filling up the DagBag from /Users/bhavishyachallagolla/Desktop/RetailSense/.venv/lib/python3.12/site-packages/airflow/example_dags/tutorial_taskflow_api_virtualenv.py
[2026-07-17T23:07:21.547+0530] {logging_mixin.py:190} INFO - [2026-07-17T23:07:21.546+0530] {tutorial_taskflow_api_virtualenv.py:29} WARNING - The tutorial_taskflow_api_virtualenv example DAG requires virtualenv, please install it.
[2026-07-17T23:07:21.547+0530] {processor.py:927} WARNING - No viable dags retrieved from /Users/bhavishyachallagolla/Desktop/RetailSense/.venv/lib/python3.12/site-packages/airflow/example_dags/tutorial_taskflow_api_virtualenv.py
[2026-07-17T23:07:21.567+0530] {processor.py:208} INFO - Processing /Users/bhavishyachallagolla/Desktop/RetailSense/.venv/lib/python3.12/site-packages/airflow/example_dags/tutorial_taskflow_api_virtualenv.py took 0.033 seconds
[2026-07-17T23:08:12.646+0530] {processor.py:186} INFO - Started process (PID=96253) to work on /Users/bhavishyachallagolla/Desktop/RetailSense/.venv/lib/python3.12/site-packages/airflow/example_dags/tutorial_taskflow_api_virtualenv.py
[2026-07-17T23:08:12.646+0530] {processor.py:914} INFO - Processing file /Users/bhavishyachallagolla/Desktop/RetailSense/.venv/lib/python3.12/site-packages/airflow/example_dags/tutorial_taskflow_api_virtualenv.py for tasks to queue
[2026-07-17T23:08:12.647+0530] {logging_mixin.py:190} INFO - [2026-07-17T23:08:12.646+0530] {dagbag.py:588} INFO - Filling up the DagBag from /Users/bhavishyachallagolla/Desktop/RetailSense/.venv/lib/python3.12/site-packages/airflow/example_dags/tutorial_taskflow_api_virtualenv.py
[2026-07-17T23:08:12.657+0530] {logging_mixin.py:190} INFO - [2026-07-17T23:08:12.657+0530] {tutorial_taskflow_api_virtualenv.py:29} WARNING - The tutorial_taskflow_api_virtualenv example DAG requires virtualenv, please install it.
[2026-07-17T23:08:12.657+0530] {processor.py:927} WARNING - No viable dags retrieved from /Users/bhavishyachallagolla/Desktop/RetailSense/.venv/lib/python3.12/site-packages/airflow/example_dags/tutorial_taskflow_api_virtualenv.py
[2026-07-17T23:08:12.678+0530] {processor.py:208} INFO - Processing /Users/bhavishyachallagolla/Desktop/RetailSense/.venv/lib/python3.12/site-packages/airflow/example_dags/tutorial_taskflow_api_virtualenv.py took 0.033 seconds
[2026-07-17T23:09:03.123+0530] {processor.py:186} INFO - Started process (PID=96330) to work on /Users/bhavishyachallagolla/Desktop/RetailSense/.venv/lib/python3.12/site-packages/airflow/example_dags/tutorial_taskflow_api_virtualenv.py
[2026-07-17T23:09:03.124+0530] {processor.py:914} INFO - Processing file /Users/bhavishyachallagolla/Desktop/RetailSense/.venv/lib/python3.12/site-packages/airflow/example_dags/tutorial_taskflow_api_virtualenv.py for tasks to queue
[2026-07-17T23:09:03.124+0530] {logging_mixin.py:190} INFO - [2026-07-17T23:09:03.124+0530] {dagbag.py:588} INFO - Filling up the DagBag from /Users/bhavishyachallagolla/Desktop/RetailSense/.venv/lib/python3.12/site-packages/airflow/example_dags/tutorial_taskflow_api_virtualenv.py
[2026-07-17T23:09:03.135+0530] {logging_mixin.py:190} INFO - [2026-07-17T23:09:03.135+0530] {tutorial_taskflow_api_virtualenv.py:29} WARNING - The tutorial_taskflow_api_virtualenv example DAG requires virtualenv, please install it.
[2026-07-17T23:09:03.135+0530] {processor.py:927} WARNING - No viable dags retrieved from /Users/bhavishyachallagolla/Desktop/RetailSense/.venv/lib/python3.12/site-packages/airflow/example_dags/tutorial_taskflow_api_virtualenv.py
[2026-07-17T23:09:03.156+0530] {processor.py:208} INFO - Processing /Users/bhavishyachallagolla/Desktop/RetailSense/.venv/lib/python3.12/site-packages/airflow/example_dags/tutorial_taskflow_api_virtualenv.py took 0.034 seconds
[2026-07-17T23:09:52.004+0530] {processor.py:186} INFO - Started process (PID=96402) to work on /Users/bhavishyachallagolla/Desktop/RetailSense/.venv/lib/python3.12/site-packages/airflow/example_dags/tutorial_taskflow_api_virtualenv.py
[2026-07-17T23:09:52.004+0530] {processor.py:914} INFO - Processing file /Users/bhavishyachallagolla/Desktop/RetailSense/.venv/lib/python3.12/site-packages/airflow/example_dags/tutorial_taskflow_api_virtualenv.py for tasks to queue
[2026-07-17T23:09:52.005+0530] {logging_mixin.py:190} INFO - [2026-07-17T23:09:52.005+0530] {dagbag.py:588} INFO - Filling up the DagBag from /Users/bhavishyachallagolla/Desktop/RetailSense/.venv/lib/python3.12/site-packages/airflow/example_dags/tutorial_taskflow_api_virtualenv.py
[2026-07-17T23:09:52.016+0530] {logging_mixin.py:190} INFO - [2026-07-17T23:09:52.016+0530] {tutorial_taskflow_api_virtualenv.py:29} WARNING - The tutorial_taskflow_api_virtualenv example DAG requires virtualenv, please install it.
[2026-07-17T23:09:52.016+0530] {processor.py:927} WARNING - No viable dags retrieved from /Users/bhavishyachallagolla/Desktop/RetailSense/.venv/lib/python3.12/site-packages/airflow/example_dags/tutorial_taskflow_api_virtualenv.py
[2026-07-17T23:09:52.037+0530] {processor.py:208} INFO - Processing /Users/bhavishyachallagolla/Desktop/RetailSense/.venv/lib/python3.12/site-packages/airflow/example_dags/tutorial_taskflow_api_virtualenv.py took 0.034 seconds
[2026-07-17T23:10:40.633+0530] {processor.py:186} INFO - Started process (PID=96477) to work on /Users/bhavishyachallagolla/Desktop/RetailSense/.venv/lib/python3.12/site-packages/airflow/example_dags/tutorial_taskflow_api_virtualenv.py
[2026-07-17T23:10:40.633+0530] {processor.py:914} INFO - Processing file /Users/bhavishyachallagolla/Desktop/RetailSense/.venv/lib/python3.12/site-packages/airflow/example_dags/tutorial_taskflow_api_virtualenv.py for tasks to queue
[2026-07-17T23:10:40.633+0530] {logging_mixin.py:190} INFO - [2026-07-17T23:10:40.633+0530] {dagbag.py:588} INFO - Filling up the DagBag from /Users/bhavishyachallagolla/Desktop/RetailSense/.venv/lib/python3.12/site-packages/airflow/example_dags/tutorial_taskflow_api_virtualenv.py
[2026-07-17T23:10:40.644+0530] {logging_mixin.py:190} INFO - [2026-07-17T23:10:40.644+0530] {tutorial_taskflow_api_virtualenv.py:29} WARNING - The tutorial_taskflow_api_virtualenv example DAG requires virtualenv, please install it.
[2026-07-17T23:10:40.644+0530] {processor.py:927} WARNING - No viable dags retrieved from /Users/bhavishyachallagolla/Desktop/RetailSense/.venv/lib/python3.12/site-packages/airflow/example_dags/tutorial_taskflow_api_virtualenv.py
[2026-07-17T23:10:40.664+0530] {processor.py:208} INFO - Processing /Users/bhavishyachallagolla/Desktop/RetailSense/.venv/lib/python3.12/site-packages/airflow/example_dags/tutorial_taskflow_api_virtualenv.py took 0.033 seconds
[2026-07-17T23:11:29.809+0530] {processor.py:186} INFO - Started process (PID=96550) to work on /Users/bhavishyachallagolla/Desktop/RetailSense/.venv/lib/python3.12/site-packages/airflow/example_dags/tutorial_taskflow_api_virtualenv.py
[2026-07-17T23:11:29.809+0530] {processor.py:914} INFO - Processing file /Users/bhavishyachallagolla/Desktop/RetailSense/.venv/lib/python3.12/site-packages/airflow/example_dags/tutorial_taskflow_api_virtualenv.py for tasks to queue
[2026-07-17T23:11:29.809+0530] {logging_mixin.py:190} INFO - [2026-07-17T23:11:29.809+0530] {dagbag.py:588} INFO - Filling up the DagBag from /Users/bhavishyachallagolla/Desktop/RetailSense/.venv/lib/python3.12/site-packages/airflow/example_dags/tutorial_taskflow_api_virtualenv.py
[2026-07-17T23:11:29.820+0530] {logging_mixin.py:190} INFO - [2026-07-17T23:11:29.820+0530] {tutorial_taskflow_api_virtualenv.py:29} WARNING - The tutorial_taskflow_api_virtualenv example DAG requires virtualenv, please install it.
[2026-07-17T23:11:29.820+0530] {processor.py:927} WARNING - No viable dags retrieved from /Users/bhavishyachallagolla/Desktop/RetailSense/.venv/lib/python3.12/site-packages/airflow/example_dags/tutorial_taskflow_api_virtualenv.py
[2026-07-17T23:11:29.841+0530] {processor.py:208} INFO - Processing /Users/bhavishyachallagolla/Desktop/RetailSense/.venv/lib/python3.12/site-packages/airflow/example_dags/tutorial_taskflow_api_virtualenv.py took 0.033 seconds
[2026-07-17T23:12:19.178+0530] {processor.py:186} INFO - Started process (PID=96674) to work on /Users/bhavishyachallagolla/Desktop/RetailSense/.venv/lib/python3.12/site-packages/airflow/example_dags/tutorial_taskflow_api_virtualenv.py
[2026-07-17T23:12:19.178+0530] {processor.py:914} INFO - Processing file /Users/bhavishyachallagolla/Desktop/RetailSense/.venv/lib/python3.12/site-packages/airflow/example_dags/tutorial_taskflow_api_virtualenv.py for tasks to queue
[2026-07-17T23:12:19.179+0530] {logging_mixin.py:190} INFO - [2026-07-17T23:12:19.179+0530] {dagbag.py:588} INFO - Filling up the DagBag from /Users/bhavishyachallagolla/Desktop/RetailSense/.venv/lib/python3.12/site-packages/airflow/example_dags/tutorial_taskflow_api_virtualenv.py
[2026-07-17T23:12:19.189+0530] {logging_mixin.py:190} INFO - [2026-07-17T23:12:19.189+0530] {tutorial_taskflow_api_virtualenv.py:29} WARNING - The tutorial_taskflow_api_virtualenv example DAG requires virtualenv, please install it.
[2026-07-17T23:12:19.189+0530] {processor.py:927} WARNING - No viable dags retrieved from /Users/bhavishyachallagolla/Desktop/RetailSense/.venv/lib/python3.12/site-packages/airflow/example_dags/tutorial_taskflow_api_virtualenv.py
[2026-07-17T23:12:19.211+0530] {processor.py:208} INFO - Processing /Users/bhavishyachallagolla/Desktop/RetailSense/.venv/lib/python3.12/site-packages/airflow/example_dags/tutorial_taskflow_api_virtualenv.py took 0.034 seconds
[2026-07-17T23:13:07.238+0530] {processor.py:186} INFO - Started process (PID=96767) to work on /Users/bhavishyachallagolla/Desktop/RetailSense/.venv/lib/python3.12/site-packages/airflow/example_dags/tutorial_taskflow_api_virtualenv.py
[2026-07-17T23:13:07.238+0530] {processor.py:914} INFO - Processing file /Users/bhavishyachallagolla/Desktop/RetailSense/.venv/lib/python3.12/site-packages/airflow/example_dags/tutorial_taskflow_api_virtualenv.py for tasks to queue
[2026-07-17T23:13:07.239+0530] {logging_mixin.py:190} INFO - [2026-07-17T23:13:07.238+0530] {dagbag.py:588} INFO - Filling up the DagBag from /Users/bhavishyachallagolla/Desktop/RetailSense/.venv/lib/python3.12/site-packages/airflow/example_dags/tutorial_taskflow_api_virtualenv.py
[2026-07-17T23:13:07.249+0530] {logging_mixin.py:190} INFO - [2026-07-17T23:13:07.249+0530] {tutorial_taskflow_api_virtualenv.py:29} WARNING - The tutorial_taskflow_api_virtualenv example DAG requires virtualenv, please install it.
[2026-07-17T23:13:07.249+0530] {processor.py:927} WARNING - No viable dags retrieved from /Users/bhavishyachallagolla/Desktop/RetailSense/.venv/lib/python3.12/site-packages/airflow/example_dags/tutorial_taskflow_api_virtualenv.py
[2026-07-17T23:13:07.270+0530] {processor.py:208} INFO - Processing /Users/bhavishyachallagolla/Desktop/RetailSense/.venv/lib/python3.12/site-packages/airflow/example_dags/tutorial_taskflow_api_virtualenv.py took 0.033 seconds
[2026-07-17T23:13:57.778+0530] {processor.py:186} INFO - Started process (PID=96842) to work on /Users/bhavishyachallagolla/Desktop/RetailSense/.venv/lib/python3.12/site-packages/airflow/example_dags/tutorial_taskflow_api_virtualenv.py
[2026-07-17T23:13:57.778+0530] {processor.py:914} INFO - Processing file /Users/bhavishyachallagolla/Desktop/RetailSense/.venv/lib/python3.12/site-packages/airflow/example_dags/tutorial_taskflow_api_virtualenv.py for tasks to queue
[2026-07-17T23:13:57.779+0530] {logging_mixin.py:190} INFO - [2026-07-17T23:13:57.778+0530] {dagbag.py:588} INFO - Filling up the DagBag from /Users/bhavishyachallagolla/Desktop/RetailSense/.venv/lib/python3.12/site-packages/airflow/example_dags/tutorial_taskflow_api_virtualenv.py
[2026-07-17T23:13:57.789+0530] {logging_mixin.py:190} INFO - [2026-07-17T23:13:57.789+0530] {tutorial_taskflow_api_virtualenv.py:29} WARNING - The tutorial_taskflow_api_virtualenv example DAG requires virtualenv, please install it.
[2026-07-17T23:13:57.790+0530] {processor.py:927} WARNING - No viable dags retrieved from /Users/bhavishyachallagolla/Desktop/RetailSense/.venv/lib/python3.12/site-packages/airflow/example_dags/tutorial_taskflow_api_virtualenv.py
[2026-07-17T23:13:57.811+0530] {processor.py:208} INFO - Processing /Users/bhavishyachallagolla/Desktop/RetailSense/.venv/lib/python3.12/site-packages/airflow/example_dags/tutorial_taskflow_api_virtualenv.py took 0.034 seconds
[2026-07-17T23:14:50.184+0530] {processor.py:186} INFO - Started process (PID=96930) to work on /Users/bhavishyachallagolla/Desktop/RetailSense/.venv/lib/python3.12/site-packages/airflow/example_dags/tutorial_taskflow_api_virtualenv.py
[2026-07-17T23:14:50.184+0530] {processor.py:914} INFO - Processing file /Users/bhavishyachallagolla/Desktop/RetailSense/.venv/lib/python3.12/site-packages/airflow/example_dags/tutorial_taskflow_api_virtualenv.py for tasks to queue
[2026-07-17T23:14:50.185+0530] {logging_mixin.py:190} INFO - [2026-07-17T23:14:50.184+0530] {dagbag.py:588} INFO - Filling up the DagBag from /Users/bhavishyachallagolla/Desktop/RetailSense/.venv/lib/python3.12/site-packages/airflow/example_dags/tutorial_taskflow_api_virtualenv.py
[2026-07-17T23:14:50.196+0530] {logging_mixin.py:190} INFO - [2026-07-17T23:14:50.195+0530] {tutorial_taskflow_api_virtualenv.py:29} WARNING - The tutorial_taskflow_api_virtualenv example DAG requires virtualenv, please install it.
[2026-07-17T23:14:50.196+0530] {processor.py:927} WARNING - No viable dags retrieved from /Users/bhavishyachallagolla/Desktop/RetailSense/.venv/lib/python3.12/site-packages/airflow/example_dags/tutorial_taskflow_api_virtualenv.py
[2026-07-17T23:14:50.217+0530] {processor.py:208} INFO - Processing /Users/bhavishyachallagolla/Desktop/RetailSense/.venv/lib/python3.12/site-packages/airflow/example_dags/tutorial_taskflow_api_virtualenv.py took 0.034 seconds
[2026-07-17T23:15:41.460+0530] {processor.py:186} INFO - Started process (PID=97014) to work on /Users/bhavishyachallagolla/Desktop/RetailSense/.venv/lib/python3.12/site-packages/airflow/example_dags/tutorial_taskflow_api_virtualenv.py
[2026-07-17T23:15:41.460+0530] {processor.py:914} INFO - Processing file /Users/bhavishyachallagolla/Desktop/RetailSense/.venv/lib/python3.12/site-packages/airflow/example_dags/tutorial_taskflow_api_virtualenv.py for tasks to queue
[2026-07-17T23:15:41.460+0530] {logging_mixin.py:190} INFO - [2026-07-17T23:15:41.460+0530] {dagbag.py:588} INFO - Filling up the DagBag from /Users/bhavishyachallagolla/Desktop/RetailSense/.venv/lib/python3.12/site-packages/airflow/example_dags/tutorial_taskflow_api_virtualenv.py
[2026-07-17T23:15:41.471+0530] {logging_mixin.py:190} INFO - [2026-07-17T23:15:41.471+0530] {tutorial_taskflow_api_virtualenv.py:29} WARNING - The tutorial_taskflow_api_virtualenv example DAG requires virtualenv, please install it.
[2026-07-17T23:15:41.471+0530] {processor.py:927} WARNING - No viable dags retrieved from /Users/bhavishyachallagolla/Desktop/RetailSense/.venv/lib/python3.12/site-packages/airflow/example_dags/tutorial_taskflow_api_virtualenv.py
[2026-07-17T23:15:41.491+0530] {processor.py:208} INFO - Processing /Users/bhavishyachallagolla/Desktop/RetailSense/.venv/lib/python3.12/site-packages/airflow/example_dags/tutorial_taskflow_api_virtualenv.py took 0.033 seconds
[2026-07-17T23:16:32.577+0530] {processor.py:186} INFO - Started process (PID=97128) to work on /Users/bhavishyachallagolla/Desktop/RetailSense/.venv/lib/python3.12/site-packages/airflow/example_dags/tutorial_taskflow_api_virtualenv.py
[2026-07-17T23:16:32.577+0530] {processor.py:914} INFO - Processing file /Users/bhavishyachallagolla/Desktop/RetailSense/.venv/lib/python3.12/site-packages/airflow/example_dags/tutorial_taskflow_api_virtualenv.py for tasks to queue
[2026-07-17T23:16:32.577+0530] {logging_mixin.py:190} INFO - [2026-07-17T23:16:32.577+0530] {dagbag.py:588} INFO - Filling up the DagBag from /Users/bhavishyachallagolla/Desktop/RetailSense/.venv/lib/python3.12/site-packages/airflow/example_dags/tutorial_taskflow_api_virtualenv.py
[2026-07-17T23:16:32.588+0530] {logging_mixin.py:190} INFO - [2026-07-17T23:16:32.588+0530] {tutorial_taskflow_api_virtualenv.py:29} WARNING - The tutorial_taskflow_api_virtualenv example DAG requires virtualenv, please install it.
[2026-07-17T23:16:32.588+0530] {processor.py:927} WARNING - No viable dags retrieved from /Users/bhavishyachallagolla/Desktop/RetailSense/.venv/lib/python3.12/site-packages/airflow/example_dags/tutorial_taskflow_api_virtualenv.py
[2026-07-17T23:16:32.609+0530] {processor.py:208} INFO - Processing /Users/bhavishyachallagolla/Desktop/RetailSense/.venv/lib/python3.12/site-packages/airflow/example_dags/tutorial_taskflow_api_virtualenv.py took 0.033 seconds
[2026-07-17T23:17:24.039+0530] {processor.py:186} INFO - Started process (PID=97235) to work on /Users/bhavishyachallagolla/Desktop/RetailSense/.venv/lib/python3.12/site-packages/airflow/example_dags/tutorial_taskflow_api_virtualenv.py
[2026-07-17T23:17:24.039+0530] {processor.py:914} INFO - Processing file /Users/bhavishyachallagolla/Desktop/RetailSense/.venv/lib/python3.12/site-packages/airflow/example_dags/tutorial_taskflow_api_virtualenv.py for tasks to queue
[2026-07-17T23:17:24.039+0530] {logging_mixin.py:190} INFO - [2026-07-17T23:17:24.039+0530] {dagbag.py:588} INFO - Filling up the DagBag from /Users/bhavishyachallagolla/Desktop/RetailSense/.venv/lib/python3.12/site-packages/airflow/example_dags/tutorial_taskflow_api_virtualenv.py
[2026-07-17T23:17:24.050+0530] {logging_mixin.py:190} INFO - [2026-07-17T23:17:24.050+0530] {tutorial_taskflow_api_virtualenv.py:29} WARNING - The tutorial_taskflow_api_virtualenv example DAG requires virtualenv, please install it.
[2026-07-17T23:17:24.050+0530] {processor.py:927} WARNING - No viable dags retrieved from /Users/bhavishyachallagolla/Desktop/RetailSense/.venv/lib/python3.12/site-packages/airflow/example_dags/tutorial_taskflow_api_virtualenv.py
[2026-07-17T23:17:24.072+0530] {processor.py:208} INFO - Processing /Users/bhavishyachallagolla/Desktop/RetailSense/.venv/lib/python3.12/site-packages/airflow/example_dags/tutorial_taskflow_api_virtualenv.py took 0.034 seconds
[2026-07-17T23:18:14.385+0530] {processor.py:186} INFO - Started process (PID=97346) to work on /Users/bhavishyachallagolla/Desktop/RetailSense/.venv/lib/python3.12/site-packages/airflow/example_dags/tutorial_taskflow_api_virtualenv.py
[2026-07-17T23:18:14.385+0530] {processor.py:914} INFO - Processing file /Users/bhavishyachallagolla/Desktop/RetailSense/.venv/lib/python3.12/site-packages/airflow/example_dags/tutorial_taskflow_api_virtualenv.py for tasks to queue
[2026-07-17T23:18:14.385+0530] {logging_mixin.py:190} INFO - [2026-07-17T23:18:14.385+0530] {dagbag.py:588} INFO - Filling up the DagBag from /Users/bhavishyachallagolla/Desktop/RetailSense/.venv/lib/python3.12/site-packages/airflow/example_dags/tutorial_taskflow_api_virtualenv.py
[2026-07-17T23:18:14.396+0530] {logging_mixin.py:190} INFO - [2026-07-17T23:18:14.396+0530] {tutorial_taskflow_api_virtualenv.py:29} WARNING - The tutorial_taskflow_api_virtualenv example DAG requires virtualenv, please install it.
[2026-07-17T23:18:14.396+0530] {processor.py:927} WARNING - No viable dags retrieved from /Users/bhavishyachallagolla/Desktop/RetailSense/.venv/lib/python3.12/site-packages/airflow/example_dags/tutorial_taskflow_api_virtualenv.py
[2026-07-17T23:18:14.418+0530] {processor.py:208} INFO - Processing /Users/bhavishyachallagolla/Desktop/RetailSense/.venv/lib/python3.12/site-packages/airflow/example_dags/tutorial_taskflow_api_virtualenv.py took 0.034 seconds
[2026-07-17T23:19:06.266+0530] {processor.py:186} INFO - Started process (PID=97423) to work on /Users/bhavishyachallagolla/Desktop/RetailSense/.venv/lib/python3.12/site-packages/airflow/example_dags/tutorial_taskflow_api_virtualenv.py
[2026-07-17T23:19:06.266+0530] {processor.py:914} INFO - Processing file /Users/bhavishyachallagolla/Desktop/RetailSense/.venv/lib/python3.12/site-packages/airflow/example_dags/tutorial_taskflow_api_virtualenv.py for tasks to queue
[2026-07-17T23:19:06.266+0530] {logging_mixin.py:190} INFO - [2026-07-17T23:19:06.266+0530] {dagbag.py:588} INFO - Filling up the DagBag from /Users/bhavishyachallagolla/Desktop/RetailSense/.venv/lib/python3.12/site-packages/airflow/example_dags/tutorial_taskflow_api_virtualenv.py
[2026-07-17T23:19:06.278+0530] {logging_mixin.py:190} INFO - [2026-07-17T23:19:06.278+0530] {tutorial_taskflow_api_virtualenv.py:29} WARNING - The tutorial_taskflow_api_virtualenv example DAG requires virtualenv, please install it.
[2026-07-17T23:19:06.278+0530] {processor.py:927} WARNING - No viable dags retrieved from /Users/bhavishyachallagolla/Desktop/RetailSense/.venv/lib/python3.12/site-packages/airflow/example_dags/tutorial_taskflow_api_virtualenv.py
[2026-07-17T23:19:06.299+0530] {processor.py:208} INFO - Processing /Users/bhavishyachallagolla/Desktop/RetailSense/.venv/lib/python3.12/site-packages/airflow/example_dags/tutorial_taskflow_api_virtualenv.py took 0.034 seconds
[2026-07-17T23:19:56.802+0530] {processor.py:186} INFO - Started process (PID=97497) to work on /Users/bhavishyachallagolla/Desktop/RetailSense/.venv/lib/python3.12/site-packages/airflow/example_dags/tutorial_taskflow_api_virtualenv.py
[2026-07-17T23:19:56.802+0530] {processor.py:914} INFO - Processing file /Users/bhavishyachallagolla/Desktop/RetailSense/.venv/lib/python3.12/site-packages/airflow/example_dags/tutorial_taskflow_api_virtualenv.py for tasks to queue
[2026-07-17T23:19:56.803+0530] {logging_mixin.py:190} INFO - [2026-07-17T23:19:56.803+0530] {dagbag.py:588} INFO - Filling up the DagBag from /Users/bhavishyachallagolla/Desktop/RetailSense/.venv/lib/python3.12/site-packages/airflow/example_dags/tutorial_taskflow_api_virtualenv.py
[2026-07-17T23:19:56.813+0530] {logging_mixin.py:190} INFO - [2026-07-17T23:19:56.813+0530] {tutorial_taskflow_api_virtualenv.py:29} WARNING - The tutorial_taskflow_api_virtualenv example DAG requires virtualenv, please install it.
[2026-07-17T23:19:56.813+0530] {processor.py:927} WARNING - No viable dags retrieved from /Users/bhavishyachallagolla/Desktop/RetailSense/.venv/lib/python3.12/site-packages/airflow/example_dags/tutorial_taskflow_api_virtualenv.py
[2026-07-17T23:19:56.834+0530] {processor.py:208} INFO - Processing /Users/bhavishyachallagolla/Desktop/RetailSense/.venv/lib/python3.12/site-packages/airflow/example_dags/tutorial_taskflow_api_virtualenv.py took 0.033 seconds
[2026-07-17T23:20:47.240+0530] {processor.py:186} INFO - Started process (PID=97574) to work on /Users/bhavishyachallagolla/Desktop/RetailSense/.venv/lib/python3.12/site-packages/airflow/example_dags/tutorial_taskflow_api_virtualenv.py
[2026-07-17T23:20:47.241+0530] {processor.py:914} INFO - Processing file /Users/bhavishyachallagolla/Desktop/RetailSense/.venv/lib/python3.12/site-packages/airflow/example_dags/tutorial_taskflow_api_virtualenv.py for tasks to queue
[2026-07-17T23:20:47.241+0530] {logging_mixin.py:190} INFO - [2026-07-17T23:20:47.241+0530] {dagbag.py:588} INFO - Filling up the DagBag from /Users/bhavishyachallagolla/Desktop/RetailSense/.venv/lib/python3.12/site-packages/airflow/example_dags/tutorial_taskflow_api_virtualenv.py
[2026-07-17T23:20:47.252+0530] {logging_mixin.py:190} INFO - [2026-07-17T23:20:47.252+0530] {tutorial_taskflow_api_virtualenv.py:29} WARNING - The tutorial_taskflow_api_virtualenv example DAG requires virtualenv, please install it.
[2026-07-17T23:20:47.252+0530] {processor.py:927} WARNING - No viable dags retrieved from /Users/bhavishyachallagolla/Desktop/RetailSense/.venv/lib/python3.12/site-packages/airflow/example_dags/tutorial_taskflow_api_virtualenv.py
[2026-07-17T23:20:47.273+0530] {processor.py:208} INFO - Processing /Users/bhavishyachallagolla/Desktop/RetailSense/.venv/lib/python3.12/site-packages/airflow/example_dags/tutorial_taskflow_api_virtualenv.py took 0.034 seconds
[2026-07-17T23:21:37.804+0530] {processor.py:186} INFO - Started process (PID=97648) to work on /Users/bhavishyachallagolla/Desktop/RetailSense/.venv/lib/python3.12/site-packages/airflow/example_dags/tutorial_taskflow_api_virtualenv.py
[2026-07-17T23:21:37.804+0530] {processor.py:914} INFO - Processing file /Users/bhavishyachallagolla/Desktop/RetailSense/.venv/lib/python3.12/site-packages/airflow/example_dags/tutorial_taskflow_api_virtualenv.py for tasks to queue
[2026-07-17T23:21:37.805+0530] {logging_mixin.py:190} INFO - [2026-07-17T23:21:37.805+0530] {dagbag.py:588} INFO - Filling up the DagBag from /Users/bhavishyachallagolla/Desktop/RetailSense/.venv/lib/python3.12/site-packages/airflow/example_dags/tutorial_taskflow_api_virtualenv.py
[2026-07-17T23:21:37.815+0530] {logging_mixin.py:190} INFO - [2026-07-17T23:21:37.815+0530] {tutorial_taskflow_api_virtualenv.py:29} WARNING - The tutorial_taskflow_api_virtualenv example DAG requires virtualenv, please install it.
[2026-07-17T23:21:37.816+0530] {processor.py:927} WARNING - No viable dags retrieved from /Users/bhavishyachallagolla/Desktop/RetailSense/.venv/lib/python3.12/site-packages/airflow/example_dags/tutorial_taskflow_api_virtualenv.py
[2026-07-17T23:21:37.838+0530] {processor.py:208} INFO - Processing /Users/bhavishyachallagolla/Desktop/RetailSense/.venv/lib/python3.12/site-packages/airflow/example_dags/tutorial_taskflow_api_virtualenv.py took 0.035 seconds
[2026-07-17T23:22:28.372+0530] {processor.py:186} INFO - Started process (PID=97725) to work on /Users/bhavishyachallagolla/Desktop/RetailSense/.venv/lib/python3.12/site-packages/airflow/example_dags/tutorial_taskflow_api_virtualenv.py
[2026-07-17T23:22:28.372+0530] {processor.py:914} INFO - Processing file /Users/bhavishyachallagolla/Desktop/RetailSense/.venv/lib/python3.12/site-packages/airflow/example_dags/tutorial_taskflow_api_virtualenv.py for tasks to queue
[2026-07-17T23:22:28.372+0530] {logging_mixin.py:190} INFO - [2026-07-17T23:22:28.372+0530] {dagbag.py:588} INFO - Filling up the DagBag from /Users/bhavishyachallagolla/Desktop/RetailSense/.venv/lib/python3.12/site-packages/airflow/example_dags/tutorial_taskflow_api_virtualenv.py
[2026-07-17T23:22:28.384+0530] {logging_mixin.py:190} INFO - [2026-07-17T23:22:28.384+0530] {tutorial_taskflow_api_virtualenv.py:29} WARNING - The tutorial_taskflow_api_virtualenv example DAG requires virtualenv, please install it.
[2026-07-17T23:22:28.384+0530] {processor.py:927} WARNING - No viable dags retrieved from /Users/bhavishyachallagolla/Desktop/RetailSense/.venv/lib/python3.12/site-packages/airflow/example_dags/tutorial_taskflow_api_virtualenv.py
[2026-07-17T23:22:28.406+0530] {processor.py:208} INFO - Processing /Users/bhavishyachallagolla/Desktop/RetailSense/.venv/lib/python3.12/site-packages/airflow/example_dags/tutorial_taskflow_api_virtualenv.py took 0.035 seconds
[2026-07-17T23:23:18.915+0530] {processor.py:186} INFO - Started process (PID=97801) to work on /Users/bhavishyachallagolla/Desktop/RetailSense/.venv/lib/python3.12/site-packages/airflow/example_dags/tutorial_taskflow_api_virtualenv.py
[2026-07-17T23:23:18.915+0530] {processor.py:914} INFO - Processing file /Users/bhavishyachallagolla/Desktop/RetailSense/.venv/lib/python3.12/site-packages/airflow/example_dags/tutorial_taskflow_api_virtualenv.py for tasks to queue
[2026-07-17T23:23:18.916+0530] {logging_mixin.py:190} INFO - [2026-07-17T23:23:18.916+0530] {dagbag.py:588} INFO - Filling up the DagBag from /Users/bhavishyachallagolla/Desktop/RetailSense/.venv/lib/python3.12/site-packages/airflow/example_dags/tutorial_taskflow_api_virtualenv.py
[2026-07-17T23:23:18.926+0530] {logging_mixin.py:190} INFO - [2026-07-17T23:23:18.926+0530] {tutorial_taskflow_api_virtualenv.py:29} WARNING - The tutorial_taskflow_api_virtualenv example DAG requires virtualenv, please install it.
[2026-07-17T23:23:18.926+0530] {processor.py:927} WARNING - No viable dags retrieved from /Users/bhavishyachallagolla/Desktop/RetailSense/.venv/lib/python3.12/site-packages/airflow/example_dags/tutorial_taskflow_api_virtualenv.py
[2026-07-17T23:23:18.947+0530] {processor.py:208} INFO - Processing /Users/bhavishyachallagolla/Desktop/RetailSense/.venv/lib/python3.12/site-packages/airflow/example_dags/tutorial_taskflow_api_virtualenv.py took 0.033 seconds
[2026-07-17T23:24:09.283+0530] {processor.py:186} INFO - Started process (PID=97876) to work on /Users/bhavishyachallagolla/Desktop/RetailSense/.venv/lib/python3.12/site-packages/airflow/example_dags/tutorial_taskflow_api_virtualenv.py
[2026-07-17T23:24:09.284+0530] {processor.py:914} INFO - Processing file /Users/bhavishyachallagolla/Desktop/RetailSense/.venv/lib/python3.12/site-packages/airflow/example_dags/tutorial_taskflow_api_virtualenv.py for tasks to queue
[2026-07-17T23:24:09.284+0530] {logging_mixin.py:190} INFO - [2026-07-17T23:24:09.284+0530] {dagbag.py:588} INFO - Filling up the DagBag from /Users/bhavishyachallagolla/Desktop/RetailSense/.venv/lib/python3.12/site-packages/airflow/example_dags/tutorial_taskflow_api_virtualenv.py
[2026-07-17T23:24:09.295+0530] {logging_mixin.py:190} INFO - [2026-07-17T23:24:09.295+0530] {tutorial_taskflow_api_virtualenv.py:29} WARNING - The tutorial_taskflow_api_virtualenv example DAG requires virtualenv, please install it.
[2026-07-17T23:24:09.295+0530] {processor.py:927} WARNING - No viable dags retrieved from /Users/bhavishyachallagolla/Desktop/RetailSense/.venv/lib/python3.12/site-packages/airflow/example_dags/tutorial_taskflow_api_virtualenv.py
[2026-07-17T23:24:09.316+0530] {processor.py:208} INFO - Processing /Users/bhavishyachallagolla/Desktop/RetailSense/.venv/lib/python3.12/site-packages/airflow/example_dags/tutorial_taskflow_api_virtualenv.py took 0.033 seconds
[2026-07-17T23:24:59.165+0530] {processor.py:186} INFO - Started process (PID=97952) to work on /Users/bhavishyachallagolla/Desktop/RetailSense/.venv/lib/python3.12/site-packages/airflow/example_dags/tutorial_taskflow_api_virtualenv.py
[2026-07-17T23:24:59.165+0530] {processor.py:914} INFO - Processing file /Users/bhavishyachallagolla/Desktop/RetailSense/.venv/lib/python3.12/site-packages/airflow/example_dags/tutorial_taskflow_api_virtualenv.py for tasks to queue
[2026-07-17T23:24:59.166+0530] {logging_mixin.py:190} INFO - [2026-07-17T23:24:59.166+0530] {dagbag.py:588} INFO - Filling up the DagBag from /Users/bhavishyachallagolla/Desktop/RetailSense/.venv/lib/python3.12/site-packages/airflow/example_dags/tutorial_taskflow_api_virtualenv.py
[2026-07-17T23:24:59.176+0530] {logging_mixin.py:190} INFO - [2026-07-17T23:24:59.176+0530] {tutorial_taskflow_api_virtualenv.py:29} WARNING - The tutorial_taskflow_api_virtualenv example DAG requires virtualenv, please install it.
[2026-07-17T23:24:59.176+0530] {processor.py:927} WARNING - No viable dags retrieved from /Users/bhavishyachallagolla/Desktop/RetailSense/.venv/lib/python3.12/site-packages/airflow/example_dags/tutorial_taskflow_api_virtualenv.py
[2026-07-17T23:24:59.197+0530] {processor.py:208} INFO - Processing /Users/bhavishyachallagolla/Desktop/RetailSense/.venv/lib/python3.12/site-packages/airflow/example_dags/tutorial_taskflow_api_virtualenv.py took 0.032 seconds
[2026-07-17T23:25:49.501+0530] {processor.py:186} INFO - Started process (PID=98027) to work on /Users/bhavishyachallagolla/Desktop/RetailSense/.venv/lib/python3.12/site-packages/airflow/example_dags/tutorial_taskflow_api_virtualenv.py
[2026-07-17T23:25:49.501+0530] {processor.py:914} INFO - Processing file /Users/bhavishyachallagolla/Desktop/RetailSense/.venv/lib/python3.12/site-packages/airflow/example_dags/tutorial_taskflow_api_virtualenv.py for tasks to queue
[2026-07-17T23:25:49.501+0530] {logging_mixin.py:190} INFO - [2026-07-17T23:25:49.501+0530] {dagbag.py:588} INFO - Filling up the DagBag from /Users/bhavishyachallagolla/Desktop/RetailSense/.venv/lib/python3.12/site-packages/airflow/example_dags/tutorial_taskflow_api_virtualenv.py
[2026-07-17T23:25:49.512+0530] {logging_mixin.py:190} INFO - [2026-07-17T23:25:49.512+0530] {tutorial_taskflow_api_virtualenv.py:29} WARNING - The tutorial_taskflow_api_virtualenv example DAG requires virtualenv, please install it.
[2026-07-17T23:25:49.513+0530] {processor.py:927} WARNING - No viable dags retrieved from /Users/bhavishyachallagolla/Desktop/RetailSense/.venv/lib/python3.12/site-packages/airflow/example_dags/tutorial_taskflow_api_virtualenv.py
[2026-07-17T23:25:49.534+0530] {processor.py:208} INFO - Processing /Users/bhavishyachallagolla/Desktop/RetailSense/.venv/lib/python3.12/site-packages/airflow/example_dags/tutorial_taskflow_api_virtualenv.py took 0.034 seconds
[2026-07-17T23:26:40.154+0530] {processor.py:186} INFO - Started process (PID=98102) to work on /Users/bhavishyachallagolla/Desktop/RetailSense/.venv/lib/python3.12/site-packages/airflow/example_dags/tutorial_taskflow_api_virtualenv.py
[2026-07-17T23:26:40.154+0530] {processor.py:914} INFO - Processing file /Users/bhavishyachallagolla/Desktop/RetailSense/.venv/lib/python3.12/site-packages/airflow/example_dags/tutorial_taskflow_api_virtualenv.py for tasks to queue
[2026-07-17T23:26:40.154+0530] {logging_mixin.py:190} INFO - [2026-07-17T23:26:40.154+0530] {dagbag.py:588} INFO - Filling up the DagBag from /Users/bhavishyachallagolla/Desktop/RetailSense/.venv/lib/python3.12/site-packages/airflow/example_dags/tutorial_taskflow_api_virtualenv.py
[2026-07-17T23:26:40.166+0530] {logging_mixin.py:190} INFO - [2026-07-17T23:26:40.166+0530] {tutorial_taskflow_api_virtualenv.py:29} WARNING - The tutorial_taskflow_api_virtualenv example DAG requires virtualenv, please install it.
[2026-07-17T23:26:40.166+0530] {processor.py:927} WARNING - No viable dags retrieved from /Users/bhavishyachallagolla/Desktop/RetailSense/.venv/lib/python3.12/site-packages/airflow/example_dags/tutorial_taskflow_api_virtualenv.py
[2026-07-17T23:26:40.188+0530] {processor.py:208} INFO - Processing /Users/bhavishyachallagolla/Desktop/RetailSense/.venv/lib/python3.12/site-packages/airflow/example_dags/tutorial_taskflow_api_virtualenv.py took 0.035 seconds
[2026-07-17T23:27:33.917+0530] {processor.py:186} INFO - Started process (PID=98186) to work on /Users/bhavishyachallagolla/Desktop/RetailSense/.venv/lib/python3.12/site-packages/airflow/example_dags/tutorial_taskflow_api_virtualenv.py
[2026-07-17T23:27:33.917+0530] {processor.py:914} INFO - Processing file /Users/bhavishyachallagolla/Desktop/RetailSense/.venv/lib/python3.12/site-packages/airflow/example_dags/tutorial_taskflow_api_virtualenv.py for tasks to queue
[2026-07-17T23:27:33.917+0530] {logging_mixin.py:190} INFO - [2026-07-17T23:27:33.917+0530] {dagbag.py:588} INFO - Filling up the DagBag from /Users/bhavishyachallagolla/Desktop/RetailSense/.venv/lib/python3.12/site-packages/airflow/example_dags/tutorial_taskflow_api_virtualenv.py
[2026-07-17T23:27:33.928+0530] {logging_mixin.py:190} INFO - [2026-07-17T23:27:33.928+0530] {tutorial_taskflow_api_virtualenv.py:29} WARNING - The tutorial_taskflow_api_virtualenv example DAG requires virtualenv, please install it.
[2026-07-17T23:27:33.928+0530] {processor.py:927} WARNING - No viable dags retrieved from /Users/bhavishyachallagolla/Desktop/RetailSense/.venv/lib/python3.12/site-packages/airflow/example_dags/tutorial_taskflow_api_virtualenv.py
[2026-07-17T23:27:33.949+0530] {processor.py:208} INFO - Processing /Users/bhavishyachallagolla/Desktop/RetailSense/.venv/lib/python3.12/site-packages/airflow/example_dags/tutorial_taskflow_api_virtualenv.py took 0.033 seconds
[2026-07-17T23:28:26.106+0530] {processor.py:186} INFO - Started process (PID=98267) to work on /Users/bhavishyachallagolla/Desktop/RetailSense/.venv/lib/python3.12/site-packages/airflow/example_dags/tutorial_taskflow_api_virtualenv.py
[2026-07-17T23:28:26.106+0530] {processor.py:914} INFO - Processing file /Users/bhavishyachallagolla/Desktop/RetailSense/.venv/lib/python3.12/site-packages/airflow/example_dags/tutorial_taskflow_api_virtualenv.py for tasks to queue
[2026-07-17T23:28:26.106+0530] {logging_mixin.py:190} INFO - [2026-07-17T23:28:26.106+0530] {dagbag.py:588} INFO - Filling up the DagBag from /Users/bhavishyachallagolla/Desktop/RetailSense/.venv/lib/python3.12/site-packages/airflow/example_dags/tutorial_taskflow_api_virtualenv.py
[2026-07-17T23:28:26.117+0530] {logging_mixin.py:190} INFO - [2026-07-17T23:28:26.117+0530] {tutorial_taskflow_api_virtualenv.py:29} WARNING - The tutorial_taskflow_api_virtualenv example DAG requires virtualenv, please install it.
[2026-07-17T23:28:26.117+0530] {processor.py:927} WARNING - No viable dags retrieved from /Users/bhavishyachallagolla/Desktop/RetailSense/.venv/lib/python3.12/site-packages/airflow/example_dags/tutorial_taskflow_api_virtualenv.py
[2026-07-17T23:28:26.139+0530] {processor.py:208} INFO - Processing /Users/bhavishyachallagolla/Desktop/RetailSense/.venv/lib/python3.12/site-packages/airflow/example_dags/tutorial_taskflow_api_virtualenv.py took 0.034 seconds
[2026-07-17T23:29:16.856+0530] {processor.py:186} INFO - Started process (PID=98341) to work on /Users/bhavishyachallagolla/Desktop/RetailSense/.venv/lib/python3.12/site-packages/airflow/example_dags/tutorial_taskflow_api_virtualenv.py
[2026-07-17T23:29:16.857+0530] {processor.py:914} INFO - Processing file /Users/bhavishyachallagolla/Desktop/RetailSense/.venv/lib/python3.12/site-packages/airflow/example_dags/tutorial_taskflow_api_virtualenv.py for tasks to queue
[2026-07-17T23:29:16.857+0530] {logging_mixin.py:190} INFO - [2026-07-17T23:29:16.857+0530] {dagbag.py:588} INFO - Filling up the DagBag from /Users/bhavishyachallagolla/Desktop/RetailSense/.venv/lib/python3.12/site-packages/airflow/example_dags/tutorial_taskflow_api_virtualenv.py
[2026-07-17T23:29:16.868+0530] {logging_mixin.py:190} INFO - [2026-07-17T23:29:16.868+0530] {tutorial_taskflow_api_virtualenv.py:29} WARNING - The tutorial_taskflow_api_virtualenv example DAG requires virtualenv, please install it.
[2026-07-17T23:29:16.868+0530] {processor.py:927} WARNING - No viable dags retrieved from /Users/bhavishyachallagolla/Desktop/RetailSense/.venv/lib/python3.12/site-packages/airflow/example_dags/tutorial_taskflow_api_virtualenv.py
[2026-07-17T23:29:16.889+0530] {processor.py:208} INFO - Processing /Users/bhavishyachallagolla/Desktop/RetailSense/.venv/lib/python3.12/site-packages/airflow/example_dags/tutorial_taskflow_api_virtualenv.py took 0.035 seconds
[2026-07-17T23:30:07.189+0530] {processor.py:186} INFO - Started process (PID=98442) to work on /Users/bhavishyachallagolla/Desktop/RetailSense/.venv/lib/python3.12/site-packages/airflow/example_dags/tutorial_taskflow_api_virtualenv.py
[2026-07-17T23:30:07.189+0530] {processor.py:914} INFO - Processing file /Users/bhavishyachallagolla/Desktop/RetailSense/.venv/lib/python3.12/site-packages/airflow/example_dags/tutorial_taskflow_api_virtualenv.py for tasks to queue
[2026-07-17T23:30:07.189+0530] {logging_mixin.py:190} INFO - [2026-07-17T23:30:07.189+0530] {dagbag.py:588} INFO - Filling up the DagBag from /Users/bhavishyachallagolla/Desktop/RetailSense/.venv/lib/python3.12/site-packages/airflow/example_dags/tutorial_taskflow_api_virtualenv.py
[2026-07-17T23:30:07.204+0530] {logging_mixin.py:190} INFO - [2026-07-17T23:30:07.203+0530] {tutorial_taskflow_api_virtualenv.py:29} WARNING - The tutorial_taskflow_api_virtualenv example DAG requires virtualenv, please install it.
[2026-07-17T23:30:07.204+0530] {processor.py:927} WARNING - No viable dags retrieved from /Users/bhavishyachallagolla/Desktop/RetailSense/.venv/lib/python3.12/site-packages/airflow/example_dags/tutorial_taskflow_api_virtualenv.py
[2026-07-17T23:30:07.228+0530] {processor.py:208} INFO - Processing /Users/bhavishyachallagolla/Desktop/RetailSense/.venv/lib/python3.12/site-packages/airflow/example_dags/tutorial_taskflow_api_virtualenv.py took 0.041 seconds
[2026-07-17T23:31:00.204+0530] {processor.py:186} INFO - Started process (PID=98543) to work on /Users/bhavishyachallagolla/Desktop/RetailSense/.venv/lib/python3.12/site-packages/airflow/example_dags/tutorial_taskflow_api_virtualenv.py
[2026-07-17T23:31:00.205+0530] {processor.py:914} INFO - Processing file /Users/bhavishyachallagolla/Desktop/RetailSense/.venv/lib/python3.12/site-packages/airflow/example_dags/tutorial_taskflow_api_virtualenv.py for tasks to queue
[2026-07-17T23:31:00.205+0530] {logging_mixin.py:190} INFO - [2026-07-17T23:31:00.205+0530] {dagbag.py:588} INFO - Filling up the DagBag from /Users/bhavishyachallagolla/Desktop/RetailSense/.venv/lib/python3.12/site-packages/airflow/example_dags/tutorial_taskflow_api_virtualenv.py
[2026-07-17T23:31:00.217+0530] {logging_mixin.py:190} INFO - [2026-07-17T23:31:00.217+0530] {tutorial_taskflow_api_virtualenv.py:29} WARNING - The tutorial_taskflow_api_virtualenv example DAG requires virtualenv, please install it.
[2026-07-17T23:31:00.217+0530] {processor.py:927} WARNING - No viable dags retrieved from /Users/bhavishyachallagolla/Desktop/RetailSense/.venv/lib/python3.12/site-packages/airflow/example_dags/tutorial_taskflow_api_virtualenv.py
[2026-07-17T23:31:00.240+0530] {processor.py:208} INFO - Processing /Users/bhavishyachallagolla/Desktop/RetailSense/.venv/lib/python3.12/site-packages/airflow/example_dags/tutorial_taskflow_api_virtualenv.py took 0.037 seconds
[2026-07-17T23:31:53.185+0530] {processor.py:186} INFO - Started process (PID=98619) to work on /Users/bhavishyachallagolla/Desktop/RetailSense/.venv/lib/python3.12/site-packages/airflow/example_dags/tutorial_taskflow_api_virtualenv.py
[2026-07-17T23:31:53.186+0530] {processor.py:914} INFO - Processing file /Users/bhavishyachallagolla/Desktop/RetailSense/.venv/lib/python3.12/site-packages/airflow/example_dags/tutorial_taskflow_api_virtualenv.py for tasks to queue
[2026-07-17T23:31:53.186+0530] {logging_mixin.py:190} INFO - [2026-07-17T23:31:53.186+0530] {dagbag.py:588} INFO - Filling up the DagBag from /Users/bhavishyachallagolla/Desktop/RetailSense/.venv/lib/python3.12/site-packages/airflow/example_dags/tutorial_taskflow_api_virtualenv.py
[2026-07-17T23:31:53.198+0530] {logging_mixin.py:190} INFO - [2026-07-17T23:31:53.198+0530] {tutorial_taskflow_api_virtualenv.py:29} WARNING - The tutorial_taskflow_api_virtualenv example DAG requires virtualenv, please install it.
[2026-07-17T23:31:53.198+0530] {processor.py:927} WARNING - No viable dags retrieved from /Users/bhavishyachallagolla/Desktop/RetailSense/.venv/lib/python3.12/site-packages/airflow/example_dags/tutorial_taskflow_api_virtualenv.py
[2026-07-17T23:31:53.219+0530] {processor.py:208} INFO - Processing /Users/bhavishyachallagolla/Desktop/RetailSense/.venv/lib/python3.12/site-packages/airflow/example_dags/tutorial_taskflow_api_virtualenv.py took 0.035 seconds
[2026-07-17T23:32:48.130+0530] {processor.py:186} INFO - Started process (PID=98707) to work on /Users/bhavishyachallagolla/Desktop/RetailSense/.venv/lib/python3.12/site-packages/airflow/example_dags/tutorial_taskflow_api_virtualenv.py
[2026-07-17T23:32:48.131+0530] {processor.py:914} INFO - Processing file /Users/bhavishyachallagolla/Desktop/RetailSense/.venv/lib/python3.12/site-packages/airflow/example_dags/tutorial_taskflow_api_virtualenv.py for tasks to queue
[2026-07-17T23:32:48.131+0530] {logging_mixin.py:190} INFO - [2026-07-17T23:32:48.131+0530] {dagbag.py:588} INFO - Filling up the DagBag from /Users/bhavishyachallagolla/Desktop/RetailSense/.venv/lib/python3.12/site-packages/airflow/example_dags/tutorial_taskflow_api_virtualenv.py
[2026-07-17T23:32:48.142+0530] {logging_mixin.py:190} INFO - [2026-07-17T23:32:48.142+0530] {tutorial_taskflow_api_virtualenv.py:29} WARNING - The tutorial_taskflow_api_virtualenv example DAG requires virtualenv, please install it.
[2026-07-17T23:32:48.143+0530] {processor.py:927} WARNING - No viable dags retrieved from /Users/bhavishyachallagolla/Desktop/RetailSense/.venv/lib/python3.12/site-packages/airflow/example_dags/tutorial_taskflow_api_virtualenv.py
[2026-07-17T23:32:48.164+0530] {processor.py:208} INFO - Processing /Users/bhavishyachallagolla/Desktop/RetailSense/.venv/lib/python3.12/site-packages/airflow/example_dags/tutorial_taskflow_api_virtualenv.py took 0.035 seconds
[2026-07-17T23:33:42.707+0530] {processor.py:186} INFO - Started process (PID=98789) to work on /Users/bhavishyachallagolla/Desktop/RetailSense/.venv/lib/python3.12/site-packages/airflow/example_dags/tutorial_taskflow_api_virtualenv.py
[2026-07-17T23:33:42.707+0530] {processor.py:914} INFO - Processing file /Users/bhavishyachallagolla/Desktop/RetailSense/.venv/lib/python3.12/site-packages/airflow/example_dags/tutorial_taskflow_api_virtualenv.py for tasks to queue
[2026-07-17T23:33:42.708+0530] {logging_mixin.py:190} INFO - [2026-07-17T23:33:42.708+0530] {dagbag.py:588} INFO - Filling up the DagBag from /Users/bhavishyachallagolla/Desktop/RetailSense/.venv/lib/python3.12/site-packages/airflow/example_dags/tutorial_taskflow_api_virtualenv.py
[2026-07-17T23:33:42.718+0530] {logging_mixin.py:190} INFO - [2026-07-17T23:33:42.718+0530] {tutorial_taskflow_api_virtualenv.py:29} WARNING - The tutorial_taskflow_api_virtualenv example DAG requires virtualenv, please install it.
[2026-07-17T23:33:42.718+0530] {processor.py:927} WARNING - No viable dags retrieved from /Users/bhavishyachallagolla/Desktop/RetailSense/.venv/lib/python3.12/site-packages/airflow/example_dags/tutorial_taskflow_api_virtualenv.py
[2026-07-17T23:33:42.740+0530] {processor.py:208} INFO - Processing /Users/bhavishyachallagolla/Desktop/RetailSense/.venv/lib/python3.12/site-packages/airflow/example_dags/tutorial_taskflow_api_virtualenv.py took 0.034 seconds
[2026-07-17T23:34:34.978+0530] {processor.py:186} INFO - Started process (PID=98879) to work on /Users/bhavishyachallagolla/Desktop/RetailSense/.venv/lib/python3.12/site-packages/airflow/example_dags/tutorial_taskflow_api_virtualenv.py
[2026-07-17T23:34:34.978+0530] {processor.py:914} INFO - Processing file /Users/bhavishyachallagolla/Desktop/RetailSense/.venv/lib/python3.12/site-packages/airflow/example_dags/tutorial_taskflow_api_virtualenv.py for tasks to queue
[2026-07-17T23:34:34.979+0530] {logging_mixin.py:190} INFO - [2026-07-17T23:34:34.979+0530] {dagbag.py:588} INFO - Filling up the DagBag from /Users/bhavishyachallagolla/Desktop/RetailSense/.venv/lib/python3.12/site-packages/airflow/example_dags/tutorial_taskflow_api_virtualenv.py
[2026-07-17T23:34:34.989+0530] {logging_mixin.py:190} INFO - [2026-07-17T23:34:34.989+0530] {tutorial_taskflow_api_virtualenv.py:29} WARNING - The tutorial_taskflow_api_virtualenv example DAG requires virtualenv, please install it.
[2026-07-17T23:34:34.990+0530] {processor.py:927} WARNING - No viable dags retrieved from /Users/bhavishyachallagolla/Desktop/RetailSense/.venv/lib/python3.12/site-packages/airflow/example_dags/tutorial_taskflow_api_virtualenv.py
[2026-07-17T23:34:35.010+0530] {processor.py:208} INFO - Processing /Users/bhavishyachallagolla/Desktop/RetailSense/.venv/lib/python3.12/site-packages/airflow/example_dags/tutorial_taskflow_api_virtualenv.py took 0.033 seconds
[2026-07-17T23:35:25.813+0530] {processor.py:186} INFO - Started process (PID=98956) to work on /Users/bhavishyachallagolla/Desktop/RetailSense/.venv/lib/python3.12/site-packages/airflow/example_dags/tutorial_taskflow_api_virtualenv.py
[2026-07-17T23:35:25.813+0530] {processor.py:914} INFO - Processing file /Users/bhavishyachallagolla/Desktop/RetailSense/.venv/lib/python3.12/site-packages/airflow/example_dags/tutorial_taskflow_api_virtualenv.py for tasks to queue
[2026-07-17T23:35:25.813+0530] {logging_mixin.py:190} INFO - [2026-07-17T23:35:25.813+0530] {dagbag.py:588} INFO - Filling up the DagBag from /Users/bhavishyachallagolla/Desktop/RetailSense/.venv/lib/python3.12/site-packages/airflow/example_dags/tutorial_taskflow_api_virtualenv.py
[2026-07-17T23:35:25.824+0530] {logging_mixin.py:190} INFO - [2026-07-17T23:35:25.824+0530] {tutorial_taskflow_api_virtualenv.py:29} WARNING - The tutorial_taskflow_api_virtualenv example DAG requires virtualenv, please install it.
[2026-07-17T23:35:25.824+0530] {processor.py:927} WARNING - No viable dags retrieved from /Users/bhavishyachallagolla/Desktop/RetailSense/.venv/lib/python3.12/site-packages/airflow/example_dags/tutorial_taskflow_api_virtualenv.py
[2026-07-17T23:35:25.846+0530] {processor.py:208} INFO - Processing /Users/bhavishyachallagolla/Desktop/RetailSense/.venv/lib/python3.12/site-packages/airflow/example_dags/tutorial_taskflow_api_virtualenv.py took 0.034 seconds
[2026-07-17T23:36:17.903+0530] {processor.py:186} INFO - Started process (PID=99033) to work on /Users/bhavishyachallagolla/Desktop/RetailSense/.venv/lib/python3.12/site-packages/airflow/example_dags/tutorial_taskflow_api_virtualenv.py
[2026-07-17T23:36:17.903+0530] {processor.py:914} INFO - Processing file /Users/bhavishyachallagolla/Desktop/RetailSense/.venv/lib/python3.12/site-packages/airflow/example_dags/tutorial_taskflow_api_virtualenv.py for tasks to queue
[2026-07-17T23:36:17.903+0530] {logging_mixin.py:190} INFO - [2026-07-17T23:36:17.903+0530] {dagbag.py:588} INFO - Filling up the DagBag from /Users/bhavishyachallagolla/Desktop/RetailSense/.venv/lib/python3.12/site-packages/airflow/example_dags/tutorial_taskflow_api_virtualenv.py
[2026-07-17T23:36:17.914+0530] {logging_mixin.py:190} INFO - [2026-07-17T23:36:17.914+0530] {tutorial_taskflow_api_virtualenv.py:29} WARNING - The tutorial_taskflow_api_virtualenv example DAG requires virtualenv, please install it.
[2026-07-17T23:36:17.914+0530] {processor.py:927} WARNING - No viable dags retrieved from /Users/bhavishyachallagolla/Desktop/RetailSense/.venv/lib/python3.12/site-packages/airflow/example_dags/tutorial_taskflow_api_virtualenv.py
[2026-07-17T23:36:17.934+0530] {processor.py:208} INFO - Processing /Users/bhavishyachallagolla/Desktop/RetailSense/.venv/lib/python3.12/site-packages/airflow/example_dags/tutorial_taskflow_api_virtualenv.py took 0.033 seconds
[2026-07-17T23:37:08.869+0530] {processor.py:186} INFO - Started process (PID=99109) to work on /Users/bhavishyachallagolla/Desktop/RetailSense/.venv/lib/python3.12/site-packages/airflow/example_dags/tutorial_taskflow_api_virtualenv.py
[2026-07-17T23:37:08.869+0530] {processor.py:914} INFO - Processing file /Users/bhavishyachallagolla/Desktop/RetailSense/.venv/lib/python3.12/site-packages/airflow/example_dags/tutorial_taskflow_api_virtualenv.py for tasks to queue
[2026-07-17T23:37:08.870+0530] {logging_mixin.py:190} INFO - [2026-07-17T23:37:08.870+0530] {dagbag.py:588} INFO - Filling up the DagBag from /Users/bhavishyachallagolla/Desktop/RetailSense/.venv/lib/python3.12/site-packages/airflow/example_dags/tutorial_taskflow_api_virtualenv.py
[2026-07-17T23:37:08.881+0530] {logging_mixin.py:190} INFO - [2026-07-17T23:37:08.881+0530] {tutorial_taskflow_api_virtualenv.py:29} WARNING - The tutorial_taskflow_api_virtualenv example DAG requires virtualenv, please install it.
[2026-07-17T23:37:08.881+0530] {processor.py:927} WARNING - No viable dags retrieved from /Users/bhavishyachallagolla/Desktop/RetailSense/.venv/lib/python3.12/site-packages/airflow/example_dags/tutorial_taskflow_api_virtualenv.py
[2026-07-17T23:37:08.902+0530] {processor.py:208} INFO - Processing /Users/bhavishyachallagolla/Desktop/RetailSense/.venv/lib/python3.12/site-packages/airflow/example_dags/tutorial_taskflow_api_virtualenv.py took 0.034 seconds
[2026-07-17T23:37:59.283+0530] {processor.py:186} INFO - Started process (PID=99186) to work on /Users/bhavishyachallagolla/Desktop/RetailSense/.venv/lib/python3.12/site-packages/airflow/example_dags/tutorial_taskflow_api_virtualenv.py
[2026-07-17T23:37:59.283+0530] {processor.py:914} INFO - Processing file /Users/bhavishyachallagolla/Desktop/RetailSense/.venv/lib/python3.12/site-packages/airflow/example_dags/tutorial_taskflow_api_virtualenv.py for tasks to queue
[2026-07-17T23:37:59.283+0530] {logging_mixin.py:190} INFO - [2026-07-17T23:37:59.283+0530] {dagbag.py:588} INFO - Filling up the DagBag from /Users/bhavishyachallagolla/Desktop/RetailSense/.venv/lib/python3.12/site-packages/airflow/example_dags/tutorial_taskflow_api_virtualenv.py
[2026-07-17T23:37:59.294+0530] {logging_mixin.py:190} INFO - [2026-07-17T23:37:59.294+0530] {tutorial_taskflow_api_virtualenv.py:29} WARNING - The tutorial_taskflow_api_virtualenv example DAG requires virtualenv, please install it.
[2026-07-17T23:37:59.294+0530] {processor.py:927} WARNING - No viable dags retrieved from /Users/bhavishyachallagolla/Desktop/RetailSense/.venv/lib/python3.12/site-packages/airflow/example_dags/tutorial_taskflow_api_virtualenv.py
[2026-07-17T23:37:59.316+0530] {processor.py:208} INFO - Processing /Users/bhavishyachallagolla/Desktop/RetailSense/.venv/lib/python3.12/site-packages/airflow/example_dags/tutorial_taskflow_api_virtualenv.py took 0.034 seconds
[2026-07-17T23:38:50.775+0530] {processor.py:186} INFO - Started process (PID=99271) to work on /Users/bhavishyachallagolla/Desktop/RetailSense/.venv/lib/python3.12/site-packages/airflow/example_dags/tutorial_taskflow_api_virtualenv.py
[2026-07-17T23:38:50.776+0530] {processor.py:914} INFO - Processing file /Users/bhavishyachallagolla/Desktop/RetailSense/.venv/lib/python3.12/site-packages/airflow/example_dags/tutorial_taskflow_api_virtualenv.py for tasks to queue
[2026-07-17T23:38:50.776+0530] {logging_mixin.py:190} INFO - [2026-07-17T23:38:50.776+0530] {dagbag.py:588} INFO - Filling up the DagBag from /Users/bhavishyachallagolla/Desktop/RetailSense/.venv/lib/python3.12/site-packages/airflow/example_dags/tutorial_taskflow_api_virtualenv.py
[2026-07-17T23:38:50.788+0530] {logging_mixin.py:190} INFO - [2026-07-17T23:38:50.788+0530] {tutorial_taskflow_api_virtualenv.py:29} WARNING - The tutorial_taskflow_api_virtualenv example DAG requires virtualenv, please install it.
[2026-07-17T23:38:50.788+0530] {processor.py:927} WARNING - No viable dags retrieved from /Users/bhavishyachallagolla/Desktop/RetailSense/.venv/lib/python3.12/site-packages/airflow/example_dags/tutorial_taskflow_api_virtualenv.py
[2026-07-17T23:38:50.810+0530] {processor.py:208} INFO - Processing /Users/bhavishyachallagolla/Desktop/RetailSense/.venv/lib/python3.12/site-packages/airflow/example_dags/tutorial_taskflow_api_virtualenv.py took 0.036 seconds
[2026-07-17T23:39:41.187+0530] {processor.py:186} INFO - Started process (PID=99346) to work on /Users/bhavishyachallagolla/Desktop/RetailSense/.venv/lib/python3.12/site-packages/airflow/example_dags/tutorial_taskflow_api_virtualenv.py
[2026-07-17T23:39:41.188+0530] {processor.py:914} INFO - Processing file /Users/bhavishyachallagolla/Desktop/RetailSense/.venv/lib/python3.12/site-packages/airflow/example_dags/tutorial_taskflow_api_virtualenv.py for tasks to queue
[2026-07-17T23:39:41.188+0530] {logging_mixin.py:190} INFO - [2026-07-17T23:39:41.188+0530] {dagbag.py:588} INFO - Filling up the DagBag from /Users/bhavishyachallagolla/Desktop/RetailSense/.venv/lib/python3.12/site-packages/airflow/example_dags/tutorial_taskflow_api_virtualenv.py
[2026-07-17T23:39:41.199+0530] {logging_mixin.py:190} INFO - [2026-07-17T23:39:41.199+0530] {tutorial_taskflow_api_virtualenv.py:29} WARNING - The tutorial_taskflow_api_virtualenv example DAG requires virtualenv, please install it.
[2026-07-17T23:39:41.199+0530] {processor.py:927} WARNING - No viable dags retrieved from /Users/bhavishyachallagolla/Desktop/RetailSense/.venv/lib/python3.12/site-packages/airflow/example_dags/tutorial_taskflow_api_virtualenv.py
[2026-07-17T23:39:41.220+0530] {processor.py:208} INFO - Processing /Users/bhavishyachallagolla/Desktop/RetailSense/.venv/lib/python3.12/site-packages/airflow/example_dags/tutorial_taskflow_api_virtualenv.py took 0.034 seconds
[2026-07-17T23:40:31.676+0530] {processor.py:186} INFO - Started process (PID=99425) to work on /Users/bhavishyachallagolla/Desktop/RetailSense/.venv/lib/python3.12/site-packages/airflow/example_dags/tutorial_taskflow_api_virtualenv.py
[2026-07-17T23:40:31.677+0530] {processor.py:914} INFO - Processing file /Users/bhavishyachallagolla/Desktop/RetailSense/.venv/lib/python3.12/site-packages/airflow/example_dags/tutorial_taskflow_api_virtualenv.py for tasks to queue
[2026-07-17T23:40:31.677+0530] {logging_mixin.py:190} INFO - [2026-07-17T23:40:31.677+0530] {dagbag.py:588} INFO - Filling up the DagBag from /Users/bhavishyachallagolla/Desktop/RetailSense/.venv/lib/python3.12/site-packages/airflow/example_dags/tutorial_taskflow_api_virtualenv.py
[2026-07-17T23:40:31.688+0530] {logging_mixin.py:190} INFO - [2026-07-17T23:40:31.688+0530] {tutorial_taskflow_api_virtualenv.py:29} WARNING - The tutorial_taskflow_api_virtualenv example DAG requires virtualenv, please install it.
[2026-07-17T23:40:31.688+0530] {processor.py:927} WARNING - No viable dags retrieved from /Users/bhavishyachallagolla/Desktop/RetailSense/.venv/lib/python3.12/site-packages/airflow/example_dags/tutorial_taskflow_api_virtualenv.py
[2026-07-17T23:40:31.709+0530] {processor.py:208} INFO - Processing /Users/bhavishyachallagolla/Desktop/RetailSense/.venv/lib/python3.12/site-packages/airflow/example_dags/tutorial_taskflow_api_virtualenv.py took 0.034 seconds
[2026-07-17T23:41:23.933+0530] {processor.py:186} INFO - Started process (PID=99502) to work on /Users/bhavishyachallagolla/Desktop/RetailSense/.venv/lib/python3.12/site-packages/airflow/example_dags/tutorial_taskflow_api_virtualenv.py
[2026-07-17T23:41:23.934+0530] {processor.py:914} INFO - Processing file /Users/bhavishyachallagolla/Desktop/RetailSense/.venv/lib/python3.12/site-packages/airflow/example_dags/tutorial_taskflow_api_virtualenv.py for tasks to queue
[2026-07-17T23:41:23.934+0530] {logging_mixin.py:190} INFO - [2026-07-17T23:41:23.934+0530] {dagbag.py:588} INFO - Filling up the DagBag from /Users/bhavishyachallagolla/Desktop/RetailSense/.venv/lib/python3.12/site-packages/airflow/example_dags/tutorial_taskflow_api_virtualenv.py
[2026-07-17T23:41:23.946+0530] {logging_mixin.py:190} INFO - [2026-07-17T23:41:23.945+0530] {tutorial_taskflow_api_virtualenv.py:29} WARNING - The tutorial_taskflow_api_virtualenv example DAG requires virtualenv, please install it.
[2026-07-17T23:41:23.946+0530] {processor.py:927} WARNING - No viable dags retrieved from /Users/bhavishyachallagolla/Desktop/RetailSense/.venv/lib/python3.12/site-packages/airflow/example_dags/tutorial_taskflow_api_virtualenv.py
[2026-07-17T23:41:23.967+0530] {processor.py:208} INFO - Processing /Users/bhavishyachallagolla/Desktop/RetailSense/.venv/lib/python3.12/site-packages/airflow/example_dags/tutorial_taskflow_api_virtualenv.py took 0.035 seconds
[2026-07-17T23:42:16.233+0530] {processor.py:186} INFO - Started process (PID=99583) to work on /Users/bhavishyachallagolla/Desktop/RetailSense/.venv/lib/python3.12/site-packages/airflow/example_dags/tutorial_taskflow_api_virtualenv.py
[2026-07-17T23:42:16.234+0530] {processor.py:914} INFO - Processing file /Users/bhavishyachallagolla/Desktop/RetailSense/.venv/lib/python3.12/site-packages/airflow/example_dags/tutorial_taskflow_api_virtualenv.py for tasks to queue
[2026-07-17T23:42:16.234+0530] {logging_mixin.py:190} INFO - [2026-07-17T23:42:16.234+0530] {dagbag.py:588} INFO - Filling up the DagBag from /Users/bhavishyachallagolla/Desktop/RetailSense/.venv/lib/python3.12/site-packages/airflow/example_dags/tutorial_taskflow_api_virtualenv.py
[2026-07-17T23:42:16.245+0530] {logging_mixin.py:190} INFO - [2026-07-17T23:42:16.245+0530] {tutorial_taskflow_api_virtualenv.py:29} WARNING - The tutorial_taskflow_api_virtualenv example DAG requires virtualenv, please install it.
[2026-07-17T23:42:16.245+0530] {processor.py:927} WARNING - No viable dags retrieved from /Users/bhavishyachallagolla/Desktop/RetailSense/.venv/lib/python3.12/site-packages/airflow/example_dags/tutorial_taskflow_api_virtualenv.py
[2026-07-17T23:42:16.266+0530] {processor.py:208} INFO - Processing /Users/bhavishyachallagolla/Desktop/RetailSense/.venv/lib/python3.12/site-packages/airflow/example_dags/tutorial_taskflow_api_virtualenv.py took 0.034 seconds
[2026-07-17T23:43:06.083+0530] {processor.py:186} INFO - Started process (PID=99660) to work on /Users/bhavishyachallagolla/Desktop/RetailSense/.venv/lib/python3.12/site-packages/airflow/example_dags/tutorial_taskflow_api_virtualenv.py
[2026-07-17T23:43:06.084+0530] {processor.py:914} INFO - Processing file /Users/bhavishyachallagolla/Desktop/RetailSense/.venv/lib/python3.12/site-packages/airflow/example_dags/tutorial_taskflow_api_virtualenv.py for tasks to queue
[2026-07-17T23:43:06.084+0530] {logging_mixin.py:190} INFO - [2026-07-17T23:43:06.084+0530] {dagbag.py:588} INFO - Filling up the DagBag from /Users/bhavishyachallagolla/Desktop/RetailSense/.venv/lib/python3.12/site-packages/airflow/example_dags/tutorial_taskflow_api_virtualenv.py
[2026-07-17T23:43:06.096+0530] {logging_mixin.py:190} INFO - [2026-07-17T23:43:06.096+0530] {tutorial_taskflow_api_virtualenv.py:29} WARNING - The tutorial_taskflow_api_virtualenv example DAG requires virtualenv, please install it.
[2026-07-17T23:43:06.096+0530] {processor.py:927} WARNING - No viable dags retrieved from /Users/bhavishyachallagolla/Desktop/RetailSense/.venv/lib/python3.12/site-packages/airflow/example_dags/tutorial_taskflow_api_virtualenv.py
[2026-07-17T23:43:06.118+0530] {processor.py:208} INFO - Processing /Users/bhavishyachallagolla/Desktop/RetailSense/.venv/lib/python3.12/site-packages/airflow/example_dags/tutorial_taskflow_api_virtualenv.py took 0.036 seconds
[2026-07-17T23:43:56.625+0530] {processor.py:186} INFO - Started process (PID=99736) to work on /Users/bhavishyachallagolla/Desktop/RetailSense/.venv/lib/python3.12/site-packages/airflow/example_dags/tutorial_taskflow_api_virtualenv.py
[2026-07-17T23:43:56.625+0530] {processor.py:914} INFO - Processing file /Users/bhavishyachallagolla/Desktop/RetailSense/.venv/lib/python3.12/site-packages/airflow/example_dags/tutorial_taskflow_api_virtualenv.py for tasks to queue
[2026-07-17T23:43:56.625+0530] {logging_mixin.py:190} INFO - [2026-07-17T23:43:56.625+0530] {dagbag.py:588} INFO - Filling up the DagBag from /Users/bhavishyachallagolla/Desktop/RetailSense/.venv/lib/python3.12/site-packages/airflow/example_dags/tutorial_taskflow_api_virtualenv.py
[2026-07-17T23:43:56.637+0530] {logging_mixin.py:190} INFO - [2026-07-17T23:43:56.637+0530] {tutorial_taskflow_api_virtualenv.py:29} WARNING - The tutorial_taskflow_api_virtualenv example DAG requires virtualenv, please install it.
[2026-07-17T23:43:56.637+0530] {processor.py:927} WARNING - No viable dags retrieved from /Users/bhavishyachallagolla/Desktop/RetailSense/.venv/lib/python3.12/site-packages/airflow/example_dags/tutorial_taskflow_api_virtualenv.py
[2026-07-17T23:43:56.659+0530] {processor.py:208} INFO - Processing /Users/bhavishyachallagolla/Desktop/RetailSense/.venv/lib/python3.12/site-packages/airflow/example_dags/tutorial_taskflow_api_virtualenv.py took 0.035 seconds
[2026-07-17T23:44:47.402+0530] {processor.py:186} INFO - Started process (PID=99814) to work on /Users/bhavishyachallagolla/Desktop/RetailSense/.venv/lib/python3.12/site-packages/airflow/example_dags/tutorial_taskflow_api_virtualenv.py
[2026-07-17T23:44:47.403+0530] {processor.py:914} INFO - Processing file /Users/bhavishyachallagolla/Desktop/RetailSense/.venv/lib/python3.12/site-packages/airflow/example_dags/tutorial_taskflow_api_virtualenv.py for tasks to queue
[2026-07-17T23:44:47.403+0530] {logging_mixin.py:190} INFO - [2026-07-17T23:44:47.403+0530] {dagbag.py:588} INFO - Filling up the DagBag from /Users/bhavishyachallagolla/Desktop/RetailSense/.venv/lib/python3.12/site-packages/airflow/example_dags/tutorial_taskflow_api_virtualenv.py
[2026-07-17T23:44:47.414+0530] {logging_mixin.py:190} INFO - [2026-07-17T23:44:47.414+0530] {tutorial_taskflow_api_virtualenv.py:29} WARNING - The tutorial_taskflow_api_virtualenv example DAG requires virtualenv, please install it.
[2026-07-17T23:44:47.414+0530] {processor.py:927} WARNING - No viable dags retrieved from /Users/bhavishyachallagolla/Desktop/RetailSense/.venv/lib/python3.12/site-packages/airflow/example_dags/tutorial_taskflow_api_virtualenv.py
[2026-07-17T23:44:47.436+0530] {processor.py:208} INFO - Processing /Users/bhavishyachallagolla/Desktop/RetailSense/.venv/lib/python3.12/site-packages/airflow/example_dags/tutorial_taskflow_api_virtualenv.py took 0.035 seconds
[2026-07-17T23:45:38.821+0530] {processor.py:186} INFO - Started process (PID=99893) to work on /Users/bhavishyachallagolla/Desktop/RetailSense/.venv/lib/python3.12/site-packages/airflow/example_dags/tutorial_taskflow_api_virtualenv.py
[2026-07-17T23:45:38.821+0530] {processor.py:914} INFO - Processing file /Users/bhavishyachallagolla/Desktop/RetailSense/.venv/lib/python3.12/site-packages/airflow/example_dags/tutorial_taskflow_api_virtualenv.py for tasks to queue
[2026-07-17T23:45:38.821+0530] {logging_mixin.py:190} INFO - [2026-07-17T23:45:38.821+0530] {dagbag.py:588} INFO - Filling up the DagBag from /Users/bhavishyachallagolla/Desktop/RetailSense/.venv/lib/python3.12/site-packages/airflow/example_dags/tutorial_taskflow_api_virtualenv.py
[2026-07-17T23:45:38.832+0530] {logging_mixin.py:190} INFO - [2026-07-17T23:45:38.832+0530] {tutorial_taskflow_api_virtualenv.py:29} WARNING - The tutorial_taskflow_api_virtualenv example DAG requires virtualenv, please install it.
[2026-07-17T23:45:38.832+0530] {processor.py:927} WARNING - No viable dags retrieved from /Users/bhavishyachallagolla/Desktop/RetailSense/.venv/lib/python3.12/site-packages/airflow/example_dags/tutorial_taskflow_api_virtualenv.py
[2026-07-17T23:45:38.853+0530] {processor.py:208} INFO - Processing /Users/bhavishyachallagolla/Desktop/RetailSense/.venv/lib/python3.12/site-packages/airflow/example_dags/tutorial_taskflow_api_virtualenv.py took 0.033 seconds
[2026-07-17T23:46:32.398+0530] {processor.py:186} INFO - Started process (PID=99974) to work on /Users/bhavishyachallagolla/Desktop/RetailSense/.venv/lib/python3.12/site-packages/airflow/example_dags/tutorial_taskflow_api_virtualenv.py
[2026-07-17T23:46:32.398+0530] {processor.py:914} INFO - Processing file /Users/bhavishyachallagolla/Desktop/RetailSense/.venv/lib/python3.12/site-packages/airflow/example_dags/tutorial_taskflow_api_virtualenv.py for tasks to queue
[2026-07-17T23:46:32.399+0530] {logging_mixin.py:190} INFO - [2026-07-17T23:46:32.399+0530] {dagbag.py:588} INFO - Filling up the DagBag from /Users/bhavishyachallagolla/Desktop/RetailSense/.venv/lib/python3.12/site-packages/airflow/example_dags/tutorial_taskflow_api_virtualenv.py
[2026-07-17T23:46:32.409+0530] {logging_mixin.py:190} INFO - [2026-07-17T23:46:32.409+0530] {tutorial_taskflow_api_virtualenv.py:29} WARNING - The tutorial_taskflow_api_virtualenv example DAG requires virtualenv, please install it.
[2026-07-17T23:46:32.410+0530] {processor.py:927} WARNING - No viable dags retrieved from /Users/bhavishyachallagolla/Desktop/RetailSense/.venv/lib/python3.12/site-packages/airflow/example_dags/tutorial_taskflow_api_virtualenv.py
[2026-07-17T23:46:32.431+0530] {processor.py:208} INFO - Processing /Users/bhavishyachallagolla/Desktop/RetailSense/.venv/lib/python3.12/site-packages/airflow/example_dags/tutorial_taskflow_api_virtualenv.py took 0.034 seconds
[2026-07-17T23:47:22.893+0530] {processor.py:186} INFO - Started process (PID=151) to work on /Users/bhavishyachallagolla/Desktop/RetailSense/.venv/lib/python3.12/site-packages/airflow/example_dags/tutorial_taskflow_api_virtualenv.py
[2026-07-17T23:47:22.894+0530] {processor.py:914} INFO - Processing file /Users/bhavishyachallagolla/Desktop/RetailSense/.venv/lib/python3.12/site-packages/airflow/example_dags/tutorial_taskflow_api_virtualenv.py for tasks to queue
[2026-07-17T23:47:22.894+0530] {logging_mixin.py:190} INFO - [2026-07-17T23:47:22.894+0530] {dagbag.py:588} INFO - Filling up the DagBag from /Users/bhavishyachallagolla/Desktop/RetailSense/.venv/lib/python3.12/site-packages/airflow/example_dags/tutorial_taskflow_api_virtualenv.py
[2026-07-17T23:47:22.905+0530] {logging_mixin.py:190} INFO - [2026-07-17T23:47:22.905+0530] {tutorial_taskflow_api_virtualenv.py:29} WARNING - The tutorial_taskflow_api_virtualenv example DAG requires virtualenv, please install it.
[2026-07-17T23:47:22.906+0530] {processor.py:927} WARNING - No viable dags retrieved from /Users/bhavishyachallagolla/Desktop/RetailSense/.venv/lib/python3.12/site-packages/airflow/example_dags/tutorial_taskflow_api_virtualenv.py
[2026-07-17T23:47:22.927+0530] {processor.py:208} INFO - Processing /Users/bhavishyachallagolla/Desktop/RetailSense/.venv/lib/python3.12/site-packages/airflow/example_dags/tutorial_taskflow_api_virtualenv.py took 0.035 seconds
[2026-07-17T23:48:31.160+0530] {processor.py:186} INFO - Started process (PID=258) to work on /Users/bhavishyachallagolla/Desktop/RetailSense/.venv/lib/python3.12/site-packages/airflow/example_dags/tutorial_taskflow_api_virtualenv.py
[2026-07-17T23:48:31.161+0530] {processor.py:914} INFO - Processing file /Users/bhavishyachallagolla/Desktop/RetailSense/.venv/lib/python3.12/site-packages/airflow/example_dags/tutorial_taskflow_api_virtualenv.py for tasks to queue
[2026-07-17T23:48:31.161+0530] {logging_mixin.py:190} INFO - [2026-07-17T23:48:31.161+0530] {dagbag.py:588} INFO - Filling up the DagBag from /Users/bhavishyachallagolla/Desktop/RetailSense/.venv/lib/python3.12/site-packages/airflow/example_dags/tutorial_taskflow_api_virtualenv.py
[2026-07-17T23:48:31.172+0530] {logging_mixin.py:190} INFO - [2026-07-17T23:48:31.172+0530] {tutorial_taskflow_api_virtualenv.py:29} WARNING - The tutorial_taskflow_api_virtualenv example DAG requires virtualenv, please install it.
[2026-07-17T23:48:31.172+0530] {processor.py:927} WARNING - No viable dags retrieved from /Users/bhavishyachallagolla/Desktop/RetailSense/.venv/lib/python3.12/site-packages/airflow/example_dags/tutorial_taskflow_api_virtualenv.py
[2026-07-17T23:48:31.193+0530] {processor.py:208} INFO - Processing /Users/bhavishyachallagolla/Desktop/RetailSense/.venv/lib/python3.12/site-packages/airflow/example_dags/tutorial_taskflow_api_virtualenv.py took 0.034 seconds
[2026-07-17T23:49:24.021+0530] {processor.py:186} INFO - Started process (PID=351) to work on /Users/bhavishyachallagolla/Desktop/RetailSense/.venv/lib/python3.12/site-packages/airflow/example_dags/tutorial_taskflow_api_virtualenv.py
[2026-07-17T23:49:24.021+0530] {processor.py:914} INFO - Processing file /Users/bhavishyachallagolla/Desktop/RetailSense/.venv/lib/python3.12/site-packages/airflow/example_dags/tutorial_taskflow_api_virtualenv.py for tasks to queue
[2026-07-17T23:49:24.021+0530] {logging_mixin.py:190} INFO - [2026-07-17T23:49:24.021+0530] {dagbag.py:588} INFO - Filling up the DagBag from /Users/bhavishyachallagolla/Desktop/RetailSense/.venv/lib/python3.12/site-packages/airflow/example_dags/tutorial_taskflow_api_virtualenv.py
[2026-07-17T23:49:24.032+0530] {logging_mixin.py:190} INFO - [2026-07-17T23:49:24.032+0530] {tutorial_taskflow_api_virtualenv.py:29} WARNING - The tutorial_taskflow_api_virtualenv example DAG requires virtualenv, please install it.
[2026-07-17T23:49:24.032+0530] {processor.py:927} WARNING - No viable dags retrieved from /Users/bhavishyachallagolla/Desktop/RetailSense/.venv/lib/python3.12/site-packages/airflow/example_dags/tutorial_taskflow_api_virtualenv.py
[2026-07-17T23:49:24.054+0530] {processor.py:208} INFO - Processing /Users/bhavishyachallagolla/Desktop/RetailSense/.venv/lib/python3.12/site-packages/airflow/example_dags/tutorial_taskflow_api_virtualenv.py took 0.034 seconds
[2026-07-17T23:50:15.531+0530] {processor.py:186} INFO - Started process (PID=470) to work on /Users/bhavishyachallagolla/Desktop/RetailSense/.venv/lib/python3.12/site-packages/airflow/example_dags/tutorial_taskflow_api_virtualenv.py
[2026-07-17T23:50:15.531+0530] {processor.py:914} INFO - Processing file /Users/bhavishyachallagolla/Desktop/RetailSense/.venv/lib/python3.12/site-packages/airflow/example_dags/tutorial_taskflow_api_virtualenv.py for tasks to queue
[2026-07-17T23:50:15.532+0530] {logging_mixin.py:190} INFO - [2026-07-17T23:50:15.532+0530] {dagbag.py:588} INFO - Filling up the DagBag from /Users/bhavishyachallagolla/Desktop/RetailSense/.venv/lib/python3.12/site-packages/airflow/example_dags/tutorial_taskflow_api_virtualenv.py
[2026-07-17T23:50:15.542+0530] {logging_mixin.py:190} INFO - [2026-07-17T23:50:15.542+0530] {tutorial_taskflow_api_virtualenv.py:29} WARNING - The tutorial_taskflow_api_virtualenv example DAG requires virtualenv, please install it.
[2026-07-17T23:50:15.542+0530] {processor.py:927} WARNING - No viable dags retrieved from /Users/bhavishyachallagolla/Desktop/RetailSense/.venv/lib/python3.12/site-packages/airflow/example_dags/tutorial_taskflow_api_virtualenv.py
[2026-07-17T23:50:15.563+0530] {processor.py:208} INFO - Processing /Users/bhavishyachallagolla/Desktop/RetailSense/.venv/lib/python3.12/site-packages/airflow/example_dags/tutorial_taskflow_api_virtualenv.py took 0.033 seconds
[2026-07-17T23:51:07.739+0530] {processor.py:186} INFO - Started process (PID=578) to work on /Users/bhavishyachallagolla/Desktop/RetailSense/.venv/lib/python3.12/site-packages/airflow/example_dags/tutorial_taskflow_api_virtualenv.py
[2026-07-17T23:51:07.740+0530] {processor.py:914} INFO - Processing file /Users/bhavishyachallagolla/Desktop/RetailSense/.venv/lib/python3.12/site-packages/airflow/example_dags/tutorial_taskflow_api_virtualenv.py for tasks to queue
[2026-07-17T23:51:07.740+0530] {logging_mixin.py:190} INFO - [2026-07-17T23:51:07.740+0530] {dagbag.py:588} INFO - Filling up the DagBag from /Users/bhavishyachallagolla/Desktop/RetailSense/.venv/lib/python3.12/site-packages/airflow/example_dags/tutorial_taskflow_api_virtualenv.py
[2026-07-17T23:51:07.750+0530] {logging_mixin.py:190} INFO - [2026-07-17T23:51:07.750+0530] {tutorial_taskflow_api_virtualenv.py:29} WARNING - The tutorial_taskflow_api_virtualenv example DAG requires virtualenv, please install it.
[2026-07-17T23:51:07.750+0530] {processor.py:927} WARNING - No viable dags retrieved from /Users/bhavishyachallagolla/Desktop/RetailSense/.venv/lib/python3.12/site-packages/airflow/example_dags/tutorial_taskflow_api_virtualenv.py
[2026-07-17T23:51:07.771+0530] {processor.py:208} INFO - Processing /Users/bhavishyachallagolla/Desktop/RetailSense/.venv/lib/python3.12/site-packages/airflow/example_dags/tutorial_taskflow_api_virtualenv.py took 0.033 seconds
[2026-07-17T23:51:59.779+0530] {processor.py:186} INFO - Started process (PID=712) to work on /Users/bhavishyachallagolla/Desktop/RetailSense/.venv/lib/python3.12/site-packages/airflow/example_dags/tutorial_taskflow_api_virtualenv.py
[2026-07-17T23:51:59.779+0530] {processor.py:914} INFO - Processing file /Users/bhavishyachallagolla/Desktop/RetailSense/.venv/lib/python3.12/site-packages/airflow/example_dags/tutorial_taskflow_api_virtualenv.py for tasks to queue
[2026-07-17T23:51:59.780+0530] {logging_mixin.py:190} INFO - [2026-07-17T23:51:59.780+0530] {dagbag.py:588} INFO - Filling up the DagBag from /Users/bhavishyachallagolla/Desktop/RetailSense/.venv/lib/python3.12/site-packages/airflow/example_dags/tutorial_taskflow_api_virtualenv.py
[2026-07-17T23:51:59.791+0530] {logging_mixin.py:190} INFO - [2026-07-17T23:51:59.791+0530] {tutorial_taskflow_api_virtualenv.py:29} WARNING - The tutorial_taskflow_api_virtualenv example DAG requires virtualenv, please install it.
[2026-07-17T23:51:59.791+0530] {processor.py:927} WARNING - No viable dags retrieved from /Users/bhavishyachallagolla/Desktop/RetailSense/.venv/lib/python3.12/site-packages/airflow/example_dags/tutorial_taskflow_api_virtualenv.py
[2026-07-17T23:51:59.813+0530] {processor.py:208} INFO - Processing /Users/bhavishyachallagolla/Desktop/RetailSense/.venv/lib/python3.12/site-packages/airflow/example_dags/tutorial_taskflow_api_virtualenv.py took 0.035 seconds
[2026-07-17T23:52:50.406+0530] {processor.py:186} INFO - Started process (PID=826) to work on /Users/bhavishyachallagolla/Desktop/RetailSense/.venv/lib/python3.12/site-packages/airflow/example_dags/tutorial_taskflow_api_virtualenv.py
[2026-07-17T23:52:50.407+0530] {processor.py:914} INFO - Processing file /Users/bhavishyachallagolla/Desktop/RetailSense/.venv/lib/python3.12/site-packages/airflow/example_dags/tutorial_taskflow_api_virtualenv.py for tasks to queue
[2026-07-17T23:52:50.407+0530] {logging_mixin.py:190} INFO - [2026-07-17T23:52:50.407+0530] {dagbag.py:588} INFO - Filling up the DagBag from /Users/bhavishyachallagolla/Desktop/RetailSense/.venv/lib/python3.12/site-packages/airflow/example_dags/tutorial_taskflow_api_virtualenv.py
[2026-07-17T23:52:50.418+0530] {logging_mixin.py:190} INFO - [2026-07-17T23:52:50.418+0530] {tutorial_taskflow_api_virtualenv.py:29} WARNING - The tutorial_taskflow_api_virtualenv example DAG requires virtualenv, please install it.
[2026-07-17T23:52:50.418+0530] {processor.py:927} WARNING - No viable dags retrieved from /Users/bhavishyachallagolla/Desktop/RetailSense/.venv/lib/python3.12/site-packages/airflow/example_dags/tutorial_taskflow_api_virtualenv.py
[2026-07-17T23:52:50.439+0530] {processor.py:208} INFO - Processing /Users/bhavishyachallagolla/Desktop/RetailSense/.venv/lib/python3.12/site-packages/airflow/example_dags/tutorial_taskflow_api_virtualenv.py took 0.034 seconds
[2026-07-17T23:53:49.596+0530] {processor.py:186} INFO - Started process (PID=949) to work on /Users/bhavishyachallagolla/Desktop/RetailSense/.venv/lib/python3.12/site-packages/airflow/example_dags/tutorial_taskflow_api_virtualenv.py
[2026-07-17T23:53:49.597+0530] {processor.py:914} INFO - Processing file /Users/bhavishyachallagolla/Desktop/RetailSense/.venv/lib/python3.12/site-packages/airflow/example_dags/tutorial_taskflow_api_virtualenv.py for tasks to queue
[2026-07-17T23:53:49.597+0530] {logging_mixin.py:190} INFO - [2026-07-17T23:53:49.597+0530] {dagbag.py:588} INFO - Filling up the DagBag from /Users/bhavishyachallagolla/Desktop/RetailSense/.venv/lib/python3.12/site-packages/airflow/example_dags/tutorial_taskflow_api_virtualenv.py
[2026-07-17T23:53:49.608+0530] {logging_mixin.py:190} INFO - [2026-07-17T23:53:49.608+0530] {tutorial_taskflow_api_virtualenv.py:29} WARNING - The tutorial_taskflow_api_virtualenv example DAG requires virtualenv, please install it.
[2026-07-17T23:53:49.608+0530] {processor.py:927} WARNING - No viable dags retrieved from /Users/bhavishyachallagolla/Desktop/RetailSense/.venv/lib/python3.12/site-packages/airflow/example_dags/tutorial_taskflow_api_virtualenv.py
[2026-07-17T23:53:49.629+0530] {processor.py:208} INFO - Processing /Users/bhavishyachallagolla/Desktop/RetailSense/.venv/lib/python3.12/site-packages/airflow/example_dags/tutorial_taskflow_api_virtualenv.py took 0.034 seconds
[2026-07-17T23:54:49.668+0530] {processor.py:186} INFO - Started process (PID=1046) to work on /Users/bhavishyachallagolla/Desktop/RetailSense/.venv/lib/python3.12/site-packages/airflow/example_dags/tutorial_taskflow_api_virtualenv.py
[2026-07-17T23:54:49.669+0530] {processor.py:914} INFO - Processing file /Users/bhavishyachallagolla/Desktop/RetailSense/.venv/lib/python3.12/site-packages/airflow/example_dags/tutorial_taskflow_api_virtualenv.py for tasks to queue
[2026-07-17T23:54:49.669+0530] {logging_mixin.py:190} INFO - [2026-07-17T23:54:49.669+0530] {dagbag.py:588} INFO - Filling up the DagBag from /Users/bhavishyachallagolla/Desktop/RetailSense/.venv/lib/python3.12/site-packages/airflow/example_dags/tutorial_taskflow_api_virtualenv.py
[2026-07-17T23:54:49.680+0530] {logging_mixin.py:190} INFO - [2026-07-17T23:54:49.680+0530] {tutorial_taskflow_api_virtualenv.py:29} WARNING - The tutorial_taskflow_api_virtualenv example DAG requires virtualenv, please install it.
[2026-07-17T23:54:49.680+0530] {processor.py:927} WARNING - No viable dags retrieved from /Users/bhavishyachallagolla/Desktop/RetailSense/.venv/lib/python3.12/site-packages/airflow/example_dags/tutorial_taskflow_api_virtualenv.py
[2026-07-17T23:54:49.701+0530] {processor.py:208} INFO - Processing /Users/bhavishyachallagolla/Desktop/RetailSense/.venv/lib/python3.12/site-packages/airflow/example_dags/tutorial_taskflow_api_virtualenv.py took 0.034 seconds
[2026-07-17T23:55:50.829+0530] {processor.py:186} INFO - Started process (PID=1154) to work on /Users/bhavishyachallagolla/Desktop/RetailSense/.venv/lib/python3.12/site-packages/airflow/example_dags/tutorial_taskflow_api_virtualenv.py
[2026-07-17T23:55:50.830+0530] {processor.py:914} INFO - Processing file /Users/bhavishyachallagolla/Desktop/RetailSense/.venv/lib/python3.12/site-packages/airflow/example_dags/tutorial_taskflow_api_virtualenv.py for tasks to queue
[2026-07-17T23:55:50.830+0530] {logging_mixin.py:190} INFO - [2026-07-17T23:55:50.830+0530] {dagbag.py:588} INFO - Filling up the DagBag from /Users/bhavishyachallagolla/Desktop/RetailSense/.venv/lib/python3.12/site-packages/airflow/example_dags/tutorial_taskflow_api_virtualenv.py
[2026-07-17T23:55:50.841+0530] {logging_mixin.py:190} INFO - [2026-07-17T23:55:50.841+0530] {tutorial_taskflow_api_virtualenv.py:29} WARNING - The tutorial_taskflow_api_virtualenv example DAG requires virtualenv, please install it.
[2026-07-17T23:55:50.841+0530] {processor.py:927} WARNING - No viable dags retrieved from /Users/bhavishyachallagolla/Desktop/RetailSense/.venv/lib/python3.12/site-packages/airflow/example_dags/tutorial_taskflow_api_virtualenv.py
[2026-07-17T23:55:50.862+0530] {processor.py:208} INFO - Processing /Users/bhavishyachallagolla/Desktop/RetailSense/.venv/lib/python3.12/site-packages/airflow/example_dags/tutorial_taskflow_api_virtualenv.py took 0.034 seconds
[2026-07-17T23:56:42.268+0530] {processor.py:186} INFO - Started process (PID=1231) to work on /Users/bhavishyachallagolla/Desktop/RetailSense/.venv/lib/python3.12/site-packages/airflow/example_dags/tutorial_taskflow_api_virtualenv.py
[2026-07-17T23:56:42.268+0530] {processor.py:914} INFO - Processing file /Users/bhavishyachallagolla/Desktop/RetailSense/.venv/lib/python3.12/site-packages/airflow/example_dags/tutorial_taskflow_api_virtualenv.py for tasks to queue
[2026-07-17T23:56:42.269+0530] {logging_mixin.py:190} INFO - [2026-07-17T23:56:42.269+0530] {dagbag.py:588} INFO - Filling up the DagBag from /Users/bhavishyachallagolla/Desktop/RetailSense/.venv/lib/python3.12/site-packages/airflow/example_dags/tutorial_taskflow_api_virtualenv.py
[2026-07-17T23:56:42.280+0530] {logging_mixin.py:190} INFO - [2026-07-17T23:56:42.279+0530] {tutorial_taskflow_api_virtualenv.py:29} WARNING - The tutorial_taskflow_api_virtualenv example DAG requires virtualenv, please install it.
[2026-07-17T23:56:42.280+0530] {processor.py:927} WARNING - No viable dags retrieved from /Users/bhavishyachallagolla/Desktop/RetailSense/.venv/lib/python3.12/site-packages/airflow/example_dags/tutorial_taskflow_api_virtualenv.py
[2026-07-17T23:56:42.300+0530] {processor.py:208} INFO - Processing /Users/bhavishyachallagolla/Desktop/RetailSense/.venv/lib/python3.12/site-packages/airflow/example_dags/tutorial_taskflow_api_virtualenv.py took 0.033 seconds
