[2026-07-17T20:08:50.015+0530] {processor.py:186} INFO - Started process (PID=87146) to work on /Users/bhavishyachallagolla/Desktop/RetailSense/.venv/lib/python3.12/site-packages/airflow/example_dags/tutorial_taskflow_templates.py
[2026-07-17T20:08:50.015+0530] {processor.py:914} INFO - Processing file /Users/bhavishyachallagolla/Desktop/RetailSense/.venv/lib/python3.12/site-packages/airflow/example_dags/tutorial_taskflow_templates.py for tasks to queue
[2026-07-17T20:08:50.016+0530] {logging_mixin.py:190} INFO - [2026-07-17T20:08:50.016+0530] {dagbag.py:588} INFO - Filling up the DagBag from /Users/bhavishyachallagolla/Desktop/RetailSense/.venv/lib/python3.12/site-packages/airflow/example_dags/tutorial_taskflow_templates.py
[2026-07-17T20:08:50.029+0530] {processor.py:925} INFO - DAG(s) 'tutorial_taskflow_templates' retrieved from /Users/bhavishyachallagolla/Desktop/RetailSense/.venv/lib/python3.12/site-packages/airflow/example_dags/tutorial_taskflow_templates.py
[2026-07-17T20:08:50.077+0530] {logging_mixin.py:190} INFO - [2026-07-17T20:08:50.077+0530] {dag.py:3239} INFO - Sync 1 DAGs
[2026-07-17T20:08:50.082+0530] {logging_mixin.py:190} INFO - [2026-07-17T20:08:50.082+0530] {dag.py:4180} INFO - Setting next_dagrun for tutorial_taskflow_templates to 2026-07-16 00:00:00+00:00, run_after=2026-07-17 00:00:00+00:00
[2026-07-17T20:08:50.107+0530] {processor.py:208} INFO - Processing /Users/bhavishyachallagolla/Desktop/RetailSense/.venv/lib/python3.12/site-packages/airflow/example_dags/tutorial_taskflow_templates.py took 0.093 seconds
[2026-07-17T20:09:47.631+0530] {processor.py:186} INFO - Started process (PID=87251) to work on /Users/bhavishyachallagolla/Desktop/RetailSense/.venv/lib/python3.12/site-packages/airflow/example_dags/tutorial_taskflow_templates.py
[2026-07-17T20:09:47.632+0530] {processor.py:914} INFO - Processing file /Users/bhavishyachallagolla/Desktop/RetailSense/.venv/lib/python3.12/site-packages/airflow/example_dags/tutorial_taskflow_templates.py for tasks to queue
[2026-07-17T20:09:47.632+0530] {logging_mixin.py:190} INFO - [2026-07-17T20:09:47.632+0530] {dagbag.py:588} INFO - Filling up the DagBag from /Users/bhavishyachallagolla/Desktop/RetailSense/.venv/lib/python3.12/site-packages/airflow/example_dags/tutorial_taskflow_templates.py
[2026-07-17T20:09:47.644+0530] {processor.py:925} INFO - DAG(s) 'tutorial_taskflow_templates' retrieved from /Users/bhavishyachallagolla/Desktop/RetailSense/.venv/lib/python3.12/site-packages/airflow/example_dags/tutorial_taskflow_templates.py
[2026-07-17T20:09:47.668+0530] {logging_mixin.py:190} INFO - [2026-07-17T20:09:47.668+0530] {dag.py:3239} INFO - Sync 1 DAGs
[2026-07-17T20:09:47.673+0530] {logging_mixin.py:190} INFO - [2026-07-17T20:09:47.673+0530] {dag.py:4180} INFO - Setting next_dagrun for tutorial_taskflow_templates to 2026-07-16 00:00:00+00:00, run_after=2026-07-17 00:00:00+00:00
[2026-07-17T20:09:47.678+0530] {processor.py:208} INFO - Processing /Users/bhavishyachallagolla/Desktop/RetailSense/.venv/lib/python3.12/site-packages/airflow/example_dags/tutorial_taskflow_templates.py took 0.048 seconds
[2026-07-17T20:11:07.934+0530] {processor.py:186} INFO - Started process (PID=87376) to work on /Users/bhavishyachallagolla/Desktop/RetailSense/.venv/lib/python3.12/site-packages/airflow/example_dags/tutorial_taskflow_templates.py
[2026-07-17T20:11:07.935+0530] {processor.py:914} INFO - Processing file /Users/bhavishyachallagolla/Desktop/RetailSense/.venv/lib/python3.12/site-packages/airflow/example_dags/tutorial_taskflow_templates.py for tasks to queue
[2026-07-17T20:11:07.936+0530] {logging_mixin.py:190} INFO - [2026-07-17T20:11:07.936+0530] {dagbag.py:588} INFO - Filling up the DagBag from /Users/bhavishyachallagolla/Desktop/RetailSense/.venv/lib/python3.12/site-packages/airflow/example_dags/tutorial_taskflow_templates.py
[2026-07-17T20:11:07.949+0530] {processor.py:925} INFO - DAG(s) 'tutorial_taskflow_templates' retrieved from /Users/bhavishyachallagolla/Desktop/RetailSense/.venv/lib/python3.12/site-packages/airflow/example_dags/tutorial_taskflow_templates.py
[2026-07-17T20:11:07.975+0530] {logging_mixin.py:190} INFO - [2026-07-17T20:11:07.975+0530] {dag.py:3239} INFO - Sync 1 DAGs
[2026-07-17T20:11:07.980+0530] {logging_mixin.py:190} INFO - [2026-07-17T20:11:07.980+0530] {dag.py:4180} INFO - Setting next_dagrun for tutorial_taskflow_templates to 2026-07-16 00:00:00+00:00, run_after=2026-07-17 00:00:00+00:00
[2026-07-17T20:11:07.985+0530] {processor.py:208} INFO - Processing /Users/bhavishyachallagolla/Desktop/RetailSense/.venv/lib/python3.12/site-packages/airflow/example_dags/tutorial_taskflow_templates.py took 0.052 seconds
[2026-07-17T20:11:56.657+0530] {processor.py:186} INFO - Started process (PID=87450) to work on /Users/bhavishyachallagolla/Desktop/RetailSense/.venv/lib/python3.12/site-packages/airflow/example_dags/tutorial_taskflow_templates.py
[2026-07-17T20:11:56.658+0530] {processor.py:914} INFO - Processing file /Users/bhavishyachallagolla/Desktop/RetailSense/.venv/lib/python3.12/site-packages/airflow/example_dags/tutorial_taskflow_templates.py for tasks to queue
[2026-07-17T20:11:56.658+0530] {logging_mixin.py:190} INFO - [2026-07-17T20:11:56.658+0530] {dagbag.py:588} INFO - Filling up the DagBag from /Users/bhavishyachallagolla/Desktop/RetailSense/.venv/lib/python3.12/site-packages/airflow/example_dags/tutorial_taskflow_templates.py
[2026-07-17T20:11:56.671+0530] {processor.py:925} INFO - DAG(s) 'tutorial_taskflow_templates' retrieved from /Users/bhavishyachallagolla/Desktop/RetailSense/.venv/lib/python3.12/site-packages/airflow/example_dags/tutorial_taskflow_templates.py
[2026-07-17T20:11:56.695+0530] {logging_mixin.py:190} INFO - [2026-07-17T20:11:56.695+0530] {dag.py:3239} INFO - Sync 1 DAGs
[2026-07-17T20:11:56.700+0530] {logging_mixin.py:190} INFO - [2026-07-17T20:11:56.699+0530] {dag.py:4180} INFO - Setting next_dagrun for tutorial_taskflow_templates to 2026-07-16 00:00:00+00:00, run_after=2026-07-17 00:00:00+00:00
[2026-07-17T20:11:56.704+0530] {processor.py:208} INFO - Processing /Users/bhavishyachallagolla/Desktop/RetailSense/.venv/lib/python3.12/site-packages/airflow/example_dags/tutorial_taskflow_templates.py took 0.048 seconds
[2026-07-17T20:12:47.307+0530] {processor.py:186} INFO - Started process (PID=87526) to work on /Users/bhavishyachallagolla/Desktop/RetailSense/.venv/lib/python3.12/site-packages/airflow/example_dags/tutorial_taskflow_templates.py
[2026-07-17T20:12:47.308+0530] {processor.py:914} INFO - Processing file /Users/bhavishyachallagolla/Desktop/RetailSense/.venv/lib/python3.12/site-packages/airflow/example_dags/tutorial_taskflow_templates.py for tasks to queue
[2026-07-17T20:12:47.308+0530] {logging_mixin.py:190} INFO - [2026-07-17T20:12:47.308+0530] {dagbag.py:588} INFO - Filling up the DagBag from /Users/bhavishyachallagolla/Desktop/RetailSense/.venv/lib/python3.12/site-packages/airflow/example_dags/tutorial_taskflow_templates.py
[2026-07-17T20:12:47.321+0530] {processor.py:925} INFO - DAG(s) 'tutorial_taskflow_templates' retrieved from /Users/bhavishyachallagolla/Desktop/RetailSense/.venv/lib/python3.12/site-packages/airflow/example_dags/tutorial_taskflow_templates.py
[2026-07-17T20:12:47.346+0530] {logging_mixin.py:190} INFO - [2026-07-17T20:12:47.346+0530] {dag.py:3239} INFO - Sync 1 DAGs
[2026-07-17T20:12:47.350+0530] {logging_mixin.py:190} INFO - [2026-07-17T20:12:47.350+0530] {dag.py:4180} INFO - Setting next_dagrun for tutorial_taskflow_templates to 2026-07-16 00:00:00+00:00, run_after=2026-07-17 00:00:00+00:00
[2026-07-17T20:12:47.355+0530] {processor.py:208} INFO - Processing /Users/bhavishyachallagolla/Desktop/RetailSense/.venv/lib/python3.12/site-packages/airflow/example_dags/tutorial_taskflow_templates.py took 0.050 seconds
[2026-07-17T20:13:36.729+0530] {processor.py:186} INFO - Started process (PID=87602) to work on /Users/bhavishyachallagolla/Desktop/RetailSense/.venv/lib/python3.12/site-packages/airflow/example_dags/tutorial_taskflow_templates.py
[2026-07-17T20:13:36.730+0530] {processor.py:914} INFO - Processing file /Users/bhavishyachallagolla/Desktop/RetailSense/.venv/lib/python3.12/site-packages/airflow/example_dags/tutorial_taskflow_templates.py for tasks to queue
[2026-07-17T20:13:36.730+0530] {logging_mixin.py:190} INFO - [2026-07-17T20:13:36.730+0530] {dagbag.py:588} INFO - Filling up the DagBag from /Users/bhavishyachallagolla/Desktop/RetailSense/.venv/lib/python3.12/site-packages/airflow/example_dags/tutorial_taskflow_templates.py
[2026-07-17T20:13:36.743+0530] {processor.py:925} INFO - DAG(s) 'tutorial_taskflow_templates' retrieved from /Users/bhavishyachallagolla/Desktop/RetailSense/.venv/lib/python3.12/site-packages/airflow/example_dags/tutorial_taskflow_templates.py
[2026-07-17T20:13:36.767+0530] {logging_mixin.py:190} INFO - [2026-07-17T20:13:36.767+0530] {dag.py:3239} INFO - Sync 1 DAGs
[2026-07-17T20:13:36.771+0530] {logging_mixin.py:190} INFO - [2026-07-17T20:13:36.771+0530] {dag.py:4180} INFO - Setting next_dagrun for tutorial_taskflow_templates to 2026-07-16 00:00:00+00:00, run_after=2026-07-17 00:00:00+00:00
[2026-07-17T20:13:36.776+0530] {processor.py:208} INFO - Processing /Users/bhavishyachallagolla/Desktop/RetailSense/.venv/lib/python3.12/site-packages/airflow/example_dags/tutorial_taskflow_templates.py took 0.048 seconds
[2026-07-17T20:14:27.056+0530] {processor.py:186} INFO - Started process (PID=87678) to work on /Users/bhavishyachallagolla/Desktop/RetailSense/.venv/lib/python3.12/site-packages/airflow/example_dags/tutorial_taskflow_templates.py
[2026-07-17T20:14:27.057+0530] {processor.py:914} INFO - Processing file /Users/bhavishyachallagolla/Desktop/RetailSense/.venv/lib/python3.12/site-packages/airflow/example_dags/tutorial_taskflow_templates.py for tasks to queue
[2026-07-17T20:14:27.057+0530] {logging_mixin.py:190} INFO - [2026-07-17T20:14:27.057+0530] {dagbag.py:588} INFO - Filling up the DagBag from /Users/bhavishyachallagolla/Desktop/RetailSense/.venv/lib/python3.12/site-packages/airflow/example_dags/tutorial_taskflow_templates.py
[2026-07-17T20:14:27.069+0530] {processor.py:925} INFO - DAG(s) 'tutorial_taskflow_templates' retrieved from /Users/bhavishyachallagolla/Desktop/RetailSense/.venv/lib/python3.12/site-packages/airflow/example_dags/tutorial_taskflow_templates.py
[2026-07-17T20:14:27.094+0530] {logging_mixin.py:190} INFO - [2026-07-17T20:14:27.094+0530] {dag.py:3239} INFO - Sync 1 DAGs
[2026-07-17T20:14:27.099+0530] {logging_mixin.py:190} INFO - [2026-07-17T20:14:27.098+0530] {dag.py:4180} INFO - Setting next_dagrun for tutorial_taskflow_templates to 2026-07-16 00:00:00+00:00, run_after=2026-07-17 00:00:00+00:00
[2026-07-17T20:14:27.103+0530] {processor.py:208} INFO - Processing /Users/bhavishyachallagolla/Desktop/RetailSense/.venv/lib/python3.12/site-packages/airflow/example_dags/tutorial_taskflow_templates.py took 0.048 seconds
[2026-07-17T20:15:17.150+0530] {processor.py:186} INFO - Started process (PID=87770) to work on /Users/bhavishyachallagolla/Desktop/RetailSense/.venv/lib/python3.12/site-packages/airflow/example_dags/tutorial_taskflow_templates.py
[2026-07-17T20:15:17.151+0530] {processor.py:914} INFO - Processing file /Users/bhavishyachallagolla/Desktop/RetailSense/.venv/lib/python3.12/site-packages/airflow/example_dags/tutorial_taskflow_templates.py for tasks to queue
[2026-07-17T20:15:17.151+0530] {logging_mixin.py:190} INFO - [2026-07-17T20:15:17.151+0530] {dagbag.py:588} INFO - Filling up the DagBag from /Users/bhavishyachallagolla/Desktop/RetailSense/.venv/lib/python3.12/site-packages/airflow/example_dags/tutorial_taskflow_templates.py
[2026-07-17T20:15:17.164+0530] {processor.py:925} INFO - DAG(s) 'tutorial_taskflow_templates' retrieved from /Users/bhavishyachallagolla/Desktop/RetailSense/.venv/lib/python3.12/site-packages/airflow/example_dags/tutorial_taskflow_templates.py
[2026-07-17T20:15:17.188+0530] {logging_mixin.py:190} INFO - [2026-07-17T20:15:17.188+0530] {dag.py:3239} INFO - Sync 1 DAGs
[2026-07-17T20:15:17.193+0530] {logging_mixin.py:190} INFO - [2026-07-17T20:15:17.193+0530] {dag.py:4180} INFO - Setting next_dagrun for tutorial_taskflow_templates to 2026-07-16 00:00:00+00:00, run_after=2026-07-17 00:00:00+00:00
[2026-07-17T20:15:17.197+0530] {processor.py:208} INFO - Processing /Users/bhavishyachallagolla/Desktop/RetailSense/.venv/lib/python3.12/site-packages/airflow/example_dags/tutorial_taskflow_templates.py took 0.048 seconds
[2026-07-17T20:16:07.214+0530] {processor.py:186} INFO - Started process (PID=87847) to work on /Users/bhavishyachallagolla/Desktop/RetailSense/.venv/lib/python3.12/site-packages/airflow/example_dags/tutorial_taskflow_templates.py
[2026-07-17T20:16:07.216+0530] {processor.py:914} INFO - Processing file /Users/bhavishyachallagolla/Desktop/RetailSense/.venv/lib/python3.12/site-packages/airflow/example_dags/tutorial_taskflow_templates.py for tasks to queue
[2026-07-17T20:16:07.216+0530] {logging_mixin.py:190} INFO - [2026-07-17T20:16:07.216+0530] {dagbag.py:588} INFO - Filling up the DagBag from /Users/bhavishyachallagolla/Desktop/RetailSense/.venv/lib/python3.12/site-packages/airflow/example_dags/tutorial_taskflow_templates.py
[2026-07-17T20:16:07.230+0530] {processor.py:925} INFO - DAG(s) 'tutorial_taskflow_templates' retrieved from /Users/bhavishyachallagolla/Desktop/RetailSense/.venv/lib/python3.12/site-packages/airflow/example_dags/tutorial_taskflow_templates.py
[2026-07-17T20:16:07.255+0530] {logging_mixin.py:190} INFO - [2026-07-17T20:16:07.255+0530] {dag.py:3239} INFO - Sync 1 DAGs
[2026-07-17T20:16:07.260+0530] {logging_mixin.py:190} INFO - [2026-07-17T20:16:07.260+0530] {dag.py:4180} INFO - Setting next_dagrun for tutorial_taskflow_templates to 2026-07-16 00:00:00+00:00, run_after=2026-07-17 00:00:00+00:00
[2026-07-17T20:16:07.265+0530] {processor.py:208} INFO - Processing /Users/bhavishyachallagolla/Desktop/RetailSense/.venv/lib/python3.12/site-packages/airflow/example_dags/tutorial_taskflow_templates.py took 0.051 seconds
[2026-07-17T20:16:56.735+0530] {processor.py:186} INFO - Started process (PID=87919) to work on /Users/bhavishyachallagolla/Desktop/RetailSense/.venv/lib/python3.12/site-packages/airflow/example_dags/tutorial_taskflow_templates.py
[2026-07-17T20:16:56.735+0530] {processor.py:914} INFO - Processing file /Users/bhavishyachallagolla/Desktop/RetailSense/.venv/lib/python3.12/site-packages/airflow/example_dags/tutorial_taskflow_templates.py for tasks to queue
[2026-07-17T20:16:56.736+0530] {logging_mixin.py:190} INFO - [2026-07-17T20:16:56.736+0530] {dagbag.py:588} INFO - Filling up the DagBag from /Users/bhavishyachallagolla/Desktop/RetailSense/.venv/lib/python3.12/site-packages/airflow/example_dags/tutorial_taskflow_templates.py
[2026-07-17T20:16:56.748+0530] {processor.py:925} INFO - DAG(s) 'tutorial_taskflow_templates' retrieved from /Users/bhavishyachallagolla/Desktop/RetailSense/.venv/lib/python3.12/site-packages/airflow/example_dags/tutorial_taskflow_templates.py
[2026-07-17T20:16:56.772+0530] {logging_mixin.py:190} INFO - [2026-07-17T20:16:56.772+0530] {dag.py:3239} INFO - Sync 1 DAGs
[2026-07-17T20:16:56.777+0530] {logging_mixin.py:190} INFO - [2026-07-17T20:16:56.776+0530] {dag.py:4180} INFO - Setting next_dagrun for tutorial_taskflow_templates to 2026-07-16 00:00:00+00:00, run_after=2026-07-17 00:00:00+00:00
[2026-07-17T20:16:56.781+0530] {processor.py:208} INFO - Processing /Users/bhavishyachallagolla/Desktop/RetailSense/.venv/lib/python3.12/site-packages/airflow/example_dags/tutorial_taskflow_templates.py took 0.047 seconds
[2026-07-17T20:17:45.610+0530] {processor.py:186} INFO - Started process (PID=87993) to work on /Users/bhavishyachallagolla/Desktop/RetailSense/.venv/lib/python3.12/site-packages/airflow/example_dags/tutorial_taskflow_templates.py
[2026-07-17T20:17:45.611+0530] {processor.py:914} INFO - Processing file /Users/bhavishyachallagolla/Desktop/RetailSense/.venv/lib/python3.12/site-packages/airflow/example_dags/tutorial_taskflow_templates.py for tasks to queue
[2026-07-17T20:17:45.611+0530] {logging_mixin.py:190} INFO - [2026-07-17T20:17:45.611+0530] {dagbag.py:588} INFO - Filling up the DagBag from /Users/bhavishyachallagolla/Desktop/RetailSense/.venv/lib/python3.12/site-packages/airflow/example_dags/tutorial_taskflow_templates.py
[2026-07-17T20:17:45.624+0530] {processor.py:925} INFO - DAG(s) 'tutorial_taskflow_templates' retrieved from /Users/bhavishyachallagolla/Desktop/RetailSense/.venv/lib/python3.12/site-packages/airflow/example_dags/tutorial_taskflow_templates.py
[2026-07-17T20:17:45.650+0530] {logging_mixin.py:190} INFO - [2026-07-17T20:17:45.650+0530] {dag.py:3239} INFO - Sync 1 DAGs
[2026-07-17T20:17:45.655+0530] {logging_mixin.py:190} INFO - [2026-07-17T20:17:45.655+0530] {dag.py:4180} INFO - Setting next_dagrun for tutorial_taskflow_templates to 2026-07-16 00:00:00+00:00, run_after=2026-07-17 00:00:00+00:00
[2026-07-17T20:17:45.660+0530] {processor.py:208} INFO - Processing /Users/bhavishyachallagolla/Desktop/RetailSense/.venv/lib/python3.12/site-packages/airflow/example_dags/tutorial_taskflow_templates.py took 0.050 seconds
[2026-07-17T20:18:36.083+0530] {processor.py:186} INFO - Started process (PID=88072) to work on /Users/bhavishyachallagolla/Desktop/RetailSense/.venv/lib/python3.12/site-packages/airflow/example_dags/tutorial_taskflow_templates.py
[2026-07-17T20:18:36.083+0530] {processor.py:914} INFO - Processing file /Users/bhavishyachallagolla/Desktop/RetailSense/.venv/lib/python3.12/site-packages/airflow/example_dags/tutorial_taskflow_templates.py for tasks to queue
[2026-07-17T20:18:36.084+0530] {logging_mixin.py:190} INFO - [2026-07-17T20:18:36.084+0530] {dagbag.py:588} INFO - Filling up the DagBag from /Users/bhavishyachallagolla/Desktop/RetailSense/.venv/lib/python3.12/site-packages/airflow/example_dags/tutorial_taskflow_templates.py
[2026-07-17T20:18:36.097+0530] {processor.py:925} INFO - DAG(s) 'tutorial_taskflow_templates' retrieved from /Users/bhavishyachallagolla/Desktop/RetailSense/.venv/lib/python3.12/site-packages/airflow/example_dags/tutorial_taskflow_templates.py
[2026-07-17T20:18:36.121+0530] {logging_mixin.py:190} INFO - [2026-07-17T20:18:36.121+0530] {dag.py:3239} INFO - Sync 1 DAGs
[2026-07-17T20:18:36.126+0530] {logging_mixin.py:190} INFO - [2026-07-17T20:18:36.126+0530] {dag.py:4180} INFO - Setting next_dagrun for tutorial_taskflow_templates to 2026-07-16 00:00:00+00:00, run_after=2026-07-17 00:00:00+00:00
[2026-07-17T20:18:36.130+0530] {processor.py:208} INFO - Processing /Users/bhavishyachallagolla/Desktop/RetailSense/.venv/lib/python3.12/site-packages/airflow/example_dags/tutorial_taskflow_templates.py took 0.048 seconds
[2026-07-17T20:19:26.514+0530] {processor.py:186} INFO - Started process (PID=88146) to work on /Users/bhavishyachallagolla/Desktop/RetailSense/.venv/lib/python3.12/site-packages/airflow/example_dags/tutorial_taskflow_templates.py
[2026-07-17T20:19:26.514+0530] {processor.py:914} INFO - Processing file /Users/bhavishyachallagolla/Desktop/RetailSense/.venv/lib/python3.12/site-packages/airflow/example_dags/tutorial_taskflow_templates.py for tasks to queue
[2026-07-17T20:19:26.514+0530] {logging_mixin.py:190} INFO - [2026-07-17T20:19:26.514+0530] {dagbag.py:588} INFO - Filling up the DagBag from /Users/bhavishyachallagolla/Desktop/RetailSense/.venv/lib/python3.12/site-packages/airflow/example_dags/tutorial_taskflow_templates.py
[2026-07-17T20:19:26.527+0530] {processor.py:925} INFO - DAG(s) 'tutorial_taskflow_templates' retrieved from /Users/bhavishyachallagolla/Desktop/RetailSense/.venv/lib/python3.12/site-packages/airflow/example_dags/tutorial_taskflow_templates.py
[2026-07-17T20:19:26.552+0530] {logging_mixin.py:190} INFO - [2026-07-17T20:19:26.552+0530] {dag.py:3239} INFO - Sync 1 DAGs
[2026-07-17T20:19:26.556+0530] {logging_mixin.py:190} INFO - [2026-07-17T20:19:26.556+0530] {dag.py:4180} INFO - Setting next_dagrun for tutorial_taskflow_templates to 2026-07-16 00:00:00+00:00, run_after=2026-07-17 00:00:00+00:00
[2026-07-17T20:19:26.561+0530] {processor.py:208} INFO - Processing /Users/bhavishyachallagolla/Desktop/RetailSense/.venv/lib/python3.12/site-packages/airflow/example_dags/tutorial_taskflow_templates.py took 0.048 seconds
[2026-07-17T20:20:15.505+0530] {processor.py:186} INFO - Started process (PID=88238) to work on /Users/bhavishyachallagolla/Desktop/RetailSense/.venv/lib/python3.12/site-packages/airflow/example_dags/tutorial_taskflow_templates.py
[2026-07-17T20:20:15.506+0530] {processor.py:914} INFO - Processing file /Users/bhavishyachallagolla/Desktop/RetailSense/.venv/lib/python3.12/site-packages/airflow/example_dags/tutorial_taskflow_templates.py for tasks to queue
[2026-07-17T20:20:15.507+0530] {logging_mixin.py:190} INFO - [2026-07-17T20:20:15.506+0530] {dagbag.py:588} INFO - Filling up the DagBag from /Users/bhavishyachallagolla/Desktop/RetailSense/.venv/lib/python3.12/site-packages/airflow/example_dags/tutorial_taskflow_templates.py
[2026-07-17T20:20:15.519+0530] {processor.py:925} INFO - DAG(s) 'tutorial_taskflow_templates' retrieved from /Users/bhavishyachallagolla/Desktop/RetailSense/.venv/lib/python3.12/site-packages/airflow/example_dags/tutorial_taskflow_templates.py
[2026-07-17T20:20:15.543+0530] {logging_mixin.py:190} INFO - [2026-07-17T20:20:15.543+0530] {dag.py:3239} INFO - Sync 1 DAGs
[2026-07-17T20:20:15.548+0530] {logging_mixin.py:190} INFO - [2026-07-17T20:20:15.548+0530] {dag.py:4180} INFO - Setting next_dagrun for tutorial_taskflow_templates to 2026-07-16 00:00:00+00:00, run_after=2026-07-17 00:00:00+00:00
[2026-07-17T20:20:15.553+0530] {processor.py:208} INFO - Processing /Users/bhavishyachallagolla/Desktop/RetailSense/.venv/lib/python3.12/site-packages/airflow/example_dags/tutorial_taskflow_templates.py took 0.048 seconds
[2026-07-17T20:21:05.876+0530] {processor.py:186} INFO - Started process (PID=88315) to work on /Users/bhavishyachallagolla/Desktop/RetailSense/.venv/lib/python3.12/site-packages/airflow/example_dags/tutorial_taskflow_templates.py
[2026-07-17T20:21:05.877+0530] {processor.py:914} INFO - Processing file /Users/bhavishyachallagolla/Desktop/RetailSense/.venv/lib/python3.12/site-packages/airflow/example_dags/tutorial_taskflow_templates.py for tasks to queue
[2026-07-17T20:21:05.878+0530] {logging_mixin.py:190} INFO - [2026-07-17T20:21:05.878+0530] {dagbag.py:588} INFO - Filling up the DagBag from /Users/bhavishyachallagolla/Desktop/RetailSense/.venv/lib/python3.12/site-packages/airflow/example_dags/tutorial_taskflow_templates.py
[2026-07-17T20:21:05.891+0530] {processor.py:925} INFO - DAG(s) 'tutorial_taskflow_templates' retrieved from /Users/bhavishyachallagolla/Desktop/RetailSense/.venv/lib/python3.12/site-packages/airflow/example_dags/tutorial_taskflow_templates.py
[2026-07-17T20:21:05.915+0530] {logging_mixin.py:190} INFO - [2026-07-17T20:21:05.915+0530] {dag.py:3239} INFO - Sync 1 DAGs
[2026-07-17T20:21:05.919+0530] {logging_mixin.py:190} INFO - [2026-07-17T20:21:05.919+0530] {dag.py:4180} INFO - Setting next_dagrun for tutorial_taskflow_templates to 2026-07-16 00:00:00+00:00, run_after=2026-07-17 00:00:00+00:00
[2026-07-17T20:21:05.924+0530] {processor.py:208} INFO - Processing /Users/bhavishyachallagolla/Desktop/RetailSense/.venv/lib/python3.12/site-packages/airflow/example_dags/tutorial_taskflow_templates.py took 0.049 seconds
[2026-07-17T20:21:56.245+0530] {processor.py:186} INFO - Started process (PID=88390) to work on /Users/bhavishyachallagolla/Desktop/RetailSense/.venv/lib/python3.12/site-packages/airflow/example_dags/tutorial_taskflow_templates.py
[2026-07-17T20:21:56.246+0530] {processor.py:914} INFO - Processing file /Users/bhavishyachallagolla/Desktop/RetailSense/.venv/lib/python3.12/site-packages/airflow/example_dags/tutorial_taskflow_templates.py for tasks to queue
[2026-07-17T20:21:56.247+0530] {logging_mixin.py:190} INFO - [2026-07-17T20:21:56.247+0530] {dagbag.py:588} INFO - Filling up the DagBag from /Users/bhavishyachallagolla/Desktop/RetailSense/.venv/lib/python3.12/site-packages/airflow/example_dags/tutorial_taskflow_templates.py
[2026-07-17T20:21:56.259+0530] {processor.py:925} INFO - DAG(s) 'tutorial_taskflow_templates' retrieved from /Users/bhavishyachallagolla/Desktop/RetailSense/.venv/lib/python3.12/site-packages/airflow/example_dags/tutorial_taskflow_templates.py
[2026-07-17T20:21:56.283+0530] {logging_mixin.py:190} INFO - [2026-07-17T20:21:56.283+0530] {dag.py:3239} INFO - Sync 1 DAGs
[2026-07-17T20:21:56.288+0530] {logging_mixin.py:190} INFO - [2026-07-17T20:21:56.288+0530] {dag.py:4180} INFO - Setting next_dagrun for tutorial_taskflow_templates to 2026-07-16 00:00:00+00:00, run_after=2026-07-17 00:00:00+00:00
[2026-07-17T20:21:56.292+0530] {processor.py:208} INFO - Processing /Users/bhavishyachallagolla/Desktop/RetailSense/.venv/lib/python3.12/site-packages/airflow/example_dags/tutorial_taskflow_templates.py took 0.048 seconds
[2026-07-17T20:22:46.441+0530] {processor.py:186} INFO - Started process (PID=88466) to work on /Users/bhavishyachallagolla/Desktop/RetailSense/.venv/lib/python3.12/site-packages/airflow/example_dags/tutorial_taskflow_templates.py
[2026-07-17T20:22:46.441+0530] {processor.py:914} INFO - Processing file /Users/bhavishyachallagolla/Desktop/RetailSense/.venv/lib/python3.12/site-packages/airflow/example_dags/tutorial_taskflow_templates.py for tasks to queue
[2026-07-17T20:22:46.442+0530] {logging_mixin.py:190} INFO - [2026-07-17T20:22:46.442+0530] {dagbag.py:588} INFO - Filling up the DagBag from /Users/bhavishyachallagolla/Desktop/RetailSense/.venv/lib/python3.12/site-packages/airflow/example_dags/tutorial_taskflow_templates.py
[2026-07-17T20:22:46.455+0530] {processor.py:925} INFO - DAG(s) 'tutorial_taskflow_templates' retrieved from /Users/bhavishyachallagolla/Desktop/RetailSense/.venv/lib/python3.12/site-packages/airflow/example_dags/tutorial_taskflow_templates.py
[2026-07-17T20:22:46.479+0530] {logging_mixin.py:190} INFO - [2026-07-17T20:22:46.479+0530] {dag.py:3239} INFO - Sync 1 DAGs
[2026-07-17T20:22:46.484+0530] {logging_mixin.py:190} INFO - [2026-07-17T20:22:46.484+0530] {dag.py:4180} INFO - Setting next_dagrun for tutorial_taskflow_templates to 2026-07-16 00:00:00+00:00, run_after=2026-07-17 00:00:00+00:00
[2026-07-17T20:22:46.489+0530] {processor.py:208} INFO - Processing /Users/bhavishyachallagolla/Desktop/RetailSense/.venv/lib/python3.12/site-packages/airflow/example_dags/tutorial_taskflow_templates.py took 0.049 seconds
[2026-07-17T20:23:36.762+0530] {processor.py:186} INFO - Started process (PID=88546) to work on /Users/bhavishyachallagolla/Desktop/RetailSense/.venv/lib/python3.12/site-packages/airflow/example_dags/tutorial_taskflow_templates.py
[2026-07-17T20:23:36.763+0530] {processor.py:914} INFO - Processing file /Users/bhavishyachallagolla/Desktop/RetailSense/.venv/lib/python3.12/site-packages/airflow/example_dags/tutorial_taskflow_templates.py for tasks to queue
[2026-07-17T20:23:36.764+0530] {logging_mixin.py:190} INFO - [2026-07-17T20:23:36.764+0530] {dagbag.py:588} INFO - Filling up the DagBag from /Users/bhavishyachallagolla/Desktop/RetailSense/.venv/lib/python3.12/site-packages/airflow/example_dags/tutorial_taskflow_templates.py
[2026-07-17T20:23:36.776+0530] {processor.py:925} INFO - DAG(s) 'tutorial_taskflow_templates' retrieved from /Users/bhavishyachallagolla/Desktop/RetailSense/.venv/lib/python3.12/site-packages/airflow/example_dags/tutorial_taskflow_templates.py
[2026-07-17T20:23:36.800+0530] {logging_mixin.py:190} INFO - [2026-07-17T20:23:36.800+0530] {dag.py:3239} INFO - Sync 1 DAGs
[2026-07-17T20:23:36.805+0530] {logging_mixin.py:190} INFO - [2026-07-17T20:23:36.805+0530] {dag.py:4180} INFO - Setting next_dagrun for tutorial_taskflow_templates to 2026-07-16 00:00:00+00:00, run_after=2026-07-17 00:00:00+00:00
[2026-07-17T20:23:36.810+0530] {processor.py:208} INFO - Processing /Users/bhavishyachallagolla/Desktop/RetailSense/.venv/lib/python3.12/site-packages/airflow/example_dags/tutorial_taskflow_templates.py took 0.048 seconds
[2026-07-17T20:24:27.484+0530] {processor.py:186} INFO - Started process (PID=88624) to work on /Users/bhavishyachallagolla/Desktop/RetailSense/.venv/lib/python3.12/site-packages/airflow/example_dags/tutorial_taskflow_templates.py
[2026-07-17T20:24:27.485+0530] {processor.py:914} INFO - Processing file /Users/bhavishyachallagolla/Desktop/RetailSense/.venv/lib/python3.12/site-packages/airflow/example_dags/tutorial_taskflow_templates.py for tasks to queue
[2026-07-17T20:24:27.486+0530] {logging_mixin.py:190} INFO - [2026-07-17T20:24:27.485+0530] {dagbag.py:588} INFO - Filling up the DagBag from /Users/bhavishyachallagolla/Desktop/RetailSense/.venv/lib/python3.12/site-packages/airflow/example_dags/tutorial_taskflow_templates.py
[2026-07-17T20:24:27.498+0530] {processor.py:925} INFO - DAG(s) 'tutorial_taskflow_templates' retrieved from /Users/bhavishyachallagolla/Desktop/RetailSense/.venv/lib/python3.12/site-packages/airflow/example_dags/tutorial_taskflow_templates.py
[2026-07-17T20:24:27.523+0530] {logging_mixin.py:190} INFO - [2026-07-17T20:24:27.523+0530] {dag.py:3239} INFO - Sync 1 DAGs
[2026-07-17T20:24:27.527+0530] {logging_mixin.py:190} INFO - [2026-07-17T20:24:27.527+0530] {dag.py:4180} INFO - Setting next_dagrun for tutorial_taskflow_templates to 2026-07-16 00:00:00+00:00, run_after=2026-07-17 00:00:00+00:00
[2026-07-17T20:24:27.532+0530] {processor.py:208} INFO - Processing /Users/bhavishyachallagolla/Desktop/RetailSense/.venv/lib/python3.12/site-packages/airflow/example_dags/tutorial_taskflow_templates.py took 0.049 seconds
[2026-07-17T20:25:17.784+0530] {processor.py:186} INFO - Started process (PID=88698) to work on /Users/bhavishyachallagolla/Desktop/RetailSense/.venv/lib/python3.12/site-packages/airflow/example_dags/tutorial_taskflow_templates.py
[2026-07-17T20:25:17.784+0530] {processor.py:914} INFO - Processing file /Users/bhavishyachallagolla/Desktop/RetailSense/.venv/lib/python3.12/site-packages/airflow/example_dags/tutorial_taskflow_templates.py for tasks to queue
[2026-07-17T20:25:17.784+0530] {logging_mixin.py:190} INFO - [2026-07-17T20:25:17.784+0530] {dagbag.py:588} INFO - Filling up the DagBag from /Users/bhavishyachallagolla/Desktop/RetailSense/.venv/lib/python3.12/site-packages/airflow/example_dags/tutorial_taskflow_templates.py
[2026-07-17T20:25:17.797+0530] {processor.py:925} INFO - DAG(s) 'tutorial_taskflow_templates' retrieved from /Users/bhavishyachallagolla/Desktop/RetailSense/.venv/lib/python3.12/site-packages/airflow/example_dags/tutorial_taskflow_templates.py
[2026-07-17T20:25:17.820+0530] {logging_mixin.py:190} INFO - [2026-07-17T20:25:17.820+0530] {dag.py:3239} INFO - Sync 1 DAGs
[2026-07-17T20:25:17.825+0530] {logging_mixin.py:190} INFO - [2026-07-17T20:25:17.825+0530] {dag.py:4180} INFO - Setting next_dagrun for tutorial_taskflow_templates to 2026-07-16 00:00:00+00:00, run_after=2026-07-17 00:00:00+00:00
[2026-07-17T20:25:17.829+0530] {processor.py:208} INFO - Processing /Users/bhavishyachallagolla/Desktop/RetailSense/.venv/lib/python3.12/site-packages/airflow/example_dags/tutorial_taskflow_templates.py took 0.047 seconds
[2026-07-17T20:26:08.835+0530] {processor.py:186} INFO - Started process (PID=88787) to work on /Users/bhavishyachallagolla/Desktop/RetailSense/.venv/lib/python3.12/site-packages/airflow/example_dags/tutorial_taskflow_templates.py
[2026-07-17T20:26:08.836+0530] {processor.py:914} INFO - Processing file /Users/bhavishyachallagolla/Desktop/RetailSense/.venv/lib/python3.12/site-packages/airflow/example_dags/tutorial_taskflow_templates.py for tasks to queue
[2026-07-17T20:26:08.837+0530] {logging_mixin.py:190} INFO - [2026-07-17T20:26:08.837+0530] {dagbag.py:588} INFO - Filling up the DagBag from /Users/bhavishyachallagolla/Desktop/RetailSense/.venv/lib/python3.12/site-packages/airflow/example_dags/tutorial_taskflow_templates.py
[2026-07-17T20:26:08.850+0530] {processor.py:925} INFO - DAG(s) 'tutorial_taskflow_templates' retrieved from /Users/bhavishyachallagolla/Desktop/RetailSense/.venv/lib/python3.12/site-packages/airflow/example_dags/tutorial_taskflow_templates.py
[2026-07-17T20:26:08.875+0530] {logging_mixin.py:190} INFO - [2026-07-17T20:26:08.874+0530] {dag.py:3239} INFO - Sync 1 DAGs
[2026-07-17T20:26:08.879+0530] {logging_mixin.py:190} INFO - [2026-07-17T20:26:08.879+0530] {dag.py:4180} INFO - Setting next_dagrun for tutorial_taskflow_templates to 2026-07-16 00:00:00+00:00, run_after=2026-07-17 00:00:00+00:00
[2026-07-17T20:26:08.884+0530] {processor.py:208} INFO - Processing /Users/bhavishyachallagolla/Desktop/RetailSense/.venv/lib/python3.12/site-packages/airflow/example_dags/tutorial_taskflow_templates.py took 0.050 seconds
[2026-07-17T20:26:59.387+0530] {processor.py:186} INFO - Started process (PID=88866) to work on /Users/bhavishyachallagolla/Desktop/RetailSense/.venv/lib/python3.12/site-packages/airflow/example_dags/tutorial_taskflow_templates.py
[2026-07-17T20:26:59.387+0530] {processor.py:914} INFO - Processing file /Users/bhavishyachallagolla/Desktop/RetailSense/.venv/lib/python3.12/site-packages/airflow/example_dags/tutorial_taskflow_templates.py for tasks to queue
[2026-07-17T20:26:59.387+0530] {logging_mixin.py:190} INFO - [2026-07-17T20:26:59.387+0530] {dagbag.py:588} INFO - Filling up the DagBag from /Users/bhavishyachallagolla/Desktop/RetailSense/.venv/lib/python3.12/site-packages/airflow/example_dags/tutorial_taskflow_templates.py
[2026-07-17T20:26:59.400+0530] {processor.py:925} INFO - DAG(s) 'tutorial_taskflow_templates' retrieved from /Users/bhavishyachallagolla/Desktop/RetailSense/.venv/lib/python3.12/site-packages/airflow/example_dags/tutorial_taskflow_templates.py
[2026-07-17T20:26:59.424+0530] {logging_mixin.py:190} INFO - [2026-07-17T20:26:59.424+0530] {dag.py:3239} INFO - Sync 1 DAGs
[2026-07-17T20:26:59.428+0530] {logging_mixin.py:190} INFO - [2026-07-17T20:26:59.428+0530] {dag.py:4180} INFO - Setting next_dagrun for tutorial_taskflow_templates to 2026-07-16 00:00:00+00:00, run_after=2026-07-17 00:00:00+00:00
[2026-07-17T20:26:59.433+0530] {processor.py:208} INFO - Processing /Users/bhavishyachallagolla/Desktop/RetailSense/.venv/lib/python3.12/site-packages/airflow/example_dags/tutorial_taskflow_templates.py took 0.047 seconds
[2026-07-17T20:27:48.777+0530] {processor.py:186} INFO - Started process (PID=88941) to work on /Users/bhavishyachallagolla/Desktop/RetailSense/.venv/lib/python3.12/site-packages/airflow/example_dags/tutorial_taskflow_templates.py
[2026-07-17T20:27:48.778+0530] {processor.py:914} INFO - Processing file /Users/bhavishyachallagolla/Desktop/RetailSense/.venv/lib/python3.12/site-packages/airflow/example_dags/tutorial_taskflow_templates.py for tasks to queue
[2026-07-17T20:27:48.778+0530] {logging_mixin.py:190} INFO - [2026-07-17T20:27:48.778+0530] {dagbag.py:588} INFO - Filling up the DagBag from /Users/bhavishyachallagolla/Desktop/RetailSense/.venv/lib/python3.12/site-packages/airflow/example_dags/tutorial_taskflow_templates.py
[2026-07-17T20:27:48.791+0530] {processor.py:925} INFO - DAG(s) 'tutorial_taskflow_templates' retrieved from /Users/bhavishyachallagolla/Desktop/RetailSense/.venv/lib/python3.12/site-packages/airflow/example_dags/tutorial_taskflow_templates.py
[2026-07-17T20:27:48.815+0530] {logging_mixin.py:190} INFO - [2026-07-17T20:27:48.815+0530] {dag.py:3239} INFO - Sync 1 DAGs
[2026-07-17T20:27:48.820+0530] {logging_mixin.py:190} INFO - [2026-07-17T20:27:48.820+0530] {dag.py:4180} INFO - Setting next_dagrun for tutorial_taskflow_templates to 2026-07-16 00:00:00+00:00, run_after=2026-07-17 00:00:00+00:00
[2026-07-17T20:27:48.825+0530] {processor.py:208} INFO - Processing /Users/bhavishyachallagolla/Desktop/RetailSense/.venv/lib/python3.12/site-packages/airflow/example_dags/tutorial_taskflow_templates.py took 0.048 seconds
[2026-07-17T20:28:37.923+0530] {processor.py:186} INFO - Started process (PID=89017) to work on /Users/bhavishyachallagolla/Desktop/RetailSense/.venv/lib/python3.12/site-packages/airflow/example_dags/tutorial_taskflow_templates.py
[2026-07-17T20:28:37.924+0530] {processor.py:914} INFO - Processing file /Users/bhavishyachallagolla/Desktop/RetailSense/.venv/lib/python3.12/site-packages/airflow/example_dags/tutorial_taskflow_templates.py for tasks to queue
[2026-07-17T20:28:37.924+0530] {logging_mixin.py:190} INFO - [2026-07-17T20:28:37.924+0530] {dagbag.py:588} INFO - Filling up the DagBag from /Users/bhavishyachallagolla/Desktop/RetailSense/.venv/lib/python3.12/site-packages/airflow/example_dags/tutorial_taskflow_templates.py
[2026-07-17T20:28:37.937+0530] {processor.py:925} INFO - DAG(s) 'tutorial_taskflow_templates' retrieved from /Users/bhavishyachallagolla/Desktop/RetailSense/.venv/lib/python3.12/site-packages/airflow/example_dags/tutorial_taskflow_templates.py
[2026-07-17T20:28:37.960+0530] {logging_mixin.py:190} INFO - [2026-07-17T20:28:37.960+0530] {dag.py:3239} INFO - Sync 1 DAGs
[2026-07-17T20:28:37.965+0530] {logging_mixin.py:190} INFO - [2026-07-17T20:28:37.965+0530] {dag.py:4180} INFO - Setting next_dagrun for tutorial_taskflow_templates to 2026-07-16 00:00:00+00:00, run_after=2026-07-17 00:00:00+00:00
[2026-07-17T20:28:37.970+0530] {processor.py:208} INFO - Processing /Users/bhavishyachallagolla/Desktop/RetailSense/.venv/lib/python3.12/site-packages/airflow/example_dags/tutorial_taskflow_templates.py took 0.047 seconds
[2026-07-17T20:29:25.631+0530] {processor.py:186} INFO - Started process (PID=89089) to work on /Users/bhavishyachallagolla/Desktop/RetailSense/.venv/lib/python3.12/site-packages/airflow/example_dags/tutorial_taskflow_templates.py
[2026-07-17T20:29:25.631+0530] {processor.py:914} INFO - Processing file /Users/bhavishyachallagolla/Desktop/RetailSense/.venv/lib/python3.12/site-packages/airflow/example_dags/tutorial_taskflow_templates.py for tasks to queue
[2026-07-17T20:29:25.631+0530] {logging_mixin.py:190} INFO - [2026-07-17T20:29:25.631+0530] {dagbag.py:588} INFO - Filling up the DagBag from /Users/bhavishyachallagolla/Desktop/RetailSense/.venv/lib/python3.12/site-packages/airflow/example_dags/tutorial_taskflow_templates.py
[2026-07-17T20:29:25.644+0530] {processor.py:925} INFO - DAG(s) 'tutorial_taskflow_templates' retrieved from /Users/bhavishyachallagolla/Desktop/RetailSense/.venv/lib/python3.12/site-packages/airflow/example_dags/tutorial_taskflow_templates.py
[2026-07-17T20:29:25.669+0530] {logging_mixin.py:190} INFO - [2026-07-17T20:29:25.669+0530] {dag.py:3239} INFO - Sync 1 DAGs
[2026-07-17T20:29:25.673+0530] {logging_mixin.py:190} INFO - [2026-07-17T20:29:25.673+0530] {dag.py:4180} INFO - Setting next_dagrun for tutorial_taskflow_templates to 2026-07-16 00:00:00+00:00, run_after=2026-07-17 00:00:00+00:00
[2026-07-17T20:29:25.678+0530] {processor.py:208} INFO - Processing /Users/bhavishyachallagolla/Desktop/RetailSense/.venv/lib/python3.12/site-packages/airflow/example_dags/tutorial_taskflow_templates.py took 0.048 seconds
[2026-07-17T20:30:15.415+0530] {processor.py:186} INFO - Started process (PID=89172) to work on /Users/bhavishyachallagolla/Desktop/RetailSense/.venv/lib/python3.12/site-packages/airflow/example_dags/tutorial_taskflow_templates.py
[2026-07-17T20:30:15.416+0530] {processor.py:914} INFO - Processing file /Users/bhavishyachallagolla/Desktop/RetailSense/.venv/lib/python3.12/site-packages/airflow/example_dags/tutorial_taskflow_templates.py for tasks to queue
[2026-07-17T20:30:15.416+0530] {logging_mixin.py:190} INFO - [2026-07-17T20:30:15.416+0530] {dagbag.py:588} INFO - Filling up the DagBag from /Users/bhavishyachallagolla/Desktop/RetailSense/.venv/lib/python3.12/site-packages/airflow/example_dags/tutorial_taskflow_templates.py
[2026-07-17T20:30:15.429+0530] {processor.py:925} INFO - DAG(s) 'tutorial_taskflow_templates' retrieved from /Users/bhavishyachallagolla/Desktop/RetailSense/.venv/lib/python3.12/site-packages/airflow/example_dags/tutorial_taskflow_templates.py
[2026-07-17T20:30:15.453+0530] {logging_mixin.py:190} INFO - [2026-07-17T20:30:15.453+0530] {dag.py:3239} INFO - Sync 1 DAGs
[2026-07-17T20:30:15.458+0530] {logging_mixin.py:190} INFO - [2026-07-17T20:30:15.458+0530] {dag.py:4180} INFO - Setting next_dagrun for tutorial_taskflow_templates to 2026-07-16 00:00:00+00:00, run_after=2026-07-17 00:00:00+00:00
[2026-07-17T20:30:15.463+0530] {processor.py:208} INFO - Processing /Users/bhavishyachallagolla/Desktop/RetailSense/.venv/lib/python3.12/site-packages/airflow/example_dags/tutorial_taskflow_templates.py took 0.048 seconds
[2026-07-17T20:31:05.469+0530] {processor.py:186} INFO - Started process (PID=89246) to work on /Users/bhavishyachallagolla/Desktop/RetailSense/.venv/lib/python3.12/site-packages/airflow/example_dags/tutorial_taskflow_templates.py
[2026-07-17T20:31:05.470+0530] {processor.py:914} INFO - Processing file /Users/bhavishyachallagolla/Desktop/RetailSense/.venv/lib/python3.12/site-packages/airflow/example_dags/tutorial_taskflow_templates.py for tasks to queue
[2026-07-17T20:31:05.470+0530] {logging_mixin.py:190} INFO - [2026-07-17T20:31:05.470+0530] {dagbag.py:588} INFO - Filling up the DagBag from /Users/bhavishyachallagolla/Desktop/RetailSense/.venv/lib/python3.12/site-packages/airflow/example_dags/tutorial_taskflow_templates.py
[2026-07-17T20:31:05.483+0530] {processor.py:925} INFO - DAG(s) 'tutorial_taskflow_templates' retrieved from /Users/bhavishyachallagolla/Desktop/RetailSense/.venv/lib/python3.12/site-packages/airflow/example_dags/tutorial_taskflow_templates.py
[2026-07-17T20:31:05.508+0530] {logging_mixin.py:190} INFO - [2026-07-17T20:31:05.508+0530] {dag.py:3239} INFO - Sync 1 DAGs
[2026-07-17T20:31:05.513+0530] {logging_mixin.py:190} INFO - [2026-07-17T20:31:05.513+0530] {dag.py:4180} INFO - Setting next_dagrun for tutorial_taskflow_templates to 2026-07-16 00:00:00+00:00, run_after=2026-07-17 00:00:00+00:00
[2026-07-17T20:31:05.518+0530] {processor.py:208} INFO - Processing /Users/bhavishyachallagolla/Desktop/RetailSense/.venv/lib/python3.12/site-packages/airflow/example_dags/tutorial_taskflow_templates.py took 0.050 seconds
[2026-07-17T20:31:55.965+0530] {processor.py:186} INFO - Started process (PID=89321) to work on /Users/bhavishyachallagolla/Desktop/RetailSense/.venv/lib/python3.12/site-packages/airflow/example_dags/tutorial_taskflow_templates.py
[2026-07-17T20:31:55.966+0530] {processor.py:914} INFO - Processing file /Users/bhavishyachallagolla/Desktop/RetailSense/.venv/lib/python3.12/site-packages/airflow/example_dags/tutorial_taskflow_templates.py for tasks to queue
[2026-07-17T20:31:55.966+0530] {logging_mixin.py:190} INFO - [2026-07-17T20:31:55.966+0530] {dagbag.py:588} INFO - Filling up the DagBag from /Users/bhavishyachallagolla/Desktop/RetailSense/.venv/lib/python3.12/site-packages/airflow/example_dags/tutorial_taskflow_templates.py
[2026-07-17T20:31:55.978+0530] {processor.py:925} INFO - DAG(s) 'tutorial_taskflow_templates' retrieved from /Users/bhavishyachallagolla/Desktop/RetailSense/.venv/lib/python3.12/site-packages/airflow/example_dags/tutorial_taskflow_templates.py
[2026-07-17T20:31:56.002+0530] {logging_mixin.py:190} INFO - [2026-07-17T20:31:56.002+0530] {dag.py:3239} INFO - Sync 1 DAGs
[2026-07-17T20:31:56.007+0530] {logging_mixin.py:190} INFO - [2026-07-17T20:31:56.007+0530] {dag.py:4180} INFO - Setting next_dagrun for tutorial_taskflow_templates to 2026-07-16 00:00:00+00:00, run_after=2026-07-17 00:00:00+00:00
[2026-07-17T20:31:56.012+0530] {processor.py:208} INFO - Processing /Users/bhavishyachallagolla/Desktop/RetailSense/.venv/lib/python3.12/site-packages/airflow/example_dags/tutorial_taskflow_templates.py took 0.047 seconds
[2026-07-17T20:32:46.249+0530] {processor.py:186} INFO - Started process (PID=89396) to work on /Users/bhavishyachallagolla/Desktop/RetailSense/.venv/lib/python3.12/site-packages/airflow/example_dags/tutorial_taskflow_templates.py
[2026-07-17T20:32:46.249+0530] {processor.py:914} INFO - Processing file /Users/bhavishyachallagolla/Desktop/RetailSense/.venv/lib/python3.12/site-packages/airflow/example_dags/tutorial_taskflow_templates.py for tasks to queue
[2026-07-17T20:32:46.250+0530] {logging_mixin.py:190} INFO - [2026-07-17T20:32:46.250+0530] {dagbag.py:588} INFO - Filling up the DagBag from /Users/bhavishyachallagolla/Desktop/RetailSense/.venv/lib/python3.12/site-packages/airflow/example_dags/tutorial_taskflow_templates.py
[2026-07-17T20:32:46.263+0530] {processor.py:925} INFO - DAG(s) 'tutorial_taskflow_templates' retrieved from /Users/bhavishyachallagolla/Desktop/RetailSense/.venv/lib/python3.12/site-packages/airflow/example_dags/tutorial_taskflow_templates.py
[2026-07-17T20:32:46.287+0530] {logging_mixin.py:190} INFO - [2026-07-17T20:32:46.287+0530] {dag.py:3239} INFO - Sync 1 DAGs
[2026-07-17T20:32:46.292+0530] {logging_mixin.py:190} INFO - [2026-07-17T20:32:46.292+0530] {dag.py:4180} INFO - Setting next_dagrun for tutorial_taskflow_templates to 2026-07-16 00:00:00+00:00, run_after=2026-07-17 00:00:00+00:00
[2026-07-17T20:32:46.297+0530] {processor.py:208} INFO - Processing /Users/bhavishyachallagolla/Desktop/RetailSense/.venv/lib/python3.12/site-packages/airflow/example_dags/tutorial_taskflow_templates.py took 0.049 seconds
[2026-07-17T20:33:37.508+0530] {processor.py:186} INFO - Started process (PID=89472) to work on /Users/bhavishyachallagolla/Desktop/RetailSense/.venv/lib/python3.12/site-packages/airflow/example_dags/tutorial_taskflow_templates.py
[2026-07-17T20:33:37.509+0530] {processor.py:914} INFO - Processing file /Users/bhavishyachallagolla/Desktop/RetailSense/.venv/lib/python3.12/site-packages/airflow/example_dags/tutorial_taskflow_templates.py for tasks to queue
[2026-07-17T20:33:37.509+0530] {logging_mixin.py:190} INFO - [2026-07-17T20:33:37.509+0530] {dagbag.py:588} INFO - Filling up the DagBag from /Users/bhavishyachallagolla/Desktop/RetailSense/.venv/lib/python3.12/site-packages/airflow/example_dags/tutorial_taskflow_templates.py
[2026-07-17T20:33:37.522+0530] {processor.py:925} INFO - DAG(s) 'tutorial_taskflow_templates' retrieved from /Users/bhavishyachallagolla/Desktop/RetailSense/.venv/lib/python3.12/site-packages/airflow/example_dags/tutorial_taskflow_templates.py
[2026-07-17T20:33:37.545+0530] {logging_mixin.py:190} INFO - [2026-07-17T20:33:37.545+0530] {dag.py:3239} INFO - Sync 1 DAGs
[2026-07-17T20:33:37.550+0530] {logging_mixin.py:190} INFO - [2026-07-17T20:33:37.550+0530] {dag.py:4180} INFO - Setting next_dagrun for tutorial_taskflow_templates to 2026-07-16 00:00:00+00:00, run_after=2026-07-17 00:00:00+00:00
[2026-07-17T20:33:37.555+0530] {processor.py:208} INFO - Processing /Users/bhavishyachallagolla/Desktop/RetailSense/.venv/lib/python3.12/site-packages/airflow/example_dags/tutorial_taskflow_templates.py took 0.047 seconds
[2026-07-17T20:34:28.044+0530] {processor.py:186} INFO - Started process (PID=89547) to work on /Users/bhavishyachallagolla/Desktop/RetailSense/.venv/lib/python3.12/site-packages/airflow/example_dags/tutorial_taskflow_templates.py
[2026-07-17T20:34:28.044+0530] {processor.py:914} INFO - Processing file /Users/bhavishyachallagolla/Desktop/RetailSense/.venv/lib/python3.12/site-packages/airflow/example_dags/tutorial_taskflow_templates.py for tasks to queue
[2026-07-17T20:34:28.044+0530] {logging_mixin.py:190} INFO - [2026-07-17T20:34:28.044+0530] {dagbag.py:588} INFO - Filling up the DagBag from /Users/bhavishyachallagolla/Desktop/RetailSense/.venv/lib/python3.12/site-packages/airflow/example_dags/tutorial_taskflow_templates.py
[2026-07-17T20:34:28.057+0530] {processor.py:925} INFO - DAG(s) 'tutorial_taskflow_templates' retrieved from /Users/bhavishyachallagolla/Desktop/RetailSense/.venv/lib/python3.12/site-packages/airflow/example_dags/tutorial_taskflow_templates.py
[2026-07-17T20:34:28.082+0530] {logging_mixin.py:190} INFO - [2026-07-17T20:34:28.081+0530] {dag.py:3239} INFO - Sync 1 DAGs
[2026-07-17T20:34:28.086+0530] {logging_mixin.py:190} INFO - [2026-07-17T20:34:28.086+0530] {dag.py:4180} INFO - Setting next_dagrun for tutorial_taskflow_templates to 2026-07-16 00:00:00+00:00, run_after=2026-07-17 00:00:00+00:00
[2026-07-17T20:34:28.091+0530] {processor.py:208} INFO - Processing /Users/bhavishyachallagolla/Desktop/RetailSense/.venv/lib/python3.12/site-packages/airflow/example_dags/tutorial_taskflow_templates.py took 0.048 seconds
[2026-07-17T20:35:18.029+0530] {processor.py:186} INFO - Started process (PID=89621) to work on /Users/bhavishyachallagolla/Desktop/RetailSense/.venv/lib/python3.12/site-packages/airflow/example_dags/tutorial_taskflow_templates.py
[2026-07-17T20:35:18.029+0530] {processor.py:914} INFO - Processing file /Users/bhavishyachallagolla/Desktop/RetailSense/.venv/lib/python3.12/site-packages/airflow/example_dags/tutorial_taskflow_templates.py for tasks to queue
[2026-07-17T20:35:18.029+0530] {logging_mixin.py:190} INFO - [2026-07-17T20:35:18.029+0530] {dagbag.py:588} INFO - Filling up the DagBag from /Users/bhavishyachallagolla/Desktop/RetailSense/.venv/lib/python3.12/site-packages/airflow/example_dags/tutorial_taskflow_templates.py
[2026-07-17T20:35:18.042+0530] {processor.py:925} INFO - DAG(s) 'tutorial_taskflow_templates' retrieved from /Users/bhavishyachallagolla/Desktop/RetailSense/.venv/lib/python3.12/site-packages/airflow/example_dags/tutorial_taskflow_templates.py
[2026-07-17T20:35:18.066+0530] {logging_mixin.py:190} INFO - [2026-07-17T20:35:18.066+0530] {dag.py:3239} INFO - Sync 1 DAGs
[2026-07-17T20:35:18.071+0530] {logging_mixin.py:190} INFO - [2026-07-17T20:35:18.071+0530] {dag.py:4180} INFO - Setting next_dagrun for tutorial_taskflow_templates to 2026-07-16 00:00:00+00:00, run_after=2026-07-17 00:00:00+00:00
[2026-07-17T20:35:18.077+0530] {processor.py:208} INFO - Processing /Users/bhavishyachallagolla/Desktop/RetailSense/.venv/lib/python3.12/site-packages/airflow/example_dags/tutorial_taskflow_templates.py took 0.050 seconds
[2026-07-17T20:36:07.925+0530] {processor.py:186} INFO - Started process (PID=89696) to work on /Users/bhavishyachallagolla/Desktop/RetailSense/.venv/lib/python3.12/site-packages/airflow/example_dags/tutorial_taskflow_templates.py
[2026-07-17T20:36:07.925+0530] {processor.py:914} INFO - Processing file /Users/bhavishyachallagolla/Desktop/RetailSense/.venv/lib/python3.12/site-packages/airflow/example_dags/tutorial_taskflow_templates.py for tasks to queue
[2026-07-17T20:36:07.925+0530] {logging_mixin.py:190} INFO - [2026-07-17T20:36:07.925+0530] {dagbag.py:588} INFO - Filling up the DagBag from /Users/bhavishyachallagolla/Desktop/RetailSense/.venv/lib/python3.12/site-packages/airflow/example_dags/tutorial_taskflow_templates.py
[2026-07-17T20:36:07.938+0530] {processor.py:925} INFO - DAG(s) 'tutorial_taskflow_templates' retrieved from /Users/bhavishyachallagolla/Desktop/RetailSense/.venv/lib/python3.12/site-packages/airflow/example_dags/tutorial_taskflow_templates.py
[2026-07-17T20:36:07.961+0530] {logging_mixin.py:190} INFO - [2026-07-17T20:36:07.961+0530] {dag.py:3239} INFO - Sync 1 DAGs
[2026-07-17T20:36:07.966+0530] {logging_mixin.py:190} INFO - [2026-07-17T20:36:07.966+0530] {dag.py:4180} INFO - Setting next_dagrun for tutorial_taskflow_templates to 2026-07-16 00:00:00+00:00, run_after=2026-07-17 00:00:00+00:00
[2026-07-17T20:36:07.971+0530] {processor.py:208} INFO - Processing /Users/bhavishyachallagolla/Desktop/RetailSense/.venv/lib/python3.12/site-packages/airflow/example_dags/tutorial_taskflow_templates.py took 0.047 seconds
[2026-07-17T20:36:58.471+0530] {processor.py:186} INFO - Started process (PID=89772) to work on /Users/bhavishyachallagolla/Desktop/RetailSense/.venv/lib/python3.12/site-packages/airflow/example_dags/tutorial_taskflow_templates.py
[2026-07-17T20:36:58.471+0530] {processor.py:914} INFO - Processing file /Users/bhavishyachallagolla/Desktop/RetailSense/.venv/lib/python3.12/site-packages/airflow/example_dags/tutorial_taskflow_templates.py for tasks to queue
[2026-07-17T20:36:58.472+0530] {logging_mixin.py:190} INFO - [2026-07-17T20:36:58.472+0530] {dagbag.py:588} INFO - Filling up the DagBag from /Users/bhavishyachallagolla/Desktop/RetailSense/.venv/lib/python3.12/site-packages/airflow/example_dags/tutorial_taskflow_templates.py
[2026-07-17T20:36:58.484+0530] {processor.py:925} INFO - DAG(s) 'tutorial_taskflow_templates' retrieved from /Users/bhavishyachallagolla/Desktop/RetailSense/.venv/lib/python3.12/site-packages/airflow/example_dags/tutorial_taskflow_templates.py
[2026-07-17T20:36:58.508+0530] {logging_mixin.py:190} INFO - [2026-07-17T20:36:58.508+0530] {dag.py:3239} INFO - Sync 1 DAGs
[2026-07-17T20:36:58.513+0530] {logging_mixin.py:190} INFO - [2026-07-17T20:36:58.512+0530] {dag.py:4180} INFO - Setting next_dagrun for tutorial_taskflow_templates to 2026-07-16 00:00:00+00:00, run_after=2026-07-17 00:00:00+00:00
[2026-07-17T20:36:58.517+0530] {processor.py:208} INFO - Processing /Users/bhavishyachallagolla/Desktop/RetailSense/.venv/lib/python3.12/site-packages/airflow/example_dags/tutorial_taskflow_templates.py took 0.047 seconds
[2026-07-17T20:37:48.990+0530] {processor.py:186} INFO - Started process (PID=89848) to work on /Users/bhavishyachallagolla/Desktop/RetailSense/.venv/lib/python3.12/site-packages/airflow/example_dags/tutorial_taskflow_templates.py
[2026-07-17T20:37:48.991+0530] {processor.py:914} INFO - Processing file /Users/bhavishyachallagolla/Desktop/RetailSense/.venv/lib/python3.12/site-packages/airflow/example_dags/tutorial_taskflow_templates.py for tasks to queue
[2026-07-17T20:37:48.991+0530] {logging_mixin.py:190} INFO - [2026-07-17T20:37:48.991+0530] {dagbag.py:588} INFO - Filling up the DagBag from /Users/bhavishyachallagolla/Desktop/RetailSense/.venv/lib/python3.12/site-packages/airflow/example_dags/tutorial_taskflow_templates.py
[2026-07-17T20:37:49.003+0530] {processor.py:925} INFO - DAG(s) 'tutorial_taskflow_templates' retrieved from /Users/bhavishyachallagolla/Desktop/RetailSense/.venv/lib/python3.12/site-packages/airflow/example_dags/tutorial_taskflow_templates.py
[2026-07-17T20:37:49.027+0530] {logging_mixin.py:190} INFO - [2026-07-17T20:37:49.027+0530] {dag.py:3239} INFO - Sync 1 DAGs
[2026-07-17T20:37:49.032+0530] {logging_mixin.py:190} INFO - [2026-07-17T20:37:49.032+0530] {dag.py:4180} INFO - Setting next_dagrun for tutorial_taskflow_templates to 2026-07-16 00:00:00+00:00, run_after=2026-07-17 00:00:00+00:00
[2026-07-17T20:37:49.036+0530] {processor.py:208} INFO - Processing /Users/bhavishyachallagolla/Desktop/RetailSense/.venv/lib/python3.12/site-packages/airflow/example_dags/tutorial_taskflow_templates.py took 0.047 seconds
[2026-07-17T20:38:39.993+0530] {processor.py:186} INFO - Started process (PID=89931) to work on /Users/bhavishyachallagolla/Desktop/RetailSense/.venv/lib/python3.12/site-packages/airflow/example_dags/tutorial_taskflow_templates.py
[2026-07-17T20:38:39.994+0530] {processor.py:914} INFO - Processing file /Users/bhavishyachallagolla/Desktop/RetailSense/.venv/lib/python3.12/site-packages/airflow/example_dags/tutorial_taskflow_templates.py for tasks to queue
[2026-07-17T20:38:39.994+0530] {logging_mixin.py:190} INFO - [2026-07-17T20:38:39.994+0530] {dagbag.py:588} INFO - Filling up the DagBag from /Users/bhavishyachallagolla/Desktop/RetailSense/.venv/lib/python3.12/site-packages/airflow/example_dags/tutorial_taskflow_templates.py
[2026-07-17T20:38:40.007+0530] {processor.py:925} INFO - DAG(s) 'tutorial_taskflow_templates' retrieved from /Users/bhavishyachallagolla/Desktop/RetailSense/.venv/lib/python3.12/site-packages/airflow/example_dags/tutorial_taskflow_templates.py
[2026-07-17T20:38:40.032+0530] {logging_mixin.py:190} INFO - [2026-07-17T20:38:40.032+0530] {dag.py:3239} INFO - Sync 1 DAGs
[2026-07-17T20:38:40.037+0530] {logging_mixin.py:190} INFO - [2026-07-17T20:38:40.037+0530] {dag.py:4180} INFO - Setting next_dagrun for tutorial_taskflow_templates to 2026-07-16 00:00:00+00:00, run_after=2026-07-17 00:00:00+00:00
[2026-07-17T20:38:40.042+0530] {processor.py:208} INFO - Processing /Users/bhavishyachallagolla/Desktop/RetailSense/.venv/lib/python3.12/site-packages/airflow/example_dags/tutorial_taskflow_templates.py took 0.050 seconds
[2026-07-17T20:39:31.612+0530] {processor.py:186} INFO - Started process (PID=90031) to work on /Users/bhavishyachallagolla/Desktop/RetailSense/.venv/lib/python3.12/site-packages/airflow/example_dags/tutorial_taskflow_templates.py
[2026-07-17T20:39:31.613+0530] {processor.py:914} INFO - Processing file /Users/bhavishyachallagolla/Desktop/RetailSense/.venv/lib/python3.12/site-packages/airflow/example_dags/tutorial_taskflow_templates.py for tasks to queue
[2026-07-17T20:39:31.613+0530] {logging_mixin.py:190} INFO - [2026-07-17T20:39:31.613+0530] {dagbag.py:588} INFO - Filling up the DagBag from /Users/bhavishyachallagolla/Desktop/RetailSense/.venv/lib/python3.12/site-packages/airflow/example_dags/tutorial_taskflow_templates.py
[2026-07-17T20:39:31.629+0530] {processor.py:925} INFO - DAG(s) 'tutorial_taskflow_templates' retrieved from /Users/bhavishyachallagolla/Desktop/RetailSense/.venv/lib/python3.12/site-packages/airflow/example_dags/tutorial_taskflow_templates.py
[2026-07-17T20:39:31.655+0530] {logging_mixin.py:190} INFO - [2026-07-17T20:39:31.655+0530] {dag.py:3239} INFO - Sync 1 DAGs
[2026-07-17T20:39:31.660+0530] {logging_mixin.py:190} INFO - [2026-07-17T20:39:31.660+0530] {dag.py:4180} INFO - Setting next_dagrun for tutorial_taskflow_templates to 2026-07-16 00:00:00+00:00, run_after=2026-07-17 00:00:00+00:00
[2026-07-17T20:39:31.664+0530] {processor.py:208} INFO - Processing /Users/bhavishyachallagolla/Desktop/RetailSense/.venv/lib/python3.12/site-packages/airflow/example_dags/tutorial_taskflow_templates.py took 0.053 seconds
[2026-07-17T20:40:22.443+0530] {processor.py:186} INFO - Started process (PID=90165) to work on /Users/bhavishyachallagolla/Desktop/RetailSense/.venv/lib/python3.12/site-packages/airflow/example_dags/tutorial_taskflow_templates.py
[2026-07-17T20:40:22.444+0530] {processor.py:914} INFO - Processing file /Users/bhavishyachallagolla/Desktop/RetailSense/.venv/lib/python3.12/site-packages/airflow/example_dags/tutorial_taskflow_templates.py for tasks to queue
[2026-07-17T20:40:22.445+0530] {logging_mixin.py:190} INFO - [2026-07-17T20:40:22.445+0530] {dagbag.py:588} INFO - Filling up the DagBag from /Users/bhavishyachallagolla/Desktop/RetailSense/.venv/lib/python3.12/site-packages/airflow/example_dags/tutorial_taskflow_templates.py
[2026-07-17T20:40:22.458+0530] {processor.py:925} INFO - DAG(s) 'tutorial_taskflow_templates' retrieved from /Users/bhavishyachallagolla/Desktop/RetailSense/.venv/lib/python3.12/site-packages/airflow/example_dags/tutorial_taskflow_templates.py
[2026-07-17T20:40:22.483+0530] {logging_mixin.py:190} INFO - [2026-07-17T20:40:22.483+0530] {dag.py:3239} INFO - Sync 1 DAGs
[2026-07-17T20:40:22.488+0530] {logging_mixin.py:190} INFO - [2026-07-17T20:40:22.488+0530] {dag.py:4180} INFO - Setting next_dagrun for tutorial_taskflow_templates to 2026-07-16 00:00:00+00:00, run_after=2026-07-17 00:00:00+00:00
[2026-07-17T20:40:22.493+0530] {processor.py:208} INFO - Processing /Users/bhavishyachallagolla/Desktop/RetailSense/.venv/lib/python3.12/site-packages/airflow/example_dags/tutorial_taskflow_templates.py took 0.051 seconds
[2026-07-17T20:41:11.263+0530] {processor.py:186} INFO - Started process (PID=90264) to work on /Users/bhavishyachallagolla/Desktop/RetailSense/.venv/lib/python3.12/site-packages/airflow/example_dags/tutorial_taskflow_templates.py
[2026-07-17T20:41:11.264+0530] {processor.py:914} INFO - Processing file /Users/bhavishyachallagolla/Desktop/RetailSense/.venv/lib/python3.12/site-packages/airflow/example_dags/tutorial_taskflow_templates.py for tasks to queue
[2026-07-17T20:41:11.264+0530] {logging_mixin.py:190} INFO - [2026-07-17T20:41:11.264+0530] {dagbag.py:588} INFO - Filling up the DagBag from /Users/bhavishyachallagolla/Desktop/RetailSense/.venv/lib/python3.12/site-packages/airflow/example_dags/tutorial_taskflow_templates.py
[2026-07-17T20:41:11.276+0530] {processor.py:925} INFO - DAG(s) 'tutorial_taskflow_templates' retrieved from /Users/bhavishyachallagolla/Desktop/RetailSense/.venv/lib/python3.12/site-packages/airflow/example_dags/tutorial_taskflow_templates.py
[2026-07-17T20:41:11.300+0530] {logging_mixin.py:190} INFO - [2026-07-17T20:41:11.300+0530] {dag.py:3239} INFO - Sync 1 DAGs
[2026-07-17T20:41:11.305+0530] {logging_mixin.py:190} INFO - [2026-07-17T20:41:11.305+0530] {dag.py:4180} INFO - Setting next_dagrun for tutorial_taskflow_templates to 2026-07-16 00:00:00+00:00, run_after=2026-07-17 00:00:00+00:00
[2026-07-17T20:41:11.309+0530] {processor.py:208} INFO - Processing /Users/bhavishyachallagolla/Desktop/RetailSense/.venv/lib/python3.12/site-packages/airflow/example_dags/tutorial_taskflow_templates.py took 0.048 seconds
[2026-07-17T20:42:01.070+0530] {processor.py:186} INFO - Started process (PID=90356) to work on /Users/bhavishyachallagolla/Desktop/RetailSense/.venv/lib/python3.12/site-packages/airflow/example_dags/tutorial_taskflow_templates.py
[2026-07-17T20:42:01.072+0530] {processor.py:914} INFO - Processing file /Users/bhavishyachallagolla/Desktop/RetailSense/.venv/lib/python3.12/site-packages/airflow/example_dags/tutorial_taskflow_templates.py for tasks to queue
[2026-07-17T20:42:01.072+0530] {logging_mixin.py:190} INFO - [2026-07-17T20:42:01.072+0530] {dagbag.py:588} INFO - Filling up the DagBag from /Users/bhavishyachallagolla/Desktop/RetailSense/.venv/lib/python3.12/site-packages/airflow/example_dags/tutorial_taskflow_templates.py
[2026-07-17T20:42:01.085+0530] {processor.py:925} INFO - DAG(s) 'tutorial_taskflow_templates' retrieved from /Users/bhavishyachallagolla/Desktop/RetailSense/.venv/lib/python3.12/site-packages/airflow/example_dags/tutorial_taskflow_templates.py
[2026-07-17T20:42:01.109+0530] {logging_mixin.py:190} INFO - [2026-07-17T20:42:01.108+0530] {dag.py:3239} INFO - Sync 1 DAGs
[2026-07-17T20:42:01.113+0530] {logging_mixin.py:190} INFO - [2026-07-17T20:42:01.113+0530] {dag.py:4180} INFO - Setting next_dagrun for tutorial_taskflow_templates to 2026-07-16 00:00:00+00:00, run_after=2026-07-17 00:00:00+00:00
[2026-07-17T20:42:01.118+0530] {processor.py:208} INFO - Processing /Users/bhavishyachallagolla/Desktop/RetailSense/.venv/lib/python3.12/site-packages/airflow/example_dags/tutorial_taskflow_templates.py took 0.048 seconds
[2026-07-17T20:42:51.351+0530] {processor.py:186} INFO - Started process (PID=90431) to work on /Users/bhavishyachallagolla/Desktop/RetailSense/.venv/lib/python3.12/site-packages/airflow/example_dags/tutorial_taskflow_templates.py
[2026-07-17T20:42:51.353+0530] {processor.py:914} INFO - Processing file /Users/bhavishyachallagolla/Desktop/RetailSense/.venv/lib/python3.12/site-packages/airflow/example_dags/tutorial_taskflow_templates.py for tasks to queue
[2026-07-17T20:42:51.353+0530] {logging_mixin.py:190} INFO - [2026-07-17T20:42:51.353+0530] {dagbag.py:588} INFO - Filling up the DagBag from /Users/bhavishyachallagolla/Desktop/RetailSense/.venv/lib/python3.12/site-packages/airflow/example_dags/tutorial_taskflow_templates.py
[2026-07-17T20:42:51.366+0530] {processor.py:925} INFO - DAG(s) 'tutorial_taskflow_templates' retrieved from /Users/bhavishyachallagolla/Desktop/RetailSense/.venv/lib/python3.12/site-packages/airflow/example_dags/tutorial_taskflow_templates.py
[2026-07-17T20:42:51.391+0530] {logging_mixin.py:190} INFO - [2026-07-17T20:42:51.390+0530] {dag.py:3239} INFO - Sync 1 DAGs
[2026-07-17T20:42:51.395+0530] {logging_mixin.py:190} INFO - [2026-07-17T20:42:51.395+0530] {dag.py:4180} INFO - Setting next_dagrun for tutorial_taskflow_templates to 2026-07-16 00:00:00+00:00, run_after=2026-07-17 00:00:00+00:00
[2026-07-17T20:42:51.400+0530] {processor.py:208} INFO - Processing /Users/bhavishyachallagolla/Desktop/RetailSense/.venv/lib/python3.12/site-packages/airflow/example_dags/tutorial_taskflow_templates.py took 0.050 seconds
[2026-07-17T20:43:40.209+0530] {processor.py:186} INFO - Started process (PID=90504) to work on /Users/bhavishyachallagolla/Desktop/RetailSense/.venv/lib/python3.12/site-packages/airflow/example_dags/tutorial_taskflow_templates.py
[2026-07-17T20:43:40.209+0530] {processor.py:914} INFO - Processing file /Users/bhavishyachallagolla/Desktop/RetailSense/.venv/lib/python3.12/site-packages/airflow/example_dags/tutorial_taskflow_templates.py for tasks to queue
[2026-07-17T20:43:40.209+0530] {logging_mixin.py:190} INFO - [2026-07-17T20:43:40.209+0530] {dagbag.py:588} INFO - Filling up the DagBag from /Users/bhavishyachallagolla/Desktop/RetailSense/.venv/lib/python3.12/site-packages/airflow/example_dags/tutorial_taskflow_templates.py
[2026-07-17T20:43:40.222+0530] {processor.py:925} INFO - DAG(s) 'tutorial_taskflow_templates' retrieved from /Users/bhavishyachallagolla/Desktop/RetailSense/.venv/lib/python3.12/site-packages/airflow/example_dags/tutorial_taskflow_templates.py
[2026-07-17T20:43:40.246+0530] {logging_mixin.py:190} INFO - [2026-07-17T20:43:40.246+0530] {dag.py:3239} INFO - Sync 1 DAGs
[2026-07-17T20:43:40.250+0530] {logging_mixin.py:190} INFO - [2026-07-17T20:43:40.250+0530] {dag.py:4180} INFO - Setting next_dagrun for tutorial_taskflow_templates to 2026-07-16 00:00:00+00:00, run_after=2026-07-17 00:00:00+00:00
[2026-07-17T20:43:40.255+0530] {processor.py:208} INFO - Processing /Users/bhavishyachallagolla/Desktop/RetailSense/.venv/lib/python3.12/site-packages/airflow/example_dags/tutorial_taskflow_templates.py took 0.047 seconds
[2026-07-17T20:44:30.613+0530] {processor.py:186} INFO - Started process (PID=90579) to work on /Users/bhavishyachallagolla/Desktop/RetailSense/.venv/lib/python3.12/site-packages/airflow/example_dags/tutorial_taskflow_templates.py
[2026-07-17T20:44:30.613+0530] {processor.py:914} INFO - Processing file /Users/bhavishyachallagolla/Desktop/RetailSense/.venv/lib/python3.12/site-packages/airflow/example_dags/tutorial_taskflow_templates.py for tasks to queue
[2026-07-17T20:44:30.613+0530] {logging_mixin.py:190} INFO - [2026-07-17T20:44:30.613+0530] {dagbag.py:588} INFO - Filling up the DagBag from /Users/bhavishyachallagolla/Desktop/RetailSense/.venv/lib/python3.12/site-packages/airflow/example_dags/tutorial_taskflow_templates.py
[2026-07-17T20:44:30.626+0530] {processor.py:925} INFO - DAG(s) 'tutorial_taskflow_templates' retrieved from /Users/bhavishyachallagolla/Desktop/RetailSense/.venv/lib/python3.12/site-packages/airflow/example_dags/tutorial_taskflow_templates.py
[2026-07-17T20:44:30.650+0530] {logging_mixin.py:190} INFO - [2026-07-17T20:44:30.649+0530] {dag.py:3239} INFO - Sync 1 DAGs
[2026-07-17T20:44:30.654+0530] {logging_mixin.py:190} INFO - [2026-07-17T20:44:30.654+0530] {dag.py:4180} INFO - Setting next_dagrun for tutorial_taskflow_templates to 2026-07-16 00:00:00+00:00, run_after=2026-07-17 00:00:00+00:00
[2026-07-17T20:44:30.659+0530] {processor.py:208} INFO - Processing /Users/bhavishyachallagolla/Desktop/RetailSense/.venv/lib/python3.12/site-packages/airflow/example_dags/tutorial_taskflow_templates.py took 0.047 seconds
[2026-07-17T20:45:20.517+0530] {processor.py:186} INFO - Started process (PID=90663) to work on /Users/bhavishyachallagolla/Desktop/RetailSense/.venv/lib/python3.12/site-packages/airflow/example_dags/tutorial_taskflow_templates.py
[2026-07-17T20:45:20.517+0530] {processor.py:914} INFO - Processing file /Users/bhavishyachallagolla/Desktop/RetailSense/.venv/lib/python3.12/site-packages/airflow/example_dags/tutorial_taskflow_templates.py for tasks to queue
[2026-07-17T20:45:20.518+0530] {logging_mixin.py:190} INFO - [2026-07-17T20:45:20.518+0530] {dagbag.py:588} INFO - Filling up the DagBag from /Users/bhavishyachallagolla/Desktop/RetailSense/.venv/lib/python3.12/site-packages/airflow/example_dags/tutorial_taskflow_templates.py
[2026-07-17T20:45:20.530+0530] {processor.py:925} INFO - DAG(s) 'tutorial_taskflow_templates' retrieved from /Users/bhavishyachallagolla/Desktop/RetailSense/.venv/lib/python3.12/site-packages/airflow/example_dags/tutorial_taskflow_templates.py
[2026-07-17T20:45:20.555+0530] {logging_mixin.py:190} INFO - [2026-07-17T20:45:20.555+0530] {dag.py:3239} INFO - Sync 1 DAGs
[2026-07-17T20:45:20.560+0530] {logging_mixin.py:190} INFO - [2026-07-17T20:45:20.560+0530] {dag.py:4180} INFO - Setting next_dagrun for tutorial_taskflow_templates to 2026-07-16 00:00:00+00:00, run_after=2026-07-17 00:00:00+00:00
[2026-07-17T20:45:20.564+0530] {processor.py:208} INFO - Processing /Users/bhavishyachallagolla/Desktop/RetailSense/.venv/lib/python3.12/site-packages/airflow/example_dags/tutorial_taskflow_templates.py took 0.048 seconds
[2026-07-17T20:46:10.907+0530] {processor.py:186} INFO - Started process (PID=90739) to work on /Users/bhavishyachallagolla/Desktop/RetailSense/.venv/lib/python3.12/site-packages/airflow/example_dags/tutorial_taskflow_templates.py
[2026-07-17T20:46:10.907+0530] {processor.py:914} INFO - Processing file /Users/bhavishyachallagolla/Desktop/RetailSense/.venv/lib/python3.12/site-packages/airflow/example_dags/tutorial_taskflow_templates.py for tasks to queue
[2026-07-17T20:46:10.907+0530] {logging_mixin.py:190} INFO - [2026-07-17T20:46:10.907+0530] {dagbag.py:588} INFO - Filling up the DagBag from /Users/bhavishyachallagolla/Desktop/RetailSense/.venv/lib/python3.12/site-packages/airflow/example_dags/tutorial_taskflow_templates.py
[2026-07-17T20:46:10.922+0530] {processor.py:925} INFO - DAG(s) 'tutorial_taskflow_templates' retrieved from /Users/bhavishyachallagolla/Desktop/RetailSense/.venv/lib/python3.12/site-packages/airflow/example_dags/tutorial_taskflow_templates.py
[2026-07-17T20:46:10.946+0530] {logging_mixin.py:190} INFO - [2026-07-17T20:46:10.946+0530] {dag.py:3239} INFO - Sync 1 DAGs
[2026-07-17T20:46:10.951+0530] {logging_mixin.py:190} INFO - [2026-07-17T20:46:10.951+0530] {dag.py:4180} INFO - Setting next_dagrun for tutorial_taskflow_templates to 2026-07-16 00:00:00+00:00, run_after=2026-07-17 00:00:00+00:00
[2026-07-17T20:46:10.956+0530] {processor.py:208} INFO - Processing /Users/bhavishyachallagolla/Desktop/RetailSense/.venv/lib/python3.12/site-packages/airflow/example_dags/tutorial_taskflow_templates.py took 0.050 seconds
[2026-07-17T20:47:01.358+0530] {processor.py:186} INFO - Started process (PID=90814) to work on /Users/bhavishyachallagolla/Desktop/RetailSense/.venv/lib/python3.12/site-packages/airflow/example_dags/tutorial_taskflow_templates.py
[2026-07-17T20:47:01.358+0530] {processor.py:914} INFO - Processing file /Users/bhavishyachallagolla/Desktop/RetailSense/.venv/lib/python3.12/site-packages/airflow/example_dags/tutorial_taskflow_templates.py for tasks to queue
[2026-07-17T20:47:01.359+0530] {logging_mixin.py:190} INFO - [2026-07-17T20:47:01.359+0530] {dagbag.py:588} INFO - Filling up the DagBag from /Users/bhavishyachallagolla/Desktop/RetailSense/.venv/lib/python3.12/site-packages/airflow/example_dags/tutorial_taskflow_templates.py
[2026-07-17T20:47:01.372+0530] {processor.py:925} INFO - DAG(s) 'tutorial_taskflow_templates' retrieved from /Users/bhavishyachallagolla/Desktop/RetailSense/.venv/lib/python3.12/site-packages/airflow/example_dags/tutorial_taskflow_templates.py
[2026-07-17T20:47:01.396+0530] {logging_mixin.py:190} INFO - [2026-07-17T20:47:01.396+0530] {dag.py:3239} INFO - Sync 1 DAGs
[2026-07-17T20:47:01.400+0530] {logging_mixin.py:190} INFO - [2026-07-17T20:47:01.400+0530] {dag.py:4180} INFO - Setting next_dagrun for tutorial_taskflow_templates to 2026-07-16 00:00:00+00:00, run_after=2026-07-17 00:00:00+00:00
[2026-07-17T20:47:01.405+0530] {processor.py:208} INFO - Processing /Users/bhavishyachallagolla/Desktop/RetailSense/.venv/lib/python3.12/site-packages/airflow/example_dags/tutorial_taskflow_templates.py took 0.048 seconds
[2026-07-17T20:47:51.831+0530] {processor.py:186} INFO - Started process (PID=90889) to work on /Users/bhavishyachallagolla/Desktop/RetailSense/.venv/lib/python3.12/site-packages/airflow/example_dags/tutorial_taskflow_templates.py
[2026-07-17T20:47:51.832+0530] {processor.py:914} INFO - Processing file /Users/bhavishyachallagolla/Desktop/RetailSense/.venv/lib/python3.12/site-packages/airflow/example_dags/tutorial_taskflow_templates.py for tasks to queue
[2026-07-17T20:47:51.832+0530] {logging_mixin.py:190} INFO - [2026-07-17T20:47:51.832+0530] {dagbag.py:588} INFO - Filling up the DagBag from /Users/bhavishyachallagolla/Desktop/RetailSense/.venv/lib/python3.12/site-packages/airflow/example_dags/tutorial_taskflow_templates.py
[2026-07-17T20:47:51.845+0530] {processor.py:925} INFO - DAG(s) 'tutorial_taskflow_templates' retrieved from /Users/bhavishyachallagolla/Desktop/RetailSense/.venv/lib/python3.12/site-packages/airflow/example_dags/tutorial_taskflow_templates.py
[2026-07-17T20:47:51.869+0530] {logging_mixin.py:190} INFO - [2026-07-17T20:47:51.869+0530] {dag.py:3239} INFO - Sync 1 DAGs
[2026-07-17T20:47:51.874+0530] {logging_mixin.py:190} INFO - [2026-07-17T20:47:51.874+0530] {dag.py:4180} INFO - Setting next_dagrun for tutorial_taskflow_templates to 2026-07-16 00:00:00+00:00, run_after=2026-07-17 00:00:00+00:00
[2026-07-17T20:47:51.878+0530] {processor.py:208} INFO - Processing /Users/bhavishyachallagolla/Desktop/RetailSense/.venv/lib/python3.12/site-packages/airflow/example_dags/tutorial_taskflow_templates.py took 0.048 seconds
[2026-07-17T20:48:41.843+0530] {processor.py:186} INFO - Started process (PID=90968) to work on /Users/bhavishyachallagolla/Desktop/RetailSense/.venv/lib/python3.12/site-packages/airflow/example_dags/tutorial_taskflow_templates.py
[2026-07-17T20:48:41.844+0530] {processor.py:914} INFO - Processing file /Users/bhavishyachallagolla/Desktop/RetailSense/.venv/lib/python3.12/site-packages/airflow/example_dags/tutorial_taskflow_templates.py for tasks to queue
[2026-07-17T20:48:41.844+0530] {logging_mixin.py:190} INFO - [2026-07-17T20:48:41.844+0530] {dagbag.py:588} INFO - Filling up the DagBag from /Users/bhavishyachallagolla/Desktop/RetailSense/.venv/lib/python3.12/site-packages/airflow/example_dags/tutorial_taskflow_templates.py
[2026-07-17T20:48:41.857+0530] {processor.py:925} INFO - DAG(s) 'tutorial_taskflow_templates' retrieved from /Users/bhavishyachallagolla/Desktop/RetailSense/.venv/lib/python3.12/site-packages/airflow/example_dags/tutorial_taskflow_templates.py
[2026-07-17T20:48:41.881+0530] {logging_mixin.py:190} INFO - [2026-07-17T20:48:41.881+0530] {dag.py:3239} INFO - Sync 1 DAGs
[2026-07-17T20:48:41.886+0530] {logging_mixin.py:190} INFO - [2026-07-17T20:48:41.885+0530] {dag.py:4180} INFO - Setting next_dagrun for tutorial_taskflow_templates to 2026-07-16 00:00:00+00:00, run_after=2026-07-17 00:00:00+00:00
[2026-07-17T20:48:41.890+0530] {processor.py:208} INFO - Processing /Users/bhavishyachallagolla/Desktop/RetailSense/.venv/lib/python3.12/site-packages/airflow/example_dags/tutorial_taskflow_templates.py took 0.049 seconds
[2026-07-17T20:49:32.869+0530] {processor.py:186} INFO - Started process (PID=91060) to work on /Users/bhavishyachallagolla/Desktop/RetailSense/.venv/lib/python3.12/site-packages/airflow/example_dags/tutorial_taskflow_templates.py
[2026-07-17T20:49:32.870+0530] {processor.py:914} INFO - Processing file /Users/bhavishyachallagolla/Desktop/RetailSense/.venv/lib/python3.12/site-packages/airflow/example_dags/tutorial_taskflow_templates.py for tasks to queue
[2026-07-17T20:49:32.870+0530] {logging_mixin.py:190} INFO - [2026-07-17T20:49:32.870+0530] {dagbag.py:588} INFO - Filling up the DagBag from /Users/bhavishyachallagolla/Desktop/RetailSense/.venv/lib/python3.12/site-packages/airflow/example_dags/tutorial_taskflow_templates.py
[2026-07-17T20:49:32.883+0530] {processor.py:925} INFO - DAG(s) 'tutorial_taskflow_templates' retrieved from /Users/bhavishyachallagolla/Desktop/RetailSense/.venv/lib/python3.12/site-packages/airflow/example_dags/tutorial_taskflow_templates.py
[2026-07-17T20:49:32.907+0530] {logging_mixin.py:190} INFO - [2026-07-17T20:49:32.907+0530] {dag.py:3239} INFO - Sync 1 DAGs
[2026-07-17T20:49:32.912+0530] {logging_mixin.py:190} INFO - [2026-07-17T20:49:32.912+0530] {dag.py:4180} INFO - Setting next_dagrun for tutorial_taskflow_templates to 2026-07-16 00:00:00+00:00, run_after=2026-07-17 00:00:00+00:00
[2026-07-17T20:49:32.917+0530] {processor.py:208} INFO - Processing /Users/bhavishyachallagolla/Desktop/RetailSense/.venv/lib/python3.12/site-packages/airflow/example_dags/tutorial_taskflow_templates.py took 0.049 seconds
[2026-07-17T20:50:20.365+0530] {processor.py:186} INFO - Started process (PID=91135) to work on /Users/bhavishyachallagolla/Desktop/RetailSense/.venv/lib/python3.12/site-packages/airflow/example_dags/tutorial_taskflow_templates.py
[2026-07-17T20:50:20.365+0530] {processor.py:914} INFO - Processing file /Users/bhavishyachallagolla/Desktop/RetailSense/.venv/lib/python3.12/site-packages/airflow/example_dags/tutorial_taskflow_templates.py for tasks to queue
[2026-07-17T20:50:20.365+0530] {logging_mixin.py:190} INFO - [2026-07-17T20:50:20.365+0530] {dagbag.py:588} INFO - Filling up the DagBag from /Users/bhavishyachallagolla/Desktop/RetailSense/.venv/lib/python3.12/site-packages/airflow/example_dags/tutorial_taskflow_templates.py
[2026-07-17T20:50:20.378+0530] {processor.py:925} INFO - DAG(s) 'tutorial_taskflow_templates' retrieved from /Users/bhavishyachallagolla/Desktop/RetailSense/.venv/lib/python3.12/site-packages/airflow/example_dags/tutorial_taskflow_templates.py
[2026-07-17T20:50:20.403+0530] {logging_mixin.py:190} INFO - [2026-07-17T20:50:20.403+0530] {dag.py:3239} INFO - Sync 1 DAGs
[2026-07-17T20:50:20.408+0530] {logging_mixin.py:190} INFO - [2026-07-17T20:50:20.408+0530] {dag.py:4180} INFO - Setting next_dagrun for tutorial_taskflow_templates to 2026-07-16 00:00:00+00:00, run_after=2026-07-17 00:00:00+00:00
[2026-07-17T20:50:20.413+0530] {processor.py:208} INFO - Processing /Users/bhavishyachallagolla/Desktop/RetailSense/.venv/lib/python3.12/site-packages/airflow/example_dags/tutorial_taskflow_templates.py took 0.049 seconds
[2026-07-17T20:51:10.688+0530] {processor.py:186} INFO - Started process (PID=91210) to work on /Users/bhavishyachallagolla/Desktop/RetailSense/.venv/lib/python3.12/site-packages/airflow/example_dags/tutorial_taskflow_templates.py
[2026-07-17T20:51:10.689+0530] {processor.py:914} INFO - Processing file /Users/bhavishyachallagolla/Desktop/RetailSense/.venv/lib/python3.12/site-packages/airflow/example_dags/tutorial_taskflow_templates.py for tasks to queue
[2026-07-17T20:51:10.689+0530] {logging_mixin.py:190} INFO - [2026-07-17T20:51:10.689+0530] {dagbag.py:588} INFO - Filling up the DagBag from /Users/bhavishyachallagolla/Desktop/RetailSense/.venv/lib/python3.12/site-packages/airflow/example_dags/tutorial_taskflow_templates.py
[2026-07-17T20:51:10.702+0530] {processor.py:925} INFO - DAG(s) 'tutorial_taskflow_templates' retrieved from /Users/bhavishyachallagolla/Desktop/RetailSense/.venv/lib/python3.12/site-packages/airflow/example_dags/tutorial_taskflow_templates.py
[2026-07-17T20:51:10.726+0530] {logging_mixin.py:190} INFO - [2026-07-17T20:51:10.726+0530] {dag.py:3239} INFO - Sync 1 DAGs
[2026-07-17T20:51:10.731+0530] {logging_mixin.py:190} INFO - [2026-07-17T20:51:10.731+0530] {dag.py:4180} INFO - Setting next_dagrun for tutorial_taskflow_templates to 2026-07-16 00:00:00+00:00, run_after=2026-07-17 00:00:00+00:00
[2026-07-17T20:51:10.735+0530] {processor.py:208} INFO - Processing /Users/bhavishyachallagolla/Desktop/RetailSense/.venv/lib/python3.12/site-packages/airflow/example_dags/tutorial_taskflow_templates.py took 0.048 seconds
[2026-07-17T20:52:01.846+0530] {processor.py:186} INFO - Started process (PID=91287) to work on /Users/bhavishyachallagolla/Desktop/RetailSense/.venv/lib/python3.12/site-packages/airflow/example_dags/tutorial_taskflow_templates.py
[2026-07-17T20:52:01.847+0530] {processor.py:914} INFO - Processing file /Users/bhavishyachallagolla/Desktop/RetailSense/.venv/lib/python3.12/site-packages/airflow/example_dags/tutorial_taskflow_templates.py for tasks to queue
[2026-07-17T20:52:01.847+0530] {logging_mixin.py:190} INFO - [2026-07-17T20:52:01.847+0530] {dagbag.py:588} INFO - Filling up the DagBag from /Users/bhavishyachallagolla/Desktop/RetailSense/.venv/lib/python3.12/site-packages/airflow/example_dags/tutorial_taskflow_templates.py
[2026-07-17T20:52:01.860+0530] {processor.py:925} INFO - DAG(s) 'tutorial_taskflow_templates' retrieved from /Users/bhavishyachallagolla/Desktop/RetailSense/.venv/lib/python3.12/site-packages/airflow/example_dags/tutorial_taskflow_templates.py
[2026-07-17T20:52:01.884+0530] {logging_mixin.py:190} INFO - [2026-07-17T20:52:01.884+0530] {dag.py:3239} INFO - Sync 1 DAGs
[2026-07-17T20:52:01.889+0530] {logging_mixin.py:190} INFO - [2026-07-17T20:52:01.889+0530] {dag.py:4180} INFO - Setting next_dagrun for tutorial_taskflow_templates to 2026-07-16 00:00:00+00:00, run_after=2026-07-17 00:00:00+00:00
[2026-07-17T20:52:01.893+0530] {processor.py:208} INFO - Processing /Users/bhavishyachallagolla/Desktop/RetailSense/.venv/lib/python3.12/site-packages/airflow/example_dags/tutorial_taskflow_templates.py took 0.049 seconds
[2026-07-17T20:52:52.309+0530] {processor.py:186} INFO - Started process (PID=91362) to work on /Users/bhavishyachallagolla/Desktop/RetailSense/.venv/lib/python3.12/site-packages/airflow/example_dags/tutorial_taskflow_templates.py
[2026-07-17T20:52:52.310+0530] {processor.py:914} INFO - Processing file /Users/bhavishyachallagolla/Desktop/RetailSense/.venv/lib/python3.12/site-packages/airflow/example_dags/tutorial_taskflow_templates.py for tasks to queue
[2026-07-17T20:52:52.311+0530] {logging_mixin.py:190} INFO - [2026-07-17T20:52:52.310+0530] {dagbag.py:588} INFO - Filling up the DagBag from /Users/bhavishyachallagolla/Desktop/RetailSense/.venv/lib/python3.12/site-packages/airflow/example_dags/tutorial_taskflow_templates.py
[2026-07-17T20:52:52.324+0530] {processor.py:925} INFO - DAG(s) 'tutorial_taskflow_templates' retrieved from /Users/bhavishyachallagolla/Desktop/RetailSense/.venv/lib/python3.12/site-packages/airflow/example_dags/tutorial_taskflow_templates.py
[2026-07-17T20:52:52.348+0530] {logging_mixin.py:190} INFO - [2026-07-17T20:52:52.348+0530] {dag.py:3239} INFO - Sync 1 DAGs
[2026-07-17T20:52:52.353+0530] {logging_mixin.py:190} INFO - [2026-07-17T20:52:52.353+0530] {dag.py:4180} INFO - Setting next_dagrun for tutorial_taskflow_templates to 2026-07-16 00:00:00+00:00, run_after=2026-07-17 00:00:00+00:00
[2026-07-17T20:52:52.358+0530] {processor.py:208} INFO - Processing /Users/bhavishyachallagolla/Desktop/RetailSense/.venv/lib/python3.12/site-packages/airflow/example_dags/tutorial_taskflow_templates.py took 0.049 seconds
[2026-07-17T20:53:42.727+0530] {processor.py:186} INFO - Started process (PID=91437) to work on /Users/bhavishyachallagolla/Desktop/RetailSense/.venv/lib/python3.12/site-packages/airflow/example_dags/tutorial_taskflow_templates.py
[2026-07-17T20:53:42.727+0530] {processor.py:914} INFO - Processing file /Users/bhavishyachallagolla/Desktop/RetailSense/.venv/lib/python3.12/site-packages/airflow/example_dags/tutorial_taskflow_templates.py for tasks to queue
[2026-07-17T20:53:42.728+0530] {logging_mixin.py:190} INFO - [2026-07-17T20:53:42.727+0530] {dagbag.py:588} INFO - Filling up the DagBag from /Users/bhavishyachallagolla/Desktop/RetailSense/.venv/lib/python3.12/site-packages/airflow/example_dags/tutorial_taskflow_templates.py
[2026-07-17T20:53:42.743+0530] {processor.py:925} INFO - DAG(s) 'tutorial_taskflow_templates' retrieved from /Users/bhavishyachallagolla/Desktop/RetailSense/.venv/lib/python3.12/site-packages/airflow/example_dags/tutorial_taskflow_templates.py
[2026-07-17T20:53:42.769+0530] {logging_mixin.py:190} INFO - [2026-07-17T20:53:42.769+0530] {dag.py:3239} INFO - Sync 1 DAGs
[2026-07-17T20:53:42.774+0530] {logging_mixin.py:190} INFO - [2026-07-17T20:53:42.774+0530] {dag.py:4180} INFO - Setting next_dagrun for tutorial_taskflow_templates to 2026-07-16 00:00:00+00:00, run_after=2026-07-17 00:00:00+00:00
[2026-07-17T20:53:42.779+0530] {processor.py:208} INFO - Processing /Users/bhavishyachallagolla/Desktop/RetailSense/.venv/lib/python3.12/site-packages/airflow/example_dags/tutorial_taskflow_templates.py took 0.054 seconds
[2026-07-17T20:54:34.837+0530] {processor.py:186} INFO - Started process (PID=91514) to work on /Users/bhavishyachallagolla/Desktop/RetailSense/.venv/lib/python3.12/site-packages/airflow/example_dags/tutorial_taskflow_templates.py
[2026-07-17T20:54:34.838+0530] {processor.py:914} INFO - Processing file /Users/bhavishyachallagolla/Desktop/RetailSense/.venv/lib/python3.12/site-packages/airflow/example_dags/tutorial_taskflow_templates.py for tasks to queue
[2026-07-17T20:54:34.838+0530] {logging_mixin.py:190} INFO - [2026-07-17T20:54:34.838+0530] {dagbag.py:588} INFO - Filling up the DagBag from /Users/bhavishyachallagolla/Desktop/RetailSense/.venv/lib/python3.12/site-packages/airflow/example_dags/tutorial_taskflow_templates.py
[2026-07-17T20:54:34.851+0530] {processor.py:925} INFO - DAG(s) 'tutorial_taskflow_templates' retrieved from /Users/bhavishyachallagolla/Desktop/RetailSense/.venv/lib/python3.12/site-packages/airflow/example_dags/tutorial_taskflow_templates.py
[2026-07-17T20:54:34.875+0530] {logging_mixin.py:190} INFO - [2026-07-17T20:54:34.875+0530] {dag.py:3239} INFO - Sync 1 DAGs
[2026-07-17T20:54:34.880+0530] {logging_mixin.py:190} INFO - [2026-07-17T20:54:34.880+0530] {dag.py:4180} INFO - Setting next_dagrun for tutorial_taskflow_templates to 2026-07-16 00:00:00+00:00, run_after=2026-07-17 00:00:00+00:00
[2026-07-17T20:54:34.884+0530] {processor.py:208} INFO - Processing /Users/bhavishyachallagolla/Desktop/RetailSense/.venv/lib/python3.12/site-packages/airflow/example_dags/tutorial_taskflow_templates.py took 0.049 seconds
[2026-07-17T20:55:24.848+0530] {processor.py:186} INFO - Started process (PID=91605) to work on /Users/bhavishyachallagolla/Desktop/RetailSense/.venv/lib/python3.12/site-packages/airflow/example_dags/tutorial_taskflow_templates.py
[2026-07-17T20:55:24.848+0530] {processor.py:914} INFO - Processing file /Users/bhavishyachallagolla/Desktop/RetailSense/.venv/lib/python3.12/site-packages/airflow/example_dags/tutorial_taskflow_templates.py for tasks to queue
[2026-07-17T20:55:24.849+0530] {logging_mixin.py:190} INFO - [2026-07-17T20:55:24.849+0530] {dagbag.py:588} INFO - Filling up the DagBag from /Users/bhavishyachallagolla/Desktop/RetailSense/.venv/lib/python3.12/site-packages/airflow/example_dags/tutorial_taskflow_templates.py
[2026-07-17T20:55:24.862+0530] {processor.py:925} INFO - DAG(s) 'tutorial_taskflow_templates' retrieved from /Users/bhavishyachallagolla/Desktop/RetailSense/.venv/lib/python3.12/site-packages/airflow/example_dags/tutorial_taskflow_templates.py
[2026-07-17T20:55:24.887+0530] {logging_mixin.py:190} INFO - [2026-07-17T20:55:24.886+0530] {dag.py:3239} INFO - Sync 1 DAGs
[2026-07-17T20:55:24.891+0530] {logging_mixin.py:190} INFO - [2026-07-17T20:55:24.891+0530] {dag.py:4180} INFO - Setting next_dagrun for tutorial_taskflow_templates to 2026-07-16 00:00:00+00:00, run_after=2026-07-17 00:00:00+00:00
[2026-07-17T20:55:24.896+0530] {processor.py:208} INFO - Processing /Users/bhavishyachallagolla/Desktop/RetailSense/.venv/lib/python3.12/site-packages/airflow/example_dags/tutorial_taskflow_templates.py took 0.049 seconds
[2026-07-17T20:56:14.037+0530] {processor.py:186} INFO - Started process (PID=91678) to work on /Users/bhavishyachallagolla/Desktop/RetailSense/.venv/lib/python3.12/site-packages/airflow/example_dags/tutorial_taskflow_templates.py
[2026-07-17T20:56:14.038+0530] {processor.py:914} INFO - Processing file /Users/bhavishyachallagolla/Desktop/RetailSense/.venv/lib/python3.12/site-packages/airflow/example_dags/tutorial_taskflow_templates.py for tasks to queue
[2026-07-17T20:56:14.039+0530] {logging_mixin.py:190} INFO - [2026-07-17T20:56:14.039+0530] {dagbag.py:588} INFO - Filling up the DagBag from /Users/bhavishyachallagolla/Desktop/RetailSense/.venv/lib/python3.12/site-packages/airflow/example_dags/tutorial_taskflow_templates.py
[2026-07-17T20:56:14.052+0530] {processor.py:925} INFO - DAG(s) 'tutorial_taskflow_templates' retrieved from /Users/bhavishyachallagolla/Desktop/RetailSense/.venv/lib/python3.12/site-packages/airflow/example_dags/tutorial_taskflow_templates.py
[2026-07-17T20:56:14.076+0530] {logging_mixin.py:190} INFO - [2026-07-17T20:56:14.076+0530] {dag.py:3239} INFO - Sync 1 DAGs
[2026-07-17T20:56:14.081+0530] {logging_mixin.py:190} INFO - [2026-07-17T20:56:14.081+0530] {dag.py:4180} INFO - Setting next_dagrun for tutorial_taskflow_templates to 2026-07-16 00:00:00+00:00, run_after=2026-07-17 00:00:00+00:00
[2026-07-17T20:56:14.085+0530] {processor.py:208} INFO - Processing /Users/bhavishyachallagolla/Desktop/RetailSense/.venv/lib/python3.12/site-packages/airflow/example_dags/tutorial_taskflow_templates.py took 0.049 seconds
[2026-07-17T20:57:05.005+0530] {processor.py:186} INFO - Started process (PID=91752) to work on /Users/bhavishyachallagolla/Desktop/RetailSense/.venv/lib/python3.12/site-packages/airflow/example_dags/tutorial_taskflow_templates.py
[2026-07-17T20:57:05.005+0530] {processor.py:914} INFO - Processing file /Users/bhavishyachallagolla/Desktop/RetailSense/.venv/lib/python3.12/site-packages/airflow/example_dags/tutorial_taskflow_templates.py for tasks to queue
[2026-07-17T20:57:05.006+0530] {logging_mixin.py:190} INFO - [2026-07-17T20:57:05.006+0530] {dagbag.py:588} INFO - Filling up the DagBag from /Users/bhavishyachallagolla/Desktop/RetailSense/.venv/lib/python3.12/site-packages/airflow/example_dags/tutorial_taskflow_templates.py
[2026-07-17T20:57:05.018+0530] {processor.py:925} INFO - DAG(s) 'tutorial_taskflow_templates' retrieved from /Users/bhavishyachallagolla/Desktop/RetailSense/.venv/lib/python3.12/site-packages/airflow/example_dags/tutorial_taskflow_templates.py
[2026-07-17T20:57:05.042+0530] {logging_mixin.py:190} INFO - [2026-07-17T20:57:05.042+0530] {dag.py:3239} INFO - Sync 1 DAGs
[2026-07-17T20:57:05.047+0530] {logging_mixin.py:190} INFO - [2026-07-17T20:57:05.046+0530] {dag.py:4180} INFO - Setting next_dagrun for tutorial_taskflow_templates to 2026-07-16 00:00:00+00:00, run_after=2026-07-17 00:00:00+00:00
[2026-07-17T20:57:05.051+0530] {processor.py:208} INFO - Processing /Users/bhavishyachallagolla/Desktop/RetailSense/.venv/lib/python3.12/site-packages/airflow/example_dags/tutorial_taskflow_templates.py took 0.047 seconds
[2026-07-17T20:57:53.932+0530] {processor.py:186} INFO - Started process (PID=91825) to work on /Users/bhavishyachallagolla/Desktop/RetailSense/.venv/lib/python3.12/site-packages/airflow/example_dags/tutorial_taskflow_templates.py
[2026-07-17T20:57:53.933+0530] {processor.py:914} INFO - Processing file /Users/bhavishyachallagolla/Desktop/RetailSense/.venv/lib/python3.12/site-packages/airflow/example_dags/tutorial_taskflow_templates.py for tasks to queue
[2026-07-17T20:57:53.933+0530] {logging_mixin.py:190} INFO - [2026-07-17T20:57:53.933+0530] {dagbag.py:588} INFO - Filling up the DagBag from /Users/bhavishyachallagolla/Desktop/RetailSense/.venv/lib/python3.12/site-packages/airflow/example_dags/tutorial_taskflow_templates.py
[2026-07-17T20:57:53.946+0530] {processor.py:925} INFO - DAG(s) 'tutorial_taskflow_templates' retrieved from /Users/bhavishyachallagolla/Desktop/RetailSense/.venv/lib/python3.12/site-packages/airflow/example_dags/tutorial_taskflow_templates.py
[2026-07-17T20:57:53.969+0530] {logging_mixin.py:190} INFO - [2026-07-17T20:57:53.969+0530] {dag.py:3239} INFO - Sync 1 DAGs
[2026-07-17T20:57:53.974+0530] {logging_mixin.py:190} INFO - [2026-07-17T20:57:53.974+0530] {dag.py:4180} INFO - Setting next_dagrun for tutorial_taskflow_templates to 2026-07-16 00:00:00+00:00, run_after=2026-07-17 00:00:00+00:00
[2026-07-17T20:57:53.979+0530] {processor.py:208} INFO - Processing /Users/bhavishyachallagolla/Desktop/RetailSense/.venv/lib/python3.12/site-packages/airflow/example_dags/tutorial_taskflow_templates.py took 0.048 seconds
[2026-07-17T20:58:42.771+0530] {processor.py:186} INFO - Started process (PID=91897) to work on /Users/bhavishyachallagolla/Desktop/RetailSense/.venv/lib/python3.12/site-packages/airflow/example_dags/tutorial_taskflow_templates.py
[2026-07-17T20:58:42.771+0530] {processor.py:914} INFO - Processing file /Users/bhavishyachallagolla/Desktop/RetailSense/.venv/lib/python3.12/site-packages/airflow/example_dags/tutorial_taskflow_templates.py for tasks to queue
[2026-07-17T20:58:42.771+0530] {logging_mixin.py:190} INFO - [2026-07-17T20:58:42.771+0530] {dagbag.py:588} INFO - Filling up the DagBag from /Users/bhavishyachallagolla/Desktop/RetailSense/.venv/lib/python3.12/site-packages/airflow/example_dags/tutorial_taskflow_templates.py
[2026-07-17T20:58:42.783+0530] {processor.py:925} INFO - DAG(s) 'tutorial_taskflow_templates' retrieved from /Users/bhavishyachallagolla/Desktop/RetailSense/.venv/lib/python3.12/site-packages/airflow/example_dags/tutorial_taskflow_templates.py
[2026-07-17T20:58:42.807+0530] {logging_mixin.py:190} INFO - [2026-07-17T20:58:42.807+0530] {dag.py:3239} INFO - Sync 1 DAGs
[2026-07-17T20:58:42.812+0530] {logging_mixin.py:190} INFO - [2026-07-17T20:58:42.812+0530] {dag.py:4180} INFO - Setting next_dagrun for tutorial_taskflow_templates to 2026-07-16 00:00:00+00:00, run_after=2026-07-17 00:00:00+00:00
[2026-07-17T20:58:42.817+0530] {processor.py:208} INFO - Processing /Users/bhavishyachallagolla/Desktop/RetailSense/.venv/lib/python3.12/site-packages/airflow/example_dags/tutorial_taskflow_templates.py took 0.047 seconds
[2026-07-17T20:59:33.110+0530] {processor.py:186} INFO - Started process (PID=91973) to work on /Users/bhavishyachallagolla/Desktop/RetailSense/.venv/lib/python3.12/site-packages/airflow/example_dags/tutorial_taskflow_templates.py
[2026-07-17T20:59:33.110+0530] {processor.py:914} INFO - Processing file /Users/bhavishyachallagolla/Desktop/RetailSense/.venv/lib/python3.12/site-packages/airflow/example_dags/tutorial_taskflow_templates.py for tasks to queue
[2026-07-17T20:59:33.110+0530] {logging_mixin.py:190} INFO - [2026-07-17T20:59:33.110+0530] {dagbag.py:588} INFO - Filling up the DagBag from /Users/bhavishyachallagolla/Desktop/RetailSense/.venv/lib/python3.12/site-packages/airflow/example_dags/tutorial_taskflow_templates.py
[2026-07-17T20:59:33.122+0530] {processor.py:925} INFO - DAG(s) 'tutorial_taskflow_templates' retrieved from /Users/bhavishyachallagolla/Desktop/RetailSense/.venv/lib/python3.12/site-packages/airflow/example_dags/tutorial_taskflow_templates.py
[2026-07-17T20:59:33.146+0530] {logging_mixin.py:190} INFO - [2026-07-17T20:59:33.146+0530] {dag.py:3239} INFO - Sync 1 DAGs
[2026-07-17T20:59:33.151+0530] {logging_mixin.py:190} INFO - [2026-07-17T20:59:33.151+0530] {dag.py:4180} INFO - Setting next_dagrun for tutorial_taskflow_templates to 2026-07-16 00:00:00+00:00, run_after=2026-07-17 00:00:00+00:00
[2026-07-17T20:59:33.155+0530] {processor.py:208} INFO - Processing /Users/bhavishyachallagolla/Desktop/RetailSense/.venv/lib/python3.12/site-packages/airflow/example_dags/tutorial_taskflow_templates.py took 0.047 seconds
[2026-07-17T22:22:12.279+0530] {processor.py:186} INFO - Started process (PID=92057) to work on /Users/bhavishyachallagolla/Desktop/RetailSense/.venv/lib/python3.12/site-packages/airflow/example_dags/tutorial_taskflow_templates.py
[2026-07-17T22:22:12.281+0530] {processor.py:914} INFO - Processing file /Users/bhavishyachallagolla/Desktop/RetailSense/.venv/lib/python3.12/site-packages/airflow/example_dags/tutorial_taskflow_templates.py for tasks to queue
[2026-07-17T22:22:12.281+0530] {logging_mixin.py:190} INFO - [2026-07-17T22:22:12.281+0530] {dagbag.py:588} INFO - Filling up the DagBag from /Users/bhavishyachallagolla/Desktop/RetailSense/.venv/lib/python3.12/site-packages/airflow/example_dags/tutorial_taskflow_templates.py
[2026-07-17T22:22:12.298+0530] {processor.py:925} INFO - DAG(s) 'tutorial_taskflow_templates' retrieved from /Users/bhavishyachallagolla/Desktop/RetailSense/.venv/lib/python3.12/site-packages/airflow/example_dags/tutorial_taskflow_templates.py
[2026-07-17T22:22:12.321+0530] {logging_mixin.py:190} INFO - [2026-07-17T22:22:12.321+0530] {dag.py:3239} INFO - Sync 1 DAGs
[2026-07-17T22:22:12.325+0530] {logging_mixin.py:190} INFO - [2026-07-17T22:22:12.325+0530] {dag.py:4180} INFO - Setting next_dagrun for tutorial_taskflow_templates to 2026-07-16 00:00:00+00:00, run_after=2026-07-17 00:00:00+00:00
[2026-07-17T22:22:12.329+0530] {processor.py:208} INFO - Processing /Users/bhavishyachallagolla/Desktop/RetailSense/.venv/lib/python3.12/site-packages/airflow/example_dags/tutorial_taskflow_templates.py took 0.051 seconds
[2026-07-17T22:23:30.501+0530] {processor.py:186} INFO - Started process (PID=92199) to work on /Users/bhavishyachallagolla/Desktop/RetailSense/.venv/lib/python3.12/site-packages/airflow/example_dags/tutorial_taskflow_templates.py
[2026-07-17T22:23:30.503+0530] {processor.py:914} INFO - Processing file /Users/bhavishyachallagolla/Desktop/RetailSense/.venv/lib/python3.12/site-packages/airflow/example_dags/tutorial_taskflow_templates.py for tasks to queue
[2026-07-17T22:23:30.503+0530] {logging_mixin.py:190} INFO - [2026-07-17T22:23:30.503+0530] {dagbag.py:588} INFO - Filling up the DagBag from /Users/bhavishyachallagolla/Desktop/RetailSense/.venv/lib/python3.12/site-packages/airflow/example_dags/tutorial_taskflow_templates.py
[2026-07-17T22:23:30.516+0530] {processor.py:925} INFO - DAG(s) 'tutorial_taskflow_templates' retrieved from /Users/bhavishyachallagolla/Desktop/RetailSense/.venv/lib/python3.12/site-packages/airflow/example_dags/tutorial_taskflow_templates.py
[2026-07-17T22:23:30.540+0530] {logging_mixin.py:190} INFO - [2026-07-17T22:23:30.540+0530] {dag.py:3239} INFO - Sync 1 DAGs
[2026-07-17T22:23:30.544+0530] {logging_mixin.py:190} INFO - [2026-07-17T22:23:30.544+0530] {dag.py:4180} INFO - Setting next_dagrun for tutorial_taskflow_templates to 2026-07-16 00:00:00+00:00, run_after=2026-07-17 00:00:00+00:00
[2026-07-17T22:23:30.549+0530] {processor.py:208} INFO - Processing /Users/bhavishyachallagolla/Desktop/RetailSense/.venv/lib/python3.12/site-packages/airflow/example_dags/tutorial_taskflow_templates.py took 0.048 seconds
[2026-07-17T22:24:20.527+0530] {processor.py:186} INFO - Started process (PID=92277) to work on /Users/bhavishyachallagolla/Desktop/RetailSense/.venv/lib/python3.12/site-packages/airflow/example_dags/tutorial_taskflow_templates.py
[2026-07-17T22:24:20.528+0530] {processor.py:914} INFO - Processing file /Users/bhavishyachallagolla/Desktop/RetailSense/.venv/lib/python3.12/site-packages/airflow/example_dags/tutorial_taskflow_templates.py for tasks to queue
[2026-07-17T22:24:20.528+0530] {logging_mixin.py:190} INFO - [2026-07-17T22:24:20.528+0530] {dagbag.py:588} INFO - Filling up the DagBag from /Users/bhavishyachallagolla/Desktop/RetailSense/.venv/lib/python3.12/site-packages/airflow/example_dags/tutorial_taskflow_templates.py
[2026-07-17T22:24:20.540+0530] {processor.py:925} INFO - DAG(s) 'tutorial_taskflow_templates' retrieved from /Users/bhavishyachallagolla/Desktop/RetailSense/.venv/lib/python3.12/site-packages/airflow/example_dags/tutorial_taskflow_templates.py
[2026-07-17T22:24:20.564+0530] {logging_mixin.py:190} INFO - [2026-07-17T22:24:20.564+0530] {dag.py:3239} INFO - Sync 1 DAGs
[2026-07-17T22:24:20.569+0530] {logging_mixin.py:190} INFO - [2026-07-17T22:24:20.568+0530] {dag.py:4180} INFO - Setting next_dagrun for tutorial_taskflow_templates to 2026-07-16 00:00:00+00:00, run_after=2026-07-17 00:00:00+00:00
[2026-07-17T22:24:20.573+0530] {processor.py:208} INFO - Processing /Users/bhavishyachallagolla/Desktop/RetailSense/.venv/lib/python3.12/site-packages/airflow/example_dags/tutorial_taskflow_templates.py took 0.047 seconds
[2026-07-17T22:25:10.901+0530] {processor.py:186} INFO - Started process (PID=92351) to work on /Users/bhavishyachallagolla/Desktop/RetailSense/.venv/lib/python3.12/site-packages/airflow/example_dags/tutorial_taskflow_templates.py
[2026-07-17T22:25:10.901+0530] {processor.py:914} INFO - Processing file /Users/bhavishyachallagolla/Desktop/RetailSense/.venv/lib/python3.12/site-packages/airflow/example_dags/tutorial_taskflow_templates.py for tasks to queue
[2026-07-17T22:25:10.901+0530] {logging_mixin.py:190} INFO - [2026-07-17T22:25:10.901+0530] {dagbag.py:588} INFO - Filling up the DagBag from /Users/bhavishyachallagolla/Desktop/RetailSense/.venv/lib/python3.12/site-packages/airflow/example_dags/tutorial_taskflow_templates.py
[2026-07-17T22:25:10.913+0530] {processor.py:925} INFO - DAG(s) 'tutorial_taskflow_templates' retrieved from /Users/bhavishyachallagolla/Desktop/RetailSense/.venv/lib/python3.12/site-packages/airflow/example_dags/tutorial_taskflow_templates.py
[2026-07-17T22:25:10.937+0530] {logging_mixin.py:190} INFO - [2026-07-17T22:25:10.937+0530] {dag.py:3239} INFO - Sync 1 DAGs
[2026-07-17T22:25:10.941+0530] {logging_mixin.py:190} INFO - [2026-07-17T22:25:10.941+0530] {dag.py:4180} INFO - Setting next_dagrun for tutorial_taskflow_templates to 2026-07-16 00:00:00+00:00, run_after=2026-07-17 00:00:00+00:00
[2026-07-17T22:25:10.946+0530] {processor.py:208} INFO - Processing /Users/bhavishyachallagolla/Desktop/RetailSense/.venv/lib/python3.12/site-packages/airflow/example_dags/tutorial_taskflow_templates.py took 0.046 seconds
[2026-07-17T22:26:00.067+0530] {processor.py:186} INFO - Started process (PID=92427) to work on /Users/bhavishyachallagolla/Desktop/RetailSense/.venv/lib/python3.12/site-packages/airflow/example_dags/tutorial_taskflow_templates.py
[2026-07-17T22:26:00.068+0530] {processor.py:914} INFO - Processing file /Users/bhavishyachallagolla/Desktop/RetailSense/.venv/lib/python3.12/site-packages/airflow/example_dags/tutorial_taskflow_templates.py for tasks to queue
[2026-07-17T22:26:00.068+0530] {logging_mixin.py:190} INFO - [2026-07-17T22:26:00.068+0530] {dagbag.py:588} INFO - Filling up the DagBag from /Users/bhavishyachallagolla/Desktop/RetailSense/.venv/lib/python3.12/site-packages/airflow/example_dags/tutorial_taskflow_templates.py
[2026-07-17T22:26:00.080+0530] {processor.py:925} INFO - DAG(s) 'tutorial_taskflow_templates' retrieved from /Users/bhavishyachallagolla/Desktop/RetailSense/.venv/lib/python3.12/site-packages/airflow/example_dags/tutorial_taskflow_templates.py
[2026-07-17T22:26:00.103+0530] {logging_mixin.py:190} INFO - [2026-07-17T22:26:00.103+0530] {dag.py:3239} INFO - Sync 1 DAGs
[2026-07-17T22:26:00.108+0530] {logging_mixin.py:190} INFO - [2026-07-17T22:26:00.108+0530] {dag.py:4180} INFO - Setting next_dagrun for tutorial_taskflow_templates to 2026-07-16 00:00:00+00:00, run_after=2026-07-17 00:00:00+00:00
[2026-07-17T22:26:00.112+0530] {processor.py:208} INFO - Processing /Users/bhavishyachallagolla/Desktop/RetailSense/.venv/lib/python3.12/site-packages/airflow/example_dags/tutorial_taskflow_templates.py took 0.046 seconds
[2026-07-17T22:26:50.997+0530] {processor.py:186} INFO - Started process (PID=92501) to work on /Users/bhavishyachallagolla/Desktop/RetailSense/.venv/lib/python3.12/site-packages/airflow/example_dags/tutorial_taskflow_templates.py
[2026-07-17T22:26:50.999+0530] {processor.py:914} INFO - Processing file /Users/bhavishyachallagolla/Desktop/RetailSense/.venv/lib/python3.12/site-packages/airflow/example_dags/tutorial_taskflow_templates.py for tasks to queue
[2026-07-17T22:26:51.000+0530] {logging_mixin.py:190} INFO - [2026-07-17T22:26:51.000+0530] {dagbag.py:588} INFO - Filling up the DagBag from /Users/bhavishyachallagolla/Desktop/RetailSense/.venv/lib/python3.12/site-packages/airflow/example_dags/tutorial_taskflow_templates.py
[2026-07-17T22:26:51.012+0530] {processor.py:925} INFO - DAG(s) 'tutorial_taskflow_templates' retrieved from /Users/bhavishyachallagolla/Desktop/RetailSense/.venv/lib/python3.12/site-packages/airflow/example_dags/tutorial_taskflow_templates.py
[2026-07-17T22:26:51.036+0530] {logging_mixin.py:190} INFO - [2026-07-17T22:26:51.036+0530] {dag.py:3239} INFO - Sync 1 DAGs
[2026-07-17T22:26:51.040+0530] {logging_mixin.py:190} INFO - [2026-07-17T22:26:51.040+0530] {dag.py:4180} INFO - Setting next_dagrun for tutorial_taskflow_templates to 2026-07-16 00:00:00+00:00, run_after=2026-07-17 00:00:00+00:00
[2026-07-17T22:26:51.045+0530] {processor.py:208} INFO - Processing /Users/bhavishyachallagolla/Desktop/RetailSense/.venv/lib/python3.12/site-packages/airflow/example_dags/tutorial_taskflow_templates.py took 0.049 seconds
[2026-07-17T22:27:40.793+0530] {processor.py:186} INFO - Started process (PID=92577) to work on /Users/bhavishyachallagolla/Desktop/RetailSense/.venv/lib/python3.12/site-packages/airflow/example_dags/tutorial_taskflow_templates.py
[2026-07-17T22:27:40.793+0530] {processor.py:914} INFO - Processing file /Users/bhavishyachallagolla/Desktop/RetailSense/.venv/lib/python3.12/site-packages/airflow/example_dags/tutorial_taskflow_templates.py for tasks to queue
[2026-07-17T22:27:40.793+0530] {logging_mixin.py:190} INFO - [2026-07-17T22:27:40.793+0530] {dagbag.py:588} INFO - Filling up the DagBag from /Users/bhavishyachallagolla/Desktop/RetailSense/.venv/lib/python3.12/site-packages/airflow/example_dags/tutorial_taskflow_templates.py
[2026-07-17T22:27:40.805+0530] {processor.py:925} INFO - DAG(s) 'tutorial_taskflow_templates' retrieved from /Users/bhavishyachallagolla/Desktop/RetailSense/.venv/lib/python3.12/site-packages/airflow/example_dags/tutorial_taskflow_templates.py
[2026-07-17T22:27:40.828+0530] {logging_mixin.py:190} INFO - [2026-07-17T22:27:40.828+0530] {dag.py:3239} INFO - Sync 1 DAGs
[2026-07-17T22:27:40.833+0530] {logging_mixin.py:190} INFO - [2026-07-17T22:27:40.833+0530] {dag.py:4180} INFO - Setting next_dagrun for tutorial_taskflow_templates to 2026-07-16 00:00:00+00:00, run_after=2026-07-17 00:00:00+00:00
[2026-07-17T22:27:40.837+0530] {processor.py:208} INFO - Processing /Users/bhavishyachallagolla/Desktop/RetailSense/.venv/lib/python3.12/site-packages/airflow/example_dags/tutorial_taskflow_templates.py took 0.046 seconds
[2026-07-17T22:28:31.149+0530] {processor.py:186} INFO - Started process (PID=92651) to work on /Users/bhavishyachallagolla/Desktop/RetailSense/.venv/lib/python3.12/site-packages/airflow/example_dags/tutorial_taskflow_templates.py
[2026-07-17T22:28:31.150+0530] {processor.py:914} INFO - Processing file /Users/bhavishyachallagolla/Desktop/RetailSense/.venv/lib/python3.12/site-packages/airflow/example_dags/tutorial_taskflow_templates.py for tasks to queue
[2026-07-17T22:28:31.150+0530] {logging_mixin.py:190} INFO - [2026-07-17T22:28:31.150+0530] {dagbag.py:588} INFO - Filling up the DagBag from /Users/bhavishyachallagolla/Desktop/RetailSense/.venv/lib/python3.12/site-packages/airflow/example_dags/tutorial_taskflow_templates.py
[2026-07-17T22:28:31.163+0530] {processor.py:925} INFO - DAG(s) 'tutorial_taskflow_templates' retrieved from /Users/bhavishyachallagolla/Desktop/RetailSense/.venv/lib/python3.12/site-packages/airflow/example_dags/tutorial_taskflow_templates.py
[2026-07-17T22:28:31.187+0530] {logging_mixin.py:190} INFO - [2026-07-17T22:28:31.187+0530] {dag.py:3239} INFO - Sync 1 DAGs
[2026-07-17T22:28:31.192+0530] {logging_mixin.py:190} INFO - [2026-07-17T22:28:31.192+0530] {dag.py:4180} INFO - Setting next_dagrun for tutorial_taskflow_templates to 2026-07-16 00:00:00+00:00, run_after=2026-07-17 00:00:00+00:00
[2026-07-17T22:28:31.197+0530] {processor.py:208} INFO - Processing /Users/bhavishyachallagolla/Desktop/RetailSense/.venv/lib/python3.12/site-packages/airflow/example_dags/tutorial_taskflow_templates.py took 0.049 seconds
[2026-07-17T22:29:20.153+0530] {processor.py:186} INFO - Started process (PID=92727) to work on /Users/bhavishyachallagolla/Desktop/RetailSense/.venv/lib/python3.12/site-packages/airflow/example_dags/tutorial_taskflow_templates.py
[2026-07-17T22:29:20.154+0530] {processor.py:914} INFO - Processing file /Users/bhavishyachallagolla/Desktop/RetailSense/.venv/lib/python3.12/site-packages/airflow/example_dags/tutorial_taskflow_templates.py for tasks to queue
[2026-07-17T22:29:20.155+0530] {logging_mixin.py:190} INFO - [2026-07-17T22:29:20.154+0530] {dagbag.py:588} INFO - Filling up the DagBag from /Users/bhavishyachallagolla/Desktop/RetailSense/.venv/lib/python3.12/site-packages/airflow/example_dags/tutorial_taskflow_templates.py
[2026-07-17T22:29:20.167+0530] {processor.py:925} INFO - DAG(s) 'tutorial_taskflow_templates' retrieved from /Users/bhavishyachallagolla/Desktop/RetailSense/.venv/lib/python3.12/site-packages/airflow/example_dags/tutorial_taskflow_templates.py
[2026-07-17T22:29:20.191+0530] {logging_mixin.py:190} INFO - [2026-07-17T22:29:20.191+0530] {dag.py:3239} INFO - Sync 1 DAGs
[2026-07-17T22:29:20.195+0530] {logging_mixin.py:190} INFO - [2026-07-17T22:29:20.195+0530] {dag.py:4180} INFO - Setting next_dagrun for tutorial_taskflow_templates to 2026-07-16 00:00:00+00:00, run_after=2026-07-17 00:00:00+00:00
[2026-07-17T22:29:20.200+0530] {processor.py:208} INFO - Processing /Users/bhavishyachallagolla/Desktop/RetailSense/.venv/lib/python3.12/site-packages/airflow/example_dags/tutorial_taskflow_templates.py took 0.048 seconds
[2026-07-17T22:30:07.427+0530] {processor.py:186} INFO - Started process (PID=92799) to work on /Users/bhavishyachallagolla/Desktop/RetailSense/.venv/lib/python3.12/site-packages/airflow/example_dags/tutorial_taskflow_templates.py
[2026-07-17T22:30:07.428+0530] {processor.py:914} INFO - Processing file /Users/bhavishyachallagolla/Desktop/RetailSense/.venv/lib/python3.12/site-packages/airflow/example_dags/tutorial_taskflow_templates.py for tasks to queue
[2026-07-17T22:30:07.428+0530] {logging_mixin.py:190} INFO - [2026-07-17T22:30:07.428+0530] {dagbag.py:588} INFO - Filling up the DagBag from /Users/bhavishyachallagolla/Desktop/RetailSense/.venv/lib/python3.12/site-packages/airflow/example_dags/tutorial_taskflow_templates.py
[2026-07-17T22:30:07.441+0530] {processor.py:925} INFO - DAG(s) 'tutorial_taskflow_templates' retrieved from /Users/bhavishyachallagolla/Desktop/RetailSense/.venv/lib/python3.12/site-packages/airflow/example_dags/tutorial_taskflow_templates.py
[2026-07-17T22:30:07.465+0530] {logging_mixin.py:190} INFO - [2026-07-17T22:30:07.465+0530] {dag.py:3239} INFO - Sync 1 DAGs
[2026-07-17T22:30:07.470+0530] {logging_mixin.py:190} INFO - [2026-07-17T22:30:07.470+0530] {dag.py:4180} INFO - Setting next_dagrun for tutorial_taskflow_templates to 2026-07-16 00:00:00+00:00, run_after=2026-07-17 00:00:00+00:00
[2026-07-17T22:30:07.475+0530] {processor.py:208} INFO - Processing /Users/bhavishyachallagolla/Desktop/RetailSense/.venv/lib/python3.12/site-packages/airflow/example_dags/tutorial_taskflow_templates.py took 0.049 seconds
[2026-07-17T22:30:58.638+0530] {processor.py:186} INFO - Started process (PID=92876) to work on /Users/bhavishyachallagolla/Desktop/RetailSense/.venv/lib/python3.12/site-packages/airflow/example_dags/tutorial_taskflow_templates.py
[2026-07-17T22:30:58.639+0530] {processor.py:914} INFO - Processing file /Users/bhavishyachallagolla/Desktop/RetailSense/.venv/lib/python3.12/site-packages/airflow/example_dags/tutorial_taskflow_templates.py for tasks to queue
[2026-07-17T22:30:58.639+0530] {logging_mixin.py:190} INFO - [2026-07-17T22:30:58.639+0530] {dagbag.py:588} INFO - Filling up the DagBag from /Users/bhavishyachallagolla/Desktop/RetailSense/.venv/lib/python3.12/site-packages/airflow/example_dags/tutorial_taskflow_templates.py
[2026-07-17T22:30:58.652+0530] {processor.py:925} INFO - DAG(s) 'tutorial_taskflow_templates' retrieved from /Users/bhavishyachallagolla/Desktop/RetailSense/.venv/lib/python3.12/site-packages/airflow/example_dags/tutorial_taskflow_templates.py
[2026-07-17T22:30:58.677+0530] {logging_mixin.py:190} INFO - [2026-07-17T22:30:58.677+0530] {dag.py:3239} INFO - Sync 1 DAGs
[2026-07-17T22:30:58.682+0530] {logging_mixin.py:190} INFO - [2026-07-17T22:30:58.681+0530] {dag.py:4180} INFO - Setting next_dagrun for tutorial_taskflow_templates to 2026-07-16 00:00:00+00:00, run_after=2026-07-17 00:00:00+00:00
[2026-07-17T22:30:58.686+0530] {processor.py:208} INFO - Processing /Users/bhavishyachallagolla/Desktop/RetailSense/.venv/lib/python3.12/site-packages/airflow/example_dags/tutorial_taskflow_templates.py took 0.049 seconds
[2026-07-17T22:31:49.686+0530] {processor.py:186} INFO - Started process (PID=92960) to work on /Users/bhavishyachallagolla/Desktop/RetailSense/.venv/lib/python3.12/site-packages/airflow/example_dags/tutorial_taskflow_templates.py
[2026-07-17T22:31:49.687+0530] {processor.py:914} INFO - Processing file /Users/bhavishyachallagolla/Desktop/RetailSense/.venv/lib/python3.12/site-packages/airflow/example_dags/tutorial_taskflow_templates.py for tasks to queue
[2026-07-17T22:31:49.687+0530] {logging_mixin.py:190} INFO - [2026-07-17T22:31:49.687+0530] {dagbag.py:588} INFO - Filling up the DagBag from /Users/bhavishyachallagolla/Desktop/RetailSense/.venv/lib/python3.12/site-packages/airflow/example_dags/tutorial_taskflow_templates.py
[2026-07-17T22:31:49.700+0530] {processor.py:925} INFO - DAG(s) 'tutorial_taskflow_templates' retrieved from /Users/bhavishyachallagolla/Desktop/RetailSense/.venv/lib/python3.12/site-packages/airflow/example_dags/tutorial_taskflow_templates.py
[2026-07-17T22:31:49.724+0530] {logging_mixin.py:190} INFO - [2026-07-17T22:31:49.724+0530] {dag.py:3239} INFO - Sync 1 DAGs
[2026-07-17T22:31:49.729+0530] {logging_mixin.py:190} INFO - [2026-07-17T22:31:49.729+0530] {dag.py:4180} INFO - Setting next_dagrun for tutorial_taskflow_templates to 2026-07-16 00:00:00+00:00, run_after=2026-07-17 00:00:00+00:00
[2026-07-17T22:31:49.734+0530] {processor.py:208} INFO - Processing /Users/bhavishyachallagolla/Desktop/RetailSense/.venv/lib/python3.12/site-packages/airflow/example_dags/tutorial_taskflow_templates.py took 0.049 seconds
[2026-07-17T22:32:40.530+0530] {processor.py:186} INFO - Started process (PID=93036) to work on /Users/bhavishyachallagolla/Desktop/RetailSense/.venv/lib/python3.12/site-packages/airflow/example_dags/tutorial_taskflow_templates.py
[2026-07-17T22:32:40.531+0530] {processor.py:914} INFO - Processing file /Users/bhavishyachallagolla/Desktop/RetailSense/.venv/lib/python3.12/site-packages/airflow/example_dags/tutorial_taskflow_templates.py for tasks to queue
[2026-07-17T22:32:40.531+0530] {logging_mixin.py:190} INFO - [2026-07-17T22:32:40.531+0530] {dagbag.py:588} INFO - Filling up the DagBag from /Users/bhavishyachallagolla/Desktop/RetailSense/.venv/lib/python3.12/site-packages/airflow/example_dags/tutorial_taskflow_templates.py
[2026-07-17T22:32:40.544+0530] {processor.py:925} INFO - DAG(s) 'tutorial_taskflow_templates' retrieved from /Users/bhavishyachallagolla/Desktop/RetailSense/.venv/lib/python3.12/site-packages/airflow/example_dags/tutorial_taskflow_templates.py
[2026-07-17T22:32:40.568+0530] {logging_mixin.py:190} INFO - [2026-07-17T22:32:40.568+0530] {dag.py:3239} INFO - Sync 1 DAGs
[2026-07-17T22:32:40.573+0530] {logging_mixin.py:190} INFO - [2026-07-17T22:32:40.572+0530] {dag.py:4180} INFO - Setting next_dagrun for tutorial_taskflow_templates to 2026-07-16 00:00:00+00:00, run_after=2026-07-17 00:00:00+00:00
[2026-07-17T22:32:40.577+0530] {processor.py:208} INFO - Processing /Users/bhavishyachallagolla/Desktop/RetailSense/.venv/lib/python3.12/site-packages/airflow/example_dags/tutorial_taskflow_templates.py took 0.048 seconds
[2026-07-17T22:33:29.892+0530] {processor.py:186} INFO - Started process (PID=93109) to work on /Users/bhavishyachallagolla/Desktop/RetailSense/.venv/lib/python3.12/site-packages/airflow/example_dags/tutorial_taskflow_templates.py
[2026-07-17T22:33:29.892+0530] {processor.py:914} INFO - Processing file /Users/bhavishyachallagolla/Desktop/RetailSense/.venv/lib/python3.12/site-packages/airflow/example_dags/tutorial_taskflow_templates.py for tasks to queue
[2026-07-17T22:33:29.893+0530] {logging_mixin.py:190} INFO - [2026-07-17T22:33:29.893+0530] {dagbag.py:588} INFO - Filling up the DagBag from /Users/bhavishyachallagolla/Desktop/RetailSense/.venv/lib/python3.12/site-packages/airflow/example_dags/tutorial_taskflow_templates.py
[2026-07-17T22:33:29.907+0530] {processor.py:925} INFO - DAG(s) 'tutorial_taskflow_templates' retrieved from /Users/bhavishyachallagolla/Desktop/RetailSense/.venv/lib/python3.12/site-packages/airflow/example_dags/tutorial_taskflow_templates.py
[2026-07-17T22:33:29.932+0530] {logging_mixin.py:190} INFO - [2026-07-17T22:33:29.932+0530] {dag.py:3239} INFO - Sync 1 DAGs
[2026-07-17T22:33:29.937+0530] {logging_mixin.py:190} INFO - [2026-07-17T22:33:29.937+0530] {dag.py:4180} INFO - Setting next_dagrun for tutorial_taskflow_templates to 2026-07-16 00:00:00+00:00, run_after=2026-07-17 00:00:00+00:00
[2026-07-17T22:33:29.941+0530] {processor.py:208} INFO - Processing /Users/bhavishyachallagolla/Desktop/RetailSense/.venv/lib/python3.12/site-packages/airflow/example_dags/tutorial_taskflow_templates.py took 0.051 seconds
[2026-07-17T22:34:18.483+0530] {processor.py:186} INFO - Started process (PID=93182) to work on /Users/bhavishyachallagolla/Desktop/RetailSense/.venv/lib/python3.12/site-packages/airflow/example_dags/tutorial_taskflow_templates.py
[2026-07-17T22:34:18.483+0530] {processor.py:914} INFO - Processing file /Users/bhavishyachallagolla/Desktop/RetailSense/.venv/lib/python3.12/site-packages/airflow/example_dags/tutorial_taskflow_templates.py for tasks to queue
[2026-07-17T22:34:18.484+0530] {logging_mixin.py:190} INFO - [2026-07-17T22:34:18.484+0530] {dagbag.py:588} INFO - Filling up the DagBag from /Users/bhavishyachallagolla/Desktop/RetailSense/.venv/lib/python3.12/site-packages/airflow/example_dags/tutorial_taskflow_templates.py
[2026-07-17T22:34:18.497+0530] {processor.py:925} INFO - DAG(s) 'tutorial_taskflow_templates' retrieved from /Users/bhavishyachallagolla/Desktop/RetailSense/.venv/lib/python3.12/site-packages/airflow/example_dags/tutorial_taskflow_templates.py
[2026-07-17T22:34:18.522+0530] {logging_mixin.py:190} INFO - [2026-07-17T22:34:18.522+0530] {dag.py:3239} INFO - Sync 1 DAGs
[2026-07-17T22:34:18.527+0530] {logging_mixin.py:190} INFO - [2026-07-17T22:34:18.527+0530] {dag.py:4180} INFO - Setting next_dagrun for tutorial_taskflow_templates to 2026-07-16 00:00:00+00:00, run_after=2026-07-17 00:00:00+00:00
[2026-07-17T22:34:18.532+0530] {processor.py:208} INFO - Processing /Users/bhavishyachallagolla/Desktop/RetailSense/.venv/lib/python3.12/site-packages/airflow/example_dags/tutorial_taskflow_templates.py took 0.050 seconds
[2026-07-17T22:35:08.953+0530] {processor.py:186} INFO - Started process (PID=93257) to work on /Users/bhavishyachallagolla/Desktop/RetailSense/.venv/lib/python3.12/site-packages/airflow/example_dags/tutorial_taskflow_templates.py
[2026-07-17T22:35:08.953+0530] {processor.py:914} INFO - Processing file /Users/bhavishyachallagolla/Desktop/RetailSense/.venv/lib/python3.12/site-packages/airflow/example_dags/tutorial_taskflow_templates.py for tasks to queue
[2026-07-17T22:35:08.954+0530] {logging_mixin.py:190} INFO - [2026-07-17T22:35:08.954+0530] {dagbag.py:588} INFO - Filling up the DagBag from /Users/bhavishyachallagolla/Desktop/RetailSense/.venv/lib/python3.12/site-packages/airflow/example_dags/tutorial_taskflow_templates.py
[2026-07-17T22:35:08.967+0530] {processor.py:925} INFO - DAG(s) 'tutorial_taskflow_templates' retrieved from /Users/bhavishyachallagolla/Desktop/RetailSense/.venv/lib/python3.12/site-packages/airflow/example_dags/tutorial_taskflow_templates.py
[2026-07-17T22:35:08.992+0530] {logging_mixin.py:190} INFO - [2026-07-17T22:35:08.992+0530] {dag.py:3239} INFO - Sync 1 DAGs
[2026-07-17T22:35:08.997+0530] {logging_mixin.py:190} INFO - [2026-07-17T22:35:08.997+0530] {dag.py:4180} INFO - Setting next_dagrun for tutorial_taskflow_templates to 2026-07-16 00:00:00+00:00, run_after=2026-07-17 00:00:00+00:00
[2026-07-17T22:35:09.002+0530] {processor.py:208} INFO - Processing /Users/bhavishyachallagolla/Desktop/RetailSense/.venv/lib/python3.12/site-packages/airflow/example_dags/tutorial_taskflow_templates.py took 0.050 seconds
[2026-07-17T22:35:59.478+0530] {processor.py:186} INFO - Started process (PID=93333) to work on /Users/bhavishyachallagolla/Desktop/RetailSense/.venv/lib/python3.12/site-packages/airflow/example_dags/tutorial_taskflow_templates.py
[2026-07-17T22:35:59.479+0530] {processor.py:914} INFO - Processing file /Users/bhavishyachallagolla/Desktop/RetailSense/.venv/lib/python3.12/site-packages/airflow/example_dags/tutorial_taskflow_templates.py for tasks to queue
[2026-07-17T22:35:59.479+0530] {logging_mixin.py:190} INFO - [2026-07-17T22:35:59.479+0530] {dagbag.py:588} INFO - Filling up the DagBag from /Users/bhavishyachallagolla/Desktop/RetailSense/.venv/lib/python3.12/site-packages/airflow/example_dags/tutorial_taskflow_templates.py
[2026-07-17T22:35:59.492+0530] {processor.py:925} INFO - DAG(s) 'tutorial_taskflow_templates' retrieved from /Users/bhavishyachallagolla/Desktop/RetailSense/.venv/lib/python3.12/site-packages/airflow/example_dags/tutorial_taskflow_templates.py
[2026-07-17T22:35:59.516+0530] {logging_mixin.py:190} INFO - [2026-07-17T22:35:59.515+0530] {dag.py:3239} INFO - Sync 1 DAGs
[2026-07-17T22:35:59.520+0530] {logging_mixin.py:190} INFO - [2026-07-17T22:35:59.520+0530] {dag.py:4180} INFO - Setting next_dagrun for tutorial_taskflow_templates to 2026-07-16 00:00:00+00:00, run_after=2026-07-17 00:00:00+00:00
[2026-07-17T22:35:59.525+0530] {processor.py:208} INFO - Processing /Users/bhavishyachallagolla/Desktop/RetailSense/.venv/lib/python3.12/site-packages/airflow/example_dags/tutorial_taskflow_templates.py took 0.048 seconds
[2026-07-17T22:36:49.933+0530] {processor.py:186} INFO - Started process (PID=93407) to work on /Users/bhavishyachallagolla/Desktop/RetailSense/.venv/lib/python3.12/site-packages/airflow/example_dags/tutorial_taskflow_templates.py
[2026-07-17T22:36:49.933+0530] {processor.py:914} INFO - Processing file /Users/bhavishyachallagolla/Desktop/RetailSense/.venv/lib/python3.12/site-packages/airflow/example_dags/tutorial_taskflow_templates.py for tasks to queue
[2026-07-17T22:36:49.934+0530] {logging_mixin.py:190} INFO - [2026-07-17T22:36:49.934+0530] {dagbag.py:588} INFO - Filling up the DagBag from /Users/bhavishyachallagolla/Desktop/RetailSense/.venv/lib/python3.12/site-packages/airflow/example_dags/tutorial_taskflow_templates.py
[2026-07-17T22:36:49.946+0530] {processor.py:925} INFO - DAG(s) 'tutorial_taskflow_templates' retrieved from /Users/bhavishyachallagolla/Desktop/RetailSense/.venv/lib/python3.12/site-packages/airflow/example_dags/tutorial_taskflow_templates.py
[2026-07-17T22:36:49.970+0530] {logging_mixin.py:190} INFO - [2026-07-17T22:36:49.970+0530] {dag.py:3239} INFO - Sync 1 DAGs
[2026-07-17T22:36:49.975+0530] {logging_mixin.py:190} INFO - [2026-07-17T22:36:49.975+0530] {dag.py:4180} INFO - Setting next_dagrun for tutorial_taskflow_templates to 2026-07-16 00:00:00+00:00, run_after=2026-07-17 00:00:00+00:00
[2026-07-17T22:36:49.979+0530] {processor.py:208} INFO - Processing /Users/bhavishyachallagolla/Desktop/RetailSense/.venv/lib/python3.12/site-packages/airflow/example_dags/tutorial_taskflow_templates.py took 0.047 seconds
[2026-07-17T22:37:40.377+0530] {processor.py:186} INFO - Started process (PID=93492) to work on /Users/bhavishyachallagolla/Desktop/RetailSense/.venv/lib/python3.12/site-packages/airflow/example_dags/tutorial_taskflow_templates.py
[2026-07-17T22:37:40.377+0530] {processor.py:914} INFO - Processing file /Users/bhavishyachallagolla/Desktop/RetailSense/.venv/lib/python3.12/site-packages/airflow/example_dags/tutorial_taskflow_templates.py for tasks to queue
[2026-07-17T22:37:40.377+0530] {logging_mixin.py:190} INFO - [2026-07-17T22:37:40.377+0530] {dagbag.py:588} INFO - Filling up the DagBag from /Users/bhavishyachallagolla/Desktop/RetailSense/.venv/lib/python3.12/site-packages/airflow/example_dags/tutorial_taskflow_templates.py
[2026-07-17T22:37:40.390+0530] {processor.py:925} INFO - DAG(s) 'tutorial_taskflow_templates' retrieved from /Users/bhavishyachallagolla/Desktop/RetailSense/.venv/lib/python3.12/site-packages/airflow/example_dags/tutorial_taskflow_templates.py
[2026-07-17T22:37:40.415+0530] {logging_mixin.py:190} INFO - [2026-07-17T22:37:40.415+0530] {dag.py:3239} INFO - Sync 1 DAGs
[2026-07-17T22:37:40.419+0530] {logging_mixin.py:190} INFO - [2026-07-17T22:37:40.419+0530] {dag.py:4180} INFO - Setting next_dagrun for tutorial_taskflow_templates to 2026-07-16 00:00:00+00:00, run_after=2026-07-17 00:00:00+00:00
[2026-07-17T22:37:40.424+0530] {processor.py:208} INFO - Processing /Users/bhavishyachallagolla/Desktop/RetailSense/.venv/lib/python3.12/site-packages/airflow/example_dags/tutorial_taskflow_templates.py took 0.048 seconds
[2026-07-17T22:38:30.374+0530] {processor.py:186} INFO - Started process (PID=93567) to work on /Users/bhavishyachallagolla/Desktop/RetailSense/.venv/lib/python3.12/site-packages/airflow/example_dags/tutorial_taskflow_templates.py
[2026-07-17T22:38:30.375+0530] {processor.py:914} INFO - Processing file /Users/bhavishyachallagolla/Desktop/RetailSense/.venv/lib/python3.12/site-packages/airflow/example_dags/tutorial_taskflow_templates.py for tasks to queue
[2026-07-17T22:38:30.375+0530] {logging_mixin.py:190} INFO - [2026-07-17T22:38:30.375+0530] {dagbag.py:588} INFO - Filling up the DagBag from /Users/bhavishyachallagolla/Desktop/RetailSense/.venv/lib/python3.12/site-packages/airflow/example_dags/tutorial_taskflow_templates.py
[2026-07-17T22:38:30.387+0530] {processor.py:925} INFO - DAG(s) 'tutorial_taskflow_templates' retrieved from /Users/bhavishyachallagolla/Desktop/RetailSense/.venv/lib/python3.12/site-packages/airflow/example_dags/tutorial_taskflow_templates.py
[2026-07-17T22:38:30.411+0530] {logging_mixin.py:190} INFO - [2026-07-17T22:38:30.411+0530] {dag.py:3239} INFO - Sync 1 DAGs
[2026-07-17T22:38:30.416+0530] {logging_mixin.py:190} INFO - [2026-07-17T22:38:30.416+0530] {dag.py:4180} INFO - Setting next_dagrun for tutorial_taskflow_templates to 2026-07-16 00:00:00+00:00, run_after=2026-07-17 00:00:00+00:00
[2026-07-17T22:38:30.421+0530] {processor.py:208} INFO - Processing /Users/bhavishyachallagolla/Desktop/RetailSense/.venv/lib/python3.12/site-packages/airflow/example_dags/tutorial_taskflow_templates.py took 0.047 seconds
[2026-07-17T22:39:19.884+0530] {processor.py:186} INFO - Started process (PID=93641) to work on /Users/bhavishyachallagolla/Desktop/RetailSense/.venv/lib/python3.12/site-packages/airflow/example_dags/tutorial_taskflow_templates.py
[2026-07-17T22:39:19.885+0530] {processor.py:914} INFO - Processing file /Users/bhavishyachallagolla/Desktop/RetailSense/.venv/lib/python3.12/site-packages/airflow/example_dags/tutorial_taskflow_templates.py for tasks to queue
[2026-07-17T22:39:19.885+0530] {logging_mixin.py:190} INFO - [2026-07-17T22:39:19.885+0530] {dagbag.py:588} INFO - Filling up the DagBag from /Users/bhavishyachallagolla/Desktop/RetailSense/.venv/lib/python3.12/site-packages/airflow/example_dags/tutorial_taskflow_templates.py
[2026-07-17T22:39:19.897+0530] {processor.py:925} INFO - DAG(s) 'tutorial_taskflow_templates' retrieved from /Users/bhavishyachallagolla/Desktop/RetailSense/.venv/lib/python3.12/site-packages/airflow/example_dags/tutorial_taskflow_templates.py
[2026-07-17T22:39:19.921+0530] {logging_mixin.py:190} INFO - [2026-07-17T22:39:19.920+0530] {dag.py:3239} INFO - Sync 1 DAGs
[2026-07-17T22:39:19.925+0530] {logging_mixin.py:190} INFO - [2026-07-17T22:39:19.925+0530] {dag.py:4180} INFO - Setting next_dagrun for tutorial_taskflow_templates to 2026-07-16 00:00:00+00:00, run_after=2026-07-17 00:00:00+00:00
[2026-07-17T22:39:19.930+0530] {processor.py:208} INFO - Processing /Users/bhavishyachallagolla/Desktop/RetailSense/.venv/lib/python3.12/site-packages/airflow/example_dags/tutorial_taskflow_templates.py took 0.046 seconds
[2026-07-17T22:40:10.381+0530] {processor.py:186} INFO - Started process (PID=93715) to work on /Users/bhavishyachallagolla/Desktop/RetailSense/.venv/lib/python3.12/site-packages/airflow/example_dags/tutorial_taskflow_templates.py
[2026-07-17T22:40:10.382+0530] {processor.py:914} INFO - Processing file /Users/bhavishyachallagolla/Desktop/RetailSense/.venv/lib/python3.12/site-packages/airflow/example_dags/tutorial_taskflow_templates.py for tasks to queue
[2026-07-17T22:40:10.382+0530] {logging_mixin.py:190} INFO - [2026-07-17T22:40:10.382+0530] {dagbag.py:588} INFO - Filling up the DagBag from /Users/bhavishyachallagolla/Desktop/RetailSense/.venv/lib/python3.12/site-packages/airflow/example_dags/tutorial_taskflow_templates.py
[2026-07-17T22:40:10.396+0530] {processor.py:925} INFO - DAG(s) 'tutorial_taskflow_templates' retrieved from /Users/bhavishyachallagolla/Desktop/RetailSense/.venv/lib/python3.12/site-packages/airflow/example_dags/tutorial_taskflow_templates.py
[2026-07-17T22:40:10.422+0530] {logging_mixin.py:190} INFO - [2026-07-17T22:40:10.422+0530] {dag.py:3239} INFO - Sync 1 DAGs
[2026-07-17T22:40:10.427+0530] {logging_mixin.py:190} INFO - [2026-07-17T22:40:10.427+0530] {dag.py:4180} INFO - Setting next_dagrun for tutorial_taskflow_templates to 2026-07-16 00:00:00+00:00, run_after=2026-07-17 00:00:00+00:00
[2026-07-17T22:40:10.432+0530] {processor.py:208} INFO - Processing /Users/bhavishyachallagolla/Desktop/RetailSense/.venv/lib/python3.12/site-packages/airflow/example_dags/tutorial_taskflow_templates.py took 0.052 seconds
[2026-07-17T22:40:59.579+0530] {processor.py:186} INFO - Started process (PID=93791) to work on /Users/bhavishyachallagolla/Desktop/RetailSense/.venv/lib/python3.12/site-packages/airflow/example_dags/tutorial_taskflow_templates.py
[2026-07-17T22:40:59.580+0530] {processor.py:914} INFO - Processing file /Users/bhavishyachallagolla/Desktop/RetailSense/.venv/lib/python3.12/site-packages/airflow/example_dags/tutorial_taskflow_templates.py for tasks to queue
[2026-07-17T22:40:59.580+0530] {logging_mixin.py:190} INFO - [2026-07-17T22:40:59.580+0530] {dagbag.py:588} INFO - Filling up the DagBag from /Users/bhavishyachallagolla/Desktop/RetailSense/.venv/lib/python3.12/site-packages/airflow/example_dags/tutorial_taskflow_templates.py
[2026-07-17T22:40:59.594+0530] {processor.py:925} INFO - DAG(s) 'tutorial_taskflow_templates' retrieved from /Users/bhavishyachallagolla/Desktop/RetailSense/.venv/lib/python3.12/site-packages/airflow/example_dags/tutorial_taskflow_templates.py
[2026-07-17T22:40:59.619+0530] {logging_mixin.py:190} INFO - [2026-07-17T22:40:59.619+0530] {dag.py:3239} INFO - Sync 1 DAGs
[2026-07-17T22:40:59.623+0530] {logging_mixin.py:190} INFO - [2026-07-17T22:40:59.623+0530] {dag.py:4180} INFO - Setting next_dagrun for tutorial_taskflow_templates to 2026-07-16 00:00:00+00:00, run_after=2026-07-17 00:00:00+00:00
[2026-07-17T22:40:59.628+0530] {processor.py:208} INFO - Processing /Users/bhavishyachallagolla/Desktop/RetailSense/.venv/lib/python3.12/site-packages/airflow/example_dags/tutorial_taskflow_templates.py took 0.050 seconds
[2026-07-17T22:41:50.990+0530] {processor.py:186} INFO - Started process (PID=93865) to work on /Users/bhavishyachallagolla/Desktop/RetailSense/.venv/lib/python3.12/site-packages/airflow/example_dags/tutorial_taskflow_templates.py
[2026-07-17T22:41:50.991+0530] {processor.py:914} INFO - Processing file /Users/bhavishyachallagolla/Desktop/RetailSense/.venv/lib/python3.12/site-packages/airflow/example_dags/tutorial_taskflow_templates.py for tasks to queue
[2026-07-17T22:41:50.991+0530] {logging_mixin.py:190} INFO - [2026-07-17T22:41:50.991+0530] {dagbag.py:588} INFO - Filling up the DagBag from /Users/bhavishyachallagolla/Desktop/RetailSense/.venv/lib/python3.12/site-packages/airflow/example_dags/tutorial_taskflow_templates.py
[2026-07-17T22:41:51.004+0530] {processor.py:925} INFO - DAG(s) 'tutorial_taskflow_templates' retrieved from /Users/bhavishyachallagolla/Desktop/RetailSense/.venv/lib/python3.12/site-packages/airflow/example_dags/tutorial_taskflow_templates.py
[2026-07-17T22:41:51.028+0530] {logging_mixin.py:190} INFO - [2026-07-17T22:41:51.028+0530] {dag.py:3239} INFO - Sync 1 DAGs
[2026-07-17T22:41:51.033+0530] {logging_mixin.py:190} INFO - [2026-07-17T22:41:51.033+0530] {dag.py:4180} INFO - Setting next_dagrun for tutorial_taskflow_templates to 2026-07-16 00:00:00+00:00, run_after=2026-07-17 00:00:00+00:00
[2026-07-17T22:41:51.037+0530] {processor.py:208} INFO - Processing /Users/bhavishyachallagolla/Desktop/RetailSense/.venv/lib/python3.12/site-packages/airflow/example_dags/tutorial_taskflow_templates.py took 0.049 seconds
[2026-07-17T22:42:41.611+0530] {processor.py:186} INFO - Started process (PID=93942) to work on /Users/bhavishyachallagolla/Desktop/RetailSense/.venv/lib/python3.12/site-packages/airflow/example_dags/tutorial_taskflow_templates.py
[2026-07-17T22:42:41.611+0530] {processor.py:914} INFO - Processing file /Users/bhavishyachallagolla/Desktop/RetailSense/.venv/lib/python3.12/site-packages/airflow/example_dags/tutorial_taskflow_templates.py for tasks to queue
[2026-07-17T22:42:41.611+0530] {logging_mixin.py:190} INFO - [2026-07-17T22:42:41.611+0530] {dagbag.py:588} INFO - Filling up the DagBag from /Users/bhavishyachallagolla/Desktop/RetailSense/.venv/lib/python3.12/site-packages/airflow/example_dags/tutorial_taskflow_templates.py
[2026-07-17T22:42:41.624+0530] {processor.py:925} INFO - DAG(s) 'tutorial_taskflow_templates' retrieved from /Users/bhavishyachallagolla/Desktop/RetailSense/.venv/lib/python3.12/site-packages/airflow/example_dags/tutorial_taskflow_templates.py
[2026-07-17T22:42:41.647+0530] {logging_mixin.py:190} INFO - [2026-07-17T22:42:41.647+0530] {dag.py:3239} INFO - Sync 1 DAGs
[2026-07-17T22:42:41.652+0530] {logging_mixin.py:190} INFO - [2026-07-17T22:42:41.652+0530] {dag.py:4180} INFO - Setting next_dagrun for tutorial_taskflow_templates to 2026-07-16 00:00:00+00:00, run_after=2026-07-17 00:00:00+00:00
[2026-07-17T22:42:41.656+0530] {processor.py:208} INFO - Processing /Users/bhavishyachallagolla/Desktop/RetailSense/.venv/lib/python3.12/site-packages/airflow/example_dags/tutorial_taskflow_templates.py took 0.047 seconds
[2026-07-17T22:43:32.114+0530] {processor.py:186} INFO - Started process (PID=94017) to work on /Users/bhavishyachallagolla/Desktop/RetailSense/.venv/lib/python3.12/site-packages/airflow/example_dags/tutorial_taskflow_templates.py
[2026-07-17T22:43:32.115+0530] {processor.py:914} INFO - Processing file /Users/bhavishyachallagolla/Desktop/RetailSense/.venv/lib/python3.12/site-packages/airflow/example_dags/tutorial_taskflow_templates.py for tasks to queue
[2026-07-17T22:43:32.115+0530] {logging_mixin.py:190} INFO - [2026-07-17T22:43:32.115+0530] {dagbag.py:588} INFO - Filling up the DagBag from /Users/bhavishyachallagolla/Desktop/RetailSense/.venv/lib/python3.12/site-packages/airflow/example_dags/tutorial_taskflow_templates.py
[2026-07-17T22:43:32.128+0530] {processor.py:925} INFO - DAG(s) 'tutorial_taskflow_templates' retrieved from /Users/bhavishyachallagolla/Desktop/RetailSense/.venv/lib/python3.12/site-packages/airflow/example_dags/tutorial_taskflow_templates.py
[2026-07-17T22:43:32.152+0530] {logging_mixin.py:190} INFO - [2026-07-17T22:43:32.152+0530] {dag.py:3239} INFO - Sync 1 DAGs
[2026-07-17T22:43:32.157+0530] {logging_mixin.py:190} INFO - [2026-07-17T22:43:32.157+0530] {dag.py:4180} INFO - Setting next_dagrun for tutorial_taskflow_templates to 2026-07-16 00:00:00+00:00, run_after=2026-07-17 00:00:00+00:00
[2026-07-17T22:43:32.161+0530] {processor.py:208} INFO - Processing /Users/bhavishyachallagolla/Desktop/RetailSense/.venv/lib/python3.12/site-packages/airflow/example_dags/tutorial_taskflow_templates.py took 0.048 seconds
[2026-07-17T22:44:22.487+0530] {processor.py:186} INFO - Started process (PID=94092) to work on /Users/bhavishyachallagolla/Desktop/RetailSense/.venv/lib/python3.12/site-packages/airflow/example_dags/tutorial_taskflow_templates.py
[2026-07-17T22:44:22.488+0530] {processor.py:914} INFO - Processing file /Users/bhavishyachallagolla/Desktop/RetailSense/.venv/lib/python3.12/site-packages/airflow/example_dags/tutorial_taskflow_templates.py for tasks to queue
[2026-07-17T22:44:22.488+0530] {logging_mixin.py:190} INFO - [2026-07-17T22:44:22.488+0530] {dagbag.py:588} INFO - Filling up the DagBag from /Users/bhavishyachallagolla/Desktop/RetailSense/.venv/lib/python3.12/site-packages/airflow/example_dags/tutorial_taskflow_templates.py
[2026-07-17T22:44:22.501+0530] {processor.py:925} INFO - DAG(s) 'tutorial_taskflow_templates' retrieved from /Users/bhavishyachallagolla/Desktop/RetailSense/.venv/lib/python3.12/site-packages/airflow/example_dags/tutorial_taskflow_templates.py
[2026-07-17T22:44:22.525+0530] {logging_mixin.py:190} INFO - [2026-07-17T22:44:22.525+0530] {dag.py:3239} INFO - Sync 1 DAGs
[2026-07-17T22:44:22.530+0530] {logging_mixin.py:190} INFO - [2026-07-17T22:44:22.530+0530] {dag.py:4180} INFO - Setting next_dagrun for tutorial_taskflow_templates to 2026-07-16 00:00:00+00:00, run_after=2026-07-17 00:00:00+00:00
[2026-07-17T22:44:22.535+0530] {processor.py:208} INFO - Processing /Users/bhavishyachallagolla/Desktop/RetailSense/.venv/lib/python3.12/site-packages/airflow/example_dags/tutorial_taskflow_templates.py took 0.048 seconds
[2026-07-17T22:45:11.989+0530] {processor.py:186} INFO - Started process (PID=94166) to work on /Users/bhavishyachallagolla/Desktop/RetailSense/.venv/lib/python3.12/site-packages/airflow/example_dags/tutorial_taskflow_templates.py
[2026-07-17T22:45:11.989+0530] {processor.py:914} INFO - Processing file /Users/bhavishyachallagolla/Desktop/RetailSense/.venv/lib/python3.12/site-packages/airflow/example_dags/tutorial_taskflow_templates.py for tasks to queue
[2026-07-17T22:45:11.990+0530] {logging_mixin.py:190} INFO - [2026-07-17T22:45:11.990+0530] {dagbag.py:588} INFO - Filling up the DagBag from /Users/bhavishyachallagolla/Desktop/RetailSense/.venv/lib/python3.12/site-packages/airflow/example_dags/tutorial_taskflow_templates.py
[2026-07-17T22:45:12.002+0530] {processor.py:925} INFO - DAG(s) 'tutorial_taskflow_templates' retrieved from /Users/bhavishyachallagolla/Desktop/RetailSense/.venv/lib/python3.12/site-packages/airflow/example_dags/tutorial_taskflow_templates.py
[2026-07-17T22:45:12.026+0530] {logging_mixin.py:190} INFO - [2026-07-17T22:45:12.026+0530] {dag.py:3239} INFO - Sync 1 DAGs
[2026-07-17T22:45:12.031+0530] {logging_mixin.py:190} INFO - [2026-07-17T22:45:12.030+0530] {dag.py:4180} INFO - Setting next_dagrun for tutorial_taskflow_templates to 2026-07-16 00:00:00+00:00, run_after=2026-07-17 00:00:00+00:00
[2026-07-17T22:45:12.035+0530] {processor.py:208} INFO - Processing /Users/bhavishyachallagolla/Desktop/RetailSense/.venv/lib/python3.12/site-packages/airflow/example_dags/tutorial_taskflow_templates.py took 0.047 seconds
[2026-07-17T22:46:00.343+0530] {processor.py:186} INFO - Started process (PID=94241) to work on /Users/bhavishyachallagolla/Desktop/RetailSense/.venv/lib/python3.12/site-packages/airflow/example_dags/tutorial_taskflow_templates.py
[2026-07-17T22:46:00.343+0530] {processor.py:914} INFO - Processing file /Users/bhavishyachallagolla/Desktop/RetailSense/.venv/lib/python3.12/site-packages/airflow/example_dags/tutorial_taskflow_templates.py for tasks to queue
[2026-07-17T22:46:00.343+0530] {logging_mixin.py:190} INFO - [2026-07-17T22:46:00.343+0530] {dagbag.py:588} INFO - Filling up the DagBag from /Users/bhavishyachallagolla/Desktop/RetailSense/.venv/lib/python3.12/site-packages/airflow/example_dags/tutorial_taskflow_templates.py
[2026-07-17T22:46:00.356+0530] {processor.py:925} INFO - DAG(s) 'tutorial_taskflow_templates' retrieved from /Users/bhavishyachallagolla/Desktop/RetailSense/.venv/lib/python3.12/site-packages/airflow/example_dags/tutorial_taskflow_templates.py
[2026-07-17T22:46:00.380+0530] {logging_mixin.py:190} INFO - [2026-07-17T22:46:00.380+0530] {dag.py:3239} INFO - Sync 1 DAGs
[2026-07-17T22:46:00.384+0530] {logging_mixin.py:190} INFO - [2026-07-17T22:46:00.384+0530] {dag.py:4180} INFO - Setting next_dagrun for tutorial_taskflow_templates to 2026-07-16 00:00:00+00:00, run_after=2026-07-17 00:00:00+00:00
[2026-07-17T22:46:00.389+0530] {processor.py:208} INFO - Processing /Users/bhavishyachallagolla/Desktop/RetailSense/.venv/lib/python3.12/site-packages/airflow/example_dags/tutorial_taskflow_templates.py took 0.047 seconds
[2026-07-17T22:46:47.930+0530] {processor.py:186} INFO - Started process (PID=94312) to work on /Users/bhavishyachallagolla/Desktop/RetailSense/.venv/lib/python3.12/site-packages/airflow/example_dags/tutorial_taskflow_templates.py
[2026-07-17T22:46:47.931+0530] {processor.py:914} INFO - Processing file /Users/bhavishyachallagolla/Desktop/RetailSense/.venv/lib/python3.12/site-packages/airflow/example_dags/tutorial_taskflow_templates.py for tasks to queue
[2026-07-17T22:46:47.931+0530] {logging_mixin.py:190} INFO - [2026-07-17T22:46:47.931+0530] {dagbag.py:588} INFO - Filling up the DagBag from /Users/bhavishyachallagolla/Desktop/RetailSense/.venv/lib/python3.12/site-packages/airflow/example_dags/tutorial_taskflow_templates.py
[2026-07-17T22:46:47.943+0530] {processor.py:925} INFO - DAG(s) 'tutorial_taskflow_templates' retrieved from /Users/bhavishyachallagolla/Desktop/RetailSense/.venv/lib/python3.12/site-packages/airflow/example_dags/tutorial_taskflow_templates.py
[2026-07-17T22:46:47.967+0530] {logging_mixin.py:190} INFO - [2026-07-17T22:46:47.967+0530] {dag.py:3239} INFO - Sync 1 DAGs
[2026-07-17T22:46:47.972+0530] {logging_mixin.py:190} INFO - [2026-07-17T22:46:47.971+0530] {dag.py:4180} INFO - Setting next_dagrun for tutorial_taskflow_templates to 2026-07-16 00:00:00+00:00, run_after=2026-07-17 00:00:00+00:00
[2026-07-17T22:46:47.976+0530] {processor.py:208} INFO - Processing /Users/bhavishyachallagolla/Desktop/RetailSense/.venv/lib/python3.12/site-packages/airflow/example_dags/tutorial_taskflow_templates.py took 0.047 seconds
[2026-07-17T22:47:38.343+0530] {processor.py:186} INFO - Started process (PID=94388) to work on /Users/bhavishyachallagolla/Desktop/RetailSense/.venv/lib/python3.12/site-packages/airflow/example_dags/tutorial_taskflow_templates.py
[2026-07-17T22:47:38.344+0530] {processor.py:914} INFO - Processing file /Users/bhavishyachallagolla/Desktop/RetailSense/.venv/lib/python3.12/site-packages/airflow/example_dags/tutorial_taskflow_templates.py for tasks to queue
[2026-07-17T22:47:38.344+0530] {logging_mixin.py:190} INFO - [2026-07-17T22:47:38.344+0530] {dagbag.py:588} INFO - Filling up the DagBag from /Users/bhavishyachallagolla/Desktop/RetailSense/.venv/lib/python3.12/site-packages/airflow/example_dags/tutorial_taskflow_templates.py
[2026-07-17T22:47:38.356+0530] {processor.py:925} INFO - DAG(s) 'tutorial_taskflow_templates' retrieved from /Users/bhavishyachallagolla/Desktop/RetailSense/.venv/lib/python3.12/site-packages/airflow/example_dags/tutorial_taskflow_templates.py
[2026-07-17T22:47:38.381+0530] {logging_mixin.py:190} INFO - [2026-07-17T22:47:38.381+0530] {dag.py:3239} INFO - Sync 1 DAGs
[2026-07-17T22:47:38.385+0530] {logging_mixin.py:190} INFO - [2026-07-17T22:47:38.385+0530] {dag.py:4180} INFO - Setting next_dagrun for tutorial_taskflow_templates to 2026-07-16 00:00:00+00:00, run_after=2026-07-17 00:00:00+00:00
[2026-07-17T22:47:38.390+0530] {processor.py:208} INFO - Processing /Users/bhavishyachallagolla/Desktop/RetailSense/.venv/lib/python3.12/site-packages/airflow/example_dags/tutorial_taskflow_templates.py took 0.048 seconds
[2026-07-17T22:48:28.279+0530] {processor.py:186} INFO - Started process (PID=94463) to work on /Users/bhavishyachallagolla/Desktop/RetailSense/.venv/lib/python3.12/site-packages/airflow/example_dags/tutorial_taskflow_templates.py
[2026-07-17T22:48:28.279+0530] {processor.py:914} INFO - Processing file /Users/bhavishyachallagolla/Desktop/RetailSense/.venv/lib/python3.12/site-packages/airflow/example_dags/tutorial_taskflow_templates.py for tasks to queue
[2026-07-17T22:48:28.280+0530] {logging_mixin.py:190} INFO - [2026-07-17T22:48:28.280+0530] {dagbag.py:588} INFO - Filling up the DagBag from /Users/bhavishyachallagolla/Desktop/RetailSense/.venv/lib/python3.12/site-packages/airflow/example_dags/tutorial_taskflow_templates.py
[2026-07-17T22:48:28.292+0530] {processor.py:925} INFO - DAG(s) 'tutorial_taskflow_templates' retrieved from /Users/bhavishyachallagolla/Desktop/RetailSense/.venv/lib/python3.12/site-packages/airflow/example_dags/tutorial_taskflow_templates.py
[2026-07-17T22:48:28.317+0530] {logging_mixin.py:190} INFO - [2026-07-17T22:48:28.317+0530] {dag.py:3239} INFO - Sync 1 DAGs
[2026-07-17T22:48:28.321+0530] {logging_mixin.py:190} INFO - [2026-07-17T22:48:28.321+0530] {dag.py:4180} INFO - Setting next_dagrun for tutorial_taskflow_templates to 2026-07-16 00:00:00+00:00, run_after=2026-07-17 00:00:00+00:00
[2026-07-17T22:48:28.326+0530] {processor.py:208} INFO - Processing /Users/bhavishyachallagolla/Desktop/RetailSense/.venv/lib/python3.12/site-packages/airflow/example_dags/tutorial_taskflow_templates.py took 0.048 seconds
[2026-07-17T22:49:35.744+0530] {processor.py:186} INFO - Started process (PID=94541) to work on /Users/bhavishyachallagolla/Desktop/RetailSense/.venv/lib/python3.12/site-packages/airflow/example_dags/tutorial_taskflow_templates.py
[2026-07-17T22:49:35.745+0530] {processor.py:914} INFO - Processing file /Users/bhavishyachallagolla/Desktop/RetailSense/.venv/lib/python3.12/site-packages/airflow/example_dags/tutorial_taskflow_templates.py for tasks to queue
[2026-07-17T22:49:35.746+0530] {logging_mixin.py:190} INFO - [2026-07-17T22:49:35.746+0530] {dagbag.py:588} INFO - Filling up the DagBag from /Users/bhavishyachallagolla/Desktop/RetailSense/.venv/lib/python3.12/site-packages/airflow/example_dags/tutorial_taskflow_templates.py
[2026-07-17T22:49:35.758+0530] {processor.py:925} INFO - DAG(s) 'tutorial_taskflow_templates' retrieved from /Users/bhavishyachallagolla/Desktop/RetailSense/.venv/lib/python3.12/site-packages/airflow/example_dags/tutorial_taskflow_templates.py
[2026-07-17T22:49:35.783+0530] {logging_mixin.py:190} INFO - [2026-07-17T22:49:35.783+0530] {dag.py:3239} INFO - Sync 1 DAGs
[2026-07-17T22:49:35.788+0530] {logging_mixin.py:190} INFO - [2026-07-17T22:49:35.788+0530] {dag.py:4180} INFO - Setting next_dagrun for tutorial_taskflow_templates to 2026-07-16 00:00:00+00:00, run_after=2026-07-17 00:00:00+00:00
[2026-07-17T22:49:35.792+0530] {processor.py:208} INFO - Processing /Users/bhavishyachallagolla/Desktop/RetailSense/.venv/lib/python3.12/site-packages/airflow/example_dags/tutorial_taskflow_templates.py took 0.049 seconds
[2026-07-17T22:50:24.286+0530] {processor.py:186} INFO - Started process (PID=94617) to work on /Users/bhavishyachallagolla/Desktop/RetailSense/.venv/lib/python3.12/site-packages/airflow/example_dags/tutorial_taskflow_templates.py
[2026-07-17T22:50:24.287+0530] {processor.py:914} INFO - Processing file /Users/bhavishyachallagolla/Desktop/RetailSense/.venv/lib/python3.12/site-packages/airflow/example_dags/tutorial_taskflow_templates.py for tasks to queue
[2026-07-17T22:50:24.287+0530] {logging_mixin.py:190} INFO - [2026-07-17T22:50:24.287+0530] {dagbag.py:588} INFO - Filling up the DagBag from /Users/bhavishyachallagolla/Desktop/RetailSense/.venv/lib/python3.12/site-packages/airflow/example_dags/tutorial_taskflow_templates.py
[2026-07-17T22:50:24.299+0530] {processor.py:925} INFO - DAG(s) 'tutorial_taskflow_templates' retrieved from /Users/bhavishyachallagolla/Desktop/RetailSense/.venv/lib/python3.12/site-packages/airflow/example_dags/tutorial_taskflow_templates.py
[2026-07-17T22:50:24.324+0530] {logging_mixin.py:190} INFO - [2026-07-17T22:50:24.324+0530] {dag.py:3239} INFO - Sync 1 DAGs
[2026-07-17T22:50:24.329+0530] {logging_mixin.py:190} INFO - [2026-07-17T22:50:24.328+0530] {dag.py:4180} INFO - Setting next_dagrun for tutorial_taskflow_templates to 2026-07-16 00:00:00+00:00, run_after=2026-07-17 00:00:00+00:00
[2026-07-17T22:50:24.333+0530] {processor.py:208} INFO - Processing /Users/bhavishyachallagolla/Desktop/RetailSense/.venv/lib/python3.12/site-packages/airflow/example_dags/tutorial_taskflow_templates.py took 0.048 seconds
[2026-07-17T22:51:13.411+0530] {processor.py:186} INFO - Started process (PID=94694) to work on /Users/bhavishyachallagolla/Desktop/RetailSense/.venv/lib/python3.12/site-packages/airflow/example_dags/tutorial_taskflow_templates.py
[2026-07-17T22:51:13.411+0530] {processor.py:914} INFO - Processing file /Users/bhavishyachallagolla/Desktop/RetailSense/.venv/lib/python3.12/site-packages/airflow/example_dags/tutorial_taskflow_templates.py for tasks to queue
[2026-07-17T22:51:13.412+0530] {logging_mixin.py:190} INFO - [2026-07-17T22:51:13.412+0530] {dagbag.py:588} INFO - Filling up the DagBag from /Users/bhavishyachallagolla/Desktop/RetailSense/.venv/lib/python3.12/site-packages/airflow/example_dags/tutorial_taskflow_templates.py
[2026-07-17T22:51:13.424+0530] {processor.py:925} INFO - DAG(s) 'tutorial_taskflow_templates' retrieved from /Users/bhavishyachallagolla/Desktop/RetailSense/.venv/lib/python3.12/site-packages/airflow/example_dags/tutorial_taskflow_templates.py
[2026-07-17T22:51:13.448+0530] {logging_mixin.py:190} INFO - [2026-07-17T22:51:13.448+0530] {dag.py:3239} INFO - Sync 1 DAGs
[2026-07-17T22:51:13.453+0530] {logging_mixin.py:190} INFO - [2026-07-17T22:51:13.453+0530] {dag.py:4180} INFO - Setting next_dagrun for tutorial_taskflow_templates to 2026-07-16 00:00:00+00:00, run_after=2026-07-17 00:00:00+00:00
[2026-07-17T22:51:13.457+0530] {processor.py:208} INFO - Processing /Users/bhavishyachallagolla/Desktop/RetailSense/.venv/lib/python3.12/site-packages/airflow/example_dags/tutorial_taskflow_templates.py took 0.048 seconds
[2026-07-17T22:52:03.237+0530] {processor.py:186} INFO - Started process (PID=94770) to work on /Users/bhavishyachallagolla/Desktop/RetailSense/.venv/lib/python3.12/site-packages/airflow/example_dags/tutorial_taskflow_templates.py
[2026-07-17T22:52:03.238+0530] {processor.py:914} INFO - Processing file /Users/bhavishyachallagolla/Desktop/RetailSense/.venv/lib/python3.12/site-packages/airflow/example_dags/tutorial_taskflow_templates.py for tasks to queue
[2026-07-17T22:52:03.238+0530] {logging_mixin.py:190} INFO - [2026-07-17T22:52:03.238+0530] {dagbag.py:588} INFO - Filling up the DagBag from /Users/bhavishyachallagolla/Desktop/RetailSense/.venv/lib/python3.12/site-packages/airflow/example_dags/tutorial_taskflow_templates.py
[2026-07-17T22:52:03.251+0530] {processor.py:925} INFO - DAG(s) 'tutorial_taskflow_templates' retrieved from /Users/bhavishyachallagolla/Desktop/RetailSense/.venv/lib/python3.12/site-packages/airflow/example_dags/tutorial_taskflow_templates.py
[2026-07-17T22:52:03.275+0530] {logging_mixin.py:190} INFO - [2026-07-17T22:52:03.275+0530] {dag.py:3239} INFO - Sync 1 DAGs
[2026-07-17T22:52:03.280+0530] {logging_mixin.py:190} INFO - [2026-07-17T22:52:03.280+0530] {dag.py:4180} INFO - Setting next_dagrun for tutorial_taskflow_templates to 2026-07-16 00:00:00+00:00, run_after=2026-07-17 00:00:00+00:00
[2026-07-17T22:52:03.285+0530] {processor.py:208} INFO - Processing /Users/bhavishyachallagolla/Desktop/RetailSense/.venv/lib/python3.12/site-packages/airflow/example_dags/tutorial_taskflow_templates.py took 0.048 seconds
[2026-07-17T22:52:52.452+0530] {processor.py:186} INFO - Started process (PID=94845) to work on /Users/bhavishyachallagolla/Desktop/RetailSense/.venv/lib/python3.12/site-packages/airflow/example_dags/tutorial_taskflow_templates.py
[2026-07-17T22:52:52.454+0530] {processor.py:914} INFO - Processing file /Users/bhavishyachallagolla/Desktop/RetailSense/.venv/lib/python3.12/site-packages/airflow/example_dags/tutorial_taskflow_templates.py for tasks to queue
[2026-07-17T22:52:52.454+0530] {logging_mixin.py:190} INFO - [2026-07-17T22:52:52.454+0530] {dagbag.py:588} INFO - Filling up the DagBag from /Users/bhavishyachallagolla/Desktop/RetailSense/.venv/lib/python3.12/site-packages/airflow/example_dags/tutorial_taskflow_templates.py
[2026-07-17T22:52:52.466+0530] {processor.py:925} INFO - DAG(s) 'tutorial_taskflow_templates' retrieved from /Users/bhavishyachallagolla/Desktop/RetailSense/.venv/lib/python3.12/site-packages/airflow/example_dags/tutorial_taskflow_templates.py
[2026-07-17T22:52:52.490+0530] {logging_mixin.py:190} INFO - [2026-07-17T22:52:52.490+0530] {dag.py:3239} INFO - Sync 1 DAGs
[2026-07-17T22:52:52.495+0530] {logging_mixin.py:190} INFO - [2026-07-17T22:52:52.495+0530] {dag.py:4180} INFO - Setting next_dagrun for tutorial_taskflow_templates to 2026-07-16 00:00:00+00:00, run_after=2026-07-17 00:00:00+00:00
[2026-07-17T22:52:52.499+0530] {processor.py:208} INFO - Processing /Users/bhavishyachallagolla/Desktop/RetailSense/.venv/lib/python3.12/site-packages/airflow/example_dags/tutorial_taskflow_templates.py took 0.048 seconds
[2026-07-17T22:53:42.361+0530] {processor.py:186} INFO - Started process (PID=94922) to work on /Users/bhavishyachallagolla/Desktop/RetailSense/.venv/lib/python3.12/site-packages/airflow/example_dags/tutorial_taskflow_templates.py
[2026-07-17T22:53:42.362+0530] {processor.py:914} INFO - Processing file /Users/bhavishyachallagolla/Desktop/RetailSense/.venv/lib/python3.12/site-packages/airflow/example_dags/tutorial_taskflow_templates.py for tasks to queue
[2026-07-17T22:53:42.362+0530] {logging_mixin.py:190} INFO - [2026-07-17T22:53:42.362+0530] {dagbag.py:588} INFO - Filling up the DagBag from /Users/bhavishyachallagolla/Desktop/RetailSense/.venv/lib/python3.12/site-packages/airflow/example_dags/tutorial_taskflow_templates.py
[2026-07-17T22:53:42.375+0530] {processor.py:925} INFO - DAG(s) 'tutorial_taskflow_templates' retrieved from /Users/bhavishyachallagolla/Desktop/RetailSense/.venv/lib/python3.12/site-packages/airflow/example_dags/tutorial_taskflow_templates.py
[2026-07-17T22:53:42.399+0530] {logging_mixin.py:190} INFO - [2026-07-17T22:53:42.399+0530] {dag.py:3239} INFO - Sync 1 DAGs
[2026-07-17T22:53:42.404+0530] {logging_mixin.py:190} INFO - [2026-07-17T22:53:42.404+0530] {dag.py:4180} INFO - Setting next_dagrun for tutorial_taskflow_templates to 2026-07-16 00:00:00+00:00, run_after=2026-07-17 00:00:00+00:00
[2026-07-17T22:53:42.408+0530] {processor.py:208} INFO - Processing /Users/bhavishyachallagolla/Desktop/RetailSense/.venv/lib/python3.12/site-packages/airflow/example_dags/tutorial_taskflow_templates.py took 0.048 seconds
[2026-07-17T22:54:32.492+0530] {processor.py:186} INFO - Started process (PID=94995) to work on /Users/bhavishyachallagolla/Desktop/RetailSense/.venv/lib/python3.12/site-packages/airflow/example_dags/tutorial_taskflow_templates.py
[2026-07-17T22:54:32.493+0530] {processor.py:914} INFO - Processing file /Users/bhavishyachallagolla/Desktop/RetailSense/.venv/lib/python3.12/site-packages/airflow/example_dags/tutorial_taskflow_templates.py for tasks to queue
[2026-07-17T22:54:32.493+0530] {logging_mixin.py:190} INFO - [2026-07-17T22:54:32.493+0530] {dagbag.py:588} INFO - Filling up the DagBag from /Users/bhavishyachallagolla/Desktop/RetailSense/.venv/lib/python3.12/site-packages/airflow/example_dags/tutorial_taskflow_templates.py
[2026-07-17T22:54:32.508+0530] {processor.py:925} INFO - DAG(s) 'tutorial_taskflow_templates' retrieved from /Users/bhavishyachallagolla/Desktop/RetailSense/.venv/lib/python3.12/site-packages/airflow/example_dags/tutorial_taskflow_templates.py
[2026-07-17T22:54:32.535+0530] {logging_mixin.py:190} INFO - [2026-07-17T22:54:32.534+0530] {dag.py:3239} INFO - Sync 1 DAGs
[2026-07-17T22:54:32.540+0530] {logging_mixin.py:190} INFO - [2026-07-17T22:54:32.540+0530] {dag.py:4180} INFO - Setting next_dagrun for tutorial_taskflow_templates to 2026-07-16 00:00:00+00:00, run_after=2026-07-17 00:00:00+00:00
[2026-07-17T22:54:32.544+0530] {processor.py:208} INFO - Processing /Users/bhavishyachallagolla/Desktop/RetailSense/.venv/lib/python3.12/site-packages/airflow/example_dags/tutorial_taskflow_templates.py took 0.054 seconds
[2026-07-17T22:55:21.237+0530] {processor.py:186} INFO - Started process (PID=95068) to work on /Users/bhavishyachallagolla/Desktop/RetailSense/.venv/lib/python3.12/site-packages/airflow/example_dags/tutorial_taskflow_templates.py
[2026-07-17T22:55:21.237+0530] {processor.py:914} INFO - Processing file /Users/bhavishyachallagolla/Desktop/RetailSense/.venv/lib/python3.12/site-packages/airflow/example_dags/tutorial_taskflow_templates.py for tasks to queue
[2026-07-17T22:55:21.237+0530] {logging_mixin.py:190} INFO - [2026-07-17T22:55:21.237+0530] {dagbag.py:588} INFO - Filling up the DagBag from /Users/bhavishyachallagolla/Desktop/RetailSense/.venv/lib/python3.12/site-packages/airflow/example_dags/tutorial_taskflow_templates.py
[2026-07-17T22:55:21.250+0530] {processor.py:925} INFO - DAG(s) 'tutorial_taskflow_templates' retrieved from /Users/bhavishyachallagolla/Desktop/RetailSense/.venv/lib/python3.12/site-packages/airflow/example_dags/tutorial_taskflow_templates.py
[2026-07-17T22:55:21.274+0530] {logging_mixin.py:190} INFO - [2026-07-17T22:55:21.274+0530] {dag.py:3239} INFO - Sync 1 DAGs
[2026-07-17T22:55:21.279+0530] {logging_mixin.py:190} INFO - [2026-07-17T22:55:21.279+0530] {dag.py:4180} INFO - Setting next_dagrun for tutorial_taskflow_templates to 2026-07-16 00:00:00+00:00, run_after=2026-07-17 00:00:00+00:00
[2026-07-17T22:55:21.284+0530] {processor.py:208} INFO - Processing /Users/bhavishyachallagolla/Desktop/RetailSense/.venv/lib/python3.12/site-packages/airflow/example_dags/tutorial_taskflow_templates.py took 0.048 seconds
[2026-07-17T22:56:11.535+0530] {processor.py:186} INFO - Started process (PID=95145) to work on /Users/bhavishyachallagolla/Desktop/RetailSense/.venv/lib/python3.12/site-packages/airflow/example_dags/tutorial_taskflow_templates.py
[2026-07-17T22:56:11.536+0530] {processor.py:914} INFO - Processing file /Users/bhavishyachallagolla/Desktop/RetailSense/.venv/lib/python3.12/site-packages/airflow/example_dags/tutorial_taskflow_templates.py for tasks to queue
[2026-07-17T22:56:11.537+0530] {logging_mixin.py:190} INFO - [2026-07-17T22:56:11.536+0530] {dagbag.py:588} INFO - Filling up the DagBag from /Users/bhavishyachallagolla/Desktop/RetailSense/.venv/lib/python3.12/site-packages/airflow/example_dags/tutorial_taskflow_templates.py
[2026-07-17T22:56:11.549+0530] {processor.py:925} INFO - DAG(s) 'tutorial_taskflow_templates' retrieved from /Users/bhavishyachallagolla/Desktop/RetailSense/.venv/lib/python3.12/site-packages/airflow/example_dags/tutorial_taskflow_templates.py
[2026-07-17T22:56:11.573+0530] {logging_mixin.py:190} INFO - [2026-07-17T22:56:11.573+0530] {dag.py:3239} INFO - Sync 1 DAGs
[2026-07-17T22:56:11.578+0530] {logging_mixin.py:190} INFO - [2026-07-17T22:56:11.577+0530] {dag.py:4180} INFO - Setting next_dagrun for tutorial_taskflow_templates to 2026-07-16 00:00:00+00:00, run_after=2026-07-17 00:00:00+00:00
[2026-07-17T22:56:11.582+0530] {processor.py:208} INFO - Processing /Users/bhavishyachallagolla/Desktop/RetailSense/.venv/lib/python3.12/site-packages/airflow/example_dags/tutorial_taskflow_templates.py took 0.048 seconds
[2026-07-17T22:57:00.410+0530] {processor.py:186} INFO - Started process (PID=95218) to work on /Users/bhavishyachallagolla/Desktop/RetailSense/.venv/lib/python3.12/site-packages/airflow/example_dags/tutorial_taskflow_templates.py
[2026-07-17T22:57:00.410+0530] {processor.py:914} INFO - Processing file /Users/bhavishyachallagolla/Desktop/RetailSense/.venv/lib/python3.12/site-packages/airflow/example_dags/tutorial_taskflow_templates.py for tasks to queue
[2026-07-17T22:57:00.410+0530] {logging_mixin.py:190} INFO - [2026-07-17T22:57:00.410+0530] {dagbag.py:588} INFO - Filling up the DagBag from /Users/bhavishyachallagolla/Desktop/RetailSense/.venv/lib/python3.12/site-packages/airflow/example_dags/tutorial_taskflow_templates.py
[2026-07-17T22:57:00.424+0530] {processor.py:925} INFO - DAG(s) 'tutorial_taskflow_templates' retrieved from /Users/bhavishyachallagolla/Desktop/RetailSense/.venv/lib/python3.12/site-packages/airflow/example_dags/tutorial_taskflow_templates.py
[2026-07-17T22:57:00.448+0530] {logging_mixin.py:190} INFO - [2026-07-17T22:57:00.448+0530] {dag.py:3239} INFO - Sync 1 DAGs
[2026-07-17T22:57:00.453+0530] {logging_mixin.py:190} INFO - [2026-07-17T22:57:00.453+0530] {dag.py:4180} INFO - Setting next_dagrun for tutorial_taskflow_templates to 2026-07-16 00:00:00+00:00, run_after=2026-07-17 00:00:00+00:00
[2026-07-17T22:57:00.458+0530] {processor.py:208} INFO - Processing /Users/bhavishyachallagolla/Desktop/RetailSense/.venv/lib/python3.12/site-packages/airflow/example_dags/tutorial_taskflow_templates.py took 0.049 seconds
[2026-07-17T22:57:50.487+0530] {processor.py:186} INFO - Started process (PID=95295) to work on /Users/bhavishyachallagolla/Desktop/RetailSense/.venv/lib/python3.12/site-packages/airflow/example_dags/tutorial_taskflow_templates.py
[2026-07-17T22:57:50.487+0530] {processor.py:914} INFO - Processing file /Users/bhavishyachallagolla/Desktop/RetailSense/.venv/lib/python3.12/site-packages/airflow/example_dags/tutorial_taskflow_templates.py for tasks to queue
[2026-07-17T22:57:50.487+0530] {logging_mixin.py:190} INFO - [2026-07-17T22:57:50.487+0530] {dagbag.py:588} INFO - Filling up the DagBag from /Users/bhavishyachallagolla/Desktop/RetailSense/.venv/lib/python3.12/site-packages/airflow/example_dags/tutorial_taskflow_templates.py
[2026-07-17T22:57:50.500+0530] {processor.py:925} INFO - DAG(s) 'tutorial_taskflow_templates' retrieved from /Users/bhavishyachallagolla/Desktop/RetailSense/.venv/lib/python3.12/site-packages/airflow/example_dags/tutorial_taskflow_templates.py
[2026-07-17T22:57:50.524+0530] {logging_mixin.py:190} INFO - [2026-07-17T22:57:50.524+0530] {dag.py:3239} INFO - Sync 1 DAGs
[2026-07-17T22:57:50.529+0530] {logging_mixin.py:190} INFO - [2026-07-17T22:57:50.528+0530] {dag.py:4180} INFO - Setting next_dagrun for tutorial_taskflow_templates to 2026-07-16 00:00:00+00:00, run_after=2026-07-17 00:00:00+00:00
[2026-07-17T22:57:50.533+0530] {processor.py:208} INFO - Processing /Users/bhavishyachallagolla/Desktop/RetailSense/.venv/lib/python3.12/site-packages/airflow/example_dags/tutorial_taskflow_templates.py took 0.047 seconds
[2026-07-17T22:58:40.340+0530] {processor.py:186} INFO - Started process (PID=95383) to work on /Users/bhavishyachallagolla/Desktop/RetailSense/.venv/lib/python3.12/site-packages/airflow/example_dags/tutorial_taskflow_templates.py
[2026-07-17T22:58:40.341+0530] {processor.py:914} INFO - Processing file /Users/bhavishyachallagolla/Desktop/RetailSense/.venv/lib/python3.12/site-packages/airflow/example_dags/tutorial_taskflow_templates.py for tasks to queue
[2026-07-17T22:58:40.341+0530] {logging_mixin.py:190} INFO - [2026-07-17T22:58:40.341+0530] {dagbag.py:588} INFO - Filling up the DagBag from /Users/bhavishyachallagolla/Desktop/RetailSense/.venv/lib/python3.12/site-packages/airflow/example_dags/tutorial_taskflow_templates.py
[2026-07-17T22:58:40.354+0530] {processor.py:925} INFO - DAG(s) 'tutorial_taskflow_templates' retrieved from /Users/bhavishyachallagolla/Desktop/RetailSense/.venv/lib/python3.12/site-packages/airflow/example_dags/tutorial_taskflow_templates.py
[2026-07-17T22:58:40.379+0530] {logging_mixin.py:190} INFO - [2026-07-17T22:58:40.379+0530] {dag.py:3239} INFO - Sync 1 DAGs
[2026-07-17T22:58:40.383+0530] {logging_mixin.py:190} INFO - [2026-07-17T22:58:40.383+0530] {dag.py:4180} INFO - Setting next_dagrun for tutorial_taskflow_templates to 2026-07-16 00:00:00+00:00, run_after=2026-07-17 00:00:00+00:00
[2026-07-17T22:58:40.388+0530] {processor.py:208} INFO - Processing /Users/bhavishyachallagolla/Desktop/RetailSense/.venv/lib/python3.12/site-packages/airflow/example_dags/tutorial_taskflow_templates.py took 0.049 seconds
[2026-07-17T23:00:10.706+0530] {processor.py:186} INFO - Started process (PID=95481) to work on /Users/bhavishyachallagolla/Desktop/RetailSense/.venv/lib/python3.12/site-packages/airflow/example_dags/tutorial_taskflow_templates.py
[2026-07-17T23:00:10.707+0530] {processor.py:914} INFO - Processing file /Users/bhavishyachallagolla/Desktop/RetailSense/.venv/lib/python3.12/site-packages/airflow/example_dags/tutorial_taskflow_templates.py for tasks to queue
[2026-07-17T23:00:10.707+0530] {logging_mixin.py:190} INFO - [2026-07-17T23:00:10.707+0530] {dagbag.py:588} INFO - Filling up the DagBag from /Users/bhavishyachallagolla/Desktop/RetailSense/.venv/lib/python3.12/site-packages/airflow/example_dags/tutorial_taskflow_templates.py
[2026-07-17T23:00:10.720+0530] {processor.py:925} INFO - DAG(s) 'tutorial_taskflow_templates' retrieved from /Users/bhavishyachallagolla/Desktop/RetailSense/.venv/lib/python3.12/site-packages/airflow/example_dags/tutorial_taskflow_templates.py
[2026-07-17T23:00:10.744+0530] {logging_mixin.py:190} INFO - [2026-07-17T23:00:10.744+0530] {dag.py:3239} INFO - Sync 1 DAGs
[2026-07-17T23:00:10.748+0530] {logging_mixin.py:190} INFO - [2026-07-17T23:00:10.748+0530] {dag.py:4180} INFO - Setting next_dagrun for tutorial_taskflow_templates to 2026-07-16 00:00:00+00:00, run_after=2026-07-17 00:00:00+00:00
[2026-07-17T23:00:10.753+0530] {processor.py:208} INFO - Processing /Users/bhavishyachallagolla/Desktop/RetailSense/.venv/lib/python3.12/site-packages/airflow/example_dags/tutorial_taskflow_templates.py took 0.048 seconds
[2026-07-17T23:01:27.264+0530] {processor.py:186} INFO - Started process (PID=95615) to work on /Users/bhavishyachallagolla/Desktop/RetailSense/.venv/lib/python3.12/site-packages/airflow/example_dags/tutorial_taskflow_templates.py
[2026-07-17T23:01:27.265+0530] {processor.py:914} INFO - Processing file /Users/bhavishyachallagolla/Desktop/RetailSense/.venv/lib/python3.12/site-packages/airflow/example_dags/tutorial_taskflow_templates.py for tasks to queue
[2026-07-17T23:01:27.265+0530] {logging_mixin.py:190} INFO - [2026-07-17T23:01:27.265+0530] {dagbag.py:588} INFO - Filling up the DagBag from /Users/bhavishyachallagolla/Desktop/RetailSense/.venv/lib/python3.12/site-packages/airflow/example_dags/tutorial_taskflow_templates.py
[2026-07-17T23:01:27.278+0530] {processor.py:925} INFO - DAG(s) 'tutorial_taskflow_templates' retrieved from /Users/bhavishyachallagolla/Desktop/RetailSense/.venv/lib/python3.12/site-packages/airflow/example_dags/tutorial_taskflow_templates.py
[2026-07-17T23:01:27.302+0530] {logging_mixin.py:190} INFO - [2026-07-17T23:01:27.302+0530] {dag.py:3239} INFO - Sync 1 DAGs
[2026-07-17T23:01:27.307+0530] {logging_mixin.py:190} INFO - [2026-07-17T23:01:27.306+0530] {dag.py:4180} INFO - Setting next_dagrun for tutorial_taskflow_templates to 2026-07-16 00:00:00+00:00, run_after=2026-07-17 00:00:00+00:00
[2026-07-17T23:01:27.311+0530] {processor.py:208} INFO - Processing /Users/bhavishyachallagolla/Desktop/RetailSense/.venv/lib/python3.12/site-packages/airflow/example_dags/tutorial_taskflow_templates.py took 0.048 seconds
[2026-07-17T23:02:18.024+0530] {processor.py:186} INFO - Started process (PID=95711) to work on /Users/bhavishyachallagolla/Desktop/RetailSense/.venv/lib/python3.12/site-packages/airflow/example_dags/tutorial_taskflow_templates.py
[2026-07-17T23:02:18.025+0530] {processor.py:914} INFO - Processing file /Users/bhavishyachallagolla/Desktop/RetailSense/.venv/lib/python3.12/site-packages/airflow/example_dags/tutorial_taskflow_templates.py for tasks to queue
[2026-07-17T23:02:18.025+0530] {logging_mixin.py:190} INFO - [2026-07-17T23:02:18.025+0530] {dagbag.py:588} INFO - Filling up the DagBag from /Users/bhavishyachallagolla/Desktop/RetailSense/.venv/lib/python3.12/site-packages/airflow/example_dags/tutorial_taskflow_templates.py
[2026-07-17T23:02:18.039+0530] {processor.py:925} INFO - DAG(s) 'tutorial_taskflow_templates' retrieved from /Users/bhavishyachallagolla/Desktop/RetailSense/.venv/lib/python3.12/site-packages/airflow/example_dags/tutorial_taskflow_templates.py
[2026-07-17T23:02:18.063+0530] {logging_mixin.py:190} INFO - [2026-07-17T23:02:18.063+0530] {dag.py:3239} INFO - Sync 1 DAGs
[2026-07-17T23:02:18.068+0530] {logging_mixin.py:190} INFO - [2026-07-17T23:02:18.068+0530] {dag.py:4180} INFO - Setting next_dagrun for tutorial_taskflow_templates to 2026-07-16 00:00:00+00:00, run_after=2026-07-17 00:00:00+00:00
[2026-07-17T23:02:18.073+0530] {processor.py:208} INFO - Processing /Users/bhavishyachallagolla/Desktop/RetailSense/.venv/lib/python3.12/site-packages/airflow/example_dags/tutorial_taskflow_templates.py took 0.050 seconds
[2026-07-17T23:03:09.537+0530] {processor.py:186} INFO - Started process (PID=95792) to work on /Users/bhavishyachallagolla/Desktop/RetailSense/.venv/lib/python3.12/site-packages/airflow/example_dags/tutorial_taskflow_templates.py
[2026-07-17T23:03:09.538+0530] {processor.py:914} INFO - Processing file /Users/bhavishyachallagolla/Desktop/RetailSense/.venv/lib/python3.12/site-packages/airflow/example_dags/tutorial_taskflow_templates.py for tasks to queue
[2026-07-17T23:03:09.538+0530] {logging_mixin.py:190} INFO - [2026-07-17T23:03:09.538+0530] {dagbag.py:588} INFO - Filling up the DagBag from /Users/bhavishyachallagolla/Desktop/RetailSense/.venv/lib/python3.12/site-packages/airflow/example_dags/tutorial_taskflow_templates.py
[2026-07-17T23:03:09.551+0530] {processor.py:925} INFO - DAG(s) 'tutorial_taskflow_templates' retrieved from /Users/bhavishyachallagolla/Desktop/RetailSense/.venv/lib/python3.12/site-packages/airflow/example_dags/tutorial_taskflow_templates.py
[2026-07-17T23:03:09.575+0530] {logging_mixin.py:190} INFO - [2026-07-17T23:03:09.575+0530] {dag.py:3239} INFO - Sync 1 DAGs
[2026-07-17T23:03:09.580+0530] {logging_mixin.py:190} INFO - [2026-07-17T23:03:09.580+0530] {dag.py:4180} INFO - Setting next_dagrun for tutorial_taskflow_templates to 2026-07-16 00:00:00+00:00, run_after=2026-07-17 00:00:00+00:00
[2026-07-17T23:03:09.585+0530] {processor.py:208} INFO - Processing /Users/bhavishyachallagolla/Desktop/RetailSense/.venv/lib/python3.12/site-packages/airflow/example_dags/tutorial_taskflow_templates.py took 0.049 seconds
[2026-07-17T23:03:58.440+0530] {processor.py:186} INFO - Started process (PID=95865) to work on /Users/bhavishyachallagolla/Desktop/RetailSense/.venv/lib/python3.12/site-packages/airflow/example_dags/tutorial_taskflow_templates.py
[2026-07-17T23:03:58.441+0530] {processor.py:914} INFO - Processing file /Users/bhavishyachallagolla/Desktop/RetailSense/.venv/lib/python3.12/site-packages/airflow/example_dags/tutorial_taskflow_templates.py for tasks to queue
[2026-07-17T23:03:58.441+0530] {logging_mixin.py:190} INFO - [2026-07-17T23:03:58.441+0530] {dagbag.py:588} INFO - Filling up the DagBag from /Users/bhavishyachallagolla/Desktop/RetailSense/.venv/lib/python3.12/site-packages/airflow/example_dags/tutorial_taskflow_templates.py
[2026-07-17T23:03:58.454+0530] {processor.py:925} INFO - DAG(s) 'tutorial_taskflow_templates' retrieved from /Users/bhavishyachallagolla/Desktop/RetailSense/.venv/lib/python3.12/site-packages/airflow/example_dags/tutorial_taskflow_templates.py
[2026-07-17T23:03:58.478+0530] {logging_mixin.py:190} INFO - [2026-07-17T23:03:58.478+0530] {dag.py:3239} INFO - Sync 1 DAGs
[2026-07-17T23:03:58.483+0530] {logging_mixin.py:190} INFO - [2026-07-17T23:03:58.483+0530] {dag.py:4180} INFO - Setting next_dagrun for tutorial_taskflow_templates to 2026-07-16 00:00:00+00:00, run_after=2026-07-17 00:00:00+00:00
[2026-07-17T23:03:58.487+0530] {processor.py:208} INFO - Processing /Users/bhavishyachallagolla/Desktop/RetailSense/.venv/lib/python3.12/site-packages/airflow/example_dags/tutorial_taskflow_templates.py took 0.048 seconds
[2026-07-17T23:04:48.778+0530] {processor.py:186} INFO - Started process (PID=95939) to work on /Users/bhavishyachallagolla/Desktop/RetailSense/.venv/lib/python3.12/site-packages/airflow/example_dags/tutorial_taskflow_templates.py
[2026-07-17T23:04:48.779+0530] {processor.py:914} INFO - Processing file /Users/bhavishyachallagolla/Desktop/RetailSense/.venv/lib/python3.12/site-packages/airflow/example_dags/tutorial_taskflow_templates.py for tasks to queue
[2026-07-17T23:04:48.779+0530] {logging_mixin.py:190} INFO - [2026-07-17T23:04:48.779+0530] {dagbag.py:588} INFO - Filling up the DagBag from /Users/bhavishyachallagolla/Desktop/RetailSense/.venv/lib/python3.12/site-packages/airflow/example_dags/tutorial_taskflow_templates.py
[2026-07-17T23:04:48.792+0530] {processor.py:925} INFO - DAG(s) 'tutorial_taskflow_templates' retrieved from /Users/bhavishyachallagolla/Desktop/RetailSense/.venv/lib/python3.12/site-packages/airflow/example_dags/tutorial_taskflow_templates.py
[2026-07-17T23:04:48.816+0530] {logging_mixin.py:190} INFO - [2026-07-17T23:04:48.816+0530] {dag.py:3239} INFO - Sync 1 DAGs
[2026-07-17T23:04:48.821+0530] {logging_mixin.py:190} INFO - [2026-07-17T23:04:48.820+0530] {dag.py:4180} INFO - Setting next_dagrun for tutorial_taskflow_templates to 2026-07-16 00:00:00+00:00, run_after=2026-07-17 00:00:00+00:00
[2026-07-17T23:04:48.825+0530] {processor.py:208} INFO - Processing /Users/bhavishyachallagolla/Desktop/RetailSense/.venv/lib/python3.12/site-packages/airflow/example_dags/tutorial_taskflow_templates.py took 0.048 seconds
[2026-07-17T23:05:39.157+0530] {processor.py:186} INFO - Started process (PID=96017) to work on /Users/bhavishyachallagolla/Desktop/RetailSense/.venv/lib/python3.12/site-packages/airflow/example_dags/tutorial_taskflow_templates.py
[2026-07-17T23:05:39.158+0530] {processor.py:914} INFO - Processing file /Users/bhavishyachallagolla/Desktop/RetailSense/.venv/lib/python3.12/site-packages/airflow/example_dags/tutorial_taskflow_templates.py for tasks to queue
[2026-07-17T23:05:39.158+0530] {logging_mixin.py:190} INFO - [2026-07-17T23:05:39.158+0530] {dagbag.py:588} INFO - Filling up the DagBag from /Users/bhavishyachallagolla/Desktop/RetailSense/.venv/lib/python3.12/site-packages/airflow/example_dags/tutorial_taskflow_templates.py
[2026-07-17T23:05:39.170+0530] {processor.py:925} INFO - DAG(s) 'tutorial_taskflow_templates' retrieved from /Users/bhavishyachallagolla/Desktop/RetailSense/.venv/lib/python3.12/site-packages/airflow/example_dags/tutorial_taskflow_templates.py
[2026-07-17T23:05:39.195+0530] {logging_mixin.py:190} INFO - [2026-07-17T23:05:39.194+0530] {dag.py:3239} INFO - Sync 1 DAGs
[2026-07-17T23:05:39.199+0530] {logging_mixin.py:190} INFO - [2026-07-17T23:05:39.199+0530] {dag.py:4180} INFO - Setting next_dagrun for tutorial_taskflow_templates to 2026-07-16 00:00:00+00:00, run_after=2026-07-17 00:00:00+00:00
[2026-07-17T23:05:39.204+0530] {processor.py:208} INFO - Processing /Users/bhavishyachallagolla/Desktop/RetailSense/.venv/lib/python3.12/site-packages/airflow/example_dags/tutorial_taskflow_templates.py took 0.048 seconds
[2026-07-17T23:06:29.534+0530] {processor.py:186} INFO - Started process (PID=96091) to work on /Users/bhavishyachallagolla/Desktop/RetailSense/.venv/lib/python3.12/site-packages/airflow/example_dags/tutorial_taskflow_templates.py
[2026-07-17T23:06:29.534+0530] {processor.py:914} INFO - Processing file /Users/bhavishyachallagolla/Desktop/RetailSense/.venv/lib/python3.12/site-packages/airflow/example_dags/tutorial_taskflow_templates.py for tasks to queue
[2026-07-17T23:06:29.534+0530] {logging_mixin.py:190} INFO - [2026-07-17T23:06:29.534+0530] {dagbag.py:588} INFO - Filling up the DagBag from /Users/bhavishyachallagolla/Desktop/RetailSense/.venv/lib/python3.12/site-packages/airflow/example_dags/tutorial_taskflow_templates.py
[2026-07-17T23:06:29.547+0530] {processor.py:925} INFO - DAG(s) 'tutorial_taskflow_templates' retrieved from /Users/bhavishyachallagolla/Desktop/RetailSense/.venv/lib/python3.12/site-packages/airflow/example_dags/tutorial_taskflow_templates.py
[2026-07-17T23:06:29.571+0530] {logging_mixin.py:190} INFO - [2026-07-17T23:06:29.571+0530] {dag.py:3239} INFO - Sync 1 DAGs
[2026-07-17T23:06:29.576+0530] {logging_mixin.py:190} INFO - [2026-07-17T23:06:29.576+0530] {dag.py:4180} INFO - Setting next_dagrun for tutorial_taskflow_templates to 2026-07-16 00:00:00+00:00, run_after=2026-07-17 00:00:00+00:00
[2026-07-17T23:06:29.581+0530] {processor.py:208} INFO - Processing /Users/bhavishyachallagolla/Desktop/RetailSense/.venv/lib/python3.12/site-packages/airflow/example_dags/tutorial_taskflow_templates.py took 0.048 seconds
[2026-07-17T23:07:19.931+0530] {processor.py:186} INFO - Started process (PID=96167) to work on /Users/bhavishyachallagolla/Desktop/RetailSense/.venv/lib/python3.12/site-packages/airflow/example_dags/tutorial_taskflow_templates.py
[2026-07-17T23:07:19.931+0530] {processor.py:914} INFO - Processing file /Users/bhavishyachallagolla/Desktop/RetailSense/.venv/lib/python3.12/site-packages/airflow/example_dags/tutorial_taskflow_templates.py for tasks to queue
[2026-07-17T23:07:19.931+0530] {logging_mixin.py:190} INFO - [2026-07-17T23:07:19.931+0530] {dagbag.py:588} INFO - Filling up the DagBag from /Users/bhavishyachallagolla/Desktop/RetailSense/.venv/lib/python3.12/site-packages/airflow/example_dags/tutorial_taskflow_templates.py
[2026-07-17T23:07:19.943+0530] {processor.py:925} INFO - DAG(s) 'tutorial_taskflow_templates' retrieved from /Users/bhavishyachallagolla/Desktop/RetailSense/.venv/lib/python3.12/site-packages/airflow/example_dags/tutorial_taskflow_templates.py
[2026-07-17T23:07:19.967+0530] {logging_mixin.py:190} INFO - [2026-07-17T23:07:19.967+0530] {dag.py:3239} INFO - Sync 1 DAGs
[2026-07-17T23:07:19.971+0530] {logging_mixin.py:190} INFO - [2026-07-17T23:07:19.971+0530] {dag.py:4180} INFO - Setting next_dagrun for tutorial_taskflow_templates to 2026-07-16 00:00:00+00:00, run_after=2026-07-17 00:00:00+00:00
[2026-07-17T23:07:19.976+0530] {processor.py:208} INFO - Processing /Users/bhavishyachallagolla/Desktop/RetailSense/.venv/lib/python3.12/site-packages/airflow/example_dags/tutorial_taskflow_templates.py took 0.046 seconds
[2026-07-17T23:08:11.023+0530] {processor.py:186} INFO - Started process (PID=96251) to work on /Users/bhavishyachallagolla/Desktop/RetailSense/.venv/lib/python3.12/site-packages/airflow/example_dags/tutorial_taskflow_templates.py
[2026-07-17T23:08:11.023+0530] {processor.py:914} INFO - Processing file /Users/bhavishyachallagolla/Desktop/RetailSense/.venv/lib/python3.12/site-packages/airflow/example_dags/tutorial_taskflow_templates.py for tasks to queue
[2026-07-17T23:08:11.024+0530] {logging_mixin.py:190} INFO - [2026-07-17T23:08:11.023+0530] {dagbag.py:588} INFO - Filling up the DagBag from /Users/bhavishyachallagolla/Desktop/RetailSense/.venv/lib/python3.12/site-packages/airflow/example_dags/tutorial_taskflow_templates.py
[2026-07-17T23:08:11.036+0530] {processor.py:925} INFO - DAG(s) 'tutorial_taskflow_templates' retrieved from /Users/bhavishyachallagolla/Desktop/RetailSense/.venv/lib/python3.12/site-packages/airflow/example_dags/tutorial_taskflow_templates.py
[2026-07-17T23:08:11.061+0530] {logging_mixin.py:190} INFO - [2026-07-17T23:08:11.061+0530] {dag.py:3239} INFO - Sync 1 DAGs
[2026-07-17T23:08:11.066+0530] {logging_mixin.py:190} INFO - [2026-07-17T23:08:11.065+0530] {dag.py:4180} INFO - Setting next_dagrun for tutorial_taskflow_templates to 2026-07-16 00:00:00+00:00, run_after=2026-07-17 00:00:00+00:00
[2026-07-17T23:08:11.070+0530] {processor.py:208} INFO - Processing /Users/bhavishyachallagolla/Desktop/RetailSense/.venv/lib/python3.12/site-packages/airflow/example_dags/tutorial_taskflow_templates.py took 0.049 seconds
[2026-07-17T23:09:01.489+0530] {processor.py:186} INFO - Started process (PID=96328) to work on /Users/bhavishyachallagolla/Desktop/RetailSense/.venv/lib/python3.12/site-packages/airflow/example_dags/tutorial_taskflow_templates.py
[2026-07-17T23:09:01.490+0530] {processor.py:914} INFO - Processing file /Users/bhavishyachallagolla/Desktop/RetailSense/.venv/lib/python3.12/site-packages/airflow/example_dags/tutorial_taskflow_templates.py for tasks to queue
[2026-07-17T23:09:01.490+0530] {logging_mixin.py:190} INFO - [2026-07-17T23:09:01.490+0530] {dagbag.py:588} INFO - Filling up the DagBag from /Users/bhavishyachallagolla/Desktop/RetailSense/.venv/lib/python3.12/site-packages/airflow/example_dags/tutorial_taskflow_templates.py
[2026-07-17T23:09:01.503+0530] {processor.py:925} INFO - DAG(s) 'tutorial_taskflow_templates' retrieved from /Users/bhavishyachallagolla/Desktop/RetailSense/.venv/lib/python3.12/site-packages/airflow/example_dags/tutorial_taskflow_templates.py
[2026-07-17T23:09:01.527+0530] {logging_mixin.py:190} INFO - [2026-07-17T23:09:01.527+0530] {dag.py:3239} INFO - Sync 1 DAGs
[2026-07-17T23:09:01.532+0530] {logging_mixin.py:190} INFO - [2026-07-17T23:09:01.532+0530] {dag.py:4180} INFO - Setting next_dagrun for tutorial_taskflow_templates to 2026-07-16 00:00:00+00:00, run_after=2026-07-17 00:00:00+00:00
[2026-07-17T23:09:01.537+0530] {processor.py:208} INFO - Processing /Users/bhavishyachallagolla/Desktop/RetailSense/.venv/lib/python3.12/site-packages/airflow/example_dags/tutorial_taskflow_templates.py took 0.048 seconds
[2026-07-17T23:09:50.326+0530] {processor.py:186} INFO - Started process (PID=96400) to work on /Users/bhavishyachallagolla/Desktop/RetailSense/.venv/lib/python3.12/site-packages/airflow/example_dags/tutorial_taskflow_templates.py
[2026-07-17T23:09:50.326+0530] {processor.py:914} INFO - Processing file /Users/bhavishyachallagolla/Desktop/RetailSense/.venv/lib/python3.12/site-packages/airflow/example_dags/tutorial_taskflow_templates.py for tasks to queue
[2026-07-17T23:09:50.327+0530] {logging_mixin.py:190} INFO - [2026-07-17T23:09:50.326+0530] {dagbag.py:588} INFO - Filling up the DagBag from /Users/bhavishyachallagolla/Desktop/RetailSense/.venv/lib/python3.12/site-packages/airflow/example_dags/tutorial_taskflow_templates.py
[2026-07-17T23:09:50.340+0530] {processor.py:925} INFO - DAG(s) 'tutorial_taskflow_templates' retrieved from /Users/bhavishyachallagolla/Desktop/RetailSense/.venv/lib/python3.12/site-packages/airflow/example_dags/tutorial_taskflow_templates.py
[2026-07-17T23:09:50.366+0530] {logging_mixin.py:190} INFO - [2026-07-17T23:09:50.365+0530] {dag.py:3239} INFO - Sync 1 DAGs
[2026-07-17T23:09:50.370+0530] {logging_mixin.py:190} INFO - [2026-07-17T23:09:50.370+0530] {dag.py:4180} INFO - Setting next_dagrun for tutorial_taskflow_templates to 2026-07-16 00:00:00+00:00, run_after=2026-07-17 00:00:00+00:00
[2026-07-17T23:09:50.376+0530] {processor.py:208} INFO - Processing /Users/bhavishyachallagolla/Desktop/RetailSense/.venv/lib/python3.12/site-packages/airflow/example_dags/tutorial_taskflow_templates.py took 0.051 seconds
[2026-07-17T23:10:39.823+0530] {processor.py:186} INFO - Started process (PID=96475) to work on /Users/bhavishyachallagolla/Desktop/RetailSense/.venv/lib/python3.12/site-packages/airflow/example_dags/tutorial_taskflow_templates.py
[2026-07-17T23:10:39.823+0530] {processor.py:914} INFO - Processing file /Users/bhavishyachallagolla/Desktop/RetailSense/.venv/lib/python3.12/site-packages/airflow/example_dags/tutorial_taskflow_templates.py for tasks to queue
[2026-07-17T23:10:39.824+0530] {logging_mixin.py:190} INFO - [2026-07-17T23:10:39.823+0530] {dagbag.py:588} INFO - Filling up the DagBag from /Users/bhavishyachallagolla/Desktop/RetailSense/.venv/lib/python3.12/site-packages/airflow/example_dags/tutorial_taskflow_templates.py
[2026-07-17T23:10:39.836+0530] {processor.py:925} INFO - DAG(s) 'tutorial_taskflow_templates' retrieved from /Users/bhavishyachallagolla/Desktop/RetailSense/.venv/lib/python3.12/site-packages/airflow/example_dags/tutorial_taskflow_templates.py
[2026-07-17T23:10:39.859+0530] {logging_mixin.py:190} INFO - [2026-07-17T23:10:39.859+0530] {dag.py:3239} INFO - Sync 1 DAGs
[2026-07-17T23:10:39.864+0530] {logging_mixin.py:190} INFO - [2026-07-17T23:10:39.864+0530] {dag.py:4180} INFO - Setting next_dagrun for tutorial_taskflow_templates to 2026-07-16 00:00:00+00:00, run_after=2026-07-17 00:00:00+00:00
[2026-07-17T23:10:39.868+0530] {processor.py:208} INFO - Processing /Users/bhavishyachallagolla/Desktop/RetailSense/.venv/lib/python3.12/site-packages/airflow/example_dags/tutorial_taskflow_templates.py took 0.047 seconds
[2026-07-17T23:11:28.197+0530] {processor.py:186} INFO - Started process (PID=96548) to work on /Users/bhavishyachallagolla/Desktop/RetailSense/.venv/lib/python3.12/site-packages/airflow/example_dags/tutorial_taskflow_templates.py
[2026-07-17T23:11:28.197+0530] {processor.py:914} INFO - Processing file /Users/bhavishyachallagolla/Desktop/RetailSense/.venv/lib/python3.12/site-packages/airflow/example_dags/tutorial_taskflow_templates.py for tasks to queue
[2026-07-17T23:11:28.198+0530] {logging_mixin.py:190} INFO - [2026-07-17T23:11:28.198+0530] {dagbag.py:588} INFO - Filling up the DagBag from /Users/bhavishyachallagolla/Desktop/RetailSense/.venv/lib/python3.12/site-packages/airflow/example_dags/tutorial_taskflow_templates.py
[2026-07-17T23:11:28.210+0530] {processor.py:925} INFO - DAG(s) 'tutorial_taskflow_templates' retrieved from /Users/bhavishyachallagolla/Desktop/RetailSense/.venv/lib/python3.12/site-packages/airflow/example_dags/tutorial_taskflow_templates.py
[2026-07-17T23:11:28.235+0530] {logging_mixin.py:190} INFO - [2026-07-17T23:11:28.235+0530] {dag.py:3239} INFO - Sync 1 DAGs
[2026-07-17T23:11:28.239+0530] {logging_mixin.py:190} INFO - [2026-07-17T23:11:28.239+0530] {dag.py:4180} INFO - Setting next_dagrun for tutorial_taskflow_templates to 2026-07-16 00:00:00+00:00, run_after=2026-07-17 00:00:00+00:00
[2026-07-17T23:11:28.244+0530] {processor.py:208} INFO - Processing /Users/bhavishyachallagolla/Desktop/RetailSense/.venv/lib/python3.12/site-packages/airflow/example_dags/tutorial_taskflow_templates.py took 0.048 seconds
[2026-07-17T23:12:17.562+0530] {processor.py:186} INFO - Started process (PID=96671) to work on /Users/bhavishyachallagolla/Desktop/RetailSense/.venv/lib/python3.12/site-packages/airflow/example_dags/tutorial_taskflow_templates.py
[2026-07-17T23:12:17.563+0530] {processor.py:914} INFO - Processing file /Users/bhavishyachallagolla/Desktop/RetailSense/.venv/lib/python3.12/site-packages/airflow/example_dags/tutorial_taskflow_templates.py for tasks to queue
[2026-07-17T23:12:17.563+0530] {logging_mixin.py:190} INFO - [2026-07-17T23:12:17.563+0530] {dagbag.py:588} INFO - Filling up the DagBag from /Users/bhavishyachallagolla/Desktop/RetailSense/.venv/lib/python3.12/site-packages/airflow/example_dags/tutorial_taskflow_templates.py
[2026-07-17T23:12:17.576+0530] {processor.py:925} INFO - DAG(s) 'tutorial_taskflow_templates' retrieved from /Users/bhavishyachallagolla/Desktop/RetailSense/.venv/lib/python3.12/site-packages/airflow/example_dags/tutorial_taskflow_templates.py
[2026-07-17T23:12:17.600+0530] {logging_mixin.py:190} INFO - [2026-07-17T23:12:17.600+0530] {dag.py:3239} INFO - Sync 1 DAGs
[2026-07-17T23:12:17.605+0530] {logging_mixin.py:190} INFO - [2026-07-17T23:12:17.605+0530] {dag.py:4180} INFO - Setting next_dagrun for tutorial_taskflow_templates to 2026-07-16 00:00:00+00:00, run_after=2026-07-17 00:00:00+00:00
[2026-07-17T23:12:17.610+0530] {processor.py:208} INFO - Processing /Users/bhavishyachallagolla/Desktop/RetailSense/.venv/lib/python3.12/site-packages/airflow/example_dags/tutorial_taskflow_templates.py took 0.049 seconds
[2026-07-17T23:13:05.657+0530] {processor.py:186} INFO - Started process (PID=96765) to work on /Users/bhavishyachallagolla/Desktop/RetailSense/.venv/lib/python3.12/site-packages/airflow/example_dags/tutorial_taskflow_templates.py
[2026-07-17T23:13:05.657+0530] {processor.py:914} INFO - Processing file /Users/bhavishyachallagolla/Desktop/RetailSense/.venv/lib/python3.12/site-packages/airflow/example_dags/tutorial_taskflow_templates.py for tasks to queue
[2026-07-17T23:13:05.657+0530] {logging_mixin.py:190} INFO - [2026-07-17T23:13:05.657+0530] {dagbag.py:588} INFO - Filling up the DagBag from /Users/bhavishyachallagolla/Desktop/RetailSense/.venv/lib/python3.12/site-packages/airflow/example_dags/tutorial_taskflow_templates.py
[2026-07-17T23:13:05.670+0530] {processor.py:925} INFO - DAG(s) 'tutorial_taskflow_templates' retrieved from /Users/bhavishyachallagolla/Desktop/RetailSense/.venv/lib/python3.12/site-packages/airflow/example_dags/tutorial_taskflow_templates.py
[2026-07-17T23:13:05.693+0530] {logging_mixin.py:190} INFO - [2026-07-17T23:13:05.693+0530] {dag.py:3239} INFO - Sync 1 DAGs
[2026-07-17T23:13:05.698+0530] {logging_mixin.py:190} INFO - [2026-07-17T23:13:05.698+0530] {dag.py:4180} INFO - Setting next_dagrun for tutorial_taskflow_templates to 2026-07-16 00:00:00+00:00, run_after=2026-07-17 00:00:00+00:00
[2026-07-17T23:13:05.703+0530] {processor.py:208} INFO - Processing /Users/bhavishyachallagolla/Desktop/RetailSense/.venv/lib/python3.12/site-packages/airflow/example_dags/tutorial_taskflow_templates.py took 0.047 seconds
[2026-07-17T23:13:56.167+0530] {processor.py:186} INFO - Started process (PID=96840) to work on /Users/bhavishyachallagolla/Desktop/RetailSense/.venv/lib/python3.12/site-packages/airflow/example_dags/tutorial_taskflow_templates.py
[2026-07-17T23:13:56.167+0530] {processor.py:914} INFO - Processing file /Users/bhavishyachallagolla/Desktop/RetailSense/.venv/lib/python3.12/site-packages/airflow/example_dags/tutorial_taskflow_templates.py for tasks to queue
[2026-07-17T23:13:56.167+0530] {logging_mixin.py:190} INFO - [2026-07-17T23:13:56.167+0530] {dagbag.py:588} INFO - Filling up the DagBag from /Users/bhavishyachallagolla/Desktop/RetailSense/.venv/lib/python3.12/site-packages/airflow/example_dags/tutorial_taskflow_templates.py
[2026-07-17T23:13:56.180+0530] {processor.py:925} INFO - DAG(s) 'tutorial_taskflow_templates' retrieved from /Users/bhavishyachallagolla/Desktop/RetailSense/.venv/lib/python3.12/site-packages/airflow/example_dags/tutorial_taskflow_templates.py
[2026-07-17T23:13:56.204+0530] {logging_mixin.py:190} INFO - [2026-07-17T23:13:56.204+0530] {dag.py:3239} INFO - Sync 1 DAGs
[2026-07-17T23:13:56.209+0530] {logging_mixin.py:190} INFO - [2026-07-17T23:13:56.209+0530] {dag.py:4180} INFO - Setting next_dagrun for tutorial_taskflow_templates to 2026-07-16 00:00:00+00:00, run_after=2026-07-17 00:00:00+00:00
[2026-07-17T23:13:56.214+0530] {processor.py:208} INFO - Processing /Users/bhavishyachallagolla/Desktop/RetailSense/.venv/lib/python3.12/site-packages/airflow/example_dags/tutorial_taskflow_templates.py took 0.048 seconds
[2026-07-17T23:14:48.592+0530] {processor.py:186} INFO - Started process (PID=96928) to work on /Users/bhavishyachallagolla/Desktop/RetailSense/.venv/lib/python3.12/site-packages/airflow/example_dags/tutorial_taskflow_templates.py
[2026-07-17T23:14:48.592+0530] {processor.py:914} INFO - Processing file /Users/bhavishyachallagolla/Desktop/RetailSense/.venv/lib/python3.12/site-packages/airflow/example_dags/tutorial_taskflow_templates.py for tasks to queue
[2026-07-17T23:14:48.592+0530] {logging_mixin.py:190} INFO - [2026-07-17T23:14:48.592+0530] {dagbag.py:588} INFO - Filling up the DagBag from /Users/bhavishyachallagolla/Desktop/RetailSense/.venv/lib/python3.12/site-packages/airflow/example_dags/tutorial_taskflow_templates.py
[2026-07-17T23:14:48.605+0530] {processor.py:925} INFO - DAG(s) 'tutorial_taskflow_templates' retrieved from /Users/bhavishyachallagolla/Desktop/RetailSense/.venv/lib/python3.12/site-packages/airflow/example_dags/tutorial_taskflow_templates.py
[2026-07-17T23:14:48.630+0530] {logging_mixin.py:190} INFO - [2026-07-17T23:14:48.630+0530] {dag.py:3239} INFO - Sync 1 DAGs
[2026-07-17T23:14:48.635+0530] {logging_mixin.py:190} INFO - [2026-07-17T23:14:48.634+0530] {dag.py:4180} INFO - Setting next_dagrun for tutorial_taskflow_templates to 2026-07-16 00:00:00+00:00, run_after=2026-07-17 00:00:00+00:00
[2026-07-17T23:14:48.639+0530] {processor.py:208} INFO - Processing /Users/bhavishyachallagolla/Desktop/RetailSense/.venv/lib/python3.12/site-packages/airflow/example_dags/tutorial_taskflow_templates.py took 0.048 seconds
[2026-07-17T23:15:40.038+0530] {processor.py:186} INFO - Started process (PID=97012) to work on /Users/bhavishyachallagolla/Desktop/RetailSense/.venv/lib/python3.12/site-packages/airflow/example_dags/tutorial_taskflow_templates.py
[2026-07-17T23:15:40.038+0530] {processor.py:914} INFO - Processing file /Users/bhavishyachallagolla/Desktop/RetailSense/.venv/lib/python3.12/site-packages/airflow/example_dags/tutorial_taskflow_templates.py for tasks to queue
[2026-07-17T23:15:40.038+0530] {logging_mixin.py:190} INFO - [2026-07-17T23:15:40.038+0530] {dagbag.py:588} INFO - Filling up the DagBag from /Users/bhavishyachallagolla/Desktop/RetailSense/.venv/lib/python3.12/site-packages/airflow/example_dags/tutorial_taskflow_templates.py
[2026-07-17T23:15:40.051+0530] {processor.py:925} INFO - DAG(s) 'tutorial_taskflow_templates' retrieved from /Users/bhavishyachallagolla/Desktop/RetailSense/.venv/lib/python3.12/site-packages/airflow/example_dags/tutorial_taskflow_templates.py
[2026-07-17T23:15:40.076+0530] {logging_mixin.py:190} INFO - [2026-07-17T23:15:40.076+0530] {dag.py:3239} INFO - Sync 1 DAGs
[2026-07-17T23:15:40.081+0530] {logging_mixin.py:190} INFO - [2026-07-17T23:15:40.081+0530] {dag.py:4180} INFO - Setting next_dagrun for tutorial_taskflow_templates to 2026-07-16 00:00:00+00:00, run_after=2026-07-17 00:00:00+00:00
[2026-07-17T23:15:40.086+0530] {processor.py:208} INFO - Processing /Users/bhavishyachallagolla/Desktop/RetailSense/.venv/lib/python3.12/site-packages/airflow/example_dags/tutorial_taskflow_templates.py took 0.049 seconds
[2026-07-17T23:16:30.956+0530] {processor.py:186} INFO - Started process (PID=97126) to work on /Users/bhavishyachallagolla/Desktop/RetailSense/.venv/lib/python3.12/site-packages/airflow/example_dags/tutorial_taskflow_templates.py
[2026-07-17T23:16:30.956+0530] {processor.py:914} INFO - Processing file /Users/bhavishyachallagolla/Desktop/RetailSense/.venv/lib/python3.12/site-packages/airflow/example_dags/tutorial_taskflow_templates.py for tasks to queue
[2026-07-17T23:16:30.957+0530] {logging_mixin.py:190} INFO - [2026-07-17T23:16:30.957+0530] {dagbag.py:588} INFO - Filling up the DagBag from /Users/bhavishyachallagolla/Desktop/RetailSense/.venv/lib/python3.12/site-packages/airflow/example_dags/tutorial_taskflow_templates.py
[2026-07-17T23:16:30.969+0530] {processor.py:925} INFO - DAG(s) 'tutorial_taskflow_templates' retrieved from /Users/bhavishyachallagolla/Desktop/RetailSense/.venv/lib/python3.12/site-packages/airflow/example_dags/tutorial_taskflow_templates.py
[2026-07-17T23:16:30.994+0530] {logging_mixin.py:190} INFO - [2026-07-17T23:16:30.994+0530] {dag.py:3239} INFO - Sync 1 DAGs
[2026-07-17T23:16:30.999+0530] {logging_mixin.py:190} INFO - [2026-07-17T23:16:30.999+0530] {dag.py:4180} INFO - Setting next_dagrun for tutorial_taskflow_templates to 2026-07-16 00:00:00+00:00, run_after=2026-07-17 00:00:00+00:00
[2026-07-17T23:16:31.004+0530] {processor.py:208} INFO - Processing /Users/bhavishyachallagolla/Desktop/RetailSense/.venv/lib/python3.12/site-packages/airflow/example_dags/tutorial_taskflow_templates.py took 0.049 seconds
[2026-07-17T23:17:22.404+0530] {processor.py:186} INFO - Started process (PID=97233) to work on /Users/bhavishyachallagolla/Desktop/RetailSense/.venv/lib/python3.12/site-packages/airflow/example_dags/tutorial_taskflow_templates.py
[2026-07-17T23:17:22.405+0530] {processor.py:914} INFO - Processing file /Users/bhavishyachallagolla/Desktop/RetailSense/.venv/lib/python3.12/site-packages/airflow/example_dags/tutorial_taskflow_templates.py for tasks to queue
[2026-07-17T23:17:22.405+0530] {logging_mixin.py:190} INFO - [2026-07-17T23:17:22.405+0530] {dagbag.py:588} INFO - Filling up the DagBag from /Users/bhavishyachallagolla/Desktop/RetailSense/.venv/lib/python3.12/site-packages/airflow/example_dags/tutorial_taskflow_templates.py
[2026-07-17T23:17:22.418+0530] {processor.py:925} INFO - DAG(s) 'tutorial_taskflow_templates' retrieved from /Users/bhavishyachallagolla/Desktop/RetailSense/.venv/lib/python3.12/site-packages/airflow/example_dags/tutorial_taskflow_templates.py
[2026-07-17T23:17:22.443+0530] {logging_mixin.py:190} INFO - [2026-07-17T23:17:22.443+0530] {dag.py:3239} INFO - Sync 1 DAGs
[2026-07-17T23:17:22.448+0530] {logging_mixin.py:190} INFO - [2026-07-17T23:17:22.448+0530] {dag.py:4180} INFO - Setting next_dagrun for tutorial_taskflow_templates to 2026-07-16 00:00:00+00:00, run_after=2026-07-17 00:00:00+00:00
[2026-07-17T23:17:22.453+0530] {processor.py:208} INFO - Processing /Users/bhavishyachallagolla/Desktop/RetailSense/.venv/lib/python3.12/site-packages/airflow/example_dags/tutorial_taskflow_templates.py took 0.049 seconds
[2026-07-17T23:18:12.775+0530] {processor.py:186} INFO - Started process (PID=97344) to work on /Users/bhavishyachallagolla/Desktop/RetailSense/.venv/lib/python3.12/site-packages/airflow/example_dags/tutorial_taskflow_templates.py
[2026-07-17T23:18:12.776+0530] {processor.py:914} INFO - Processing file /Users/bhavishyachallagolla/Desktop/RetailSense/.venv/lib/python3.12/site-packages/airflow/example_dags/tutorial_taskflow_templates.py for tasks to queue
[2026-07-17T23:18:12.776+0530] {logging_mixin.py:190} INFO - [2026-07-17T23:18:12.776+0530] {dagbag.py:588} INFO - Filling up the DagBag from /Users/bhavishyachallagolla/Desktop/RetailSense/.venv/lib/python3.12/site-packages/airflow/example_dags/tutorial_taskflow_templates.py
[2026-07-17T23:18:12.789+0530] {processor.py:925} INFO - DAG(s) 'tutorial_taskflow_templates' retrieved from /Users/bhavishyachallagolla/Desktop/RetailSense/.venv/lib/python3.12/site-packages/airflow/example_dags/tutorial_taskflow_templates.py
[2026-07-17T23:18:12.814+0530] {logging_mixin.py:190} INFO - [2026-07-17T23:18:12.814+0530] {dag.py:3239} INFO - Sync 1 DAGs
[2026-07-17T23:18:12.819+0530] {logging_mixin.py:190} INFO - [2026-07-17T23:18:12.818+0530] {dag.py:4180} INFO - Setting next_dagrun for tutorial_taskflow_templates to 2026-07-16 00:00:00+00:00, run_after=2026-07-17 00:00:00+00:00
[2026-07-17T23:18:12.823+0530] {processor.py:208} INFO - Processing /Users/bhavishyachallagolla/Desktop/RetailSense/.venv/lib/python3.12/site-packages/airflow/example_dags/tutorial_taskflow_templates.py took 0.049 seconds
[2026-07-17T23:19:04.934+0530] {processor.py:186} INFO - Started process (PID=97421) to work on /Users/bhavishyachallagolla/Desktop/RetailSense/.venv/lib/python3.12/site-packages/airflow/example_dags/tutorial_taskflow_templates.py
[2026-07-17T23:19:04.935+0530] {processor.py:914} INFO - Processing file /Users/bhavishyachallagolla/Desktop/RetailSense/.venv/lib/python3.12/site-packages/airflow/example_dags/tutorial_taskflow_templates.py for tasks to queue
[2026-07-17T23:19:04.935+0530] {logging_mixin.py:190} INFO - [2026-07-17T23:19:04.935+0530] {dagbag.py:588} INFO - Filling up the DagBag from /Users/bhavishyachallagolla/Desktop/RetailSense/.venv/lib/python3.12/site-packages/airflow/example_dags/tutorial_taskflow_templates.py
[2026-07-17T23:19:04.948+0530] {processor.py:925} INFO - DAG(s) 'tutorial_taskflow_templates' retrieved from /Users/bhavishyachallagolla/Desktop/RetailSense/.venv/lib/python3.12/site-packages/airflow/example_dags/tutorial_taskflow_templates.py
[2026-07-17T23:19:04.972+0530] {logging_mixin.py:190} INFO - [2026-07-17T23:19:04.972+0530] {dag.py:3239} INFO - Sync 1 DAGs
[2026-07-17T23:19:04.976+0530] {logging_mixin.py:190} INFO - [2026-07-17T23:19:04.976+0530] {dag.py:4180} INFO - Setting next_dagrun for tutorial_taskflow_templates to 2026-07-16 00:00:00+00:00, run_after=2026-07-17 00:00:00+00:00
[2026-07-17T23:19:04.981+0530] {processor.py:208} INFO - Processing /Users/bhavishyachallagolla/Desktop/RetailSense/.venv/lib/python3.12/site-packages/airflow/example_dags/tutorial_taskflow_templates.py took 0.048 seconds
[2026-07-17T23:19:56.086+0530] {processor.py:186} INFO - Started process (PID=97495) to work on /Users/bhavishyachallagolla/Desktop/RetailSense/.venv/lib/python3.12/site-packages/airflow/example_dags/tutorial_taskflow_templates.py
[2026-07-17T23:19:56.087+0530] {processor.py:914} INFO - Processing file /Users/bhavishyachallagolla/Desktop/RetailSense/.venv/lib/python3.12/site-packages/airflow/example_dags/tutorial_taskflow_templates.py for tasks to queue
[2026-07-17T23:19:56.087+0530] {logging_mixin.py:190} INFO - [2026-07-17T23:19:56.087+0530] {dagbag.py:588} INFO - Filling up the DagBag from /Users/bhavishyachallagolla/Desktop/RetailSense/.venv/lib/python3.12/site-packages/airflow/example_dags/tutorial_taskflow_templates.py
[2026-07-17T23:19:56.101+0530] {processor.py:925} INFO - DAG(s) 'tutorial_taskflow_templates' retrieved from /Users/bhavishyachallagolla/Desktop/RetailSense/.venv/lib/python3.12/site-packages/airflow/example_dags/tutorial_taskflow_templates.py
[2026-07-17T23:19:56.127+0530] {logging_mixin.py:190} INFO - [2026-07-17T23:19:56.127+0530] {dag.py:3239} INFO - Sync 1 DAGs
[2026-07-17T23:19:56.131+0530] {logging_mixin.py:190} INFO - [2026-07-17T23:19:56.131+0530] {dag.py:4180} INFO - Setting next_dagrun for tutorial_taskflow_templates to 2026-07-16 00:00:00+00:00, run_after=2026-07-17 00:00:00+00:00
[2026-07-17T23:19:56.138+0530] {processor.py:208} INFO - Processing /Users/bhavishyachallagolla/Desktop/RetailSense/.venv/lib/python3.12/site-packages/airflow/example_dags/tutorial_taskflow_templates.py took 0.052 seconds
[2026-07-17T23:20:46.425+0530] {processor.py:186} INFO - Started process (PID=97572) to work on /Users/bhavishyachallagolla/Desktop/RetailSense/.venv/lib/python3.12/site-packages/airflow/example_dags/tutorial_taskflow_templates.py
[2026-07-17T23:20:46.425+0530] {processor.py:914} INFO - Processing file /Users/bhavishyachallagolla/Desktop/RetailSense/.venv/lib/python3.12/site-packages/airflow/example_dags/tutorial_taskflow_templates.py for tasks to queue
[2026-07-17T23:20:46.426+0530] {logging_mixin.py:190} INFO - [2026-07-17T23:20:46.425+0530] {dagbag.py:588} INFO - Filling up the DagBag from /Users/bhavishyachallagolla/Desktop/RetailSense/.venv/lib/python3.12/site-packages/airflow/example_dags/tutorial_taskflow_templates.py
[2026-07-17T23:20:46.439+0530] {processor.py:925} INFO - DAG(s) 'tutorial_taskflow_templates' retrieved from /Users/bhavishyachallagolla/Desktop/RetailSense/.venv/lib/python3.12/site-packages/airflow/example_dags/tutorial_taskflow_templates.py
[2026-07-17T23:20:46.464+0530] {logging_mixin.py:190} INFO - [2026-07-17T23:20:46.463+0530] {dag.py:3239} INFO - Sync 1 DAGs
[2026-07-17T23:20:46.468+0530] {logging_mixin.py:190} INFO - [2026-07-17T23:20:46.468+0530] {dag.py:4180} INFO - Setting next_dagrun for tutorial_taskflow_templates to 2026-07-16 00:00:00+00:00, run_after=2026-07-17 00:00:00+00:00
[2026-07-17T23:20:46.473+0530] {processor.py:208} INFO - Processing /Users/bhavishyachallagolla/Desktop/RetailSense/.venv/lib/python3.12/site-packages/airflow/example_dags/tutorial_taskflow_templates.py took 0.049 seconds
[2026-07-17T23:21:36.600+0530] {processor.py:186} INFO - Started process (PID=97646) to work on /Users/bhavishyachallagolla/Desktop/RetailSense/.venv/lib/python3.12/site-packages/airflow/example_dags/tutorial_taskflow_templates.py
[2026-07-17T23:21:36.600+0530] {processor.py:914} INFO - Processing file /Users/bhavishyachallagolla/Desktop/RetailSense/.venv/lib/python3.12/site-packages/airflow/example_dags/tutorial_taskflow_templates.py for tasks to queue
[2026-07-17T23:21:36.601+0530] {logging_mixin.py:190} INFO - [2026-07-17T23:21:36.601+0530] {dagbag.py:588} INFO - Filling up the DagBag from /Users/bhavishyachallagolla/Desktop/RetailSense/.venv/lib/python3.12/site-packages/airflow/example_dags/tutorial_taskflow_templates.py
[2026-07-17T23:21:36.614+0530] {processor.py:925} INFO - DAG(s) 'tutorial_taskflow_templates' retrieved from /Users/bhavishyachallagolla/Desktop/RetailSense/.venv/lib/python3.12/site-packages/airflow/example_dags/tutorial_taskflow_templates.py
[2026-07-17T23:21:36.639+0530] {logging_mixin.py:190} INFO - [2026-07-17T23:21:36.639+0530] {dag.py:3239} INFO - Sync 1 DAGs
[2026-07-17T23:21:36.644+0530] {logging_mixin.py:190} INFO - [2026-07-17T23:21:36.644+0530] {dag.py:4180} INFO - Setting next_dagrun for tutorial_taskflow_templates to 2026-07-16 00:00:00+00:00, run_after=2026-07-17 00:00:00+00:00
[2026-07-17T23:21:36.649+0530] {processor.py:208} INFO - Processing /Users/bhavishyachallagolla/Desktop/RetailSense/.venv/lib/python3.12/site-packages/airflow/example_dags/tutorial_taskflow_templates.py took 0.050 seconds
[2026-07-17T23:22:27.520+0530] {processor.py:186} INFO - Started process (PID=97723) to work on /Users/bhavishyachallagolla/Desktop/RetailSense/.venv/lib/python3.12/site-packages/airflow/example_dags/tutorial_taskflow_templates.py
[2026-07-17T23:22:27.520+0530] {processor.py:914} INFO - Processing file /Users/bhavishyachallagolla/Desktop/RetailSense/.venv/lib/python3.12/site-packages/airflow/example_dags/tutorial_taskflow_templates.py for tasks to queue
[2026-07-17T23:22:27.521+0530] {logging_mixin.py:190} INFO - [2026-07-17T23:22:27.520+0530] {dagbag.py:588} INFO - Filling up the DagBag from /Users/bhavishyachallagolla/Desktop/RetailSense/.venv/lib/python3.12/site-packages/airflow/example_dags/tutorial_taskflow_templates.py
[2026-07-17T23:22:27.534+0530] {processor.py:925} INFO - DAG(s) 'tutorial_taskflow_templates' retrieved from /Users/bhavishyachallagolla/Desktop/RetailSense/.venv/lib/python3.12/site-packages/airflow/example_dags/tutorial_taskflow_templates.py
[2026-07-17T23:22:27.561+0530] {logging_mixin.py:190} INFO - [2026-07-17T23:22:27.561+0530] {dag.py:3239} INFO - Sync 1 DAGs
[2026-07-17T23:22:27.566+0530] {logging_mixin.py:190} INFO - [2026-07-17T23:22:27.566+0530] {dag.py:4180} INFO - Setting next_dagrun for tutorial_taskflow_templates to 2026-07-16 00:00:00+00:00, run_after=2026-07-17 00:00:00+00:00
[2026-07-17T23:22:27.571+0530] {processor.py:208} INFO - Processing /Users/bhavishyachallagolla/Desktop/RetailSense/.venv/lib/python3.12/site-packages/airflow/example_dags/tutorial_taskflow_templates.py took 0.052 seconds
[2026-07-17T23:23:18.041+0530] {processor.py:186} INFO - Started process (PID=97798) to work on /Users/bhavishyachallagolla/Desktop/RetailSense/.venv/lib/python3.12/site-packages/airflow/example_dags/tutorial_taskflow_templates.py
[2026-07-17T23:23:18.042+0530] {processor.py:914} INFO - Processing file /Users/bhavishyachallagolla/Desktop/RetailSense/.venv/lib/python3.12/site-packages/airflow/example_dags/tutorial_taskflow_templates.py for tasks to queue
[2026-07-17T23:23:18.042+0530] {logging_mixin.py:190} INFO - [2026-07-17T23:23:18.042+0530] {dagbag.py:588} INFO - Filling up the DagBag from /Users/bhavishyachallagolla/Desktop/RetailSense/.venv/lib/python3.12/site-packages/airflow/example_dags/tutorial_taskflow_templates.py
[2026-07-17T23:23:18.054+0530] {processor.py:925} INFO - DAG(s) 'tutorial_taskflow_templates' retrieved from /Users/bhavishyachallagolla/Desktop/RetailSense/.venv/lib/python3.12/site-packages/airflow/example_dags/tutorial_taskflow_templates.py
[2026-07-17T23:23:18.078+0530] {logging_mixin.py:190} INFO - [2026-07-17T23:23:18.078+0530] {dag.py:3239} INFO - Sync 1 DAGs
[2026-07-17T23:23:18.082+0530] {logging_mixin.py:190} INFO - [2026-07-17T23:23:18.082+0530] {dag.py:4180} INFO - Setting next_dagrun for tutorial_taskflow_templates to 2026-07-16 00:00:00+00:00, run_after=2026-07-17 00:00:00+00:00
[2026-07-17T23:23:18.087+0530] {processor.py:208} INFO - Processing /Users/bhavishyachallagolla/Desktop/RetailSense/.venv/lib/python3.12/site-packages/airflow/example_dags/tutorial_taskflow_templates.py took 0.047 seconds
[2026-07-17T23:24:08.387+0530] {processor.py:186} INFO - Started process (PID=97874) to work on /Users/bhavishyachallagolla/Desktop/RetailSense/.venv/lib/python3.12/site-packages/airflow/example_dags/tutorial_taskflow_templates.py
[2026-07-17T23:24:08.387+0530] {processor.py:914} INFO - Processing file /Users/bhavishyachallagolla/Desktop/RetailSense/.venv/lib/python3.12/site-packages/airflow/example_dags/tutorial_taskflow_templates.py for tasks to queue
[2026-07-17T23:24:08.388+0530] {logging_mixin.py:190} INFO - [2026-07-17T23:24:08.387+0530] {dagbag.py:588} INFO - Filling up the DagBag from /Users/bhavishyachallagolla/Desktop/RetailSense/.venv/lib/python3.12/site-packages/airflow/example_dags/tutorial_taskflow_templates.py
[2026-07-17T23:24:08.400+0530] {processor.py:925} INFO - DAG(s) 'tutorial_taskflow_templates' retrieved from /Users/bhavishyachallagolla/Desktop/RetailSense/.venv/lib/python3.12/site-packages/airflow/example_dags/tutorial_taskflow_templates.py
[2026-07-17T23:24:08.424+0530] {logging_mixin.py:190} INFO - [2026-07-17T23:24:08.424+0530] {dag.py:3239} INFO - Sync 1 DAGs
[2026-07-17T23:24:08.428+0530] {logging_mixin.py:190} INFO - [2026-07-17T23:24:08.428+0530] {dag.py:4180} INFO - Setting next_dagrun for tutorial_taskflow_templates to 2026-07-16 00:00:00+00:00, run_after=2026-07-17 00:00:00+00:00
[2026-07-17T23:24:08.433+0530] {processor.py:208} INFO - Processing /Users/bhavishyachallagolla/Desktop/RetailSense/.venv/lib/python3.12/site-packages/airflow/example_dags/tutorial_taskflow_templates.py took 0.047 seconds
[2026-07-17T23:24:57.996+0530] {processor.py:186} INFO - Started process (PID=97949) to work on /Users/bhavishyachallagolla/Desktop/RetailSense/.venv/lib/python3.12/site-packages/airflow/example_dags/tutorial_taskflow_templates.py
[2026-07-17T23:24:57.997+0530] {processor.py:914} INFO - Processing file /Users/bhavishyachallagolla/Desktop/RetailSense/.venv/lib/python3.12/site-packages/airflow/example_dags/tutorial_taskflow_templates.py for tasks to queue
[2026-07-17T23:24:57.997+0530] {logging_mixin.py:190} INFO - [2026-07-17T23:24:57.997+0530] {dagbag.py:588} INFO - Filling up the DagBag from /Users/bhavishyachallagolla/Desktop/RetailSense/.venv/lib/python3.12/site-packages/airflow/example_dags/tutorial_taskflow_templates.py
[2026-07-17T23:24:58.009+0530] {processor.py:925} INFO - DAG(s) 'tutorial_taskflow_templates' retrieved from /Users/bhavishyachallagolla/Desktop/RetailSense/.venv/lib/python3.12/site-packages/airflow/example_dags/tutorial_taskflow_templates.py
[2026-07-17T23:24:58.034+0530] {logging_mixin.py:190} INFO - [2026-07-17T23:24:58.034+0530] {dag.py:3239} INFO - Sync 1 DAGs
[2026-07-17T23:24:58.039+0530] {logging_mixin.py:190} INFO - [2026-07-17T23:24:58.039+0530] {dag.py:4180} INFO - Setting next_dagrun for tutorial_taskflow_templates to 2026-07-16 00:00:00+00:00, run_after=2026-07-17 00:00:00+00:00
[2026-07-17T23:24:58.043+0530] {processor.py:208} INFO - Processing /Users/bhavishyachallagolla/Desktop/RetailSense/.venv/lib/python3.12/site-packages/airflow/example_dags/tutorial_taskflow_templates.py took 0.048 seconds
[2026-07-17T23:25:48.727+0530] {processor.py:186} INFO - Started process (PID=98025) to work on /Users/bhavishyachallagolla/Desktop/RetailSense/.venv/lib/python3.12/site-packages/airflow/example_dags/tutorial_taskflow_templates.py
[2026-07-17T23:25:48.727+0530] {processor.py:914} INFO - Processing file /Users/bhavishyachallagolla/Desktop/RetailSense/.venv/lib/python3.12/site-packages/airflow/example_dags/tutorial_taskflow_templates.py for tasks to queue
[2026-07-17T23:25:48.728+0530] {logging_mixin.py:190} INFO - [2026-07-17T23:25:48.728+0530] {dagbag.py:588} INFO - Filling up the DagBag from /Users/bhavishyachallagolla/Desktop/RetailSense/.venv/lib/python3.12/site-packages/airflow/example_dags/tutorial_taskflow_templates.py
[2026-07-17T23:25:48.741+0530] {processor.py:925} INFO - DAG(s) 'tutorial_taskflow_templates' retrieved from /Users/bhavishyachallagolla/Desktop/RetailSense/.venv/lib/python3.12/site-packages/airflow/example_dags/tutorial_taskflow_templates.py
[2026-07-17T23:25:48.767+0530] {logging_mixin.py:190} INFO - [2026-07-17T23:25:48.767+0530] {dag.py:3239} INFO - Sync 1 DAGs
[2026-07-17T23:25:48.772+0530] {logging_mixin.py:190} INFO - [2026-07-17T23:25:48.771+0530] {dag.py:4180} INFO - Setting next_dagrun for tutorial_taskflow_templates to 2026-07-16 00:00:00+00:00, run_after=2026-07-17 00:00:00+00:00
[2026-07-17T23:25:48.776+0530] {processor.py:208} INFO - Processing /Users/bhavishyachallagolla/Desktop/RetailSense/.venv/lib/python3.12/site-packages/airflow/example_dags/tutorial_taskflow_templates.py took 0.050 seconds
[2026-07-17T23:26:39.329+0530] {processor.py:186} INFO - Started process (PID=98100) to work on /Users/bhavishyachallagolla/Desktop/RetailSense/.venv/lib/python3.12/site-packages/airflow/example_dags/tutorial_taskflow_templates.py
[2026-07-17T23:26:39.330+0530] {processor.py:914} INFO - Processing file /Users/bhavishyachallagolla/Desktop/RetailSense/.venv/lib/python3.12/site-packages/airflow/example_dags/tutorial_taskflow_templates.py for tasks to queue
[2026-07-17T23:26:39.330+0530] {logging_mixin.py:190} INFO - [2026-07-17T23:26:39.330+0530] {dagbag.py:588} INFO - Filling up the DagBag from /Users/bhavishyachallagolla/Desktop/RetailSense/.venv/lib/python3.12/site-packages/airflow/example_dags/tutorial_taskflow_templates.py
[2026-07-17T23:26:39.343+0530] {processor.py:925} INFO - DAG(s) 'tutorial_taskflow_templates' retrieved from /Users/bhavishyachallagolla/Desktop/RetailSense/.venv/lib/python3.12/site-packages/airflow/example_dags/tutorial_taskflow_templates.py
[2026-07-17T23:26:39.367+0530] {logging_mixin.py:190} INFO - [2026-07-17T23:26:39.367+0530] {dag.py:3239} INFO - Sync 1 DAGs
[2026-07-17T23:26:39.372+0530] {logging_mixin.py:190} INFO - [2026-07-17T23:26:39.372+0530] {dag.py:4180} INFO - Setting next_dagrun for tutorial_taskflow_templates to 2026-07-16 00:00:00+00:00, run_after=2026-07-17 00:00:00+00:00
[2026-07-17T23:26:39.377+0530] {processor.py:208} INFO - Processing /Users/bhavishyachallagolla/Desktop/RetailSense/.venv/lib/python3.12/site-packages/airflow/example_dags/tutorial_taskflow_templates.py took 0.048 seconds
[2026-07-17T23:27:32.278+0530] {processor.py:186} INFO - Started process (PID=98184) to work on /Users/bhavishyachallagolla/Desktop/RetailSense/.venv/lib/python3.12/site-packages/airflow/example_dags/tutorial_taskflow_templates.py
[2026-07-17T23:27:32.278+0530] {processor.py:914} INFO - Processing file /Users/bhavishyachallagolla/Desktop/RetailSense/.venv/lib/python3.12/site-packages/airflow/example_dags/tutorial_taskflow_templates.py for tasks to queue
[2026-07-17T23:27:32.279+0530] {logging_mixin.py:190} INFO - [2026-07-17T23:27:32.279+0530] {dagbag.py:588} INFO - Filling up the DagBag from /Users/bhavishyachallagolla/Desktop/RetailSense/.venv/lib/python3.12/site-packages/airflow/example_dags/tutorial_taskflow_templates.py
[2026-07-17T23:27:32.292+0530] {processor.py:925} INFO - DAG(s) 'tutorial_taskflow_templates' retrieved from /Users/bhavishyachallagolla/Desktop/RetailSense/.venv/lib/python3.12/site-packages/airflow/example_dags/tutorial_taskflow_templates.py
[2026-07-17T23:27:32.317+0530] {logging_mixin.py:190} INFO - [2026-07-17T23:27:32.317+0530] {dag.py:3239} INFO - Sync 1 DAGs
[2026-07-17T23:27:32.322+0530] {logging_mixin.py:190} INFO - [2026-07-17T23:27:32.322+0530] {dag.py:4180} INFO - Setting next_dagrun for tutorial_taskflow_templates to 2026-07-16 00:00:00+00:00, run_after=2026-07-17 00:00:00+00:00
[2026-07-17T23:27:32.327+0530] {processor.py:208} INFO - Processing /Users/bhavishyachallagolla/Desktop/RetailSense/.venv/lib/python3.12/site-packages/airflow/example_dags/tutorial_taskflow_templates.py took 0.050 seconds
[2026-07-17T23:28:24.475+0530] {processor.py:186} INFO - Started process (PID=98265) to work on /Users/bhavishyachallagolla/Desktop/RetailSense/.venv/lib/python3.12/site-packages/airflow/example_dags/tutorial_taskflow_templates.py
[2026-07-17T23:28:24.476+0530] {processor.py:914} INFO - Processing file /Users/bhavishyachallagolla/Desktop/RetailSense/.venv/lib/python3.12/site-packages/airflow/example_dags/tutorial_taskflow_templates.py for tasks to queue
[2026-07-17T23:28:24.476+0530] {logging_mixin.py:190} INFO - [2026-07-17T23:28:24.476+0530] {dagbag.py:588} INFO - Filling up the DagBag from /Users/bhavishyachallagolla/Desktop/RetailSense/.venv/lib/python3.12/site-packages/airflow/example_dags/tutorial_taskflow_templates.py
[2026-07-17T23:28:24.489+0530] {processor.py:925} INFO - DAG(s) 'tutorial_taskflow_templates' retrieved from /Users/bhavishyachallagolla/Desktop/RetailSense/.venv/lib/python3.12/site-packages/airflow/example_dags/tutorial_taskflow_templates.py
[2026-07-17T23:28:24.514+0530] {logging_mixin.py:190} INFO - [2026-07-17T23:28:24.514+0530] {dag.py:3239} INFO - Sync 1 DAGs
[2026-07-17T23:28:24.518+0530] {logging_mixin.py:190} INFO - [2026-07-17T23:28:24.518+0530] {dag.py:4180} INFO - Setting next_dagrun for tutorial_taskflow_templates to 2026-07-16 00:00:00+00:00, run_after=2026-07-17 00:00:00+00:00
[2026-07-17T23:28:24.523+0530] {processor.py:208} INFO - Processing /Users/bhavishyachallagolla/Desktop/RetailSense/.venv/lib/python3.12/site-packages/airflow/example_dags/tutorial_taskflow_templates.py took 0.049 seconds
[2026-07-17T23:29:15.243+0530] {processor.py:186} INFO - Started process (PID=98339) to work on /Users/bhavishyachallagolla/Desktop/RetailSense/.venv/lib/python3.12/site-packages/airflow/example_dags/tutorial_taskflow_templates.py
[2026-07-17T23:29:15.244+0530] {processor.py:914} INFO - Processing file /Users/bhavishyachallagolla/Desktop/RetailSense/.venv/lib/python3.12/site-packages/airflow/example_dags/tutorial_taskflow_templates.py for tasks to queue
[2026-07-17T23:29:15.245+0530] {logging_mixin.py:190} INFO - [2026-07-17T23:29:15.245+0530] {dagbag.py:588} INFO - Filling up the DagBag from /Users/bhavishyachallagolla/Desktop/RetailSense/.venv/lib/python3.12/site-packages/airflow/example_dags/tutorial_taskflow_templates.py
[2026-07-17T23:29:15.257+0530] {processor.py:925} INFO - DAG(s) 'tutorial_taskflow_templates' retrieved from /Users/bhavishyachallagolla/Desktop/RetailSense/.venv/lib/python3.12/site-packages/airflow/example_dags/tutorial_taskflow_templates.py
[2026-07-17T23:29:15.282+0530] {logging_mixin.py:190} INFO - [2026-07-17T23:29:15.282+0530] {dag.py:3239} INFO - Sync 1 DAGs
[2026-07-17T23:29:15.286+0530] {logging_mixin.py:190} INFO - [2026-07-17T23:29:15.286+0530] {dag.py:4180} INFO - Setting next_dagrun for tutorial_taskflow_templates to 2026-07-16 00:00:00+00:00, run_after=2026-07-17 00:00:00+00:00
[2026-07-17T23:29:15.291+0530] {processor.py:208} INFO - Processing /Users/bhavishyachallagolla/Desktop/RetailSense/.venv/lib/python3.12/site-packages/airflow/example_dags/tutorial_taskflow_templates.py took 0.049 seconds
[2026-07-17T23:30:06.053+0530] {processor.py:186} INFO - Started process (PID=98440) to work on /Users/bhavishyachallagolla/Desktop/RetailSense/.venv/lib/python3.12/site-packages/airflow/example_dags/tutorial_taskflow_templates.py
[2026-07-17T23:30:06.054+0530] {processor.py:914} INFO - Processing file /Users/bhavishyachallagolla/Desktop/RetailSense/.venv/lib/python3.12/site-packages/airflow/example_dags/tutorial_taskflow_templates.py for tasks to queue
[2026-07-17T23:30:06.054+0530] {logging_mixin.py:190} INFO - [2026-07-17T23:30:06.054+0530] {dagbag.py:588} INFO - Filling up the DagBag from /Users/bhavishyachallagolla/Desktop/RetailSense/.venv/lib/python3.12/site-packages/airflow/example_dags/tutorial_taskflow_templates.py
[2026-07-17T23:30:06.071+0530] {processor.py:925} INFO - DAG(s) 'tutorial_taskflow_templates' retrieved from /Users/bhavishyachallagolla/Desktop/RetailSense/.venv/lib/python3.12/site-packages/airflow/example_dags/tutorial_taskflow_templates.py
[2026-07-17T23:30:06.096+0530] {logging_mixin.py:190} INFO - [2026-07-17T23:30:06.096+0530] {dag.py:3239} INFO - Sync 1 DAGs
[2026-07-17T23:30:06.101+0530] {logging_mixin.py:190} INFO - [2026-07-17T23:30:06.101+0530] {dag.py:4180} INFO - Setting next_dagrun for tutorial_taskflow_templates to 2026-07-16 00:00:00+00:00, run_after=2026-07-17 00:00:00+00:00
[2026-07-17T23:30:06.106+0530] {processor.py:208} INFO - Processing /Users/bhavishyachallagolla/Desktop/RetailSense/.venv/lib/python3.12/site-packages/airflow/example_dags/tutorial_taskflow_templates.py took 0.054 seconds
[2026-07-17T23:30:58.435+0530] {processor.py:186} INFO - Started process (PID=98531) to work on /Users/bhavishyachallagolla/Desktop/RetailSense/.venv/lib/python3.12/site-packages/airflow/example_dags/tutorial_taskflow_templates.py
[2026-07-17T23:30:58.435+0530] {processor.py:914} INFO - Processing file /Users/bhavishyachallagolla/Desktop/RetailSense/.venv/lib/python3.12/site-packages/airflow/example_dags/tutorial_taskflow_templates.py for tasks to queue
[2026-07-17T23:30:58.436+0530] {logging_mixin.py:190} INFO - [2026-07-17T23:30:58.435+0530] {dagbag.py:588} INFO - Filling up the DagBag from /Users/bhavishyachallagolla/Desktop/RetailSense/.venv/lib/python3.12/site-packages/airflow/example_dags/tutorial_taskflow_templates.py
[2026-07-17T23:30:58.464+0530] {processor.py:925} INFO - DAG(s) 'tutorial_taskflow_templates' retrieved from /Users/bhavishyachallagolla/Desktop/RetailSense/.venv/lib/python3.12/site-packages/airflow/example_dags/tutorial_taskflow_templates.py
[2026-07-17T23:30:58.494+0530] {logging_mixin.py:190} INFO - [2026-07-17T23:30:58.494+0530] {dag.py:3239} INFO - Sync 1 DAGs
[2026-07-17T23:30:58.500+0530] {logging_mixin.py:190} INFO - [2026-07-17T23:30:58.500+0530] {dag.py:4180} INFO - Setting next_dagrun for tutorial_taskflow_templates to 2026-07-16 00:00:00+00:00, run_after=2026-07-17 00:00:00+00:00
[2026-07-17T23:30:58.505+0530] {processor.py:208} INFO - Processing /Users/bhavishyachallagolla/Desktop/RetailSense/.venv/lib/python3.12/site-packages/airflow/example_dags/tutorial_taskflow_templates.py took 0.072 seconds
[2026-07-17T23:31:52.536+0530] {processor.py:186} INFO - Started process (PID=98617) to work on /Users/bhavishyachallagolla/Desktop/RetailSense/.venv/lib/python3.12/site-packages/airflow/example_dags/tutorial_taskflow_templates.py
[2026-07-17T23:31:52.537+0530] {processor.py:914} INFO - Processing file /Users/bhavishyachallagolla/Desktop/RetailSense/.venv/lib/python3.12/site-packages/airflow/example_dags/tutorial_taskflow_templates.py for tasks to queue
[2026-07-17T23:31:52.537+0530] {logging_mixin.py:190} INFO - [2026-07-17T23:31:52.537+0530] {dagbag.py:588} INFO - Filling up the DagBag from /Users/bhavishyachallagolla/Desktop/RetailSense/.venv/lib/python3.12/site-packages/airflow/example_dags/tutorial_taskflow_templates.py
[2026-07-17T23:31:52.551+0530] {processor.py:925} INFO - DAG(s) 'tutorial_taskflow_templates' retrieved from /Users/bhavishyachallagolla/Desktop/RetailSense/.venv/lib/python3.12/site-packages/airflow/example_dags/tutorial_taskflow_templates.py
[2026-07-17T23:31:52.576+0530] {logging_mixin.py:190} INFO - [2026-07-17T23:31:52.576+0530] {dag.py:3239} INFO - Sync 1 DAGs
[2026-07-17T23:31:52.580+0530] {logging_mixin.py:190} INFO - [2026-07-17T23:31:52.580+0530] {dag.py:4180} INFO - Setting next_dagrun for tutorial_taskflow_templates to 2026-07-16 00:00:00+00:00, run_after=2026-07-17 00:00:00+00:00
[2026-07-17T23:31:52.585+0530] {processor.py:208} INFO - Processing /Users/bhavishyachallagolla/Desktop/RetailSense/.venv/lib/python3.12/site-packages/airflow/example_dags/tutorial_taskflow_templates.py took 0.050 seconds
[2026-07-17T23:32:47.299+0530] {processor.py:186} INFO - Started process (PID=98705) to work on /Users/bhavishyachallagolla/Desktop/RetailSense/.venv/lib/python3.12/site-packages/airflow/example_dags/tutorial_taskflow_templates.py
[2026-07-17T23:32:47.300+0530] {processor.py:914} INFO - Processing file /Users/bhavishyachallagolla/Desktop/RetailSense/.venv/lib/python3.12/site-packages/airflow/example_dags/tutorial_taskflow_templates.py for tasks to queue
[2026-07-17T23:32:47.300+0530] {logging_mixin.py:190} INFO - [2026-07-17T23:32:47.300+0530] {dagbag.py:588} INFO - Filling up the DagBag from /Users/bhavishyachallagolla/Desktop/RetailSense/.venv/lib/python3.12/site-packages/airflow/example_dags/tutorial_taskflow_templates.py
[2026-07-17T23:32:47.313+0530] {processor.py:925} INFO - DAG(s) 'tutorial_taskflow_templates' retrieved from /Users/bhavishyachallagolla/Desktop/RetailSense/.venv/lib/python3.12/site-packages/airflow/example_dags/tutorial_taskflow_templates.py
[2026-07-17T23:32:47.338+0530] {logging_mixin.py:190} INFO - [2026-07-17T23:32:47.338+0530] {dag.py:3239} INFO - Sync 1 DAGs
[2026-07-17T23:32:47.342+0530] {logging_mixin.py:190} INFO - [2026-07-17T23:32:47.342+0530] {dag.py:4180} INFO - Setting next_dagrun for tutorial_taskflow_templates to 2026-07-16 00:00:00+00:00, run_after=2026-07-17 00:00:00+00:00
[2026-07-17T23:32:47.347+0530] {processor.py:208} INFO - Processing /Users/bhavishyachallagolla/Desktop/RetailSense/.venv/lib/python3.12/site-packages/airflow/example_dags/tutorial_taskflow_templates.py took 0.049 seconds
[2026-07-17T23:33:41.104+0530] {processor.py:186} INFO - Started process (PID=98787) to work on /Users/bhavishyachallagolla/Desktop/RetailSense/.venv/lib/python3.12/site-packages/airflow/example_dags/tutorial_taskflow_templates.py
[2026-07-17T23:33:41.105+0530] {processor.py:914} INFO - Processing file /Users/bhavishyachallagolla/Desktop/RetailSense/.venv/lib/python3.12/site-packages/airflow/example_dags/tutorial_taskflow_templates.py for tasks to queue
[2026-07-17T23:33:41.105+0530] {logging_mixin.py:190} INFO - [2026-07-17T23:33:41.105+0530] {dagbag.py:588} INFO - Filling up the DagBag from /Users/bhavishyachallagolla/Desktop/RetailSense/.venv/lib/python3.12/site-packages/airflow/example_dags/tutorial_taskflow_templates.py
[2026-07-17T23:33:41.118+0530] {processor.py:925} INFO - DAG(s) 'tutorial_taskflow_templates' retrieved from /Users/bhavishyachallagolla/Desktop/RetailSense/.venv/lib/python3.12/site-packages/airflow/example_dags/tutorial_taskflow_templates.py
[2026-07-17T23:33:41.142+0530] {logging_mixin.py:190} INFO - [2026-07-17T23:33:41.142+0530] {dag.py:3239} INFO - Sync 1 DAGs
[2026-07-17T23:33:41.146+0530] {logging_mixin.py:190} INFO - [2026-07-17T23:33:41.146+0530] {dag.py:4180} INFO - Setting next_dagrun for tutorial_taskflow_templates to 2026-07-16 00:00:00+00:00, run_after=2026-07-17 00:00:00+00:00
[2026-07-17T23:33:41.151+0530] {processor.py:208} INFO - Processing /Users/bhavishyachallagolla/Desktop/RetailSense/.venv/lib/python3.12/site-packages/airflow/example_dags/tutorial_taskflow_templates.py took 0.047 seconds
[2026-07-17T23:34:33.386+0530] {processor.py:186} INFO - Started process (PID=98877) to work on /Users/bhavishyachallagolla/Desktop/RetailSense/.venv/lib/python3.12/site-packages/airflow/example_dags/tutorial_taskflow_templates.py
[2026-07-17T23:34:33.386+0530] {processor.py:914} INFO - Processing file /Users/bhavishyachallagolla/Desktop/RetailSense/.venv/lib/python3.12/site-packages/airflow/example_dags/tutorial_taskflow_templates.py for tasks to queue
[2026-07-17T23:34:33.386+0530] {logging_mixin.py:190} INFO - [2026-07-17T23:34:33.386+0530] {dagbag.py:588} INFO - Filling up the DagBag from /Users/bhavishyachallagolla/Desktop/RetailSense/.venv/lib/python3.12/site-packages/airflow/example_dags/tutorial_taskflow_templates.py
[2026-07-17T23:34:33.399+0530] {processor.py:925} INFO - DAG(s) 'tutorial_taskflow_templates' retrieved from /Users/bhavishyachallagolla/Desktop/RetailSense/.venv/lib/python3.12/site-packages/airflow/example_dags/tutorial_taskflow_templates.py
[2026-07-17T23:34:33.424+0530] {logging_mixin.py:190} INFO - [2026-07-17T23:34:33.424+0530] {dag.py:3239} INFO - Sync 1 DAGs
[2026-07-17T23:34:33.428+0530] {logging_mixin.py:190} INFO - [2026-07-17T23:34:33.428+0530] {dag.py:4180} INFO - Setting next_dagrun for tutorial_taskflow_templates to 2026-07-16 00:00:00+00:00, run_after=2026-07-17 00:00:00+00:00
[2026-07-17T23:34:33.433+0530] {processor.py:208} INFO - Processing /Users/bhavishyachallagolla/Desktop/RetailSense/.venv/lib/python3.12/site-packages/airflow/example_dags/tutorial_taskflow_templates.py took 0.048 seconds
[2026-07-17T23:35:25.242+0530] {processor.py:186} INFO - Started process (PID=98954) to work on /Users/bhavishyachallagolla/Desktop/RetailSense/.venv/lib/python3.12/site-packages/airflow/example_dags/tutorial_taskflow_templates.py
[2026-07-17T23:35:25.243+0530] {processor.py:914} INFO - Processing file /Users/bhavishyachallagolla/Desktop/RetailSense/.venv/lib/python3.12/site-packages/airflow/example_dags/tutorial_taskflow_templates.py for tasks to queue
[2026-07-17T23:35:25.243+0530] {logging_mixin.py:190} INFO - [2026-07-17T23:35:25.243+0530] {dagbag.py:588} INFO - Filling up the DagBag from /Users/bhavishyachallagolla/Desktop/RetailSense/.venv/lib/python3.12/site-packages/airflow/example_dags/tutorial_taskflow_templates.py
[2026-07-17T23:35:25.256+0530] {processor.py:925} INFO - DAG(s) 'tutorial_taskflow_templates' retrieved from /Users/bhavishyachallagolla/Desktop/RetailSense/.venv/lib/python3.12/site-packages/airflow/example_dags/tutorial_taskflow_templates.py
[2026-07-17T23:35:25.280+0530] {logging_mixin.py:190} INFO - [2026-07-17T23:35:25.280+0530] {dag.py:3239} INFO - Sync 1 DAGs
[2026-07-17T23:35:25.285+0530] {logging_mixin.py:190} INFO - [2026-07-17T23:35:25.285+0530] {dag.py:4180} INFO - Setting next_dagrun for tutorial_taskflow_templates to 2026-07-16 00:00:00+00:00, run_after=2026-07-17 00:00:00+00:00
[2026-07-17T23:35:25.290+0530] {processor.py:208} INFO - Processing /Users/bhavishyachallagolla/Desktop/RetailSense/.venv/lib/python3.12/site-packages/airflow/example_dags/tutorial_taskflow_templates.py took 0.048 seconds
[2026-07-17T23:36:16.845+0530] {processor.py:186} INFO - Started process (PID=99031) to work on /Users/bhavishyachallagolla/Desktop/RetailSense/.venv/lib/python3.12/site-packages/airflow/example_dags/tutorial_taskflow_templates.py
[2026-07-17T23:36:16.846+0530] {processor.py:914} INFO - Processing file /Users/bhavishyachallagolla/Desktop/RetailSense/.venv/lib/python3.12/site-packages/airflow/example_dags/tutorial_taskflow_templates.py for tasks to queue
[2026-07-17T23:36:16.846+0530] {logging_mixin.py:190} INFO - [2026-07-17T23:36:16.846+0530] {dagbag.py:588} INFO - Filling up the DagBag from /Users/bhavishyachallagolla/Desktop/RetailSense/.venv/lib/python3.12/site-packages/airflow/example_dags/tutorial_taskflow_templates.py
[2026-07-17T23:36:16.858+0530] {processor.py:925} INFO - DAG(s) 'tutorial_taskflow_templates' retrieved from /Users/bhavishyachallagolla/Desktop/RetailSense/.venv/lib/python3.12/site-packages/airflow/example_dags/tutorial_taskflow_templates.py
[2026-07-17T23:36:16.882+0530] {logging_mixin.py:190} INFO - [2026-07-17T23:36:16.882+0530] {dag.py:3239} INFO - Sync 1 DAGs
[2026-07-17T23:36:16.887+0530] {logging_mixin.py:190} INFO - [2026-07-17T23:36:16.887+0530] {dag.py:4180} INFO - Setting next_dagrun for tutorial_taskflow_templates to 2026-07-16 00:00:00+00:00, run_after=2026-07-17 00:00:00+00:00
[2026-07-17T23:36:16.892+0530] {processor.py:208} INFO - Processing /Users/bhavishyachallagolla/Desktop/RetailSense/.venv/lib/python3.12/site-packages/airflow/example_dags/tutorial_taskflow_templates.py took 0.047 seconds
[2026-07-17T23:37:07.248+0530] {processor.py:186} INFO - Started process (PID=99107) to work on /Users/bhavishyachallagolla/Desktop/RetailSense/.venv/lib/python3.12/site-packages/airflow/example_dags/tutorial_taskflow_templates.py
[2026-07-17T23:37:07.249+0530] {processor.py:914} INFO - Processing file /Users/bhavishyachallagolla/Desktop/RetailSense/.venv/lib/python3.12/site-packages/airflow/example_dags/tutorial_taskflow_templates.py for tasks to queue
[2026-07-17T23:37:07.249+0530] {logging_mixin.py:190} INFO - [2026-07-17T23:37:07.249+0530] {dagbag.py:588} INFO - Filling up the DagBag from /Users/bhavishyachallagolla/Desktop/RetailSense/.venv/lib/python3.12/site-packages/airflow/example_dags/tutorial_taskflow_templates.py
[2026-07-17T23:37:07.262+0530] {processor.py:925} INFO - DAG(s) 'tutorial_taskflow_templates' retrieved from /Users/bhavishyachallagolla/Desktop/RetailSense/.venv/lib/python3.12/site-packages/airflow/example_dags/tutorial_taskflow_templates.py
[2026-07-17T23:37:07.286+0530] {logging_mixin.py:190} INFO - [2026-07-17T23:37:07.286+0530] {dag.py:3239} INFO - Sync 1 DAGs
[2026-07-17T23:37:07.291+0530] {logging_mixin.py:190} INFO - [2026-07-17T23:37:07.291+0530] {dag.py:4180} INFO - Setting next_dagrun for tutorial_taskflow_templates to 2026-07-16 00:00:00+00:00, run_after=2026-07-17 00:00:00+00:00
[2026-07-17T23:37:07.296+0530] {processor.py:208} INFO - Processing /Users/bhavishyachallagolla/Desktop/RetailSense/.venv/lib/python3.12/site-packages/airflow/example_dags/tutorial_taskflow_templates.py took 0.048 seconds
[2026-07-17T23:37:57.660+0530] {processor.py:186} INFO - Started process (PID=99183) to work on /Users/bhavishyachallagolla/Desktop/RetailSense/.venv/lib/python3.12/site-packages/airflow/example_dags/tutorial_taskflow_templates.py
[2026-07-17T23:37:57.660+0530] {processor.py:914} INFO - Processing file /Users/bhavishyachallagolla/Desktop/RetailSense/.venv/lib/python3.12/site-packages/airflow/example_dags/tutorial_taskflow_templates.py for tasks to queue
[2026-07-17T23:37:57.660+0530] {logging_mixin.py:190} INFO - [2026-07-17T23:37:57.660+0530] {dagbag.py:588} INFO - Filling up the DagBag from /Users/bhavishyachallagolla/Desktop/RetailSense/.venv/lib/python3.12/site-packages/airflow/example_dags/tutorial_taskflow_templates.py
[2026-07-17T23:37:57.673+0530] {processor.py:925} INFO - DAG(s) 'tutorial_taskflow_templates' retrieved from /Users/bhavishyachallagolla/Desktop/RetailSense/.venv/lib/python3.12/site-packages/airflow/example_dags/tutorial_taskflow_templates.py
[2026-07-17T23:37:57.697+0530] {logging_mixin.py:190} INFO - [2026-07-17T23:37:57.697+0530] {dag.py:3239} INFO - Sync 1 DAGs
[2026-07-17T23:37:57.702+0530] {logging_mixin.py:190} INFO - [2026-07-17T23:37:57.702+0530] {dag.py:4180} INFO - Setting next_dagrun for tutorial_taskflow_templates to 2026-07-16 00:00:00+00:00, run_after=2026-07-17 00:00:00+00:00
[2026-07-17T23:37:57.706+0530] {processor.py:208} INFO - Processing /Users/bhavishyachallagolla/Desktop/RetailSense/.venv/lib/python3.12/site-packages/airflow/example_dags/tutorial_taskflow_templates.py took 0.048 seconds
[2026-07-17T23:38:50.067+0530] {processor.py:186} INFO - Started process (PID=99269) to work on /Users/bhavishyachallagolla/Desktop/RetailSense/.venv/lib/python3.12/site-packages/airflow/example_dags/tutorial_taskflow_templates.py
[2026-07-17T23:38:50.067+0530] {processor.py:914} INFO - Processing file /Users/bhavishyachallagolla/Desktop/RetailSense/.venv/lib/python3.12/site-packages/airflow/example_dags/tutorial_taskflow_templates.py for tasks to queue
[2026-07-17T23:38:50.068+0530] {logging_mixin.py:190} INFO - [2026-07-17T23:38:50.067+0530] {dagbag.py:588} INFO - Filling up the DagBag from /Users/bhavishyachallagolla/Desktop/RetailSense/.venv/lib/python3.12/site-packages/airflow/example_dags/tutorial_taskflow_templates.py
[2026-07-17T23:38:50.081+0530] {processor.py:925} INFO - DAG(s) 'tutorial_taskflow_templates' retrieved from /Users/bhavishyachallagolla/Desktop/RetailSense/.venv/lib/python3.12/site-packages/airflow/example_dags/tutorial_taskflow_templates.py
[2026-07-17T23:38:50.106+0530] {logging_mixin.py:190} INFO - [2026-07-17T23:38:50.106+0530] {dag.py:3239} INFO - Sync 1 DAGs
[2026-07-17T23:38:50.112+0530] {logging_mixin.py:190} INFO - [2026-07-17T23:38:50.112+0530] {dag.py:4180} INFO - Setting next_dagrun for tutorial_taskflow_templates to 2026-07-16 00:00:00+00:00, run_after=2026-07-17 00:00:00+00:00
[2026-07-17T23:38:50.117+0530] {processor.py:208} INFO - Processing /Users/bhavishyachallagolla/Desktop/RetailSense/.venv/lib/python3.12/site-packages/airflow/example_dags/tutorial_taskflow_templates.py took 0.051 seconds
[2026-07-17T23:39:40.377+0530] {processor.py:186} INFO - Started process (PID=99344) to work on /Users/bhavishyachallagolla/Desktop/RetailSense/.venv/lib/python3.12/site-packages/airflow/example_dags/tutorial_taskflow_templates.py
[2026-07-17T23:39:40.378+0530] {processor.py:914} INFO - Processing file /Users/bhavishyachallagolla/Desktop/RetailSense/.venv/lib/python3.12/site-packages/airflow/example_dags/tutorial_taskflow_templates.py for tasks to queue
[2026-07-17T23:39:40.378+0530] {logging_mixin.py:190} INFO - [2026-07-17T23:39:40.378+0530] {dagbag.py:588} INFO - Filling up the DagBag from /Users/bhavishyachallagolla/Desktop/RetailSense/.venv/lib/python3.12/site-packages/airflow/example_dags/tutorial_taskflow_templates.py
[2026-07-17T23:39:40.391+0530] {processor.py:925} INFO - DAG(s) 'tutorial_taskflow_templates' retrieved from /Users/bhavishyachallagolla/Desktop/RetailSense/.venv/lib/python3.12/site-packages/airflow/example_dags/tutorial_taskflow_templates.py
[2026-07-17T23:39:40.416+0530] {logging_mixin.py:190} INFO - [2026-07-17T23:39:40.416+0530] {dag.py:3239} INFO - Sync 1 DAGs
[2026-07-17T23:39:40.420+0530] {logging_mixin.py:190} INFO - [2026-07-17T23:39:40.420+0530] {dag.py:4180} INFO - Setting next_dagrun for tutorial_taskflow_templates to 2026-07-16 00:00:00+00:00, run_after=2026-07-17 00:00:00+00:00
[2026-07-17T23:39:40.425+0530] {processor.py:208} INFO - Processing /Users/bhavishyachallagolla/Desktop/RetailSense/.venv/lib/python3.12/site-packages/airflow/example_dags/tutorial_taskflow_templates.py took 0.049 seconds
[2026-07-17T23:40:30.960+0530] {processor.py:186} INFO - Started process (PID=99423) to work on /Users/bhavishyachallagolla/Desktop/RetailSense/.venv/lib/python3.12/site-packages/airflow/example_dags/tutorial_taskflow_templates.py
[2026-07-17T23:40:30.961+0530] {processor.py:914} INFO - Processing file /Users/bhavishyachallagolla/Desktop/RetailSense/.venv/lib/python3.12/site-packages/airflow/example_dags/tutorial_taskflow_templates.py for tasks to queue
[2026-07-17T23:40:30.961+0530] {logging_mixin.py:190} INFO - [2026-07-17T23:40:30.961+0530] {dagbag.py:588} INFO - Filling up the DagBag from /Users/bhavishyachallagolla/Desktop/RetailSense/.venv/lib/python3.12/site-packages/airflow/example_dags/tutorial_taskflow_templates.py
[2026-07-17T23:40:30.974+0530] {processor.py:925} INFO - DAG(s) 'tutorial_taskflow_templates' retrieved from /Users/bhavishyachallagolla/Desktop/RetailSense/.venv/lib/python3.12/site-packages/airflow/example_dags/tutorial_taskflow_templates.py
[2026-07-17T23:40:30.998+0530] {logging_mixin.py:190} INFO - [2026-07-17T23:40:30.998+0530] {dag.py:3239} INFO - Sync 1 DAGs
[2026-07-17T23:40:31.003+0530] {logging_mixin.py:190} INFO - [2026-07-17T23:40:31.003+0530] {dag.py:4180} INFO - Setting next_dagrun for tutorial_taskflow_templates to 2026-07-16 00:00:00+00:00, run_after=2026-07-17 00:00:00+00:00
[2026-07-17T23:40:31.008+0530] {processor.py:208} INFO - Processing /Users/bhavishyachallagolla/Desktop/RetailSense/.venv/lib/python3.12/site-packages/airflow/example_dags/tutorial_taskflow_templates.py took 0.049 seconds
[2026-07-17T23:41:22.299+0530] {processor.py:186} INFO - Started process (PID=99500) to work on /Users/bhavishyachallagolla/Desktop/RetailSense/.venv/lib/python3.12/site-packages/airflow/example_dags/tutorial_taskflow_templates.py
[2026-07-17T23:41:22.299+0530] {processor.py:914} INFO - Processing file /Users/bhavishyachallagolla/Desktop/RetailSense/.venv/lib/python3.12/site-packages/airflow/example_dags/tutorial_taskflow_templates.py for tasks to queue
[2026-07-17T23:41:22.300+0530] {logging_mixin.py:190} INFO - [2026-07-17T23:41:22.300+0530] {dagbag.py:588} INFO - Filling up the DagBag from /Users/bhavishyachallagolla/Desktop/RetailSense/.venv/lib/python3.12/site-packages/airflow/example_dags/tutorial_taskflow_templates.py
[2026-07-17T23:41:22.313+0530] {processor.py:925} INFO - DAG(s) 'tutorial_taskflow_templates' retrieved from /Users/bhavishyachallagolla/Desktop/RetailSense/.venv/lib/python3.12/site-packages/airflow/example_dags/tutorial_taskflow_templates.py
[2026-07-17T23:41:22.337+0530] {logging_mixin.py:190} INFO - [2026-07-17T23:41:22.337+0530] {dag.py:3239} INFO - Sync 1 DAGs
[2026-07-17T23:41:22.342+0530] {logging_mixin.py:190} INFO - [2026-07-17T23:41:22.342+0530] {dag.py:4180} INFO - Setting next_dagrun for tutorial_taskflow_templates to 2026-07-16 00:00:00+00:00, run_after=2026-07-17 00:00:00+00:00
[2026-07-17T23:41:22.347+0530] {processor.py:208} INFO - Processing /Users/bhavishyachallagolla/Desktop/RetailSense/.venv/lib/python3.12/site-packages/airflow/example_dags/tutorial_taskflow_templates.py took 0.049 seconds
[2026-07-17T23:42:14.621+0530] {processor.py:186} INFO - Started process (PID=99581) to work on /Users/bhavishyachallagolla/Desktop/RetailSense/.venv/lib/python3.12/site-packages/airflow/example_dags/tutorial_taskflow_templates.py
[2026-07-17T23:42:14.621+0530] {processor.py:914} INFO - Processing file /Users/bhavishyachallagolla/Desktop/RetailSense/.venv/lib/python3.12/site-packages/airflow/example_dags/tutorial_taskflow_templates.py for tasks to queue
[2026-07-17T23:42:14.622+0530] {logging_mixin.py:190} INFO - [2026-07-17T23:42:14.622+0530] {dagbag.py:588} INFO - Filling up the DagBag from /Users/bhavishyachallagolla/Desktop/RetailSense/.venv/lib/python3.12/site-packages/airflow/example_dags/tutorial_taskflow_templates.py
[2026-07-17T23:42:14.634+0530] {processor.py:925} INFO - DAG(s) 'tutorial_taskflow_templates' retrieved from /Users/bhavishyachallagolla/Desktop/RetailSense/.venv/lib/python3.12/site-packages/airflow/example_dags/tutorial_taskflow_templates.py
[2026-07-17T23:42:14.659+0530] {logging_mixin.py:190} INFO - [2026-07-17T23:42:14.659+0530] {dag.py:3239} INFO - Sync 1 DAGs
[2026-07-17T23:42:14.664+0530] {logging_mixin.py:190} INFO - [2026-07-17T23:42:14.663+0530] {dag.py:4180} INFO - Setting next_dagrun for tutorial_taskflow_templates to 2026-07-16 00:00:00+00:00, run_after=2026-07-17 00:00:00+00:00
[2026-07-17T23:42:14.668+0530] {processor.py:208} INFO - Processing /Users/bhavishyachallagolla/Desktop/RetailSense/.venv/lib/python3.12/site-packages/airflow/example_dags/tutorial_taskflow_templates.py took 0.048 seconds
[2026-07-17T23:43:04.426+0530] {processor.py:186} INFO - Started process (PID=99658) to work on /Users/bhavishyachallagolla/Desktop/RetailSense/.venv/lib/python3.12/site-packages/airflow/example_dags/tutorial_taskflow_templates.py
[2026-07-17T23:43:04.426+0530] {processor.py:914} INFO - Processing file /Users/bhavishyachallagolla/Desktop/RetailSense/.venv/lib/python3.12/site-packages/airflow/example_dags/tutorial_taskflow_templates.py for tasks to queue
[2026-07-17T23:43:04.427+0530] {logging_mixin.py:190} INFO - [2026-07-17T23:43:04.427+0530] {dagbag.py:588} INFO - Filling up the DagBag from /Users/bhavishyachallagolla/Desktop/RetailSense/.venv/lib/python3.12/site-packages/airflow/example_dags/tutorial_taskflow_templates.py
[2026-07-17T23:43:04.441+0530] {processor.py:925} INFO - DAG(s) 'tutorial_taskflow_templates' retrieved from /Users/bhavishyachallagolla/Desktop/RetailSense/.venv/lib/python3.12/site-packages/airflow/example_dags/tutorial_taskflow_templates.py
[2026-07-17T23:43:04.467+0530] {logging_mixin.py:190} INFO - [2026-07-17T23:43:04.467+0530] {dag.py:3239} INFO - Sync 1 DAGs
[2026-07-17T23:43:04.472+0530] {logging_mixin.py:190} INFO - [2026-07-17T23:43:04.472+0530] {dag.py:4180} INFO - Setting next_dagrun for tutorial_taskflow_templates to 2026-07-16 00:00:00+00:00, run_after=2026-07-17 00:00:00+00:00
[2026-07-17T23:43:04.477+0530] {processor.py:208} INFO - Processing /Users/bhavishyachallagolla/Desktop/RetailSense/.venv/lib/python3.12/site-packages/airflow/example_dags/tutorial_taskflow_templates.py took 0.052 seconds
[2026-07-17T23:43:54.950+0530] {processor.py:186} INFO - Started process (PID=99734) to work on /Users/bhavishyachallagolla/Desktop/RetailSense/.venv/lib/python3.12/site-packages/airflow/example_dags/tutorial_taskflow_templates.py
[2026-07-17T23:43:54.951+0530] {processor.py:914} INFO - Processing file /Users/bhavishyachallagolla/Desktop/RetailSense/.venv/lib/python3.12/site-packages/airflow/example_dags/tutorial_taskflow_templates.py for tasks to queue
[2026-07-17T23:43:54.951+0530] {logging_mixin.py:190} INFO - [2026-07-17T23:43:54.951+0530] {dagbag.py:588} INFO - Filling up the DagBag from /Users/bhavishyachallagolla/Desktop/RetailSense/.venv/lib/python3.12/site-packages/airflow/example_dags/tutorial_taskflow_templates.py
[2026-07-17T23:43:54.963+0530] {processor.py:925} INFO - DAG(s) 'tutorial_taskflow_templates' retrieved from /Users/bhavishyachallagolla/Desktop/RetailSense/.venv/lib/python3.12/site-packages/airflow/example_dags/tutorial_taskflow_templates.py
[2026-07-17T23:43:54.987+0530] {logging_mixin.py:190} INFO - [2026-07-17T23:43:54.987+0530] {dag.py:3239} INFO - Sync 1 DAGs
[2026-07-17T23:43:54.992+0530] {logging_mixin.py:190} INFO - [2026-07-17T23:43:54.992+0530] {dag.py:4180} INFO - Setting next_dagrun for tutorial_taskflow_templates to 2026-07-16 00:00:00+00:00, run_after=2026-07-17 00:00:00+00:00
[2026-07-17T23:43:54.996+0530] {processor.py:208} INFO - Processing /Users/bhavishyachallagolla/Desktop/RetailSense/.venv/lib/python3.12/site-packages/airflow/example_dags/tutorial_taskflow_templates.py took 0.047 seconds
[2026-07-17T23:44:46.634+0530] {processor.py:186} INFO - Started process (PID=99812) to work on /Users/bhavishyachallagolla/Desktop/RetailSense/.venv/lib/python3.12/site-packages/airflow/example_dags/tutorial_taskflow_templates.py
[2026-07-17T23:44:46.635+0530] {processor.py:914} INFO - Processing file /Users/bhavishyachallagolla/Desktop/RetailSense/.venv/lib/python3.12/site-packages/airflow/example_dags/tutorial_taskflow_templates.py for tasks to queue
[2026-07-17T23:44:46.635+0530] {logging_mixin.py:190} INFO - [2026-07-17T23:44:46.635+0530] {dagbag.py:588} INFO - Filling up the DagBag from /Users/bhavishyachallagolla/Desktop/RetailSense/.venv/lib/python3.12/site-packages/airflow/example_dags/tutorial_taskflow_templates.py
[2026-07-17T23:44:46.648+0530] {processor.py:925} INFO - DAG(s) 'tutorial_taskflow_templates' retrieved from /Users/bhavishyachallagolla/Desktop/RetailSense/.venv/lib/python3.12/site-packages/airflow/example_dags/tutorial_taskflow_templates.py
[2026-07-17T23:44:46.673+0530] {logging_mixin.py:190} INFO - [2026-07-17T23:44:46.673+0530] {dag.py:3239} INFO - Sync 1 DAGs
[2026-07-17T23:44:46.678+0530] {logging_mixin.py:190} INFO - [2026-07-17T23:44:46.678+0530] {dag.py:4180} INFO - Setting next_dagrun for tutorial_taskflow_templates to 2026-07-16 00:00:00+00:00, run_after=2026-07-17 00:00:00+00:00
[2026-07-17T23:44:46.684+0530] {processor.py:208} INFO - Processing /Users/bhavishyachallagolla/Desktop/RetailSense/.venv/lib/python3.12/site-packages/airflow/example_dags/tutorial_taskflow_templates.py took 0.051 seconds
[2026-07-17T23:45:37.186+0530] {processor.py:186} INFO - Started process (PID=99890) to work on /Users/bhavishyachallagolla/Desktop/RetailSense/.venv/lib/python3.12/site-packages/airflow/example_dags/tutorial_taskflow_templates.py
[2026-07-17T23:45:37.186+0530] {processor.py:914} INFO - Processing file /Users/bhavishyachallagolla/Desktop/RetailSense/.venv/lib/python3.12/site-packages/airflow/example_dags/tutorial_taskflow_templates.py for tasks to queue
[2026-07-17T23:45:37.186+0530] {logging_mixin.py:190} INFO - [2026-07-17T23:45:37.186+0530] {dagbag.py:588} INFO - Filling up the DagBag from /Users/bhavishyachallagolla/Desktop/RetailSense/.venv/lib/python3.12/site-packages/airflow/example_dags/tutorial_taskflow_templates.py
[2026-07-17T23:45:37.199+0530] {processor.py:925} INFO - DAG(s) 'tutorial_taskflow_templates' retrieved from /Users/bhavishyachallagolla/Desktop/RetailSense/.venv/lib/python3.12/site-packages/airflow/example_dags/tutorial_taskflow_templates.py
[2026-07-17T23:45:37.224+0530] {logging_mixin.py:190} INFO - [2026-07-17T23:45:37.224+0530] {dag.py:3239} INFO - Sync 1 DAGs
[2026-07-17T23:45:37.229+0530] {logging_mixin.py:190} INFO - [2026-07-17T23:45:37.229+0530] {dag.py:4180} INFO - Setting next_dagrun for tutorial_taskflow_templates to 2026-07-16 00:00:00+00:00, run_after=2026-07-17 00:00:00+00:00
[2026-07-17T23:45:37.233+0530] {processor.py:208} INFO - Processing /Users/bhavishyachallagolla/Desktop/RetailSense/.venv/lib/python3.12/site-packages/airflow/example_dags/tutorial_taskflow_templates.py took 0.048 seconds
[2026-07-17T23:46:30.780+0530] {processor.py:186} INFO - Started process (PID=99972) to work on /Users/bhavishyachallagolla/Desktop/RetailSense/.venv/lib/python3.12/site-packages/airflow/example_dags/tutorial_taskflow_templates.py
[2026-07-17T23:46:30.781+0530] {processor.py:914} INFO - Processing file /Users/bhavishyachallagolla/Desktop/RetailSense/.venv/lib/python3.12/site-packages/airflow/example_dags/tutorial_taskflow_templates.py for tasks to queue
[2026-07-17T23:46:30.781+0530] {logging_mixin.py:190} INFO - [2026-07-17T23:46:30.781+0530] {dagbag.py:588} INFO - Filling up the DagBag from /Users/bhavishyachallagolla/Desktop/RetailSense/.venv/lib/python3.12/site-packages/airflow/example_dags/tutorial_taskflow_templates.py
[2026-07-17T23:46:30.794+0530] {processor.py:925} INFO - DAG(s) 'tutorial_taskflow_templates' retrieved from /Users/bhavishyachallagolla/Desktop/RetailSense/.venv/lib/python3.12/site-packages/airflow/example_dags/tutorial_taskflow_templates.py
[2026-07-17T23:46:30.818+0530] {logging_mixin.py:190} INFO - [2026-07-17T23:46:30.818+0530] {dag.py:3239} INFO - Sync 1 DAGs
[2026-07-17T23:46:30.823+0530] {logging_mixin.py:190} INFO - [2026-07-17T23:46:30.823+0530] {dag.py:4180} INFO - Setting next_dagrun for tutorial_taskflow_templates to 2026-07-16 00:00:00+00:00, run_after=2026-07-17 00:00:00+00:00
[2026-07-17T23:46:30.827+0530] {processor.py:208} INFO - Processing /Users/bhavishyachallagolla/Desktop/RetailSense/.venv/lib/python3.12/site-packages/airflow/example_dags/tutorial_taskflow_templates.py took 0.048 seconds
[2026-07-17T23:47:21.827+0530] {processor.py:186} INFO - Started process (PID=149) to work on /Users/bhavishyachallagolla/Desktop/RetailSense/.venv/lib/python3.12/site-packages/airflow/example_dags/tutorial_taskflow_templates.py
[2026-07-17T23:47:21.828+0530] {processor.py:914} INFO - Processing file /Users/bhavishyachallagolla/Desktop/RetailSense/.venv/lib/python3.12/site-packages/airflow/example_dags/tutorial_taskflow_templates.py for tasks to queue
[2026-07-17T23:47:21.828+0530] {logging_mixin.py:190} INFO - [2026-07-17T23:47:21.828+0530] {dagbag.py:588} INFO - Filling up the DagBag from /Users/bhavishyachallagolla/Desktop/RetailSense/.venv/lib/python3.12/site-packages/airflow/example_dags/tutorial_taskflow_templates.py
[2026-07-17T23:47:21.841+0530] {processor.py:925} INFO - DAG(s) 'tutorial_taskflow_templates' retrieved from /Users/bhavishyachallagolla/Desktop/RetailSense/.venv/lib/python3.12/site-packages/airflow/example_dags/tutorial_taskflow_templates.py
[2026-07-17T23:47:21.865+0530] {logging_mixin.py:190} INFO - [2026-07-17T23:47:21.865+0530] {dag.py:3239} INFO - Sync 1 DAGs
[2026-07-17T23:47:21.869+0530] {logging_mixin.py:190} INFO - [2026-07-17T23:47:21.869+0530] {dag.py:4180} INFO - Setting next_dagrun for tutorial_taskflow_templates to 2026-07-16 00:00:00+00:00, run_after=2026-07-17 00:00:00+00:00
[2026-07-17T23:47:21.874+0530] {processor.py:208} INFO - Processing /Users/bhavishyachallagolla/Desktop/RetailSense/.venv/lib/python3.12/site-packages/airflow/example_dags/tutorial_taskflow_templates.py took 0.048 seconds
[2026-07-17T23:48:29.540+0530] {processor.py:186} INFO - Started process (PID=256) to work on /Users/bhavishyachallagolla/Desktop/RetailSense/.venv/lib/python3.12/site-packages/airflow/example_dags/tutorial_taskflow_templates.py
[2026-07-17T23:48:29.542+0530] {processor.py:914} INFO - Processing file /Users/bhavishyachallagolla/Desktop/RetailSense/.venv/lib/python3.12/site-packages/airflow/example_dags/tutorial_taskflow_templates.py for tasks to queue
[2026-07-17T23:48:29.542+0530] {logging_mixin.py:190} INFO - [2026-07-17T23:48:29.542+0530] {dagbag.py:588} INFO - Filling up the DagBag from /Users/bhavishyachallagolla/Desktop/RetailSense/.venv/lib/python3.12/site-packages/airflow/example_dags/tutorial_taskflow_templates.py
[2026-07-17T23:48:29.554+0530] {processor.py:925} INFO - DAG(s) 'tutorial_taskflow_templates' retrieved from /Users/bhavishyachallagolla/Desktop/RetailSense/.venv/lib/python3.12/site-packages/airflow/example_dags/tutorial_taskflow_templates.py
[2026-07-17T23:48:29.578+0530] {logging_mixin.py:190} INFO - [2026-07-17T23:48:29.578+0530] {dag.py:3239} INFO - Sync 1 DAGs
[2026-07-17T23:48:29.583+0530] {logging_mixin.py:190} INFO - [2026-07-17T23:48:29.583+0530] {dag.py:4180} INFO - Setting next_dagrun for tutorial_taskflow_templates to 2026-07-16 00:00:00+00:00, run_after=2026-07-17 00:00:00+00:00
[2026-07-17T23:48:29.587+0530] {processor.py:208} INFO - Processing /Users/bhavishyachallagolla/Desktop/RetailSense/.venv/lib/python3.12/site-packages/airflow/example_dags/tutorial_taskflow_templates.py took 0.048 seconds
[2026-07-17T23:49:23.033+0530] {processor.py:186} INFO - Started process (PID=349) to work on /Users/bhavishyachallagolla/Desktop/RetailSense/.venv/lib/python3.12/site-packages/airflow/example_dags/tutorial_taskflow_templates.py
[2026-07-17T23:49:23.034+0530] {processor.py:914} INFO - Processing file /Users/bhavishyachallagolla/Desktop/RetailSense/.venv/lib/python3.12/site-packages/airflow/example_dags/tutorial_taskflow_templates.py for tasks to queue
[2026-07-17T23:49:23.034+0530] {logging_mixin.py:190} INFO - [2026-07-17T23:49:23.034+0530] {dagbag.py:588} INFO - Filling up the DagBag from /Users/bhavishyachallagolla/Desktop/RetailSense/.venv/lib/python3.12/site-packages/airflow/example_dags/tutorial_taskflow_templates.py
[2026-07-17T23:49:23.046+0530] {processor.py:925} INFO - DAG(s) 'tutorial_taskflow_templates' retrieved from /Users/bhavishyachallagolla/Desktop/RetailSense/.venv/lib/python3.12/site-packages/airflow/example_dags/tutorial_taskflow_templates.py
[2026-07-17T23:49:23.070+0530] {logging_mixin.py:190} INFO - [2026-07-17T23:49:23.070+0530] {dag.py:3239} INFO - Sync 1 DAGs
[2026-07-17T23:49:23.075+0530] {logging_mixin.py:190} INFO - [2026-07-17T23:49:23.075+0530] {dag.py:4180} INFO - Setting next_dagrun for tutorial_taskflow_templates to 2026-07-16 00:00:00+00:00, run_after=2026-07-17 00:00:00+00:00
[2026-07-17T23:49:23.080+0530] {processor.py:208} INFO - Processing /Users/bhavishyachallagolla/Desktop/RetailSense/.venv/lib/python3.12/site-packages/airflow/example_dags/tutorial_taskflow_templates.py took 0.047 seconds
[2026-07-17T23:50:14.522+0530] {processor.py:186} INFO - Started process (PID=468) to work on /Users/bhavishyachallagolla/Desktop/RetailSense/.venv/lib/python3.12/site-packages/airflow/example_dags/tutorial_taskflow_templates.py
[2026-07-17T23:50:14.522+0530] {processor.py:914} INFO - Processing file /Users/bhavishyachallagolla/Desktop/RetailSense/.venv/lib/python3.12/site-packages/airflow/example_dags/tutorial_taskflow_templates.py for tasks to queue
[2026-07-17T23:50:14.522+0530] {logging_mixin.py:190} INFO - [2026-07-17T23:50:14.522+0530] {dagbag.py:588} INFO - Filling up the DagBag from /Users/bhavishyachallagolla/Desktop/RetailSense/.venv/lib/python3.12/site-packages/airflow/example_dags/tutorial_taskflow_templates.py
[2026-07-17T23:50:14.535+0530] {processor.py:925} INFO - DAG(s) 'tutorial_taskflow_templates' retrieved from /Users/bhavishyachallagolla/Desktop/RetailSense/.venv/lib/python3.12/site-packages/airflow/example_dags/tutorial_taskflow_templates.py
[2026-07-17T23:50:14.560+0530] {logging_mixin.py:190} INFO - [2026-07-17T23:50:14.560+0530] {dag.py:3239} INFO - Sync 1 DAGs
[2026-07-17T23:50:14.565+0530] {logging_mixin.py:190} INFO - [2026-07-17T23:50:14.564+0530] {dag.py:4180} INFO - Setting next_dagrun for tutorial_taskflow_templates to 2026-07-16 00:00:00+00:00, run_after=2026-07-17 00:00:00+00:00
[2026-07-17T23:50:14.569+0530] {processor.py:208} INFO - Processing /Users/bhavishyachallagolla/Desktop/RetailSense/.venv/lib/python3.12/site-packages/airflow/example_dags/tutorial_taskflow_templates.py took 0.048 seconds
[2026-07-17T23:51:06.649+0530] {processor.py:186} INFO - Started process (PID=576) to work on /Users/bhavishyachallagolla/Desktop/RetailSense/.venv/lib/python3.12/site-packages/airflow/example_dags/tutorial_taskflow_templates.py
[2026-07-17T23:51:06.649+0530] {processor.py:914} INFO - Processing file /Users/bhavishyachallagolla/Desktop/RetailSense/.venv/lib/python3.12/site-packages/airflow/example_dags/tutorial_taskflow_templates.py for tasks to queue
[2026-07-17T23:51:06.649+0530] {logging_mixin.py:190} INFO - [2026-07-17T23:51:06.649+0530] {dagbag.py:588} INFO - Filling up the DagBag from /Users/bhavishyachallagolla/Desktop/RetailSense/.venv/lib/python3.12/site-packages/airflow/example_dags/tutorial_taskflow_templates.py
[2026-07-17T23:51:06.662+0530] {processor.py:925} INFO - DAG(s) 'tutorial_taskflow_templates' retrieved from /Users/bhavishyachallagolla/Desktop/RetailSense/.venv/lib/python3.12/site-packages/airflow/example_dags/tutorial_taskflow_templates.py
[2026-07-17T23:51:06.685+0530] {logging_mixin.py:190} INFO - [2026-07-17T23:51:06.685+0530] {dag.py:3239} INFO - Sync 1 DAGs
[2026-07-17T23:51:06.690+0530] {logging_mixin.py:190} INFO - [2026-07-17T23:51:06.690+0530] {dag.py:4180} INFO - Setting next_dagrun for tutorial_taskflow_templates to 2026-07-16 00:00:00+00:00, run_after=2026-07-17 00:00:00+00:00
[2026-07-17T23:51:06.694+0530] {processor.py:208} INFO - Processing /Users/bhavishyachallagolla/Desktop/RetailSense/.venv/lib/python3.12/site-packages/airflow/example_dags/tutorial_taskflow_templates.py took 0.047 seconds
[2026-07-17T23:51:58.698+0530] {processor.py:186} INFO - Started process (PID=708) to work on /Users/bhavishyachallagolla/Desktop/RetailSense/.venv/lib/python3.12/site-packages/airflow/example_dags/tutorial_taskflow_templates.py
[2026-07-17T23:51:58.698+0530] {processor.py:914} INFO - Processing file /Users/bhavishyachallagolla/Desktop/RetailSense/.venv/lib/python3.12/site-packages/airflow/example_dags/tutorial_taskflow_templates.py for tasks to queue
[2026-07-17T23:51:58.698+0530] {logging_mixin.py:190} INFO - [2026-07-17T23:51:58.698+0530] {dagbag.py:588} INFO - Filling up the DagBag from /Users/bhavishyachallagolla/Desktop/RetailSense/.venv/lib/python3.12/site-packages/airflow/example_dags/tutorial_taskflow_templates.py
[2026-07-17T23:51:58.711+0530] {processor.py:925} INFO - DAG(s) 'tutorial_taskflow_templates' retrieved from /Users/bhavishyachallagolla/Desktop/RetailSense/.venv/lib/python3.12/site-packages/airflow/example_dags/tutorial_taskflow_templates.py
[2026-07-17T23:51:58.736+0530] {logging_mixin.py:190} INFO - [2026-07-17T23:51:58.736+0530] {dag.py:3239} INFO - Sync 1 DAGs
[2026-07-17T23:51:58.741+0530] {logging_mixin.py:190} INFO - [2026-07-17T23:51:58.741+0530] {dag.py:4180} INFO - Setting next_dagrun for tutorial_taskflow_templates to 2026-07-16 00:00:00+00:00, run_after=2026-07-17 00:00:00+00:00
[2026-07-17T23:51:58.746+0530] {processor.py:208} INFO - Processing /Users/bhavishyachallagolla/Desktop/RetailSense/.venv/lib/python3.12/site-packages/airflow/example_dags/tutorial_taskflow_templates.py took 0.049 seconds
[2026-07-17T23:52:48.787+0530] {processor.py:186} INFO - Started process (PID=824) to work on /Users/bhavishyachallagolla/Desktop/RetailSense/.venv/lib/python3.12/site-packages/airflow/example_dags/tutorial_taskflow_templates.py
[2026-07-17T23:52:48.787+0530] {processor.py:914} INFO - Processing file /Users/bhavishyachallagolla/Desktop/RetailSense/.venv/lib/python3.12/site-packages/airflow/example_dags/tutorial_taskflow_templates.py for tasks to queue
[2026-07-17T23:52:48.788+0530] {logging_mixin.py:190} INFO - [2026-07-17T23:52:48.787+0530] {dagbag.py:588} INFO - Filling up the DagBag from /Users/bhavishyachallagolla/Desktop/RetailSense/.venv/lib/python3.12/site-packages/airflow/example_dags/tutorial_taskflow_templates.py
[2026-07-17T23:52:48.800+0530] {processor.py:925} INFO - DAG(s) 'tutorial_taskflow_templates' retrieved from /Users/bhavishyachallagolla/Desktop/RetailSense/.venv/lib/python3.12/site-packages/airflow/example_dags/tutorial_taskflow_templates.py
[2026-07-17T23:52:48.825+0530] {logging_mixin.py:190} INFO - [2026-07-17T23:52:48.825+0530] {dag.py:3239} INFO - Sync 1 DAGs
[2026-07-17T23:52:48.829+0530] {logging_mixin.py:190} INFO - [2026-07-17T23:52:48.829+0530] {dag.py:4180} INFO - Setting next_dagrun for tutorial_taskflow_templates to 2026-07-16 00:00:00+00:00, run_after=2026-07-17 00:00:00+00:00
[2026-07-17T23:52:48.834+0530] {processor.py:208} INFO - Processing /Users/bhavishyachallagolla/Desktop/RetailSense/.venv/lib/python3.12/site-packages/airflow/example_dags/tutorial_taskflow_templates.py took 0.048 seconds
[2026-07-17T23:53:47.978+0530] {processor.py:186} INFO - Started process (PID=946) to work on /Users/bhavishyachallagolla/Desktop/RetailSense/.venv/lib/python3.12/site-packages/airflow/example_dags/tutorial_taskflow_templates.py
[2026-07-17T23:53:47.979+0530] {processor.py:914} INFO - Processing file /Users/bhavishyachallagolla/Desktop/RetailSense/.venv/lib/python3.12/site-packages/airflow/example_dags/tutorial_taskflow_templates.py for tasks to queue
[2026-07-17T23:53:47.979+0530] {logging_mixin.py:190} INFO - [2026-07-17T23:53:47.979+0530] {dagbag.py:588} INFO - Filling up the DagBag from /Users/bhavishyachallagolla/Desktop/RetailSense/.venv/lib/python3.12/site-packages/airflow/example_dags/tutorial_taskflow_templates.py
[2026-07-17T23:53:47.992+0530] {processor.py:925} INFO - DAG(s) 'tutorial_taskflow_templates' retrieved from /Users/bhavishyachallagolla/Desktop/RetailSense/.venv/lib/python3.12/site-packages/airflow/example_dags/tutorial_taskflow_templates.py
[2026-07-17T23:53:48.016+0530] {logging_mixin.py:190} INFO - [2026-07-17T23:53:48.016+0530] {dag.py:3239} INFO - Sync 1 DAGs
[2026-07-17T23:53:48.021+0530] {logging_mixin.py:190} INFO - [2026-07-17T23:53:48.021+0530] {dag.py:4180} INFO - Setting next_dagrun for tutorial_taskflow_templates to 2026-07-16 00:00:00+00:00, run_after=2026-07-17 00:00:00+00:00
[2026-07-17T23:53:48.025+0530] {processor.py:208} INFO - Processing /Users/bhavishyachallagolla/Desktop/RetailSense/.venv/lib/python3.12/site-packages/airflow/example_dags/tutorial_taskflow_templates.py took 0.048 seconds
[2026-07-17T23:54:48.881+0530] {processor.py:186} INFO - Started process (PID=1044) to work on /Users/bhavishyachallagolla/Desktop/RetailSense/.venv/lib/python3.12/site-packages/airflow/example_dags/tutorial_taskflow_templates.py
[2026-07-17T23:54:48.882+0530] {processor.py:914} INFO - Processing file /Users/bhavishyachallagolla/Desktop/RetailSense/.venv/lib/python3.12/site-packages/airflow/example_dags/tutorial_taskflow_templates.py for tasks to queue
[2026-07-17T23:54:48.882+0530] {logging_mixin.py:190} INFO - [2026-07-17T23:54:48.882+0530] {dagbag.py:588} INFO - Filling up the DagBag from /Users/bhavishyachallagolla/Desktop/RetailSense/.venv/lib/python3.12/site-packages/airflow/example_dags/tutorial_taskflow_templates.py
[2026-07-17T23:54:48.895+0530] {processor.py:925} INFO - DAG(s) 'tutorial_taskflow_templates' retrieved from /Users/bhavishyachallagolla/Desktop/RetailSense/.venv/lib/python3.12/site-packages/airflow/example_dags/tutorial_taskflow_templates.py
[2026-07-17T23:54:48.919+0530] {logging_mixin.py:190} INFO - [2026-07-17T23:54:48.919+0530] {dag.py:3239} INFO - Sync 1 DAGs
[2026-07-17T23:54:48.924+0530] {logging_mixin.py:190} INFO - [2026-07-17T23:54:48.923+0530] {dag.py:4180} INFO - Setting next_dagrun for tutorial_taskflow_templates to 2026-07-16 00:00:00+00:00, run_after=2026-07-17 00:00:00+00:00
[2026-07-17T23:54:48.928+0530] {processor.py:208} INFO - Processing /Users/bhavishyachallagolla/Desktop/RetailSense/.venv/lib/python3.12/site-packages/airflow/example_dags/tutorial_taskflow_templates.py took 0.048 seconds
[2026-07-17T23:55:50.047+0530] {processor.py:186} INFO - Started process (PID=1152) to work on /Users/bhavishyachallagolla/Desktop/RetailSense/.venv/lib/python3.12/site-packages/airflow/example_dags/tutorial_taskflow_templates.py
[2026-07-17T23:55:50.047+0530] {processor.py:914} INFO - Processing file /Users/bhavishyachallagolla/Desktop/RetailSense/.venv/lib/python3.12/site-packages/airflow/example_dags/tutorial_taskflow_templates.py for tasks to queue
[2026-07-17T23:55:50.047+0530] {logging_mixin.py:190} INFO - [2026-07-17T23:55:50.047+0530] {dagbag.py:588} INFO - Filling up the DagBag from /Users/bhavishyachallagolla/Desktop/RetailSense/.venv/lib/python3.12/site-packages/airflow/example_dags/tutorial_taskflow_templates.py
[2026-07-17T23:55:50.060+0530] {processor.py:925} INFO - DAG(s) 'tutorial_taskflow_templates' retrieved from /Users/bhavishyachallagolla/Desktop/RetailSense/.venv/lib/python3.12/site-packages/airflow/example_dags/tutorial_taskflow_templates.py
[2026-07-17T23:55:50.085+0530] {logging_mixin.py:190} INFO - [2026-07-17T23:55:50.085+0530] {dag.py:3239} INFO - Sync 1 DAGs
[2026-07-17T23:55:50.090+0530] {logging_mixin.py:190} INFO - [2026-07-17T23:55:50.090+0530] {dag.py:4180} INFO - Setting next_dagrun for tutorial_taskflow_templates to 2026-07-16 00:00:00+00:00, run_after=2026-07-17 00:00:00+00:00
[2026-07-17T23:55:50.094+0530] {processor.py:208} INFO - Processing /Users/bhavishyachallagolla/Desktop/RetailSense/.venv/lib/python3.12/site-packages/airflow/example_dags/tutorial_taskflow_templates.py took 0.049 seconds
[2026-07-17T23:56:40.636+0530] {processor.py:186} INFO - Started process (PID=1229) to work on /Users/bhavishyachallagolla/Desktop/RetailSense/.venv/lib/python3.12/site-packages/airflow/example_dags/tutorial_taskflow_templates.py
[2026-07-17T23:56:40.637+0530] {processor.py:914} INFO - Processing file /Users/bhavishyachallagolla/Desktop/RetailSense/.venv/lib/python3.12/site-packages/airflow/example_dags/tutorial_taskflow_templates.py for tasks to queue
[2026-07-17T23:56:40.637+0530] {logging_mixin.py:190} INFO - [2026-07-17T23:56:40.637+0530] {dagbag.py:588} INFO - Filling up the DagBag from /Users/bhavishyachallagolla/Desktop/RetailSense/.venv/lib/python3.12/site-packages/airflow/example_dags/tutorial_taskflow_templates.py
[2026-07-17T23:56:40.650+0530] {processor.py:925} INFO - DAG(s) 'tutorial_taskflow_templates' retrieved from /Users/bhavishyachallagolla/Desktop/RetailSense/.venv/lib/python3.12/site-packages/airflow/example_dags/tutorial_taskflow_templates.py
[2026-07-17T23:56:40.674+0530] {logging_mixin.py:190} INFO - [2026-07-17T23:56:40.674+0530] {dag.py:3239} INFO - Sync 1 DAGs
[2026-07-17T23:56:40.679+0530] {logging_mixin.py:190} INFO - [2026-07-17T23:56:40.679+0530] {dag.py:4180} INFO - Setting next_dagrun for tutorial_taskflow_templates to 2026-07-16 00:00:00+00:00, run_after=2026-07-17 00:00:00+00:00
[2026-07-17T23:56:40.683+0530] {processor.py:208} INFO - Processing /Users/bhavishyachallagolla/Desktop/RetailSense/.venv/lib/python3.12/site-packages/airflow/example_dags/tutorial_taskflow_templates.py took 0.048 seconds
