[2026-07-17T20:08:54.054+0530] {processor.py:186} INFO - Started process (PID=87152) to work on /Users/bhavishyachallagolla/Desktop/RetailSense/.venv/lib/python3.12/site-packages/airflow/example_dags/tutorial_objectstorage.py
[2026-07-17T20:08:54.055+0530] {processor.py:914} INFO - Processing file /Users/bhavishyachallagolla/Desktop/RetailSense/.venv/lib/python3.12/site-packages/airflow/example_dags/tutorial_objectstorage.py for tasks to queue
[2026-07-17T20:08:54.055+0530] {logging_mixin.py:190} INFO - [2026-07-17T20:08:54.055+0530] {dagbag.py:588} INFO - Filling up the DagBag from /Users/bhavishyachallagolla/Desktop/RetailSense/.venv/lib/python3.12/site-packages/airflow/example_dags/tutorial_objectstorage.py
[2026-07-17T20:08:54.066+0530] {processor.py:925} INFO - DAG(s) 'tutorial_objectstorage' retrieved from /Users/bhavishyachallagolla/Desktop/RetailSense/.venv/lib/python3.12/site-packages/airflow/example_dags/tutorial_objectstorage.py
[2026-07-17T20:08:54.113+0530] {logging_mixin.py:190} INFO - [2026-07-17T20:08:54.113+0530] {dag.py:3239} INFO - Sync 1 DAGs
[2026-07-17T20:08:54.116+0530] {logging_mixin.py:190} INFO - [2026-07-17T20:08:54.116+0530] {dag.py:4180} INFO - Setting next_dagrun for tutorial_objectstorage to None, run_after=None
[2026-07-17T20:08:54.121+0530] {processor.py:208} INFO - Processing /Users/bhavishyachallagolla/Desktop/RetailSense/.venv/lib/python3.12/site-packages/airflow/example_dags/tutorial_objectstorage.py took 0.068 seconds
[2026-07-17T20:09:51.654+0530] {processor.py:186} INFO - Started process (PID=87257) to work on /Users/bhavishyachallagolla/Desktop/RetailSense/.venv/lib/python3.12/site-packages/airflow/example_dags/tutorial_objectstorage.py
[2026-07-17T20:09:51.655+0530] {processor.py:914} INFO - Processing file /Users/bhavishyachallagolla/Desktop/RetailSense/.venv/lib/python3.12/site-packages/airflow/example_dags/tutorial_objectstorage.py for tasks to queue
[2026-07-17T20:09:51.655+0530] {logging_mixin.py:190} INFO - [2026-07-17T20:09:51.655+0530] {dagbag.py:588} INFO - Filling up the DagBag from /Users/bhavishyachallagolla/Desktop/RetailSense/.venv/lib/python3.12/site-packages/airflow/example_dags/tutorial_objectstorage.py
[2026-07-17T20:09:51.667+0530] {processor.py:925} INFO - DAG(s) 'tutorial_objectstorage' retrieved from /Users/bhavishyachallagolla/Desktop/RetailSense/.venv/lib/python3.12/site-packages/airflow/example_dags/tutorial_objectstorage.py
[2026-07-17T20:09:51.691+0530] {logging_mixin.py:190} INFO - [2026-07-17T20:09:51.691+0530] {dag.py:3239} INFO - Sync 1 DAGs
[2026-07-17T20:09:51.694+0530] {logging_mixin.py:190} INFO - [2026-07-17T20:09:51.694+0530] {dag.py:4180} INFO - Setting next_dagrun for tutorial_objectstorage to None, run_after=None
[2026-07-17T20:09:51.698+0530] {processor.py:208} INFO - Processing /Users/bhavishyachallagolla/Desktop/RetailSense/.venv/lib/python3.12/site-packages/airflow/example_dags/tutorial_objectstorage.py took 0.045 seconds
[2026-07-17T20:11:11.886+0530] {processor.py:186} INFO - Started process (PID=87382) to work on /Users/bhavishyachallagolla/Desktop/RetailSense/.venv/lib/python3.12/site-packages/airflow/example_dags/tutorial_objectstorage.py
[2026-07-17T20:11:11.887+0530] {processor.py:914} INFO - Processing file /Users/bhavishyachallagolla/Desktop/RetailSense/.venv/lib/python3.12/site-packages/airflow/example_dags/tutorial_objectstorage.py for tasks to queue
[2026-07-17T20:11:11.888+0530] {logging_mixin.py:190} INFO - [2026-07-17T20:11:11.887+0530] {dagbag.py:588} INFO - Filling up the DagBag from /Users/bhavishyachallagolla/Desktop/RetailSense/.venv/lib/python3.12/site-packages/airflow/example_dags/tutorial_objectstorage.py
[2026-07-17T20:11:11.901+0530] {processor.py:925} INFO - DAG(s) 'tutorial_objectstorage' retrieved from /Users/bhavishyachallagolla/Desktop/RetailSense/.venv/lib/python3.12/site-packages/airflow/example_dags/tutorial_objectstorage.py
[2026-07-17T20:11:11.926+0530] {logging_mixin.py:190} INFO - [2026-07-17T20:11:11.926+0530] {dag.py:3239} INFO - Sync 1 DAGs
[2026-07-17T20:11:11.929+0530] {logging_mixin.py:190} INFO - [2026-07-17T20:11:11.929+0530] {dag.py:4180} INFO - Setting next_dagrun for tutorial_objectstorage to None, run_after=None
[2026-07-17T20:11:11.934+0530] {processor.py:208} INFO - Processing /Users/bhavishyachallagolla/Desktop/RetailSense/.venv/lib/python3.12/site-packages/airflow/example_dags/tutorial_objectstorage.py took 0.049 seconds
[2026-07-17T20:12:01.472+0530] {processor.py:186} INFO - Started process (PID=87456) to work on /Users/bhavishyachallagolla/Desktop/RetailSense/.venv/lib/python3.12/site-packages/airflow/example_dags/tutorial_objectstorage.py
[2026-07-17T20:12:01.472+0530] {processor.py:914} INFO - Processing file /Users/bhavishyachallagolla/Desktop/RetailSense/.venv/lib/python3.12/site-packages/airflow/example_dags/tutorial_objectstorage.py for tasks to queue
[2026-07-17T20:12:01.472+0530] {logging_mixin.py:190} INFO - [2026-07-17T20:12:01.472+0530] {dagbag.py:588} INFO - Filling up the DagBag from /Users/bhavishyachallagolla/Desktop/RetailSense/.venv/lib/python3.12/site-packages/airflow/example_dags/tutorial_objectstorage.py
[2026-07-17T20:12:01.484+0530] {processor.py:925} INFO - DAG(s) 'tutorial_objectstorage' retrieved from /Users/bhavishyachallagolla/Desktop/RetailSense/.venv/lib/python3.12/site-packages/airflow/example_dags/tutorial_objectstorage.py
[2026-07-17T20:12:01.507+0530] {logging_mixin.py:190} INFO - [2026-07-17T20:12:01.507+0530] {dag.py:3239} INFO - Sync 1 DAGs
[2026-07-17T20:12:01.510+0530] {logging_mixin.py:190} INFO - [2026-07-17T20:12:01.510+0530] {dag.py:4180} INFO - Setting next_dagrun for tutorial_objectstorage to None, run_after=None
[2026-07-17T20:12:01.514+0530] {processor.py:208} INFO - Processing /Users/bhavishyachallagolla/Desktop/RetailSense/.venv/lib/python3.12/site-packages/airflow/example_dags/tutorial_objectstorage.py took 0.044 seconds
[2026-07-17T20:12:51.871+0530] {processor.py:186} INFO - Started process (PID=87534) to work on /Users/bhavishyachallagolla/Desktop/RetailSense/.venv/lib/python3.12/site-packages/airflow/example_dags/tutorial_objectstorage.py
[2026-07-17T20:12:51.872+0530] {processor.py:914} INFO - Processing file /Users/bhavishyachallagolla/Desktop/RetailSense/.venv/lib/python3.12/site-packages/airflow/example_dags/tutorial_objectstorage.py for tasks to queue
[2026-07-17T20:12:51.873+0530] {logging_mixin.py:190} INFO - [2026-07-17T20:12:51.873+0530] {dagbag.py:588} INFO - Filling up the DagBag from /Users/bhavishyachallagolla/Desktop/RetailSense/.venv/lib/python3.12/site-packages/airflow/example_dags/tutorial_objectstorage.py
[2026-07-17T20:12:51.885+0530] {processor.py:925} INFO - DAG(s) 'tutorial_objectstorage' retrieved from /Users/bhavishyachallagolla/Desktop/RetailSense/.venv/lib/python3.12/site-packages/airflow/example_dags/tutorial_objectstorage.py
[2026-07-17T20:12:51.909+0530] {logging_mixin.py:190} INFO - [2026-07-17T20:12:51.909+0530] {dag.py:3239} INFO - Sync 1 DAGs
[2026-07-17T20:12:51.912+0530] {logging_mixin.py:190} INFO - [2026-07-17T20:12:51.912+0530] {dag.py:4180} INFO - Setting next_dagrun for tutorial_objectstorage to None, run_after=None
[2026-07-17T20:12:51.916+0530] {processor.py:208} INFO - Processing /Users/bhavishyachallagolla/Desktop/RetailSense/.venv/lib/python3.12/site-packages/airflow/example_dags/tutorial_objectstorage.py took 0.046 seconds
[2026-07-17T20:13:40.111+0530] {processor.py:186} INFO - Started process (PID=87610) to work on /Users/bhavishyachallagolla/Desktop/RetailSense/.venv/lib/python3.12/site-packages/airflow/example_dags/tutorial_objectstorage.py
[2026-07-17T20:13:40.112+0530] {processor.py:914} INFO - Processing file /Users/bhavishyachallagolla/Desktop/RetailSense/.venv/lib/python3.12/site-packages/airflow/example_dags/tutorial_objectstorage.py for tasks to queue
[2026-07-17T20:13:40.112+0530] {logging_mixin.py:190} INFO - [2026-07-17T20:13:40.112+0530] {dagbag.py:588} INFO - Filling up the DagBag from /Users/bhavishyachallagolla/Desktop/RetailSense/.venv/lib/python3.12/site-packages/airflow/example_dags/tutorial_objectstorage.py
[2026-07-17T20:13:40.124+0530] {processor.py:925} INFO - DAG(s) 'tutorial_objectstorage' retrieved from /Users/bhavishyachallagolla/Desktop/RetailSense/.venv/lib/python3.12/site-packages/airflow/example_dags/tutorial_objectstorage.py
[2026-07-17T20:13:40.148+0530] {logging_mixin.py:190} INFO - [2026-07-17T20:13:40.147+0530] {dag.py:3239} INFO - Sync 1 DAGs
[2026-07-17T20:13:40.150+0530] {logging_mixin.py:190} INFO - [2026-07-17T20:13:40.150+0530] {dag.py:4180} INFO - Setting next_dagrun for tutorial_objectstorage to None, run_after=None
[2026-07-17T20:13:40.155+0530] {processor.py:208} INFO - Processing /Users/bhavishyachallagolla/Desktop/RetailSense/.venv/lib/python3.12/site-packages/airflow/example_dags/tutorial_objectstorage.py took 0.045 seconds
[2026-07-17T20:14:31.101+0530] {processor.py:186} INFO - Started process (PID=87686) to work on /Users/bhavishyachallagolla/Desktop/RetailSense/.venv/lib/python3.12/site-packages/airflow/example_dags/tutorial_objectstorage.py
[2026-07-17T20:14:31.101+0530] {processor.py:914} INFO - Processing file /Users/bhavishyachallagolla/Desktop/RetailSense/.venv/lib/python3.12/site-packages/airflow/example_dags/tutorial_objectstorage.py for tasks to queue
[2026-07-17T20:14:31.101+0530] {logging_mixin.py:190} INFO - [2026-07-17T20:14:31.101+0530] {dagbag.py:588} INFO - Filling up the DagBag from /Users/bhavishyachallagolla/Desktop/RetailSense/.venv/lib/python3.12/site-packages/airflow/example_dags/tutorial_objectstorage.py
[2026-07-17T20:14:31.113+0530] {processor.py:925} INFO - DAG(s) 'tutorial_objectstorage' retrieved from /Users/bhavishyachallagolla/Desktop/RetailSense/.venv/lib/python3.12/site-packages/airflow/example_dags/tutorial_objectstorage.py
[2026-07-17T20:14:31.137+0530] {logging_mixin.py:190} INFO - [2026-07-17T20:14:31.137+0530] {dag.py:3239} INFO - Sync 1 DAGs
[2026-07-17T20:14:31.140+0530] {logging_mixin.py:190} INFO - [2026-07-17T20:14:31.140+0530] {dag.py:4180} INFO - Setting next_dagrun for tutorial_objectstorage to None, run_after=None
[2026-07-17T20:14:31.145+0530] {processor.py:208} INFO - Processing /Users/bhavishyachallagolla/Desktop/RetailSense/.venv/lib/python3.12/site-packages/airflow/example_dags/tutorial_objectstorage.py took 0.045 seconds
[2026-07-17T20:15:21.197+0530] {processor.py:186} INFO - Started process (PID=87776) to work on /Users/bhavishyachallagolla/Desktop/RetailSense/.venv/lib/python3.12/site-packages/airflow/example_dags/tutorial_objectstorage.py
[2026-07-17T20:15:21.198+0530] {processor.py:914} INFO - Processing file /Users/bhavishyachallagolla/Desktop/RetailSense/.venv/lib/python3.12/site-packages/airflow/example_dags/tutorial_objectstorage.py for tasks to queue
[2026-07-17T20:15:21.199+0530] {logging_mixin.py:190} INFO - [2026-07-17T20:15:21.199+0530] {dagbag.py:588} INFO - Filling up the DagBag from /Users/bhavishyachallagolla/Desktop/RetailSense/.venv/lib/python3.12/site-packages/airflow/example_dags/tutorial_objectstorage.py
[2026-07-17T20:15:21.216+0530] {processor.py:925} INFO - DAG(s) 'tutorial_objectstorage' retrieved from /Users/bhavishyachallagolla/Desktop/RetailSense/.venv/lib/python3.12/site-packages/airflow/example_dags/tutorial_objectstorage.py
[2026-07-17T20:15:21.239+0530] {logging_mixin.py:190} INFO - [2026-07-17T20:15:21.239+0530] {dag.py:3239} INFO - Sync 1 DAGs
[2026-07-17T20:15:21.242+0530] {logging_mixin.py:190} INFO - [2026-07-17T20:15:21.242+0530] {dag.py:4180} INFO - Setting next_dagrun for tutorial_objectstorage to None, run_after=None
[2026-07-17T20:15:21.247+0530] {processor.py:208} INFO - Processing /Users/bhavishyachallagolla/Desktop/RetailSense/.venv/lib/python3.12/site-packages/airflow/example_dags/tutorial_objectstorage.py took 0.051 seconds
[2026-07-17T20:16:11.847+0530] {processor.py:186} INFO - Started process (PID=87853) to work on /Users/bhavishyachallagolla/Desktop/RetailSense/.venv/lib/python3.12/site-packages/airflow/example_dags/tutorial_objectstorage.py
[2026-07-17T20:16:11.848+0530] {processor.py:914} INFO - Processing file /Users/bhavishyachallagolla/Desktop/RetailSense/.venv/lib/python3.12/site-packages/airflow/example_dags/tutorial_objectstorage.py for tasks to queue
[2026-07-17T20:16:11.848+0530] {logging_mixin.py:190} INFO - [2026-07-17T20:16:11.848+0530] {dagbag.py:588} INFO - Filling up the DagBag from /Users/bhavishyachallagolla/Desktop/RetailSense/.venv/lib/python3.12/site-packages/airflow/example_dags/tutorial_objectstorage.py
[2026-07-17T20:16:11.860+0530] {processor.py:925} INFO - DAG(s) 'tutorial_objectstorage' retrieved from /Users/bhavishyachallagolla/Desktop/RetailSense/.venv/lib/python3.12/site-packages/airflow/example_dags/tutorial_objectstorage.py
[2026-07-17T20:16:11.885+0530] {logging_mixin.py:190} INFO - [2026-07-17T20:16:11.884+0530] {dag.py:3239} INFO - Sync 1 DAGs
[2026-07-17T20:16:11.887+0530] {logging_mixin.py:190} INFO - [2026-07-17T20:16:11.887+0530] {dag.py:4180} INFO - Setting next_dagrun for tutorial_objectstorage to None, run_after=None
[2026-07-17T20:16:11.892+0530] {processor.py:208} INFO - Processing /Users/bhavishyachallagolla/Desktop/RetailSense/.venv/lib/python3.12/site-packages/airflow/example_dags/tutorial_objectstorage.py took 0.046 seconds
[2026-07-17T20:17:00.740+0530] {processor.py:186} INFO - Started process (PID=87925) to work on /Users/bhavishyachallagolla/Desktop/RetailSense/.venv/lib/python3.12/site-packages/airflow/example_dags/tutorial_objectstorage.py
[2026-07-17T20:17:00.740+0530] {processor.py:914} INFO - Processing file /Users/bhavishyachallagolla/Desktop/RetailSense/.venv/lib/python3.12/site-packages/airflow/example_dags/tutorial_objectstorage.py for tasks to queue
[2026-07-17T20:17:00.740+0530] {logging_mixin.py:190} INFO - [2026-07-17T20:17:00.740+0530] {dagbag.py:588} INFO - Filling up the DagBag from /Users/bhavishyachallagolla/Desktop/RetailSense/.venv/lib/python3.12/site-packages/airflow/example_dags/tutorial_objectstorage.py
[2026-07-17T20:17:00.752+0530] {processor.py:925} INFO - DAG(s) 'tutorial_objectstorage' retrieved from /Users/bhavishyachallagolla/Desktop/RetailSense/.venv/lib/python3.12/site-packages/airflow/example_dags/tutorial_objectstorage.py
[2026-07-17T20:17:00.776+0530] {logging_mixin.py:190} INFO - [2026-07-17T20:17:00.776+0530] {dag.py:3239} INFO - Sync 1 DAGs
[2026-07-17T20:17:00.779+0530] {logging_mixin.py:190} INFO - [2026-07-17T20:17:00.779+0530] {dag.py:4180} INFO - Setting next_dagrun for tutorial_objectstorage to None, run_after=None
[2026-07-17T20:17:00.784+0530] {processor.py:208} INFO - Processing /Users/bhavishyachallagolla/Desktop/RetailSense/.venv/lib/python3.12/site-packages/airflow/example_dags/tutorial_objectstorage.py took 0.045 seconds
[2026-07-17T20:17:49.768+0530] {processor.py:186} INFO - Started process (PID=88001) to work on /Users/bhavishyachallagolla/Desktop/RetailSense/.venv/lib/python3.12/site-packages/airflow/example_dags/tutorial_objectstorage.py
[2026-07-17T20:17:49.769+0530] {processor.py:914} INFO - Processing file /Users/bhavishyachallagolla/Desktop/RetailSense/.venv/lib/python3.12/site-packages/airflow/example_dags/tutorial_objectstorage.py for tasks to queue
[2026-07-17T20:17:49.769+0530] {logging_mixin.py:190} INFO - [2026-07-17T20:17:49.769+0530] {dagbag.py:588} INFO - Filling up the DagBag from /Users/bhavishyachallagolla/Desktop/RetailSense/.venv/lib/python3.12/site-packages/airflow/example_dags/tutorial_objectstorage.py
[2026-07-17T20:17:49.781+0530] {processor.py:925} INFO - DAG(s) 'tutorial_objectstorage' retrieved from /Users/bhavishyachallagolla/Desktop/RetailSense/.venv/lib/python3.12/site-packages/airflow/example_dags/tutorial_objectstorage.py
[2026-07-17T20:17:49.805+0530] {logging_mixin.py:190} INFO - [2026-07-17T20:17:49.805+0530] {dag.py:3239} INFO - Sync 1 DAGs
[2026-07-17T20:17:49.808+0530] {logging_mixin.py:190} INFO - [2026-07-17T20:17:49.808+0530] {dag.py:4180} INFO - Setting next_dagrun for tutorial_objectstorage to None, run_after=None
[2026-07-17T20:17:49.813+0530] {processor.py:208} INFO - Processing /Users/bhavishyachallagolla/Desktop/RetailSense/.venv/lib/python3.12/site-packages/airflow/example_dags/tutorial_objectstorage.py took 0.046 seconds
[2026-07-17T20:18:40.930+0530] {processor.py:186} INFO - Started process (PID=88078) to work on /Users/bhavishyachallagolla/Desktop/RetailSense/.venv/lib/python3.12/site-packages/airflow/example_dags/tutorial_objectstorage.py
[2026-07-17T20:18:40.930+0530] {processor.py:914} INFO - Processing file /Users/bhavishyachallagolla/Desktop/RetailSense/.venv/lib/python3.12/site-packages/airflow/example_dags/tutorial_objectstorage.py for tasks to queue
[2026-07-17T20:18:40.931+0530] {logging_mixin.py:190} INFO - [2026-07-17T20:18:40.931+0530] {dagbag.py:588} INFO - Filling up the DagBag from /Users/bhavishyachallagolla/Desktop/RetailSense/.venv/lib/python3.12/site-packages/airflow/example_dags/tutorial_objectstorage.py
[2026-07-17T20:18:40.943+0530] {processor.py:925} INFO - DAG(s) 'tutorial_objectstorage' retrieved from /Users/bhavishyachallagolla/Desktop/RetailSense/.venv/lib/python3.12/site-packages/airflow/example_dags/tutorial_objectstorage.py
[2026-07-17T20:18:40.968+0530] {logging_mixin.py:190} INFO - [2026-07-17T20:18:40.967+0530] {dag.py:3239} INFO - Sync 1 DAGs
[2026-07-17T20:18:40.970+0530] {logging_mixin.py:190} INFO - [2026-07-17T20:18:40.970+0530] {dag.py:4180} INFO - Setting next_dagrun for tutorial_objectstorage to None, run_after=None
[2026-07-17T20:18:40.975+0530] {processor.py:208} INFO - Processing /Users/bhavishyachallagolla/Desktop/RetailSense/.venv/lib/python3.12/site-packages/airflow/example_dags/tutorial_objectstorage.py took 0.046 seconds
[2026-07-17T20:19:31.368+0530] {processor.py:186} INFO - Started process (PID=88153) to work on /Users/bhavishyachallagolla/Desktop/RetailSense/.venv/lib/python3.12/site-packages/airflow/example_dags/tutorial_objectstorage.py
[2026-07-17T20:19:31.369+0530] {processor.py:914} INFO - Processing file /Users/bhavishyachallagolla/Desktop/RetailSense/.venv/lib/python3.12/site-packages/airflow/example_dags/tutorial_objectstorage.py for tasks to queue
[2026-07-17T20:19:31.369+0530] {logging_mixin.py:190} INFO - [2026-07-17T20:19:31.369+0530] {dagbag.py:588} INFO - Filling up the DagBag from /Users/bhavishyachallagolla/Desktop/RetailSense/.venv/lib/python3.12/site-packages/airflow/example_dags/tutorial_objectstorage.py
[2026-07-17T20:19:31.381+0530] {processor.py:925} INFO - DAG(s) 'tutorial_objectstorage' retrieved from /Users/bhavishyachallagolla/Desktop/RetailSense/.venv/lib/python3.12/site-packages/airflow/example_dags/tutorial_objectstorage.py
[2026-07-17T20:19:31.404+0530] {logging_mixin.py:190} INFO - [2026-07-17T20:19:31.404+0530] {dag.py:3239} INFO - Sync 1 DAGs
[2026-07-17T20:19:31.407+0530] {logging_mixin.py:190} INFO - [2026-07-17T20:19:31.407+0530] {dag.py:4180} INFO - Setting next_dagrun for tutorial_objectstorage to None, run_after=None
[2026-07-17T20:19:31.411+0530] {processor.py:208} INFO - Processing /Users/bhavishyachallagolla/Desktop/RetailSense/.venv/lib/python3.12/site-packages/airflow/example_dags/tutorial_objectstorage.py took 0.044 seconds
[2026-07-17T20:20:20.029+0530] {processor.py:186} INFO - Started process (PID=88244) to work on /Users/bhavishyachallagolla/Desktop/RetailSense/.venv/lib/python3.12/site-packages/airflow/example_dags/tutorial_objectstorage.py
[2026-07-17T20:20:20.029+0530] {processor.py:914} INFO - Processing file /Users/bhavishyachallagolla/Desktop/RetailSense/.venv/lib/python3.12/site-packages/airflow/example_dags/tutorial_objectstorage.py for tasks to queue
[2026-07-17T20:20:20.030+0530] {logging_mixin.py:190} INFO - [2026-07-17T20:20:20.030+0530] {dagbag.py:588} INFO - Filling up the DagBag from /Users/bhavishyachallagolla/Desktop/RetailSense/.venv/lib/python3.12/site-packages/airflow/example_dags/tutorial_objectstorage.py
[2026-07-17T20:20:20.042+0530] {processor.py:925} INFO - DAG(s) 'tutorial_objectstorage' retrieved from /Users/bhavishyachallagolla/Desktop/RetailSense/.venv/lib/python3.12/site-packages/airflow/example_dags/tutorial_objectstorage.py
[2026-07-17T20:20:20.066+0530] {logging_mixin.py:190} INFO - [2026-07-17T20:20:20.066+0530] {dag.py:3239} INFO - Sync 1 DAGs
[2026-07-17T20:20:20.069+0530] {logging_mixin.py:190} INFO - [2026-07-17T20:20:20.069+0530] {dag.py:4180} INFO - Setting next_dagrun for tutorial_objectstorage to None, run_after=None
[2026-07-17T20:20:20.073+0530] {processor.py:208} INFO - Processing /Users/bhavishyachallagolla/Desktop/RetailSense/.venv/lib/python3.12/site-packages/airflow/example_dags/tutorial_objectstorage.py took 0.046 seconds
[2026-07-17T20:21:09.331+0530] {processor.py:186} INFO - Started process (PID=88322) to work on /Users/bhavishyachallagolla/Desktop/RetailSense/.venv/lib/python3.12/site-packages/airflow/example_dags/tutorial_objectstorage.py
[2026-07-17T20:21:09.333+0530] {processor.py:914} INFO - Processing file /Users/bhavishyachallagolla/Desktop/RetailSense/.venv/lib/python3.12/site-packages/airflow/example_dags/tutorial_objectstorage.py for tasks to queue
[2026-07-17T20:21:09.333+0530] {logging_mixin.py:190} INFO - [2026-07-17T20:21:09.333+0530] {dagbag.py:588} INFO - Filling up the DagBag from /Users/bhavishyachallagolla/Desktop/RetailSense/.venv/lib/python3.12/site-packages/airflow/example_dags/tutorial_objectstorage.py
[2026-07-17T20:21:09.345+0530] {processor.py:925} INFO - DAG(s) 'tutorial_objectstorage' retrieved from /Users/bhavishyachallagolla/Desktop/RetailSense/.venv/lib/python3.12/site-packages/airflow/example_dags/tutorial_objectstorage.py
[2026-07-17T20:21:09.369+0530] {logging_mixin.py:190} INFO - [2026-07-17T20:21:09.369+0530] {dag.py:3239} INFO - Sync 1 DAGs
[2026-07-17T20:21:09.371+0530] {logging_mixin.py:190} INFO - [2026-07-17T20:21:09.371+0530] {dag.py:4180} INFO - Setting next_dagrun for tutorial_objectstorage to None, run_after=None
[2026-07-17T20:21:09.376+0530] {processor.py:208} INFO - Processing /Users/bhavishyachallagolla/Desktop/RetailSense/.venv/lib/python3.12/site-packages/airflow/example_dags/tutorial_objectstorage.py took 0.046 seconds
[2026-07-17T20:21:59.651+0530] {processor.py:186} INFO - Started process (PID=88396) to work on /Users/bhavishyachallagolla/Desktop/RetailSense/.venv/lib/python3.12/site-packages/airflow/example_dags/tutorial_objectstorage.py
[2026-07-17T20:21:59.652+0530] {processor.py:914} INFO - Processing file /Users/bhavishyachallagolla/Desktop/RetailSense/.venv/lib/python3.12/site-packages/airflow/example_dags/tutorial_objectstorage.py for tasks to queue
[2026-07-17T20:21:59.652+0530] {logging_mixin.py:190} INFO - [2026-07-17T20:21:59.652+0530] {dagbag.py:588} INFO - Filling up the DagBag from /Users/bhavishyachallagolla/Desktop/RetailSense/.venv/lib/python3.12/site-packages/airflow/example_dags/tutorial_objectstorage.py
[2026-07-17T20:21:59.664+0530] {processor.py:925} INFO - DAG(s) 'tutorial_objectstorage' retrieved from /Users/bhavishyachallagolla/Desktop/RetailSense/.venv/lib/python3.12/site-packages/airflow/example_dags/tutorial_objectstorage.py
[2026-07-17T20:21:59.688+0530] {logging_mixin.py:190} INFO - [2026-07-17T20:21:59.688+0530] {dag.py:3239} INFO - Sync 1 DAGs
[2026-07-17T20:21:59.691+0530] {logging_mixin.py:190} INFO - [2026-07-17T20:21:59.691+0530] {dag.py:4180} INFO - Setting next_dagrun for tutorial_objectstorage to None, run_after=None
[2026-07-17T20:21:59.695+0530] {processor.py:208} INFO - Processing /Users/bhavishyachallagolla/Desktop/RetailSense/.venv/lib/python3.12/site-packages/airflow/example_dags/tutorial_objectstorage.py took 0.045 seconds
[2026-07-17T20:22:50.840+0530] {processor.py:186} INFO - Started process (PID=88473) to work on /Users/bhavishyachallagolla/Desktop/RetailSense/.venv/lib/python3.12/site-packages/airflow/example_dags/tutorial_objectstorage.py
[2026-07-17T20:22:50.840+0530] {processor.py:914} INFO - Processing file /Users/bhavishyachallagolla/Desktop/RetailSense/.venv/lib/python3.12/site-packages/airflow/example_dags/tutorial_objectstorage.py for tasks to queue
[2026-07-17T20:22:50.840+0530] {logging_mixin.py:190} INFO - [2026-07-17T20:22:50.840+0530] {dagbag.py:588} INFO - Filling up the DagBag from /Users/bhavishyachallagolla/Desktop/RetailSense/.venv/lib/python3.12/site-packages/airflow/example_dags/tutorial_objectstorage.py
[2026-07-17T20:22:50.852+0530] {processor.py:925} INFO - DAG(s) 'tutorial_objectstorage' retrieved from /Users/bhavishyachallagolla/Desktop/RetailSense/.venv/lib/python3.12/site-packages/airflow/example_dags/tutorial_objectstorage.py
[2026-07-17T20:22:50.876+0530] {logging_mixin.py:190} INFO - [2026-07-17T20:22:50.875+0530] {dag.py:3239} INFO - Sync 1 DAGs
[2026-07-17T20:22:50.878+0530] {logging_mixin.py:190} INFO - [2026-07-17T20:22:50.878+0530] {dag.py:4180} INFO - Setting next_dagrun for tutorial_objectstorage to None, run_after=None
[2026-07-17T20:22:50.883+0530] {processor.py:208} INFO - Processing /Users/bhavishyachallagolla/Desktop/RetailSense/.venv/lib/python3.12/site-packages/airflow/example_dags/tutorial_objectstorage.py took 0.044 seconds
[2026-07-17T20:23:41.421+0530] {processor.py:186} INFO - Started process (PID=88552) to work on /Users/bhavishyachallagolla/Desktop/RetailSense/.venv/lib/python3.12/site-packages/airflow/example_dags/tutorial_objectstorage.py
[2026-07-17T20:23:41.422+0530] {processor.py:914} INFO - Processing file /Users/bhavishyachallagolla/Desktop/RetailSense/.venv/lib/python3.12/site-packages/airflow/example_dags/tutorial_objectstorage.py for tasks to queue
[2026-07-17T20:23:41.422+0530] {logging_mixin.py:190} INFO - [2026-07-17T20:23:41.422+0530] {dagbag.py:588} INFO - Filling up the DagBag from /Users/bhavishyachallagolla/Desktop/RetailSense/.venv/lib/python3.12/site-packages/airflow/example_dags/tutorial_objectstorage.py
[2026-07-17T20:23:41.435+0530] {processor.py:925} INFO - DAG(s) 'tutorial_objectstorage' retrieved from /Users/bhavishyachallagolla/Desktop/RetailSense/.venv/lib/python3.12/site-packages/airflow/example_dags/tutorial_objectstorage.py
[2026-07-17T20:23:41.459+0530] {logging_mixin.py:190} INFO - [2026-07-17T20:23:41.459+0530] {dag.py:3239} INFO - Sync 1 DAGs
[2026-07-17T20:23:41.462+0530] {logging_mixin.py:190} INFO - [2026-07-17T20:23:41.461+0530] {dag.py:4180} INFO - Setting next_dagrun for tutorial_objectstorage to None, run_after=None
[2026-07-17T20:23:41.466+0530] {processor.py:208} INFO - Processing /Users/bhavishyachallagolla/Desktop/RetailSense/.venv/lib/python3.12/site-packages/airflow/example_dags/tutorial_objectstorage.py took 0.046 seconds
[2026-07-17T20:24:32.065+0530] {processor.py:186} INFO - Started process (PID=88630) to work on /Users/bhavishyachallagolla/Desktop/RetailSense/.venv/lib/python3.12/site-packages/airflow/example_dags/tutorial_objectstorage.py
[2026-07-17T20:24:32.065+0530] {processor.py:914} INFO - Processing file /Users/bhavishyachallagolla/Desktop/RetailSense/.venv/lib/python3.12/site-packages/airflow/example_dags/tutorial_objectstorage.py for tasks to queue
[2026-07-17T20:24:32.066+0530] {logging_mixin.py:190} INFO - [2026-07-17T20:24:32.066+0530] {dagbag.py:588} INFO - Filling up the DagBag from /Users/bhavishyachallagolla/Desktop/RetailSense/.venv/lib/python3.12/site-packages/airflow/example_dags/tutorial_objectstorage.py
[2026-07-17T20:24:32.078+0530] {processor.py:925} INFO - DAG(s) 'tutorial_objectstorage' retrieved from /Users/bhavishyachallagolla/Desktop/RetailSense/.venv/lib/python3.12/site-packages/airflow/example_dags/tutorial_objectstorage.py
[2026-07-17T20:24:32.102+0530] {logging_mixin.py:190} INFO - [2026-07-17T20:24:32.102+0530] {dag.py:3239} INFO - Sync 1 DAGs
[2026-07-17T20:24:32.105+0530] {logging_mixin.py:190} INFO - [2026-07-17T20:24:32.105+0530] {dag.py:4180} INFO - Setting next_dagrun for tutorial_objectstorage to None, run_after=None
[2026-07-17T20:24:32.109+0530] {processor.py:208} INFO - Processing /Users/bhavishyachallagolla/Desktop/RetailSense/.venv/lib/python3.12/site-packages/airflow/example_dags/tutorial_objectstorage.py took 0.045 seconds
[2026-07-17T20:25:22.439+0530] {processor.py:186} INFO - Started process (PID=88704) to work on /Users/bhavishyachallagolla/Desktop/RetailSense/.venv/lib/python3.12/site-packages/airflow/example_dags/tutorial_objectstorage.py
[2026-07-17T20:25:22.440+0530] {processor.py:914} INFO - Processing file /Users/bhavishyachallagolla/Desktop/RetailSense/.venv/lib/python3.12/site-packages/airflow/example_dags/tutorial_objectstorage.py for tasks to queue
[2026-07-17T20:25:22.440+0530] {logging_mixin.py:190} INFO - [2026-07-17T20:25:22.440+0530] {dagbag.py:588} INFO - Filling up the DagBag from /Users/bhavishyachallagolla/Desktop/RetailSense/.venv/lib/python3.12/site-packages/airflow/example_dags/tutorial_objectstorage.py
[2026-07-17T20:25:22.452+0530] {processor.py:925} INFO - DAG(s) 'tutorial_objectstorage' retrieved from /Users/bhavishyachallagolla/Desktop/RetailSense/.venv/lib/python3.12/site-packages/airflow/example_dags/tutorial_objectstorage.py
[2026-07-17T20:25:22.477+0530] {logging_mixin.py:190} INFO - [2026-07-17T20:25:22.477+0530] {dag.py:3239} INFO - Sync 1 DAGs
[2026-07-17T20:25:22.480+0530] {logging_mixin.py:190} INFO - [2026-07-17T20:25:22.480+0530] {dag.py:4180} INFO - Setting next_dagrun for tutorial_objectstorage to None, run_after=None
[2026-07-17T20:25:22.485+0530] {processor.py:208} INFO - Processing /Users/bhavishyachallagolla/Desktop/RetailSense/.venv/lib/python3.12/site-packages/airflow/example_dags/tutorial_objectstorage.py took 0.047 seconds
[2026-07-17T20:26:12.978+0530] {processor.py:186} INFO - Started process (PID=88793) to work on /Users/bhavishyachallagolla/Desktop/RetailSense/.venv/lib/python3.12/site-packages/airflow/example_dags/tutorial_objectstorage.py
[2026-07-17T20:26:12.979+0530] {processor.py:914} INFO - Processing file /Users/bhavishyachallagolla/Desktop/RetailSense/.venv/lib/python3.12/site-packages/airflow/example_dags/tutorial_objectstorage.py for tasks to queue
[2026-07-17T20:26:12.980+0530] {logging_mixin.py:190} INFO - [2026-07-17T20:26:12.980+0530] {dagbag.py:588} INFO - Filling up the DagBag from /Users/bhavishyachallagolla/Desktop/RetailSense/.venv/lib/python3.12/site-packages/airflow/example_dags/tutorial_objectstorage.py
[2026-07-17T20:26:12.992+0530] {processor.py:925} INFO - DAG(s) 'tutorial_objectstorage' retrieved from /Users/bhavishyachallagolla/Desktop/RetailSense/.venv/lib/python3.12/site-packages/airflow/example_dags/tutorial_objectstorage.py
[2026-07-17T20:26:13.015+0530] {logging_mixin.py:190} INFO - [2026-07-17T20:26:13.015+0530] {dag.py:3239} INFO - Sync 1 DAGs
[2026-07-17T20:26:13.018+0530] {logging_mixin.py:190} INFO - [2026-07-17T20:26:13.018+0530] {dag.py:4180} INFO - Setting next_dagrun for tutorial_objectstorage to None, run_after=None
[2026-07-17T20:26:13.022+0530] {processor.py:208} INFO - Processing /Users/bhavishyachallagolla/Desktop/RetailSense/.venv/lib/python3.12/site-packages/airflow/example_dags/tutorial_objectstorage.py took 0.045 seconds
[2026-07-17T20:27:03.365+0530] {processor.py:186} INFO - Started process (PID=88872) to work on /Users/bhavishyachallagolla/Desktop/RetailSense/.venv/lib/python3.12/site-packages/airflow/example_dags/tutorial_objectstorage.py
[2026-07-17T20:27:03.366+0530] {processor.py:914} INFO - Processing file /Users/bhavishyachallagolla/Desktop/RetailSense/.venv/lib/python3.12/site-packages/airflow/example_dags/tutorial_objectstorage.py for tasks to queue
[2026-07-17T20:27:03.366+0530] {logging_mixin.py:190} INFO - [2026-07-17T20:27:03.366+0530] {dagbag.py:588} INFO - Filling up the DagBag from /Users/bhavishyachallagolla/Desktop/RetailSense/.venv/lib/python3.12/site-packages/airflow/example_dags/tutorial_objectstorage.py
[2026-07-17T20:27:03.378+0530] {processor.py:925} INFO - DAG(s) 'tutorial_objectstorage' retrieved from /Users/bhavishyachallagolla/Desktop/RetailSense/.venv/lib/python3.12/site-packages/airflow/example_dags/tutorial_objectstorage.py
[2026-07-17T20:27:03.402+0530] {logging_mixin.py:190} INFO - [2026-07-17T20:27:03.402+0530] {dag.py:3239} INFO - Sync 1 DAGs
[2026-07-17T20:27:03.405+0530] {logging_mixin.py:190} INFO - [2026-07-17T20:27:03.405+0530] {dag.py:4180} INFO - Setting next_dagrun for tutorial_objectstorage to None, run_after=None
[2026-07-17T20:27:03.410+0530] {processor.py:208} INFO - Processing /Users/bhavishyachallagolla/Desktop/RetailSense/.venv/lib/python3.12/site-packages/airflow/example_dags/tutorial_objectstorage.py took 0.046 seconds
[2026-07-17T20:27:53.611+0530] {processor.py:186} INFO - Started process (PID=88947) to work on /Users/bhavishyachallagolla/Desktop/RetailSense/.venv/lib/python3.12/site-packages/airflow/example_dags/tutorial_objectstorage.py
[2026-07-17T20:27:53.611+0530] {processor.py:914} INFO - Processing file /Users/bhavishyachallagolla/Desktop/RetailSense/.venv/lib/python3.12/site-packages/airflow/example_dags/tutorial_objectstorage.py for tasks to queue
[2026-07-17T20:27:53.611+0530] {logging_mixin.py:190} INFO - [2026-07-17T20:27:53.611+0530] {dagbag.py:588} INFO - Filling up the DagBag from /Users/bhavishyachallagolla/Desktop/RetailSense/.venv/lib/python3.12/site-packages/airflow/example_dags/tutorial_objectstorage.py
[2026-07-17T20:27:53.623+0530] {processor.py:925} INFO - DAG(s) 'tutorial_objectstorage' retrieved from /Users/bhavishyachallagolla/Desktop/RetailSense/.venv/lib/python3.12/site-packages/airflow/example_dags/tutorial_objectstorage.py
[2026-07-17T20:27:53.646+0530] {logging_mixin.py:190} INFO - [2026-07-17T20:27:53.646+0530] {dag.py:3239} INFO - Sync 1 DAGs
[2026-07-17T20:27:53.649+0530] {logging_mixin.py:190} INFO - [2026-07-17T20:27:53.649+0530] {dag.py:4180} INFO - Setting next_dagrun for tutorial_objectstorage to None, run_after=None
[2026-07-17T20:27:53.654+0530] {processor.py:208} INFO - Processing /Users/bhavishyachallagolla/Desktop/RetailSense/.venv/lib/python3.12/site-packages/airflow/example_dags/tutorial_objectstorage.py took 0.044 seconds
[2026-07-17T20:28:42.455+0530] {processor.py:186} INFO - Started process (PID=89023) to work on /Users/bhavishyachallagolla/Desktop/RetailSense/.venv/lib/python3.12/site-packages/airflow/example_dags/tutorial_objectstorage.py
[2026-07-17T20:28:42.455+0530] {processor.py:914} INFO - Processing file /Users/bhavishyachallagolla/Desktop/RetailSense/.venv/lib/python3.12/site-packages/airflow/example_dags/tutorial_objectstorage.py for tasks to queue
[2026-07-17T20:28:42.456+0530] {logging_mixin.py:190} INFO - [2026-07-17T20:28:42.456+0530] {dagbag.py:588} INFO - Filling up the DagBag from /Users/bhavishyachallagolla/Desktop/RetailSense/.venv/lib/python3.12/site-packages/airflow/example_dags/tutorial_objectstorage.py
[2026-07-17T20:28:42.468+0530] {processor.py:925} INFO - DAG(s) 'tutorial_objectstorage' retrieved from /Users/bhavishyachallagolla/Desktop/RetailSense/.venv/lib/python3.12/site-packages/airflow/example_dags/tutorial_objectstorage.py
[2026-07-17T20:28:42.492+0530] {logging_mixin.py:190} INFO - [2026-07-17T20:28:42.492+0530] {dag.py:3239} INFO - Sync 1 DAGs
[2026-07-17T20:28:42.494+0530] {logging_mixin.py:190} INFO - [2026-07-17T20:28:42.494+0530] {dag.py:4180} INFO - Setting next_dagrun for tutorial_objectstorage to None, run_after=None
[2026-07-17T20:28:42.499+0530] {processor.py:208} INFO - Processing /Users/bhavishyachallagolla/Desktop/RetailSense/.venv/lib/python3.12/site-packages/airflow/example_dags/tutorial_objectstorage.py took 0.045 seconds
[2026-07-17T20:29:29.929+0530] {processor.py:186} INFO - Started process (PID=89096) to work on /Users/bhavishyachallagolla/Desktop/RetailSense/.venv/lib/python3.12/site-packages/airflow/example_dags/tutorial_objectstorage.py
[2026-07-17T20:29:29.929+0530] {processor.py:914} INFO - Processing file /Users/bhavishyachallagolla/Desktop/RetailSense/.venv/lib/python3.12/site-packages/airflow/example_dags/tutorial_objectstorage.py for tasks to queue
[2026-07-17T20:29:29.929+0530] {logging_mixin.py:190} INFO - [2026-07-17T20:29:29.929+0530] {dagbag.py:588} INFO - Filling up the DagBag from /Users/bhavishyachallagolla/Desktop/RetailSense/.venv/lib/python3.12/site-packages/airflow/example_dags/tutorial_objectstorage.py
[2026-07-17T20:29:29.941+0530] {processor.py:925} INFO - DAG(s) 'tutorial_objectstorage' retrieved from /Users/bhavishyachallagolla/Desktop/RetailSense/.venv/lib/python3.12/site-packages/airflow/example_dags/tutorial_objectstorage.py
[2026-07-17T20:29:29.965+0530] {logging_mixin.py:190} INFO - [2026-07-17T20:29:29.965+0530] {dag.py:3239} INFO - Sync 1 DAGs
[2026-07-17T20:29:29.967+0530] {logging_mixin.py:190} INFO - [2026-07-17T20:29:29.967+0530] {dag.py:4180} INFO - Setting next_dagrun for tutorial_objectstorage to None, run_after=None
[2026-07-17T20:29:29.972+0530] {processor.py:208} INFO - Processing /Users/bhavishyachallagolla/Desktop/RetailSense/.venv/lib/python3.12/site-packages/airflow/example_dags/tutorial_objectstorage.py took 0.044 seconds
[2026-07-17T20:30:19.477+0530] {processor.py:186} INFO - Started process (PID=89178) to work on /Users/bhavishyachallagolla/Desktop/RetailSense/.venv/lib/python3.12/site-packages/airflow/example_dags/tutorial_objectstorage.py
[2026-07-17T20:30:19.478+0530] {processor.py:914} INFO - Processing file /Users/bhavishyachallagolla/Desktop/RetailSense/.venv/lib/python3.12/site-packages/airflow/example_dags/tutorial_objectstorage.py for tasks to queue
[2026-07-17T20:30:19.478+0530] {logging_mixin.py:190} INFO - [2026-07-17T20:30:19.478+0530] {dagbag.py:588} INFO - Filling up the DagBag from /Users/bhavishyachallagolla/Desktop/RetailSense/.venv/lib/python3.12/site-packages/airflow/example_dags/tutorial_objectstorage.py
[2026-07-17T20:30:19.490+0530] {processor.py:925} INFO - DAG(s) 'tutorial_objectstorage' retrieved from /Users/bhavishyachallagolla/Desktop/RetailSense/.venv/lib/python3.12/site-packages/airflow/example_dags/tutorial_objectstorage.py
[2026-07-17T20:30:19.514+0530] {logging_mixin.py:190} INFO - [2026-07-17T20:30:19.514+0530] {dag.py:3239} INFO - Sync 1 DAGs
[2026-07-17T20:30:19.517+0530] {logging_mixin.py:190} INFO - [2026-07-17T20:30:19.517+0530] {dag.py:4180} INFO - Setting next_dagrun for tutorial_objectstorage to None, run_after=None
[2026-07-17T20:30:19.521+0530] {processor.py:208} INFO - Processing /Users/bhavishyachallagolla/Desktop/RetailSense/.venv/lib/python3.12/site-packages/airflow/example_dags/tutorial_objectstorage.py took 0.046 seconds
[2026-07-17T20:31:10.186+0530] {processor.py:186} INFO - Started process (PID=89253) to work on /Users/bhavishyachallagolla/Desktop/RetailSense/.venv/lib/python3.12/site-packages/airflow/example_dags/tutorial_objectstorage.py
[2026-07-17T20:31:10.187+0530] {processor.py:914} INFO - Processing file /Users/bhavishyachallagolla/Desktop/RetailSense/.venv/lib/python3.12/site-packages/airflow/example_dags/tutorial_objectstorage.py for tasks to queue
[2026-07-17T20:31:10.187+0530] {logging_mixin.py:190} INFO - [2026-07-17T20:31:10.187+0530] {dagbag.py:588} INFO - Filling up the DagBag from /Users/bhavishyachallagolla/Desktop/RetailSense/.venv/lib/python3.12/site-packages/airflow/example_dags/tutorial_objectstorage.py
[2026-07-17T20:31:10.200+0530] {processor.py:925} INFO - DAG(s) 'tutorial_objectstorage' retrieved from /Users/bhavishyachallagolla/Desktop/RetailSense/.venv/lib/python3.12/site-packages/airflow/example_dags/tutorial_objectstorage.py
[2026-07-17T20:31:10.226+0530] {logging_mixin.py:190} INFO - [2026-07-17T20:31:10.226+0530] {dag.py:3239} INFO - Sync 1 DAGs
[2026-07-17T20:31:10.229+0530] {logging_mixin.py:190} INFO - [2026-07-17T20:31:10.229+0530] {dag.py:4180} INFO - Setting next_dagrun for tutorial_objectstorage to None, run_after=None
[2026-07-17T20:31:10.234+0530] {processor.py:208} INFO - Processing /Users/bhavishyachallagolla/Desktop/RetailSense/.venv/lib/python3.12/site-packages/airflow/example_dags/tutorial_objectstorage.py took 0.048 seconds
[2026-07-17T20:32:00.592+0530] {processor.py:186} INFO - Started process (PID=89328) to work on /Users/bhavishyachallagolla/Desktop/RetailSense/.venv/lib/python3.12/site-packages/airflow/example_dags/tutorial_objectstorage.py
[2026-07-17T20:32:00.592+0530] {processor.py:914} INFO - Processing file /Users/bhavishyachallagolla/Desktop/RetailSense/.venv/lib/python3.12/site-packages/airflow/example_dags/tutorial_objectstorage.py for tasks to queue
[2026-07-17T20:32:00.592+0530] {logging_mixin.py:190} INFO - [2026-07-17T20:32:00.592+0530] {dagbag.py:588} INFO - Filling up the DagBag from /Users/bhavishyachallagolla/Desktop/RetailSense/.venv/lib/python3.12/site-packages/airflow/example_dags/tutorial_objectstorage.py
[2026-07-17T20:32:00.604+0530] {processor.py:925} INFO - DAG(s) 'tutorial_objectstorage' retrieved from /Users/bhavishyachallagolla/Desktop/RetailSense/.venv/lib/python3.12/site-packages/airflow/example_dags/tutorial_objectstorage.py
[2026-07-17T20:32:00.627+0530] {logging_mixin.py:190} INFO - [2026-07-17T20:32:00.627+0530] {dag.py:3239} INFO - Sync 1 DAGs
[2026-07-17T20:32:00.630+0530] {logging_mixin.py:190} INFO - [2026-07-17T20:32:00.630+0530] {dag.py:4180} INFO - Setting next_dagrun for tutorial_objectstorage to None, run_after=None
[2026-07-17T20:32:00.635+0530] {processor.py:208} INFO - Processing /Users/bhavishyachallagolla/Desktop/RetailSense/.venv/lib/python3.12/site-packages/airflow/example_dags/tutorial_objectstorage.py took 0.044 seconds
[2026-07-17T20:32:51.066+0530] {processor.py:186} INFO - Started process (PID=89403) to work on /Users/bhavishyachallagolla/Desktop/RetailSense/.venv/lib/python3.12/site-packages/airflow/example_dags/tutorial_objectstorage.py
[2026-07-17T20:32:51.066+0530] {processor.py:914} INFO - Processing file /Users/bhavishyachallagolla/Desktop/RetailSense/.venv/lib/python3.12/site-packages/airflow/example_dags/tutorial_objectstorage.py for tasks to queue
[2026-07-17T20:32:51.066+0530] {logging_mixin.py:190} INFO - [2026-07-17T20:32:51.066+0530] {dagbag.py:588} INFO - Filling up the DagBag from /Users/bhavishyachallagolla/Desktop/RetailSense/.venv/lib/python3.12/site-packages/airflow/example_dags/tutorial_objectstorage.py
[2026-07-17T20:32:51.078+0530] {processor.py:925} INFO - DAG(s) 'tutorial_objectstorage' retrieved from /Users/bhavishyachallagolla/Desktop/RetailSense/.venv/lib/python3.12/site-packages/airflow/example_dags/tutorial_objectstorage.py
[2026-07-17T20:32:51.102+0530] {logging_mixin.py:190} INFO - [2026-07-17T20:32:51.102+0530] {dag.py:3239} INFO - Sync 1 DAGs
[2026-07-17T20:32:51.105+0530] {logging_mixin.py:190} INFO - [2026-07-17T20:32:51.105+0530] {dag.py:4180} INFO - Setting next_dagrun for tutorial_objectstorage to None, run_after=None
[2026-07-17T20:32:51.109+0530] {processor.py:208} INFO - Processing /Users/bhavishyachallagolla/Desktop/RetailSense/.venv/lib/python3.12/site-packages/airflow/example_dags/tutorial_objectstorage.py took 0.045 seconds
[2026-07-17T20:33:41.549+0530] {processor.py:186} INFO - Started process (PID=89478) to work on /Users/bhavishyachallagolla/Desktop/RetailSense/.venv/lib/python3.12/site-packages/airflow/example_dags/tutorial_objectstorage.py
[2026-07-17T20:33:41.550+0530] {processor.py:914} INFO - Processing file /Users/bhavishyachallagolla/Desktop/RetailSense/.venv/lib/python3.12/site-packages/airflow/example_dags/tutorial_objectstorage.py for tasks to queue
[2026-07-17T20:33:41.550+0530] {logging_mixin.py:190} INFO - [2026-07-17T20:33:41.550+0530] {dagbag.py:588} INFO - Filling up the DagBag from /Users/bhavishyachallagolla/Desktop/RetailSense/.venv/lib/python3.12/site-packages/airflow/example_dags/tutorial_objectstorage.py
[2026-07-17T20:33:41.562+0530] {processor.py:925} INFO - DAG(s) 'tutorial_objectstorage' retrieved from /Users/bhavishyachallagolla/Desktop/RetailSense/.venv/lib/python3.12/site-packages/airflow/example_dags/tutorial_objectstorage.py
[2026-07-17T20:33:41.586+0530] {logging_mixin.py:190} INFO - [2026-07-17T20:33:41.586+0530] {dag.py:3239} INFO - Sync 1 DAGs
[2026-07-17T20:33:41.589+0530] {logging_mixin.py:190} INFO - [2026-07-17T20:33:41.589+0530] {dag.py:4180} INFO - Setting next_dagrun for tutorial_objectstorage to None, run_after=None
[2026-07-17T20:33:41.594+0530] {processor.py:208} INFO - Processing /Users/bhavishyachallagolla/Desktop/RetailSense/.venv/lib/python3.12/site-packages/airflow/example_dags/tutorial_objectstorage.py took 0.045 seconds
[2026-07-17T20:34:32.082+0530] {processor.py:186} INFO - Started process (PID=89553) to work on /Users/bhavishyachallagolla/Desktop/RetailSense/.venv/lib/python3.12/site-packages/airflow/example_dags/tutorial_objectstorage.py
[2026-07-17T20:34:32.082+0530] {processor.py:914} INFO - Processing file /Users/bhavishyachallagolla/Desktop/RetailSense/.venv/lib/python3.12/site-packages/airflow/example_dags/tutorial_objectstorage.py for tasks to queue
[2026-07-17T20:34:32.082+0530] {logging_mixin.py:190} INFO - [2026-07-17T20:34:32.082+0530] {dagbag.py:588} INFO - Filling up the DagBag from /Users/bhavishyachallagolla/Desktop/RetailSense/.venv/lib/python3.12/site-packages/airflow/example_dags/tutorial_objectstorage.py
[2026-07-17T20:34:32.094+0530] {processor.py:925} INFO - DAG(s) 'tutorial_objectstorage' retrieved from /Users/bhavishyachallagolla/Desktop/RetailSense/.venv/lib/python3.12/site-packages/airflow/example_dags/tutorial_objectstorage.py
[2026-07-17T20:34:32.118+0530] {logging_mixin.py:190} INFO - [2026-07-17T20:34:32.118+0530] {dag.py:3239} INFO - Sync 1 DAGs
[2026-07-17T20:34:32.121+0530] {logging_mixin.py:190} INFO - [2026-07-17T20:34:32.121+0530] {dag.py:4180} INFO - Setting next_dagrun for tutorial_objectstorage to None, run_after=None
[2026-07-17T20:34:32.125+0530] {processor.py:208} INFO - Processing /Users/bhavishyachallagolla/Desktop/RetailSense/.venv/lib/python3.12/site-packages/airflow/example_dags/tutorial_objectstorage.py took 0.045 seconds
[2026-07-17T20:35:22.028+0530] {processor.py:186} INFO - Started process (PID=89627) to work on /Users/bhavishyachallagolla/Desktop/RetailSense/.venv/lib/python3.12/site-packages/airflow/example_dags/tutorial_objectstorage.py
[2026-07-17T20:35:22.028+0530] {processor.py:914} INFO - Processing file /Users/bhavishyachallagolla/Desktop/RetailSense/.venv/lib/python3.12/site-packages/airflow/example_dags/tutorial_objectstorage.py for tasks to queue
[2026-07-17T20:35:22.029+0530] {logging_mixin.py:190} INFO - [2026-07-17T20:35:22.029+0530] {dagbag.py:588} INFO - Filling up the DagBag from /Users/bhavishyachallagolla/Desktop/RetailSense/.venv/lib/python3.12/site-packages/airflow/example_dags/tutorial_objectstorage.py
[2026-07-17T20:35:22.040+0530] {processor.py:925} INFO - DAG(s) 'tutorial_objectstorage' retrieved from /Users/bhavishyachallagolla/Desktop/RetailSense/.venv/lib/python3.12/site-packages/airflow/example_dags/tutorial_objectstorage.py
[2026-07-17T20:35:22.064+0530] {logging_mixin.py:190} INFO - [2026-07-17T20:35:22.064+0530] {dag.py:3239} INFO - Sync 1 DAGs
[2026-07-17T20:35:22.067+0530] {logging_mixin.py:190} INFO - [2026-07-17T20:35:22.067+0530] {dag.py:4180} INFO - Setting next_dagrun for tutorial_objectstorage to None, run_after=None
[2026-07-17T20:35:22.072+0530] {processor.py:208} INFO - Processing /Users/bhavishyachallagolla/Desktop/RetailSense/.venv/lib/python3.12/site-packages/airflow/example_dags/tutorial_objectstorage.py took 0.045 seconds
[2026-07-17T20:36:12.558+0530] {processor.py:186} INFO - Started process (PID=89703) to work on /Users/bhavishyachallagolla/Desktop/RetailSense/.venv/lib/python3.12/site-packages/airflow/example_dags/tutorial_objectstorage.py
[2026-07-17T20:36:12.559+0530] {processor.py:914} INFO - Processing file /Users/bhavishyachallagolla/Desktop/RetailSense/.venv/lib/python3.12/site-packages/airflow/example_dags/tutorial_objectstorage.py for tasks to queue
[2026-07-17T20:36:12.559+0530] {logging_mixin.py:190} INFO - [2026-07-17T20:36:12.559+0530] {dagbag.py:588} INFO - Filling up the DagBag from /Users/bhavishyachallagolla/Desktop/RetailSense/.venv/lib/python3.12/site-packages/airflow/example_dags/tutorial_objectstorage.py
[2026-07-17T20:36:12.571+0530] {processor.py:925} INFO - DAG(s) 'tutorial_objectstorage' retrieved from /Users/bhavishyachallagolla/Desktop/RetailSense/.venv/lib/python3.12/site-packages/airflow/example_dags/tutorial_objectstorage.py
[2026-07-17T20:36:12.594+0530] {logging_mixin.py:190} INFO - [2026-07-17T20:36:12.594+0530] {dag.py:3239} INFO - Sync 1 DAGs
[2026-07-17T20:36:12.597+0530] {logging_mixin.py:190} INFO - [2026-07-17T20:36:12.596+0530] {dag.py:4180} INFO - Setting next_dagrun for tutorial_objectstorage to None, run_after=None
[2026-07-17T20:36:12.601+0530] {processor.py:208} INFO - Processing /Users/bhavishyachallagolla/Desktop/RetailSense/.venv/lib/python3.12/site-packages/airflow/example_dags/tutorial_objectstorage.py took 0.044 seconds
[2026-07-17T20:37:03.028+0530] {processor.py:186} INFO - Started process (PID=89778) to work on /Users/bhavishyachallagolla/Desktop/RetailSense/.venv/lib/python3.12/site-packages/airflow/example_dags/tutorial_objectstorage.py
[2026-07-17T20:37:03.029+0530] {processor.py:914} INFO - Processing file /Users/bhavishyachallagolla/Desktop/RetailSense/.venv/lib/python3.12/site-packages/airflow/example_dags/tutorial_objectstorage.py for tasks to queue
[2026-07-17T20:37:03.029+0530] {logging_mixin.py:190} INFO - [2026-07-17T20:37:03.029+0530] {dagbag.py:588} INFO - Filling up the DagBag from /Users/bhavishyachallagolla/Desktop/RetailSense/.venv/lib/python3.12/site-packages/airflow/example_dags/tutorial_objectstorage.py
[2026-07-17T20:37:03.041+0530] {processor.py:925} INFO - DAG(s) 'tutorial_objectstorage' retrieved from /Users/bhavishyachallagolla/Desktop/RetailSense/.venv/lib/python3.12/site-packages/airflow/example_dags/tutorial_objectstorage.py
[2026-07-17T20:37:03.065+0530] {logging_mixin.py:190} INFO - [2026-07-17T20:37:03.065+0530] {dag.py:3239} INFO - Sync 1 DAGs
[2026-07-17T20:37:03.068+0530] {logging_mixin.py:190} INFO - [2026-07-17T20:37:03.068+0530] {dag.py:4180} INFO - Setting next_dagrun for tutorial_objectstorage to None, run_after=None
[2026-07-17T20:37:03.072+0530] {processor.py:208} INFO - Processing /Users/bhavishyachallagolla/Desktop/RetailSense/.venv/lib/python3.12/site-packages/airflow/example_dags/tutorial_objectstorage.py took 0.045 seconds
[2026-07-17T20:37:53.625+0530] {processor.py:186} INFO - Started process (PID=89854) to work on /Users/bhavishyachallagolla/Desktop/RetailSense/.venv/lib/python3.12/site-packages/airflow/example_dags/tutorial_objectstorage.py
[2026-07-17T20:37:53.626+0530] {processor.py:914} INFO - Processing file /Users/bhavishyachallagolla/Desktop/RetailSense/.venv/lib/python3.12/site-packages/airflow/example_dags/tutorial_objectstorage.py for tasks to queue
[2026-07-17T20:37:53.626+0530] {logging_mixin.py:190} INFO - [2026-07-17T20:37:53.626+0530] {dagbag.py:588} INFO - Filling up the DagBag from /Users/bhavishyachallagolla/Desktop/RetailSense/.venv/lib/python3.12/site-packages/airflow/example_dags/tutorial_objectstorage.py
[2026-07-17T20:37:53.639+0530] {processor.py:925} INFO - DAG(s) 'tutorial_objectstorage' retrieved from /Users/bhavishyachallagolla/Desktop/RetailSense/.venv/lib/python3.12/site-packages/airflow/example_dags/tutorial_objectstorage.py
[2026-07-17T20:37:53.664+0530] {logging_mixin.py:190} INFO - [2026-07-17T20:37:53.664+0530] {dag.py:3239} INFO - Sync 1 DAGs
[2026-07-17T20:37:53.667+0530] {logging_mixin.py:190} INFO - [2026-07-17T20:37:53.667+0530] {dag.py:4180} INFO - Setting next_dagrun for tutorial_objectstorage to None, run_after=None
[2026-07-17T20:37:53.672+0530] {processor.py:208} INFO - Processing /Users/bhavishyachallagolla/Desktop/RetailSense/.venv/lib/python3.12/site-packages/airflow/example_dags/tutorial_objectstorage.py took 0.047 seconds
[2026-07-17T20:38:44.247+0530] {processor.py:186} INFO - Started process (PID=89938) to work on /Users/bhavishyachallagolla/Desktop/RetailSense/.venv/lib/python3.12/site-packages/airflow/example_dags/tutorial_objectstorage.py
[2026-07-17T20:38:44.249+0530] {processor.py:914} INFO - Processing file /Users/bhavishyachallagolla/Desktop/RetailSense/.venv/lib/python3.12/site-packages/airflow/example_dags/tutorial_objectstorage.py for tasks to queue
[2026-07-17T20:38:44.249+0530] {logging_mixin.py:190} INFO - [2026-07-17T20:38:44.249+0530] {dagbag.py:588} INFO - Filling up the DagBag from /Users/bhavishyachallagolla/Desktop/RetailSense/.venv/lib/python3.12/site-packages/airflow/example_dags/tutorial_objectstorage.py
[2026-07-17T20:38:44.261+0530] {processor.py:925} INFO - DAG(s) 'tutorial_objectstorage' retrieved from /Users/bhavishyachallagolla/Desktop/RetailSense/.venv/lib/python3.12/site-packages/airflow/example_dags/tutorial_objectstorage.py
[2026-07-17T20:38:44.285+0530] {logging_mixin.py:190} INFO - [2026-07-17T20:38:44.285+0530] {dag.py:3239} INFO - Sync 1 DAGs
[2026-07-17T20:38:44.288+0530] {logging_mixin.py:190} INFO - [2026-07-17T20:38:44.288+0530] {dag.py:4180} INFO - Setting next_dagrun for tutorial_objectstorage to None, run_after=None
[2026-07-17T20:38:44.292+0530] {processor.py:208} INFO - Processing /Users/bhavishyachallagolla/Desktop/RetailSense/.venv/lib/python3.12/site-packages/airflow/example_dags/tutorial_objectstorage.py took 0.046 seconds
[2026-07-17T20:39:36.611+0530] {processor.py:186} INFO - Started process (PID=90059) to work on /Users/bhavishyachallagolla/Desktop/RetailSense/.venv/lib/python3.12/site-packages/airflow/example_dags/tutorial_objectstorage.py
[2026-07-17T20:39:36.612+0530] {processor.py:914} INFO - Processing file /Users/bhavishyachallagolla/Desktop/RetailSense/.venv/lib/python3.12/site-packages/airflow/example_dags/tutorial_objectstorage.py for tasks to queue
[2026-07-17T20:39:36.612+0530] {logging_mixin.py:190} INFO - [2026-07-17T20:39:36.612+0530] {dagbag.py:588} INFO - Filling up the DagBag from /Users/bhavishyachallagolla/Desktop/RetailSense/.venv/lib/python3.12/site-packages/airflow/example_dags/tutorial_objectstorage.py
[2026-07-17T20:39:36.628+0530] {processor.py:925} INFO - DAG(s) 'tutorial_objectstorage' retrieved from /Users/bhavishyachallagolla/Desktop/RetailSense/.venv/lib/python3.12/site-packages/airflow/example_dags/tutorial_objectstorage.py
[2026-07-17T20:39:36.655+0530] {logging_mixin.py:190} INFO - [2026-07-17T20:39:36.654+0530] {dag.py:3239} INFO - Sync 1 DAGs
[2026-07-17T20:39:36.657+0530] {logging_mixin.py:190} INFO - [2026-07-17T20:39:36.657+0530] {dag.py:4180} INFO - Setting next_dagrun for tutorial_objectstorage to None, run_after=None
[2026-07-17T20:39:36.662+0530] {processor.py:208} INFO - Processing /Users/bhavishyachallagolla/Desktop/RetailSense/.venv/lib/python3.12/site-packages/airflow/example_dags/tutorial_objectstorage.py took 0.053 seconds
[2026-07-17T20:40:25.946+0530] {processor.py:186} INFO - Started process (PID=90176) to work on /Users/bhavishyachallagolla/Desktop/RetailSense/.venv/lib/python3.12/site-packages/airflow/example_dags/tutorial_objectstorage.py
[2026-07-17T20:40:25.947+0530] {processor.py:914} INFO - Processing file /Users/bhavishyachallagolla/Desktop/RetailSense/.venv/lib/python3.12/site-packages/airflow/example_dags/tutorial_objectstorage.py for tasks to queue
[2026-07-17T20:40:25.948+0530] {logging_mixin.py:190} INFO - [2026-07-17T20:40:25.947+0530] {dagbag.py:588} INFO - Filling up the DagBag from /Users/bhavishyachallagolla/Desktop/RetailSense/.venv/lib/python3.12/site-packages/airflow/example_dags/tutorial_objectstorage.py
[2026-07-17T20:40:25.961+0530] {processor.py:925} INFO - DAG(s) 'tutorial_objectstorage' retrieved from /Users/bhavishyachallagolla/Desktop/RetailSense/.venv/lib/python3.12/site-packages/airflow/example_dags/tutorial_objectstorage.py
[2026-07-17T20:40:25.985+0530] {logging_mixin.py:190} INFO - [2026-07-17T20:40:25.985+0530] {dag.py:3239} INFO - Sync 1 DAGs
[2026-07-17T20:40:25.988+0530] {logging_mixin.py:190} INFO - [2026-07-17T20:40:25.988+0530] {dag.py:4180} INFO - Setting next_dagrun for tutorial_objectstorage to None, run_after=None
[2026-07-17T20:40:25.993+0530] {processor.py:208} INFO - Processing /Users/bhavishyachallagolla/Desktop/RetailSense/.venv/lib/python3.12/site-packages/airflow/example_dags/tutorial_objectstorage.py took 0.047 seconds
[2026-07-17T20:41:15.258+0530] {processor.py:186} INFO - Started process (PID=90270) to work on /Users/bhavishyachallagolla/Desktop/RetailSense/.venv/lib/python3.12/site-packages/airflow/example_dags/tutorial_objectstorage.py
[2026-07-17T20:41:15.259+0530] {processor.py:914} INFO - Processing file /Users/bhavishyachallagolla/Desktop/RetailSense/.venv/lib/python3.12/site-packages/airflow/example_dags/tutorial_objectstorage.py for tasks to queue
[2026-07-17T20:41:15.259+0530] {logging_mixin.py:190} INFO - [2026-07-17T20:41:15.259+0530] {dagbag.py:588} INFO - Filling up the DagBag from /Users/bhavishyachallagolla/Desktop/RetailSense/.venv/lib/python3.12/site-packages/airflow/example_dags/tutorial_objectstorage.py
[2026-07-17T20:41:15.271+0530] {processor.py:925} INFO - DAG(s) 'tutorial_objectstorage' retrieved from /Users/bhavishyachallagolla/Desktop/RetailSense/.venv/lib/python3.12/site-packages/airflow/example_dags/tutorial_objectstorage.py
[2026-07-17T20:41:15.295+0530] {logging_mixin.py:190} INFO - [2026-07-17T20:41:15.295+0530] {dag.py:3239} INFO - Sync 1 DAGs
[2026-07-17T20:41:15.298+0530] {logging_mixin.py:190} INFO - [2026-07-17T20:41:15.298+0530] {dag.py:4180} INFO - Setting next_dagrun for tutorial_objectstorage to None, run_after=None
[2026-07-17T20:41:15.303+0530] {processor.py:208} INFO - Processing /Users/bhavishyachallagolla/Desktop/RetailSense/.venv/lib/python3.12/site-packages/airflow/example_dags/tutorial_objectstorage.py took 0.046 seconds
[2026-07-17T20:42:04.916+0530] {processor.py:186} INFO - Started process (PID=90362) to work on /Users/bhavishyachallagolla/Desktop/RetailSense/.venv/lib/python3.12/site-packages/airflow/example_dags/tutorial_objectstorage.py
[2026-07-17T20:42:04.917+0530] {processor.py:914} INFO - Processing file /Users/bhavishyachallagolla/Desktop/RetailSense/.venv/lib/python3.12/site-packages/airflow/example_dags/tutorial_objectstorage.py for tasks to queue
[2026-07-17T20:42:04.917+0530] {logging_mixin.py:190} INFO - [2026-07-17T20:42:04.917+0530] {dagbag.py:588} INFO - Filling up the DagBag from /Users/bhavishyachallagolla/Desktop/RetailSense/.venv/lib/python3.12/site-packages/airflow/example_dags/tutorial_objectstorage.py
[2026-07-17T20:42:04.929+0530] {processor.py:925} INFO - DAG(s) 'tutorial_objectstorage' retrieved from /Users/bhavishyachallagolla/Desktop/RetailSense/.venv/lib/python3.12/site-packages/airflow/example_dags/tutorial_objectstorage.py
[2026-07-17T20:42:04.953+0530] {logging_mixin.py:190} INFO - [2026-07-17T20:42:04.953+0530] {dag.py:3239} INFO - Sync 1 DAGs
[2026-07-17T20:42:04.955+0530] {logging_mixin.py:190} INFO - [2026-07-17T20:42:04.955+0530] {dag.py:4180} INFO - Setting next_dagrun for tutorial_objectstorage to None, run_after=None
[2026-07-17T20:42:04.960+0530] {processor.py:208} INFO - Processing /Users/bhavishyachallagolla/Desktop/RetailSense/.venv/lib/python3.12/site-packages/airflow/example_dags/tutorial_objectstorage.py took 0.045 seconds
[2026-07-17T20:42:55.348+0530] {processor.py:186} INFO - Started process (PID=90437) to work on /Users/bhavishyachallagolla/Desktop/RetailSense/.venv/lib/python3.12/site-packages/airflow/example_dags/tutorial_objectstorage.py
[2026-07-17T20:42:55.349+0530] {processor.py:914} INFO - Processing file /Users/bhavishyachallagolla/Desktop/RetailSense/.venv/lib/python3.12/site-packages/airflow/example_dags/tutorial_objectstorage.py for tasks to queue
[2026-07-17T20:42:55.350+0530] {logging_mixin.py:190} INFO - [2026-07-17T20:42:55.350+0530] {dagbag.py:588} INFO - Filling up the DagBag from /Users/bhavishyachallagolla/Desktop/RetailSense/.venv/lib/python3.12/site-packages/airflow/example_dags/tutorial_objectstorage.py
[2026-07-17T20:42:55.362+0530] {processor.py:925} INFO - DAG(s) 'tutorial_objectstorage' retrieved from /Users/bhavishyachallagolla/Desktop/RetailSense/.venv/lib/python3.12/site-packages/airflow/example_dags/tutorial_objectstorage.py
[2026-07-17T20:42:55.386+0530] {logging_mixin.py:190} INFO - [2026-07-17T20:42:55.386+0530] {dag.py:3239} INFO - Sync 1 DAGs
[2026-07-17T20:42:55.389+0530] {logging_mixin.py:190} INFO - [2026-07-17T20:42:55.388+0530] {dag.py:4180} INFO - Setting next_dagrun for tutorial_objectstorage to None, run_after=None
[2026-07-17T20:42:55.393+0530] {processor.py:208} INFO - Processing /Users/bhavishyachallagolla/Desktop/RetailSense/.venv/lib/python3.12/site-packages/airflow/example_dags/tutorial_objectstorage.py took 0.046 seconds
[2026-07-17T20:43:44.491+0530] {processor.py:186} INFO - Started process (PID=90510) to work on /Users/bhavishyachallagolla/Desktop/RetailSense/.venv/lib/python3.12/site-packages/airflow/example_dags/tutorial_objectstorage.py
[2026-07-17T20:43:44.491+0530] {processor.py:914} INFO - Processing file /Users/bhavishyachallagolla/Desktop/RetailSense/.venv/lib/python3.12/site-packages/airflow/example_dags/tutorial_objectstorage.py for tasks to queue
[2026-07-17T20:43:44.492+0530] {logging_mixin.py:190} INFO - [2026-07-17T20:43:44.492+0530] {dagbag.py:588} INFO - Filling up the DagBag from /Users/bhavishyachallagolla/Desktop/RetailSense/.venv/lib/python3.12/site-packages/airflow/example_dags/tutorial_objectstorage.py
[2026-07-17T20:43:44.504+0530] {processor.py:925} INFO - DAG(s) 'tutorial_objectstorage' retrieved from /Users/bhavishyachallagolla/Desktop/RetailSense/.venv/lib/python3.12/site-packages/airflow/example_dags/tutorial_objectstorage.py
[2026-07-17T20:43:44.528+0530] {logging_mixin.py:190} INFO - [2026-07-17T20:43:44.527+0530] {dag.py:3239} INFO - Sync 1 DAGs
[2026-07-17T20:43:44.530+0530] {logging_mixin.py:190} INFO - [2026-07-17T20:43:44.530+0530] {dag.py:4180} INFO - Setting next_dagrun for tutorial_objectstorage to None, run_after=None
[2026-07-17T20:43:44.535+0530] {processor.py:208} INFO - Processing /Users/bhavishyachallagolla/Desktop/RetailSense/.venv/lib/python3.12/site-packages/airflow/example_dags/tutorial_objectstorage.py took 0.045 seconds
[2026-07-17T20:44:34.427+0530] {processor.py:186} INFO - Started process (PID=90585) to work on /Users/bhavishyachallagolla/Desktop/RetailSense/.venv/lib/python3.12/site-packages/airflow/example_dags/tutorial_objectstorage.py
[2026-07-17T20:44:34.427+0530] {processor.py:914} INFO - Processing file /Users/bhavishyachallagolla/Desktop/RetailSense/.venv/lib/python3.12/site-packages/airflow/example_dags/tutorial_objectstorage.py for tasks to queue
[2026-07-17T20:44:34.427+0530] {logging_mixin.py:190} INFO - [2026-07-17T20:44:34.427+0530] {dagbag.py:588} INFO - Filling up the DagBag from /Users/bhavishyachallagolla/Desktop/RetailSense/.venv/lib/python3.12/site-packages/airflow/example_dags/tutorial_objectstorage.py
[2026-07-17T20:44:34.439+0530] {processor.py:925} INFO - DAG(s) 'tutorial_objectstorage' retrieved from /Users/bhavishyachallagolla/Desktop/RetailSense/.venv/lib/python3.12/site-packages/airflow/example_dags/tutorial_objectstorage.py
[2026-07-17T20:44:34.463+0530] {logging_mixin.py:190} INFO - [2026-07-17T20:44:34.463+0530] {dag.py:3239} INFO - Sync 1 DAGs
[2026-07-17T20:44:34.466+0530] {logging_mixin.py:190} INFO - [2026-07-17T20:44:34.466+0530] {dag.py:4180} INFO - Setting next_dagrun for tutorial_objectstorage to None, run_after=None
[2026-07-17T20:44:34.471+0530] {processor.py:208} INFO - Processing /Users/bhavishyachallagolla/Desktop/RetailSense/.venv/lib/python3.12/site-packages/airflow/example_dags/tutorial_objectstorage.py took 0.045 seconds
[2026-07-17T20:45:25.310+0530] {processor.py:186} INFO - Started process (PID=90669) to work on /Users/bhavishyachallagolla/Desktop/RetailSense/.venv/lib/python3.12/site-packages/airflow/example_dags/tutorial_objectstorage.py
[2026-07-17T20:45:25.311+0530] {processor.py:914} INFO - Processing file /Users/bhavishyachallagolla/Desktop/RetailSense/.venv/lib/python3.12/site-packages/airflow/example_dags/tutorial_objectstorage.py for tasks to queue
[2026-07-17T20:45:25.311+0530] {logging_mixin.py:190} INFO - [2026-07-17T20:45:25.311+0530] {dagbag.py:588} INFO - Filling up the DagBag from /Users/bhavishyachallagolla/Desktop/RetailSense/.venv/lib/python3.12/site-packages/airflow/example_dags/tutorial_objectstorage.py
[2026-07-17T20:45:25.322+0530] {processor.py:925} INFO - DAG(s) 'tutorial_objectstorage' retrieved from /Users/bhavishyachallagolla/Desktop/RetailSense/.venv/lib/python3.12/site-packages/airflow/example_dags/tutorial_objectstorage.py
[2026-07-17T20:45:25.346+0530] {logging_mixin.py:190} INFO - [2026-07-17T20:45:25.346+0530] {dag.py:3239} INFO - Sync 1 DAGs
[2026-07-17T20:45:25.349+0530] {logging_mixin.py:190} INFO - [2026-07-17T20:45:25.349+0530] {dag.py:4180} INFO - Setting next_dagrun for tutorial_objectstorage to None, run_after=None
[2026-07-17T20:45:25.353+0530] {processor.py:208} INFO - Processing /Users/bhavishyachallagolla/Desktop/RetailSense/.venv/lib/python3.12/site-packages/airflow/example_dags/tutorial_objectstorage.py took 0.044 seconds
[2026-07-17T20:46:15.749+0530] {processor.py:186} INFO - Started process (PID=90745) to work on /Users/bhavishyachallagolla/Desktop/RetailSense/.venv/lib/python3.12/site-packages/airflow/example_dags/tutorial_objectstorage.py
[2026-07-17T20:46:15.749+0530] {processor.py:914} INFO - Processing file /Users/bhavishyachallagolla/Desktop/RetailSense/.venv/lib/python3.12/site-packages/airflow/example_dags/tutorial_objectstorage.py for tasks to queue
[2026-07-17T20:46:15.750+0530] {logging_mixin.py:190} INFO - [2026-07-17T20:46:15.750+0530] {dagbag.py:588} INFO - Filling up the DagBag from /Users/bhavishyachallagolla/Desktop/RetailSense/.venv/lib/python3.12/site-packages/airflow/example_dags/tutorial_objectstorage.py
[2026-07-17T20:46:15.761+0530] {processor.py:925} INFO - DAG(s) 'tutorial_objectstorage' retrieved from /Users/bhavishyachallagolla/Desktop/RetailSense/.venv/lib/python3.12/site-packages/airflow/example_dags/tutorial_objectstorage.py
[2026-07-17T20:46:15.785+0530] {logging_mixin.py:190} INFO - [2026-07-17T20:46:15.785+0530] {dag.py:3239} INFO - Sync 1 DAGs
[2026-07-17T20:46:15.787+0530] {logging_mixin.py:190} INFO - [2026-07-17T20:46:15.787+0530] {dag.py:4180} INFO - Setting next_dagrun for tutorial_objectstorage to None, run_after=None
[2026-07-17T20:46:15.792+0530] {processor.py:208} INFO - Processing /Users/bhavishyachallagolla/Desktop/RetailSense/.venv/lib/python3.12/site-packages/airflow/example_dags/tutorial_objectstorage.py took 0.044 seconds
[2026-07-17T20:47:06.193+0530] {processor.py:186} INFO - Started process (PID=90820) to work on /Users/bhavishyachallagolla/Desktop/RetailSense/.venv/lib/python3.12/site-packages/airflow/example_dags/tutorial_objectstorage.py
[2026-07-17T20:47:06.193+0530] {processor.py:914} INFO - Processing file /Users/bhavishyachallagolla/Desktop/RetailSense/.venv/lib/python3.12/site-packages/airflow/example_dags/tutorial_objectstorage.py for tasks to queue
[2026-07-17T20:47:06.194+0530] {logging_mixin.py:190} INFO - [2026-07-17T20:47:06.194+0530] {dagbag.py:588} INFO - Filling up the DagBag from /Users/bhavishyachallagolla/Desktop/RetailSense/.venv/lib/python3.12/site-packages/airflow/example_dags/tutorial_objectstorage.py
[2026-07-17T20:47:06.206+0530] {processor.py:925} INFO - DAG(s) 'tutorial_objectstorage' retrieved from /Users/bhavishyachallagolla/Desktop/RetailSense/.venv/lib/python3.12/site-packages/airflow/example_dags/tutorial_objectstorage.py
[2026-07-17T20:47:06.230+0530] {logging_mixin.py:190} INFO - [2026-07-17T20:47:06.230+0530] {dag.py:3239} INFO - Sync 1 DAGs
[2026-07-17T20:47:06.232+0530] {logging_mixin.py:190} INFO - [2026-07-17T20:47:06.232+0530] {dag.py:4180} INFO - Setting next_dagrun for tutorial_objectstorage to None, run_after=None
[2026-07-17T20:47:06.237+0530] {processor.py:208} INFO - Processing /Users/bhavishyachallagolla/Desktop/RetailSense/.venv/lib/python3.12/site-packages/airflow/example_dags/tutorial_objectstorage.py took 0.045 seconds
[2026-07-17T20:47:55.348+0530] {processor.py:186} INFO - Started process (PID=90895) to work on /Users/bhavishyachallagolla/Desktop/RetailSense/.venv/lib/python3.12/site-packages/airflow/example_dags/tutorial_objectstorage.py
[2026-07-17T20:47:55.348+0530] {processor.py:914} INFO - Processing file /Users/bhavishyachallagolla/Desktop/RetailSense/.venv/lib/python3.12/site-packages/airflow/example_dags/tutorial_objectstorage.py for tasks to queue
[2026-07-17T20:47:55.348+0530] {logging_mixin.py:190} INFO - [2026-07-17T20:47:55.348+0530] {dagbag.py:588} INFO - Filling up the DagBag from /Users/bhavishyachallagolla/Desktop/RetailSense/.venv/lib/python3.12/site-packages/airflow/example_dags/tutorial_objectstorage.py
[2026-07-17T20:47:55.360+0530] {processor.py:925} INFO - DAG(s) 'tutorial_objectstorage' retrieved from /Users/bhavishyachallagolla/Desktop/RetailSense/.venv/lib/python3.12/site-packages/airflow/example_dags/tutorial_objectstorage.py
[2026-07-17T20:47:55.384+0530] {logging_mixin.py:190} INFO - [2026-07-17T20:47:55.384+0530] {dag.py:3239} INFO - Sync 1 DAGs
[2026-07-17T20:47:55.386+0530] {logging_mixin.py:190} INFO - [2026-07-17T20:47:55.386+0530] {dag.py:4180} INFO - Setting next_dagrun for tutorial_objectstorage to None, run_after=None
[2026-07-17T20:47:55.391+0530] {processor.py:208} INFO - Processing /Users/bhavishyachallagolla/Desktop/RetailSense/.venv/lib/python3.12/site-packages/airflow/example_dags/tutorial_objectstorage.py took 0.044 seconds
[2026-07-17T20:48:46.170+0530] {processor.py:186} INFO - Started process (PID=90974) to work on /Users/bhavishyachallagolla/Desktop/RetailSense/.venv/lib/python3.12/site-packages/airflow/example_dags/tutorial_objectstorage.py
[2026-07-17T20:48:46.171+0530] {processor.py:914} INFO - Processing file /Users/bhavishyachallagolla/Desktop/RetailSense/.venv/lib/python3.12/site-packages/airflow/example_dags/tutorial_objectstorage.py for tasks to queue
[2026-07-17T20:48:46.172+0530] {logging_mixin.py:190} INFO - [2026-07-17T20:48:46.172+0530] {dagbag.py:588} INFO - Filling up the DagBag from /Users/bhavishyachallagolla/Desktop/RetailSense/.venv/lib/python3.12/site-packages/airflow/example_dags/tutorial_objectstorage.py
[2026-07-17T20:48:46.184+0530] {processor.py:925} INFO - DAG(s) 'tutorial_objectstorage' retrieved from /Users/bhavishyachallagolla/Desktop/RetailSense/.venv/lib/python3.12/site-packages/airflow/example_dags/tutorial_objectstorage.py
[2026-07-17T20:48:46.209+0530] {logging_mixin.py:190} INFO - [2026-07-17T20:48:46.208+0530] {dag.py:3239} INFO - Sync 1 DAGs
[2026-07-17T20:48:46.211+0530] {logging_mixin.py:190} INFO - [2026-07-17T20:48:46.211+0530] {dag.py:4180} INFO - Setting next_dagrun for tutorial_objectstorage to None, run_after=None
[2026-07-17T20:48:46.216+0530] {processor.py:208} INFO - Processing /Users/bhavishyachallagolla/Desktop/RetailSense/.venv/lib/python3.12/site-packages/airflow/example_dags/tutorial_objectstorage.py took 0.047 seconds
[2026-07-17T20:49:36.833+0530] {processor.py:186} INFO - Started process (PID=91068) to work on /Users/bhavishyachallagolla/Desktop/RetailSense/.venv/lib/python3.12/site-packages/airflow/example_dags/tutorial_objectstorage.py
[2026-07-17T20:49:36.834+0530] {processor.py:914} INFO - Processing file /Users/bhavishyachallagolla/Desktop/RetailSense/.venv/lib/python3.12/site-packages/airflow/example_dags/tutorial_objectstorage.py for tasks to queue
[2026-07-17T20:49:36.834+0530] {logging_mixin.py:190} INFO - [2026-07-17T20:49:36.834+0530] {dagbag.py:588} INFO - Filling up the DagBag from /Users/bhavishyachallagolla/Desktop/RetailSense/.venv/lib/python3.12/site-packages/airflow/example_dags/tutorial_objectstorage.py
[2026-07-17T20:49:36.846+0530] {processor.py:925} INFO - DAG(s) 'tutorial_objectstorage' retrieved from /Users/bhavishyachallagolla/Desktop/RetailSense/.venv/lib/python3.12/site-packages/airflow/example_dags/tutorial_objectstorage.py
[2026-07-17T20:49:36.869+0530] {logging_mixin.py:190} INFO - [2026-07-17T20:49:36.869+0530] {dag.py:3239} INFO - Sync 1 DAGs
[2026-07-17T20:49:36.872+0530] {logging_mixin.py:190} INFO - [2026-07-17T20:49:36.872+0530] {dag.py:4180} INFO - Setting next_dagrun for tutorial_objectstorage to None, run_after=None
[2026-07-17T20:49:36.877+0530] {processor.py:208} INFO - Processing /Users/bhavishyachallagolla/Desktop/RetailSense/.venv/lib/python3.12/site-packages/airflow/example_dags/tutorial_objectstorage.py took 0.045 seconds
[2026-07-17T20:50:24.935+0530] {processor.py:186} INFO - Started process (PID=91141) to work on /Users/bhavishyachallagolla/Desktop/RetailSense/.venv/lib/python3.12/site-packages/airflow/example_dags/tutorial_objectstorage.py
[2026-07-17T20:50:24.935+0530] {processor.py:914} INFO - Processing file /Users/bhavishyachallagolla/Desktop/RetailSense/.venv/lib/python3.12/site-packages/airflow/example_dags/tutorial_objectstorage.py for tasks to queue
[2026-07-17T20:50:24.935+0530] {logging_mixin.py:190} INFO - [2026-07-17T20:50:24.935+0530] {dagbag.py:588} INFO - Filling up the DagBag from /Users/bhavishyachallagolla/Desktop/RetailSense/.venv/lib/python3.12/site-packages/airflow/example_dags/tutorial_objectstorage.py
[2026-07-17T20:50:24.947+0530] {processor.py:925} INFO - DAG(s) 'tutorial_objectstorage' retrieved from /Users/bhavishyachallagolla/Desktop/RetailSense/.venv/lib/python3.12/site-packages/airflow/example_dags/tutorial_objectstorage.py
[2026-07-17T20:50:24.972+0530] {logging_mixin.py:190} INFO - [2026-07-17T20:50:24.972+0530] {dag.py:3239} INFO - Sync 1 DAGs
[2026-07-17T20:50:24.975+0530] {logging_mixin.py:190} INFO - [2026-07-17T20:50:24.975+0530] {dag.py:4180} INFO - Setting next_dagrun for tutorial_objectstorage to None, run_after=None
[2026-07-17T20:50:24.980+0530] {processor.py:208} INFO - Processing /Users/bhavishyachallagolla/Desktop/RetailSense/.venv/lib/python3.12/site-packages/airflow/example_dags/tutorial_objectstorage.py took 0.046 seconds
[2026-07-17T20:51:14.684+0530] {processor.py:186} INFO - Started process (PID=91217) to work on /Users/bhavishyachallagolla/Desktop/RetailSense/.venv/lib/python3.12/site-packages/airflow/example_dags/tutorial_objectstorage.py
[2026-07-17T20:51:14.684+0530] {processor.py:914} INFO - Processing file /Users/bhavishyachallagolla/Desktop/RetailSense/.venv/lib/python3.12/site-packages/airflow/example_dags/tutorial_objectstorage.py for tasks to queue
[2026-07-17T20:51:14.685+0530] {logging_mixin.py:190} INFO - [2026-07-17T20:51:14.685+0530] {dagbag.py:588} INFO - Filling up the DagBag from /Users/bhavishyachallagolla/Desktop/RetailSense/.venv/lib/python3.12/site-packages/airflow/example_dags/tutorial_objectstorage.py
[2026-07-17T20:51:14.697+0530] {processor.py:925} INFO - DAG(s) 'tutorial_objectstorage' retrieved from /Users/bhavishyachallagolla/Desktop/RetailSense/.venv/lib/python3.12/site-packages/airflow/example_dags/tutorial_objectstorage.py
[2026-07-17T20:51:14.721+0530] {logging_mixin.py:190} INFO - [2026-07-17T20:51:14.721+0530] {dag.py:3239} INFO - Sync 1 DAGs
[2026-07-17T20:51:14.724+0530] {logging_mixin.py:190} INFO - [2026-07-17T20:51:14.724+0530] {dag.py:4180} INFO - Setting next_dagrun for tutorial_objectstorage to None, run_after=None
[2026-07-17T20:51:14.728+0530] {processor.py:208} INFO - Processing /Users/bhavishyachallagolla/Desktop/RetailSense/.venv/lib/python3.12/site-packages/airflow/example_dags/tutorial_objectstorage.py took 0.045 seconds
[2026-07-17T20:52:06.197+0530] {processor.py:186} INFO - Started process (PID=91293) to work on /Users/bhavishyachallagolla/Desktop/RetailSense/.venv/lib/python3.12/site-packages/airflow/example_dags/tutorial_objectstorage.py
[2026-07-17T20:52:06.198+0530] {processor.py:914} INFO - Processing file /Users/bhavishyachallagolla/Desktop/RetailSense/.venv/lib/python3.12/site-packages/airflow/example_dags/tutorial_objectstorage.py for tasks to queue
[2026-07-17T20:52:06.199+0530] {logging_mixin.py:190} INFO - [2026-07-17T20:52:06.199+0530] {dagbag.py:588} INFO - Filling up the DagBag from /Users/bhavishyachallagolla/Desktop/RetailSense/.venv/lib/python3.12/site-packages/airflow/example_dags/tutorial_objectstorage.py
[2026-07-17T20:52:06.210+0530] {processor.py:925} INFO - DAG(s) 'tutorial_objectstorage' retrieved from /Users/bhavishyachallagolla/Desktop/RetailSense/.venv/lib/python3.12/site-packages/airflow/example_dags/tutorial_objectstorage.py
[2026-07-17T20:52:06.234+0530] {logging_mixin.py:190} INFO - [2026-07-17T20:52:06.234+0530] {dag.py:3239} INFO - Sync 1 DAGs
[2026-07-17T20:52:06.236+0530] {logging_mixin.py:190} INFO - [2026-07-17T20:52:06.236+0530] {dag.py:4180} INFO - Setting next_dagrun for tutorial_objectstorage to None, run_after=None
[2026-07-17T20:52:06.241+0530] {processor.py:208} INFO - Processing /Users/bhavishyachallagolla/Desktop/RetailSense/.venv/lib/python3.12/site-packages/airflow/example_dags/tutorial_objectstorage.py took 0.044 seconds
[2026-07-17T20:52:56.589+0530] {processor.py:186} INFO - Started process (PID=91368) to work on /Users/bhavishyachallagolla/Desktop/RetailSense/.venv/lib/python3.12/site-packages/airflow/example_dags/tutorial_objectstorage.py
[2026-07-17T20:52:56.590+0530] {processor.py:914} INFO - Processing file /Users/bhavishyachallagolla/Desktop/RetailSense/.venv/lib/python3.12/site-packages/airflow/example_dags/tutorial_objectstorage.py for tasks to queue
[2026-07-17T20:52:56.590+0530] {logging_mixin.py:190} INFO - [2026-07-17T20:52:56.590+0530] {dagbag.py:588} INFO - Filling up the DagBag from /Users/bhavishyachallagolla/Desktop/RetailSense/.venv/lib/python3.12/site-packages/airflow/example_dags/tutorial_objectstorage.py
[2026-07-17T20:52:56.603+0530] {processor.py:925} INFO - DAG(s) 'tutorial_objectstorage' retrieved from /Users/bhavishyachallagolla/Desktop/RetailSense/.venv/lib/python3.12/site-packages/airflow/example_dags/tutorial_objectstorage.py
[2026-07-17T20:52:56.627+0530] {logging_mixin.py:190} INFO - [2026-07-17T20:52:56.627+0530] {dag.py:3239} INFO - Sync 1 DAGs
[2026-07-17T20:52:56.629+0530] {logging_mixin.py:190} INFO - [2026-07-17T20:52:56.629+0530] {dag.py:4180} INFO - Setting next_dagrun for tutorial_objectstorage to None, run_after=None
[2026-07-17T20:52:56.634+0530] {processor.py:208} INFO - Processing /Users/bhavishyachallagolla/Desktop/RetailSense/.venv/lib/python3.12/site-packages/airflow/example_dags/tutorial_objectstorage.py took 0.046 seconds
[2026-07-17T20:53:46.980+0530] {processor.py:186} INFO - Started process (PID=91443) to work on /Users/bhavishyachallagolla/Desktop/RetailSense/.venv/lib/python3.12/site-packages/airflow/example_dags/tutorial_objectstorage.py
[2026-07-17T20:53:46.980+0530] {processor.py:914} INFO - Processing file /Users/bhavishyachallagolla/Desktop/RetailSense/.venv/lib/python3.12/site-packages/airflow/example_dags/tutorial_objectstorage.py for tasks to queue
[2026-07-17T20:53:46.981+0530] {logging_mixin.py:190} INFO - [2026-07-17T20:53:46.981+0530] {dagbag.py:588} INFO - Filling up the DagBag from /Users/bhavishyachallagolla/Desktop/RetailSense/.venv/lib/python3.12/site-packages/airflow/example_dags/tutorial_objectstorage.py
[2026-07-17T20:53:46.992+0530] {processor.py:925} INFO - DAG(s) 'tutorial_objectstorage' retrieved from /Users/bhavishyachallagolla/Desktop/RetailSense/.venv/lib/python3.12/site-packages/airflow/example_dags/tutorial_objectstorage.py
[2026-07-17T20:53:47.016+0530] {logging_mixin.py:190} INFO - [2026-07-17T20:53:47.016+0530] {dag.py:3239} INFO - Sync 1 DAGs
[2026-07-17T20:53:47.019+0530] {logging_mixin.py:190} INFO - [2026-07-17T20:53:47.019+0530] {dag.py:4180} INFO - Setting next_dagrun for tutorial_objectstorage to None, run_after=None
[2026-07-17T20:53:47.023+0530] {processor.py:208} INFO - Processing /Users/bhavishyachallagolla/Desktop/RetailSense/.venv/lib/python3.12/site-packages/airflow/example_dags/tutorial_objectstorage.py took 0.044 seconds
[2026-07-17T20:54:38.838+0530] {processor.py:186} INFO - Started process (PID=91520) to work on /Users/bhavishyachallagolla/Desktop/RetailSense/.venv/lib/python3.12/site-packages/airflow/example_dags/tutorial_objectstorage.py
[2026-07-17T20:54:38.839+0530] {processor.py:914} INFO - Processing file /Users/bhavishyachallagolla/Desktop/RetailSense/.venv/lib/python3.12/site-packages/airflow/example_dags/tutorial_objectstorage.py for tasks to queue
[2026-07-17T20:54:38.840+0530] {logging_mixin.py:190} INFO - [2026-07-17T20:54:38.840+0530] {dagbag.py:588} INFO - Filling up the DagBag from /Users/bhavishyachallagolla/Desktop/RetailSense/.venv/lib/python3.12/site-packages/airflow/example_dags/tutorial_objectstorage.py
[2026-07-17T20:54:38.852+0530] {processor.py:925} INFO - DAG(s) 'tutorial_objectstorage' retrieved from /Users/bhavishyachallagolla/Desktop/RetailSense/.venv/lib/python3.12/site-packages/airflow/example_dags/tutorial_objectstorage.py
[2026-07-17T20:54:38.876+0530] {logging_mixin.py:190} INFO - [2026-07-17T20:54:38.876+0530] {dag.py:3239} INFO - Sync 1 DAGs
[2026-07-17T20:54:38.879+0530] {logging_mixin.py:190} INFO - [2026-07-17T20:54:38.879+0530] {dag.py:4180} INFO - Setting next_dagrun for tutorial_objectstorage to None, run_after=None
[2026-07-17T20:54:38.883+0530] {processor.py:208} INFO - Processing /Users/bhavishyachallagolla/Desktop/RetailSense/.venv/lib/python3.12/site-packages/airflow/example_dags/tutorial_objectstorage.py took 0.046 seconds
[2026-07-17T20:55:28.765+0530] {processor.py:186} INFO - Started process (PID=91612) to work on /Users/bhavishyachallagolla/Desktop/RetailSense/.venv/lib/python3.12/site-packages/airflow/example_dags/tutorial_objectstorage.py
[2026-07-17T20:55:28.767+0530] {processor.py:914} INFO - Processing file /Users/bhavishyachallagolla/Desktop/RetailSense/.venv/lib/python3.12/site-packages/airflow/example_dags/tutorial_objectstorage.py for tasks to queue
[2026-07-17T20:55:28.767+0530] {logging_mixin.py:190} INFO - [2026-07-17T20:55:28.767+0530] {dagbag.py:588} INFO - Filling up the DagBag from /Users/bhavishyachallagolla/Desktop/RetailSense/.venv/lib/python3.12/site-packages/airflow/example_dags/tutorial_objectstorage.py
[2026-07-17T20:55:28.779+0530] {processor.py:925} INFO - DAG(s) 'tutorial_objectstorage' retrieved from /Users/bhavishyachallagolla/Desktop/RetailSense/.venv/lib/python3.12/site-packages/airflow/example_dags/tutorial_objectstorage.py
[2026-07-17T20:55:28.803+0530] {logging_mixin.py:190} INFO - [2026-07-17T20:55:28.803+0530] {dag.py:3239} INFO - Sync 1 DAGs
[2026-07-17T20:55:28.806+0530] {logging_mixin.py:190} INFO - [2026-07-17T20:55:28.806+0530] {dag.py:4180} INFO - Setting next_dagrun for tutorial_objectstorage to None, run_after=None
[2026-07-17T20:55:28.810+0530] {processor.py:208} INFO - Processing /Users/bhavishyachallagolla/Desktop/RetailSense/.venv/lib/python3.12/site-packages/airflow/example_dags/tutorial_objectstorage.py took 0.046 seconds
[2026-07-17T20:56:18.626+0530] {processor.py:186} INFO - Started process (PID=91684) to work on /Users/bhavishyachallagolla/Desktop/RetailSense/.venv/lib/python3.12/site-packages/airflow/example_dags/tutorial_objectstorage.py
[2026-07-17T20:56:18.627+0530] {processor.py:914} INFO - Processing file /Users/bhavishyachallagolla/Desktop/RetailSense/.venv/lib/python3.12/site-packages/airflow/example_dags/tutorial_objectstorage.py for tasks to queue
[2026-07-17T20:56:18.627+0530] {logging_mixin.py:190} INFO - [2026-07-17T20:56:18.627+0530] {dagbag.py:588} INFO - Filling up the DagBag from /Users/bhavishyachallagolla/Desktop/RetailSense/.venv/lib/python3.12/site-packages/airflow/example_dags/tutorial_objectstorage.py
[2026-07-17T20:56:18.639+0530] {processor.py:925} INFO - DAG(s) 'tutorial_objectstorage' retrieved from /Users/bhavishyachallagolla/Desktop/RetailSense/.venv/lib/python3.12/site-packages/airflow/example_dags/tutorial_objectstorage.py
[2026-07-17T20:56:18.662+0530] {logging_mixin.py:190} INFO - [2026-07-17T20:56:18.662+0530] {dag.py:3239} INFO - Sync 1 DAGs
[2026-07-17T20:56:18.665+0530] {logging_mixin.py:190} INFO - [2026-07-17T20:56:18.665+0530] {dag.py:4180} INFO - Setting next_dagrun for tutorial_objectstorage to None, run_after=None
[2026-07-17T20:56:18.669+0530] {processor.py:208} INFO - Processing /Users/bhavishyachallagolla/Desktop/RetailSense/.venv/lib/python3.12/site-packages/airflow/example_dags/tutorial_objectstorage.py took 0.045 seconds
[2026-07-17T20:57:09.031+0530] {processor.py:186} INFO - Started process (PID=91759) to work on /Users/bhavishyachallagolla/Desktop/RetailSense/.venv/lib/python3.12/site-packages/airflow/example_dags/tutorial_objectstorage.py
[2026-07-17T20:57:09.031+0530] {processor.py:914} INFO - Processing file /Users/bhavishyachallagolla/Desktop/RetailSense/.venv/lib/python3.12/site-packages/airflow/example_dags/tutorial_objectstorage.py for tasks to queue
[2026-07-17T20:57:09.031+0530] {logging_mixin.py:190} INFO - [2026-07-17T20:57:09.031+0530] {dagbag.py:588} INFO - Filling up the DagBag from /Users/bhavishyachallagolla/Desktop/RetailSense/.venv/lib/python3.12/site-packages/airflow/example_dags/tutorial_objectstorage.py
[2026-07-17T20:57:09.043+0530] {processor.py:925} INFO - DAG(s) 'tutorial_objectstorage' retrieved from /Users/bhavishyachallagolla/Desktop/RetailSense/.venv/lib/python3.12/site-packages/airflow/example_dags/tutorial_objectstorage.py
[2026-07-17T20:57:09.067+0530] {logging_mixin.py:190} INFO - [2026-07-17T20:57:09.067+0530] {dag.py:3239} INFO - Sync 1 DAGs
[2026-07-17T20:57:09.070+0530] {logging_mixin.py:190} INFO - [2026-07-17T20:57:09.070+0530] {dag.py:4180} INFO - Setting next_dagrun for tutorial_objectstorage to None, run_after=None
[2026-07-17T20:57:09.074+0530] {processor.py:208} INFO - Processing /Users/bhavishyachallagolla/Desktop/RetailSense/.venv/lib/python3.12/site-packages/airflow/example_dags/tutorial_objectstorage.py took 0.045 seconds
[2026-07-17T20:57:57.941+0530] {processor.py:186} INFO - Started process (PID=91831) to work on /Users/bhavishyachallagolla/Desktop/RetailSense/.venv/lib/python3.12/site-packages/airflow/example_dags/tutorial_objectstorage.py
[2026-07-17T20:57:57.942+0530] {processor.py:914} INFO - Processing file /Users/bhavishyachallagolla/Desktop/RetailSense/.venv/lib/python3.12/site-packages/airflow/example_dags/tutorial_objectstorage.py for tasks to queue
[2026-07-17T20:57:57.942+0530] {logging_mixin.py:190} INFO - [2026-07-17T20:57:57.942+0530] {dagbag.py:588} INFO - Filling up the DagBag from /Users/bhavishyachallagolla/Desktop/RetailSense/.venv/lib/python3.12/site-packages/airflow/example_dags/tutorial_objectstorage.py
[2026-07-17T20:57:57.955+0530] {processor.py:925} INFO - DAG(s) 'tutorial_objectstorage' retrieved from /Users/bhavishyachallagolla/Desktop/RetailSense/.venv/lib/python3.12/site-packages/airflow/example_dags/tutorial_objectstorage.py
[2026-07-17T20:57:57.979+0530] {logging_mixin.py:190} INFO - [2026-07-17T20:57:57.979+0530] {dag.py:3239} INFO - Sync 1 DAGs
[2026-07-17T20:57:57.982+0530] {logging_mixin.py:190} INFO - [2026-07-17T20:57:57.982+0530] {dag.py:4180} INFO - Setting next_dagrun for tutorial_objectstorage to None, run_after=None
[2026-07-17T20:57:57.986+0530] {processor.py:208} INFO - Processing /Users/bhavishyachallagolla/Desktop/RetailSense/.venv/lib/python3.12/site-packages/airflow/example_dags/tutorial_objectstorage.py took 0.046 seconds
[2026-07-17T20:58:47.195+0530] {processor.py:186} INFO - Started process (PID=91903) to work on /Users/bhavishyachallagolla/Desktop/RetailSense/.venv/lib/python3.12/site-packages/airflow/example_dags/tutorial_objectstorage.py
[2026-07-17T20:58:47.196+0530] {processor.py:914} INFO - Processing file /Users/bhavishyachallagolla/Desktop/RetailSense/.venv/lib/python3.12/site-packages/airflow/example_dags/tutorial_objectstorage.py for tasks to queue
[2026-07-17T20:58:47.196+0530] {logging_mixin.py:190} INFO - [2026-07-17T20:58:47.196+0530] {dagbag.py:588} INFO - Filling up the DagBag from /Users/bhavishyachallagolla/Desktop/RetailSense/.venv/lib/python3.12/site-packages/airflow/example_dags/tutorial_objectstorage.py
[2026-07-17T20:58:47.208+0530] {processor.py:925} INFO - DAG(s) 'tutorial_objectstorage' retrieved from /Users/bhavishyachallagolla/Desktop/RetailSense/.venv/lib/python3.12/site-packages/airflow/example_dags/tutorial_objectstorage.py
[2026-07-17T20:58:47.232+0530] {logging_mixin.py:190} INFO - [2026-07-17T20:58:47.231+0530] {dag.py:3239} INFO - Sync 1 DAGs
[2026-07-17T20:58:47.234+0530] {logging_mixin.py:190} INFO - [2026-07-17T20:58:47.234+0530] {dag.py:4180} INFO - Setting next_dagrun for tutorial_objectstorage to None, run_after=None
[2026-07-17T20:58:47.239+0530] {processor.py:208} INFO - Processing /Users/bhavishyachallagolla/Desktop/RetailSense/.venv/lib/python3.12/site-packages/airflow/example_dags/tutorial_objectstorage.py took 0.045 seconds
[2026-07-17T20:59:37.912+0530] {processor.py:186} INFO - Started process (PID=91979) to work on /Users/bhavishyachallagolla/Desktop/RetailSense/.venv/lib/python3.12/site-packages/airflow/example_dags/tutorial_objectstorage.py
[2026-07-17T20:59:37.912+0530] {processor.py:914} INFO - Processing file /Users/bhavishyachallagolla/Desktop/RetailSense/.venv/lib/python3.12/site-packages/airflow/example_dags/tutorial_objectstorage.py for tasks to queue
[2026-07-17T20:59:37.912+0530] {logging_mixin.py:190} INFO - [2026-07-17T20:59:37.912+0530] {dagbag.py:588} INFO - Filling up the DagBag from /Users/bhavishyachallagolla/Desktop/RetailSense/.venv/lib/python3.12/site-packages/airflow/example_dags/tutorial_objectstorage.py
[2026-07-17T20:59:37.924+0530] {processor.py:925} INFO - DAG(s) 'tutorial_objectstorage' retrieved from /Users/bhavishyachallagolla/Desktop/RetailSense/.venv/lib/python3.12/site-packages/airflow/example_dags/tutorial_objectstorage.py
[2026-07-17T20:59:37.948+0530] {logging_mixin.py:190} INFO - [2026-07-17T20:59:37.948+0530] {dag.py:3239} INFO - Sync 1 DAGs
[2026-07-17T20:59:37.951+0530] {logging_mixin.py:190} INFO - [2026-07-17T20:59:37.951+0530] {dag.py:4180} INFO - Setting next_dagrun for tutorial_objectstorage to None, run_after=None
[2026-07-17T20:59:37.955+0530] {processor.py:208} INFO - Processing /Users/bhavishyachallagolla/Desktop/RetailSense/.venv/lib/python3.12/site-packages/airflow/example_dags/tutorial_objectstorage.py took 0.045 seconds
[2026-07-17T22:22:15.711+0530] {processor.py:186} INFO - Started process (PID=92063) to work on /Users/bhavishyachallagolla/Desktop/RetailSense/.venv/lib/python3.12/site-packages/airflow/example_dags/tutorial_objectstorage.py
[2026-07-17T22:22:15.711+0530] {processor.py:914} INFO - Processing file /Users/bhavishyachallagolla/Desktop/RetailSense/.venv/lib/python3.12/site-packages/airflow/example_dags/tutorial_objectstorage.py for tasks to queue
[2026-07-17T22:22:15.712+0530] {logging_mixin.py:190} INFO - [2026-07-17T22:22:15.712+0530] {dagbag.py:588} INFO - Filling up the DagBag from /Users/bhavishyachallagolla/Desktop/RetailSense/.venv/lib/python3.12/site-packages/airflow/example_dags/tutorial_objectstorage.py
[2026-07-17T22:22:15.723+0530] {processor.py:925} INFO - DAG(s) 'tutorial_objectstorage' retrieved from /Users/bhavishyachallagolla/Desktop/RetailSense/.venv/lib/python3.12/site-packages/airflow/example_dags/tutorial_objectstorage.py
[2026-07-17T22:22:15.746+0530] {logging_mixin.py:190} INFO - [2026-07-17T22:22:15.746+0530] {dag.py:3239} INFO - Sync 1 DAGs
[2026-07-17T22:22:15.749+0530] {logging_mixin.py:190} INFO - [2026-07-17T22:22:15.749+0530] {dag.py:4180} INFO - Setting next_dagrun for tutorial_objectstorage to None, run_after=None
[2026-07-17T22:22:15.755+0530] {processor.py:208} INFO - Processing /Users/bhavishyachallagolla/Desktop/RetailSense/.venv/lib/python3.12/site-packages/airflow/example_dags/tutorial_objectstorage.py took 0.045 seconds
[2026-07-17T22:23:35.277+0530] {processor.py:186} INFO - Started process (PID=92205) to work on /Users/bhavishyachallagolla/Desktop/RetailSense/.venv/lib/python3.12/site-packages/airflow/example_dags/tutorial_objectstorage.py
[2026-07-17T22:23:35.278+0530] {processor.py:914} INFO - Processing file /Users/bhavishyachallagolla/Desktop/RetailSense/.venv/lib/python3.12/site-packages/airflow/example_dags/tutorial_objectstorage.py for tasks to queue
[2026-07-17T22:23:35.278+0530] {logging_mixin.py:190} INFO - [2026-07-17T22:23:35.278+0530] {dagbag.py:588} INFO - Filling up the DagBag from /Users/bhavishyachallagolla/Desktop/RetailSense/.venv/lib/python3.12/site-packages/airflow/example_dags/tutorial_objectstorage.py
[2026-07-17T22:23:35.290+0530] {processor.py:925} INFO - DAG(s) 'tutorial_objectstorage' retrieved from /Users/bhavishyachallagolla/Desktop/RetailSense/.venv/lib/python3.12/site-packages/airflow/example_dags/tutorial_objectstorage.py
[2026-07-17T22:23:35.312+0530] {logging_mixin.py:190} INFO - [2026-07-17T22:23:35.312+0530] {dag.py:3239} INFO - Sync 1 DAGs
[2026-07-17T22:23:35.315+0530] {logging_mixin.py:190} INFO - [2026-07-17T22:23:35.315+0530] {dag.py:4180} INFO - Setting next_dagrun for tutorial_objectstorage to None, run_after=None
[2026-07-17T22:23:35.319+0530] {processor.py:208} INFO - Processing /Users/bhavishyachallagolla/Desktop/RetailSense/.venv/lib/python3.12/site-packages/airflow/example_dags/tutorial_objectstorage.py took 0.043 seconds
[2026-07-17T22:24:25.340+0530] {processor.py:186} INFO - Started process (PID=92283) to work on /Users/bhavishyachallagolla/Desktop/RetailSense/.venv/lib/python3.12/site-packages/airflow/example_dags/tutorial_objectstorage.py
[2026-07-17T22:24:25.341+0530] {processor.py:914} INFO - Processing file /Users/bhavishyachallagolla/Desktop/RetailSense/.venv/lib/python3.12/site-packages/airflow/example_dags/tutorial_objectstorage.py for tasks to queue
[2026-07-17T22:24:25.341+0530] {logging_mixin.py:190} INFO - [2026-07-17T22:24:25.341+0530] {dagbag.py:588} INFO - Filling up the DagBag from /Users/bhavishyachallagolla/Desktop/RetailSense/.venv/lib/python3.12/site-packages/airflow/example_dags/tutorial_objectstorage.py
[2026-07-17T22:24:25.353+0530] {processor.py:925} INFO - DAG(s) 'tutorial_objectstorage' retrieved from /Users/bhavishyachallagolla/Desktop/RetailSense/.venv/lib/python3.12/site-packages/airflow/example_dags/tutorial_objectstorage.py
[2026-07-17T22:24:25.377+0530] {logging_mixin.py:190} INFO - [2026-07-17T22:24:25.377+0530] {dag.py:3239} INFO - Sync 1 DAGs
[2026-07-17T22:24:25.380+0530] {logging_mixin.py:190} INFO - [2026-07-17T22:24:25.380+0530] {dag.py:4180} INFO - Setting next_dagrun for tutorial_objectstorage to None, run_after=None
[2026-07-17T22:24:25.384+0530] {processor.py:208} INFO - Processing /Users/bhavishyachallagolla/Desktop/RetailSense/.venv/lib/python3.12/site-packages/airflow/example_dags/tutorial_objectstorage.py took 0.045 seconds
[2026-07-17T22:25:14.090+0530] {processor.py:186} INFO - Started process (PID=92357) to work on /Users/bhavishyachallagolla/Desktop/RetailSense/.venv/lib/python3.12/site-packages/airflow/example_dags/tutorial_objectstorage.py
[2026-07-17T22:25:14.090+0530] {processor.py:914} INFO - Processing file /Users/bhavishyachallagolla/Desktop/RetailSense/.venv/lib/python3.12/site-packages/airflow/example_dags/tutorial_objectstorage.py for tasks to queue
[2026-07-17T22:25:14.091+0530] {logging_mixin.py:190} INFO - [2026-07-17T22:25:14.091+0530] {dagbag.py:588} INFO - Filling up the DagBag from /Users/bhavishyachallagolla/Desktop/RetailSense/.venv/lib/python3.12/site-packages/airflow/example_dags/tutorial_objectstorage.py
[2026-07-17T22:25:14.102+0530] {processor.py:925} INFO - DAG(s) 'tutorial_objectstorage' retrieved from /Users/bhavishyachallagolla/Desktop/RetailSense/.venv/lib/python3.12/site-packages/airflow/example_dags/tutorial_objectstorage.py
[2026-07-17T22:25:14.126+0530] {logging_mixin.py:190} INFO - [2026-07-17T22:25:14.126+0530] {dag.py:3239} INFO - Sync 1 DAGs
[2026-07-17T22:25:14.129+0530] {logging_mixin.py:190} INFO - [2026-07-17T22:25:14.129+0530] {dag.py:4180} INFO - Setting next_dagrun for tutorial_objectstorage to None, run_after=None
[2026-07-17T22:25:14.134+0530] {processor.py:208} INFO - Processing /Users/bhavishyachallagolla/Desktop/RetailSense/.venv/lib/python3.12/site-packages/airflow/example_dags/tutorial_objectstorage.py took 0.045 seconds
[2026-07-17T22:26:03.843+0530] {processor.py:186} INFO - Started process (PID=92433) to work on /Users/bhavishyachallagolla/Desktop/RetailSense/.venv/lib/python3.12/site-packages/airflow/example_dags/tutorial_objectstorage.py
[2026-07-17T22:26:03.843+0530] {processor.py:914} INFO - Processing file /Users/bhavishyachallagolla/Desktop/RetailSense/.venv/lib/python3.12/site-packages/airflow/example_dags/tutorial_objectstorage.py for tasks to queue
[2026-07-17T22:26:03.844+0530] {logging_mixin.py:190} INFO - [2026-07-17T22:26:03.843+0530] {dagbag.py:588} INFO - Filling up the DagBag from /Users/bhavishyachallagolla/Desktop/RetailSense/.venv/lib/python3.12/site-packages/airflow/example_dags/tutorial_objectstorage.py
[2026-07-17T22:26:03.855+0530] {processor.py:925} INFO - DAG(s) 'tutorial_objectstorage' retrieved from /Users/bhavishyachallagolla/Desktop/RetailSense/.venv/lib/python3.12/site-packages/airflow/example_dags/tutorial_objectstorage.py
[2026-07-17T22:26:03.879+0530] {logging_mixin.py:190} INFO - [2026-07-17T22:26:03.878+0530] {dag.py:3239} INFO - Sync 1 DAGs
[2026-07-17T22:26:03.881+0530] {logging_mixin.py:190} INFO - [2026-07-17T22:26:03.881+0530] {dag.py:4180} INFO - Setting next_dagrun for tutorial_objectstorage to None, run_after=None
[2026-07-17T22:26:03.886+0530] {processor.py:208} INFO - Processing /Users/bhavishyachallagolla/Desktop/RetailSense/.venv/lib/python3.12/site-packages/airflow/example_dags/tutorial_objectstorage.py took 0.044 seconds
[2026-07-17T22:26:55.041+0530] {processor.py:186} INFO - Started process (PID=92507) to work on /Users/bhavishyachallagolla/Desktop/RetailSense/.venv/lib/python3.12/site-packages/airflow/example_dags/tutorial_objectstorage.py
[2026-07-17T22:26:55.041+0530] {processor.py:914} INFO - Processing file /Users/bhavishyachallagolla/Desktop/RetailSense/.venv/lib/python3.12/site-packages/airflow/example_dags/tutorial_objectstorage.py for tasks to queue
[2026-07-17T22:26:55.042+0530] {logging_mixin.py:190} INFO - [2026-07-17T22:26:55.042+0530] {dagbag.py:588} INFO - Filling up the DagBag from /Users/bhavishyachallagolla/Desktop/RetailSense/.venv/lib/python3.12/site-packages/airflow/example_dags/tutorial_objectstorage.py
[2026-07-17T22:26:55.053+0530] {processor.py:925} INFO - DAG(s) 'tutorial_objectstorage' retrieved from /Users/bhavishyachallagolla/Desktop/RetailSense/.venv/lib/python3.12/site-packages/airflow/example_dags/tutorial_objectstorage.py
[2026-07-17T22:26:55.076+0530] {logging_mixin.py:190} INFO - [2026-07-17T22:26:55.076+0530] {dag.py:3239} INFO - Sync 1 DAGs
[2026-07-17T22:26:55.079+0530] {logging_mixin.py:190} INFO - [2026-07-17T22:26:55.079+0530] {dag.py:4180} INFO - Setting next_dagrun for tutorial_objectstorage to None, run_after=None
[2026-07-17T22:26:55.083+0530] {processor.py:208} INFO - Processing /Users/bhavishyachallagolla/Desktop/RetailSense/.venv/lib/python3.12/site-packages/airflow/example_dags/tutorial_objectstorage.py took 0.043 seconds
[2026-07-17T22:27:45.507+0530] {processor.py:186} INFO - Started process (PID=92583) to work on /Users/bhavishyachallagolla/Desktop/RetailSense/.venv/lib/python3.12/site-packages/airflow/example_dags/tutorial_objectstorage.py
[2026-07-17T22:27:45.508+0530] {processor.py:914} INFO - Processing file /Users/bhavishyachallagolla/Desktop/RetailSense/.venv/lib/python3.12/site-packages/airflow/example_dags/tutorial_objectstorage.py for tasks to queue
[2026-07-17T22:27:45.508+0530] {logging_mixin.py:190} INFO - [2026-07-17T22:27:45.508+0530] {dagbag.py:588} INFO - Filling up the DagBag from /Users/bhavishyachallagolla/Desktop/RetailSense/.venv/lib/python3.12/site-packages/airflow/example_dags/tutorial_objectstorage.py
[2026-07-17T22:27:45.521+0530] {processor.py:925} INFO - DAG(s) 'tutorial_objectstorage' retrieved from /Users/bhavishyachallagolla/Desktop/RetailSense/.venv/lib/python3.12/site-packages/airflow/example_dags/tutorial_objectstorage.py
[2026-07-17T22:27:45.545+0530] {logging_mixin.py:190} INFO - [2026-07-17T22:27:45.545+0530] {dag.py:3239} INFO - Sync 1 DAGs
[2026-07-17T22:27:45.548+0530] {logging_mixin.py:190} INFO - [2026-07-17T22:27:45.548+0530] {dag.py:4180} INFO - Setting next_dagrun for tutorial_objectstorage to None, run_after=None
[2026-07-17T22:27:45.552+0530] {processor.py:208} INFO - Processing /Users/bhavishyachallagolla/Desktop/RetailSense/.venv/lib/python3.12/site-packages/airflow/example_dags/tutorial_objectstorage.py took 0.046 seconds
[2026-07-17T22:28:36.023+0530] {processor.py:186} INFO - Started process (PID=92657) to work on /Users/bhavishyachallagolla/Desktop/RetailSense/.venv/lib/python3.12/site-packages/airflow/example_dags/tutorial_objectstorage.py
[2026-07-17T22:28:36.024+0530] {processor.py:914} INFO - Processing file /Users/bhavishyachallagolla/Desktop/RetailSense/.venv/lib/python3.12/site-packages/airflow/example_dags/tutorial_objectstorage.py for tasks to queue
[2026-07-17T22:28:36.024+0530] {logging_mixin.py:190} INFO - [2026-07-17T22:28:36.024+0530] {dagbag.py:588} INFO - Filling up the DagBag from /Users/bhavishyachallagolla/Desktop/RetailSense/.venv/lib/python3.12/site-packages/airflow/example_dags/tutorial_objectstorage.py
[2026-07-17T22:28:36.037+0530] {processor.py:925} INFO - DAG(s) 'tutorial_objectstorage' retrieved from /Users/bhavishyachallagolla/Desktop/RetailSense/.venv/lib/python3.12/site-packages/airflow/example_dags/tutorial_objectstorage.py
[2026-07-17T22:28:36.062+0530] {logging_mixin.py:190} INFO - [2026-07-17T22:28:36.062+0530] {dag.py:3239} INFO - Sync 1 DAGs
[2026-07-17T22:28:36.065+0530] {logging_mixin.py:190} INFO - [2026-07-17T22:28:36.065+0530] {dag.py:4180} INFO - Setting next_dagrun for tutorial_objectstorage to None, run_after=None
[2026-07-17T22:28:36.071+0530] {processor.py:208} INFO - Processing /Users/bhavishyachallagolla/Desktop/RetailSense/.venv/lib/python3.12/site-packages/airflow/example_dags/tutorial_objectstorage.py took 0.049 seconds
[2026-07-17T22:29:24.183+0530] {processor.py:186} INFO - Started process (PID=92733) to work on /Users/bhavishyachallagolla/Desktop/RetailSense/.venv/lib/python3.12/site-packages/airflow/example_dags/tutorial_objectstorage.py
[2026-07-17T22:29:24.184+0530] {processor.py:914} INFO - Processing file /Users/bhavishyachallagolla/Desktop/RetailSense/.venv/lib/python3.12/site-packages/airflow/example_dags/tutorial_objectstorage.py for tasks to queue
[2026-07-17T22:29:24.185+0530] {logging_mixin.py:190} INFO - [2026-07-17T22:29:24.184+0530] {dagbag.py:588} INFO - Filling up the DagBag from /Users/bhavishyachallagolla/Desktop/RetailSense/.venv/lib/python3.12/site-packages/airflow/example_dags/tutorial_objectstorage.py
[2026-07-17T22:29:24.196+0530] {processor.py:925} INFO - DAG(s) 'tutorial_objectstorage' retrieved from /Users/bhavishyachallagolla/Desktop/RetailSense/.venv/lib/python3.12/site-packages/airflow/example_dags/tutorial_objectstorage.py
[2026-07-17T22:29:24.220+0530] {logging_mixin.py:190} INFO - [2026-07-17T22:29:24.220+0530] {dag.py:3239} INFO - Sync 1 DAGs
[2026-07-17T22:29:24.223+0530] {logging_mixin.py:190} INFO - [2026-07-17T22:29:24.223+0530] {dag.py:4180} INFO - Setting next_dagrun for tutorial_objectstorage to None, run_after=None
[2026-07-17T22:29:24.228+0530] {processor.py:208} INFO - Processing /Users/bhavishyachallagolla/Desktop/RetailSense/.venv/lib/python3.12/site-packages/airflow/example_dags/tutorial_objectstorage.py took 0.045 seconds
[2026-07-17T22:30:12.362+0530] {processor.py:186} INFO - Started process (PID=92805) to work on /Users/bhavishyachallagolla/Desktop/RetailSense/.venv/lib/python3.12/site-packages/airflow/example_dags/tutorial_objectstorage.py
[2026-07-17T22:30:12.363+0530] {processor.py:914} INFO - Processing file /Users/bhavishyachallagolla/Desktop/RetailSense/.venv/lib/python3.12/site-packages/airflow/example_dags/tutorial_objectstorage.py for tasks to queue
[2026-07-17T22:30:12.363+0530] {logging_mixin.py:190} INFO - [2026-07-17T22:30:12.363+0530] {dagbag.py:588} INFO - Filling up the DagBag from /Users/bhavishyachallagolla/Desktop/RetailSense/.venv/lib/python3.12/site-packages/airflow/example_dags/tutorial_objectstorage.py
[2026-07-17T22:30:12.376+0530] {processor.py:925} INFO - DAG(s) 'tutorial_objectstorage' retrieved from /Users/bhavishyachallagolla/Desktop/RetailSense/.venv/lib/python3.12/site-packages/airflow/example_dags/tutorial_objectstorage.py
[2026-07-17T22:30:12.401+0530] {logging_mixin.py:190} INFO - [2026-07-17T22:30:12.400+0530] {dag.py:3239} INFO - Sync 1 DAGs
[2026-07-17T22:30:12.403+0530] {logging_mixin.py:190} INFO - [2026-07-17T22:30:12.403+0530] {dag.py:4180} INFO - Setting next_dagrun for tutorial_objectstorage to None, run_after=None
[2026-07-17T22:30:12.408+0530] {processor.py:208} INFO - Processing /Users/bhavishyachallagolla/Desktop/RetailSense/.venv/lib/python3.12/site-packages/airflow/example_dags/tutorial_objectstorage.py took 0.047 seconds
[2026-07-17T22:31:02.610+0530] {processor.py:186} INFO - Started process (PID=92882) to work on /Users/bhavishyachallagolla/Desktop/RetailSense/.venv/lib/python3.12/site-packages/airflow/example_dags/tutorial_objectstorage.py
[2026-07-17T22:31:02.611+0530] {processor.py:914} INFO - Processing file /Users/bhavishyachallagolla/Desktop/RetailSense/.venv/lib/python3.12/site-packages/airflow/example_dags/tutorial_objectstorage.py for tasks to queue
[2026-07-17T22:31:02.611+0530] {logging_mixin.py:190} INFO - [2026-07-17T22:31:02.611+0530] {dagbag.py:588} INFO - Filling up the DagBag from /Users/bhavishyachallagolla/Desktop/RetailSense/.venv/lib/python3.12/site-packages/airflow/example_dags/tutorial_objectstorage.py
[2026-07-17T22:31:02.624+0530] {processor.py:925} INFO - DAG(s) 'tutorial_objectstorage' retrieved from /Users/bhavishyachallagolla/Desktop/RetailSense/.venv/lib/python3.12/site-packages/airflow/example_dags/tutorial_objectstorage.py
[2026-07-17T22:31:02.649+0530] {logging_mixin.py:190} INFO - [2026-07-17T22:31:02.649+0530] {dag.py:3239} INFO - Sync 1 DAGs
[2026-07-17T22:31:02.652+0530] {logging_mixin.py:190} INFO - [2026-07-17T22:31:02.652+0530] {dag.py:4180} INFO - Setting next_dagrun for tutorial_objectstorage to None, run_after=None
[2026-07-17T22:31:02.657+0530] {processor.py:208} INFO - Processing /Users/bhavishyachallagolla/Desktop/RetailSense/.venv/lib/python3.12/site-packages/airflow/example_dags/tutorial_objectstorage.py took 0.048 seconds
[2026-07-17T22:31:54.441+0530] {processor.py:186} INFO - Started process (PID=92966) to work on /Users/bhavishyachallagolla/Desktop/RetailSense/.venv/lib/python3.12/site-packages/airflow/example_dags/tutorial_objectstorage.py
[2026-07-17T22:31:54.442+0530] {processor.py:914} INFO - Processing file /Users/bhavishyachallagolla/Desktop/RetailSense/.venv/lib/python3.12/site-packages/airflow/example_dags/tutorial_objectstorage.py for tasks to queue
[2026-07-17T22:31:54.442+0530] {logging_mixin.py:190} INFO - [2026-07-17T22:31:54.442+0530] {dagbag.py:588} INFO - Filling up the DagBag from /Users/bhavishyachallagolla/Desktop/RetailSense/.venv/lib/python3.12/site-packages/airflow/example_dags/tutorial_objectstorage.py
[2026-07-17T22:31:54.455+0530] {processor.py:925} INFO - DAG(s) 'tutorial_objectstorage' retrieved from /Users/bhavishyachallagolla/Desktop/RetailSense/.venv/lib/python3.12/site-packages/airflow/example_dags/tutorial_objectstorage.py
[2026-07-17T22:31:54.480+0530] {logging_mixin.py:190} INFO - [2026-07-17T22:31:54.479+0530] {dag.py:3239} INFO - Sync 1 DAGs
[2026-07-17T22:31:54.483+0530] {logging_mixin.py:190} INFO - [2026-07-17T22:31:54.483+0530] {dag.py:4180} INFO - Setting next_dagrun for tutorial_objectstorage to None, run_after=None
[2026-07-17T22:31:54.488+0530] {processor.py:208} INFO - Processing /Users/bhavishyachallagolla/Desktop/RetailSense/.venv/lib/python3.12/site-packages/airflow/example_dags/tutorial_objectstorage.py took 0.048 seconds
[2026-07-17T22:32:45.023+0530] {processor.py:186} INFO - Started process (PID=93042) to work on /Users/bhavishyachallagolla/Desktop/RetailSense/.venv/lib/python3.12/site-packages/airflow/example_dags/tutorial_objectstorage.py
[2026-07-17T22:32:45.023+0530] {processor.py:914} INFO - Processing file /Users/bhavishyachallagolla/Desktop/RetailSense/.venv/lib/python3.12/site-packages/airflow/example_dags/tutorial_objectstorage.py for tasks to queue
[2026-07-17T22:32:45.023+0530] {logging_mixin.py:190} INFO - [2026-07-17T22:32:45.023+0530] {dagbag.py:588} INFO - Filling up the DagBag from /Users/bhavishyachallagolla/Desktop/RetailSense/.venv/lib/python3.12/site-packages/airflow/example_dags/tutorial_objectstorage.py
[2026-07-17T22:32:45.035+0530] {processor.py:925} INFO - DAG(s) 'tutorial_objectstorage' retrieved from /Users/bhavishyachallagolla/Desktop/RetailSense/.venv/lib/python3.12/site-packages/airflow/example_dags/tutorial_objectstorage.py
[2026-07-17T22:32:45.059+0530] {logging_mixin.py:190} INFO - [2026-07-17T22:32:45.059+0530] {dag.py:3239} INFO - Sync 1 DAGs
[2026-07-17T22:32:45.062+0530] {logging_mixin.py:190} INFO - [2026-07-17T22:32:45.062+0530] {dag.py:4180} INFO - Setting next_dagrun for tutorial_objectstorage to None, run_after=None
[2026-07-17T22:32:45.067+0530] {processor.py:208} INFO - Processing /Users/bhavishyachallagolla/Desktop/RetailSense/.venv/lib/python3.12/site-packages/airflow/example_dags/tutorial_objectstorage.py took 0.045 seconds
[2026-07-17T22:33:33.873+0530] {processor.py:186} INFO - Started process (PID=93115) to work on /Users/bhavishyachallagolla/Desktop/RetailSense/.venv/lib/python3.12/site-packages/airflow/example_dags/tutorial_objectstorage.py
[2026-07-17T22:33:33.873+0530] {processor.py:914} INFO - Processing file /Users/bhavishyachallagolla/Desktop/RetailSense/.venv/lib/python3.12/site-packages/airflow/example_dags/tutorial_objectstorage.py for tasks to queue
[2026-07-17T22:33:33.874+0530] {logging_mixin.py:190} INFO - [2026-07-17T22:33:33.874+0530] {dagbag.py:588} INFO - Filling up the DagBag from /Users/bhavishyachallagolla/Desktop/RetailSense/.venv/lib/python3.12/site-packages/airflow/example_dags/tutorial_objectstorage.py
[2026-07-17T22:33:33.885+0530] {processor.py:925} INFO - DAG(s) 'tutorial_objectstorage' retrieved from /Users/bhavishyachallagolla/Desktop/RetailSense/.venv/lib/python3.12/site-packages/airflow/example_dags/tutorial_objectstorage.py
[2026-07-17T22:33:33.909+0530] {logging_mixin.py:190} INFO - [2026-07-17T22:33:33.909+0530] {dag.py:3239} INFO - Sync 1 DAGs
[2026-07-17T22:33:33.912+0530] {logging_mixin.py:190} INFO - [2026-07-17T22:33:33.912+0530] {dag.py:4180} INFO - Setting next_dagrun for tutorial_objectstorage to None, run_after=None
[2026-07-17T22:33:33.916+0530] {processor.py:208} INFO - Processing /Users/bhavishyachallagolla/Desktop/RetailSense/.venv/lib/python3.12/site-packages/airflow/example_dags/tutorial_objectstorage.py took 0.044 seconds
[2026-07-17T22:34:23.399+0530] {processor.py:186} INFO - Started process (PID=93188) to work on /Users/bhavishyachallagolla/Desktop/RetailSense/.venv/lib/python3.12/site-packages/airflow/example_dags/tutorial_objectstorage.py
[2026-07-17T22:34:23.400+0530] {processor.py:914} INFO - Processing file /Users/bhavishyachallagolla/Desktop/RetailSense/.venv/lib/python3.12/site-packages/airflow/example_dags/tutorial_objectstorage.py for tasks to queue
[2026-07-17T22:34:23.401+0530] {logging_mixin.py:190} INFO - [2026-07-17T22:34:23.401+0530] {dagbag.py:588} INFO - Filling up the DagBag from /Users/bhavishyachallagolla/Desktop/RetailSense/.venv/lib/python3.12/site-packages/airflow/example_dags/tutorial_objectstorage.py
[2026-07-17T22:34:23.414+0530] {processor.py:925} INFO - DAG(s) 'tutorial_objectstorage' retrieved from /Users/bhavishyachallagolla/Desktop/RetailSense/.venv/lib/python3.12/site-packages/airflow/example_dags/tutorial_objectstorage.py
[2026-07-17T22:34:23.439+0530] {logging_mixin.py:190} INFO - [2026-07-17T22:34:23.439+0530] {dag.py:3239} INFO - Sync 1 DAGs
[2026-07-17T22:34:23.442+0530] {logging_mixin.py:190} INFO - [2026-07-17T22:34:23.442+0530] {dag.py:4180} INFO - Setting next_dagrun for tutorial_objectstorage to None, run_after=None
[2026-07-17T22:34:23.447+0530] {processor.py:208} INFO - Processing /Users/bhavishyachallagolla/Desktop/RetailSense/.venv/lib/python3.12/site-packages/airflow/example_dags/tutorial_objectstorage.py took 0.049 seconds
[2026-07-17T22:35:13.887+0530] {processor.py:186} INFO - Started process (PID=93263) to work on /Users/bhavishyachallagolla/Desktop/RetailSense/.venv/lib/python3.12/site-packages/airflow/example_dags/tutorial_objectstorage.py
[2026-07-17T22:35:13.887+0530] {processor.py:914} INFO - Processing file /Users/bhavishyachallagolla/Desktop/RetailSense/.venv/lib/python3.12/site-packages/airflow/example_dags/tutorial_objectstorage.py for tasks to queue
[2026-07-17T22:35:13.888+0530] {logging_mixin.py:190} INFO - [2026-07-17T22:35:13.888+0530] {dagbag.py:588} INFO - Filling up the DagBag from /Users/bhavishyachallagolla/Desktop/RetailSense/.venv/lib/python3.12/site-packages/airflow/example_dags/tutorial_objectstorage.py
[2026-07-17T22:35:13.900+0530] {processor.py:925} INFO - DAG(s) 'tutorial_objectstorage' retrieved from /Users/bhavishyachallagolla/Desktop/RetailSense/.venv/lib/python3.12/site-packages/airflow/example_dags/tutorial_objectstorage.py
[2026-07-17T22:35:13.924+0530] {logging_mixin.py:190} INFO - [2026-07-17T22:35:13.924+0530] {dag.py:3239} INFO - Sync 1 DAGs
[2026-07-17T22:35:13.927+0530] {logging_mixin.py:190} INFO - [2026-07-17T22:35:13.926+0530] {dag.py:4180} INFO - Setting next_dagrun for tutorial_objectstorage to None, run_after=None
[2026-07-17T22:35:13.931+0530] {processor.py:208} INFO - Processing /Users/bhavishyachallagolla/Desktop/RetailSense/.venv/lib/python3.12/site-packages/airflow/example_dags/tutorial_objectstorage.py took 0.045 seconds
[2026-07-17T22:36:04.296+0530] {processor.py:186} INFO - Started process (PID=93339) to work on /Users/bhavishyachallagolla/Desktop/RetailSense/.venv/lib/python3.12/site-packages/airflow/example_dags/tutorial_objectstorage.py
[2026-07-17T22:36:04.297+0530] {processor.py:914} INFO - Processing file /Users/bhavishyachallagolla/Desktop/RetailSense/.venv/lib/python3.12/site-packages/airflow/example_dags/tutorial_objectstorage.py for tasks to queue
[2026-07-17T22:36:04.297+0530] {logging_mixin.py:190} INFO - [2026-07-17T22:36:04.297+0530] {dagbag.py:588} INFO - Filling up the DagBag from /Users/bhavishyachallagolla/Desktop/RetailSense/.venv/lib/python3.12/site-packages/airflow/example_dags/tutorial_objectstorage.py
[2026-07-17T22:36:04.309+0530] {processor.py:925} INFO - DAG(s) 'tutorial_objectstorage' retrieved from /Users/bhavishyachallagolla/Desktop/RetailSense/.venv/lib/python3.12/site-packages/airflow/example_dags/tutorial_objectstorage.py
[2026-07-17T22:36:04.333+0530] {logging_mixin.py:190} INFO - [2026-07-17T22:36:04.333+0530] {dag.py:3239} INFO - Sync 1 DAGs
[2026-07-17T22:36:04.336+0530] {logging_mixin.py:190} INFO - [2026-07-17T22:36:04.336+0530] {dag.py:4180} INFO - Setting next_dagrun for tutorial_objectstorage to None, run_after=None
[2026-07-17T22:36:04.341+0530] {processor.py:208} INFO - Processing /Users/bhavishyachallagolla/Desktop/RetailSense/.venv/lib/python3.12/site-packages/airflow/example_dags/tutorial_objectstorage.py took 0.046 seconds
[2026-07-17T22:36:54.242+0530] {processor.py:186} INFO - Started process (PID=93422) to work on /Users/bhavishyachallagolla/Desktop/RetailSense/.venv/lib/python3.12/site-packages/airflow/example_dags/tutorial_objectstorage.py
[2026-07-17T22:36:54.243+0530] {processor.py:914} INFO - Processing file /Users/bhavishyachallagolla/Desktop/RetailSense/.venv/lib/python3.12/site-packages/airflow/example_dags/tutorial_objectstorage.py for tasks to queue
[2026-07-17T22:36:54.243+0530] {logging_mixin.py:190} INFO - [2026-07-17T22:36:54.243+0530] {dagbag.py:588} INFO - Filling up the DagBag from /Users/bhavishyachallagolla/Desktop/RetailSense/.venv/lib/python3.12/site-packages/airflow/example_dags/tutorial_objectstorage.py
[2026-07-17T22:36:54.255+0530] {processor.py:925} INFO - DAG(s) 'tutorial_objectstorage' retrieved from /Users/bhavishyachallagolla/Desktop/RetailSense/.venv/lib/python3.12/site-packages/airflow/example_dags/tutorial_objectstorage.py
[2026-07-17T22:36:54.278+0530] {logging_mixin.py:190} INFO - [2026-07-17T22:36:54.278+0530] {dag.py:3239} INFO - Sync 1 DAGs
[2026-07-17T22:36:54.281+0530] {logging_mixin.py:190} INFO - [2026-07-17T22:36:54.281+0530] {dag.py:4180} INFO - Setting next_dagrun for tutorial_objectstorage to None, run_after=None
[2026-07-17T22:36:54.285+0530] {processor.py:208} INFO - Processing /Users/bhavishyachallagolla/Desktop/RetailSense/.venv/lib/python3.12/site-packages/airflow/example_dags/tutorial_objectstorage.py took 0.045 seconds
[2026-07-17T22:37:44.586+0530] {processor.py:186} INFO - Started process (PID=93498) to work on /Users/bhavishyachallagolla/Desktop/RetailSense/.venv/lib/python3.12/site-packages/airflow/example_dags/tutorial_objectstorage.py
[2026-07-17T22:37:44.586+0530] {processor.py:914} INFO - Processing file /Users/bhavishyachallagolla/Desktop/RetailSense/.venv/lib/python3.12/site-packages/airflow/example_dags/tutorial_objectstorage.py for tasks to queue
[2026-07-17T22:37:44.587+0530] {logging_mixin.py:190} INFO - [2026-07-17T22:37:44.587+0530] {dagbag.py:588} INFO - Filling up the DagBag from /Users/bhavishyachallagolla/Desktop/RetailSense/.venv/lib/python3.12/site-packages/airflow/example_dags/tutorial_objectstorage.py
[2026-07-17T22:37:44.598+0530] {processor.py:925} INFO - DAG(s) 'tutorial_objectstorage' retrieved from /Users/bhavishyachallagolla/Desktop/RetailSense/.venv/lib/python3.12/site-packages/airflow/example_dags/tutorial_objectstorage.py
[2026-07-17T22:37:44.622+0530] {logging_mixin.py:190} INFO - [2026-07-17T22:37:44.622+0530] {dag.py:3239} INFO - Sync 1 DAGs
[2026-07-17T22:37:44.625+0530] {logging_mixin.py:190} INFO - [2026-07-17T22:37:44.625+0530] {dag.py:4180} INFO - Setting next_dagrun for tutorial_objectstorage to None, run_after=None
[2026-07-17T22:37:44.630+0530] {processor.py:208} INFO - Processing /Users/bhavishyachallagolla/Desktop/RetailSense/.venv/lib/python3.12/site-packages/airflow/example_dags/tutorial_objectstorage.py took 0.045 seconds
[2026-07-17T22:38:35.190+0530] {processor.py:186} INFO - Started process (PID=93573) to work on /Users/bhavishyachallagolla/Desktop/RetailSense/.venv/lib/python3.12/site-packages/airflow/example_dags/tutorial_objectstorage.py
[2026-07-17T22:38:35.190+0530] {processor.py:914} INFO - Processing file /Users/bhavishyachallagolla/Desktop/RetailSense/.venv/lib/python3.12/site-packages/airflow/example_dags/tutorial_objectstorage.py for tasks to queue
[2026-07-17T22:38:35.191+0530] {logging_mixin.py:190} INFO - [2026-07-17T22:38:35.191+0530] {dagbag.py:588} INFO - Filling up the DagBag from /Users/bhavishyachallagolla/Desktop/RetailSense/.venv/lib/python3.12/site-packages/airflow/example_dags/tutorial_objectstorage.py
[2026-07-17T22:38:35.203+0530] {processor.py:925} INFO - DAG(s) 'tutorial_objectstorage' retrieved from /Users/bhavishyachallagolla/Desktop/RetailSense/.venv/lib/python3.12/site-packages/airflow/example_dags/tutorial_objectstorage.py
[2026-07-17T22:38:35.227+0530] {logging_mixin.py:190} INFO - [2026-07-17T22:38:35.226+0530] {dag.py:3239} INFO - Sync 1 DAGs
[2026-07-17T22:38:35.229+0530] {logging_mixin.py:190} INFO - [2026-07-17T22:38:35.229+0530] {dag.py:4180} INFO - Setting next_dagrun for tutorial_objectstorage to None, run_after=None
[2026-07-17T22:38:35.234+0530] {processor.py:208} INFO - Processing /Users/bhavishyachallagolla/Desktop/RetailSense/.venv/lib/python3.12/site-packages/airflow/example_dags/tutorial_objectstorage.py took 0.045 seconds
[2026-07-17T22:39:23.750+0530] {processor.py:186} INFO - Started process (PID=93647) to work on /Users/bhavishyachallagolla/Desktop/RetailSense/.venv/lib/python3.12/site-packages/airflow/example_dags/tutorial_objectstorage.py
[2026-07-17T22:39:23.751+0530] {processor.py:914} INFO - Processing file /Users/bhavishyachallagolla/Desktop/RetailSense/.venv/lib/python3.12/site-packages/airflow/example_dags/tutorial_objectstorage.py for tasks to queue
[2026-07-17T22:39:23.751+0530] {logging_mixin.py:190} INFO - [2026-07-17T22:39:23.751+0530] {dagbag.py:588} INFO - Filling up the DagBag from /Users/bhavishyachallagolla/Desktop/RetailSense/.venv/lib/python3.12/site-packages/airflow/example_dags/tutorial_objectstorage.py
[2026-07-17T22:39:23.763+0530] {processor.py:925} INFO - DAG(s) 'tutorial_objectstorage' retrieved from /Users/bhavishyachallagolla/Desktop/RetailSense/.venv/lib/python3.12/site-packages/airflow/example_dags/tutorial_objectstorage.py
[2026-07-17T22:39:23.787+0530] {logging_mixin.py:190} INFO - [2026-07-17T22:39:23.787+0530] {dag.py:3239} INFO - Sync 1 DAGs
[2026-07-17T22:39:23.789+0530] {logging_mixin.py:190} INFO - [2026-07-17T22:39:23.789+0530] {dag.py:4180} INFO - Setting next_dagrun for tutorial_objectstorage to None, run_after=None
[2026-07-17T22:39:23.794+0530] {processor.py:208} INFO - Processing /Users/bhavishyachallagolla/Desktop/RetailSense/.venv/lib/python3.12/site-packages/airflow/example_dags/tutorial_objectstorage.py took 0.045 seconds
[2026-07-17T22:40:14.533+0530] {processor.py:186} INFO - Started process (PID=93721) to work on /Users/bhavishyachallagolla/Desktop/RetailSense/.venv/lib/python3.12/site-packages/airflow/example_dags/tutorial_objectstorage.py
[2026-07-17T22:40:14.533+0530] {processor.py:914} INFO - Processing file /Users/bhavishyachallagolla/Desktop/RetailSense/.venv/lib/python3.12/site-packages/airflow/example_dags/tutorial_objectstorage.py for tasks to queue
[2026-07-17T22:40:14.534+0530] {logging_mixin.py:190} INFO - [2026-07-17T22:40:14.534+0530] {dagbag.py:588} INFO - Filling up the DagBag from /Users/bhavishyachallagolla/Desktop/RetailSense/.venv/lib/python3.12/site-packages/airflow/example_dags/tutorial_objectstorage.py
[2026-07-17T22:40:14.547+0530] {processor.py:925} INFO - DAG(s) 'tutorial_objectstorage' retrieved from /Users/bhavishyachallagolla/Desktop/RetailSense/.venv/lib/python3.12/site-packages/airflow/example_dags/tutorial_objectstorage.py
[2026-07-17T22:40:14.571+0530] {logging_mixin.py:190} INFO - [2026-07-17T22:40:14.571+0530] {dag.py:3239} INFO - Sync 1 DAGs
[2026-07-17T22:40:14.574+0530] {logging_mixin.py:190} INFO - [2026-07-17T22:40:14.574+0530] {dag.py:4180} INFO - Setting next_dagrun for tutorial_objectstorage to None, run_after=None
[2026-07-17T22:40:14.579+0530] {processor.py:208} INFO - Processing /Users/bhavishyachallagolla/Desktop/RetailSense/.venv/lib/python3.12/site-packages/airflow/example_dags/tutorial_objectstorage.py took 0.048 seconds
[2026-07-17T22:41:04.428+0530] {processor.py:186} INFO - Started process (PID=93797) to work on /Users/bhavishyachallagolla/Desktop/RetailSense/.venv/lib/python3.12/site-packages/airflow/example_dags/tutorial_objectstorage.py
[2026-07-17T22:41:04.429+0530] {processor.py:914} INFO - Processing file /Users/bhavishyachallagolla/Desktop/RetailSense/.venv/lib/python3.12/site-packages/airflow/example_dags/tutorial_objectstorage.py for tasks to queue
[2026-07-17T22:41:04.429+0530] {logging_mixin.py:190} INFO - [2026-07-17T22:41:04.429+0530] {dagbag.py:588} INFO - Filling up the DagBag from /Users/bhavishyachallagolla/Desktop/RetailSense/.venv/lib/python3.12/site-packages/airflow/example_dags/tutorial_objectstorage.py
[2026-07-17T22:41:04.441+0530] {processor.py:925} INFO - DAG(s) 'tutorial_objectstorage' retrieved from /Users/bhavishyachallagolla/Desktop/RetailSense/.venv/lib/python3.12/site-packages/airflow/example_dags/tutorial_objectstorage.py
[2026-07-17T22:41:04.465+0530] {logging_mixin.py:190} INFO - [2026-07-17T22:41:04.465+0530] {dag.py:3239} INFO - Sync 1 DAGs
[2026-07-17T22:41:04.468+0530] {logging_mixin.py:190} INFO - [2026-07-17T22:41:04.468+0530] {dag.py:4180} INFO - Setting next_dagrun for tutorial_objectstorage to None, run_after=None
[2026-07-17T22:41:04.473+0530] {processor.py:208} INFO - Processing /Users/bhavishyachallagolla/Desktop/RetailSense/.venv/lib/python3.12/site-packages/airflow/example_dags/tutorial_objectstorage.py took 0.046 seconds
[2026-07-17T22:41:55.102+0530] {processor.py:186} INFO - Started process (PID=93873) to work on /Users/bhavishyachallagolla/Desktop/RetailSense/.venv/lib/python3.12/site-packages/airflow/example_dags/tutorial_objectstorage.py
[2026-07-17T22:41:55.105+0530] {processor.py:914} INFO - Processing file /Users/bhavishyachallagolla/Desktop/RetailSense/.venv/lib/python3.12/site-packages/airflow/example_dags/tutorial_objectstorage.py for tasks to queue
[2026-07-17T22:41:55.105+0530] {logging_mixin.py:190} INFO - [2026-07-17T22:41:55.105+0530] {dagbag.py:588} INFO - Filling up the DagBag from /Users/bhavishyachallagolla/Desktop/RetailSense/.venv/lib/python3.12/site-packages/airflow/example_dags/tutorial_objectstorage.py
[2026-07-17T22:41:55.117+0530] {processor.py:925} INFO - DAG(s) 'tutorial_objectstorage' retrieved from /Users/bhavishyachallagolla/Desktop/RetailSense/.venv/lib/python3.12/site-packages/airflow/example_dags/tutorial_objectstorage.py
[2026-07-17T22:41:55.142+0530] {logging_mixin.py:190} INFO - [2026-07-17T22:41:55.142+0530] {dag.py:3239} INFO - Sync 1 DAGs
[2026-07-17T22:41:55.144+0530] {logging_mixin.py:190} INFO - [2026-07-17T22:41:55.144+0530] {dag.py:4180} INFO - Setting next_dagrun for tutorial_objectstorage to None, run_after=None
[2026-07-17T22:41:55.149+0530] {processor.py:208} INFO - Processing /Users/bhavishyachallagolla/Desktop/RetailSense/.venv/lib/python3.12/site-packages/airflow/example_dags/tutorial_objectstorage.py took 0.049 seconds
[2026-07-17T22:42:45.656+0530] {processor.py:186} INFO - Started process (PID=93948) to work on /Users/bhavishyachallagolla/Desktop/RetailSense/.venv/lib/python3.12/site-packages/airflow/example_dags/tutorial_objectstorage.py
[2026-07-17T22:42:45.657+0530] {processor.py:914} INFO - Processing file /Users/bhavishyachallagolla/Desktop/RetailSense/.venv/lib/python3.12/site-packages/airflow/example_dags/tutorial_objectstorage.py for tasks to queue
[2026-07-17T22:42:45.657+0530] {logging_mixin.py:190} INFO - [2026-07-17T22:42:45.657+0530] {dagbag.py:588} INFO - Filling up the DagBag from /Users/bhavishyachallagolla/Desktop/RetailSense/.venv/lib/python3.12/site-packages/airflow/example_dags/tutorial_objectstorage.py
[2026-07-17T22:42:45.669+0530] {processor.py:925} INFO - DAG(s) 'tutorial_objectstorage' retrieved from /Users/bhavishyachallagolla/Desktop/RetailSense/.venv/lib/python3.12/site-packages/airflow/example_dags/tutorial_objectstorage.py
[2026-07-17T22:42:45.693+0530] {logging_mixin.py:190} INFO - [2026-07-17T22:42:45.693+0530] {dag.py:3239} INFO - Sync 1 DAGs
[2026-07-17T22:42:45.696+0530] {logging_mixin.py:190} INFO - [2026-07-17T22:42:45.696+0530] {dag.py:4180} INFO - Setting next_dagrun for tutorial_objectstorage to None, run_after=None
[2026-07-17T22:42:45.700+0530] {processor.py:208} INFO - Processing /Users/bhavishyachallagolla/Desktop/RetailSense/.venv/lib/python3.12/site-packages/airflow/example_dags/tutorial_objectstorage.py took 0.045 seconds
[2026-07-17T22:43:36.138+0530] {processor.py:186} INFO - Started process (PID=94023) to work on /Users/bhavishyachallagolla/Desktop/RetailSense/.venv/lib/python3.12/site-packages/airflow/example_dags/tutorial_objectstorage.py
[2026-07-17T22:43:36.138+0530] {processor.py:914} INFO - Processing file /Users/bhavishyachallagolla/Desktop/RetailSense/.venv/lib/python3.12/site-packages/airflow/example_dags/tutorial_objectstorage.py for tasks to queue
[2026-07-17T22:43:36.138+0530] {logging_mixin.py:190} INFO - [2026-07-17T22:43:36.138+0530] {dagbag.py:588} INFO - Filling up the DagBag from /Users/bhavishyachallagolla/Desktop/RetailSense/.venv/lib/python3.12/site-packages/airflow/example_dags/tutorial_objectstorage.py
[2026-07-17T22:43:36.150+0530] {processor.py:925} INFO - DAG(s) 'tutorial_objectstorage' retrieved from /Users/bhavishyachallagolla/Desktop/RetailSense/.venv/lib/python3.12/site-packages/airflow/example_dags/tutorial_objectstorage.py
[2026-07-17T22:43:36.174+0530] {logging_mixin.py:190} INFO - [2026-07-17T22:43:36.174+0530] {dag.py:3239} INFO - Sync 1 DAGs
[2026-07-17T22:43:36.177+0530] {logging_mixin.py:190} INFO - [2026-07-17T22:43:36.177+0530] {dag.py:4180} INFO - Setting next_dagrun for tutorial_objectstorage to None, run_after=None
[2026-07-17T22:43:36.181+0530] {processor.py:208} INFO - Processing /Users/bhavishyachallagolla/Desktop/RetailSense/.venv/lib/python3.12/site-packages/airflow/example_dags/tutorial_objectstorage.py took 0.045 seconds
[2026-07-17T22:44:26.520+0530] {processor.py:186} INFO - Started process (PID=94098) to work on /Users/bhavishyachallagolla/Desktop/RetailSense/.venv/lib/python3.12/site-packages/airflow/example_dags/tutorial_objectstorage.py
[2026-07-17T22:44:26.520+0530] {processor.py:914} INFO - Processing file /Users/bhavishyachallagolla/Desktop/RetailSense/.venv/lib/python3.12/site-packages/airflow/example_dags/tutorial_objectstorage.py for tasks to queue
[2026-07-17T22:44:26.520+0530] {logging_mixin.py:190} INFO - [2026-07-17T22:44:26.520+0530] {dagbag.py:588} INFO - Filling up the DagBag from /Users/bhavishyachallagolla/Desktop/RetailSense/.venv/lib/python3.12/site-packages/airflow/example_dags/tutorial_objectstorage.py
[2026-07-17T22:44:26.532+0530] {processor.py:925} INFO - DAG(s) 'tutorial_objectstorage' retrieved from /Users/bhavishyachallagolla/Desktop/RetailSense/.venv/lib/python3.12/site-packages/airflow/example_dags/tutorial_objectstorage.py
[2026-07-17T22:44:26.556+0530] {logging_mixin.py:190} INFO - [2026-07-17T22:44:26.556+0530] {dag.py:3239} INFO - Sync 1 DAGs
[2026-07-17T22:44:26.559+0530] {logging_mixin.py:190} INFO - [2026-07-17T22:44:26.559+0530] {dag.py:4180} INFO - Setting next_dagrun for tutorial_objectstorage to None, run_after=None
[2026-07-17T22:44:26.564+0530] {processor.py:208} INFO - Processing /Users/bhavishyachallagolla/Desktop/RetailSense/.venv/lib/python3.12/site-packages/airflow/example_dags/tutorial_objectstorage.py took 0.045 seconds
[2026-07-17T22:45:16.495+0530] {processor.py:186} INFO - Started process (PID=94172) to work on /Users/bhavishyachallagolla/Desktop/RetailSense/.venv/lib/python3.12/site-packages/airflow/example_dags/tutorial_objectstorage.py
[2026-07-17T22:45:16.495+0530] {processor.py:914} INFO - Processing file /Users/bhavishyachallagolla/Desktop/RetailSense/.venv/lib/python3.12/site-packages/airflow/example_dags/tutorial_objectstorage.py for tasks to queue
[2026-07-17T22:45:16.495+0530] {logging_mixin.py:190} INFO - [2026-07-17T22:45:16.495+0530] {dagbag.py:588} INFO - Filling up the DagBag from /Users/bhavishyachallagolla/Desktop/RetailSense/.venv/lib/python3.12/site-packages/airflow/example_dags/tutorial_objectstorage.py
[2026-07-17T22:45:16.507+0530] {processor.py:925} INFO - DAG(s) 'tutorial_objectstorage' retrieved from /Users/bhavishyachallagolla/Desktop/RetailSense/.venv/lib/python3.12/site-packages/airflow/example_dags/tutorial_objectstorage.py
[2026-07-17T22:45:16.531+0530] {logging_mixin.py:190} INFO - [2026-07-17T22:45:16.531+0530] {dag.py:3239} INFO - Sync 1 DAGs
[2026-07-17T22:45:16.534+0530] {logging_mixin.py:190} INFO - [2026-07-17T22:45:16.534+0530] {dag.py:4180} INFO - Setting next_dagrun for tutorial_objectstorage to None, run_after=None
[2026-07-17T22:45:16.539+0530] {processor.py:208} INFO - Processing /Users/bhavishyachallagolla/Desktop/RetailSense/.venv/lib/python3.12/site-packages/airflow/example_dags/tutorial_objectstorage.py took 0.045 seconds
[2026-07-17T22:46:04.125+0530] {processor.py:186} INFO - Started process (PID=94247) to work on /Users/bhavishyachallagolla/Desktop/RetailSense/.venv/lib/python3.12/site-packages/airflow/example_dags/tutorial_objectstorage.py
[2026-07-17T22:46:04.125+0530] {processor.py:914} INFO - Processing file /Users/bhavishyachallagolla/Desktop/RetailSense/.venv/lib/python3.12/site-packages/airflow/example_dags/tutorial_objectstorage.py for tasks to queue
[2026-07-17T22:46:04.126+0530] {logging_mixin.py:190} INFO - [2026-07-17T22:46:04.126+0530] {dagbag.py:588} INFO - Filling up the DagBag from /Users/bhavishyachallagolla/Desktop/RetailSense/.venv/lib/python3.12/site-packages/airflow/example_dags/tutorial_objectstorage.py
[2026-07-17T22:46:04.137+0530] {processor.py:925} INFO - DAG(s) 'tutorial_objectstorage' retrieved from /Users/bhavishyachallagolla/Desktop/RetailSense/.venv/lib/python3.12/site-packages/airflow/example_dags/tutorial_objectstorage.py
[2026-07-17T22:46:04.161+0530] {logging_mixin.py:190} INFO - [2026-07-17T22:46:04.161+0530] {dag.py:3239} INFO - Sync 1 DAGs
[2026-07-17T22:46:04.163+0530] {logging_mixin.py:190} INFO - [2026-07-17T22:46:04.163+0530] {dag.py:4180} INFO - Setting next_dagrun for tutorial_objectstorage to None, run_after=None
[2026-07-17T22:46:04.168+0530] {processor.py:208} INFO - Processing /Users/bhavishyachallagolla/Desktop/RetailSense/.venv/lib/python3.12/site-packages/airflow/example_dags/tutorial_objectstorage.py took 0.044 seconds
[2026-07-17T22:46:52.750+0530] {processor.py:186} INFO - Started process (PID=94318) to work on /Users/bhavishyachallagolla/Desktop/RetailSense/.venv/lib/python3.12/site-packages/airflow/example_dags/tutorial_objectstorage.py
[2026-07-17T22:46:52.750+0530] {processor.py:914} INFO - Processing file /Users/bhavishyachallagolla/Desktop/RetailSense/.venv/lib/python3.12/site-packages/airflow/example_dags/tutorial_objectstorage.py for tasks to queue
[2026-07-17T22:46:52.751+0530] {logging_mixin.py:190} INFO - [2026-07-17T22:46:52.751+0530] {dagbag.py:588} INFO - Filling up the DagBag from /Users/bhavishyachallagolla/Desktop/RetailSense/.venv/lib/python3.12/site-packages/airflow/example_dags/tutorial_objectstorage.py
[2026-07-17T22:46:52.762+0530] {processor.py:925} INFO - DAG(s) 'tutorial_objectstorage' retrieved from /Users/bhavishyachallagolla/Desktop/RetailSense/.venv/lib/python3.12/site-packages/airflow/example_dags/tutorial_objectstorage.py
[2026-07-17T22:46:52.786+0530] {logging_mixin.py:190} INFO - [2026-07-17T22:46:52.786+0530] {dag.py:3239} INFO - Sync 1 DAGs
[2026-07-17T22:46:52.789+0530] {logging_mixin.py:190} INFO - [2026-07-17T22:46:52.789+0530] {dag.py:4180} INFO - Setting next_dagrun for tutorial_objectstorage to None, run_after=None
[2026-07-17T22:46:52.794+0530] {processor.py:208} INFO - Processing /Users/bhavishyachallagolla/Desktop/RetailSense/.venv/lib/python3.12/site-packages/airflow/example_dags/tutorial_objectstorage.py took 0.045 seconds
[2026-07-17T22:47:43.165+0530] {processor.py:186} INFO - Started process (PID=94394) to work on /Users/bhavishyachallagolla/Desktop/RetailSense/.venv/lib/python3.12/site-packages/airflow/example_dags/tutorial_objectstorage.py
[2026-07-17T22:47:43.166+0530] {processor.py:914} INFO - Processing file /Users/bhavishyachallagolla/Desktop/RetailSense/.venv/lib/python3.12/site-packages/airflow/example_dags/tutorial_objectstorage.py for tasks to queue
[2026-07-17T22:47:43.166+0530] {logging_mixin.py:190} INFO - [2026-07-17T22:47:43.166+0530] {dagbag.py:588} INFO - Filling up the DagBag from /Users/bhavishyachallagolla/Desktop/RetailSense/.venv/lib/python3.12/site-packages/airflow/example_dags/tutorial_objectstorage.py
[2026-07-17T22:47:43.178+0530] {processor.py:925} INFO - DAG(s) 'tutorial_objectstorage' retrieved from /Users/bhavishyachallagolla/Desktop/RetailSense/.venv/lib/python3.12/site-packages/airflow/example_dags/tutorial_objectstorage.py
[2026-07-17T22:47:43.201+0530] {logging_mixin.py:190} INFO - [2026-07-17T22:47:43.201+0530] {dag.py:3239} INFO - Sync 1 DAGs
[2026-07-17T22:47:43.204+0530] {logging_mixin.py:190} INFO - [2026-07-17T22:47:43.204+0530] {dag.py:4180} INFO - Setting next_dagrun for tutorial_objectstorage to None, run_after=None
[2026-07-17T22:47:43.208+0530] {processor.py:208} INFO - Processing /Users/bhavishyachallagolla/Desktop/RetailSense/.venv/lib/python3.12/site-packages/airflow/example_dags/tutorial_objectstorage.py took 0.044 seconds
[2026-07-17T22:48:32.494+0530] {processor.py:186} INFO - Started process (PID=94469) to work on /Users/bhavishyachallagolla/Desktop/RetailSense/.venv/lib/python3.12/site-packages/airflow/example_dags/tutorial_objectstorage.py
[2026-07-17T22:48:32.494+0530] {processor.py:914} INFO - Processing file /Users/bhavishyachallagolla/Desktop/RetailSense/.venv/lib/python3.12/site-packages/airflow/example_dags/tutorial_objectstorage.py for tasks to queue
[2026-07-17T22:48:32.495+0530] {logging_mixin.py:190} INFO - [2026-07-17T22:48:32.495+0530] {dagbag.py:588} INFO - Filling up the DagBag from /Users/bhavishyachallagolla/Desktop/RetailSense/.venv/lib/python3.12/site-packages/airflow/example_dags/tutorial_objectstorage.py
[2026-07-17T22:48:32.506+0530] {processor.py:925} INFO - DAG(s) 'tutorial_objectstorage' retrieved from /Users/bhavishyachallagolla/Desktop/RetailSense/.venv/lib/python3.12/site-packages/airflow/example_dags/tutorial_objectstorage.py
[2026-07-17T22:48:32.530+0530] {logging_mixin.py:190} INFO - [2026-07-17T22:48:32.530+0530] {dag.py:3239} INFO - Sync 1 DAGs
[2026-07-17T22:48:32.533+0530] {logging_mixin.py:190} INFO - [2026-07-17T22:48:32.533+0530] {dag.py:4180} INFO - Setting next_dagrun for tutorial_objectstorage to None, run_after=None
[2026-07-17T22:48:32.538+0530] {processor.py:208} INFO - Processing /Users/bhavishyachallagolla/Desktop/RetailSense/.venv/lib/python3.12/site-packages/airflow/example_dags/tutorial_objectstorage.py took 0.045 seconds
[2026-07-17T22:49:39.732+0530] {processor.py:186} INFO - Started process (PID=94550) to work on /Users/bhavishyachallagolla/Desktop/RetailSense/.venv/lib/python3.12/site-packages/airflow/example_dags/tutorial_objectstorage.py
[2026-07-17T22:49:39.733+0530] {processor.py:914} INFO - Processing file /Users/bhavishyachallagolla/Desktop/RetailSense/.venv/lib/python3.12/site-packages/airflow/example_dags/tutorial_objectstorage.py for tasks to queue
[2026-07-17T22:49:39.734+0530] {logging_mixin.py:190} INFO - [2026-07-17T22:49:39.734+0530] {dagbag.py:588} INFO - Filling up the DagBag from /Users/bhavishyachallagolla/Desktop/RetailSense/.venv/lib/python3.12/site-packages/airflow/example_dags/tutorial_objectstorage.py
[2026-07-17T22:49:39.745+0530] {processor.py:925} INFO - DAG(s) 'tutorial_objectstorage' retrieved from /Users/bhavishyachallagolla/Desktop/RetailSense/.venv/lib/python3.12/site-packages/airflow/example_dags/tutorial_objectstorage.py
[2026-07-17T22:49:39.768+0530] {logging_mixin.py:190} INFO - [2026-07-17T22:49:39.768+0530] {dag.py:3239} INFO - Sync 1 DAGs
[2026-07-17T22:49:39.771+0530] {logging_mixin.py:190} INFO - [2026-07-17T22:49:39.771+0530] {dag.py:4180} INFO - Setting next_dagrun for tutorial_objectstorage to None, run_after=None
[2026-07-17T22:49:39.776+0530] {processor.py:208} INFO - Processing /Users/bhavishyachallagolla/Desktop/RetailSense/.venv/lib/python3.12/site-packages/airflow/example_dags/tutorial_objectstorage.py took 0.044 seconds
[2026-07-17T22:50:29.098+0530] {processor.py:186} INFO - Started process (PID=94623) to work on /Users/bhavishyachallagolla/Desktop/RetailSense/.venv/lib/python3.12/site-packages/airflow/example_dags/tutorial_objectstorage.py
[2026-07-17T22:50:29.098+0530] {processor.py:914} INFO - Processing file /Users/bhavishyachallagolla/Desktop/RetailSense/.venv/lib/python3.12/site-packages/airflow/example_dags/tutorial_objectstorage.py for tasks to queue
[2026-07-17T22:50:29.098+0530] {logging_mixin.py:190} INFO - [2026-07-17T22:50:29.098+0530] {dagbag.py:588} INFO - Filling up the DagBag from /Users/bhavishyachallagolla/Desktop/RetailSense/.venv/lib/python3.12/site-packages/airflow/example_dags/tutorial_objectstorage.py
[2026-07-17T22:50:29.110+0530] {processor.py:925} INFO - DAG(s) 'tutorial_objectstorage' retrieved from /Users/bhavishyachallagolla/Desktop/RetailSense/.venv/lib/python3.12/site-packages/airflow/example_dags/tutorial_objectstorage.py
[2026-07-17T22:50:29.133+0530] {logging_mixin.py:190} INFO - [2026-07-17T22:50:29.133+0530] {dag.py:3239} INFO - Sync 1 DAGs
[2026-07-17T22:50:29.136+0530] {logging_mixin.py:190} INFO - [2026-07-17T22:50:29.136+0530] {dag.py:4180} INFO - Setting next_dagrun for tutorial_objectstorage to None, run_after=None
[2026-07-17T22:50:29.141+0530] {processor.py:208} INFO - Processing /Users/bhavishyachallagolla/Desktop/RetailSense/.venv/lib/python3.12/site-packages/airflow/example_dags/tutorial_objectstorage.py took 0.044 seconds
[2026-07-17T22:51:17.860+0530] {processor.py:186} INFO - Started process (PID=94700) to work on /Users/bhavishyachallagolla/Desktop/RetailSense/.venv/lib/python3.12/site-packages/airflow/example_dags/tutorial_objectstorage.py
[2026-07-17T22:51:17.861+0530] {processor.py:914} INFO - Processing file /Users/bhavishyachallagolla/Desktop/RetailSense/.venv/lib/python3.12/site-packages/airflow/example_dags/tutorial_objectstorage.py for tasks to queue
[2026-07-17T22:51:17.862+0530] {logging_mixin.py:190} INFO - [2026-07-17T22:51:17.862+0530] {dagbag.py:588} INFO - Filling up the DagBag from /Users/bhavishyachallagolla/Desktop/RetailSense/.venv/lib/python3.12/site-packages/airflow/example_dags/tutorial_objectstorage.py
[2026-07-17T22:51:17.874+0530] {processor.py:925} INFO - DAG(s) 'tutorial_objectstorage' retrieved from /Users/bhavishyachallagolla/Desktop/RetailSense/.venv/lib/python3.12/site-packages/airflow/example_dags/tutorial_objectstorage.py
[2026-07-17T22:51:17.898+0530] {logging_mixin.py:190} INFO - [2026-07-17T22:51:17.898+0530] {dag.py:3239} INFO - Sync 1 DAGs
[2026-07-17T22:51:17.901+0530] {logging_mixin.py:190} INFO - [2026-07-17T22:51:17.901+0530] {dag.py:4180} INFO - Setting next_dagrun for tutorial_objectstorage to None, run_after=None
[2026-07-17T22:51:17.906+0530] {processor.py:208} INFO - Processing /Users/bhavishyachallagolla/Desktop/RetailSense/.venv/lib/python3.12/site-packages/airflow/example_dags/tutorial_objectstorage.py took 0.046 seconds
[2026-07-17T22:52:07.717+0530] {processor.py:186} INFO - Started process (PID=94776) to work on /Users/bhavishyachallagolla/Desktop/RetailSense/.venv/lib/python3.12/site-packages/airflow/example_dags/tutorial_objectstorage.py
[2026-07-17T22:52:07.717+0530] {processor.py:914} INFO - Processing file /Users/bhavishyachallagolla/Desktop/RetailSense/.venv/lib/python3.12/site-packages/airflow/example_dags/tutorial_objectstorage.py for tasks to queue
[2026-07-17T22:52:07.718+0530] {logging_mixin.py:190} INFO - [2026-07-17T22:52:07.717+0530] {dagbag.py:588} INFO - Filling up the DagBag from /Users/bhavishyachallagolla/Desktop/RetailSense/.venv/lib/python3.12/site-packages/airflow/example_dags/tutorial_objectstorage.py
[2026-07-17T22:52:07.729+0530] {processor.py:925} INFO - DAG(s) 'tutorial_objectstorage' retrieved from /Users/bhavishyachallagolla/Desktop/RetailSense/.venv/lib/python3.12/site-packages/airflow/example_dags/tutorial_objectstorage.py
[2026-07-17T22:52:07.754+0530] {logging_mixin.py:190} INFO - [2026-07-17T22:52:07.754+0530] {dag.py:3239} INFO - Sync 1 DAGs
[2026-07-17T22:52:07.757+0530] {logging_mixin.py:190} INFO - [2026-07-17T22:52:07.757+0530] {dag.py:4180} INFO - Setting next_dagrun for tutorial_objectstorage to None, run_after=None
[2026-07-17T22:52:07.762+0530] {processor.py:208} INFO - Processing /Users/bhavishyachallagolla/Desktop/RetailSense/.venv/lib/python3.12/site-packages/airflow/example_dags/tutorial_objectstorage.py took 0.046 seconds
[2026-07-17T22:52:56.470+0530] {processor.py:186} INFO - Started process (PID=94851) to work on /Users/bhavishyachallagolla/Desktop/RetailSense/.venv/lib/python3.12/site-packages/airflow/example_dags/tutorial_objectstorage.py
[2026-07-17T22:52:56.470+0530] {processor.py:914} INFO - Processing file /Users/bhavishyachallagolla/Desktop/RetailSense/.venv/lib/python3.12/site-packages/airflow/example_dags/tutorial_objectstorage.py for tasks to queue
[2026-07-17T22:52:56.471+0530] {logging_mixin.py:190} INFO - [2026-07-17T22:52:56.470+0530] {dagbag.py:588} INFO - Filling up the DagBag from /Users/bhavishyachallagolla/Desktop/RetailSense/.venv/lib/python3.12/site-packages/airflow/example_dags/tutorial_objectstorage.py
[2026-07-17T22:52:56.483+0530] {processor.py:925} INFO - DAG(s) 'tutorial_objectstorage' retrieved from /Users/bhavishyachallagolla/Desktop/RetailSense/.venv/lib/python3.12/site-packages/airflow/example_dags/tutorial_objectstorage.py
[2026-07-17T22:52:56.507+0530] {logging_mixin.py:190} INFO - [2026-07-17T22:52:56.506+0530] {dag.py:3239} INFO - Sync 1 DAGs
[2026-07-17T22:52:56.509+0530] {logging_mixin.py:190} INFO - [2026-07-17T22:52:56.509+0530] {dag.py:4180} INFO - Setting next_dagrun for tutorial_objectstorage to None, run_after=None
[2026-07-17T22:52:56.514+0530] {processor.py:208} INFO - Processing /Users/bhavishyachallagolla/Desktop/RetailSense/.venv/lib/python3.12/site-packages/airflow/example_dags/tutorial_objectstorage.py took 0.045 seconds
[2026-07-17T22:53:46.342+0530] {processor.py:186} INFO - Started process (PID=94928) to work on /Users/bhavishyachallagolla/Desktop/RetailSense/.venv/lib/python3.12/site-packages/airflow/example_dags/tutorial_objectstorage.py
[2026-07-17T22:53:46.343+0530] {processor.py:914} INFO - Processing file /Users/bhavishyachallagolla/Desktop/RetailSense/.venv/lib/python3.12/site-packages/airflow/example_dags/tutorial_objectstorage.py for tasks to queue
[2026-07-17T22:53:46.343+0530] {logging_mixin.py:190} INFO - [2026-07-17T22:53:46.343+0530] {dagbag.py:588} INFO - Filling up the DagBag from /Users/bhavishyachallagolla/Desktop/RetailSense/.venv/lib/python3.12/site-packages/airflow/example_dags/tutorial_objectstorage.py
[2026-07-17T22:53:46.355+0530] {processor.py:925} INFO - DAG(s) 'tutorial_objectstorage' retrieved from /Users/bhavishyachallagolla/Desktop/RetailSense/.venv/lib/python3.12/site-packages/airflow/example_dags/tutorial_objectstorage.py
[2026-07-17T22:53:46.380+0530] {logging_mixin.py:190} INFO - [2026-07-17T22:53:46.379+0530] {dag.py:3239} INFO - Sync 1 DAGs
[2026-07-17T22:53:46.382+0530] {logging_mixin.py:190} INFO - [2026-07-17T22:53:46.382+0530] {dag.py:4180} INFO - Setting next_dagrun for tutorial_objectstorage to None, run_after=None
[2026-07-17T22:53:46.388+0530] {processor.py:208} INFO - Processing /Users/bhavishyachallagolla/Desktop/RetailSense/.venv/lib/python3.12/site-packages/airflow/example_dags/tutorial_objectstorage.py took 0.047 seconds
[2026-07-17T22:54:36.431+0530] {processor.py:186} INFO - Started process (PID=95002) to work on /Users/bhavishyachallagolla/Desktop/RetailSense/.venv/lib/python3.12/site-packages/airflow/example_dags/tutorial_objectstorage.py
[2026-07-17T22:54:36.433+0530] {processor.py:914} INFO - Processing file /Users/bhavishyachallagolla/Desktop/RetailSense/.venv/lib/python3.12/site-packages/airflow/example_dags/tutorial_objectstorage.py for tasks to queue
[2026-07-17T22:54:36.433+0530] {logging_mixin.py:190} INFO - [2026-07-17T22:54:36.433+0530] {dagbag.py:588} INFO - Filling up the DagBag from /Users/bhavishyachallagolla/Desktop/RetailSense/.venv/lib/python3.12/site-packages/airflow/example_dags/tutorial_objectstorage.py
[2026-07-17T22:54:36.445+0530] {processor.py:925} INFO - DAG(s) 'tutorial_objectstorage' retrieved from /Users/bhavishyachallagolla/Desktop/RetailSense/.venv/lib/python3.12/site-packages/airflow/example_dags/tutorial_objectstorage.py
[2026-07-17T22:54:36.470+0530] {logging_mixin.py:190} INFO - [2026-07-17T22:54:36.470+0530] {dag.py:3239} INFO - Sync 1 DAGs
[2026-07-17T22:54:36.473+0530] {logging_mixin.py:190} INFO - [2026-07-17T22:54:36.473+0530] {dag.py:4180} INFO - Setting next_dagrun for tutorial_objectstorage to None, run_after=None
[2026-07-17T22:54:36.478+0530] {processor.py:208} INFO - Processing /Users/bhavishyachallagolla/Desktop/RetailSense/.venv/lib/python3.12/site-packages/airflow/example_dags/tutorial_objectstorage.py took 0.047 seconds
[2026-07-17T22:55:25.080+0530] {processor.py:186} INFO - Started process (PID=95074) to work on /Users/bhavishyachallagolla/Desktop/RetailSense/.venv/lib/python3.12/site-packages/airflow/example_dags/tutorial_objectstorage.py
[2026-07-17T22:55:25.080+0530] {processor.py:914} INFO - Processing file /Users/bhavishyachallagolla/Desktop/RetailSense/.venv/lib/python3.12/site-packages/airflow/example_dags/tutorial_objectstorage.py for tasks to queue
[2026-07-17T22:55:25.080+0530] {logging_mixin.py:190} INFO - [2026-07-17T22:55:25.080+0530] {dagbag.py:588} INFO - Filling up the DagBag from /Users/bhavishyachallagolla/Desktop/RetailSense/.venv/lib/python3.12/site-packages/airflow/example_dags/tutorial_objectstorage.py
[2026-07-17T22:55:25.092+0530] {processor.py:925} INFO - DAG(s) 'tutorial_objectstorage' retrieved from /Users/bhavishyachallagolla/Desktop/RetailSense/.venv/lib/python3.12/site-packages/airflow/example_dags/tutorial_objectstorage.py
[2026-07-17T22:55:25.115+0530] {logging_mixin.py:190} INFO - [2026-07-17T22:55:25.115+0530] {dag.py:3239} INFO - Sync 1 DAGs
[2026-07-17T22:55:25.118+0530] {logging_mixin.py:190} INFO - [2026-07-17T22:55:25.118+0530] {dag.py:4180} INFO - Setting next_dagrun for tutorial_objectstorage to None, run_after=None
[2026-07-17T22:55:25.123+0530] {processor.py:208} INFO - Processing /Users/bhavishyachallagolla/Desktop/RetailSense/.venv/lib/python3.12/site-packages/airflow/example_dags/tutorial_objectstorage.py took 0.044 seconds
[2026-07-17T22:56:15.510+0530] {processor.py:186} INFO - Started process (PID=95151) to work on /Users/bhavishyachallagolla/Desktop/RetailSense/.venv/lib/python3.12/site-packages/airflow/example_dags/tutorial_objectstorage.py
[2026-07-17T22:56:15.511+0530] {processor.py:914} INFO - Processing file /Users/bhavishyachallagolla/Desktop/RetailSense/.venv/lib/python3.12/site-packages/airflow/example_dags/tutorial_objectstorage.py for tasks to queue
[2026-07-17T22:56:15.511+0530] {logging_mixin.py:190} INFO - [2026-07-17T22:56:15.511+0530] {dagbag.py:588} INFO - Filling up the DagBag from /Users/bhavishyachallagolla/Desktop/RetailSense/.venv/lib/python3.12/site-packages/airflow/example_dags/tutorial_objectstorage.py
[2026-07-17T22:56:15.523+0530] {processor.py:925} INFO - DAG(s) 'tutorial_objectstorage' retrieved from /Users/bhavishyachallagolla/Desktop/RetailSense/.venv/lib/python3.12/site-packages/airflow/example_dags/tutorial_objectstorage.py
[2026-07-17T22:56:15.547+0530] {logging_mixin.py:190} INFO - [2026-07-17T22:56:15.547+0530] {dag.py:3239} INFO - Sync 1 DAGs
[2026-07-17T22:56:15.550+0530] {logging_mixin.py:190} INFO - [2026-07-17T22:56:15.550+0530] {dag.py:4180} INFO - Setting next_dagrun for tutorial_objectstorage to None, run_after=None
[2026-07-17T22:56:15.554+0530] {processor.py:208} INFO - Processing /Users/bhavishyachallagolla/Desktop/RetailSense/.venv/lib/python3.12/site-packages/airflow/example_dags/tutorial_objectstorage.py took 0.046 seconds
[2026-07-17T22:57:05.330+0530] {processor.py:186} INFO - Started process (PID=95224) to work on /Users/bhavishyachallagolla/Desktop/RetailSense/.venv/lib/python3.12/site-packages/airflow/example_dags/tutorial_objectstorage.py
[2026-07-17T22:57:05.331+0530] {processor.py:914} INFO - Processing file /Users/bhavishyachallagolla/Desktop/RetailSense/.venv/lib/python3.12/site-packages/airflow/example_dags/tutorial_objectstorage.py for tasks to queue
[2026-07-17T22:57:05.331+0530] {logging_mixin.py:190} INFO - [2026-07-17T22:57:05.331+0530] {dagbag.py:588} INFO - Filling up the DagBag from /Users/bhavishyachallagolla/Desktop/RetailSense/.venv/lib/python3.12/site-packages/airflow/example_dags/tutorial_objectstorage.py
[2026-07-17T22:57:05.343+0530] {processor.py:925} INFO - DAG(s) 'tutorial_objectstorage' retrieved from /Users/bhavishyachallagolla/Desktop/RetailSense/.venv/lib/python3.12/site-packages/airflow/example_dags/tutorial_objectstorage.py
[2026-07-17T22:57:05.366+0530] {logging_mixin.py:190} INFO - [2026-07-17T22:57:05.366+0530] {dag.py:3239} INFO - Sync 1 DAGs
[2026-07-17T22:57:05.369+0530] {logging_mixin.py:190} INFO - [2026-07-17T22:57:05.369+0530] {dag.py:4180} INFO - Setting next_dagrun for tutorial_objectstorage to None, run_after=None
[2026-07-17T22:57:05.373+0530] {processor.py:208} INFO - Processing /Users/bhavishyachallagolla/Desktop/RetailSense/.venv/lib/python3.12/site-packages/airflow/example_dags/tutorial_objectstorage.py took 0.044 seconds
[2026-07-17T22:57:55.510+0530] {processor.py:186} INFO - Started process (PID=95302) to work on /Users/bhavishyachallagolla/Desktop/RetailSense/.venv/lib/python3.12/site-packages/airflow/example_dags/tutorial_objectstorage.py
[2026-07-17T22:57:55.511+0530] {processor.py:914} INFO - Processing file /Users/bhavishyachallagolla/Desktop/RetailSense/.venv/lib/python3.12/site-packages/airflow/example_dags/tutorial_objectstorage.py for tasks to queue
[2026-07-17T22:57:55.511+0530] {logging_mixin.py:190} INFO - [2026-07-17T22:57:55.511+0530] {dagbag.py:588} INFO - Filling up the DagBag from /Users/bhavishyachallagolla/Desktop/RetailSense/.venv/lib/python3.12/site-packages/airflow/example_dags/tutorial_objectstorage.py
[2026-07-17T22:57:55.523+0530] {processor.py:925} INFO - DAG(s) 'tutorial_objectstorage' retrieved from /Users/bhavishyachallagolla/Desktop/RetailSense/.venv/lib/python3.12/site-packages/airflow/example_dags/tutorial_objectstorage.py
[2026-07-17T22:57:55.548+0530] {logging_mixin.py:190} INFO - [2026-07-17T22:57:55.548+0530] {dag.py:3239} INFO - Sync 1 DAGs
[2026-07-17T22:57:55.550+0530] {logging_mixin.py:190} INFO - [2026-07-17T22:57:55.550+0530] {dag.py:4180} INFO - Setting next_dagrun for tutorial_objectstorage to None, run_after=None
[2026-07-17T22:57:55.555+0530] {processor.py:208} INFO - Processing /Users/bhavishyachallagolla/Desktop/RetailSense/.venv/lib/python3.12/site-packages/airflow/example_dags/tutorial_objectstorage.py took 0.046 seconds
[2026-07-17T22:58:45.192+0530] {processor.py:186} INFO - Started process (PID=95389) to work on /Users/bhavishyachallagolla/Desktop/RetailSense/.venv/lib/python3.12/site-packages/airflow/example_dags/tutorial_objectstorage.py
[2026-07-17T22:58:45.193+0530] {processor.py:914} INFO - Processing file /Users/bhavishyachallagolla/Desktop/RetailSense/.venv/lib/python3.12/site-packages/airflow/example_dags/tutorial_objectstorage.py for tasks to queue
[2026-07-17T22:58:45.194+0530] {logging_mixin.py:190} INFO - [2026-07-17T22:58:45.194+0530] {dagbag.py:588} INFO - Filling up the DagBag from /Users/bhavishyachallagolla/Desktop/RetailSense/.venv/lib/python3.12/site-packages/airflow/example_dags/tutorial_objectstorage.py
[2026-07-17T22:58:45.206+0530] {processor.py:925} INFO - DAG(s) 'tutorial_objectstorage' retrieved from /Users/bhavishyachallagolla/Desktop/RetailSense/.venv/lib/python3.12/site-packages/airflow/example_dags/tutorial_objectstorage.py
[2026-07-17T22:58:45.230+0530] {logging_mixin.py:190} INFO - [2026-07-17T22:58:45.229+0530] {dag.py:3239} INFO - Sync 1 DAGs
[2026-07-17T22:58:45.232+0530] {logging_mixin.py:190} INFO - [2026-07-17T22:58:45.232+0530] {dag.py:4180} INFO - Setting next_dagrun for tutorial_objectstorage to None, run_after=None
[2026-07-17T22:58:45.237+0530] {processor.py:208} INFO - Processing /Users/bhavishyachallagolla/Desktop/RetailSense/.venv/lib/python3.12/site-packages/airflow/example_dags/tutorial_objectstorage.py took 0.046 seconds
[2026-07-17T23:00:15.090+0530] {processor.py:186} INFO - Started process (PID=95498) to work on /Users/bhavishyachallagolla/Desktop/RetailSense/.venv/lib/python3.12/site-packages/airflow/example_dags/tutorial_objectstorage.py
[2026-07-17T23:00:15.091+0530] {processor.py:914} INFO - Processing file /Users/bhavishyachallagolla/Desktop/RetailSense/.venv/lib/python3.12/site-packages/airflow/example_dags/tutorial_objectstorage.py for tasks to queue
[2026-07-17T23:00:15.091+0530] {logging_mixin.py:190} INFO - [2026-07-17T23:00:15.091+0530] {dagbag.py:588} INFO - Filling up the DagBag from /Users/bhavishyachallagolla/Desktop/RetailSense/.venv/lib/python3.12/site-packages/airflow/example_dags/tutorial_objectstorage.py
[2026-07-17T23:00:15.104+0530] {processor.py:925} INFO - DAG(s) 'tutorial_objectstorage' retrieved from /Users/bhavishyachallagolla/Desktop/RetailSense/.venv/lib/python3.12/site-packages/airflow/example_dags/tutorial_objectstorage.py
[2026-07-17T23:00:15.129+0530] {logging_mixin.py:190} INFO - [2026-07-17T23:00:15.128+0530] {dag.py:3239} INFO - Sync 1 DAGs
[2026-07-17T23:00:15.131+0530] {logging_mixin.py:190} INFO - [2026-07-17T23:00:15.131+0530] {dag.py:4180} INFO - Setting next_dagrun for tutorial_objectstorage to None, run_after=None
[2026-07-17T23:00:15.136+0530] {processor.py:208} INFO - Processing /Users/bhavishyachallagolla/Desktop/RetailSense/.venv/lib/python3.12/site-packages/airflow/example_dags/tutorial_objectstorage.py took 0.047 seconds
[2026-07-17T23:01:31.166+0530] {processor.py:186} INFO - Started process (PID=95621) to work on /Users/bhavishyachallagolla/Desktop/RetailSense/.venv/lib/python3.12/site-packages/airflow/example_dags/tutorial_objectstorage.py
[2026-07-17T23:01:31.166+0530] {processor.py:914} INFO - Processing file /Users/bhavishyachallagolla/Desktop/RetailSense/.venv/lib/python3.12/site-packages/airflow/example_dags/tutorial_objectstorage.py for tasks to queue
[2026-07-17T23:01:31.166+0530] {logging_mixin.py:190} INFO - [2026-07-17T23:01:31.166+0530] {dagbag.py:588} INFO - Filling up the DagBag from /Users/bhavishyachallagolla/Desktop/RetailSense/.venv/lib/python3.12/site-packages/airflow/example_dags/tutorial_objectstorage.py
[2026-07-17T23:01:31.178+0530] {processor.py:925} INFO - DAG(s) 'tutorial_objectstorage' retrieved from /Users/bhavishyachallagolla/Desktop/RetailSense/.venv/lib/python3.12/site-packages/airflow/example_dags/tutorial_objectstorage.py
[2026-07-17T23:01:31.205+0530] {logging_mixin.py:190} INFO - [2026-07-17T23:01:31.205+0530] {dag.py:3239} INFO - Sync 1 DAGs
[2026-07-17T23:01:31.209+0530] {logging_mixin.py:190} INFO - [2026-07-17T23:01:31.208+0530] {dag.py:4180} INFO - Setting next_dagrun for tutorial_objectstorage to None, run_after=None
[2026-07-17T23:01:31.214+0530] {processor.py:208} INFO - Processing /Users/bhavishyachallagolla/Desktop/RetailSense/.venv/lib/python3.12/site-packages/airflow/example_dags/tutorial_objectstorage.py took 0.049 seconds
[2026-07-17T23:02:22.958+0530] {processor.py:186} INFO - Started process (PID=95718) to work on /Users/bhavishyachallagolla/Desktop/RetailSense/.venv/lib/python3.12/site-packages/airflow/example_dags/tutorial_objectstorage.py
[2026-07-17T23:02:22.958+0530] {processor.py:914} INFO - Processing file /Users/bhavishyachallagolla/Desktop/RetailSense/.venv/lib/python3.12/site-packages/airflow/example_dags/tutorial_objectstorage.py for tasks to queue
[2026-07-17T23:02:22.959+0530] {logging_mixin.py:190} INFO - [2026-07-17T23:02:22.958+0530] {dagbag.py:588} INFO - Filling up the DagBag from /Users/bhavishyachallagolla/Desktop/RetailSense/.venv/lib/python3.12/site-packages/airflow/example_dags/tutorial_objectstorage.py
[2026-07-17T23:02:22.971+0530] {processor.py:925} INFO - DAG(s) 'tutorial_objectstorage' retrieved from /Users/bhavishyachallagolla/Desktop/RetailSense/.venv/lib/python3.12/site-packages/airflow/example_dags/tutorial_objectstorage.py
[2026-07-17T23:02:22.996+0530] {logging_mixin.py:190} INFO - [2026-07-17T23:02:22.996+0530] {dag.py:3239} INFO - Sync 1 DAGs
[2026-07-17T23:02:22.999+0530] {logging_mixin.py:190} INFO - [2026-07-17T23:02:22.999+0530] {dag.py:4180} INFO - Setting next_dagrun for tutorial_objectstorage to None, run_after=None
[2026-07-17T23:02:23.004+0530] {processor.py:208} INFO - Processing /Users/bhavishyachallagolla/Desktop/RetailSense/.venv/lib/python3.12/site-packages/airflow/example_dags/tutorial_objectstorage.py took 0.048 seconds
[2026-07-17T23:03:13.543+0530] {processor.py:186} INFO - Started process (PID=95798) to work on /Users/bhavishyachallagolla/Desktop/RetailSense/.venv/lib/python3.12/site-packages/airflow/example_dags/tutorial_objectstorage.py
[2026-07-17T23:03:13.543+0530] {processor.py:914} INFO - Processing file /Users/bhavishyachallagolla/Desktop/RetailSense/.venv/lib/python3.12/site-packages/airflow/example_dags/tutorial_objectstorage.py for tasks to queue
[2026-07-17T23:03:13.544+0530] {logging_mixin.py:190} INFO - [2026-07-17T23:03:13.544+0530] {dagbag.py:588} INFO - Filling up the DagBag from /Users/bhavishyachallagolla/Desktop/RetailSense/.venv/lib/python3.12/site-packages/airflow/example_dags/tutorial_objectstorage.py
[2026-07-17T23:03:13.555+0530] {processor.py:925} INFO - DAG(s) 'tutorial_objectstorage' retrieved from /Users/bhavishyachallagolla/Desktop/RetailSense/.venv/lib/python3.12/site-packages/airflow/example_dags/tutorial_objectstorage.py
[2026-07-17T23:03:13.579+0530] {logging_mixin.py:190} INFO - [2026-07-17T23:03:13.579+0530] {dag.py:3239} INFO - Sync 1 DAGs
[2026-07-17T23:03:13.582+0530] {logging_mixin.py:190} INFO - [2026-07-17T23:03:13.582+0530] {dag.py:4180} INFO - Setting next_dagrun for tutorial_objectstorage to None, run_after=None
[2026-07-17T23:03:13.586+0530] {processor.py:208} INFO - Processing /Users/bhavishyachallagolla/Desktop/RetailSense/.venv/lib/python3.12/site-packages/airflow/example_dags/tutorial_objectstorage.py took 0.044 seconds
[2026-07-17T23:04:02.501+0530] {processor.py:186} INFO - Started process (PID=95871) to work on /Users/bhavishyachallagolla/Desktop/RetailSense/.venv/lib/python3.12/site-packages/airflow/example_dags/tutorial_objectstorage.py
[2026-07-17T23:04:02.502+0530] {processor.py:914} INFO - Processing file /Users/bhavishyachallagolla/Desktop/RetailSense/.venv/lib/python3.12/site-packages/airflow/example_dags/tutorial_objectstorage.py for tasks to queue
[2026-07-17T23:04:02.502+0530] {logging_mixin.py:190} INFO - [2026-07-17T23:04:02.502+0530] {dagbag.py:588} INFO - Filling up the DagBag from /Users/bhavishyachallagolla/Desktop/RetailSense/.venv/lib/python3.12/site-packages/airflow/example_dags/tutorial_objectstorage.py
[2026-07-17T23:04:02.514+0530] {processor.py:925} INFO - DAG(s) 'tutorial_objectstorage' retrieved from /Users/bhavishyachallagolla/Desktop/RetailSense/.venv/lib/python3.12/site-packages/airflow/example_dags/tutorial_objectstorage.py
[2026-07-17T23:04:02.537+0530] {logging_mixin.py:190} INFO - [2026-07-17T23:04:02.537+0530] {dag.py:3239} INFO - Sync 1 DAGs
[2026-07-17T23:04:02.540+0530] {logging_mixin.py:190} INFO - [2026-07-17T23:04:02.539+0530] {dag.py:4180} INFO - Setting next_dagrun for tutorial_objectstorage to None, run_after=None
[2026-07-17T23:04:02.544+0530] {processor.py:208} INFO - Processing /Users/bhavishyachallagolla/Desktop/RetailSense/.venv/lib/python3.12/site-packages/airflow/example_dags/tutorial_objectstorage.py took 0.044 seconds
[2026-07-17T23:04:53.191+0530] {processor.py:186} INFO - Started process (PID=95945) to work on /Users/bhavishyachallagolla/Desktop/RetailSense/.venv/lib/python3.12/site-packages/airflow/example_dags/tutorial_objectstorage.py
[2026-07-17T23:04:53.191+0530] {processor.py:914} INFO - Processing file /Users/bhavishyachallagolla/Desktop/RetailSense/.venv/lib/python3.12/site-packages/airflow/example_dags/tutorial_objectstorage.py for tasks to queue
[2026-07-17T23:04:53.191+0530] {logging_mixin.py:190} INFO - [2026-07-17T23:04:53.191+0530] {dagbag.py:588} INFO - Filling up the DagBag from /Users/bhavishyachallagolla/Desktop/RetailSense/.venv/lib/python3.12/site-packages/airflow/example_dags/tutorial_objectstorage.py
[2026-07-17T23:04:53.203+0530] {processor.py:925} INFO - DAG(s) 'tutorial_objectstorage' retrieved from /Users/bhavishyachallagolla/Desktop/RetailSense/.venv/lib/python3.12/site-packages/airflow/example_dags/tutorial_objectstorage.py
[2026-07-17T23:04:53.227+0530] {logging_mixin.py:190} INFO - [2026-07-17T23:04:53.227+0530] {dag.py:3239} INFO - Sync 1 DAGs
[2026-07-17T23:04:53.230+0530] {logging_mixin.py:190} INFO - [2026-07-17T23:04:53.230+0530] {dag.py:4180} INFO - Setting next_dagrun for tutorial_objectstorage to None, run_after=None
[2026-07-17T23:04:53.234+0530] {processor.py:208} INFO - Processing /Users/bhavishyachallagolla/Desktop/RetailSense/.venv/lib/python3.12/site-packages/airflow/example_dags/tutorial_objectstorage.py took 0.045 seconds
[2026-07-17T23:05:43.965+0530] {processor.py:186} INFO - Started process (PID=96023) to work on /Users/bhavishyachallagolla/Desktop/RetailSense/.venv/lib/python3.12/site-packages/airflow/example_dags/tutorial_objectstorage.py
[2026-07-17T23:05:43.965+0530] {processor.py:914} INFO - Processing file /Users/bhavishyachallagolla/Desktop/RetailSense/.venv/lib/python3.12/site-packages/airflow/example_dags/tutorial_objectstorage.py for tasks to queue
[2026-07-17T23:05:43.965+0530] {logging_mixin.py:190} INFO - [2026-07-17T23:05:43.965+0530] {dagbag.py:588} INFO - Filling up the DagBag from /Users/bhavishyachallagolla/Desktop/RetailSense/.venv/lib/python3.12/site-packages/airflow/example_dags/tutorial_objectstorage.py
[2026-07-17T23:05:43.977+0530] {processor.py:925} INFO - DAG(s) 'tutorial_objectstorage' retrieved from /Users/bhavishyachallagolla/Desktop/RetailSense/.venv/lib/python3.12/site-packages/airflow/example_dags/tutorial_objectstorage.py
[2026-07-17T23:05:44.001+0530] {logging_mixin.py:190} INFO - [2026-07-17T23:05:44.001+0530] {dag.py:3239} INFO - Sync 1 DAGs
[2026-07-17T23:05:44.003+0530] {logging_mixin.py:190} INFO - [2026-07-17T23:05:44.003+0530] {dag.py:4180} INFO - Setting next_dagrun for tutorial_objectstorage to None, run_after=None
[2026-07-17T23:05:44.008+0530] {processor.py:208} INFO - Processing /Users/bhavishyachallagolla/Desktop/RetailSense/.venv/lib/python3.12/site-packages/airflow/example_dags/tutorial_objectstorage.py took 0.044 seconds
[2026-07-17T23:06:34.318+0530] {processor.py:186} INFO - Started process (PID=96097) to work on /Users/bhavishyachallagolla/Desktop/RetailSense/.venv/lib/python3.12/site-packages/airflow/example_dags/tutorial_objectstorage.py
[2026-07-17T23:06:34.319+0530] {processor.py:914} INFO - Processing file /Users/bhavishyachallagolla/Desktop/RetailSense/.venv/lib/python3.12/site-packages/airflow/example_dags/tutorial_objectstorage.py for tasks to queue
[2026-07-17T23:06:34.319+0530] {logging_mixin.py:190} INFO - [2026-07-17T23:06:34.319+0530] {dagbag.py:588} INFO - Filling up the DagBag from /Users/bhavishyachallagolla/Desktop/RetailSense/.venv/lib/python3.12/site-packages/airflow/example_dags/tutorial_objectstorage.py
[2026-07-17T23:06:34.330+0530] {processor.py:925} INFO - DAG(s) 'tutorial_objectstorage' retrieved from /Users/bhavishyachallagolla/Desktop/RetailSense/.venv/lib/python3.12/site-packages/airflow/example_dags/tutorial_objectstorage.py
[2026-07-17T23:06:34.353+0530] {logging_mixin.py:190} INFO - [2026-07-17T23:06:34.353+0530] {dag.py:3239} INFO - Sync 1 DAGs
[2026-07-17T23:06:34.356+0530] {logging_mixin.py:190} INFO - [2026-07-17T23:06:34.356+0530] {dag.py:4180} INFO - Setting next_dagrun for tutorial_objectstorage to None, run_after=None
[2026-07-17T23:06:34.361+0530] {processor.py:208} INFO - Processing /Users/bhavishyachallagolla/Desktop/RetailSense/.venv/lib/python3.12/site-packages/airflow/example_dags/tutorial_objectstorage.py took 0.043 seconds
[2026-07-17T23:07:24.725+0530] {processor.py:186} INFO - Started process (PID=96173) to work on /Users/bhavishyachallagolla/Desktop/RetailSense/.venv/lib/python3.12/site-packages/airflow/example_dags/tutorial_objectstorage.py
[2026-07-17T23:07:24.725+0530] {processor.py:914} INFO - Processing file /Users/bhavishyachallagolla/Desktop/RetailSense/.venv/lib/python3.12/site-packages/airflow/example_dags/tutorial_objectstorage.py for tasks to queue
[2026-07-17T23:07:24.725+0530] {logging_mixin.py:190} INFO - [2026-07-17T23:07:24.725+0530] {dagbag.py:588} INFO - Filling up the DagBag from /Users/bhavishyachallagolla/Desktop/RetailSense/.venv/lib/python3.12/site-packages/airflow/example_dags/tutorial_objectstorage.py
[2026-07-17T23:07:24.737+0530] {processor.py:925} INFO - DAG(s) 'tutorial_objectstorage' retrieved from /Users/bhavishyachallagolla/Desktop/RetailSense/.venv/lib/python3.12/site-packages/airflow/example_dags/tutorial_objectstorage.py
[2026-07-17T23:07:24.760+0530] {logging_mixin.py:190} INFO - [2026-07-17T23:07:24.760+0530] {dag.py:3239} INFO - Sync 1 DAGs
[2026-07-17T23:07:24.762+0530] {logging_mixin.py:190} INFO - [2026-07-17T23:07:24.762+0530] {dag.py:4180} INFO - Setting next_dagrun for tutorial_objectstorage to None, run_after=None
[2026-07-17T23:07:24.767+0530] {processor.py:208} INFO - Processing /Users/bhavishyachallagolla/Desktop/RetailSense/.venv/lib/python3.12/site-packages/airflow/example_dags/tutorial_objectstorage.py took 0.043 seconds
[2026-07-17T23:08:15.159+0530] {processor.py:186} INFO - Started process (PID=96257) to work on /Users/bhavishyachallagolla/Desktop/RetailSense/.venv/lib/python3.12/site-packages/airflow/example_dags/tutorial_objectstorage.py
[2026-07-17T23:08:15.160+0530] {processor.py:914} INFO - Processing file /Users/bhavishyachallagolla/Desktop/RetailSense/.venv/lib/python3.12/site-packages/airflow/example_dags/tutorial_objectstorage.py for tasks to queue
[2026-07-17T23:08:15.160+0530] {logging_mixin.py:190} INFO - [2026-07-17T23:08:15.160+0530] {dagbag.py:588} INFO - Filling up the DagBag from /Users/bhavishyachallagolla/Desktop/RetailSense/.venv/lib/python3.12/site-packages/airflow/example_dags/tutorial_objectstorage.py
[2026-07-17T23:08:15.172+0530] {processor.py:925} INFO - DAG(s) 'tutorial_objectstorage' retrieved from /Users/bhavishyachallagolla/Desktop/RetailSense/.venv/lib/python3.12/site-packages/airflow/example_dags/tutorial_objectstorage.py
[2026-07-17T23:08:15.196+0530] {logging_mixin.py:190} INFO - [2026-07-17T23:08:15.196+0530] {dag.py:3239} INFO - Sync 1 DAGs
[2026-07-17T23:08:15.199+0530] {logging_mixin.py:190} INFO - [2026-07-17T23:08:15.199+0530] {dag.py:4180} INFO - Setting next_dagrun for tutorial_objectstorage to None, run_after=None
[2026-07-17T23:08:15.204+0530] {processor.py:208} INFO - Processing /Users/bhavishyachallagolla/Desktop/RetailSense/.venv/lib/python3.12/site-packages/airflow/example_dags/tutorial_objectstorage.py took 0.046 seconds
[2026-07-17T23:09:05.474+0530] {processor.py:186} INFO - Started process (PID=96334) to work on /Users/bhavishyachallagolla/Desktop/RetailSense/.venv/lib/python3.12/site-packages/airflow/example_dags/tutorial_objectstorage.py
[2026-07-17T23:09:05.474+0530] {processor.py:914} INFO - Processing file /Users/bhavishyachallagolla/Desktop/RetailSense/.venv/lib/python3.12/site-packages/airflow/example_dags/tutorial_objectstorage.py for tasks to queue
[2026-07-17T23:09:05.474+0530] {logging_mixin.py:190} INFO - [2026-07-17T23:09:05.474+0530] {dagbag.py:588} INFO - Filling up the DagBag from /Users/bhavishyachallagolla/Desktop/RetailSense/.venv/lib/python3.12/site-packages/airflow/example_dags/tutorial_objectstorage.py
[2026-07-17T23:09:05.487+0530] {processor.py:925} INFO - DAG(s) 'tutorial_objectstorage' retrieved from /Users/bhavishyachallagolla/Desktop/RetailSense/.venv/lib/python3.12/site-packages/airflow/example_dags/tutorial_objectstorage.py
[2026-07-17T23:09:05.512+0530] {logging_mixin.py:190} INFO - [2026-07-17T23:09:05.512+0530] {dag.py:3239} INFO - Sync 1 DAGs
[2026-07-17T23:09:05.515+0530] {logging_mixin.py:190} INFO - [2026-07-17T23:09:05.515+0530] {dag.py:4180} INFO - Setting next_dagrun for tutorial_objectstorage to None, run_after=None
[2026-07-17T23:09:05.520+0530] {processor.py:208} INFO - Processing /Users/bhavishyachallagolla/Desktop/RetailSense/.venv/lib/python3.12/site-packages/airflow/example_dags/tutorial_objectstorage.py took 0.047 seconds
[2026-07-17T23:09:55.258+0530] {processor.py:186} INFO - Started process (PID=96406) to work on /Users/bhavishyachallagolla/Desktop/RetailSense/.venv/lib/python3.12/site-packages/airflow/example_dags/tutorial_objectstorage.py
[2026-07-17T23:09:55.258+0530] {processor.py:914} INFO - Processing file /Users/bhavishyachallagolla/Desktop/RetailSense/.venv/lib/python3.12/site-packages/airflow/example_dags/tutorial_objectstorage.py for tasks to queue
[2026-07-17T23:09:55.258+0530] {logging_mixin.py:190} INFO - [2026-07-17T23:09:55.258+0530] {dagbag.py:588} INFO - Filling up the DagBag from /Users/bhavishyachallagolla/Desktop/RetailSense/.venv/lib/python3.12/site-packages/airflow/example_dags/tutorial_objectstorage.py
[2026-07-17T23:09:55.270+0530] {processor.py:925} INFO - DAG(s) 'tutorial_objectstorage' retrieved from /Users/bhavishyachallagolla/Desktop/RetailSense/.venv/lib/python3.12/site-packages/airflow/example_dags/tutorial_objectstorage.py
[2026-07-17T23:09:55.295+0530] {logging_mixin.py:190} INFO - [2026-07-17T23:09:55.294+0530] {dag.py:3239} INFO - Sync 1 DAGs
[2026-07-17T23:09:55.297+0530] {logging_mixin.py:190} INFO - [2026-07-17T23:09:55.297+0530] {dag.py:4180} INFO - Setting next_dagrun for tutorial_objectstorage to None, run_after=None
[2026-07-17T23:09:55.302+0530] {processor.py:208} INFO - Processing /Users/bhavishyachallagolla/Desktop/RetailSense/.venv/lib/python3.12/site-packages/airflow/example_dags/tutorial_objectstorage.py took 0.045 seconds
[2026-07-17T23:10:43.874+0530] {processor.py:186} INFO - Started process (PID=96481) to work on /Users/bhavishyachallagolla/Desktop/RetailSense/.venv/lib/python3.12/site-packages/airflow/example_dags/tutorial_objectstorage.py
[2026-07-17T23:10:43.875+0530] {processor.py:914} INFO - Processing file /Users/bhavishyachallagolla/Desktop/RetailSense/.venv/lib/python3.12/site-packages/airflow/example_dags/tutorial_objectstorage.py for tasks to queue
[2026-07-17T23:10:43.875+0530] {logging_mixin.py:190} INFO - [2026-07-17T23:10:43.875+0530] {dagbag.py:588} INFO - Filling up the DagBag from /Users/bhavishyachallagolla/Desktop/RetailSense/.venv/lib/python3.12/site-packages/airflow/example_dags/tutorial_objectstorage.py
[2026-07-17T23:10:43.888+0530] {processor.py:925} INFO - DAG(s) 'tutorial_objectstorage' retrieved from /Users/bhavishyachallagolla/Desktop/RetailSense/.venv/lib/python3.12/site-packages/airflow/example_dags/tutorial_objectstorage.py
[2026-07-17T23:10:43.913+0530] {logging_mixin.py:190} INFO - [2026-07-17T23:10:43.912+0530] {dag.py:3239} INFO - Sync 1 DAGs
[2026-07-17T23:10:43.916+0530] {logging_mixin.py:190} INFO - [2026-07-17T23:10:43.916+0530] {dag.py:4180} INFO - Setting next_dagrun for tutorial_objectstorage to None, run_after=None
[2026-07-17T23:10:43.921+0530] {processor.py:208} INFO - Processing /Users/bhavishyachallagolla/Desktop/RetailSense/.venv/lib/python3.12/site-packages/airflow/example_dags/tutorial_objectstorage.py took 0.048 seconds
[2026-07-17T23:11:32.872+0530] {processor.py:186} INFO - Started process (PID=96554) to work on /Users/bhavishyachallagolla/Desktop/RetailSense/.venv/lib/python3.12/site-packages/airflow/example_dags/tutorial_objectstorage.py
[2026-07-17T23:11:32.873+0530] {processor.py:914} INFO - Processing file /Users/bhavishyachallagolla/Desktop/RetailSense/.venv/lib/python3.12/site-packages/airflow/example_dags/tutorial_objectstorage.py for tasks to queue
[2026-07-17T23:11:32.873+0530] {logging_mixin.py:190} INFO - [2026-07-17T23:11:32.873+0530] {dagbag.py:588} INFO - Filling up the DagBag from /Users/bhavishyachallagolla/Desktop/RetailSense/.venv/lib/python3.12/site-packages/airflow/example_dags/tutorial_objectstorage.py
[2026-07-17T23:11:32.885+0530] {processor.py:925} INFO - DAG(s) 'tutorial_objectstorage' retrieved from /Users/bhavishyachallagolla/Desktop/RetailSense/.venv/lib/python3.12/site-packages/airflow/example_dags/tutorial_objectstorage.py
[2026-07-17T23:11:32.909+0530] {logging_mixin.py:190} INFO - [2026-07-17T23:11:32.909+0530] {dag.py:3239} INFO - Sync 1 DAGs
[2026-07-17T23:11:32.912+0530] {logging_mixin.py:190} INFO - [2026-07-17T23:11:32.911+0530] {dag.py:4180} INFO - Setting next_dagrun for tutorial_objectstorage to None, run_after=None
[2026-07-17T23:11:32.916+0530] {processor.py:208} INFO - Processing /Users/bhavishyachallagolla/Desktop/RetailSense/.venv/lib/python3.12/site-packages/airflow/example_dags/tutorial_objectstorage.py took 0.045 seconds
[2026-07-17T23:12:21.613+0530] {processor.py:186} INFO - Started process (PID=96695) to work on /Users/bhavishyachallagolla/Desktop/RetailSense/.venv/lib/python3.12/site-packages/airflow/example_dags/tutorial_objectstorage.py
[2026-07-17T23:12:21.613+0530] {processor.py:914} INFO - Processing file /Users/bhavishyachallagolla/Desktop/RetailSense/.venv/lib/python3.12/site-packages/airflow/example_dags/tutorial_objectstorage.py for tasks to queue
[2026-07-17T23:12:21.614+0530] {logging_mixin.py:190} INFO - [2026-07-17T23:12:21.614+0530] {dagbag.py:588} INFO - Filling up the DagBag from /Users/bhavishyachallagolla/Desktop/RetailSense/.venv/lib/python3.12/site-packages/airflow/example_dags/tutorial_objectstorage.py
[2026-07-17T23:12:21.626+0530] {processor.py:925} INFO - DAG(s) 'tutorial_objectstorage' retrieved from /Users/bhavishyachallagolla/Desktop/RetailSense/.venv/lib/python3.12/site-packages/airflow/example_dags/tutorial_objectstorage.py
[2026-07-17T23:12:21.651+0530] {logging_mixin.py:190} INFO - [2026-07-17T23:12:21.650+0530] {dag.py:3239} INFO - Sync 1 DAGs
[2026-07-17T23:12:21.653+0530] {logging_mixin.py:190} INFO - [2026-07-17T23:12:21.653+0530] {dag.py:4180} INFO - Setting next_dagrun for tutorial_objectstorage to None, run_after=None
[2026-07-17T23:12:21.658+0530] {processor.py:208} INFO - Processing /Users/bhavishyachallagolla/Desktop/RetailSense/.venv/lib/python3.12/site-packages/airflow/example_dags/tutorial_objectstorage.py took 0.046 seconds
[2026-07-17T23:13:10.455+0530] {processor.py:186} INFO - Started process (PID=96771) to work on /Users/bhavishyachallagolla/Desktop/RetailSense/.venv/lib/python3.12/site-packages/airflow/example_dags/tutorial_objectstorage.py
[2026-07-17T23:13:10.455+0530] {processor.py:914} INFO - Processing file /Users/bhavishyachallagolla/Desktop/RetailSense/.venv/lib/python3.12/site-packages/airflow/example_dags/tutorial_objectstorage.py for tasks to queue
[2026-07-17T23:13:10.455+0530] {logging_mixin.py:190} INFO - [2026-07-17T23:13:10.455+0530] {dagbag.py:588} INFO - Filling up the DagBag from /Users/bhavishyachallagolla/Desktop/RetailSense/.venv/lib/python3.12/site-packages/airflow/example_dags/tutorial_objectstorage.py
[2026-07-17T23:13:10.467+0530] {processor.py:925} INFO - DAG(s) 'tutorial_objectstorage' retrieved from /Users/bhavishyachallagolla/Desktop/RetailSense/.venv/lib/python3.12/site-packages/airflow/example_dags/tutorial_objectstorage.py
[2026-07-17T23:13:10.490+0530] {logging_mixin.py:190} INFO - [2026-07-17T23:13:10.490+0530] {dag.py:3239} INFO - Sync 1 DAGs
[2026-07-17T23:13:10.493+0530] {logging_mixin.py:190} INFO - [2026-07-17T23:13:10.493+0530] {dag.py:4180} INFO - Setting next_dagrun for tutorial_objectstorage to None, run_after=None
[2026-07-17T23:13:10.498+0530] {processor.py:208} INFO - Processing /Users/bhavishyachallagolla/Desktop/RetailSense/.venv/lib/python3.12/site-packages/airflow/example_dags/tutorial_objectstorage.py took 0.044 seconds
[2026-07-17T23:14:00.996+0530] {processor.py:186} INFO - Started process (PID=96847) to work on /Users/bhavishyachallagolla/Desktop/RetailSense/.venv/lib/python3.12/site-packages/airflow/example_dags/tutorial_objectstorage.py
[2026-07-17T23:14:00.997+0530] {processor.py:914} INFO - Processing file /Users/bhavishyachallagolla/Desktop/RetailSense/.venv/lib/python3.12/site-packages/airflow/example_dags/tutorial_objectstorage.py for tasks to queue
[2026-07-17T23:14:00.997+0530] {logging_mixin.py:190} INFO - [2026-07-17T23:14:00.997+0530] {dagbag.py:588} INFO - Filling up the DagBag from /Users/bhavishyachallagolla/Desktop/RetailSense/.venv/lib/python3.12/site-packages/airflow/example_dags/tutorial_objectstorage.py
[2026-07-17T23:14:01.009+0530] {processor.py:925} INFO - DAG(s) 'tutorial_objectstorage' retrieved from /Users/bhavishyachallagolla/Desktop/RetailSense/.venv/lib/python3.12/site-packages/airflow/example_dags/tutorial_objectstorage.py
[2026-07-17T23:14:01.033+0530] {logging_mixin.py:190} INFO - [2026-07-17T23:14:01.033+0530] {dag.py:3239} INFO - Sync 1 DAGs
[2026-07-17T23:14:01.036+0530] {logging_mixin.py:190} INFO - [2026-07-17T23:14:01.036+0530] {dag.py:4180} INFO - Setting next_dagrun for tutorial_objectstorage to None, run_after=None
[2026-07-17T23:14:01.040+0530] {processor.py:208} INFO - Processing /Users/bhavishyachallagolla/Desktop/RetailSense/.venv/lib/python3.12/site-packages/airflow/example_dags/tutorial_objectstorage.py took 0.045 seconds
[2026-07-17T23:14:52.618+0530] {processor.py:186} INFO - Started process (PID=96934) to work on /Users/bhavishyachallagolla/Desktop/RetailSense/.venv/lib/python3.12/site-packages/airflow/example_dags/tutorial_objectstorage.py
[2026-07-17T23:14:52.618+0530] {processor.py:914} INFO - Processing file /Users/bhavishyachallagolla/Desktop/RetailSense/.venv/lib/python3.12/site-packages/airflow/example_dags/tutorial_objectstorage.py for tasks to queue
[2026-07-17T23:14:52.619+0530] {logging_mixin.py:190} INFO - [2026-07-17T23:14:52.619+0530] {dagbag.py:588} INFO - Filling up the DagBag from /Users/bhavishyachallagolla/Desktop/RetailSense/.venv/lib/python3.12/site-packages/airflow/example_dags/tutorial_objectstorage.py
[2026-07-17T23:14:52.631+0530] {processor.py:925} INFO - DAG(s) 'tutorial_objectstorage' retrieved from /Users/bhavishyachallagolla/Desktop/RetailSense/.venv/lib/python3.12/site-packages/airflow/example_dags/tutorial_objectstorage.py
[2026-07-17T23:14:52.655+0530] {logging_mixin.py:190} INFO - [2026-07-17T23:14:52.655+0530] {dag.py:3239} INFO - Sync 1 DAGs
[2026-07-17T23:14:52.658+0530] {logging_mixin.py:190} INFO - [2026-07-17T23:14:52.658+0530] {dag.py:4180} INFO - Setting next_dagrun for tutorial_objectstorage to None, run_after=None
[2026-07-17T23:14:52.662+0530] {processor.py:208} INFO - Processing /Users/bhavishyachallagolla/Desktop/RetailSense/.venv/lib/python3.12/site-packages/airflow/example_dags/tutorial_objectstorage.py took 0.045 seconds
[2026-07-17T23:15:44.726+0530] {processor.py:186} INFO - Started process (PID=97018) to work on /Users/bhavishyachallagolla/Desktop/RetailSense/.venv/lib/python3.12/site-packages/airflow/example_dags/tutorial_objectstorage.py
[2026-07-17T23:15:44.726+0530] {processor.py:914} INFO - Processing file /Users/bhavishyachallagolla/Desktop/RetailSense/.venv/lib/python3.12/site-packages/airflow/example_dags/tutorial_objectstorage.py for tasks to queue
[2026-07-17T23:15:44.726+0530] {logging_mixin.py:190} INFO - [2026-07-17T23:15:44.726+0530] {dagbag.py:588} INFO - Filling up the DagBag from /Users/bhavishyachallagolla/Desktop/RetailSense/.venv/lib/python3.12/site-packages/airflow/example_dags/tutorial_objectstorage.py
[2026-07-17T23:15:44.738+0530] {processor.py:925} INFO - DAG(s) 'tutorial_objectstorage' retrieved from /Users/bhavishyachallagolla/Desktop/RetailSense/.venv/lib/python3.12/site-packages/airflow/example_dags/tutorial_objectstorage.py
[2026-07-17T23:15:44.761+0530] {logging_mixin.py:190} INFO - [2026-07-17T23:15:44.761+0530] {dag.py:3239} INFO - Sync 1 DAGs
[2026-07-17T23:15:44.764+0530] {logging_mixin.py:190} INFO - [2026-07-17T23:15:44.764+0530] {dag.py:4180} INFO - Setting next_dagrun for tutorial_objectstorage to None, run_after=None
[2026-07-17T23:15:44.769+0530] {processor.py:208} INFO - Processing /Users/bhavishyachallagolla/Desktop/RetailSense/.venv/lib/python3.12/site-packages/airflow/example_dags/tutorial_objectstorage.py took 0.044 seconds
[2026-07-17T23:16:35.798+0530] {processor.py:186} INFO - Started process (PID=97138) to work on /Users/bhavishyachallagolla/Desktop/RetailSense/.venv/lib/python3.12/site-packages/airflow/example_dags/tutorial_objectstorage.py
[2026-07-17T23:16:35.798+0530] {processor.py:914} INFO - Processing file /Users/bhavishyachallagolla/Desktop/RetailSense/.venv/lib/python3.12/site-packages/airflow/example_dags/tutorial_objectstorage.py for tasks to queue
[2026-07-17T23:16:35.798+0530] {logging_mixin.py:190} INFO - [2026-07-17T23:16:35.798+0530] {dagbag.py:588} INFO - Filling up the DagBag from /Users/bhavishyachallagolla/Desktop/RetailSense/.venv/lib/python3.12/site-packages/airflow/example_dags/tutorial_objectstorage.py
[2026-07-17T23:16:35.810+0530] {processor.py:925} INFO - DAG(s) 'tutorial_objectstorage' retrieved from /Users/bhavishyachallagolla/Desktop/RetailSense/.venv/lib/python3.12/site-packages/airflow/example_dags/tutorial_objectstorage.py
[2026-07-17T23:16:35.833+0530] {logging_mixin.py:190} INFO - [2026-07-17T23:16:35.833+0530] {dag.py:3239} INFO - Sync 1 DAGs
[2026-07-17T23:16:35.836+0530] {logging_mixin.py:190} INFO - [2026-07-17T23:16:35.836+0530] {dag.py:4180} INFO - Setting next_dagrun for tutorial_objectstorage to None, run_after=None
[2026-07-17T23:16:35.841+0530] {processor.py:208} INFO - Processing /Users/bhavishyachallagolla/Desktop/RetailSense/.venv/lib/python3.12/site-packages/airflow/example_dags/tutorial_objectstorage.py took 0.044 seconds
[2026-07-17T23:17:26.372+0530] {processor.py:186} INFO - Started process (PID=97239) to work on /Users/bhavishyachallagolla/Desktop/RetailSense/.venv/lib/python3.12/site-packages/airflow/example_dags/tutorial_objectstorage.py
[2026-07-17T23:17:26.373+0530] {processor.py:914} INFO - Processing file /Users/bhavishyachallagolla/Desktop/RetailSense/.venv/lib/python3.12/site-packages/airflow/example_dags/tutorial_objectstorage.py for tasks to queue
[2026-07-17T23:17:26.373+0530] {logging_mixin.py:190} INFO - [2026-07-17T23:17:26.373+0530] {dagbag.py:588} INFO - Filling up the DagBag from /Users/bhavishyachallagolla/Desktop/RetailSense/.venv/lib/python3.12/site-packages/airflow/example_dags/tutorial_objectstorage.py
[2026-07-17T23:17:26.385+0530] {processor.py:925} INFO - DAG(s) 'tutorial_objectstorage' retrieved from /Users/bhavishyachallagolla/Desktop/RetailSense/.venv/lib/python3.12/site-packages/airflow/example_dags/tutorial_objectstorage.py
[2026-07-17T23:17:26.409+0530] {logging_mixin.py:190} INFO - [2026-07-17T23:17:26.409+0530] {dag.py:3239} INFO - Sync 1 DAGs
[2026-07-17T23:17:26.412+0530] {logging_mixin.py:190} INFO - [2026-07-17T23:17:26.412+0530] {dag.py:4180} INFO - Setting next_dagrun for tutorial_objectstorage to None, run_after=None
[2026-07-17T23:17:26.417+0530] {processor.py:208} INFO - Processing /Users/bhavishyachallagolla/Desktop/RetailSense/.venv/lib/python3.12/site-packages/airflow/example_dags/tutorial_objectstorage.py took 0.045 seconds
[2026-07-17T23:18:17.445+0530] {processor.py:186} INFO - Started process (PID=97350) to work on /Users/bhavishyachallagolla/Desktop/RetailSense/.venv/lib/python3.12/site-packages/airflow/example_dags/tutorial_objectstorage.py
[2026-07-17T23:18:17.445+0530] {processor.py:914} INFO - Processing file /Users/bhavishyachallagolla/Desktop/RetailSense/.venv/lib/python3.12/site-packages/airflow/example_dags/tutorial_objectstorage.py for tasks to queue
[2026-07-17T23:18:17.445+0530] {logging_mixin.py:190} INFO - [2026-07-17T23:18:17.445+0530] {dagbag.py:588} INFO - Filling up the DagBag from /Users/bhavishyachallagolla/Desktop/RetailSense/.venv/lib/python3.12/site-packages/airflow/example_dags/tutorial_objectstorage.py
[2026-07-17T23:18:17.457+0530] {processor.py:925} INFO - DAG(s) 'tutorial_objectstorage' retrieved from /Users/bhavishyachallagolla/Desktop/RetailSense/.venv/lib/python3.12/site-packages/airflow/example_dags/tutorial_objectstorage.py
[2026-07-17T23:18:17.481+0530] {logging_mixin.py:190} INFO - [2026-07-17T23:18:17.481+0530] {dag.py:3239} INFO - Sync 1 DAGs
[2026-07-17T23:18:17.484+0530] {logging_mixin.py:190} INFO - [2026-07-17T23:18:17.484+0530] {dag.py:4180} INFO - Setting next_dagrun for tutorial_objectstorage to None, run_after=None
[2026-07-17T23:18:17.489+0530] {processor.py:208} INFO - Processing /Users/bhavishyachallagolla/Desktop/RetailSense/.venv/lib/python3.12/site-packages/airflow/example_dags/tutorial_objectstorage.py took 0.045 seconds
[2026-07-17T23:19:09.479+0530] {processor.py:186} INFO - Started process (PID=97427) to work on /Users/bhavishyachallagolla/Desktop/RetailSense/.venv/lib/python3.12/site-packages/airflow/example_dags/tutorial_objectstorage.py
[2026-07-17T23:19:09.479+0530] {processor.py:914} INFO - Processing file /Users/bhavishyachallagolla/Desktop/RetailSense/.venv/lib/python3.12/site-packages/airflow/example_dags/tutorial_objectstorage.py for tasks to queue
[2026-07-17T23:19:09.479+0530] {logging_mixin.py:190} INFO - [2026-07-17T23:19:09.479+0530] {dagbag.py:588} INFO - Filling up the DagBag from /Users/bhavishyachallagolla/Desktop/RetailSense/.venv/lib/python3.12/site-packages/airflow/example_dags/tutorial_objectstorage.py
[2026-07-17T23:19:09.492+0530] {processor.py:925} INFO - DAG(s) 'tutorial_objectstorage' retrieved from /Users/bhavishyachallagolla/Desktop/RetailSense/.venv/lib/python3.12/site-packages/airflow/example_dags/tutorial_objectstorage.py
[2026-07-17T23:19:09.516+0530] {logging_mixin.py:190} INFO - [2026-07-17T23:19:09.516+0530] {dag.py:3239} INFO - Sync 1 DAGs
[2026-07-17T23:19:09.519+0530] {logging_mixin.py:190} INFO - [2026-07-17T23:19:09.519+0530] {dag.py:4180} INFO - Setting next_dagrun for tutorial_objectstorage to None, run_after=None
[2026-07-17T23:19:09.524+0530] {processor.py:208} INFO - Processing /Users/bhavishyachallagolla/Desktop/RetailSense/.venv/lib/python3.12/site-packages/airflow/example_dags/tutorial_objectstorage.py took 0.046 seconds
[2026-07-17T23:20:00.024+0530] {processor.py:186} INFO - Started process (PID=97502) to work on /Users/bhavishyachallagolla/Desktop/RetailSense/.venv/lib/python3.12/site-packages/airflow/example_dags/tutorial_objectstorage.py
[2026-07-17T23:20:00.025+0530] {processor.py:914} INFO - Processing file /Users/bhavishyachallagolla/Desktop/RetailSense/.venv/lib/python3.12/site-packages/airflow/example_dags/tutorial_objectstorage.py for tasks to queue
[2026-07-17T23:20:00.025+0530] {logging_mixin.py:190} INFO - [2026-07-17T23:20:00.025+0530] {dagbag.py:588} INFO - Filling up the DagBag from /Users/bhavishyachallagolla/Desktop/RetailSense/.venv/lib/python3.12/site-packages/airflow/example_dags/tutorial_objectstorage.py
[2026-07-17T23:20:00.037+0530] {processor.py:925} INFO - DAG(s) 'tutorial_objectstorage' retrieved from /Users/bhavishyachallagolla/Desktop/RetailSense/.venv/lib/python3.12/site-packages/airflow/example_dags/tutorial_objectstorage.py
[2026-07-17T23:20:00.061+0530] {logging_mixin.py:190} INFO - [2026-07-17T23:20:00.061+0530] {dag.py:3239} INFO - Sync 1 DAGs
[2026-07-17T23:20:00.064+0530] {logging_mixin.py:190} INFO - [2026-07-17T23:20:00.064+0530] {dag.py:4180} INFO - Setting next_dagrun for tutorial_objectstorage to None, run_after=None
[2026-07-17T23:20:00.069+0530] {processor.py:208} INFO - Processing /Users/bhavishyachallagolla/Desktop/RetailSense/.venv/lib/python3.12/site-packages/airflow/example_dags/tutorial_objectstorage.py took 0.046 seconds
[2026-07-17T23:20:50.408+0530] {processor.py:186} INFO - Started process (PID=97578) to work on /Users/bhavishyachallagolla/Desktop/RetailSense/.venv/lib/python3.12/site-packages/airflow/example_dags/tutorial_objectstorage.py
[2026-07-17T23:20:50.408+0530] {processor.py:914} INFO - Processing file /Users/bhavishyachallagolla/Desktop/RetailSense/.venv/lib/python3.12/site-packages/airflow/example_dags/tutorial_objectstorage.py for tasks to queue
[2026-07-17T23:20:50.409+0530] {logging_mixin.py:190} INFO - [2026-07-17T23:20:50.409+0530] {dagbag.py:588} INFO - Filling up the DagBag from /Users/bhavishyachallagolla/Desktop/RetailSense/.venv/lib/python3.12/site-packages/airflow/example_dags/tutorial_objectstorage.py
[2026-07-17T23:20:50.420+0530] {processor.py:925} INFO - DAG(s) 'tutorial_objectstorage' retrieved from /Users/bhavishyachallagolla/Desktop/RetailSense/.venv/lib/python3.12/site-packages/airflow/example_dags/tutorial_objectstorage.py
[2026-07-17T23:20:50.444+0530] {logging_mixin.py:190} INFO - [2026-07-17T23:20:50.444+0530] {dag.py:3239} INFO - Sync 1 DAGs
[2026-07-17T23:20:50.447+0530] {logging_mixin.py:190} INFO - [2026-07-17T23:20:50.447+0530] {dag.py:4180} INFO - Setting next_dagrun for tutorial_objectstorage to None, run_after=None
[2026-07-17T23:20:50.452+0530] {processor.py:208} INFO - Processing /Users/bhavishyachallagolla/Desktop/RetailSense/.venv/lib/python3.12/site-packages/airflow/example_dags/tutorial_objectstorage.py took 0.045 seconds
[2026-07-17T23:21:41.037+0530] {processor.py:186} INFO - Started process (PID=97653) to work on /Users/bhavishyachallagolla/Desktop/RetailSense/.venv/lib/python3.12/site-packages/airflow/example_dags/tutorial_objectstorage.py
[2026-07-17T23:21:41.037+0530] {processor.py:914} INFO - Processing file /Users/bhavishyachallagolla/Desktop/RetailSense/.venv/lib/python3.12/site-packages/airflow/example_dags/tutorial_objectstorage.py for tasks to queue
[2026-07-17T23:21:41.038+0530] {logging_mixin.py:190} INFO - [2026-07-17T23:21:41.038+0530] {dagbag.py:588} INFO - Filling up the DagBag from /Users/bhavishyachallagolla/Desktop/RetailSense/.venv/lib/python3.12/site-packages/airflow/example_dags/tutorial_objectstorage.py
[2026-07-17T23:21:41.050+0530] {processor.py:925} INFO - DAG(s) 'tutorial_objectstorage' retrieved from /Users/bhavishyachallagolla/Desktop/RetailSense/.venv/lib/python3.12/site-packages/airflow/example_dags/tutorial_objectstorage.py
[2026-07-17T23:21:41.074+0530] {logging_mixin.py:190} INFO - [2026-07-17T23:21:41.074+0530] {dag.py:3239} INFO - Sync 1 DAGs
[2026-07-17T23:21:41.077+0530] {logging_mixin.py:190} INFO - [2026-07-17T23:21:41.077+0530] {dag.py:4180} INFO - Setting next_dagrun for tutorial_objectstorage to None, run_after=None
[2026-07-17T23:21:41.083+0530] {processor.py:208} INFO - Processing /Users/bhavishyachallagolla/Desktop/RetailSense/.venv/lib/python3.12/site-packages/airflow/example_dags/tutorial_objectstorage.py took 0.047 seconds
[2026-07-17T23:22:31.644+0530] {processor.py:186} INFO - Started process (PID=97729) to work on /Users/bhavishyachallagolla/Desktop/RetailSense/.venv/lib/python3.12/site-packages/airflow/example_dags/tutorial_objectstorage.py
[2026-07-17T23:22:31.645+0530] {processor.py:914} INFO - Processing file /Users/bhavishyachallagolla/Desktop/RetailSense/.venv/lib/python3.12/site-packages/airflow/example_dags/tutorial_objectstorage.py for tasks to queue
[2026-07-17T23:22:31.645+0530] {logging_mixin.py:190} INFO - [2026-07-17T23:22:31.645+0530] {dagbag.py:588} INFO - Filling up the DagBag from /Users/bhavishyachallagolla/Desktop/RetailSense/.venv/lib/python3.12/site-packages/airflow/example_dags/tutorial_objectstorage.py
[2026-07-17T23:22:31.658+0530] {processor.py:925} INFO - DAG(s) 'tutorial_objectstorage' retrieved from /Users/bhavishyachallagolla/Desktop/RetailSense/.venv/lib/python3.12/site-packages/airflow/example_dags/tutorial_objectstorage.py
[2026-07-17T23:22:31.685+0530] {logging_mixin.py:190} INFO - [2026-07-17T23:22:31.685+0530] {dag.py:3239} INFO - Sync 1 DAGs
[2026-07-17T23:22:31.688+0530] {logging_mixin.py:190} INFO - [2026-07-17T23:22:31.688+0530] {dag.py:4180} INFO - Setting next_dagrun for tutorial_objectstorage to None, run_after=None
[2026-07-17T23:22:31.692+0530] {processor.py:208} INFO - Processing /Users/bhavishyachallagolla/Desktop/RetailSense/.venv/lib/python3.12/site-packages/airflow/example_dags/tutorial_objectstorage.py took 0.049 seconds
[2026-07-17T23:23:22.124+0530] {processor.py:186} INFO - Started process (PID=97805) to work on /Users/bhavishyachallagolla/Desktop/RetailSense/.venv/lib/python3.12/site-packages/airflow/example_dags/tutorial_objectstorage.py
[2026-07-17T23:23:22.124+0530] {processor.py:914} INFO - Processing file /Users/bhavishyachallagolla/Desktop/RetailSense/.venv/lib/python3.12/site-packages/airflow/example_dags/tutorial_objectstorage.py for tasks to queue
[2026-07-17T23:23:22.125+0530] {logging_mixin.py:190} INFO - [2026-07-17T23:23:22.125+0530] {dagbag.py:588} INFO - Filling up the DagBag from /Users/bhavishyachallagolla/Desktop/RetailSense/.venv/lib/python3.12/site-packages/airflow/example_dags/tutorial_objectstorage.py
[2026-07-17T23:23:22.137+0530] {processor.py:925} INFO - DAG(s) 'tutorial_objectstorage' retrieved from /Users/bhavishyachallagolla/Desktop/RetailSense/.venv/lib/python3.12/site-packages/airflow/example_dags/tutorial_objectstorage.py
[2026-07-17T23:23:22.161+0530] {logging_mixin.py:190} INFO - [2026-07-17T23:23:22.161+0530] {dag.py:3239} INFO - Sync 1 DAGs
[2026-07-17T23:23:22.164+0530] {logging_mixin.py:190} INFO - [2026-07-17T23:23:22.164+0530] {dag.py:4180} INFO - Setting next_dagrun for tutorial_objectstorage to None, run_after=None
[2026-07-17T23:23:22.169+0530] {processor.py:208} INFO - Processing /Users/bhavishyachallagolla/Desktop/RetailSense/.venv/lib/python3.12/site-packages/airflow/example_dags/tutorial_objectstorage.py took 0.046 seconds
[2026-07-17T23:24:11.315+0530] {processor.py:186} INFO - Started process (PID=97880) to work on /Users/bhavishyachallagolla/Desktop/RetailSense/.venv/lib/python3.12/site-packages/airflow/example_dags/tutorial_objectstorage.py
[2026-07-17T23:24:11.315+0530] {processor.py:914} INFO - Processing file /Users/bhavishyachallagolla/Desktop/RetailSense/.venv/lib/python3.12/site-packages/airflow/example_dags/tutorial_objectstorage.py for tasks to queue
[2026-07-17T23:24:11.315+0530] {logging_mixin.py:190} INFO - [2026-07-17T23:24:11.315+0530] {dagbag.py:588} INFO - Filling up the DagBag from /Users/bhavishyachallagolla/Desktop/RetailSense/.venv/lib/python3.12/site-packages/airflow/example_dags/tutorial_objectstorage.py
[2026-07-17T23:24:11.327+0530] {processor.py:925} INFO - DAG(s) 'tutorial_objectstorage' retrieved from /Users/bhavishyachallagolla/Desktop/RetailSense/.venv/lib/python3.12/site-packages/airflow/example_dags/tutorial_objectstorage.py
[2026-07-17T23:24:11.351+0530] {logging_mixin.py:190} INFO - [2026-07-17T23:24:11.351+0530] {dag.py:3239} INFO - Sync 1 DAGs
[2026-07-17T23:24:11.353+0530] {logging_mixin.py:190} INFO - [2026-07-17T23:24:11.353+0530] {dag.py:4180} INFO - Setting next_dagrun for tutorial_objectstorage to None, run_after=None
[2026-07-17T23:24:11.358+0530] {processor.py:208} INFO - Processing /Users/bhavishyachallagolla/Desktop/RetailSense/.venv/lib/python3.12/site-packages/airflow/example_dags/tutorial_objectstorage.py took 0.045 seconds
[2026-07-17T23:25:02.315+0530] {processor.py:186} INFO - Started process (PID=97956) to work on /Users/bhavishyachallagolla/Desktop/RetailSense/.venv/lib/python3.12/site-packages/airflow/example_dags/tutorial_objectstorage.py
[2026-07-17T23:25:02.315+0530] {processor.py:914} INFO - Processing file /Users/bhavishyachallagolla/Desktop/RetailSense/.venv/lib/python3.12/site-packages/airflow/example_dags/tutorial_objectstorage.py for tasks to queue
[2026-07-17T23:25:02.315+0530] {logging_mixin.py:190} INFO - [2026-07-17T23:25:02.315+0530] {dagbag.py:588} INFO - Filling up the DagBag from /Users/bhavishyachallagolla/Desktop/RetailSense/.venv/lib/python3.12/site-packages/airflow/example_dags/tutorial_objectstorage.py
[2026-07-17T23:25:02.327+0530] {processor.py:925} INFO - DAG(s) 'tutorial_objectstorage' retrieved from /Users/bhavishyachallagolla/Desktop/RetailSense/.venv/lib/python3.12/site-packages/airflow/example_dags/tutorial_objectstorage.py
[2026-07-17T23:25:02.350+0530] {logging_mixin.py:190} INFO - [2026-07-17T23:25:02.350+0530] {dag.py:3239} INFO - Sync 1 DAGs
[2026-07-17T23:25:02.353+0530] {logging_mixin.py:190} INFO - [2026-07-17T23:25:02.353+0530] {dag.py:4180} INFO - Setting next_dagrun for tutorial_objectstorage to None, run_after=None
[2026-07-17T23:25:02.357+0530] {processor.py:208} INFO - Processing /Users/bhavishyachallagolla/Desktop/RetailSense/.venv/lib/python3.12/site-packages/airflow/example_dags/tutorial_objectstorage.py took 0.044 seconds
[2026-07-17T23:25:52.706+0530] {processor.py:186} INFO - Started process (PID=98031) to work on /Users/bhavishyachallagolla/Desktop/RetailSense/.venv/lib/python3.12/site-packages/airflow/example_dags/tutorial_objectstorage.py
[2026-07-17T23:25:52.707+0530] {processor.py:914} INFO - Processing file /Users/bhavishyachallagolla/Desktop/RetailSense/.venv/lib/python3.12/site-packages/airflow/example_dags/tutorial_objectstorage.py for tasks to queue
[2026-07-17T23:25:52.707+0530] {logging_mixin.py:190} INFO - [2026-07-17T23:25:52.707+0530] {dagbag.py:588} INFO - Filling up the DagBag from /Users/bhavishyachallagolla/Desktop/RetailSense/.venv/lib/python3.12/site-packages/airflow/example_dags/tutorial_objectstorage.py
[2026-07-17T23:25:52.718+0530] {processor.py:925} INFO - DAG(s) 'tutorial_objectstorage' retrieved from /Users/bhavishyachallagolla/Desktop/RetailSense/.venv/lib/python3.12/site-packages/airflow/example_dags/tutorial_objectstorage.py
[2026-07-17T23:25:52.742+0530] {logging_mixin.py:190} INFO - [2026-07-17T23:25:52.742+0530] {dag.py:3239} INFO - Sync 1 DAGs
[2026-07-17T23:25:52.745+0530] {logging_mixin.py:190} INFO - [2026-07-17T23:25:52.744+0530] {dag.py:4180} INFO - Setting next_dagrun for tutorial_objectstorage to None, run_after=None
[2026-07-17T23:25:52.749+0530] {processor.py:208} INFO - Processing /Users/bhavishyachallagolla/Desktop/RetailSense/.venv/lib/python3.12/site-packages/airflow/example_dags/tutorial_objectstorage.py took 0.044 seconds
[2026-07-17T23:26:43.422+0530] {processor.py:186} INFO - Started process (PID=98106) to work on /Users/bhavishyachallagolla/Desktop/RetailSense/.venv/lib/python3.12/site-packages/airflow/example_dags/tutorial_objectstorage.py
[2026-07-17T23:26:43.423+0530] {processor.py:914} INFO - Processing file /Users/bhavishyachallagolla/Desktop/RetailSense/.venv/lib/python3.12/site-packages/airflow/example_dags/tutorial_objectstorage.py for tasks to queue
[2026-07-17T23:26:43.423+0530] {logging_mixin.py:190} INFO - [2026-07-17T23:26:43.423+0530] {dagbag.py:588} INFO - Filling up the DagBag from /Users/bhavishyachallagolla/Desktop/RetailSense/.venv/lib/python3.12/site-packages/airflow/example_dags/tutorial_objectstorage.py
[2026-07-17T23:26:43.436+0530] {processor.py:925} INFO - DAG(s) 'tutorial_objectstorage' retrieved from /Users/bhavishyachallagolla/Desktop/RetailSense/.venv/lib/python3.12/site-packages/airflow/example_dags/tutorial_objectstorage.py
[2026-07-17T23:26:43.460+0530] {logging_mixin.py:190} INFO - [2026-07-17T23:26:43.460+0530] {dag.py:3239} INFO - Sync 1 DAGs
[2026-07-17T23:26:43.463+0530] {logging_mixin.py:190} INFO - [2026-07-17T23:26:43.463+0530] {dag.py:4180} INFO - Setting next_dagrun for tutorial_objectstorage to None, run_after=None
[2026-07-17T23:26:43.468+0530] {processor.py:208} INFO - Processing /Users/bhavishyachallagolla/Desktop/RetailSense/.venv/lib/python3.12/site-packages/airflow/example_dags/tutorial_objectstorage.py took 0.047 seconds
[2026-07-17T23:27:36.460+0530] {processor.py:186} INFO - Started process (PID=98191) to work on /Users/bhavishyachallagolla/Desktop/RetailSense/.venv/lib/python3.12/site-packages/airflow/example_dags/tutorial_objectstorage.py
[2026-07-17T23:27:36.461+0530] {processor.py:914} INFO - Processing file /Users/bhavishyachallagolla/Desktop/RetailSense/.venv/lib/python3.12/site-packages/airflow/example_dags/tutorial_objectstorage.py for tasks to queue
[2026-07-17T23:27:36.461+0530] {logging_mixin.py:190} INFO - [2026-07-17T23:27:36.461+0530] {dagbag.py:588} INFO - Filling up the DagBag from /Users/bhavishyachallagolla/Desktop/RetailSense/.venv/lib/python3.12/site-packages/airflow/example_dags/tutorial_objectstorage.py
[2026-07-17T23:27:36.473+0530] {processor.py:925} INFO - DAG(s) 'tutorial_objectstorage' retrieved from /Users/bhavishyachallagolla/Desktop/RetailSense/.venv/lib/python3.12/site-packages/airflow/example_dags/tutorial_objectstorage.py
[2026-07-17T23:27:36.497+0530] {logging_mixin.py:190} INFO - [2026-07-17T23:27:36.497+0530] {dag.py:3239} INFO - Sync 1 DAGs
[2026-07-17T23:27:36.500+0530] {logging_mixin.py:190} INFO - [2026-07-17T23:27:36.500+0530] {dag.py:4180} INFO - Setting next_dagrun for tutorial_objectstorage to None, run_after=None
[2026-07-17T23:27:36.504+0530] {processor.py:208} INFO - Processing /Users/bhavishyachallagolla/Desktop/RetailSense/.venv/lib/python3.12/site-packages/airflow/example_dags/tutorial_objectstorage.py took 0.045 seconds
[2026-07-17T23:28:28.119+0530] {processor.py:186} INFO - Started process (PID=98271) to work on /Users/bhavishyachallagolla/Desktop/RetailSense/.venv/lib/python3.12/site-packages/airflow/example_dags/tutorial_objectstorage.py
[2026-07-17T23:28:28.120+0530] {processor.py:914} INFO - Processing file /Users/bhavishyachallagolla/Desktop/RetailSense/.venv/lib/python3.12/site-packages/airflow/example_dags/tutorial_objectstorage.py for tasks to queue
[2026-07-17T23:28:28.120+0530] {logging_mixin.py:190} INFO - [2026-07-17T23:28:28.120+0530] {dagbag.py:588} INFO - Filling up the DagBag from /Users/bhavishyachallagolla/Desktop/RetailSense/.venv/lib/python3.12/site-packages/airflow/example_dags/tutorial_objectstorage.py
[2026-07-17T23:28:28.132+0530] {processor.py:925} INFO - DAG(s) 'tutorial_objectstorage' retrieved from /Users/bhavishyachallagolla/Desktop/RetailSense/.venv/lib/python3.12/site-packages/airflow/example_dags/tutorial_objectstorage.py
[2026-07-17T23:28:28.156+0530] {logging_mixin.py:190} INFO - [2026-07-17T23:28:28.156+0530] {dag.py:3239} INFO - Sync 1 DAGs
[2026-07-17T23:28:28.158+0530] {logging_mixin.py:190} INFO - [2026-07-17T23:28:28.158+0530] {dag.py:4180} INFO - Setting next_dagrun for tutorial_objectstorage to None, run_after=None
[2026-07-17T23:28:28.163+0530] {processor.py:208} INFO - Processing /Users/bhavishyachallagolla/Desktop/RetailSense/.venv/lib/python3.12/site-packages/airflow/example_dags/tutorial_objectstorage.py took 0.045 seconds
[2026-07-17T23:29:19.334+0530] {processor.py:186} INFO - Started process (PID=98346) to work on /Users/bhavishyachallagolla/Desktop/RetailSense/.venv/lib/python3.12/site-packages/airflow/example_dags/tutorial_objectstorage.py
[2026-07-17T23:29:19.334+0530] {processor.py:914} INFO - Processing file /Users/bhavishyachallagolla/Desktop/RetailSense/.venv/lib/python3.12/site-packages/airflow/example_dags/tutorial_objectstorage.py for tasks to queue
[2026-07-17T23:29:19.335+0530] {logging_mixin.py:190} INFO - [2026-07-17T23:29:19.335+0530] {dagbag.py:588} INFO - Filling up the DagBag from /Users/bhavishyachallagolla/Desktop/RetailSense/.venv/lib/python3.12/site-packages/airflow/example_dags/tutorial_objectstorage.py
[2026-07-17T23:29:19.347+0530] {processor.py:925} INFO - DAG(s) 'tutorial_objectstorage' retrieved from /Users/bhavishyachallagolla/Desktop/RetailSense/.venv/lib/python3.12/site-packages/airflow/example_dags/tutorial_objectstorage.py
[2026-07-17T23:29:19.371+0530] {logging_mixin.py:190} INFO - [2026-07-17T23:29:19.371+0530] {dag.py:3239} INFO - Sync 1 DAGs
[2026-07-17T23:29:19.373+0530] {logging_mixin.py:190} INFO - [2026-07-17T23:29:19.373+0530] {dag.py:4180} INFO - Setting next_dagrun for tutorial_objectstorage to None, run_after=None
[2026-07-17T23:29:19.378+0530] {processor.py:208} INFO - Processing /Users/bhavishyachallagolla/Desktop/RetailSense/.venv/lib/python3.12/site-packages/airflow/example_dags/tutorial_objectstorage.py took 0.045 seconds
[2026-07-17T23:30:10.119+0530] {processor.py:186} INFO - Started process (PID=98449) to work on /Users/bhavishyachallagolla/Desktop/RetailSense/.venv/lib/python3.12/site-packages/airflow/example_dags/tutorial_objectstorage.py
[2026-07-17T23:30:10.120+0530] {processor.py:914} INFO - Processing file /Users/bhavishyachallagolla/Desktop/RetailSense/.venv/lib/python3.12/site-packages/airflow/example_dags/tutorial_objectstorage.py for tasks to queue
[2026-07-17T23:30:10.120+0530] {logging_mixin.py:190} INFO - [2026-07-17T23:30:10.120+0530] {dagbag.py:588} INFO - Filling up the DagBag from /Users/bhavishyachallagolla/Desktop/RetailSense/.venv/lib/python3.12/site-packages/airflow/example_dags/tutorial_objectstorage.py
[2026-07-17T23:30:10.136+0530] {processor.py:925} INFO - DAG(s) 'tutorial_objectstorage' retrieved from /Users/bhavishyachallagolla/Desktop/RetailSense/.venv/lib/python3.12/site-packages/airflow/example_dags/tutorial_objectstorage.py
[2026-07-17T23:30:10.166+0530] {logging_mixin.py:190} INFO - [2026-07-17T23:30:10.166+0530] {dag.py:3239} INFO - Sync 1 DAGs
[2026-07-17T23:30:10.169+0530] {logging_mixin.py:190} INFO - [2026-07-17T23:30:10.169+0530] {dag.py:4180} INFO - Setting next_dagrun for tutorial_objectstorage to None, run_after=None
[2026-07-17T23:30:10.174+0530] {processor.py:208} INFO - Processing /Users/bhavishyachallagolla/Desktop/RetailSense/.venv/lib/python3.12/site-packages/airflow/example_dags/tutorial_objectstorage.py took 0.057 seconds
[2026-07-17T23:31:03.495+0530] {processor.py:186} INFO - Started process (PID=98547) to work on /Users/bhavishyachallagolla/Desktop/RetailSense/.venv/lib/python3.12/site-packages/airflow/example_dags/tutorial_objectstorage.py
[2026-07-17T23:31:03.495+0530] {processor.py:914} INFO - Processing file /Users/bhavishyachallagolla/Desktop/RetailSense/.venv/lib/python3.12/site-packages/airflow/example_dags/tutorial_objectstorage.py for tasks to queue
[2026-07-17T23:31:03.496+0530] {logging_mixin.py:190} INFO - [2026-07-17T23:31:03.496+0530] {dagbag.py:588} INFO - Filling up the DagBag from /Users/bhavishyachallagolla/Desktop/RetailSense/.venv/lib/python3.12/site-packages/airflow/example_dags/tutorial_objectstorage.py
[2026-07-17T23:31:03.508+0530] {processor.py:925} INFO - DAG(s) 'tutorial_objectstorage' retrieved from /Users/bhavishyachallagolla/Desktop/RetailSense/.venv/lib/python3.12/site-packages/airflow/example_dags/tutorial_objectstorage.py
[2026-07-17T23:31:03.533+0530] {logging_mixin.py:190} INFO - [2026-07-17T23:31:03.533+0530] {dag.py:3239} INFO - Sync 1 DAGs
[2026-07-17T23:31:03.536+0530] {logging_mixin.py:190} INFO - [2026-07-17T23:31:03.536+0530] {dag.py:4180} INFO - Setting next_dagrun for tutorial_objectstorage to None, run_after=None
[2026-07-17T23:31:03.541+0530] {processor.py:208} INFO - Processing /Users/bhavishyachallagolla/Desktop/RetailSense/.venv/lib/python3.12/site-packages/airflow/example_dags/tutorial_objectstorage.py took 0.047 seconds
[2026-07-17T23:31:55.873+0530] {processor.py:186} INFO - Started process (PID=98623) to work on /Users/bhavishyachallagolla/Desktop/RetailSense/.venv/lib/python3.12/site-packages/airflow/example_dags/tutorial_objectstorage.py
[2026-07-17T23:31:55.873+0530] {processor.py:914} INFO - Processing file /Users/bhavishyachallagolla/Desktop/RetailSense/.venv/lib/python3.12/site-packages/airflow/example_dags/tutorial_objectstorage.py for tasks to queue
[2026-07-17T23:31:55.874+0530] {logging_mixin.py:190} INFO - [2026-07-17T23:31:55.874+0530] {dagbag.py:588} INFO - Filling up the DagBag from /Users/bhavishyachallagolla/Desktop/RetailSense/.venv/lib/python3.12/site-packages/airflow/example_dags/tutorial_objectstorage.py
[2026-07-17T23:31:55.886+0530] {processor.py:925} INFO - DAG(s) 'tutorial_objectstorage' retrieved from /Users/bhavishyachallagolla/Desktop/RetailSense/.venv/lib/python3.12/site-packages/airflow/example_dags/tutorial_objectstorage.py
[2026-07-17T23:31:55.911+0530] {logging_mixin.py:190} INFO - [2026-07-17T23:31:55.911+0530] {dag.py:3239} INFO - Sync 1 DAGs
[2026-07-17T23:31:55.914+0530] {logging_mixin.py:190} INFO - [2026-07-17T23:31:55.914+0530] {dag.py:4180} INFO - Setting next_dagrun for tutorial_objectstorage to None, run_after=None
[2026-07-17T23:31:55.919+0530] {processor.py:208} INFO - Processing /Users/bhavishyachallagolla/Desktop/RetailSense/.venv/lib/python3.12/site-packages/airflow/example_dags/tutorial_objectstorage.py took 0.047 seconds
[2026-07-17T23:32:50.846+0530] {processor.py:186} INFO - Started process (PID=98711) to work on /Users/bhavishyachallagolla/Desktop/RetailSense/.venv/lib/python3.12/site-packages/airflow/example_dags/tutorial_objectstorage.py
[2026-07-17T23:32:50.846+0530] {processor.py:914} INFO - Processing file /Users/bhavishyachallagolla/Desktop/RetailSense/.venv/lib/python3.12/site-packages/airflow/example_dags/tutorial_objectstorage.py for tasks to queue
[2026-07-17T23:32:50.846+0530] {logging_mixin.py:190} INFO - [2026-07-17T23:32:50.846+0530] {dagbag.py:588} INFO - Filling up the DagBag from /Users/bhavishyachallagolla/Desktop/RetailSense/.venv/lib/python3.12/site-packages/airflow/example_dags/tutorial_objectstorage.py
[2026-07-17T23:32:50.858+0530] {processor.py:925} INFO - DAG(s) 'tutorial_objectstorage' retrieved from /Users/bhavishyachallagolla/Desktop/RetailSense/.venv/lib/python3.12/site-packages/airflow/example_dags/tutorial_objectstorage.py
[2026-07-17T23:32:50.881+0530] {logging_mixin.py:190} INFO - [2026-07-17T23:32:50.881+0530] {dag.py:3239} INFO - Sync 1 DAGs
[2026-07-17T23:32:50.884+0530] {logging_mixin.py:190} INFO - [2026-07-17T23:32:50.884+0530] {dag.py:4180} INFO - Setting next_dagrun for tutorial_objectstorage to None, run_after=None
[2026-07-17T23:32:50.889+0530] {processor.py:208} INFO - Processing /Users/bhavishyachallagolla/Desktop/RetailSense/.venv/lib/python3.12/site-packages/airflow/example_dags/tutorial_objectstorage.py took 0.044 seconds
[2026-07-17T23:33:45.114+0530] {processor.py:186} INFO - Started process (PID=98793) to work on /Users/bhavishyachallagolla/Desktop/RetailSense/.venv/lib/python3.12/site-packages/airflow/example_dags/tutorial_objectstorage.py
[2026-07-17T23:33:45.114+0530] {processor.py:914} INFO - Processing file /Users/bhavishyachallagolla/Desktop/RetailSense/.venv/lib/python3.12/site-packages/airflow/example_dags/tutorial_objectstorage.py for tasks to queue
[2026-07-17T23:33:45.115+0530] {logging_mixin.py:190} INFO - [2026-07-17T23:33:45.115+0530] {dagbag.py:588} INFO - Filling up the DagBag from /Users/bhavishyachallagolla/Desktop/RetailSense/.venv/lib/python3.12/site-packages/airflow/example_dags/tutorial_objectstorage.py
[2026-07-17T23:33:45.126+0530] {processor.py:925} INFO - DAG(s) 'tutorial_objectstorage' retrieved from /Users/bhavishyachallagolla/Desktop/RetailSense/.venv/lib/python3.12/site-packages/airflow/example_dags/tutorial_objectstorage.py
[2026-07-17T23:33:45.150+0530] {logging_mixin.py:190} INFO - [2026-07-17T23:33:45.150+0530] {dag.py:3239} INFO - Sync 1 DAGs
[2026-07-17T23:33:45.153+0530] {logging_mixin.py:190} INFO - [2026-07-17T23:33:45.153+0530] {dag.py:4180} INFO - Setting next_dagrun for tutorial_objectstorage to None, run_after=None
[2026-07-17T23:33:45.158+0530] {processor.py:208} INFO - Processing /Users/bhavishyachallagolla/Desktop/RetailSense/.venv/lib/python3.12/site-packages/airflow/example_dags/tutorial_objectstorage.py took 0.044 seconds
[2026-07-17T23:34:38.142+0530] {processor.py:186} INFO - Started process (PID=98883) to work on /Users/bhavishyachallagolla/Desktop/RetailSense/.venv/lib/python3.12/site-packages/airflow/example_dags/tutorial_objectstorage.py
[2026-07-17T23:34:38.142+0530] {processor.py:914} INFO - Processing file /Users/bhavishyachallagolla/Desktop/RetailSense/.venv/lib/python3.12/site-packages/airflow/example_dags/tutorial_objectstorage.py for tasks to queue
[2026-07-17T23:34:38.143+0530] {logging_mixin.py:190} INFO - [2026-07-17T23:34:38.143+0530] {dagbag.py:588} INFO - Filling up the DagBag from /Users/bhavishyachallagolla/Desktop/RetailSense/.venv/lib/python3.12/site-packages/airflow/example_dags/tutorial_objectstorage.py
[2026-07-17T23:34:38.155+0530] {processor.py:925} INFO - DAG(s) 'tutorial_objectstorage' retrieved from /Users/bhavishyachallagolla/Desktop/RetailSense/.venv/lib/python3.12/site-packages/airflow/example_dags/tutorial_objectstorage.py
[2026-07-17T23:34:38.179+0530] {logging_mixin.py:190} INFO - [2026-07-17T23:34:38.179+0530] {dag.py:3239} INFO - Sync 1 DAGs
[2026-07-17T23:34:38.182+0530] {logging_mixin.py:190} INFO - [2026-07-17T23:34:38.182+0530] {dag.py:4180} INFO - Setting next_dagrun for tutorial_objectstorage to None, run_after=None
[2026-07-17T23:34:38.187+0530] {processor.py:208} INFO - Processing /Users/bhavishyachallagolla/Desktop/RetailSense/.venv/lib/python3.12/site-packages/airflow/example_dags/tutorial_objectstorage.py took 0.046 seconds
[2026-07-17T23:35:28.993+0530] {processor.py:186} INFO - Started process (PID=98960) to work on /Users/bhavishyachallagolla/Desktop/RetailSense/.venv/lib/python3.12/site-packages/airflow/example_dags/tutorial_objectstorage.py
[2026-07-17T23:35:28.994+0530] {processor.py:914} INFO - Processing file /Users/bhavishyachallagolla/Desktop/RetailSense/.venv/lib/python3.12/site-packages/airflow/example_dags/tutorial_objectstorage.py for tasks to queue
[2026-07-17T23:35:28.994+0530] {logging_mixin.py:190} INFO - [2026-07-17T23:35:28.994+0530] {dagbag.py:588} INFO - Filling up the DagBag from /Users/bhavishyachallagolla/Desktop/RetailSense/.venv/lib/python3.12/site-packages/airflow/example_dags/tutorial_objectstorage.py
[2026-07-17T23:35:29.006+0530] {processor.py:925} INFO - DAG(s) 'tutorial_objectstorage' retrieved from /Users/bhavishyachallagolla/Desktop/RetailSense/.venv/lib/python3.12/site-packages/airflow/example_dags/tutorial_objectstorage.py
[2026-07-17T23:35:29.031+0530] {logging_mixin.py:190} INFO - [2026-07-17T23:35:29.031+0530] {dag.py:3239} INFO - Sync 1 DAGs
[2026-07-17T23:35:29.034+0530] {logging_mixin.py:190} INFO - [2026-07-17T23:35:29.034+0530] {dag.py:4180} INFO - Setting next_dagrun for tutorial_objectstorage to None, run_after=None
[2026-07-17T23:35:29.039+0530] {processor.py:208} INFO - Processing /Users/bhavishyachallagolla/Desktop/RetailSense/.venv/lib/python3.12/site-packages/airflow/example_dags/tutorial_objectstorage.py took 0.046 seconds
[2026-07-17T23:36:20.884+0530] {processor.py:186} INFO - Started process (PID=99038) to work on /Users/bhavishyachallagolla/Desktop/RetailSense/.venv/lib/python3.12/site-packages/airflow/example_dags/tutorial_objectstorage.py
[2026-07-17T23:36:20.885+0530] {processor.py:914} INFO - Processing file /Users/bhavishyachallagolla/Desktop/RetailSense/.venv/lib/python3.12/site-packages/airflow/example_dags/tutorial_objectstorage.py for tasks to queue
[2026-07-17T23:36:20.885+0530] {logging_mixin.py:190} INFO - [2026-07-17T23:36:20.885+0530] {dagbag.py:588} INFO - Filling up the DagBag from /Users/bhavishyachallagolla/Desktop/RetailSense/.venv/lib/python3.12/site-packages/airflow/example_dags/tutorial_objectstorage.py
[2026-07-17T23:36:20.896+0530] {processor.py:925} INFO - DAG(s) 'tutorial_objectstorage' retrieved from /Users/bhavishyachallagolla/Desktop/RetailSense/.venv/lib/python3.12/site-packages/airflow/example_dags/tutorial_objectstorage.py
[2026-07-17T23:36:20.920+0530] {logging_mixin.py:190} INFO - [2026-07-17T23:36:20.920+0530] {dag.py:3239} INFO - Sync 1 DAGs
[2026-07-17T23:36:20.922+0530] {logging_mixin.py:190} INFO - [2026-07-17T23:36:20.922+0530] {dag.py:4180} INFO - Setting next_dagrun for tutorial_objectstorage to None, run_after=None
[2026-07-17T23:36:20.927+0530] {processor.py:208} INFO - Processing /Users/bhavishyachallagolla/Desktop/RetailSense/.venv/lib/python3.12/site-packages/airflow/example_dags/tutorial_objectstorage.py took 0.043 seconds
[2026-07-17T23:37:10.653+0530] {processor.py:186} INFO - Started process (PID=99113) to work on /Users/bhavishyachallagolla/Desktop/RetailSense/.venv/lib/python3.12/site-packages/airflow/example_dags/tutorial_objectstorage.py
[2026-07-17T23:37:10.653+0530] {processor.py:914} INFO - Processing file /Users/bhavishyachallagolla/Desktop/RetailSense/.venv/lib/python3.12/site-packages/airflow/example_dags/tutorial_objectstorage.py for tasks to queue
[2026-07-17T23:37:10.653+0530] {logging_mixin.py:190} INFO - [2026-07-17T23:37:10.653+0530] {dagbag.py:588} INFO - Filling up the DagBag from /Users/bhavishyachallagolla/Desktop/RetailSense/.venv/lib/python3.12/site-packages/airflow/example_dags/tutorial_objectstorage.py
[2026-07-17T23:37:10.665+0530] {processor.py:925} INFO - DAG(s) 'tutorial_objectstorage' retrieved from /Users/bhavishyachallagolla/Desktop/RetailSense/.venv/lib/python3.12/site-packages/airflow/example_dags/tutorial_objectstorage.py
[2026-07-17T23:37:10.690+0530] {logging_mixin.py:190} INFO - [2026-07-17T23:37:10.689+0530] {dag.py:3239} INFO - Sync 1 DAGs
[2026-07-17T23:37:10.692+0530] {logging_mixin.py:190} INFO - [2026-07-17T23:37:10.692+0530] {dag.py:4180} INFO - Setting next_dagrun for tutorial_objectstorage to None, run_after=None
[2026-07-17T23:37:10.697+0530] {processor.py:208} INFO - Processing /Users/bhavishyachallagolla/Desktop/RetailSense/.venv/lib/python3.12/site-packages/airflow/example_dags/tutorial_objectstorage.py took 0.045 seconds
[2026-07-17T23:38:01.658+0530] {processor.py:186} INFO - Started process (PID=99190) to work on /Users/bhavishyachallagolla/Desktop/RetailSense/.venv/lib/python3.12/site-packages/airflow/example_dags/tutorial_objectstorage.py
[2026-07-17T23:38:01.658+0530] {processor.py:914} INFO - Processing file /Users/bhavishyachallagolla/Desktop/RetailSense/.venv/lib/python3.12/site-packages/airflow/example_dags/tutorial_objectstorage.py for tasks to queue
[2026-07-17T23:38:01.658+0530] {logging_mixin.py:190} INFO - [2026-07-17T23:38:01.658+0530] {dagbag.py:588} INFO - Filling up the DagBag from /Users/bhavishyachallagolla/Desktop/RetailSense/.venv/lib/python3.12/site-packages/airflow/example_dags/tutorial_objectstorage.py
[2026-07-17T23:38:01.670+0530] {processor.py:925} INFO - DAG(s) 'tutorial_objectstorage' retrieved from /Users/bhavishyachallagolla/Desktop/RetailSense/.venv/lib/python3.12/site-packages/airflow/example_dags/tutorial_objectstorage.py
[2026-07-17T23:38:01.693+0530] {logging_mixin.py:190} INFO - [2026-07-17T23:38:01.693+0530] {dag.py:3239} INFO - Sync 1 DAGs
[2026-07-17T23:38:01.696+0530] {logging_mixin.py:190} INFO - [2026-07-17T23:38:01.696+0530] {dag.py:4180} INFO - Setting next_dagrun for tutorial_objectstorage to None, run_after=None
[2026-07-17T23:38:01.701+0530] {processor.py:208} INFO - Processing /Users/bhavishyachallagolla/Desktop/RetailSense/.venv/lib/python3.12/site-packages/airflow/example_dags/tutorial_objectstorage.py took 0.044 seconds
[2026-07-17T23:38:54.038+0530] {processor.py:186} INFO - Started process (PID=99275) to work on /Users/bhavishyachallagolla/Desktop/RetailSense/.venv/lib/python3.12/site-packages/airflow/example_dags/tutorial_objectstorage.py
[2026-07-17T23:38:54.039+0530] {processor.py:914} INFO - Processing file /Users/bhavishyachallagolla/Desktop/RetailSense/.venv/lib/python3.12/site-packages/airflow/example_dags/tutorial_objectstorage.py for tasks to queue
[2026-07-17T23:38:54.039+0530] {logging_mixin.py:190} INFO - [2026-07-17T23:38:54.039+0530] {dagbag.py:588} INFO - Filling up the DagBag from /Users/bhavishyachallagolla/Desktop/RetailSense/.venv/lib/python3.12/site-packages/airflow/example_dags/tutorial_objectstorage.py
[2026-07-17T23:38:54.051+0530] {processor.py:925} INFO - DAG(s) 'tutorial_objectstorage' retrieved from /Users/bhavishyachallagolla/Desktop/RetailSense/.venv/lib/python3.12/site-packages/airflow/example_dags/tutorial_objectstorage.py
[2026-07-17T23:38:54.074+0530] {logging_mixin.py:190} INFO - [2026-07-17T23:38:54.074+0530] {dag.py:3239} INFO - Sync 1 DAGs
[2026-07-17T23:38:54.077+0530] {logging_mixin.py:190} INFO - [2026-07-17T23:38:54.077+0530] {dag.py:4180} INFO - Setting next_dagrun for tutorial_objectstorage to None, run_after=None
[2026-07-17T23:38:54.082+0530] {processor.py:208} INFO - Processing /Users/bhavishyachallagolla/Desktop/RetailSense/.venv/lib/python3.12/site-packages/airflow/example_dags/tutorial_objectstorage.py took 0.044 seconds
[2026-07-17T23:39:44.377+0530] {processor.py:186} INFO - Started process (PID=99350) to work on /Users/bhavishyachallagolla/Desktop/RetailSense/.venv/lib/python3.12/site-packages/airflow/example_dags/tutorial_objectstorage.py
[2026-07-17T23:39:44.378+0530] {processor.py:914} INFO - Processing file /Users/bhavishyachallagolla/Desktop/RetailSense/.venv/lib/python3.12/site-packages/airflow/example_dags/tutorial_objectstorage.py for tasks to queue
[2026-07-17T23:39:44.378+0530] {logging_mixin.py:190} INFO - [2026-07-17T23:39:44.378+0530] {dagbag.py:588} INFO - Filling up the DagBag from /Users/bhavishyachallagolla/Desktop/RetailSense/.venv/lib/python3.12/site-packages/airflow/example_dags/tutorial_objectstorage.py
[2026-07-17T23:39:44.390+0530] {processor.py:925} INFO - DAG(s) 'tutorial_objectstorage' retrieved from /Users/bhavishyachallagolla/Desktop/RetailSense/.venv/lib/python3.12/site-packages/airflow/example_dags/tutorial_objectstorage.py
[2026-07-17T23:39:44.413+0530] {logging_mixin.py:190} INFO - [2026-07-17T23:39:44.413+0530] {dag.py:3239} INFO - Sync 1 DAGs
[2026-07-17T23:39:44.416+0530] {logging_mixin.py:190} INFO - [2026-07-17T23:39:44.416+0530] {dag.py:4180} INFO - Setting next_dagrun for tutorial_objectstorage to None, run_after=None
[2026-07-17T23:39:44.420+0530] {processor.py:208} INFO - Processing /Users/bhavishyachallagolla/Desktop/RetailSense/.venv/lib/python3.12/site-packages/airflow/example_dags/tutorial_objectstorage.py took 0.044 seconds
[2026-07-17T23:40:34.902+0530] {processor.py:186} INFO - Started process (PID=99429) to work on /Users/bhavishyachallagolla/Desktop/RetailSense/.venv/lib/python3.12/site-packages/airflow/example_dags/tutorial_objectstorage.py
[2026-07-17T23:40:34.902+0530] {processor.py:914} INFO - Processing file /Users/bhavishyachallagolla/Desktop/RetailSense/.venv/lib/python3.12/site-packages/airflow/example_dags/tutorial_objectstorage.py for tasks to queue
[2026-07-17T23:40:34.903+0530] {logging_mixin.py:190} INFO - [2026-07-17T23:40:34.903+0530] {dagbag.py:588} INFO - Filling up the DagBag from /Users/bhavishyachallagolla/Desktop/RetailSense/.venv/lib/python3.12/site-packages/airflow/example_dags/tutorial_objectstorage.py
[2026-07-17T23:40:34.914+0530] {processor.py:925} INFO - DAG(s) 'tutorial_objectstorage' retrieved from /Users/bhavishyachallagolla/Desktop/RetailSense/.venv/lib/python3.12/site-packages/airflow/example_dags/tutorial_objectstorage.py
[2026-07-17T23:40:34.938+0530] {logging_mixin.py:190} INFO - [2026-07-17T23:40:34.938+0530] {dag.py:3239} INFO - Sync 1 DAGs
[2026-07-17T23:40:34.941+0530] {logging_mixin.py:190} INFO - [2026-07-17T23:40:34.941+0530] {dag.py:4180} INFO - Setting next_dagrun for tutorial_objectstorage to None, run_after=None
[2026-07-17T23:40:34.946+0530] {processor.py:208} INFO - Processing /Users/bhavishyachallagolla/Desktop/RetailSense/.venv/lib/python3.12/site-packages/airflow/example_dags/tutorial_objectstorage.py took 0.045 seconds
[2026-07-17T23:41:26.200+0530] {processor.py:186} INFO - Started process (PID=99506) to work on /Users/bhavishyachallagolla/Desktop/RetailSense/.venv/lib/python3.12/site-packages/airflow/example_dags/tutorial_objectstorage.py
[2026-07-17T23:41:26.201+0530] {processor.py:914} INFO - Processing file /Users/bhavishyachallagolla/Desktop/RetailSense/.venv/lib/python3.12/site-packages/airflow/example_dags/tutorial_objectstorage.py for tasks to queue
[2026-07-17T23:41:26.201+0530] {logging_mixin.py:190} INFO - [2026-07-17T23:41:26.201+0530] {dagbag.py:588} INFO - Filling up the DagBag from /Users/bhavishyachallagolla/Desktop/RetailSense/.venv/lib/python3.12/site-packages/airflow/example_dags/tutorial_objectstorage.py
[2026-07-17T23:41:26.213+0530] {processor.py:925} INFO - DAG(s) 'tutorial_objectstorage' retrieved from /Users/bhavishyachallagolla/Desktop/RetailSense/.venv/lib/python3.12/site-packages/airflow/example_dags/tutorial_objectstorage.py
[2026-07-17T23:41:26.237+0530] {logging_mixin.py:190} INFO - [2026-07-17T23:41:26.236+0530] {dag.py:3239} INFO - Sync 1 DAGs
[2026-07-17T23:41:26.239+0530] {logging_mixin.py:190} INFO - [2026-07-17T23:41:26.239+0530] {dag.py:4180} INFO - Setting next_dagrun for tutorial_objectstorage to None, run_after=None
[2026-07-17T23:41:26.244+0530] {processor.py:208} INFO - Processing /Users/bhavishyachallagolla/Desktop/RetailSense/.venv/lib/python3.12/site-packages/airflow/example_dags/tutorial_objectstorage.py took 0.045 seconds
[2026-07-17T23:42:18.971+0530] {processor.py:186} INFO - Started process (PID=99588) to work on /Users/bhavishyachallagolla/Desktop/RetailSense/.venv/lib/python3.12/site-packages/airflow/example_dags/tutorial_objectstorage.py
[2026-07-17T23:42:18.972+0530] {processor.py:914} INFO - Processing file /Users/bhavishyachallagolla/Desktop/RetailSense/.venv/lib/python3.12/site-packages/airflow/example_dags/tutorial_objectstorage.py for tasks to queue
[2026-07-17T23:42:18.972+0530] {logging_mixin.py:190} INFO - [2026-07-17T23:42:18.972+0530] {dagbag.py:588} INFO - Filling up the DagBag from /Users/bhavishyachallagolla/Desktop/RetailSense/.venv/lib/python3.12/site-packages/airflow/example_dags/tutorial_objectstorage.py
[2026-07-17T23:42:18.984+0530] {processor.py:925} INFO - DAG(s) 'tutorial_objectstorage' retrieved from /Users/bhavishyachallagolla/Desktop/RetailSense/.venv/lib/python3.12/site-packages/airflow/example_dags/tutorial_objectstorage.py
[2026-07-17T23:42:19.009+0530] {logging_mixin.py:190} INFO - [2026-07-17T23:42:19.009+0530] {dag.py:3239} INFO - Sync 1 DAGs
[2026-07-17T23:42:19.012+0530] {logging_mixin.py:190} INFO - [2026-07-17T23:42:19.012+0530] {dag.py:4180} INFO - Setting next_dagrun for tutorial_objectstorage to None, run_after=None
[2026-07-17T23:42:19.016+0530] {processor.py:208} INFO - Processing /Users/bhavishyachallagolla/Desktop/RetailSense/.venv/lib/python3.12/site-packages/airflow/example_dags/tutorial_objectstorage.py took 0.046 seconds
[2026-07-17T23:43:08.460+0530] {processor.py:186} INFO - Started process (PID=99664) to work on /Users/bhavishyachallagolla/Desktop/RetailSense/.venv/lib/python3.12/site-packages/airflow/example_dags/tutorial_objectstorage.py
[2026-07-17T23:43:08.460+0530] {processor.py:914} INFO - Processing file /Users/bhavishyachallagolla/Desktop/RetailSense/.venv/lib/python3.12/site-packages/airflow/example_dags/tutorial_objectstorage.py for tasks to queue
[2026-07-17T23:43:08.460+0530] {logging_mixin.py:190} INFO - [2026-07-17T23:43:08.460+0530] {dagbag.py:588} INFO - Filling up the DagBag from /Users/bhavishyachallagolla/Desktop/RetailSense/.venv/lib/python3.12/site-packages/airflow/example_dags/tutorial_objectstorage.py
[2026-07-17T23:43:08.473+0530] {processor.py:925} INFO - DAG(s) 'tutorial_objectstorage' retrieved from /Users/bhavishyachallagolla/Desktop/RetailSense/.venv/lib/python3.12/site-packages/airflow/example_dags/tutorial_objectstorage.py
[2026-07-17T23:43:08.499+0530] {logging_mixin.py:190} INFO - [2026-07-17T23:43:08.498+0530] {dag.py:3239} INFO - Sync 1 DAGs
[2026-07-17T23:43:08.501+0530] {logging_mixin.py:190} INFO - [2026-07-17T23:43:08.501+0530] {dag.py:4180} INFO - Setting next_dagrun for tutorial_objectstorage to None, run_after=None
[2026-07-17T23:43:08.506+0530] {processor.py:208} INFO - Processing /Users/bhavishyachallagolla/Desktop/RetailSense/.venv/lib/python3.12/site-packages/airflow/example_dags/tutorial_objectstorage.py took 0.048 seconds
[2026-07-17T23:43:58.926+0530] {processor.py:186} INFO - Started process (PID=99741) to work on /Users/bhavishyachallagolla/Desktop/RetailSense/.venv/lib/python3.12/site-packages/airflow/example_dags/tutorial_objectstorage.py
[2026-07-17T23:43:58.927+0530] {processor.py:914} INFO - Processing file /Users/bhavishyachallagolla/Desktop/RetailSense/.venv/lib/python3.12/site-packages/airflow/example_dags/tutorial_objectstorage.py for tasks to queue
[2026-07-17T23:43:58.928+0530] {logging_mixin.py:190} INFO - [2026-07-17T23:43:58.928+0530] {dagbag.py:588} INFO - Filling up the DagBag from /Users/bhavishyachallagolla/Desktop/RetailSense/.venv/lib/python3.12/site-packages/airflow/example_dags/tutorial_objectstorage.py
[2026-07-17T23:43:58.940+0530] {processor.py:925} INFO - DAG(s) 'tutorial_objectstorage' retrieved from /Users/bhavishyachallagolla/Desktop/RetailSense/.venv/lib/python3.12/site-packages/airflow/example_dags/tutorial_objectstorage.py
[2026-07-17T23:43:58.964+0530] {logging_mixin.py:190} INFO - [2026-07-17T23:43:58.964+0530] {dag.py:3239} INFO - Sync 1 DAGs
[2026-07-17T23:43:58.967+0530] {logging_mixin.py:190} INFO - [2026-07-17T23:43:58.967+0530] {dag.py:4180} INFO - Setting next_dagrun for tutorial_objectstorage to None, run_after=None
[2026-07-17T23:43:58.972+0530] {processor.py:208} INFO - Processing /Users/bhavishyachallagolla/Desktop/RetailSense/.venv/lib/python3.12/site-packages/airflow/example_dags/tutorial_objectstorage.py took 0.046 seconds
[2026-07-17T23:44:50.300+0530] {processor.py:186} INFO - Started process (PID=99818) to work on /Users/bhavishyachallagolla/Desktop/RetailSense/.venv/lib/python3.12/site-packages/airflow/example_dags/tutorial_objectstorage.py
[2026-07-17T23:44:50.300+0530] {processor.py:914} INFO - Processing file /Users/bhavishyachallagolla/Desktop/RetailSense/.venv/lib/python3.12/site-packages/airflow/example_dags/tutorial_objectstorage.py for tasks to queue
[2026-07-17T23:44:50.300+0530] {logging_mixin.py:190} INFO - [2026-07-17T23:44:50.300+0530] {dagbag.py:588} INFO - Filling up the DagBag from /Users/bhavishyachallagolla/Desktop/RetailSense/.venv/lib/python3.12/site-packages/airflow/example_dags/tutorial_objectstorage.py
[2026-07-17T23:44:50.312+0530] {processor.py:925} INFO - DAG(s) 'tutorial_objectstorage' retrieved from /Users/bhavishyachallagolla/Desktop/RetailSense/.venv/lib/python3.12/site-packages/airflow/example_dags/tutorial_objectstorage.py
[2026-07-17T23:44:50.336+0530] {logging_mixin.py:190} INFO - [2026-07-17T23:44:50.336+0530] {dag.py:3239} INFO - Sync 1 DAGs
[2026-07-17T23:44:50.339+0530] {logging_mixin.py:190} INFO - [2026-07-17T23:44:50.339+0530] {dag.py:4180} INFO - Setting next_dagrun for tutorial_objectstorage to None, run_after=None
[2026-07-17T23:44:50.344+0530] {processor.py:208} INFO - Processing /Users/bhavishyachallagolla/Desktop/RetailSense/.venv/lib/python3.12/site-packages/airflow/example_dags/tutorial_objectstorage.py took 0.045 seconds
[2026-07-17T23:45:41.559+0530] {processor.py:186} INFO - Started process (PID=99897) to work on /Users/bhavishyachallagolla/Desktop/RetailSense/.venv/lib/python3.12/site-packages/airflow/example_dags/tutorial_objectstorage.py
[2026-07-17T23:45:41.559+0530] {processor.py:914} INFO - Processing file /Users/bhavishyachallagolla/Desktop/RetailSense/.venv/lib/python3.12/site-packages/airflow/example_dags/tutorial_objectstorage.py for tasks to queue
[2026-07-17T23:45:41.560+0530] {logging_mixin.py:190} INFO - [2026-07-17T23:45:41.560+0530] {dagbag.py:588} INFO - Filling up the DagBag from /Users/bhavishyachallagolla/Desktop/RetailSense/.venv/lib/python3.12/site-packages/airflow/example_dags/tutorial_objectstorage.py
[2026-07-17T23:45:41.572+0530] {processor.py:925} INFO - DAG(s) 'tutorial_objectstorage' retrieved from /Users/bhavishyachallagolla/Desktop/RetailSense/.venv/lib/python3.12/site-packages/airflow/example_dags/tutorial_objectstorage.py
[2026-07-17T23:45:41.596+0530] {logging_mixin.py:190} INFO - [2026-07-17T23:45:41.596+0530] {dag.py:3239} INFO - Sync 1 DAGs
[2026-07-17T23:45:41.599+0530] {logging_mixin.py:190} INFO - [2026-07-17T23:45:41.599+0530] {dag.py:4180} INFO - Setting next_dagrun for tutorial_objectstorage to None, run_after=None
[2026-07-17T23:45:41.604+0530] {processor.py:208} INFO - Processing /Users/bhavishyachallagolla/Desktop/RetailSense/.venv/lib/python3.12/site-packages/airflow/example_dags/tutorial_objectstorage.py took 0.046 seconds
[2026-07-17T23:46:34.833+0530] {processor.py:186} INFO - Started process (PID=99978) to work on /Users/bhavishyachallagolla/Desktop/RetailSense/.venv/lib/python3.12/site-packages/airflow/example_dags/tutorial_objectstorage.py
[2026-07-17T23:46:34.834+0530] {processor.py:914} INFO - Processing file /Users/bhavishyachallagolla/Desktop/RetailSense/.venv/lib/python3.12/site-packages/airflow/example_dags/tutorial_objectstorage.py for tasks to queue
[2026-07-17T23:46:34.834+0530] {logging_mixin.py:190} INFO - [2026-07-17T23:46:34.834+0530] {dagbag.py:588} INFO - Filling up the DagBag from /Users/bhavishyachallagolla/Desktop/RetailSense/.venv/lib/python3.12/site-packages/airflow/example_dags/tutorial_objectstorage.py
[2026-07-17T23:46:34.846+0530] {processor.py:925} INFO - DAG(s) 'tutorial_objectstorage' retrieved from /Users/bhavishyachallagolla/Desktop/RetailSense/.venv/lib/python3.12/site-packages/airflow/example_dags/tutorial_objectstorage.py
[2026-07-17T23:46:34.871+0530] {logging_mixin.py:190} INFO - [2026-07-17T23:46:34.870+0530] {dag.py:3239} INFO - Sync 1 DAGs
[2026-07-17T23:46:34.873+0530] {logging_mixin.py:190} INFO - [2026-07-17T23:46:34.873+0530] {dag.py:4180} INFO - Setting next_dagrun for tutorial_objectstorage to None, run_after=None
[2026-07-17T23:46:34.878+0530] {processor.py:208} INFO - Processing /Users/bhavishyachallagolla/Desktop/RetailSense/.venv/lib/python3.12/site-packages/airflow/example_dags/tutorial_objectstorage.py took 0.046 seconds
[2026-07-17T23:47:26.108+0530] {processor.py:186} INFO - Started process (PID=155) to work on /Users/bhavishyachallagolla/Desktop/RetailSense/.venv/lib/python3.12/site-packages/airflow/example_dags/tutorial_objectstorage.py
[2026-07-17T23:47:26.109+0530] {processor.py:914} INFO - Processing file /Users/bhavishyachallagolla/Desktop/RetailSense/.venv/lib/python3.12/site-packages/airflow/example_dags/tutorial_objectstorage.py for tasks to queue
[2026-07-17T23:47:26.109+0530] {logging_mixin.py:190} INFO - [2026-07-17T23:47:26.109+0530] {dagbag.py:588} INFO - Filling up the DagBag from /Users/bhavishyachallagolla/Desktop/RetailSense/.venv/lib/python3.12/site-packages/airflow/example_dags/tutorial_objectstorage.py
[2026-07-17T23:47:26.121+0530] {processor.py:925} INFO - DAG(s) 'tutorial_objectstorage' retrieved from /Users/bhavishyachallagolla/Desktop/RetailSense/.venv/lib/python3.12/site-packages/airflow/example_dags/tutorial_objectstorage.py
[2026-07-17T23:47:26.144+0530] {logging_mixin.py:190} INFO - [2026-07-17T23:47:26.144+0530] {dag.py:3239} INFO - Sync 1 DAGs
[2026-07-17T23:47:26.147+0530] {logging_mixin.py:190} INFO - [2026-07-17T23:47:26.147+0530] {dag.py:4180} INFO - Setting next_dagrun for tutorial_objectstorage to None, run_after=None
[2026-07-17T23:47:26.151+0530] {processor.py:208} INFO - Processing /Users/bhavishyachallagolla/Desktop/RetailSense/.venv/lib/python3.12/site-packages/airflow/example_dags/tutorial_objectstorage.py took 0.044 seconds
[2026-07-17T23:48:33.543+0530] {processor.py:186} INFO - Started process (PID=263) to work on /Users/bhavishyachallagolla/Desktop/RetailSense/.venv/lib/python3.12/site-packages/airflow/example_dags/tutorial_objectstorage.py
[2026-07-17T23:48:33.544+0530] {processor.py:914} INFO - Processing file /Users/bhavishyachallagolla/Desktop/RetailSense/.venv/lib/python3.12/site-packages/airflow/example_dags/tutorial_objectstorage.py for tasks to queue
[2026-07-17T23:48:33.544+0530] {logging_mixin.py:190} INFO - [2026-07-17T23:48:33.544+0530] {dagbag.py:588} INFO - Filling up the DagBag from /Users/bhavishyachallagolla/Desktop/RetailSense/.venv/lib/python3.12/site-packages/airflow/example_dags/tutorial_objectstorage.py
[2026-07-17T23:48:33.555+0530] {processor.py:925} INFO - DAG(s) 'tutorial_objectstorage' retrieved from /Users/bhavishyachallagolla/Desktop/RetailSense/.venv/lib/python3.12/site-packages/airflow/example_dags/tutorial_objectstorage.py
[2026-07-17T23:48:33.579+0530] {logging_mixin.py:190} INFO - [2026-07-17T23:48:33.579+0530] {dag.py:3239} INFO - Sync 1 DAGs
[2026-07-17T23:48:33.581+0530] {logging_mixin.py:190} INFO - [2026-07-17T23:48:33.581+0530] {dag.py:4180} INFO - Setting next_dagrun for tutorial_objectstorage to None, run_after=None
[2026-07-17T23:48:33.586+0530] {processor.py:208} INFO - Processing /Users/bhavishyachallagolla/Desktop/RetailSense/.venv/lib/python3.12/site-packages/airflow/example_dags/tutorial_objectstorage.py took 0.044 seconds
[2026-07-17T23:49:27.234+0530] {processor.py:186} INFO - Started process (PID=358) to work on /Users/bhavishyachallagolla/Desktop/RetailSense/.venv/lib/python3.12/site-packages/airflow/example_dags/tutorial_objectstorage.py
[2026-07-17T23:49:27.234+0530] {processor.py:914} INFO - Processing file /Users/bhavishyachallagolla/Desktop/RetailSense/.venv/lib/python3.12/site-packages/airflow/example_dags/tutorial_objectstorage.py for tasks to queue
[2026-07-17T23:49:27.235+0530] {logging_mixin.py:190} INFO - [2026-07-17T23:49:27.235+0530] {dagbag.py:588} INFO - Filling up the DagBag from /Users/bhavishyachallagolla/Desktop/RetailSense/.venv/lib/python3.12/site-packages/airflow/example_dags/tutorial_objectstorage.py
[2026-07-17T23:49:27.246+0530] {processor.py:925} INFO - DAG(s) 'tutorial_objectstorage' retrieved from /Users/bhavishyachallagolla/Desktop/RetailSense/.venv/lib/python3.12/site-packages/airflow/example_dags/tutorial_objectstorage.py
[2026-07-17T23:49:27.270+0530] {logging_mixin.py:190} INFO - [2026-07-17T23:49:27.270+0530] {dag.py:3239} INFO - Sync 1 DAGs
[2026-07-17T23:49:27.273+0530] {logging_mixin.py:190} INFO - [2026-07-17T23:49:27.273+0530] {dag.py:4180} INFO - Setting next_dagrun for tutorial_objectstorage to None, run_after=None
[2026-07-17T23:49:27.277+0530] {processor.py:208} INFO - Processing /Users/bhavishyachallagolla/Desktop/RetailSense/.venv/lib/python3.12/site-packages/airflow/example_dags/tutorial_objectstorage.py took 0.044 seconds
[2026-07-17T23:50:18.764+0530] {processor.py:186} INFO - Started process (PID=476) to work on /Users/bhavishyachallagolla/Desktop/RetailSense/.venv/lib/python3.12/site-packages/airflow/example_dags/tutorial_objectstorage.py
[2026-07-17T23:50:18.764+0530] {processor.py:914} INFO - Processing file /Users/bhavishyachallagolla/Desktop/RetailSense/.venv/lib/python3.12/site-packages/airflow/example_dags/tutorial_objectstorage.py for tasks to queue
[2026-07-17T23:50:18.765+0530] {logging_mixin.py:190} INFO - [2026-07-17T23:50:18.765+0530] {dagbag.py:588} INFO - Filling up the DagBag from /Users/bhavishyachallagolla/Desktop/RetailSense/.venv/lib/python3.12/site-packages/airflow/example_dags/tutorial_objectstorage.py
[2026-07-17T23:50:18.777+0530] {processor.py:925} INFO - DAG(s) 'tutorial_objectstorage' retrieved from /Users/bhavishyachallagolla/Desktop/RetailSense/.venv/lib/python3.12/site-packages/airflow/example_dags/tutorial_objectstorage.py
[2026-07-17T23:50:18.802+0530] {logging_mixin.py:190} INFO - [2026-07-17T23:50:18.802+0530] {dag.py:3239} INFO - Sync 1 DAGs
[2026-07-17T23:50:18.805+0530] {logging_mixin.py:190} INFO - [2026-07-17T23:50:18.805+0530] {dag.py:4180} INFO - Setting next_dagrun for tutorial_objectstorage to None, run_after=None
[2026-07-17T23:50:18.810+0530] {processor.py:208} INFO - Processing /Users/bhavishyachallagolla/Desktop/RetailSense/.venv/lib/python3.12/site-packages/airflow/example_dags/tutorial_objectstorage.py took 0.048 seconds
[2026-07-17T23:51:10.666+0530] {processor.py:186} INFO - Started process (PID=584) to work on /Users/bhavishyachallagolla/Desktop/RetailSense/.venv/lib/python3.12/site-packages/airflow/example_dags/tutorial_objectstorage.py
[2026-07-17T23:51:10.667+0530] {processor.py:914} INFO - Processing file /Users/bhavishyachallagolla/Desktop/RetailSense/.venv/lib/python3.12/site-packages/airflow/example_dags/tutorial_objectstorage.py for tasks to queue
[2026-07-17T23:51:10.667+0530] {logging_mixin.py:190} INFO - [2026-07-17T23:51:10.667+0530] {dagbag.py:588} INFO - Filling up the DagBag from /Users/bhavishyachallagolla/Desktop/RetailSense/.venv/lib/python3.12/site-packages/airflow/example_dags/tutorial_objectstorage.py
[2026-07-17T23:51:10.679+0530] {processor.py:925} INFO - DAG(s) 'tutorial_objectstorage' retrieved from /Users/bhavishyachallagolla/Desktop/RetailSense/.venv/lib/python3.12/site-packages/airflow/example_dags/tutorial_objectstorage.py
[2026-07-17T23:51:10.703+0530] {logging_mixin.py:190} INFO - [2026-07-17T23:51:10.703+0530] {dag.py:3239} INFO - Sync 1 DAGs
[2026-07-17T23:51:10.706+0530] {logging_mixin.py:190} INFO - [2026-07-17T23:51:10.706+0530] {dag.py:4180} INFO - Setting next_dagrun for tutorial_objectstorage to None, run_after=None
[2026-07-17T23:51:10.710+0530] {processor.py:208} INFO - Processing /Users/bhavishyachallagolla/Desktop/RetailSense/.venv/lib/python3.12/site-packages/airflow/example_dags/tutorial_objectstorage.py took 0.045 seconds
[2026-07-17T23:52:02.747+0530] {processor.py:186} INFO - Started process (PID=720) to work on /Users/bhavishyachallagolla/Desktop/RetailSense/.venv/lib/python3.12/site-packages/airflow/example_dags/tutorial_objectstorage.py
[2026-07-17T23:52:02.747+0530] {processor.py:914} INFO - Processing file /Users/bhavishyachallagolla/Desktop/RetailSense/.venv/lib/python3.12/site-packages/airflow/example_dags/tutorial_objectstorage.py for tasks to queue
[2026-07-17T23:52:02.747+0530] {logging_mixin.py:190} INFO - [2026-07-17T23:52:02.747+0530] {dagbag.py:588} INFO - Filling up the DagBag from /Users/bhavishyachallagolla/Desktop/RetailSense/.venv/lib/python3.12/site-packages/airflow/example_dags/tutorial_objectstorage.py
[2026-07-17T23:52:02.759+0530] {processor.py:925} INFO - DAG(s) 'tutorial_objectstorage' retrieved from /Users/bhavishyachallagolla/Desktop/RetailSense/.venv/lib/python3.12/site-packages/airflow/example_dags/tutorial_objectstorage.py
[2026-07-17T23:52:02.783+0530] {logging_mixin.py:190} INFO - [2026-07-17T23:52:02.783+0530] {dag.py:3239} INFO - Sync 1 DAGs
[2026-07-17T23:52:02.785+0530] {logging_mixin.py:190} INFO - [2026-07-17T23:52:02.785+0530] {dag.py:4180} INFO - Setting next_dagrun for tutorial_objectstorage to None, run_after=None
[2026-07-17T23:52:02.790+0530] {processor.py:208} INFO - Processing /Users/bhavishyachallagolla/Desktop/RetailSense/.venv/lib/python3.12/site-packages/airflow/example_dags/tutorial_objectstorage.py took 0.044 seconds
[2026-07-17T23:52:52.062+0530] {processor.py:186} INFO - Started process (PID=831) to work on /Users/bhavishyachallagolla/Desktop/RetailSense/.venv/lib/python3.12/site-packages/airflow/example_dags/tutorial_objectstorage.py
[2026-07-17T23:52:52.062+0530] {processor.py:914} INFO - Processing file /Users/bhavishyachallagolla/Desktop/RetailSense/.venv/lib/python3.12/site-packages/airflow/example_dags/tutorial_objectstorage.py for tasks to queue
[2026-07-17T23:52:52.063+0530] {logging_mixin.py:190} INFO - [2026-07-17T23:52:52.063+0530] {dagbag.py:588} INFO - Filling up the DagBag from /Users/bhavishyachallagolla/Desktop/RetailSense/.venv/lib/python3.12/site-packages/airflow/example_dags/tutorial_objectstorage.py
[2026-07-17T23:52:52.075+0530] {processor.py:925} INFO - DAG(s) 'tutorial_objectstorage' retrieved from /Users/bhavishyachallagolla/Desktop/RetailSense/.venv/lib/python3.12/site-packages/airflow/example_dags/tutorial_objectstorage.py
[2026-07-17T23:52:52.099+0530] {logging_mixin.py:190} INFO - [2026-07-17T23:52:52.099+0530] {dag.py:3239} INFO - Sync 1 DAGs
[2026-07-17T23:52:52.102+0530] {logging_mixin.py:190} INFO - [2026-07-17T23:52:52.102+0530] {dag.py:4180} INFO - Setting next_dagrun for tutorial_objectstorage to None, run_after=None
[2026-07-17T23:52:52.106+0530] {processor.py:208} INFO - Processing /Users/bhavishyachallagolla/Desktop/RetailSense/.venv/lib/python3.12/site-packages/airflow/example_dags/tutorial_objectstorage.py took 0.045 seconds
[2026-07-17T23:53:52.552+0530] {processor.py:186} INFO - Started process (PID=953) to work on /Users/bhavishyachallagolla/Desktop/RetailSense/.venv/lib/python3.12/site-packages/airflow/example_dags/tutorial_objectstorage.py
[2026-07-17T23:53:52.553+0530] {processor.py:914} INFO - Processing file /Users/bhavishyachallagolla/Desktop/RetailSense/.venv/lib/python3.12/site-packages/airflow/example_dags/tutorial_objectstorage.py for tasks to queue
[2026-07-17T23:53:52.553+0530] {logging_mixin.py:190} INFO - [2026-07-17T23:53:52.553+0530] {dagbag.py:588} INFO - Filling up the DagBag from /Users/bhavishyachallagolla/Desktop/RetailSense/.venv/lib/python3.12/site-packages/airflow/example_dags/tutorial_objectstorage.py
[2026-07-17T23:53:52.565+0530] {processor.py:925} INFO - DAG(s) 'tutorial_objectstorage' retrieved from /Users/bhavishyachallagolla/Desktop/RetailSense/.venv/lib/python3.12/site-packages/airflow/example_dags/tutorial_objectstorage.py
[2026-07-17T23:53:52.589+0530] {logging_mixin.py:190} INFO - [2026-07-17T23:53:52.589+0530] {dag.py:3239} INFO - Sync 1 DAGs
[2026-07-17T23:53:52.592+0530] {logging_mixin.py:190} INFO - [2026-07-17T23:53:52.592+0530] {dag.py:4180} INFO - Setting next_dagrun for tutorial_objectstorage to None, run_after=None
[2026-07-17T23:53:52.596+0530] {processor.py:208} INFO - Processing /Users/bhavishyachallagolla/Desktop/RetailSense/.venv/lib/python3.12/site-packages/airflow/example_dags/tutorial_objectstorage.py took 0.045 seconds
[2026-07-17T23:54:52.871+0530] {processor.py:186} INFO - Started process (PID=1050) to work on /Users/bhavishyachallagolla/Desktop/RetailSense/.venv/lib/python3.12/site-packages/airflow/example_dags/tutorial_objectstorage.py
[2026-07-17T23:54:52.872+0530] {processor.py:914} INFO - Processing file /Users/bhavishyachallagolla/Desktop/RetailSense/.venv/lib/python3.12/site-packages/airflow/example_dags/tutorial_objectstorage.py for tasks to queue
[2026-07-17T23:54:52.872+0530] {logging_mixin.py:190} INFO - [2026-07-17T23:54:52.872+0530] {dagbag.py:588} INFO - Filling up the DagBag from /Users/bhavishyachallagolla/Desktop/RetailSense/.venv/lib/python3.12/site-packages/airflow/example_dags/tutorial_objectstorage.py
[2026-07-17T23:54:52.884+0530] {processor.py:925} INFO - DAG(s) 'tutorial_objectstorage' retrieved from /Users/bhavishyachallagolla/Desktop/RetailSense/.venv/lib/python3.12/site-packages/airflow/example_dags/tutorial_objectstorage.py
[2026-07-17T23:54:52.908+0530] {logging_mixin.py:190} INFO - [2026-07-17T23:54:52.908+0530] {dag.py:3239} INFO - Sync 1 DAGs
[2026-07-17T23:54:52.911+0530] {logging_mixin.py:190} INFO - [2026-07-17T23:54:52.911+0530] {dag.py:4180} INFO - Setting next_dagrun for tutorial_objectstorage to None, run_after=None
[2026-07-17T23:54:52.916+0530] {processor.py:208} INFO - Processing /Users/bhavishyachallagolla/Desktop/RetailSense/.venv/lib/python3.12/site-packages/airflow/example_dags/tutorial_objectstorage.py took 0.045 seconds
[2026-07-17T23:55:53.296+0530] {processor.py:186} INFO - Started process (PID=1158) to work on /Users/bhavishyachallagolla/Desktop/RetailSense/.venv/lib/python3.12/site-packages/airflow/example_dags/tutorial_objectstorage.py
[2026-07-17T23:55:53.296+0530] {processor.py:914} INFO - Processing file /Users/bhavishyachallagolla/Desktop/RetailSense/.venv/lib/python3.12/site-packages/airflow/example_dags/tutorial_objectstorage.py for tasks to queue
[2026-07-17T23:55:53.297+0530] {logging_mixin.py:190} INFO - [2026-07-17T23:55:53.297+0530] {dagbag.py:588} INFO - Filling up the DagBag from /Users/bhavishyachallagolla/Desktop/RetailSense/.venv/lib/python3.12/site-packages/airflow/example_dags/tutorial_objectstorage.py
[2026-07-17T23:55:53.309+0530] {processor.py:925} INFO - DAG(s) 'tutorial_objectstorage' retrieved from /Users/bhavishyachallagolla/Desktop/RetailSense/.venv/lib/python3.12/site-packages/airflow/example_dags/tutorial_objectstorage.py
[2026-07-17T23:55:53.333+0530] {logging_mixin.py:190} INFO - [2026-07-17T23:55:53.333+0530] {dag.py:3239} INFO - Sync 1 DAGs
[2026-07-17T23:55:53.336+0530] {logging_mixin.py:190} INFO - [2026-07-17T23:55:53.336+0530] {dag.py:4180} INFO - Setting next_dagrun for tutorial_objectstorage to None, run_after=None
[2026-07-17T23:55:53.340+0530] {processor.py:208} INFO - Processing /Users/bhavishyachallagolla/Desktop/RetailSense/.venv/lib/python3.12/site-packages/airflow/example_dags/tutorial_objectstorage.py took 0.045 seconds
[2026-07-17T23:56:44.416+0530] {processor.py:186} INFO - Started process (PID=1235) to work on /Users/bhavishyachallagolla/Desktop/RetailSense/.venv/lib/python3.12/site-packages/airflow/example_dags/tutorial_objectstorage.py
[2026-07-17T23:56:44.417+0530] {processor.py:914} INFO - Processing file /Users/bhavishyachallagolla/Desktop/RetailSense/.venv/lib/python3.12/site-packages/airflow/example_dags/tutorial_objectstorage.py for tasks to queue
[2026-07-17T23:56:44.417+0530] {logging_mixin.py:190} INFO - [2026-07-17T23:56:44.417+0530] {dagbag.py:588} INFO - Filling up the DagBag from /Users/bhavishyachallagolla/Desktop/RetailSense/.venv/lib/python3.12/site-packages/airflow/example_dags/tutorial_objectstorage.py
[2026-07-17T23:56:44.429+0530] {processor.py:925} INFO - DAG(s) 'tutorial_objectstorage' retrieved from /Users/bhavishyachallagolla/Desktop/RetailSense/.venv/lib/python3.12/site-packages/airflow/example_dags/tutorial_objectstorage.py
[2026-07-17T23:56:44.454+0530] {logging_mixin.py:190} INFO - [2026-07-17T23:56:44.454+0530] {dag.py:3239} INFO - Sync 1 DAGs
[2026-07-17T23:56:44.457+0530] {logging_mixin.py:190} INFO - [2026-07-17T23:56:44.456+0530] {dag.py:4180} INFO - Setting next_dagrun for tutorial_objectstorage to None, run_after=None
[2026-07-17T23:56:44.461+0530] {processor.py:208} INFO - Processing /Users/bhavishyachallagolla/Desktop/RetailSense/.venv/lib/python3.12/site-packages/airflow/example_dags/tutorial_objectstorage.py took 0.046 seconds
