[2026-07-17T20:08:52.417+0530] {processor.py:186} INFO - Started process (PID=87150) to work on /Users/bhavishyachallagolla/Desktop/RetailSense/.venv/lib/python3.12/site-packages/airflow/example_dags/tutorial_taskflow_api.py
[2026-07-17T20:08:52.418+0530] {processor.py:914} INFO - Processing file /Users/bhavishyachallagolla/Desktop/RetailSense/.venv/lib/python3.12/site-packages/airflow/example_dags/tutorial_taskflow_api.py for tasks to queue
[2026-07-17T20:08:52.418+0530] {logging_mixin.py:190} INFO - [2026-07-17T20:08:52.418+0530] {dagbag.py:588} INFO - Filling up the DagBag from /Users/bhavishyachallagolla/Desktop/RetailSense/.venv/lib/python3.12/site-packages/airflow/example_dags/tutorial_taskflow_api.py
[2026-07-17T20:08:52.429+0530] {processor.py:925} INFO - DAG(s) 'tutorial_taskflow_api' retrieved from /Users/bhavishyachallagolla/Desktop/RetailSense/.venv/lib/python3.12/site-packages/airflow/example_dags/tutorial_taskflow_api.py
[2026-07-17T20:08:52.477+0530] {logging_mixin.py:190} INFO - [2026-07-17T20:08:52.477+0530] {dag.py:3239} INFO - Sync 1 DAGs
[2026-07-17T20:08:52.480+0530] {logging_mixin.py:190} INFO - [2026-07-17T20:08:52.480+0530] {dag.py:4180} INFO - Setting next_dagrun for tutorial_taskflow_api to None, run_after=None
[2026-07-17T20:08:52.486+0530] {processor.py:208} INFO - Processing /Users/bhavishyachallagolla/Desktop/RetailSense/.venv/lib/python3.12/site-packages/airflow/example_dags/tutorial_taskflow_api.py took 0.069 seconds
[2026-07-17T20:09:50.052+0530] {processor.py:186} INFO - Started process (PID=87255) to work on /Users/bhavishyachallagolla/Desktop/RetailSense/.venv/lib/python3.12/site-packages/airflow/example_dags/tutorial_taskflow_api.py
[2026-07-17T20:09:50.053+0530] {processor.py:914} INFO - Processing file /Users/bhavishyachallagolla/Desktop/RetailSense/.venv/lib/python3.12/site-packages/airflow/example_dags/tutorial_taskflow_api.py for tasks to queue
[2026-07-17T20:09:50.054+0530] {logging_mixin.py:190} INFO - [2026-07-17T20:09:50.054+0530] {dagbag.py:588} INFO - Filling up the DagBag from /Users/bhavishyachallagolla/Desktop/RetailSense/.venv/lib/python3.12/site-packages/airflow/example_dags/tutorial_taskflow_api.py
[2026-07-17T20:09:50.065+0530] {processor.py:925} INFO - DAG(s) 'tutorial_taskflow_api' retrieved from /Users/bhavishyachallagolla/Desktop/RetailSense/.venv/lib/python3.12/site-packages/airflow/example_dags/tutorial_taskflow_api.py
[2026-07-17T20:09:50.088+0530] {logging_mixin.py:190} INFO - [2026-07-17T20:09:50.088+0530] {dag.py:3239} INFO - Sync 1 DAGs
[2026-07-17T20:09:50.091+0530] {logging_mixin.py:190} INFO - [2026-07-17T20:09:50.091+0530] {dag.py:4180} INFO - Setting next_dagrun for tutorial_taskflow_api to None, run_after=None
[2026-07-17T20:09:50.097+0530] {processor.py:208} INFO - Processing /Users/bhavishyachallagolla/Desktop/RetailSense/.venv/lib/python3.12/site-packages/airflow/example_dags/tutorial_taskflow_api.py took 0.046 seconds
[2026-07-17T20:11:10.331+0530] {processor.py:186} INFO - Started process (PID=87380) to work on /Users/bhavishyachallagolla/Desktop/RetailSense/.venv/lib/python3.12/site-packages/airflow/example_dags/tutorial_taskflow_api.py
[2026-07-17T20:11:10.332+0530] {processor.py:914} INFO - Processing file /Users/bhavishyachallagolla/Desktop/RetailSense/.venv/lib/python3.12/site-packages/airflow/example_dags/tutorial_taskflow_api.py for tasks to queue
[2026-07-17T20:11:10.333+0530] {logging_mixin.py:190} INFO - [2026-07-17T20:11:10.333+0530] {dagbag.py:588} INFO - Filling up the DagBag from /Users/bhavishyachallagolla/Desktop/RetailSense/.venv/lib/python3.12/site-packages/airflow/example_dags/tutorial_taskflow_api.py
[2026-07-17T20:11:10.346+0530] {processor.py:925} INFO - DAG(s) 'tutorial_taskflow_api' retrieved from /Users/bhavishyachallagolla/Desktop/RetailSense/.venv/lib/python3.12/site-packages/airflow/example_dags/tutorial_taskflow_api.py
[2026-07-17T20:11:10.371+0530] {logging_mixin.py:190} INFO - [2026-07-17T20:11:10.371+0530] {dag.py:3239} INFO - Sync 1 DAGs
[2026-07-17T20:11:10.375+0530] {logging_mixin.py:190} INFO - [2026-07-17T20:11:10.374+0530] {dag.py:4180} INFO - Setting next_dagrun for tutorial_taskflow_api to None, run_after=None
[2026-07-17T20:11:10.379+0530] {processor.py:208} INFO - Processing /Users/bhavishyachallagolla/Desktop/RetailSense/.venv/lib/python3.12/site-packages/airflow/example_dags/tutorial_taskflow_api.py took 0.049 seconds
[2026-07-17T20:11:59.860+0530] {processor.py:186} INFO - Started process (PID=87454) to work on /Users/bhavishyachallagolla/Desktop/RetailSense/.venv/lib/python3.12/site-packages/airflow/example_dags/tutorial_taskflow_api.py
[2026-07-17T20:11:59.861+0530] {processor.py:914} INFO - Processing file /Users/bhavishyachallagolla/Desktop/RetailSense/.venv/lib/python3.12/site-packages/airflow/example_dags/tutorial_taskflow_api.py for tasks to queue
[2026-07-17T20:11:59.861+0530] {logging_mixin.py:190} INFO - [2026-07-17T20:11:59.861+0530] {dagbag.py:588} INFO - Filling up the DagBag from /Users/bhavishyachallagolla/Desktop/RetailSense/.venv/lib/python3.12/site-packages/airflow/example_dags/tutorial_taskflow_api.py
[2026-07-17T20:11:59.873+0530] {processor.py:925} INFO - DAG(s) 'tutorial_taskflow_api' retrieved from /Users/bhavishyachallagolla/Desktop/RetailSense/.venv/lib/python3.12/site-packages/airflow/example_dags/tutorial_taskflow_api.py
[2026-07-17T20:11:59.897+0530] {logging_mixin.py:190} INFO - [2026-07-17T20:11:59.897+0530] {dag.py:3239} INFO - Sync 1 DAGs
[2026-07-17T20:11:59.900+0530] {logging_mixin.py:190} INFO - [2026-07-17T20:11:59.900+0530] {dag.py:4180} INFO - Setting next_dagrun for tutorial_taskflow_api to None, run_after=None
[2026-07-17T20:11:59.905+0530] {processor.py:208} INFO - Processing /Users/bhavishyachallagolla/Desktop/RetailSense/.venv/lib/python3.12/site-packages/airflow/example_dags/tutorial_taskflow_api.py took 0.045 seconds
[2026-07-17T20:12:50.283+0530] {processor.py:186} INFO - Started process (PID=87530) to work on /Users/bhavishyachallagolla/Desktop/RetailSense/.venv/lib/python3.12/site-packages/airflow/example_dags/tutorial_taskflow_api.py
[2026-07-17T20:12:50.283+0530] {processor.py:914} INFO - Processing file /Users/bhavishyachallagolla/Desktop/RetailSense/.venv/lib/python3.12/site-packages/airflow/example_dags/tutorial_taskflow_api.py for tasks to queue
[2026-07-17T20:12:50.284+0530] {logging_mixin.py:190} INFO - [2026-07-17T20:12:50.284+0530] {dagbag.py:588} INFO - Filling up the DagBag from /Users/bhavishyachallagolla/Desktop/RetailSense/.venv/lib/python3.12/site-packages/airflow/example_dags/tutorial_taskflow_api.py
[2026-07-17T20:12:50.296+0530] {processor.py:925} INFO - DAG(s) 'tutorial_taskflow_api' retrieved from /Users/bhavishyachallagolla/Desktop/RetailSense/.venv/lib/python3.12/site-packages/airflow/example_dags/tutorial_taskflow_api.py
[2026-07-17T20:12:50.320+0530] {logging_mixin.py:190} INFO - [2026-07-17T20:12:50.320+0530] {dag.py:3239} INFO - Sync 1 DAGs
[2026-07-17T20:12:50.323+0530] {logging_mixin.py:190} INFO - [2026-07-17T20:12:50.323+0530] {dag.py:4180} INFO - Setting next_dagrun for tutorial_taskflow_api to None, run_after=None
[2026-07-17T20:12:50.327+0530] {processor.py:208} INFO - Processing /Users/bhavishyachallagolla/Desktop/RetailSense/.venv/lib/python3.12/site-packages/airflow/example_dags/tutorial_taskflow_api.py took 0.046 seconds
[2026-07-17T20:13:39.173+0530] {processor.py:186} INFO - Started process (PID=87608) to work on /Users/bhavishyachallagolla/Desktop/RetailSense/.venv/lib/python3.12/site-packages/airflow/example_dags/tutorial_taskflow_api.py
[2026-07-17T20:13:39.174+0530] {processor.py:914} INFO - Processing file /Users/bhavishyachallagolla/Desktop/RetailSense/.venv/lib/python3.12/site-packages/airflow/example_dags/tutorial_taskflow_api.py for tasks to queue
[2026-07-17T20:13:39.174+0530] {logging_mixin.py:190} INFO - [2026-07-17T20:13:39.174+0530] {dagbag.py:588} INFO - Filling up the DagBag from /Users/bhavishyachallagolla/Desktop/RetailSense/.venv/lib/python3.12/site-packages/airflow/example_dags/tutorial_taskflow_api.py
[2026-07-17T20:13:39.188+0530] {processor.py:925} INFO - DAG(s) 'tutorial_taskflow_api' retrieved from /Users/bhavishyachallagolla/Desktop/RetailSense/.venv/lib/python3.12/site-packages/airflow/example_dags/tutorial_taskflow_api.py
[2026-07-17T20:13:39.216+0530] {logging_mixin.py:190} INFO - [2026-07-17T20:13:39.215+0530] {dag.py:3239} INFO - Sync 1 DAGs
[2026-07-17T20:13:39.218+0530] {logging_mixin.py:190} INFO - [2026-07-17T20:13:39.218+0530] {dag.py:4180} INFO - Setting next_dagrun for tutorial_taskflow_api to None, run_after=None
[2026-07-17T20:13:39.223+0530] {processor.py:208} INFO - Processing /Users/bhavishyachallagolla/Desktop/RetailSense/.venv/lib/python3.12/site-packages/airflow/example_dags/tutorial_taskflow_api.py took 0.052 seconds
[2026-07-17T20:14:29.492+0530] {processor.py:186} INFO - Started process (PID=87684) to work on /Users/bhavishyachallagolla/Desktop/RetailSense/.venv/lib/python3.12/site-packages/airflow/example_dags/tutorial_taskflow_api.py
[2026-07-17T20:14:29.492+0530] {processor.py:914} INFO - Processing file /Users/bhavishyachallagolla/Desktop/RetailSense/.venv/lib/python3.12/site-packages/airflow/example_dags/tutorial_taskflow_api.py for tasks to queue
[2026-07-17T20:14:29.492+0530] {logging_mixin.py:190} INFO - [2026-07-17T20:14:29.492+0530] {dagbag.py:588} INFO - Filling up the DagBag from /Users/bhavishyachallagolla/Desktop/RetailSense/.venv/lib/python3.12/site-packages/airflow/example_dags/tutorial_taskflow_api.py
[2026-07-17T20:14:29.504+0530] {processor.py:925} INFO - DAG(s) 'tutorial_taskflow_api' retrieved from /Users/bhavishyachallagolla/Desktop/RetailSense/.venv/lib/python3.12/site-packages/airflow/example_dags/tutorial_taskflow_api.py
[2026-07-17T20:14:29.527+0530] {logging_mixin.py:190} INFO - [2026-07-17T20:14:29.527+0530] {dag.py:3239} INFO - Sync 1 DAGs
[2026-07-17T20:14:29.530+0530] {logging_mixin.py:190} INFO - [2026-07-17T20:14:29.530+0530] {dag.py:4180} INFO - Setting next_dagrun for tutorial_taskflow_api to None, run_after=None
[2026-07-17T20:14:29.534+0530] {processor.py:208} INFO - Processing /Users/bhavishyachallagolla/Desktop/RetailSense/.venv/lib/python3.12/site-packages/airflow/example_dags/tutorial_taskflow_api.py took 0.044 seconds
[2026-07-17T20:15:19.547+0530] {processor.py:186} INFO - Started process (PID=87774) to work on /Users/bhavishyachallagolla/Desktop/RetailSense/.venv/lib/python3.12/site-packages/airflow/example_dags/tutorial_taskflow_api.py
[2026-07-17T20:15:19.548+0530] {processor.py:914} INFO - Processing file /Users/bhavishyachallagolla/Desktop/RetailSense/.venv/lib/python3.12/site-packages/airflow/example_dags/tutorial_taskflow_api.py for tasks to queue
[2026-07-17T20:15:19.548+0530] {logging_mixin.py:190} INFO - [2026-07-17T20:15:19.548+0530] {dagbag.py:588} INFO - Filling up the DagBag from /Users/bhavishyachallagolla/Desktop/RetailSense/.venv/lib/python3.12/site-packages/airflow/example_dags/tutorial_taskflow_api.py
[2026-07-17T20:15:19.561+0530] {processor.py:925} INFO - DAG(s) 'tutorial_taskflow_api' retrieved from /Users/bhavishyachallagolla/Desktop/RetailSense/.venv/lib/python3.12/site-packages/airflow/example_dags/tutorial_taskflow_api.py
[2026-07-17T20:15:19.585+0530] {logging_mixin.py:190} INFO - [2026-07-17T20:15:19.585+0530] {dag.py:3239} INFO - Sync 1 DAGs
[2026-07-17T20:15:19.588+0530] {logging_mixin.py:190} INFO - [2026-07-17T20:15:19.588+0530] {dag.py:4180} INFO - Setting next_dagrun for tutorial_taskflow_api to None, run_after=None
[2026-07-17T20:15:19.592+0530] {processor.py:208} INFO - Processing /Users/bhavishyachallagolla/Desktop/RetailSense/.venv/lib/python3.12/site-packages/airflow/example_dags/tutorial_taskflow_api.py took 0.046 seconds
[2026-07-17T20:16:10.221+0530] {processor.py:186} INFO - Started process (PID=87851) to work on /Users/bhavishyachallagolla/Desktop/RetailSense/.venv/lib/python3.12/site-packages/airflow/example_dags/tutorial_taskflow_api.py
[2026-07-17T20:16:10.222+0530] {processor.py:914} INFO - Processing file /Users/bhavishyachallagolla/Desktop/RetailSense/.venv/lib/python3.12/site-packages/airflow/example_dags/tutorial_taskflow_api.py for tasks to queue
[2026-07-17T20:16:10.222+0530] {logging_mixin.py:190} INFO - [2026-07-17T20:16:10.222+0530] {dagbag.py:588} INFO - Filling up the DagBag from /Users/bhavishyachallagolla/Desktop/RetailSense/.venv/lib/python3.12/site-packages/airflow/example_dags/tutorial_taskflow_api.py
[2026-07-17T20:16:10.234+0530] {processor.py:925} INFO - DAG(s) 'tutorial_taskflow_api' retrieved from /Users/bhavishyachallagolla/Desktop/RetailSense/.venv/lib/python3.12/site-packages/airflow/example_dags/tutorial_taskflow_api.py
[2026-07-17T20:16:10.258+0530] {logging_mixin.py:190} INFO - [2026-07-17T20:16:10.258+0530] {dag.py:3239} INFO - Sync 1 DAGs
[2026-07-17T20:16:10.261+0530] {logging_mixin.py:190} INFO - [2026-07-17T20:16:10.261+0530] {dag.py:4180} INFO - Setting next_dagrun for tutorial_taskflow_api to None, run_after=None
[2026-07-17T20:16:10.265+0530] {processor.py:208} INFO - Processing /Users/bhavishyachallagolla/Desktop/RetailSense/.venv/lib/python3.12/site-packages/airflow/example_dags/tutorial_taskflow_api.py took 0.046 seconds
[2026-07-17T20:16:59.412+0530] {processor.py:186} INFO - Started process (PID=87923) to work on /Users/bhavishyachallagolla/Desktop/RetailSense/.venv/lib/python3.12/site-packages/airflow/example_dags/tutorial_taskflow_api.py
[2026-07-17T20:16:59.412+0530] {processor.py:914} INFO - Processing file /Users/bhavishyachallagolla/Desktop/RetailSense/.venv/lib/python3.12/site-packages/airflow/example_dags/tutorial_taskflow_api.py for tasks to queue
[2026-07-17T20:16:59.412+0530] {logging_mixin.py:190} INFO - [2026-07-17T20:16:59.412+0530] {dagbag.py:588} INFO - Filling up the DagBag from /Users/bhavishyachallagolla/Desktop/RetailSense/.venv/lib/python3.12/site-packages/airflow/example_dags/tutorial_taskflow_api.py
[2026-07-17T20:16:59.424+0530] {processor.py:925} INFO - DAG(s) 'tutorial_taskflow_api' retrieved from /Users/bhavishyachallagolla/Desktop/RetailSense/.venv/lib/python3.12/site-packages/airflow/example_dags/tutorial_taskflow_api.py
[2026-07-17T20:16:59.447+0530] {logging_mixin.py:190} INFO - [2026-07-17T20:16:59.447+0530] {dag.py:3239} INFO - Sync 1 DAGs
[2026-07-17T20:16:59.450+0530] {logging_mixin.py:190} INFO - [2026-07-17T20:16:59.450+0530] {dag.py:4180} INFO - Setting next_dagrun for tutorial_taskflow_api to None, run_after=None
[2026-07-17T20:16:59.455+0530] {processor.py:208} INFO - Processing /Users/bhavishyachallagolla/Desktop/RetailSense/.venv/lib/python3.12/site-packages/airflow/example_dags/tutorial_taskflow_api.py took 0.044 seconds
[2026-07-17T20:17:48.865+0530] {processor.py:186} INFO - Started process (PID=87999) to work on /Users/bhavishyachallagolla/Desktop/RetailSense/.venv/lib/python3.12/site-packages/airflow/example_dags/tutorial_taskflow_api.py
[2026-07-17T20:17:48.865+0530] {processor.py:914} INFO - Processing file /Users/bhavishyachallagolla/Desktop/RetailSense/.venv/lib/python3.12/site-packages/airflow/example_dags/tutorial_taskflow_api.py for tasks to queue
[2026-07-17T20:17:48.865+0530] {logging_mixin.py:190} INFO - [2026-07-17T20:17:48.865+0530] {dagbag.py:588} INFO - Filling up the DagBag from /Users/bhavishyachallagolla/Desktop/RetailSense/.venv/lib/python3.12/site-packages/airflow/example_dags/tutorial_taskflow_api.py
[2026-07-17T20:17:48.877+0530] {processor.py:925} INFO - DAG(s) 'tutorial_taskflow_api' retrieved from /Users/bhavishyachallagolla/Desktop/RetailSense/.venv/lib/python3.12/site-packages/airflow/example_dags/tutorial_taskflow_api.py
[2026-07-17T20:17:48.902+0530] {logging_mixin.py:190} INFO - [2026-07-17T20:17:48.902+0530] {dag.py:3239} INFO - Sync 1 DAGs
[2026-07-17T20:17:48.905+0530] {logging_mixin.py:190} INFO - [2026-07-17T20:17:48.905+0530] {dag.py:4180} INFO - Setting next_dagrun for tutorial_taskflow_api to None, run_after=None
[2026-07-17T20:17:48.910+0530] {processor.py:208} INFO - Processing /Users/bhavishyachallagolla/Desktop/RetailSense/.venv/lib/python3.12/site-packages/airflow/example_dags/tutorial_taskflow_api.py took 0.046 seconds
[2026-07-17T20:18:39.263+0530] {processor.py:186} INFO - Started process (PID=88076) to work on /Users/bhavishyachallagolla/Desktop/RetailSense/.venv/lib/python3.12/site-packages/airflow/example_dags/tutorial_taskflow_api.py
[2026-07-17T20:18:39.264+0530] {processor.py:914} INFO - Processing file /Users/bhavishyachallagolla/Desktop/RetailSense/.venv/lib/python3.12/site-packages/airflow/example_dags/tutorial_taskflow_api.py for tasks to queue
[2026-07-17T20:18:39.264+0530] {logging_mixin.py:190} INFO - [2026-07-17T20:18:39.264+0530] {dagbag.py:588} INFO - Filling up the DagBag from /Users/bhavishyachallagolla/Desktop/RetailSense/.venv/lib/python3.12/site-packages/airflow/example_dags/tutorial_taskflow_api.py
[2026-07-17T20:18:39.277+0530] {processor.py:925} INFO - DAG(s) 'tutorial_taskflow_api' retrieved from /Users/bhavishyachallagolla/Desktop/RetailSense/.venv/lib/python3.12/site-packages/airflow/example_dags/tutorial_taskflow_api.py
[2026-07-17T20:18:39.302+0530] {logging_mixin.py:190} INFO - [2026-07-17T20:18:39.302+0530] {dag.py:3239} INFO - Sync 1 DAGs
[2026-07-17T20:18:39.305+0530] {logging_mixin.py:190} INFO - [2026-07-17T20:18:39.305+0530] {dag.py:4180} INFO - Setting next_dagrun for tutorial_taskflow_api to None, run_after=None
[2026-07-17T20:18:39.310+0530] {processor.py:208} INFO - Processing /Users/bhavishyachallagolla/Desktop/RetailSense/.venv/lib/python3.12/site-packages/airflow/example_dags/tutorial_taskflow_api.py took 0.048 seconds
[2026-07-17T20:19:29.750+0530] {processor.py:186} INFO - Started process (PID=88151) to work on /Users/bhavishyachallagolla/Desktop/RetailSense/.venv/lib/python3.12/site-packages/airflow/example_dags/tutorial_taskflow_api.py
[2026-07-17T20:19:29.751+0530] {processor.py:914} INFO - Processing file /Users/bhavishyachallagolla/Desktop/RetailSense/.venv/lib/python3.12/site-packages/airflow/example_dags/tutorial_taskflow_api.py for tasks to queue
[2026-07-17T20:19:29.751+0530] {logging_mixin.py:190} INFO - [2026-07-17T20:19:29.751+0530] {dagbag.py:588} INFO - Filling up the DagBag from /Users/bhavishyachallagolla/Desktop/RetailSense/.venv/lib/python3.12/site-packages/airflow/example_dags/tutorial_taskflow_api.py
[2026-07-17T20:19:29.763+0530] {processor.py:925} INFO - DAG(s) 'tutorial_taskflow_api' retrieved from /Users/bhavishyachallagolla/Desktop/RetailSense/.venv/lib/python3.12/site-packages/airflow/example_dags/tutorial_taskflow_api.py
[2026-07-17T20:19:29.787+0530] {logging_mixin.py:190} INFO - [2026-07-17T20:19:29.787+0530] {dag.py:3239} INFO - Sync 1 DAGs
[2026-07-17T20:19:29.790+0530] {logging_mixin.py:190} INFO - [2026-07-17T20:19:29.790+0530] {dag.py:4180} INFO - Setting next_dagrun for tutorial_taskflow_api to None, run_after=None
[2026-07-17T20:19:29.795+0530] {processor.py:208} INFO - Processing /Users/bhavishyachallagolla/Desktop/RetailSense/.venv/lib/python3.12/site-packages/airflow/example_dags/tutorial_taskflow_api.py took 0.046 seconds
[2026-07-17T20:20:18.399+0530] {processor.py:186} INFO - Started process (PID=88242) to work on /Users/bhavishyachallagolla/Desktop/RetailSense/.venv/lib/python3.12/site-packages/airflow/example_dags/tutorial_taskflow_api.py
[2026-07-17T20:20:18.400+0530] {processor.py:914} INFO - Processing file /Users/bhavishyachallagolla/Desktop/RetailSense/.venv/lib/python3.12/site-packages/airflow/example_dags/tutorial_taskflow_api.py for tasks to queue
[2026-07-17T20:20:18.400+0530] {logging_mixin.py:190} INFO - [2026-07-17T20:20:18.400+0530] {dagbag.py:588} INFO - Filling up the DagBag from /Users/bhavishyachallagolla/Desktop/RetailSense/.venv/lib/python3.12/site-packages/airflow/example_dags/tutorial_taskflow_api.py
[2026-07-17T20:20:18.412+0530] {processor.py:925} INFO - DAG(s) 'tutorial_taskflow_api' retrieved from /Users/bhavishyachallagolla/Desktop/RetailSense/.venv/lib/python3.12/site-packages/airflow/example_dags/tutorial_taskflow_api.py
[2026-07-17T20:20:18.436+0530] {logging_mixin.py:190} INFO - [2026-07-17T20:20:18.436+0530] {dag.py:3239} INFO - Sync 1 DAGs
[2026-07-17T20:20:18.439+0530] {logging_mixin.py:190} INFO - [2026-07-17T20:20:18.439+0530] {dag.py:4180} INFO - Setting next_dagrun for tutorial_taskflow_api to None, run_after=None
[2026-07-17T20:20:18.444+0530] {processor.py:208} INFO - Processing /Users/bhavishyachallagolla/Desktop/RetailSense/.venv/lib/python3.12/site-packages/airflow/example_dags/tutorial_taskflow_api.py took 0.046 seconds
[2026-07-17T20:21:07.708+0530] {processor.py:186} INFO - Started process (PID=88320) to work on /Users/bhavishyachallagolla/Desktop/RetailSense/.venv/lib/python3.12/site-packages/airflow/example_dags/tutorial_taskflow_api.py
[2026-07-17T20:21:07.709+0530] {processor.py:914} INFO - Processing file /Users/bhavishyachallagolla/Desktop/RetailSense/.venv/lib/python3.12/site-packages/airflow/example_dags/tutorial_taskflow_api.py for tasks to queue
[2026-07-17T20:21:07.710+0530] {logging_mixin.py:190} INFO - [2026-07-17T20:21:07.710+0530] {dagbag.py:588} INFO - Filling up the DagBag from /Users/bhavishyachallagolla/Desktop/RetailSense/.venv/lib/python3.12/site-packages/airflow/example_dags/tutorial_taskflow_api.py
[2026-07-17T20:21:07.722+0530] {processor.py:925} INFO - DAG(s) 'tutorial_taskflow_api' retrieved from /Users/bhavishyachallagolla/Desktop/RetailSense/.venv/lib/python3.12/site-packages/airflow/example_dags/tutorial_taskflow_api.py
[2026-07-17T20:21:07.745+0530] {logging_mixin.py:190} INFO - [2026-07-17T20:21:07.745+0530] {dag.py:3239} INFO - Sync 1 DAGs
[2026-07-17T20:21:07.748+0530] {logging_mixin.py:190} INFO - [2026-07-17T20:21:07.748+0530] {dag.py:4180} INFO - Setting next_dagrun for tutorial_taskflow_api to None, run_after=None
[2026-07-17T20:21:07.753+0530] {processor.py:208} INFO - Processing /Users/bhavishyachallagolla/Desktop/RetailSense/.venv/lib/python3.12/site-packages/airflow/example_dags/tutorial_taskflow_api.py took 0.045 seconds
[2026-07-17T20:21:58.708+0530] {processor.py:186} INFO - Started process (PID=88394) to work on /Users/bhavishyachallagolla/Desktop/RetailSense/.venv/lib/python3.12/site-packages/airflow/example_dags/tutorial_taskflow_api.py
[2026-07-17T20:21:58.708+0530] {processor.py:914} INFO - Processing file /Users/bhavishyachallagolla/Desktop/RetailSense/.venv/lib/python3.12/site-packages/airflow/example_dags/tutorial_taskflow_api.py for tasks to queue
[2026-07-17T20:21:58.708+0530] {logging_mixin.py:190} INFO - [2026-07-17T20:21:58.708+0530] {dagbag.py:588} INFO - Filling up the DagBag from /Users/bhavishyachallagolla/Desktop/RetailSense/.venv/lib/python3.12/site-packages/airflow/example_dags/tutorial_taskflow_api.py
[2026-07-17T20:21:58.721+0530] {processor.py:925} INFO - DAG(s) 'tutorial_taskflow_api' retrieved from /Users/bhavishyachallagolla/Desktop/RetailSense/.venv/lib/python3.12/site-packages/airflow/example_dags/tutorial_taskflow_api.py
[2026-07-17T20:21:58.746+0530] {logging_mixin.py:190} INFO - [2026-07-17T20:21:58.746+0530] {dag.py:3239} INFO - Sync 1 DAGs
[2026-07-17T20:21:58.749+0530] {logging_mixin.py:190} INFO - [2026-07-17T20:21:58.749+0530] {dag.py:4180} INFO - Setting next_dagrun for tutorial_taskflow_api to None, run_after=None
[2026-07-17T20:21:58.754+0530] {processor.py:208} INFO - Processing /Users/bhavishyachallagolla/Desktop/RetailSense/.venv/lib/python3.12/site-packages/airflow/example_dags/tutorial_taskflow_api.py took 0.048 seconds
[2026-07-17T20:22:49.232+0530] {processor.py:186} INFO - Started process (PID=88471) to work on /Users/bhavishyachallagolla/Desktop/RetailSense/.venv/lib/python3.12/site-packages/airflow/example_dags/tutorial_taskflow_api.py
[2026-07-17T20:22:49.233+0530] {processor.py:914} INFO - Processing file /Users/bhavishyachallagolla/Desktop/RetailSense/.venv/lib/python3.12/site-packages/airflow/example_dags/tutorial_taskflow_api.py for tasks to queue
[2026-07-17T20:22:49.233+0530] {logging_mixin.py:190} INFO - [2026-07-17T20:22:49.233+0530] {dagbag.py:588} INFO - Filling up the DagBag from /Users/bhavishyachallagolla/Desktop/RetailSense/.venv/lib/python3.12/site-packages/airflow/example_dags/tutorial_taskflow_api.py
[2026-07-17T20:22:49.244+0530] {processor.py:925} INFO - DAG(s) 'tutorial_taskflow_api' retrieved from /Users/bhavishyachallagolla/Desktop/RetailSense/.venv/lib/python3.12/site-packages/airflow/example_dags/tutorial_taskflow_api.py
[2026-07-17T20:22:49.268+0530] {logging_mixin.py:190} INFO - [2026-07-17T20:22:49.268+0530] {dag.py:3239} INFO - Sync 1 DAGs
[2026-07-17T20:22:49.271+0530] {logging_mixin.py:190} INFO - [2026-07-17T20:22:49.271+0530] {dag.py:4180} INFO - Setting next_dagrun for tutorial_taskflow_api to None, run_after=None
[2026-07-17T20:22:49.277+0530] {processor.py:208} INFO - Processing /Users/bhavishyachallagolla/Desktop/RetailSense/.venv/lib/python3.12/site-packages/airflow/example_dags/tutorial_taskflow_api.py took 0.045 seconds
[2026-07-17T20:23:39.794+0530] {processor.py:186} INFO - Started process (PID=88550) to work on /Users/bhavishyachallagolla/Desktop/RetailSense/.venv/lib/python3.12/site-packages/airflow/example_dags/tutorial_taskflow_api.py
[2026-07-17T20:23:39.795+0530] {processor.py:914} INFO - Processing file /Users/bhavishyachallagolla/Desktop/RetailSense/.venv/lib/python3.12/site-packages/airflow/example_dags/tutorial_taskflow_api.py for tasks to queue
[2026-07-17T20:23:39.795+0530] {logging_mixin.py:190} INFO - [2026-07-17T20:23:39.795+0530] {dagbag.py:588} INFO - Filling up the DagBag from /Users/bhavishyachallagolla/Desktop/RetailSense/.venv/lib/python3.12/site-packages/airflow/example_dags/tutorial_taskflow_api.py
[2026-07-17T20:23:39.807+0530] {processor.py:925} INFO - DAG(s) 'tutorial_taskflow_api' retrieved from /Users/bhavishyachallagolla/Desktop/RetailSense/.venv/lib/python3.12/site-packages/airflow/example_dags/tutorial_taskflow_api.py
[2026-07-17T20:23:39.831+0530] {logging_mixin.py:190} INFO - [2026-07-17T20:23:39.831+0530] {dag.py:3239} INFO - Sync 1 DAGs
[2026-07-17T20:23:39.834+0530] {logging_mixin.py:190} INFO - [2026-07-17T20:23:39.834+0530] {dag.py:4180} INFO - Setting next_dagrun for tutorial_taskflow_api to None, run_after=None
[2026-07-17T20:23:39.839+0530] {processor.py:208} INFO - Processing /Users/bhavishyachallagolla/Desktop/RetailSense/.venv/lib/python3.12/site-packages/airflow/example_dags/tutorial_taskflow_api.py took 0.046 seconds
[2026-07-17T20:24:30.454+0530] {processor.py:186} INFO - Started process (PID=88628) to work on /Users/bhavishyachallagolla/Desktop/RetailSense/.venv/lib/python3.12/site-packages/airflow/example_dags/tutorial_taskflow_api.py
[2026-07-17T20:24:30.454+0530] {processor.py:914} INFO - Processing file /Users/bhavishyachallagolla/Desktop/RetailSense/.venv/lib/python3.12/site-packages/airflow/example_dags/tutorial_taskflow_api.py for tasks to queue
[2026-07-17T20:24:30.454+0530] {logging_mixin.py:190} INFO - [2026-07-17T20:24:30.454+0530] {dagbag.py:588} INFO - Filling up the DagBag from /Users/bhavishyachallagolla/Desktop/RetailSense/.venv/lib/python3.12/site-packages/airflow/example_dags/tutorial_taskflow_api.py
[2026-07-17T20:24:30.467+0530] {processor.py:925} INFO - DAG(s) 'tutorial_taskflow_api' retrieved from /Users/bhavishyachallagolla/Desktop/RetailSense/.venv/lib/python3.12/site-packages/airflow/example_dags/tutorial_taskflow_api.py
[2026-07-17T20:24:30.490+0530] {logging_mixin.py:190} INFO - [2026-07-17T20:24:30.490+0530] {dag.py:3239} INFO - Sync 1 DAGs
[2026-07-17T20:24:30.493+0530] {logging_mixin.py:190} INFO - [2026-07-17T20:24:30.493+0530] {dag.py:4180} INFO - Setting next_dagrun for tutorial_taskflow_api to None, run_after=None
[2026-07-17T20:24:30.498+0530] {processor.py:208} INFO - Processing /Users/bhavishyachallagolla/Desktop/RetailSense/.venv/lib/python3.12/site-packages/airflow/example_dags/tutorial_taskflow_api.py took 0.045 seconds
[2026-07-17T20:25:20.812+0530] {processor.py:186} INFO - Started process (PID=88702) to work on /Users/bhavishyachallagolla/Desktop/RetailSense/.venv/lib/python3.12/site-packages/airflow/example_dags/tutorial_taskflow_api.py
[2026-07-17T20:25:20.813+0530] {processor.py:914} INFO - Processing file /Users/bhavishyachallagolla/Desktop/RetailSense/.venv/lib/python3.12/site-packages/airflow/example_dags/tutorial_taskflow_api.py for tasks to queue
[2026-07-17T20:25:20.813+0530] {logging_mixin.py:190} INFO - [2026-07-17T20:25:20.813+0530] {dagbag.py:588} INFO - Filling up the DagBag from /Users/bhavishyachallagolla/Desktop/RetailSense/.venv/lib/python3.12/site-packages/airflow/example_dags/tutorial_taskflow_api.py
[2026-07-17T20:25:20.825+0530] {processor.py:925} INFO - DAG(s) 'tutorial_taskflow_api' retrieved from /Users/bhavishyachallagolla/Desktop/RetailSense/.venv/lib/python3.12/site-packages/airflow/example_dags/tutorial_taskflow_api.py
[2026-07-17T20:25:20.850+0530] {logging_mixin.py:190} INFO - [2026-07-17T20:25:20.850+0530] {dag.py:3239} INFO - Sync 1 DAGs
[2026-07-17T20:25:20.853+0530] {logging_mixin.py:190} INFO - [2026-07-17T20:25:20.853+0530] {dag.py:4180} INFO - Setting next_dagrun for tutorial_taskflow_api to None, run_after=None
[2026-07-17T20:25:20.858+0530] {processor.py:208} INFO - Processing /Users/bhavishyachallagolla/Desktop/RetailSense/.venv/lib/python3.12/site-packages/airflow/example_dags/tutorial_taskflow_api.py took 0.046 seconds
[2026-07-17T20:26:11.351+0530] {processor.py:186} INFO - Started process (PID=88791) to work on /Users/bhavishyachallagolla/Desktop/RetailSense/.venv/lib/python3.12/site-packages/airflow/example_dags/tutorial_taskflow_api.py
[2026-07-17T20:26:11.352+0530] {processor.py:914} INFO - Processing file /Users/bhavishyachallagolla/Desktop/RetailSense/.venv/lib/python3.12/site-packages/airflow/example_dags/tutorial_taskflow_api.py for tasks to queue
[2026-07-17T20:26:11.352+0530] {logging_mixin.py:190} INFO - [2026-07-17T20:26:11.352+0530] {dagbag.py:588} INFO - Filling up the DagBag from /Users/bhavishyachallagolla/Desktop/RetailSense/.venv/lib/python3.12/site-packages/airflow/example_dags/tutorial_taskflow_api.py
[2026-07-17T20:26:11.364+0530] {processor.py:925} INFO - DAG(s) 'tutorial_taskflow_api' retrieved from /Users/bhavishyachallagolla/Desktop/RetailSense/.venv/lib/python3.12/site-packages/airflow/example_dags/tutorial_taskflow_api.py
[2026-07-17T20:26:11.388+0530] {logging_mixin.py:190} INFO - [2026-07-17T20:26:11.388+0530] {dag.py:3239} INFO - Sync 1 DAGs
[2026-07-17T20:26:11.391+0530] {logging_mixin.py:190} INFO - [2026-07-17T20:26:11.390+0530] {dag.py:4180} INFO - Setting next_dagrun for tutorial_taskflow_api to None, run_after=None
[2026-07-17T20:26:11.395+0530] {processor.py:208} INFO - Processing /Users/bhavishyachallagolla/Desktop/RetailSense/.venv/lib/python3.12/site-packages/airflow/example_dags/tutorial_taskflow_api.py took 0.045 seconds
[2026-07-17T20:27:01.754+0530] {processor.py:186} INFO - Started process (PID=88870) to work on /Users/bhavishyachallagolla/Desktop/RetailSense/.venv/lib/python3.12/site-packages/airflow/example_dags/tutorial_taskflow_api.py
[2026-07-17T20:27:01.754+0530] {processor.py:914} INFO - Processing file /Users/bhavishyachallagolla/Desktop/RetailSense/.venv/lib/python3.12/site-packages/airflow/example_dags/tutorial_taskflow_api.py for tasks to queue
[2026-07-17T20:27:01.754+0530] {logging_mixin.py:190} INFO - [2026-07-17T20:27:01.754+0530] {dagbag.py:588} INFO - Filling up the DagBag from /Users/bhavishyachallagolla/Desktop/RetailSense/.venv/lib/python3.12/site-packages/airflow/example_dags/tutorial_taskflow_api.py
[2026-07-17T20:27:01.766+0530] {processor.py:925} INFO - DAG(s) 'tutorial_taskflow_api' retrieved from /Users/bhavishyachallagolla/Desktop/RetailSense/.venv/lib/python3.12/site-packages/airflow/example_dags/tutorial_taskflow_api.py
[2026-07-17T20:27:01.790+0530] {logging_mixin.py:190} INFO - [2026-07-17T20:27:01.790+0530] {dag.py:3239} INFO - Sync 1 DAGs
[2026-07-17T20:27:01.793+0530] {logging_mixin.py:190} INFO - [2026-07-17T20:27:01.793+0530] {dag.py:4180} INFO - Setting next_dagrun for tutorial_taskflow_api to None, run_after=None
[2026-07-17T20:27:01.798+0530] {processor.py:208} INFO - Processing /Users/bhavishyachallagolla/Desktop/RetailSense/.venv/lib/python3.12/site-packages/airflow/example_dags/tutorial_taskflow_api.py took 0.045 seconds
[2026-07-17T20:27:51.999+0530] {processor.py:186} INFO - Started process (PID=88945) to work on /Users/bhavishyachallagolla/Desktop/RetailSense/.venv/lib/python3.12/site-packages/airflow/example_dags/tutorial_taskflow_api.py
[2026-07-17T20:27:51.999+0530] {processor.py:914} INFO - Processing file /Users/bhavishyachallagolla/Desktop/RetailSense/.venv/lib/python3.12/site-packages/airflow/example_dags/tutorial_taskflow_api.py for tasks to queue
[2026-07-17T20:27:52.000+0530] {logging_mixin.py:190} INFO - [2026-07-17T20:27:52.000+0530] {dagbag.py:588} INFO - Filling up the DagBag from /Users/bhavishyachallagolla/Desktop/RetailSense/.venv/lib/python3.12/site-packages/airflow/example_dags/tutorial_taskflow_api.py
[2026-07-17T20:27:52.011+0530] {processor.py:925} INFO - DAG(s) 'tutorial_taskflow_api' retrieved from /Users/bhavishyachallagolla/Desktop/RetailSense/.venv/lib/python3.12/site-packages/airflow/example_dags/tutorial_taskflow_api.py
[2026-07-17T20:27:52.035+0530] {logging_mixin.py:190} INFO - [2026-07-17T20:27:52.035+0530] {dag.py:3239} INFO - Sync 1 DAGs
[2026-07-17T20:27:52.038+0530] {logging_mixin.py:190} INFO - [2026-07-17T20:27:52.038+0530] {dag.py:4180} INFO - Setting next_dagrun for tutorial_taskflow_api to None, run_after=None
[2026-07-17T20:27:52.042+0530] {processor.py:208} INFO - Processing /Users/bhavishyachallagolla/Desktop/RetailSense/.venv/lib/python3.12/site-packages/airflow/example_dags/tutorial_taskflow_api.py took 0.044 seconds
[2026-07-17T20:28:40.838+0530] {processor.py:186} INFO - Started process (PID=89021) to work on /Users/bhavishyachallagolla/Desktop/RetailSense/.venv/lib/python3.12/site-packages/airflow/example_dags/tutorial_taskflow_api.py
[2026-07-17T20:28:40.839+0530] {processor.py:914} INFO - Processing file /Users/bhavishyachallagolla/Desktop/RetailSense/.venv/lib/python3.12/site-packages/airflow/example_dags/tutorial_taskflow_api.py for tasks to queue
[2026-07-17T20:28:40.839+0530] {logging_mixin.py:190} INFO - [2026-07-17T20:28:40.839+0530] {dagbag.py:588} INFO - Filling up the DagBag from /Users/bhavishyachallagolla/Desktop/RetailSense/.venv/lib/python3.12/site-packages/airflow/example_dags/tutorial_taskflow_api.py
[2026-07-17T20:28:40.851+0530] {processor.py:925} INFO - DAG(s) 'tutorial_taskflow_api' retrieved from /Users/bhavishyachallagolla/Desktop/RetailSense/.venv/lib/python3.12/site-packages/airflow/example_dags/tutorial_taskflow_api.py
[2026-07-17T20:28:40.875+0530] {logging_mixin.py:190} INFO - [2026-07-17T20:28:40.875+0530] {dag.py:3239} INFO - Sync 1 DAGs
[2026-07-17T20:28:40.878+0530] {logging_mixin.py:190} INFO - [2026-07-17T20:28:40.878+0530] {dag.py:4180} INFO - Setting next_dagrun for tutorial_taskflow_api to None, run_after=None
[2026-07-17T20:28:40.882+0530] {processor.py:208} INFO - Processing /Users/bhavishyachallagolla/Desktop/RetailSense/.venv/lib/python3.12/site-packages/airflow/example_dags/tutorial_taskflow_api.py took 0.045 seconds
[2026-07-17T20:29:28.308+0530] {processor.py:186} INFO - Started process (PID=89094) to work on /Users/bhavishyachallagolla/Desktop/RetailSense/.venv/lib/python3.12/site-packages/airflow/example_dags/tutorial_taskflow_api.py
[2026-07-17T20:29:28.308+0530] {processor.py:914} INFO - Processing file /Users/bhavishyachallagolla/Desktop/RetailSense/.venv/lib/python3.12/site-packages/airflow/example_dags/tutorial_taskflow_api.py for tasks to queue
[2026-07-17T20:29:28.309+0530] {logging_mixin.py:190} INFO - [2026-07-17T20:29:28.309+0530] {dagbag.py:588} INFO - Filling up the DagBag from /Users/bhavishyachallagolla/Desktop/RetailSense/.venv/lib/python3.12/site-packages/airflow/example_dags/tutorial_taskflow_api.py
[2026-07-17T20:29:28.320+0530] {processor.py:925} INFO - DAG(s) 'tutorial_taskflow_api' retrieved from /Users/bhavishyachallagolla/Desktop/RetailSense/.venv/lib/python3.12/site-packages/airflow/example_dags/tutorial_taskflow_api.py
[2026-07-17T20:29:28.344+0530] {logging_mixin.py:190} INFO - [2026-07-17T20:29:28.344+0530] {dag.py:3239} INFO - Sync 1 DAGs
[2026-07-17T20:29:28.347+0530] {logging_mixin.py:190} INFO - [2026-07-17T20:29:28.347+0530] {dag.py:4180} INFO - Setting next_dagrun for tutorial_taskflow_api to None, run_after=None
[2026-07-17T20:29:28.352+0530] {processor.py:208} INFO - Processing /Users/bhavishyachallagolla/Desktop/RetailSense/.venv/lib/python3.12/site-packages/airflow/example_dags/tutorial_taskflow_api.py took 0.045 seconds
[2026-07-17T20:30:17.867+0530] {processor.py:186} INFO - Started process (PID=89176) to work on /Users/bhavishyachallagolla/Desktop/RetailSense/.venv/lib/python3.12/site-packages/airflow/example_dags/tutorial_taskflow_api.py
[2026-07-17T20:30:17.868+0530] {processor.py:914} INFO - Processing file /Users/bhavishyachallagolla/Desktop/RetailSense/.venv/lib/python3.12/site-packages/airflow/example_dags/tutorial_taskflow_api.py for tasks to queue
[2026-07-17T20:30:17.868+0530] {logging_mixin.py:190} INFO - [2026-07-17T20:30:17.868+0530] {dagbag.py:588} INFO - Filling up the DagBag from /Users/bhavishyachallagolla/Desktop/RetailSense/.venv/lib/python3.12/site-packages/airflow/example_dags/tutorial_taskflow_api.py
[2026-07-17T20:30:17.880+0530] {processor.py:925} INFO - DAG(s) 'tutorial_taskflow_api' retrieved from /Users/bhavishyachallagolla/Desktop/RetailSense/.venv/lib/python3.12/site-packages/airflow/example_dags/tutorial_taskflow_api.py
[2026-07-17T20:30:17.905+0530] {logging_mixin.py:190} INFO - [2026-07-17T20:30:17.905+0530] {dag.py:3239} INFO - Sync 1 DAGs
[2026-07-17T20:30:17.907+0530] {logging_mixin.py:190} INFO - [2026-07-17T20:30:17.907+0530] {dag.py:4180} INFO - Setting next_dagrun for tutorial_taskflow_api to None, run_after=None
[2026-07-17T20:30:17.912+0530] {processor.py:208} INFO - Processing /Users/bhavishyachallagolla/Desktop/RetailSense/.venv/lib/python3.12/site-packages/airflow/example_dags/tutorial_taskflow_api.py took 0.046 seconds
[2026-07-17T20:31:08.525+0530] {processor.py:186} INFO - Started process (PID=89251) to work on /Users/bhavishyachallagolla/Desktop/RetailSense/.venv/lib/python3.12/site-packages/airflow/example_dags/tutorial_taskflow_api.py
[2026-07-17T20:31:08.525+0530] {processor.py:914} INFO - Processing file /Users/bhavishyachallagolla/Desktop/RetailSense/.venv/lib/python3.12/site-packages/airflow/example_dags/tutorial_taskflow_api.py for tasks to queue
[2026-07-17T20:31:08.526+0530] {logging_mixin.py:190} INFO - [2026-07-17T20:31:08.526+0530] {dagbag.py:588} INFO - Filling up the DagBag from /Users/bhavishyachallagolla/Desktop/RetailSense/.venv/lib/python3.12/site-packages/airflow/example_dags/tutorial_taskflow_api.py
[2026-07-17T20:31:08.538+0530] {processor.py:925} INFO - DAG(s) 'tutorial_taskflow_api' retrieved from /Users/bhavishyachallagolla/Desktop/RetailSense/.venv/lib/python3.12/site-packages/airflow/example_dags/tutorial_taskflow_api.py
[2026-07-17T20:31:08.563+0530] {logging_mixin.py:190} INFO - [2026-07-17T20:31:08.563+0530] {dag.py:3239} INFO - Sync 1 DAGs
[2026-07-17T20:31:08.566+0530] {logging_mixin.py:190} INFO - [2026-07-17T20:31:08.566+0530] {dag.py:4180} INFO - Setting next_dagrun for tutorial_taskflow_api to None, run_after=None
[2026-07-17T20:31:08.571+0530] {processor.py:208} INFO - Processing /Users/bhavishyachallagolla/Desktop/RetailSense/.venv/lib/python3.12/site-packages/airflow/example_dags/tutorial_taskflow_api.py took 0.047 seconds
[2026-07-17T20:31:58.976+0530] {processor.py:186} INFO - Started process (PID=89326) to work on /Users/bhavishyachallagolla/Desktop/RetailSense/.venv/lib/python3.12/site-packages/airflow/example_dags/tutorial_taskflow_api.py
[2026-07-17T20:31:58.976+0530] {processor.py:914} INFO - Processing file /Users/bhavishyachallagolla/Desktop/RetailSense/.venv/lib/python3.12/site-packages/airflow/example_dags/tutorial_taskflow_api.py for tasks to queue
[2026-07-17T20:31:58.976+0530] {logging_mixin.py:190} INFO - [2026-07-17T20:31:58.976+0530] {dagbag.py:588} INFO - Filling up the DagBag from /Users/bhavishyachallagolla/Desktop/RetailSense/.venv/lib/python3.12/site-packages/airflow/example_dags/tutorial_taskflow_api.py
[2026-07-17T20:31:58.988+0530] {processor.py:925} INFO - DAG(s) 'tutorial_taskflow_api' retrieved from /Users/bhavishyachallagolla/Desktop/RetailSense/.venv/lib/python3.12/site-packages/airflow/example_dags/tutorial_taskflow_api.py
[2026-07-17T20:31:59.012+0530] {logging_mixin.py:190} INFO - [2026-07-17T20:31:59.012+0530] {dag.py:3239} INFO - Sync 1 DAGs
[2026-07-17T20:31:59.015+0530] {logging_mixin.py:190} INFO - [2026-07-17T20:31:59.015+0530] {dag.py:4180} INFO - Setting next_dagrun for tutorial_taskflow_api to None, run_after=None
[2026-07-17T20:31:59.020+0530] {processor.py:208} INFO - Processing /Users/bhavishyachallagolla/Desktop/RetailSense/.venv/lib/python3.12/site-packages/airflow/example_dags/tutorial_taskflow_api.py took 0.045 seconds
[2026-07-17T20:32:49.457+0530] {processor.py:186} INFO - Started process (PID=89401) to work on /Users/bhavishyachallagolla/Desktop/RetailSense/.venv/lib/python3.12/site-packages/airflow/example_dags/tutorial_taskflow_api.py
[2026-07-17T20:32:49.457+0530] {processor.py:914} INFO - Processing file /Users/bhavishyachallagolla/Desktop/RetailSense/.venv/lib/python3.12/site-packages/airflow/example_dags/tutorial_taskflow_api.py for tasks to queue
[2026-07-17T20:32:49.458+0530] {logging_mixin.py:190} INFO - [2026-07-17T20:32:49.457+0530] {dagbag.py:588} INFO - Filling up the DagBag from /Users/bhavishyachallagolla/Desktop/RetailSense/.venv/lib/python3.12/site-packages/airflow/example_dags/tutorial_taskflow_api.py
[2026-07-17T20:32:49.469+0530] {processor.py:925} INFO - DAG(s) 'tutorial_taskflow_api' retrieved from /Users/bhavishyachallagolla/Desktop/RetailSense/.venv/lib/python3.12/site-packages/airflow/example_dags/tutorial_taskflow_api.py
[2026-07-17T20:32:49.493+0530] {logging_mixin.py:190} INFO - [2026-07-17T20:32:49.493+0530] {dag.py:3239} INFO - Sync 1 DAGs
[2026-07-17T20:32:49.496+0530] {logging_mixin.py:190} INFO - [2026-07-17T20:32:49.496+0530] {dag.py:4180} INFO - Setting next_dagrun for tutorial_taskflow_api to None, run_after=None
[2026-07-17T20:32:49.501+0530] {processor.py:208} INFO - Processing /Users/bhavishyachallagolla/Desktop/RetailSense/.venv/lib/python3.12/site-packages/airflow/example_dags/tutorial_taskflow_api.py took 0.045 seconds
[2026-07-17T20:33:39.928+0530] {processor.py:186} INFO - Started process (PID=89476) to work on /Users/bhavishyachallagolla/Desktop/RetailSense/.venv/lib/python3.12/site-packages/airflow/example_dags/tutorial_taskflow_api.py
[2026-07-17T20:33:39.929+0530] {processor.py:914} INFO - Processing file /Users/bhavishyachallagolla/Desktop/RetailSense/.venv/lib/python3.12/site-packages/airflow/example_dags/tutorial_taskflow_api.py for tasks to queue
[2026-07-17T20:33:39.929+0530] {logging_mixin.py:190} INFO - [2026-07-17T20:33:39.929+0530] {dagbag.py:588} INFO - Filling up the DagBag from /Users/bhavishyachallagolla/Desktop/RetailSense/.venv/lib/python3.12/site-packages/airflow/example_dags/tutorial_taskflow_api.py
[2026-07-17T20:33:39.941+0530] {processor.py:925} INFO - DAG(s) 'tutorial_taskflow_api' retrieved from /Users/bhavishyachallagolla/Desktop/RetailSense/.venv/lib/python3.12/site-packages/airflow/example_dags/tutorial_taskflow_api.py
[2026-07-17T20:33:39.965+0530] {logging_mixin.py:190} INFO - [2026-07-17T20:33:39.965+0530] {dag.py:3239} INFO - Sync 1 DAGs
[2026-07-17T20:33:39.968+0530] {logging_mixin.py:190} INFO - [2026-07-17T20:33:39.968+0530] {dag.py:4180} INFO - Setting next_dagrun for tutorial_taskflow_api to None, run_after=None
[2026-07-17T20:33:39.972+0530] {processor.py:208} INFO - Processing /Users/bhavishyachallagolla/Desktop/RetailSense/.venv/lib/python3.12/site-packages/airflow/example_dags/tutorial_taskflow_api.py took 0.045 seconds
[2026-07-17T20:34:30.471+0530] {processor.py:186} INFO - Started process (PID=89551) to work on /Users/bhavishyachallagolla/Desktop/RetailSense/.venv/lib/python3.12/site-packages/airflow/example_dags/tutorial_taskflow_api.py
[2026-07-17T20:34:30.471+0530] {processor.py:914} INFO - Processing file /Users/bhavishyachallagolla/Desktop/RetailSense/.venv/lib/python3.12/site-packages/airflow/example_dags/tutorial_taskflow_api.py for tasks to queue
[2026-07-17T20:34:30.472+0530] {logging_mixin.py:190} INFO - [2026-07-17T20:34:30.472+0530] {dagbag.py:588} INFO - Filling up the DagBag from /Users/bhavishyachallagolla/Desktop/RetailSense/.venv/lib/python3.12/site-packages/airflow/example_dags/tutorial_taskflow_api.py
[2026-07-17T20:34:30.483+0530] {processor.py:925} INFO - DAG(s) 'tutorial_taskflow_api' retrieved from /Users/bhavishyachallagolla/Desktop/RetailSense/.venv/lib/python3.12/site-packages/airflow/example_dags/tutorial_taskflow_api.py
[2026-07-17T20:34:30.507+0530] {logging_mixin.py:190} INFO - [2026-07-17T20:34:30.507+0530] {dag.py:3239} INFO - Sync 1 DAGs
[2026-07-17T20:34:30.509+0530] {logging_mixin.py:190} INFO - [2026-07-17T20:34:30.509+0530] {dag.py:4180} INFO - Setting next_dagrun for tutorial_taskflow_api to None, run_after=None
[2026-07-17T20:34:30.514+0530] {processor.py:208} INFO - Processing /Users/bhavishyachallagolla/Desktop/RetailSense/.venv/lib/python3.12/site-packages/airflow/example_dags/tutorial_taskflow_api.py took 0.044 seconds
[2026-07-17T20:35:20.419+0530] {processor.py:186} INFO - Started process (PID=89625) to work on /Users/bhavishyachallagolla/Desktop/RetailSense/.venv/lib/python3.12/site-packages/airflow/example_dags/tutorial_taskflow_api.py
[2026-07-17T20:35:20.419+0530] {processor.py:914} INFO - Processing file /Users/bhavishyachallagolla/Desktop/RetailSense/.venv/lib/python3.12/site-packages/airflow/example_dags/tutorial_taskflow_api.py for tasks to queue
[2026-07-17T20:35:20.419+0530] {logging_mixin.py:190} INFO - [2026-07-17T20:35:20.419+0530] {dagbag.py:588} INFO - Filling up the DagBag from /Users/bhavishyachallagolla/Desktop/RetailSense/.venv/lib/python3.12/site-packages/airflow/example_dags/tutorial_taskflow_api.py
[2026-07-17T20:35:20.431+0530] {processor.py:925} INFO - DAG(s) 'tutorial_taskflow_api' retrieved from /Users/bhavishyachallagolla/Desktop/RetailSense/.venv/lib/python3.12/site-packages/airflow/example_dags/tutorial_taskflow_api.py
[2026-07-17T20:35:20.454+0530] {logging_mixin.py:190} INFO - [2026-07-17T20:35:20.454+0530] {dag.py:3239} INFO - Sync 1 DAGs
[2026-07-17T20:35:20.457+0530] {logging_mixin.py:190} INFO - [2026-07-17T20:35:20.457+0530] {dag.py:4180} INFO - Setting next_dagrun for tutorial_taskflow_api to None, run_after=None
[2026-07-17T20:35:20.462+0530] {processor.py:208} INFO - Processing /Users/bhavishyachallagolla/Desktop/RetailSense/.venv/lib/python3.12/site-packages/airflow/example_dags/tutorial_taskflow_api.py took 0.044 seconds
[2026-07-17T20:36:10.956+0530] {processor.py:186} INFO - Started process (PID=89701) to work on /Users/bhavishyachallagolla/Desktop/RetailSense/.venv/lib/python3.12/site-packages/airflow/example_dags/tutorial_taskflow_api.py
[2026-07-17T20:36:10.956+0530] {processor.py:914} INFO - Processing file /Users/bhavishyachallagolla/Desktop/RetailSense/.venv/lib/python3.12/site-packages/airflow/example_dags/tutorial_taskflow_api.py for tasks to queue
[2026-07-17T20:36:10.956+0530] {logging_mixin.py:190} INFO - [2026-07-17T20:36:10.956+0530] {dagbag.py:588} INFO - Filling up the DagBag from /Users/bhavishyachallagolla/Desktop/RetailSense/.venv/lib/python3.12/site-packages/airflow/example_dags/tutorial_taskflow_api.py
[2026-07-17T20:36:10.968+0530] {processor.py:925} INFO - DAG(s) 'tutorial_taskflow_api' retrieved from /Users/bhavishyachallagolla/Desktop/RetailSense/.venv/lib/python3.12/site-packages/airflow/example_dags/tutorial_taskflow_api.py
[2026-07-17T20:36:10.992+0530] {logging_mixin.py:190} INFO - [2026-07-17T20:36:10.991+0530] {dag.py:3239} INFO - Sync 1 DAGs
[2026-07-17T20:36:10.994+0530] {logging_mixin.py:190} INFO - [2026-07-17T20:36:10.994+0530] {dag.py:4180} INFO - Setting next_dagrun for tutorial_taskflow_api to None, run_after=None
[2026-07-17T20:36:10.999+0530] {processor.py:208} INFO - Processing /Users/bhavishyachallagolla/Desktop/RetailSense/.venv/lib/python3.12/site-packages/airflow/example_dags/tutorial_taskflow_api.py took 0.044 seconds
[2026-07-17T20:37:01.402+0530] {processor.py:186} INFO - Started process (PID=89776) to work on /Users/bhavishyachallagolla/Desktop/RetailSense/.venv/lib/python3.12/site-packages/airflow/example_dags/tutorial_taskflow_api.py
[2026-07-17T20:37:01.402+0530] {processor.py:914} INFO - Processing file /Users/bhavishyachallagolla/Desktop/RetailSense/.venv/lib/python3.12/site-packages/airflow/example_dags/tutorial_taskflow_api.py for tasks to queue
[2026-07-17T20:37:01.402+0530] {logging_mixin.py:190} INFO - [2026-07-17T20:37:01.402+0530] {dagbag.py:588} INFO - Filling up the DagBag from /Users/bhavishyachallagolla/Desktop/RetailSense/.venv/lib/python3.12/site-packages/airflow/example_dags/tutorial_taskflow_api.py
[2026-07-17T20:37:01.414+0530] {processor.py:925} INFO - DAG(s) 'tutorial_taskflow_api' retrieved from /Users/bhavishyachallagolla/Desktop/RetailSense/.venv/lib/python3.12/site-packages/airflow/example_dags/tutorial_taskflow_api.py
[2026-07-17T20:37:01.438+0530] {logging_mixin.py:190} INFO - [2026-07-17T20:37:01.438+0530] {dag.py:3239} INFO - Sync 1 DAGs
[2026-07-17T20:37:01.441+0530] {logging_mixin.py:190} INFO - [2026-07-17T20:37:01.441+0530] {dag.py:4180} INFO - Setting next_dagrun for tutorial_taskflow_api to None, run_after=None
[2026-07-17T20:37:01.446+0530] {processor.py:208} INFO - Processing /Users/bhavishyachallagolla/Desktop/RetailSense/.venv/lib/python3.12/site-packages/airflow/example_dags/tutorial_taskflow_api.py took 0.045 seconds
[2026-07-17T20:37:51.950+0530] {processor.py:186} INFO - Started process (PID=89852) to work on /Users/bhavishyachallagolla/Desktop/RetailSense/.venv/lib/python3.12/site-packages/airflow/example_dags/tutorial_taskflow_api.py
[2026-07-17T20:37:51.950+0530] {processor.py:914} INFO - Processing file /Users/bhavishyachallagolla/Desktop/RetailSense/.venv/lib/python3.12/site-packages/airflow/example_dags/tutorial_taskflow_api.py for tasks to queue
[2026-07-17T20:37:51.951+0530] {logging_mixin.py:190} INFO - [2026-07-17T20:37:51.951+0530] {dagbag.py:588} INFO - Filling up the DagBag from /Users/bhavishyachallagolla/Desktop/RetailSense/.venv/lib/python3.12/site-packages/airflow/example_dags/tutorial_taskflow_api.py
[2026-07-17T20:37:51.963+0530] {processor.py:925} INFO - DAG(s) 'tutorial_taskflow_api' retrieved from /Users/bhavishyachallagolla/Desktop/RetailSense/.venv/lib/python3.12/site-packages/airflow/example_dags/tutorial_taskflow_api.py
[2026-07-17T20:37:51.989+0530] {logging_mixin.py:190} INFO - [2026-07-17T20:37:51.989+0530] {dag.py:3239} INFO - Sync 1 DAGs
[2026-07-17T20:37:51.992+0530] {logging_mixin.py:190} INFO - [2026-07-17T20:37:51.992+0530] {dag.py:4180} INFO - Setting next_dagrun for tutorial_taskflow_api to None, run_after=None
[2026-07-17T20:37:51.997+0530] {processor.py:208} INFO - Processing /Users/bhavishyachallagolla/Desktop/RetailSense/.venv/lib/python3.12/site-packages/airflow/example_dags/tutorial_taskflow_api.py took 0.048 seconds
[2026-07-17T20:38:42.632+0530] {processor.py:186} INFO - Started process (PID=89935) to work on /Users/bhavishyachallagolla/Desktop/RetailSense/.venv/lib/python3.12/site-packages/airflow/example_dags/tutorial_taskflow_api.py
[2026-07-17T20:38:42.633+0530] {processor.py:914} INFO - Processing file /Users/bhavishyachallagolla/Desktop/RetailSense/.venv/lib/python3.12/site-packages/airflow/example_dags/tutorial_taskflow_api.py for tasks to queue
[2026-07-17T20:38:42.633+0530] {logging_mixin.py:190} INFO - [2026-07-17T20:38:42.633+0530] {dagbag.py:588} INFO - Filling up the DagBag from /Users/bhavishyachallagolla/Desktop/RetailSense/.venv/lib/python3.12/site-packages/airflow/example_dags/tutorial_taskflow_api.py
[2026-07-17T20:38:42.646+0530] {processor.py:925} INFO - DAG(s) 'tutorial_taskflow_api' retrieved from /Users/bhavishyachallagolla/Desktop/RetailSense/.venv/lib/python3.12/site-packages/airflow/example_dags/tutorial_taskflow_api.py
[2026-07-17T20:38:42.670+0530] {logging_mixin.py:190} INFO - [2026-07-17T20:38:42.670+0530] {dag.py:3239} INFO - Sync 1 DAGs
[2026-07-17T20:38:42.673+0530] {logging_mixin.py:190} INFO - [2026-07-17T20:38:42.673+0530] {dag.py:4180} INFO - Setting next_dagrun for tutorial_taskflow_api to None, run_after=None
[2026-07-17T20:38:42.677+0530] {processor.py:208} INFO - Processing /Users/bhavishyachallagolla/Desktop/RetailSense/.venv/lib/python3.12/site-packages/airflow/example_dags/tutorial_taskflow_api.py took 0.047 seconds
[2026-07-17T20:39:34.947+0530] {processor.py:186} INFO - Started process (PID=90047) to work on /Users/bhavishyachallagolla/Desktop/RetailSense/.venv/lib/python3.12/site-packages/airflow/example_dags/tutorial_taskflow_api.py
[2026-07-17T20:39:34.948+0530] {processor.py:914} INFO - Processing file /Users/bhavishyachallagolla/Desktop/RetailSense/.venv/lib/python3.12/site-packages/airflow/example_dags/tutorial_taskflow_api.py for tasks to queue
[2026-07-17T20:39:34.948+0530] {logging_mixin.py:190} INFO - [2026-07-17T20:39:34.948+0530] {dagbag.py:588} INFO - Filling up the DagBag from /Users/bhavishyachallagolla/Desktop/RetailSense/.venv/lib/python3.12/site-packages/airflow/example_dags/tutorial_taskflow_api.py
[2026-07-17T20:39:34.960+0530] {processor.py:925} INFO - DAG(s) 'tutorial_taskflow_api' retrieved from /Users/bhavishyachallagolla/Desktop/RetailSense/.venv/lib/python3.12/site-packages/airflow/example_dags/tutorial_taskflow_api.py
[2026-07-17T20:39:34.985+0530] {logging_mixin.py:190} INFO - [2026-07-17T20:39:34.985+0530] {dag.py:3239} INFO - Sync 1 DAGs
[2026-07-17T20:39:34.988+0530] {logging_mixin.py:190} INFO - [2026-07-17T20:39:34.988+0530] {dag.py:4180} INFO - Setting next_dagrun for tutorial_taskflow_api to None, run_after=None
[2026-07-17T20:39:34.993+0530] {processor.py:208} INFO - Processing /Users/bhavishyachallagolla/Desktop/RetailSense/.venv/lib/python3.12/site-packages/airflow/example_dags/tutorial_taskflow_api.py took 0.046 seconds
[2026-07-17T20:40:24.812+0530] {processor.py:186} INFO - Started process (PID=90174) to work on /Users/bhavishyachallagolla/Desktop/RetailSense/.venv/lib/python3.12/site-packages/airflow/example_dags/tutorial_taskflow_api.py
[2026-07-17T20:40:24.813+0530] {processor.py:914} INFO - Processing file /Users/bhavishyachallagolla/Desktop/RetailSense/.venv/lib/python3.12/site-packages/airflow/example_dags/tutorial_taskflow_api.py for tasks to queue
[2026-07-17T20:40:24.813+0530] {logging_mixin.py:190} INFO - [2026-07-17T20:40:24.813+0530] {dagbag.py:588} INFO - Filling up the DagBag from /Users/bhavishyachallagolla/Desktop/RetailSense/.venv/lib/python3.12/site-packages/airflow/example_dags/tutorial_taskflow_api.py
[2026-07-17T20:40:24.826+0530] {processor.py:925} INFO - DAG(s) 'tutorial_taskflow_api' retrieved from /Users/bhavishyachallagolla/Desktop/RetailSense/.venv/lib/python3.12/site-packages/airflow/example_dags/tutorial_taskflow_api.py
[2026-07-17T20:40:24.852+0530] {logging_mixin.py:190} INFO - [2026-07-17T20:40:24.852+0530] {dag.py:3239} INFO - Sync 1 DAGs
[2026-07-17T20:40:24.855+0530] {logging_mixin.py:190} INFO - [2026-07-17T20:40:24.854+0530] {dag.py:4180} INFO - Setting next_dagrun for tutorial_taskflow_api to None, run_after=None
[2026-07-17T20:40:24.859+0530] {processor.py:208} INFO - Processing /Users/bhavishyachallagolla/Desktop/RetailSense/.venv/lib/python3.12/site-packages/airflow/example_dags/tutorial_taskflow_api.py took 0.048 seconds
[2026-07-17T20:41:14.479+0530] {processor.py:186} INFO - Started process (PID=90268) to work on /Users/bhavishyachallagolla/Desktop/RetailSense/.venv/lib/python3.12/site-packages/airflow/example_dags/tutorial_taskflow_api.py
[2026-07-17T20:41:14.479+0530] {processor.py:914} INFO - Processing file /Users/bhavishyachallagolla/Desktop/RetailSense/.venv/lib/python3.12/site-packages/airflow/example_dags/tutorial_taskflow_api.py for tasks to queue
[2026-07-17T20:41:14.480+0530] {logging_mixin.py:190} INFO - [2026-07-17T20:41:14.479+0530] {dagbag.py:588} INFO - Filling up the DagBag from /Users/bhavishyachallagolla/Desktop/RetailSense/.venv/lib/python3.12/site-packages/airflow/example_dags/tutorial_taskflow_api.py
[2026-07-17T20:41:14.491+0530] {processor.py:925} INFO - DAG(s) 'tutorial_taskflow_api' retrieved from /Users/bhavishyachallagolla/Desktop/RetailSense/.venv/lib/python3.12/site-packages/airflow/example_dags/tutorial_taskflow_api.py
[2026-07-17T20:41:14.515+0530] {logging_mixin.py:190} INFO - [2026-07-17T20:41:14.515+0530] {dag.py:3239} INFO - Sync 1 DAGs
[2026-07-17T20:41:14.518+0530] {logging_mixin.py:190} INFO - [2026-07-17T20:41:14.518+0530] {dag.py:4180} INFO - Setting next_dagrun for tutorial_taskflow_api to None, run_after=None
[2026-07-17T20:41:14.523+0530] {processor.py:208} INFO - Processing /Users/bhavishyachallagolla/Desktop/RetailSense/.venv/lib/python3.12/site-packages/airflow/example_dags/tutorial_taskflow_api.py took 0.045 seconds
[2026-07-17T20:42:04.299+0530] {processor.py:186} INFO - Started process (PID=90360) to work on /Users/bhavishyachallagolla/Desktop/RetailSense/.venv/lib/python3.12/site-packages/airflow/example_dags/tutorial_taskflow_api.py
[2026-07-17T20:42:04.299+0530] {processor.py:914} INFO - Processing file /Users/bhavishyachallagolla/Desktop/RetailSense/.venv/lib/python3.12/site-packages/airflow/example_dags/tutorial_taskflow_api.py for tasks to queue
[2026-07-17T20:42:04.300+0530] {logging_mixin.py:190} INFO - [2026-07-17T20:42:04.300+0530] {dagbag.py:588} INFO - Filling up the DagBag from /Users/bhavishyachallagolla/Desktop/RetailSense/.venv/lib/python3.12/site-packages/airflow/example_dags/tutorial_taskflow_api.py
[2026-07-17T20:42:04.312+0530] {processor.py:925} INFO - DAG(s) 'tutorial_taskflow_api' retrieved from /Users/bhavishyachallagolla/Desktop/RetailSense/.venv/lib/python3.12/site-packages/airflow/example_dags/tutorial_taskflow_api.py
[2026-07-17T20:42:04.336+0530] {logging_mixin.py:190} INFO - [2026-07-17T20:42:04.335+0530] {dag.py:3239} INFO - Sync 1 DAGs
[2026-07-17T20:42:04.338+0530] {logging_mixin.py:190} INFO - [2026-07-17T20:42:04.338+0530] {dag.py:4180} INFO - Setting next_dagrun for tutorial_taskflow_api to None, run_after=None
[2026-07-17T20:42:04.343+0530] {processor.py:208} INFO - Processing /Users/bhavishyachallagolla/Desktop/RetailSense/.venv/lib/python3.12/site-packages/airflow/example_dags/tutorial_taskflow_api.py took 0.045 seconds
[2026-07-17T20:42:54.525+0530] {processor.py:186} INFO - Started process (PID=90435) to work on /Users/bhavishyachallagolla/Desktop/RetailSense/.venv/lib/python3.12/site-packages/airflow/example_dags/tutorial_taskflow_api.py
[2026-07-17T20:42:54.525+0530] {processor.py:914} INFO - Processing file /Users/bhavishyachallagolla/Desktop/RetailSense/.venv/lib/python3.12/site-packages/airflow/example_dags/tutorial_taskflow_api.py for tasks to queue
[2026-07-17T20:42:54.526+0530] {logging_mixin.py:190} INFO - [2026-07-17T20:42:54.526+0530] {dagbag.py:588} INFO - Filling up the DagBag from /Users/bhavishyachallagolla/Desktop/RetailSense/.venv/lib/python3.12/site-packages/airflow/example_dags/tutorial_taskflow_api.py
[2026-07-17T20:42:54.541+0530] {processor.py:925} INFO - DAG(s) 'tutorial_taskflow_api' retrieved from /Users/bhavishyachallagolla/Desktop/RetailSense/.venv/lib/python3.12/site-packages/airflow/example_dags/tutorial_taskflow_api.py
[2026-07-17T20:42:54.565+0530] {logging_mixin.py:190} INFO - [2026-07-17T20:42:54.565+0530] {dag.py:3239} INFO - Sync 1 DAGs
[2026-07-17T20:42:54.568+0530] {logging_mixin.py:190} INFO - [2026-07-17T20:42:54.568+0530] {dag.py:4180} INFO - Setting next_dagrun for tutorial_taskflow_api to None, run_after=None
[2026-07-17T20:42:54.573+0530] {processor.py:208} INFO - Processing /Users/bhavishyachallagolla/Desktop/RetailSense/.venv/lib/python3.12/site-packages/airflow/example_dags/tutorial_taskflow_api.py took 0.049 seconds
[2026-07-17T20:43:42.867+0530] {processor.py:186} INFO - Started process (PID=90508) to work on /Users/bhavishyachallagolla/Desktop/RetailSense/.venv/lib/python3.12/site-packages/airflow/example_dags/tutorial_taskflow_api.py
[2026-07-17T20:43:42.867+0530] {processor.py:914} INFO - Processing file /Users/bhavishyachallagolla/Desktop/RetailSense/.venv/lib/python3.12/site-packages/airflow/example_dags/tutorial_taskflow_api.py for tasks to queue
[2026-07-17T20:43:42.868+0530] {logging_mixin.py:190} INFO - [2026-07-17T20:43:42.868+0530] {dagbag.py:588} INFO - Filling up the DagBag from /Users/bhavishyachallagolla/Desktop/RetailSense/.venv/lib/python3.12/site-packages/airflow/example_dags/tutorial_taskflow_api.py
[2026-07-17T20:43:42.879+0530] {processor.py:925} INFO - DAG(s) 'tutorial_taskflow_api' retrieved from /Users/bhavishyachallagolla/Desktop/RetailSense/.venv/lib/python3.12/site-packages/airflow/example_dags/tutorial_taskflow_api.py
[2026-07-17T20:43:42.904+0530] {logging_mixin.py:190} INFO - [2026-07-17T20:43:42.904+0530] {dag.py:3239} INFO - Sync 1 DAGs
[2026-07-17T20:43:42.907+0530] {logging_mixin.py:190} INFO - [2026-07-17T20:43:42.907+0530] {dag.py:4180} INFO - Setting next_dagrun for tutorial_taskflow_api to None, run_after=None
[2026-07-17T20:43:42.911+0530] {processor.py:208} INFO - Processing /Users/bhavishyachallagolla/Desktop/RetailSense/.venv/lib/python3.12/site-packages/airflow/example_dags/tutorial_taskflow_api.py took 0.046 seconds
[2026-07-17T20:44:33.817+0530] {processor.py:186} INFO - Started process (PID=90583) to work on /Users/bhavishyachallagolla/Desktop/RetailSense/.venv/lib/python3.12/site-packages/airflow/example_dags/tutorial_taskflow_api.py
[2026-07-17T20:44:33.817+0530] {processor.py:914} INFO - Processing file /Users/bhavishyachallagolla/Desktop/RetailSense/.venv/lib/python3.12/site-packages/airflow/example_dags/tutorial_taskflow_api.py for tasks to queue
[2026-07-17T20:44:33.817+0530] {logging_mixin.py:190} INFO - [2026-07-17T20:44:33.817+0530] {dagbag.py:588} INFO - Filling up the DagBag from /Users/bhavishyachallagolla/Desktop/RetailSense/.venv/lib/python3.12/site-packages/airflow/example_dags/tutorial_taskflow_api.py
[2026-07-17T20:44:33.829+0530] {processor.py:925} INFO - DAG(s) 'tutorial_taskflow_api' retrieved from /Users/bhavishyachallagolla/Desktop/RetailSense/.venv/lib/python3.12/site-packages/airflow/example_dags/tutorial_taskflow_api.py
[2026-07-17T20:44:33.853+0530] {logging_mixin.py:190} INFO - [2026-07-17T20:44:33.853+0530] {dag.py:3239} INFO - Sync 1 DAGs
[2026-07-17T20:44:33.856+0530] {logging_mixin.py:190} INFO - [2026-07-17T20:44:33.856+0530] {dag.py:4180} INFO - Setting next_dagrun for tutorial_taskflow_api to None, run_after=None
[2026-07-17T20:44:33.861+0530] {processor.py:208} INFO - Processing /Users/bhavishyachallagolla/Desktop/RetailSense/.venv/lib/python3.12/site-packages/airflow/example_dags/tutorial_taskflow_api.py took 0.045 seconds
[2026-07-17T20:45:23.704+0530] {processor.py:186} INFO - Started process (PID=90667) to work on /Users/bhavishyachallagolla/Desktop/RetailSense/.venv/lib/python3.12/site-packages/airflow/example_dags/tutorial_taskflow_api.py
[2026-07-17T20:45:23.705+0530] {processor.py:914} INFO - Processing file /Users/bhavishyachallagolla/Desktop/RetailSense/.venv/lib/python3.12/site-packages/airflow/example_dags/tutorial_taskflow_api.py for tasks to queue
[2026-07-17T20:45:23.705+0530] {logging_mixin.py:190} INFO - [2026-07-17T20:45:23.705+0530] {dagbag.py:588} INFO - Filling up the DagBag from /Users/bhavishyachallagolla/Desktop/RetailSense/.venv/lib/python3.12/site-packages/airflow/example_dags/tutorial_taskflow_api.py
[2026-07-17T20:45:23.717+0530] {processor.py:925} INFO - DAG(s) 'tutorial_taskflow_api' retrieved from /Users/bhavishyachallagolla/Desktop/RetailSense/.venv/lib/python3.12/site-packages/airflow/example_dags/tutorial_taskflow_api.py
[2026-07-17T20:45:23.741+0530] {logging_mixin.py:190} INFO - [2026-07-17T20:45:23.740+0530] {dag.py:3239} INFO - Sync 1 DAGs
[2026-07-17T20:45:23.743+0530] {logging_mixin.py:190} INFO - [2026-07-17T20:45:23.743+0530] {dag.py:4180} INFO - Setting next_dagrun for tutorial_taskflow_api to None, run_after=None
[2026-07-17T20:45:23.748+0530] {processor.py:208} INFO - Processing /Users/bhavishyachallagolla/Desktop/RetailSense/.venv/lib/python3.12/site-packages/airflow/example_dags/tutorial_taskflow_api.py took 0.045 seconds
[2026-07-17T20:46:14.130+0530] {processor.py:186} INFO - Started process (PID=90743) to work on /Users/bhavishyachallagolla/Desktop/RetailSense/.venv/lib/python3.12/site-packages/airflow/example_dags/tutorial_taskflow_api.py
[2026-07-17T20:46:14.130+0530] {processor.py:914} INFO - Processing file /Users/bhavishyachallagolla/Desktop/RetailSense/.venv/lib/python3.12/site-packages/airflow/example_dags/tutorial_taskflow_api.py for tasks to queue
[2026-07-17T20:46:14.130+0530] {logging_mixin.py:190} INFO - [2026-07-17T20:46:14.130+0530] {dagbag.py:588} INFO - Filling up the DagBag from /Users/bhavishyachallagolla/Desktop/RetailSense/.venv/lib/python3.12/site-packages/airflow/example_dags/tutorial_taskflow_api.py
[2026-07-17T20:46:14.142+0530] {processor.py:925} INFO - DAG(s) 'tutorial_taskflow_api' retrieved from /Users/bhavishyachallagolla/Desktop/RetailSense/.venv/lib/python3.12/site-packages/airflow/example_dags/tutorial_taskflow_api.py
[2026-07-17T20:46:14.166+0530] {logging_mixin.py:190} INFO - [2026-07-17T20:46:14.166+0530] {dag.py:3239} INFO - Sync 1 DAGs
[2026-07-17T20:46:14.169+0530] {logging_mixin.py:190} INFO - [2026-07-17T20:46:14.169+0530] {dag.py:4180} INFO - Setting next_dagrun for tutorial_taskflow_api to None, run_after=None
[2026-07-17T20:46:14.174+0530] {processor.py:208} INFO - Processing /Users/bhavishyachallagolla/Desktop/RetailSense/.venv/lib/python3.12/site-packages/airflow/example_dags/tutorial_taskflow_api.py took 0.045 seconds
[2026-07-17T20:47:04.589+0530] {processor.py:186} INFO - Started process (PID=90818) to work on /Users/bhavishyachallagolla/Desktop/RetailSense/.venv/lib/python3.12/site-packages/airflow/example_dags/tutorial_taskflow_api.py
[2026-07-17T20:47:04.590+0530] {processor.py:914} INFO - Processing file /Users/bhavishyachallagolla/Desktop/RetailSense/.venv/lib/python3.12/site-packages/airflow/example_dags/tutorial_taskflow_api.py for tasks to queue
[2026-07-17T20:47:04.590+0530] {logging_mixin.py:190} INFO - [2026-07-17T20:47:04.590+0530] {dagbag.py:588} INFO - Filling up the DagBag from /Users/bhavishyachallagolla/Desktop/RetailSense/.venv/lib/python3.12/site-packages/airflow/example_dags/tutorial_taskflow_api.py
[2026-07-17T20:47:04.602+0530] {processor.py:925} INFO - DAG(s) 'tutorial_taskflow_api' retrieved from /Users/bhavishyachallagolla/Desktop/RetailSense/.venv/lib/python3.12/site-packages/airflow/example_dags/tutorial_taskflow_api.py
[2026-07-17T20:47:04.625+0530] {logging_mixin.py:190} INFO - [2026-07-17T20:47:04.625+0530] {dag.py:3239} INFO - Sync 1 DAGs
[2026-07-17T20:47:04.628+0530] {logging_mixin.py:190} INFO - [2026-07-17T20:47:04.628+0530] {dag.py:4180} INFO - Setting next_dagrun for tutorial_taskflow_api to None, run_after=None
[2026-07-17T20:47:04.633+0530] {processor.py:208} INFO - Processing /Users/bhavishyachallagolla/Desktop/RetailSense/.venv/lib/python3.12/site-packages/airflow/example_dags/tutorial_taskflow_api.py took 0.045 seconds
[2026-07-17T20:47:54.011+0530] {processor.py:186} INFO - Started process (PID=90893) to work on /Users/bhavishyachallagolla/Desktop/RetailSense/.venv/lib/python3.12/site-packages/airflow/example_dags/tutorial_taskflow_api.py
[2026-07-17T20:47:54.013+0530] {processor.py:914} INFO - Processing file /Users/bhavishyachallagolla/Desktop/RetailSense/.venv/lib/python3.12/site-packages/airflow/example_dags/tutorial_taskflow_api.py for tasks to queue
[2026-07-17T20:47:54.013+0530] {logging_mixin.py:190} INFO - [2026-07-17T20:47:54.013+0530] {dagbag.py:588} INFO - Filling up the DagBag from /Users/bhavishyachallagolla/Desktop/RetailSense/.venv/lib/python3.12/site-packages/airflow/example_dags/tutorial_taskflow_api.py
[2026-07-17T20:47:54.025+0530] {processor.py:925} INFO - DAG(s) 'tutorial_taskflow_api' retrieved from /Users/bhavishyachallagolla/Desktop/RetailSense/.venv/lib/python3.12/site-packages/airflow/example_dags/tutorial_taskflow_api.py
[2026-07-17T20:47:54.049+0530] {logging_mixin.py:190} INFO - [2026-07-17T20:47:54.049+0530] {dag.py:3239} INFO - Sync 1 DAGs
[2026-07-17T20:47:54.052+0530] {logging_mixin.py:190} INFO - [2026-07-17T20:47:54.052+0530] {dag.py:4180} INFO - Setting next_dagrun for tutorial_taskflow_api to None, run_after=None
[2026-07-17T20:47:54.057+0530] {processor.py:208} INFO - Processing /Users/bhavishyachallagolla/Desktop/RetailSense/.venv/lib/python3.12/site-packages/airflow/example_dags/tutorial_taskflow_api.py took 0.046 seconds
[2026-07-17T20:48:44.549+0530] {processor.py:186} INFO - Started process (PID=90972) to work on /Users/bhavishyachallagolla/Desktop/RetailSense/.venv/lib/python3.12/site-packages/airflow/example_dags/tutorial_taskflow_api.py
[2026-07-17T20:48:44.550+0530] {processor.py:914} INFO - Processing file /Users/bhavishyachallagolla/Desktop/RetailSense/.venv/lib/python3.12/site-packages/airflow/example_dags/tutorial_taskflow_api.py for tasks to queue
[2026-07-17T20:48:44.551+0530] {logging_mixin.py:190} INFO - [2026-07-17T20:48:44.551+0530] {dagbag.py:588} INFO - Filling up the DagBag from /Users/bhavishyachallagolla/Desktop/RetailSense/.venv/lib/python3.12/site-packages/airflow/example_dags/tutorial_taskflow_api.py
[2026-07-17T20:48:44.563+0530] {processor.py:925} INFO - DAG(s) 'tutorial_taskflow_api' retrieved from /Users/bhavishyachallagolla/Desktop/RetailSense/.venv/lib/python3.12/site-packages/airflow/example_dags/tutorial_taskflow_api.py
[2026-07-17T20:48:44.587+0530] {logging_mixin.py:190} INFO - [2026-07-17T20:48:44.587+0530] {dag.py:3239} INFO - Sync 1 DAGs
[2026-07-17T20:48:44.590+0530] {logging_mixin.py:190} INFO - [2026-07-17T20:48:44.590+0530] {dag.py:4180} INFO - Setting next_dagrun for tutorial_taskflow_api to None, run_after=None
[2026-07-17T20:48:44.595+0530] {processor.py:208} INFO - Processing /Users/bhavishyachallagolla/Desktop/RetailSense/.venv/lib/python3.12/site-packages/airflow/example_dags/tutorial_taskflow_api.py took 0.046 seconds
[2026-07-17T20:49:36.121+0530] {processor.py:186} INFO - Started process (PID=91066) to work on /Users/bhavishyachallagolla/Desktop/RetailSense/.venv/lib/python3.12/site-packages/airflow/example_dags/tutorial_taskflow_api.py
[2026-07-17T20:49:36.122+0530] {processor.py:914} INFO - Processing file /Users/bhavishyachallagolla/Desktop/RetailSense/.venv/lib/python3.12/site-packages/airflow/example_dags/tutorial_taskflow_api.py for tasks to queue
[2026-07-17T20:49:36.122+0530] {logging_mixin.py:190} INFO - [2026-07-17T20:49:36.122+0530] {dagbag.py:588} INFO - Filling up the DagBag from /Users/bhavishyachallagolla/Desktop/RetailSense/.venv/lib/python3.12/site-packages/airflow/example_dags/tutorial_taskflow_api.py
[2026-07-17T20:49:36.134+0530] {processor.py:925} INFO - DAG(s) 'tutorial_taskflow_api' retrieved from /Users/bhavishyachallagolla/Desktop/RetailSense/.venv/lib/python3.12/site-packages/airflow/example_dags/tutorial_taskflow_api.py
[2026-07-17T20:49:36.159+0530] {logging_mixin.py:190} INFO - [2026-07-17T20:49:36.158+0530] {dag.py:3239} INFO - Sync 1 DAGs
[2026-07-17T20:49:36.161+0530] {logging_mixin.py:190} INFO - [2026-07-17T20:49:36.161+0530] {dag.py:4180} INFO - Setting next_dagrun for tutorial_taskflow_api to None, run_after=None
[2026-07-17T20:49:36.166+0530] {processor.py:208} INFO - Processing /Users/bhavishyachallagolla/Desktop/RetailSense/.venv/lib/python3.12/site-packages/airflow/example_dags/tutorial_taskflow_api.py took 0.046 seconds
[2026-07-17T20:50:23.295+0530] {processor.py:186} INFO - Started process (PID=91139) to work on /Users/bhavishyachallagolla/Desktop/RetailSense/.venv/lib/python3.12/site-packages/airflow/example_dags/tutorial_taskflow_api.py
[2026-07-17T20:50:23.295+0530] {processor.py:914} INFO - Processing file /Users/bhavishyachallagolla/Desktop/RetailSense/.venv/lib/python3.12/site-packages/airflow/example_dags/tutorial_taskflow_api.py for tasks to queue
[2026-07-17T20:50:23.296+0530] {logging_mixin.py:190} INFO - [2026-07-17T20:50:23.295+0530] {dagbag.py:588} INFO - Filling up the DagBag from /Users/bhavishyachallagolla/Desktop/RetailSense/.venv/lib/python3.12/site-packages/airflow/example_dags/tutorial_taskflow_api.py
[2026-07-17T20:50:23.307+0530] {processor.py:925} INFO - DAG(s) 'tutorial_taskflow_api' retrieved from /Users/bhavishyachallagolla/Desktop/RetailSense/.venv/lib/python3.12/site-packages/airflow/example_dags/tutorial_taskflow_api.py
[2026-07-17T20:50:23.333+0530] {logging_mixin.py:190} INFO - [2026-07-17T20:50:23.333+0530] {dag.py:3239} INFO - Sync 1 DAGs
[2026-07-17T20:50:23.335+0530] {logging_mixin.py:190} INFO - [2026-07-17T20:50:23.335+0530] {dag.py:4180} INFO - Setting next_dagrun for tutorial_taskflow_api to None, run_after=None
[2026-07-17T20:50:23.340+0530] {processor.py:208} INFO - Processing /Users/bhavishyachallagolla/Desktop/RetailSense/.venv/lib/python3.12/site-packages/airflow/example_dags/tutorial_taskflow_api.py took 0.047 seconds
[2026-07-17T20:51:13.074+0530] {processor.py:186} INFO - Started process (PID=91215) to work on /Users/bhavishyachallagolla/Desktop/RetailSense/.venv/lib/python3.12/site-packages/airflow/example_dags/tutorial_taskflow_api.py
[2026-07-17T20:51:13.075+0530] {processor.py:914} INFO - Processing file /Users/bhavishyachallagolla/Desktop/RetailSense/.venv/lib/python3.12/site-packages/airflow/example_dags/tutorial_taskflow_api.py for tasks to queue
[2026-07-17T20:51:13.075+0530] {logging_mixin.py:190} INFO - [2026-07-17T20:51:13.075+0530] {dagbag.py:588} INFO - Filling up the DagBag from /Users/bhavishyachallagolla/Desktop/RetailSense/.venv/lib/python3.12/site-packages/airflow/example_dags/tutorial_taskflow_api.py
[2026-07-17T20:51:13.087+0530] {processor.py:925} INFO - DAG(s) 'tutorial_taskflow_api' retrieved from /Users/bhavishyachallagolla/Desktop/RetailSense/.venv/lib/python3.12/site-packages/airflow/example_dags/tutorial_taskflow_api.py
[2026-07-17T20:51:13.111+0530] {logging_mixin.py:190} INFO - [2026-07-17T20:51:13.111+0530] {dag.py:3239} INFO - Sync 1 DAGs
[2026-07-17T20:51:13.114+0530] {logging_mixin.py:190} INFO - [2026-07-17T20:51:13.114+0530] {dag.py:4180} INFO - Setting next_dagrun for tutorial_taskflow_api to None, run_after=None
[2026-07-17T20:51:13.119+0530] {processor.py:208} INFO - Processing /Users/bhavishyachallagolla/Desktop/RetailSense/.venv/lib/python3.12/site-packages/airflow/example_dags/tutorial_taskflow_api.py took 0.046 seconds
[2026-07-17T20:52:04.577+0530] {processor.py:186} INFO - Started process (PID=91291) to work on /Users/bhavishyachallagolla/Desktop/RetailSense/.venv/lib/python3.12/site-packages/airflow/example_dags/tutorial_taskflow_api.py
[2026-07-17T20:52:04.579+0530] {processor.py:914} INFO - Processing file /Users/bhavishyachallagolla/Desktop/RetailSense/.venv/lib/python3.12/site-packages/airflow/example_dags/tutorial_taskflow_api.py for tasks to queue
[2026-07-17T20:52:04.579+0530] {logging_mixin.py:190} INFO - [2026-07-17T20:52:04.579+0530] {dagbag.py:588} INFO - Filling up the DagBag from /Users/bhavishyachallagolla/Desktop/RetailSense/.venv/lib/python3.12/site-packages/airflow/example_dags/tutorial_taskflow_api.py
[2026-07-17T20:52:04.591+0530] {processor.py:925} INFO - DAG(s) 'tutorial_taskflow_api' retrieved from /Users/bhavishyachallagolla/Desktop/RetailSense/.venv/lib/python3.12/site-packages/airflow/example_dags/tutorial_taskflow_api.py
[2026-07-17T20:52:04.614+0530] {logging_mixin.py:190} INFO - [2026-07-17T20:52:04.614+0530] {dag.py:3239} INFO - Sync 1 DAGs
[2026-07-17T20:52:04.617+0530] {logging_mixin.py:190} INFO - [2026-07-17T20:52:04.617+0530] {dag.py:4180} INFO - Setting next_dagrun for tutorial_taskflow_api to None, run_after=None
[2026-07-17T20:52:04.621+0530] {processor.py:208} INFO - Processing /Users/bhavishyachallagolla/Desktop/RetailSense/.venv/lib/python3.12/site-packages/airflow/example_dags/tutorial_taskflow_api.py took 0.045 seconds
[2026-07-17T20:52:54.966+0530] {processor.py:186} INFO - Started process (PID=91366) to work on /Users/bhavishyachallagolla/Desktop/RetailSense/.venv/lib/python3.12/site-packages/airflow/example_dags/tutorial_taskflow_api.py
[2026-07-17T20:52:54.967+0530] {processor.py:914} INFO - Processing file /Users/bhavishyachallagolla/Desktop/RetailSense/.venv/lib/python3.12/site-packages/airflow/example_dags/tutorial_taskflow_api.py for tasks to queue
[2026-07-17T20:52:54.968+0530] {logging_mixin.py:190} INFO - [2026-07-17T20:52:54.968+0530] {dagbag.py:588} INFO - Filling up the DagBag from /Users/bhavishyachallagolla/Desktop/RetailSense/.venv/lib/python3.12/site-packages/airflow/example_dags/tutorial_taskflow_api.py
[2026-07-17T20:52:54.979+0530] {processor.py:925} INFO - DAG(s) 'tutorial_taskflow_api' retrieved from /Users/bhavishyachallagolla/Desktop/RetailSense/.venv/lib/python3.12/site-packages/airflow/example_dags/tutorial_taskflow_api.py
[2026-07-17T20:52:55.003+0530] {logging_mixin.py:190} INFO - [2026-07-17T20:52:55.003+0530] {dag.py:3239} INFO - Sync 1 DAGs
[2026-07-17T20:52:55.006+0530] {logging_mixin.py:190} INFO - [2026-07-17T20:52:55.006+0530] {dag.py:4180} INFO - Setting next_dagrun for tutorial_taskflow_api to None, run_after=None
[2026-07-17T20:52:55.010+0530] {processor.py:208} INFO - Processing /Users/bhavishyachallagolla/Desktop/RetailSense/.venv/lib/python3.12/site-packages/airflow/example_dags/tutorial_taskflow_api.py took 0.045 seconds
[2026-07-17T20:53:45.981+0530] {processor.py:186} INFO - Started process (PID=91441) to work on /Users/bhavishyachallagolla/Desktop/RetailSense/.venv/lib/python3.12/site-packages/airflow/example_dags/tutorial_taskflow_api.py
[2026-07-17T20:53:45.981+0530] {processor.py:914} INFO - Processing file /Users/bhavishyachallagolla/Desktop/RetailSense/.venv/lib/python3.12/site-packages/airflow/example_dags/tutorial_taskflow_api.py for tasks to queue
[2026-07-17T20:53:45.981+0530] {logging_mixin.py:190} INFO - [2026-07-17T20:53:45.981+0530] {dagbag.py:588} INFO - Filling up the DagBag from /Users/bhavishyachallagolla/Desktop/RetailSense/.venv/lib/python3.12/site-packages/airflow/example_dags/tutorial_taskflow_api.py
[2026-07-17T20:53:45.993+0530] {processor.py:925} INFO - DAG(s) 'tutorial_taskflow_api' retrieved from /Users/bhavishyachallagolla/Desktop/RetailSense/.venv/lib/python3.12/site-packages/airflow/example_dags/tutorial_taskflow_api.py
[2026-07-17T20:53:46.018+0530] {logging_mixin.py:190} INFO - [2026-07-17T20:53:46.018+0530] {dag.py:3239} INFO - Sync 1 DAGs
[2026-07-17T20:53:46.020+0530] {logging_mixin.py:190} INFO - [2026-07-17T20:53:46.020+0530] {dag.py:4180} INFO - Setting next_dagrun for tutorial_taskflow_api to None, run_after=None
[2026-07-17T20:53:46.025+0530] {processor.py:208} INFO - Processing /Users/bhavishyachallagolla/Desktop/RetailSense/.venv/lib/python3.12/site-packages/airflow/example_dags/tutorial_taskflow_api.py took 0.046 seconds
[2026-07-17T20:54:37.241+0530] {processor.py:186} INFO - Started process (PID=91518) to work on /Users/bhavishyachallagolla/Desktop/RetailSense/.venv/lib/python3.12/site-packages/airflow/example_dags/tutorial_taskflow_api.py
[2026-07-17T20:54:37.242+0530] {processor.py:914} INFO - Processing file /Users/bhavishyachallagolla/Desktop/RetailSense/.venv/lib/python3.12/site-packages/airflow/example_dags/tutorial_taskflow_api.py for tasks to queue
[2026-07-17T20:54:37.242+0530] {logging_mixin.py:190} INFO - [2026-07-17T20:54:37.242+0530] {dagbag.py:588} INFO - Filling up the DagBag from /Users/bhavishyachallagolla/Desktop/RetailSense/.venv/lib/python3.12/site-packages/airflow/example_dags/tutorial_taskflow_api.py
[2026-07-17T20:54:37.254+0530] {processor.py:925} INFO - DAG(s) 'tutorial_taskflow_api' retrieved from /Users/bhavishyachallagolla/Desktop/RetailSense/.venv/lib/python3.12/site-packages/airflow/example_dags/tutorial_taskflow_api.py
[2026-07-17T20:54:37.278+0530] {logging_mixin.py:190} INFO - [2026-07-17T20:54:37.278+0530] {dag.py:3239} INFO - Sync 1 DAGs
[2026-07-17T20:54:37.281+0530] {logging_mixin.py:190} INFO - [2026-07-17T20:54:37.281+0530] {dag.py:4180} INFO - Setting next_dagrun for tutorial_taskflow_api to None, run_after=None
[2026-07-17T20:54:37.287+0530] {processor.py:208} INFO - Processing /Users/bhavishyachallagolla/Desktop/RetailSense/.venv/lib/python3.12/site-packages/airflow/example_dags/tutorial_taskflow_api.py took 0.047 seconds
[2026-07-17T20:55:27.143+0530] {processor.py:186} INFO - Started process (PID=91609) to work on /Users/bhavishyachallagolla/Desktop/RetailSense/.venv/lib/python3.12/site-packages/airflow/example_dags/tutorial_taskflow_api.py
[2026-07-17T20:55:27.143+0530] {processor.py:914} INFO - Processing file /Users/bhavishyachallagolla/Desktop/RetailSense/.venv/lib/python3.12/site-packages/airflow/example_dags/tutorial_taskflow_api.py for tasks to queue
[2026-07-17T20:55:27.144+0530] {logging_mixin.py:190} INFO - [2026-07-17T20:55:27.144+0530] {dagbag.py:588} INFO - Filling up the DagBag from /Users/bhavishyachallagolla/Desktop/RetailSense/.venv/lib/python3.12/site-packages/airflow/example_dags/tutorial_taskflow_api.py
[2026-07-17T20:55:27.156+0530] {processor.py:925} INFO - DAG(s) 'tutorial_taskflow_api' retrieved from /Users/bhavishyachallagolla/Desktop/RetailSense/.venv/lib/python3.12/site-packages/airflow/example_dags/tutorial_taskflow_api.py
[2026-07-17T20:55:27.180+0530] {logging_mixin.py:190} INFO - [2026-07-17T20:55:27.180+0530] {dag.py:3239} INFO - Sync 1 DAGs
[2026-07-17T20:55:27.183+0530] {logging_mixin.py:190} INFO - [2026-07-17T20:55:27.183+0530] {dag.py:4180} INFO - Setting next_dagrun for tutorial_taskflow_api to None, run_after=None
[2026-07-17T20:55:27.187+0530] {processor.py:208} INFO - Processing /Users/bhavishyachallagolla/Desktop/RetailSense/.venv/lib/python3.12/site-packages/airflow/example_dags/tutorial_taskflow_api.py took 0.046 seconds
[2026-07-17T20:56:17.012+0530] {processor.py:186} INFO - Started process (PID=91682) to work on /Users/bhavishyachallagolla/Desktop/RetailSense/.venv/lib/python3.12/site-packages/airflow/example_dags/tutorial_taskflow_api.py
[2026-07-17T20:56:17.013+0530] {processor.py:914} INFO - Processing file /Users/bhavishyachallagolla/Desktop/RetailSense/.venv/lib/python3.12/site-packages/airflow/example_dags/tutorial_taskflow_api.py for tasks to queue
[2026-07-17T20:56:17.013+0530] {logging_mixin.py:190} INFO - [2026-07-17T20:56:17.013+0530] {dagbag.py:588} INFO - Filling up the DagBag from /Users/bhavishyachallagolla/Desktop/RetailSense/.venv/lib/python3.12/site-packages/airflow/example_dags/tutorial_taskflow_api.py
[2026-07-17T20:56:17.025+0530] {processor.py:925} INFO - DAG(s) 'tutorial_taskflow_api' retrieved from /Users/bhavishyachallagolla/Desktop/RetailSense/.venv/lib/python3.12/site-packages/airflow/example_dags/tutorial_taskflow_api.py
[2026-07-17T20:56:17.049+0530] {logging_mixin.py:190} INFO - [2026-07-17T20:56:17.049+0530] {dag.py:3239} INFO - Sync 1 DAGs
[2026-07-17T20:56:17.052+0530] {logging_mixin.py:190} INFO - [2026-07-17T20:56:17.052+0530] {dag.py:4180} INFO - Setting next_dagrun for tutorial_taskflow_api to None, run_after=None
[2026-07-17T20:56:17.057+0530] {processor.py:208} INFO - Processing /Users/bhavishyachallagolla/Desktop/RetailSense/.venv/lib/python3.12/site-packages/airflow/example_dags/tutorial_taskflow_api.py took 0.045 seconds
[2026-07-17T20:57:07.425+0530] {processor.py:186} INFO - Started process (PID=91756) to work on /Users/bhavishyachallagolla/Desktop/RetailSense/.venv/lib/python3.12/site-packages/airflow/example_dags/tutorial_taskflow_api.py
[2026-07-17T20:57:07.426+0530] {processor.py:914} INFO - Processing file /Users/bhavishyachallagolla/Desktop/RetailSense/.venv/lib/python3.12/site-packages/airflow/example_dags/tutorial_taskflow_api.py for tasks to queue
[2026-07-17T20:57:07.426+0530] {logging_mixin.py:190} INFO - [2026-07-17T20:57:07.426+0530] {dagbag.py:588} INFO - Filling up the DagBag from /Users/bhavishyachallagolla/Desktop/RetailSense/.venv/lib/python3.12/site-packages/airflow/example_dags/tutorial_taskflow_api.py
[2026-07-17T20:57:07.437+0530] {processor.py:925} INFO - DAG(s) 'tutorial_taskflow_api' retrieved from /Users/bhavishyachallagolla/Desktop/RetailSense/.venv/lib/python3.12/site-packages/airflow/example_dags/tutorial_taskflow_api.py
[2026-07-17T20:57:07.461+0530] {logging_mixin.py:190} INFO - [2026-07-17T20:57:07.461+0530] {dag.py:3239} INFO - Sync 1 DAGs
[2026-07-17T20:57:07.464+0530] {logging_mixin.py:190} INFO - [2026-07-17T20:57:07.463+0530] {dag.py:4180} INFO - Setting next_dagrun for tutorial_taskflow_api to None, run_after=None
[2026-07-17T20:57:07.468+0530] {processor.py:208} INFO - Processing /Users/bhavishyachallagolla/Desktop/RetailSense/.venv/lib/python3.12/site-packages/airflow/example_dags/tutorial_taskflow_api.py took 0.044 seconds
[2026-07-17T20:57:57.140+0530] {processor.py:186} INFO - Started process (PID=91829) to work on /Users/bhavishyachallagolla/Desktop/RetailSense/.venv/lib/python3.12/site-packages/airflow/example_dags/tutorial_taskflow_api.py
[2026-07-17T20:57:57.141+0530] {processor.py:914} INFO - Processing file /Users/bhavishyachallagolla/Desktop/RetailSense/.venv/lib/python3.12/site-packages/airflow/example_dags/tutorial_taskflow_api.py for tasks to queue
[2026-07-17T20:57:57.141+0530] {logging_mixin.py:190} INFO - [2026-07-17T20:57:57.141+0530] {dagbag.py:588} INFO - Filling up the DagBag from /Users/bhavishyachallagolla/Desktop/RetailSense/.venv/lib/python3.12/site-packages/airflow/example_dags/tutorial_taskflow_api.py
[2026-07-17T20:57:57.153+0530] {processor.py:925} INFO - DAG(s) 'tutorial_taskflow_api' retrieved from /Users/bhavishyachallagolla/Desktop/RetailSense/.venv/lib/python3.12/site-packages/airflow/example_dags/tutorial_taskflow_api.py
[2026-07-17T20:57:57.177+0530] {logging_mixin.py:190} INFO - [2026-07-17T20:57:57.177+0530] {dag.py:3239} INFO - Sync 1 DAGs
[2026-07-17T20:57:57.180+0530] {logging_mixin.py:190} INFO - [2026-07-17T20:57:57.180+0530] {dag.py:4180} INFO - Setting next_dagrun for tutorial_taskflow_api to None, run_after=None
[2026-07-17T20:57:57.184+0530] {processor.py:208} INFO - Processing /Users/bhavishyachallagolla/Desktop/RetailSense/.venv/lib/python3.12/site-packages/airflow/example_dags/tutorial_taskflow_api.py took 0.046 seconds
[2026-07-17T20:58:45.974+0530] {processor.py:186} INFO - Started process (PID=91901) to work on /Users/bhavishyachallagolla/Desktop/RetailSense/.venv/lib/python3.12/site-packages/airflow/example_dags/tutorial_taskflow_api.py
[2026-07-17T20:58:45.974+0530] {processor.py:914} INFO - Processing file /Users/bhavishyachallagolla/Desktop/RetailSense/.venv/lib/python3.12/site-packages/airflow/example_dags/tutorial_taskflow_api.py for tasks to queue
[2026-07-17T20:58:45.974+0530] {logging_mixin.py:190} INFO - [2026-07-17T20:58:45.974+0530] {dagbag.py:588} INFO - Filling up the DagBag from /Users/bhavishyachallagolla/Desktop/RetailSense/.venv/lib/python3.12/site-packages/airflow/example_dags/tutorial_taskflow_api.py
[2026-07-17T20:58:45.985+0530] {processor.py:925} INFO - DAG(s) 'tutorial_taskflow_api' retrieved from /Users/bhavishyachallagolla/Desktop/RetailSense/.venv/lib/python3.12/site-packages/airflow/example_dags/tutorial_taskflow_api.py
[2026-07-17T20:58:46.009+0530] {logging_mixin.py:190} INFO - [2026-07-17T20:58:46.009+0530] {dag.py:3239} INFO - Sync 1 DAGs
[2026-07-17T20:58:46.012+0530] {logging_mixin.py:190} INFO - [2026-07-17T20:58:46.012+0530] {dag.py:4180} INFO - Setting next_dagrun for tutorial_taskflow_api to None, run_after=None
[2026-07-17T20:58:46.017+0530] {processor.py:208} INFO - Processing /Users/bhavishyachallagolla/Desktop/RetailSense/.venv/lib/python3.12/site-packages/airflow/example_dags/tutorial_taskflow_api.py took 0.044 seconds
[2026-07-17T20:59:36.309+0530] {processor.py:186} INFO - Started process (PID=91977) to work on /Users/bhavishyachallagolla/Desktop/RetailSense/.venv/lib/python3.12/site-packages/airflow/example_dags/tutorial_taskflow_api.py
[2026-07-17T20:59:36.310+0530] {processor.py:914} INFO - Processing file /Users/bhavishyachallagolla/Desktop/RetailSense/.venv/lib/python3.12/site-packages/airflow/example_dags/tutorial_taskflow_api.py for tasks to queue
[2026-07-17T20:59:36.310+0530] {logging_mixin.py:190} INFO - [2026-07-17T20:59:36.310+0530] {dagbag.py:588} INFO - Filling up the DagBag from /Users/bhavishyachallagolla/Desktop/RetailSense/.venv/lib/python3.12/site-packages/airflow/example_dags/tutorial_taskflow_api.py
[2026-07-17T20:59:36.322+0530] {processor.py:925} INFO - DAG(s) 'tutorial_taskflow_api' retrieved from /Users/bhavishyachallagolla/Desktop/RetailSense/.venv/lib/python3.12/site-packages/airflow/example_dags/tutorial_taskflow_api.py
[2026-07-17T20:59:36.346+0530] {logging_mixin.py:190} INFO - [2026-07-17T20:59:36.345+0530] {dag.py:3239} INFO - Sync 1 DAGs
[2026-07-17T20:59:36.348+0530] {logging_mixin.py:190} INFO - [2026-07-17T20:59:36.348+0530] {dag.py:4180} INFO - Setting next_dagrun for tutorial_taskflow_api to None, run_after=None
[2026-07-17T20:59:36.353+0530] {processor.py:208} INFO - Processing /Users/bhavishyachallagolla/Desktop/RetailSense/.venv/lib/python3.12/site-packages/airflow/example_dags/tutorial_taskflow_api.py took 0.045 seconds
[2026-07-17T22:22:14.113+0530] {processor.py:186} INFO - Started process (PID=92061) to work on /Users/bhavishyachallagolla/Desktop/RetailSense/.venv/lib/python3.12/site-packages/airflow/example_dags/tutorial_taskflow_api.py
[2026-07-17T22:22:14.114+0530] {processor.py:914} INFO - Processing file /Users/bhavishyachallagolla/Desktop/RetailSense/.venv/lib/python3.12/site-packages/airflow/example_dags/tutorial_taskflow_api.py for tasks to queue
[2026-07-17T22:22:14.115+0530] {logging_mixin.py:190} INFO - [2026-07-17T22:22:14.115+0530] {dagbag.py:588} INFO - Filling up the DagBag from /Users/bhavishyachallagolla/Desktop/RetailSense/.venv/lib/python3.12/site-packages/airflow/example_dags/tutorial_taskflow_api.py
[2026-07-17T22:22:14.125+0530] {processor.py:925} INFO - DAG(s) 'tutorial_taskflow_api' retrieved from /Users/bhavishyachallagolla/Desktop/RetailSense/.venv/lib/python3.12/site-packages/airflow/example_dags/tutorial_taskflow_api.py
[2026-07-17T22:22:14.148+0530] {logging_mixin.py:190} INFO - [2026-07-17T22:22:14.147+0530] {dag.py:3239} INFO - Sync 1 DAGs
[2026-07-17T22:22:14.150+0530] {logging_mixin.py:190} INFO - [2026-07-17T22:22:14.150+0530] {dag.py:4180} INFO - Setting next_dagrun for tutorial_taskflow_api to None, run_after=None
[2026-07-17T22:22:14.154+0530] {processor.py:208} INFO - Processing /Users/bhavishyachallagolla/Desktop/RetailSense/.venv/lib/python3.12/site-packages/airflow/example_dags/tutorial_taskflow_api.py took 0.042 seconds
[2026-07-17T22:23:33.680+0530] {processor.py:186} INFO - Started process (PID=92203) to work on /Users/bhavishyachallagolla/Desktop/RetailSense/.venv/lib/python3.12/site-packages/airflow/example_dags/tutorial_taskflow_api.py
[2026-07-17T22:23:33.681+0530] {processor.py:914} INFO - Processing file /Users/bhavishyachallagolla/Desktop/RetailSense/.venv/lib/python3.12/site-packages/airflow/example_dags/tutorial_taskflow_api.py for tasks to queue
[2026-07-17T22:23:33.682+0530] {logging_mixin.py:190} INFO - [2026-07-17T22:23:33.682+0530] {dagbag.py:588} INFO - Filling up the DagBag from /Users/bhavishyachallagolla/Desktop/RetailSense/.venv/lib/python3.12/site-packages/airflow/example_dags/tutorial_taskflow_api.py
[2026-07-17T22:23:33.693+0530] {processor.py:925} INFO - DAG(s) 'tutorial_taskflow_api' retrieved from /Users/bhavishyachallagolla/Desktop/RetailSense/.venv/lib/python3.12/site-packages/airflow/example_dags/tutorial_taskflow_api.py
[2026-07-17T22:23:33.716+0530] {logging_mixin.py:190} INFO - [2026-07-17T22:23:33.715+0530] {dag.py:3239} INFO - Sync 1 DAGs
[2026-07-17T22:23:33.718+0530] {logging_mixin.py:190} INFO - [2026-07-17T22:23:33.718+0530] {dag.py:4180} INFO - Setting next_dagrun for tutorial_taskflow_api to None, run_after=None
[2026-07-17T22:23:33.723+0530] {processor.py:208} INFO - Processing /Users/bhavishyachallagolla/Desktop/RetailSense/.venv/lib/python3.12/site-packages/airflow/example_dags/tutorial_taskflow_api.py took 0.043 seconds
[2026-07-17T22:24:23.740+0530] {processor.py:186} INFO - Started process (PID=92281) to work on /Users/bhavishyachallagolla/Desktop/RetailSense/.venv/lib/python3.12/site-packages/airflow/example_dags/tutorial_taskflow_api.py
[2026-07-17T22:24:23.741+0530] {processor.py:914} INFO - Processing file /Users/bhavishyachallagolla/Desktop/RetailSense/.venv/lib/python3.12/site-packages/airflow/example_dags/tutorial_taskflow_api.py for tasks to queue
[2026-07-17T22:24:23.741+0530] {logging_mixin.py:190} INFO - [2026-07-17T22:24:23.741+0530] {dagbag.py:588} INFO - Filling up the DagBag from /Users/bhavishyachallagolla/Desktop/RetailSense/.venv/lib/python3.12/site-packages/airflow/example_dags/tutorial_taskflow_api.py
[2026-07-17T22:24:23.752+0530] {processor.py:925} INFO - DAG(s) 'tutorial_taskflow_api' retrieved from /Users/bhavishyachallagolla/Desktop/RetailSense/.venv/lib/python3.12/site-packages/airflow/example_dags/tutorial_taskflow_api.py
[2026-07-17T22:24:23.775+0530] {logging_mixin.py:190} INFO - [2026-07-17T22:24:23.775+0530] {dag.py:3239} INFO - Sync 1 DAGs
[2026-07-17T22:24:23.778+0530] {logging_mixin.py:190} INFO - [2026-07-17T22:24:23.778+0530] {dag.py:4180} INFO - Setting next_dagrun for tutorial_taskflow_api to None, run_after=None
[2026-07-17T22:24:23.782+0530] {processor.py:208} INFO - Processing /Users/bhavishyachallagolla/Desktop/RetailSense/.venv/lib/python3.12/site-packages/airflow/example_dags/tutorial_taskflow_api.py took 0.043 seconds
[2026-07-17T22:25:13.506+0530] {processor.py:186} INFO - Started process (PID=92355) to work on /Users/bhavishyachallagolla/Desktop/RetailSense/.venv/lib/python3.12/site-packages/airflow/example_dags/tutorial_taskflow_api.py
[2026-07-17T22:25:13.507+0530] {processor.py:914} INFO - Processing file /Users/bhavishyachallagolla/Desktop/RetailSense/.venv/lib/python3.12/site-packages/airflow/example_dags/tutorial_taskflow_api.py for tasks to queue
[2026-07-17T22:25:13.507+0530] {logging_mixin.py:190} INFO - [2026-07-17T22:25:13.507+0530] {dagbag.py:588} INFO - Filling up the DagBag from /Users/bhavishyachallagolla/Desktop/RetailSense/.venv/lib/python3.12/site-packages/airflow/example_dags/tutorial_taskflow_api.py
[2026-07-17T22:25:13.518+0530] {processor.py:925} INFO - DAG(s) 'tutorial_taskflow_api' retrieved from /Users/bhavishyachallagolla/Desktop/RetailSense/.venv/lib/python3.12/site-packages/airflow/example_dags/tutorial_taskflow_api.py
[2026-07-17T22:25:13.541+0530] {logging_mixin.py:190} INFO - [2026-07-17T22:25:13.541+0530] {dag.py:3239} INFO - Sync 1 DAGs
[2026-07-17T22:25:13.544+0530] {logging_mixin.py:190} INFO - [2026-07-17T22:25:13.544+0530] {dag.py:4180} INFO - Setting next_dagrun for tutorial_taskflow_api to None, run_after=None
[2026-07-17T22:25:13.549+0530] {processor.py:208} INFO - Processing /Users/bhavishyachallagolla/Desktop/RetailSense/.venv/lib/python3.12/site-packages/airflow/example_dags/tutorial_taskflow_api.py took 0.043 seconds
[2026-07-17T22:26:02.829+0530] {processor.py:186} INFO - Started process (PID=92431) to work on /Users/bhavishyachallagolla/Desktop/RetailSense/.venv/lib/python3.12/site-packages/airflow/example_dags/tutorial_taskflow_api.py
[2026-07-17T22:26:02.830+0530] {processor.py:914} INFO - Processing file /Users/bhavishyachallagolla/Desktop/RetailSense/.venv/lib/python3.12/site-packages/airflow/example_dags/tutorial_taskflow_api.py for tasks to queue
[2026-07-17T22:26:02.830+0530] {logging_mixin.py:190} INFO - [2026-07-17T22:26:02.830+0530] {dagbag.py:588} INFO - Filling up the DagBag from /Users/bhavishyachallagolla/Desktop/RetailSense/.venv/lib/python3.12/site-packages/airflow/example_dags/tutorial_taskflow_api.py
[2026-07-17T22:26:02.841+0530] {processor.py:925} INFO - DAG(s) 'tutorial_taskflow_api' retrieved from /Users/bhavishyachallagolla/Desktop/RetailSense/.venv/lib/python3.12/site-packages/airflow/example_dags/tutorial_taskflow_api.py
[2026-07-17T22:26:02.865+0530] {logging_mixin.py:190} INFO - [2026-07-17T22:26:02.865+0530] {dag.py:3239} INFO - Sync 1 DAGs
[2026-07-17T22:26:02.868+0530] {logging_mixin.py:190} INFO - [2026-07-17T22:26:02.867+0530] {dag.py:4180} INFO - Setting next_dagrun for tutorial_taskflow_api to None, run_after=None
[2026-07-17T22:26:02.872+0530] {processor.py:208} INFO - Processing /Users/bhavishyachallagolla/Desktop/RetailSense/.venv/lib/python3.12/site-packages/airflow/example_dags/tutorial_taskflow_api.py took 0.044 seconds
[2026-07-17T22:26:53.430+0530] {processor.py:186} INFO - Started process (PID=92505) to work on /Users/bhavishyachallagolla/Desktop/RetailSense/.venv/lib/python3.12/site-packages/airflow/example_dags/tutorial_taskflow_api.py
[2026-07-17T22:26:53.430+0530] {processor.py:914} INFO - Processing file /Users/bhavishyachallagolla/Desktop/RetailSense/.venv/lib/python3.12/site-packages/airflow/example_dags/tutorial_taskflow_api.py for tasks to queue
[2026-07-17T22:26:53.430+0530] {logging_mixin.py:190} INFO - [2026-07-17T22:26:53.430+0530] {dagbag.py:588} INFO - Filling up the DagBag from /Users/bhavishyachallagolla/Desktop/RetailSense/.venv/lib/python3.12/site-packages/airflow/example_dags/tutorial_taskflow_api.py
[2026-07-17T22:26:53.441+0530] {processor.py:925} INFO - DAG(s) 'tutorial_taskflow_api' retrieved from /Users/bhavishyachallagolla/Desktop/RetailSense/.venv/lib/python3.12/site-packages/airflow/example_dags/tutorial_taskflow_api.py
[2026-07-17T22:26:53.465+0530] {logging_mixin.py:190} INFO - [2026-07-17T22:26:53.465+0530] {dag.py:3239} INFO - Sync 1 DAGs
[2026-07-17T22:26:53.468+0530] {logging_mixin.py:190} INFO - [2026-07-17T22:26:53.468+0530] {dag.py:4180} INFO - Setting next_dagrun for tutorial_taskflow_api to None, run_after=None
[2026-07-17T22:26:53.472+0530] {processor.py:208} INFO - Processing /Users/bhavishyachallagolla/Desktop/RetailSense/.venv/lib/python3.12/site-packages/airflow/example_dags/tutorial_taskflow_api.py took 0.043 seconds
[2026-07-17T22:27:43.790+0530] {processor.py:186} INFO - Started process (PID=92581) to work on /Users/bhavishyachallagolla/Desktop/RetailSense/.venv/lib/python3.12/site-packages/airflow/example_dags/tutorial_taskflow_api.py
[2026-07-17T22:27:43.791+0530] {processor.py:914} INFO - Processing file /Users/bhavishyachallagolla/Desktop/RetailSense/.venv/lib/python3.12/site-packages/airflow/example_dags/tutorial_taskflow_api.py for tasks to queue
[2026-07-17T22:27:43.791+0530] {logging_mixin.py:190} INFO - [2026-07-17T22:27:43.791+0530] {dagbag.py:588} INFO - Filling up the DagBag from /Users/bhavishyachallagolla/Desktop/RetailSense/.venv/lib/python3.12/site-packages/airflow/example_dags/tutorial_taskflow_api.py
[2026-07-17T22:27:43.802+0530] {processor.py:925} INFO - DAG(s) 'tutorial_taskflow_api' retrieved from /Users/bhavishyachallagolla/Desktop/RetailSense/.venv/lib/python3.12/site-packages/airflow/example_dags/tutorial_taskflow_api.py
[2026-07-17T22:27:43.826+0530] {logging_mixin.py:190} INFO - [2026-07-17T22:27:43.825+0530] {dag.py:3239} INFO - Sync 1 DAGs
[2026-07-17T22:27:43.828+0530] {logging_mixin.py:190} INFO - [2026-07-17T22:27:43.828+0530] {dag.py:4180} INFO - Setting next_dagrun for tutorial_taskflow_api to None, run_after=None
[2026-07-17T22:27:43.833+0530] {processor.py:208} INFO - Processing /Users/bhavishyachallagolla/Desktop/RetailSense/.venv/lib/python3.12/site-packages/airflow/example_dags/tutorial_taskflow_api.py took 0.043 seconds
[2026-07-17T22:28:34.374+0530] {processor.py:186} INFO - Started process (PID=92655) to work on /Users/bhavishyachallagolla/Desktop/RetailSense/.venv/lib/python3.12/site-packages/airflow/example_dags/tutorial_taskflow_api.py
[2026-07-17T22:28:34.375+0530] {processor.py:914} INFO - Processing file /Users/bhavishyachallagolla/Desktop/RetailSense/.venv/lib/python3.12/site-packages/airflow/example_dags/tutorial_taskflow_api.py for tasks to queue
[2026-07-17T22:28:34.375+0530] {logging_mixin.py:190} INFO - [2026-07-17T22:28:34.375+0530] {dagbag.py:588} INFO - Filling up the DagBag from /Users/bhavishyachallagolla/Desktop/RetailSense/.venv/lib/python3.12/site-packages/airflow/example_dags/tutorial_taskflow_api.py
[2026-07-17T22:28:34.388+0530] {processor.py:925} INFO - DAG(s) 'tutorial_taskflow_api' retrieved from /Users/bhavishyachallagolla/Desktop/RetailSense/.venv/lib/python3.12/site-packages/airflow/example_dags/tutorial_taskflow_api.py
[2026-07-17T22:28:34.412+0530] {logging_mixin.py:190} INFO - [2026-07-17T22:28:34.412+0530] {dag.py:3239} INFO - Sync 1 DAGs
[2026-07-17T22:28:34.415+0530] {logging_mixin.py:190} INFO - [2026-07-17T22:28:34.415+0530] {dag.py:4180} INFO - Setting next_dagrun for tutorial_taskflow_api to None, run_after=None
[2026-07-17T22:28:34.420+0530] {processor.py:208} INFO - Processing /Users/bhavishyachallagolla/Desktop/RetailSense/.venv/lib/python3.12/site-packages/airflow/example_dags/tutorial_taskflow_api.py took 0.047 seconds
[2026-07-17T22:29:22.577+0530] {processor.py:186} INFO - Started process (PID=92731) to work on /Users/bhavishyachallagolla/Desktop/RetailSense/.venv/lib/python3.12/site-packages/airflow/example_dags/tutorial_taskflow_api.py
[2026-07-17T22:29:22.579+0530] {processor.py:914} INFO - Processing file /Users/bhavishyachallagolla/Desktop/RetailSense/.venv/lib/python3.12/site-packages/airflow/example_dags/tutorial_taskflow_api.py for tasks to queue
[2026-07-17T22:29:22.579+0530] {logging_mixin.py:190} INFO - [2026-07-17T22:29:22.579+0530] {dagbag.py:588} INFO - Filling up the DagBag from /Users/bhavishyachallagolla/Desktop/RetailSense/.venv/lib/python3.12/site-packages/airflow/example_dags/tutorial_taskflow_api.py
[2026-07-17T22:29:22.591+0530] {processor.py:925} INFO - DAG(s) 'tutorial_taskflow_api' retrieved from /Users/bhavishyachallagolla/Desktop/RetailSense/.venv/lib/python3.12/site-packages/airflow/example_dags/tutorial_taskflow_api.py
[2026-07-17T22:29:22.615+0530] {logging_mixin.py:190} INFO - [2026-07-17T22:29:22.615+0530] {dag.py:3239} INFO - Sync 1 DAGs
[2026-07-17T22:29:22.618+0530] {logging_mixin.py:190} INFO - [2026-07-17T22:29:22.618+0530] {dag.py:4180} INFO - Setting next_dagrun for tutorial_taskflow_api to None, run_after=None
[2026-07-17T22:29:22.622+0530] {processor.py:208} INFO - Processing /Users/bhavishyachallagolla/Desktop/RetailSense/.venv/lib/python3.12/site-packages/airflow/example_dags/tutorial_taskflow_api.py took 0.046 seconds
[2026-07-17T22:30:10.713+0530] {processor.py:186} INFO - Started process (PID=92803) to work on /Users/bhavishyachallagolla/Desktop/RetailSense/.venv/lib/python3.12/site-packages/airflow/example_dags/tutorial_taskflow_api.py
[2026-07-17T22:30:10.714+0530] {processor.py:914} INFO - Processing file /Users/bhavishyachallagolla/Desktop/RetailSense/.venv/lib/python3.12/site-packages/airflow/example_dags/tutorial_taskflow_api.py for tasks to queue
[2026-07-17T22:30:10.715+0530] {logging_mixin.py:190} INFO - [2026-07-17T22:30:10.715+0530] {dagbag.py:588} INFO - Filling up the DagBag from /Users/bhavishyachallagolla/Desktop/RetailSense/.venv/lib/python3.12/site-packages/airflow/example_dags/tutorial_taskflow_api.py
[2026-07-17T22:30:10.728+0530] {processor.py:925} INFO - DAG(s) 'tutorial_taskflow_api' retrieved from /Users/bhavishyachallagolla/Desktop/RetailSense/.venv/lib/python3.12/site-packages/airflow/example_dags/tutorial_taskflow_api.py
[2026-07-17T22:30:10.753+0530] {logging_mixin.py:190} INFO - [2026-07-17T22:30:10.753+0530] {dag.py:3239} INFO - Sync 1 DAGs
[2026-07-17T22:30:10.756+0530] {logging_mixin.py:190} INFO - [2026-07-17T22:30:10.756+0530] {dag.py:4180} INFO - Setting next_dagrun for tutorial_taskflow_api to None, run_after=None
[2026-07-17T22:30:10.761+0530] {processor.py:208} INFO - Processing /Users/bhavishyachallagolla/Desktop/RetailSense/.venv/lib/python3.12/site-packages/airflow/example_dags/tutorial_taskflow_api.py took 0.048 seconds
[2026-07-17T22:31:01.874+0530] {processor.py:186} INFO - Started process (PID=92880) to work on /Users/bhavishyachallagolla/Desktop/RetailSense/.venv/lib/python3.12/site-packages/airflow/example_dags/tutorial_taskflow_api.py
[2026-07-17T22:31:01.875+0530] {processor.py:914} INFO - Processing file /Users/bhavishyachallagolla/Desktop/RetailSense/.venv/lib/python3.12/site-packages/airflow/example_dags/tutorial_taskflow_api.py for tasks to queue
[2026-07-17T22:31:01.875+0530] {logging_mixin.py:190} INFO - [2026-07-17T22:31:01.875+0530] {dagbag.py:588} INFO - Filling up the DagBag from /Users/bhavishyachallagolla/Desktop/RetailSense/.venv/lib/python3.12/site-packages/airflow/example_dags/tutorial_taskflow_api.py
[2026-07-17T22:31:01.886+0530] {processor.py:925} INFO - DAG(s) 'tutorial_taskflow_api' retrieved from /Users/bhavishyachallagolla/Desktop/RetailSense/.venv/lib/python3.12/site-packages/airflow/example_dags/tutorial_taskflow_api.py
[2026-07-17T22:31:01.910+0530] {logging_mixin.py:190} INFO - [2026-07-17T22:31:01.910+0530] {dag.py:3239} INFO - Sync 1 DAGs
[2026-07-17T22:31:01.913+0530] {logging_mixin.py:190} INFO - [2026-07-17T22:31:01.913+0530] {dag.py:4180} INFO - Setting next_dagrun for tutorial_taskflow_api to None, run_after=None
[2026-07-17T22:31:01.918+0530] {processor.py:208} INFO - Processing /Users/bhavishyachallagolla/Desktop/RetailSense/.venv/lib/python3.12/site-packages/airflow/example_dags/tutorial_taskflow_api.py took 0.045 seconds
[2026-07-17T22:31:52.883+0530] {processor.py:186} INFO - Started process (PID=92964) to work on /Users/bhavishyachallagolla/Desktop/RetailSense/.venv/lib/python3.12/site-packages/airflow/example_dags/tutorial_taskflow_api.py
[2026-07-17T22:31:52.884+0530] {processor.py:914} INFO - Processing file /Users/bhavishyachallagolla/Desktop/RetailSense/.venv/lib/python3.12/site-packages/airflow/example_dags/tutorial_taskflow_api.py for tasks to queue
[2026-07-17T22:31:52.885+0530] {logging_mixin.py:190} INFO - [2026-07-17T22:31:52.885+0530] {dagbag.py:588} INFO - Filling up the DagBag from /Users/bhavishyachallagolla/Desktop/RetailSense/.venv/lib/python3.12/site-packages/airflow/example_dags/tutorial_taskflow_api.py
[2026-07-17T22:31:52.903+0530] {processor.py:925} INFO - DAG(s) 'tutorial_taskflow_api' retrieved from /Users/bhavishyachallagolla/Desktop/RetailSense/.venv/lib/python3.12/site-packages/airflow/example_dags/tutorial_taskflow_api.py
[2026-07-17T22:31:52.934+0530] {logging_mixin.py:190} INFO - [2026-07-17T22:31:52.934+0530] {dag.py:3239} INFO - Sync 1 DAGs
[2026-07-17T22:31:52.938+0530] {logging_mixin.py:190} INFO - [2026-07-17T22:31:52.938+0530] {dag.py:4180} INFO - Setting next_dagrun for tutorial_taskflow_api to None, run_after=None
[2026-07-17T22:31:52.944+0530] {processor.py:208} INFO - Processing /Users/bhavishyachallagolla/Desktop/RetailSense/.venv/lib/python3.12/site-packages/airflow/example_dags/tutorial_taskflow_api.py took 0.062 seconds
[2026-07-17T22:32:43.409+0530] {processor.py:186} INFO - Started process (PID=93040) to work on /Users/bhavishyachallagolla/Desktop/RetailSense/.venv/lib/python3.12/site-packages/airflow/example_dags/tutorial_taskflow_api.py
[2026-07-17T22:32:43.409+0530] {processor.py:914} INFO - Processing file /Users/bhavishyachallagolla/Desktop/RetailSense/.venv/lib/python3.12/site-packages/airflow/example_dags/tutorial_taskflow_api.py for tasks to queue
[2026-07-17T22:32:43.409+0530] {logging_mixin.py:190} INFO - [2026-07-17T22:32:43.409+0530] {dagbag.py:588} INFO - Filling up the DagBag from /Users/bhavishyachallagolla/Desktop/RetailSense/.venv/lib/python3.12/site-packages/airflow/example_dags/tutorial_taskflow_api.py
[2026-07-17T22:32:43.421+0530] {processor.py:925} INFO - DAG(s) 'tutorial_taskflow_api' retrieved from /Users/bhavishyachallagolla/Desktop/RetailSense/.venv/lib/python3.12/site-packages/airflow/example_dags/tutorial_taskflow_api.py
[2026-07-17T22:32:43.445+0530] {logging_mixin.py:190} INFO - [2026-07-17T22:32:43.445+0530] {dag.py:3239} INFO - Sync 1 DAGs
[2026-07-17T22:32:43.448+0530] {logging_mixin.py:190} INFO - [2026-07-17T22:32:43.448+0530] {dag.py:4180} INFO - Setting next_dagrun for tutorial_taskflow_api to None, run_after=None
[2026-07-17T22:32:43.453+0530] {processor.py:208} INFO - Processing /Users/bhavishyachallagolla/Desktop/RetailSense/.venv/lib/python3.12/site-packages/airflow/example_dags/tutorial_taskflow_api.py took 0.045 seconds
[2026-07-17T22:33:32.559+0530] {processor.py:186} INFO - Started process (PID=93113) to work on /Users/bhavishyachallagolla/Desktop/RetailSense/.venv/lib/python3.12/site-packages/airflow/example_dags/tutorial_taskflow_api.py
[2026-07-17T22:33:32.559+0530] {processor.py:914} INFO - Processing file /Users/bhavishyachallagolla/Desktop/RetailSense/.venv/lib/python3.12/site-packages/airflow/example_dags/tutorial_taskflow_api.py for tasks to queue
[2026-07-17T22:33:32.559+0530] {logging_mixin.py:190} INFO - [2026-07-17T22:33:32.559+0530] {dagbag.py:588} INFO - Filling up the DagBag from /Users/bhavishyachallagolla/Desktop/RetailSense/.venv/lib/python3.12/site-packages/airflow/example_dags/tutorial_taskflow_api.py
[2026-07-17T22:33:32.571+0530] {processor.py:925} INFO - DAG(s) 'tutorial_taskflow_api' retrieved from /Users/bhavishyachallagolla/Desktop/RetailSense/.venv/lib/python3.12/site-packages/airflow/example_dags/tutorial_taskflow_api.py
[2026-07-17T22:33:32.595+0530] {logging_mixin.py:190} INFO - [2026-07-17T22:33:32.595+0530] {dag.py:3239} INFO - Sync 1 DAGs
[2026-07-17T22:33:32.598+0530] {logging_mixin.py:190} INFO - [2026-07-17T22:33:32.598+0530] {dag.py:4180} INFO - Setting next_dagrun for tutorial_taskflow_api to None, run_after=None
[2026-07-17T22:33:32.603+0530] {processor.py:208} INFO - Processing /Users/bhavishyachallagolla/Desktop/RetailSense/.venv/lib/python3.12/site-packages/airflow/example_dags/tutorial_taskflow_api.py took 0.045 seconds
[2026-07-17T22:34:21.750+0530] {processor.py:186} INFO - Started process (PID=93186) to work on /Users/bhavishyachallagolla/Desktop/RetailSense/.venv/lib/python3.12/site-packages/airflow/example_dags/tutorial_taskflow_api.py
[2026-07-17T22:34:21.751+0530] {processor.py:914} INFO - Processing file /Users/bhavishyachallagolla/Desktop/RetailSense/.venv/lib/python3.12/site-packages/airflow/example_dags/tutorial_taskflow_api.py for tasks to queue
[2026-07-17T22:34:21.751+0530] {logging_mixin.py:190} INFO - [2026-07-17T22:34:21.751+0530] {dagbag.py:588} INFO - Filling up the DagBag from /Users/bhavishyachallagolla/Desktop/RetailSense/.venv/lib/python3.12/site-packages/airflow/example_dags/tutorial_taskflow_api.py
[2026-07-17T22:34:21.764+0530] {processor.py:925} INFO - DAG(s) 'tutorial_taskflow_api' retrieved from /Users/bhavishyachallagolla/Desktop/RetailSense/.venv/lib/python3.12/site-packages/airflow/example_dags/tutorial_taskflow_api.py
[2026-07-17T22:34:21.789+0530] {logging_mixin.py:190} INFO - [2026-07-17T22:34:21.789+0530] {dag.py:3239} INFO - Sync 1 DAGs
[2026-07-17T22:34:21.792+0530] {logging_mixin.py:190} INFO - [2026-07-17T22:34:21.792+0530] {dag.py:4180} INFO - Setting next_dagrun for tutorial_taskflow_api to None, run_after=None
[2026-07-17T22:34:21.797+0530] {processor.py:208} INFO - Processing /Users/bhavishyachallagolla/Desktop/RetailSense/.venv/lib/python3.12/site-packages/airflow/example_dags/tutorial_taskflow_api.py took 0.048 seconds
[2026-07-17T22:35:12.252+0530] {processor.py:186} INFO - Started process (PID=93261) to work on /Users/bhavishyachallagolla/Desktop/RetailSense/.venv/lib/python3.12/site-packages/airflow/example_dags/tutorial_taskflow_api.py
[2026-07-17T22:35:12.253+0530] {processor.py:914} INFO - Processing file /Users/bhavishyachallagolla/Desktop/RetailSense/.venv/lib/python3.12/site-packages/airflow/example_dags/tutorial_taskflow_api.py for tasks to queue
[2026-07-17T22:35:12.253+0530] {logging_mixin.py:190} INFO - [2026-07-17T22:35:12.253+0530] {dagbag.py:588} INFO - Filling up the DagBag from /Users/bhavishyachallagolla/Desktop/RetailSense/.venv/lib/python3.12/site-packages/airflow/example_dags/tutorial_taskflow_api.py
[2026-07-17T22:35:12.265+0530] {processor.py:925} INFO - DAG(s) 'tutorial_taskflow_api' retrieved from /Users/bhavishyachallagolla/Desktop/RetailSense/.venv/lib/python3.12/site-packages/airflow/example_dags/tutorial_taskflow_api.py
[2026-07-17T22:35:12.289+0530] {logging_mixin.py:190} INFO - [2026-07-17T22:35:12.289+0530] {dag.py:3239} INFO - Sync 1 DAGs
[2026-07-17T22:35:12.292+0530] {logging_mixin.py:190} INFO - [2026-07-17T22:35:12.292+0530] {dag.py:4180} INFO - Setting next_dagrun for tutorial_taskflow_api to None, run_after=None
[2026-07-17T22:35:12.297+0530] {processor.py:208} INFO - Processing /Users/bhavishyachallagolla/Desktop/RetailSense/.venv/lib/python3.12/site-packages/airflow/example_dags/tutorial_taskflow_api.py took 0.046 seconds
[2026-07-17T22:36:02.688+0530] {processor.py:186} INFO - Started process (PID=93337) to work on /Users/bhavishyachallagolla/Desktop/RetailSense/.venv/lib/python3.12/site-packages/airflow/example_dags/tutorial_taskflow_api.py
[2026-07-17T22:36:02.689+0530] {processor.py:914} INFO - Processing file /Users/bhavishyachallagolla/Desktop/RetailSense/.venv/lib/python3.12/site-packages/airflow/example_dags/tutorial_taskflow_api.py for tasks to queue
[2026-07-17T22:36:02.689+0530] {logging_mixin.py:190} INFO - [2026-07-17T22:36:02.689+0530] {dagbag.py:588} INFO - Filling up the DagBag from /Users/bhavishyachallagolla/Desktop/RetailSense/.venv/lib/python3.12/site-packages/airflow/example_dags/tutorial_taskflow_api.py
[2026-07-17T22:36:02.700+0530] {processor.py:925} INFO - DAG(s) 'tutorial_taskflow_api' retrieved from /Users/bhavishyachallagolla/Desktop/RetailSense/.venv/lib/python3.12/site-packages/airflow/example_dags/tutorial_taskflow_api.py
[2026-07-17T22:36:02.724+0530] {logging_mixin.py:190} INFO - [2026-07-17T22:36:02.724+0530] {dag.py:3239} INFO - Sync 1 DAGs
[2026-07-17T22:36:02.727+0530] {logging_mixin.py:190} INFO - [2026-07-17T22:36:02.727+0530] {dag.py:4180} INFO - Setting next_dagrun for tutorial_taskflow_api to None, run_after=None
[2026-07-17T22:36:02.731+0530] {processor.py:208} INFO - Processing /Users/bhavishyachallagolla/Desktop/RetailSense/.venv/lib/python3.12/site-packages/airflow/example_dags/tutorial_taskflow_api.py took 0.044 seconds
[2026-07-17T22:36:52.629+0530] {processor.py:186} INFO - Started process (PID=93420) to work on /Users/bhavishyachallagolla/Desktop/RetailSense/.venv/lib/python3.12/site-packages/airflow/example_dags/tutorial_taskflow_api.py
[2026-07-17T22:36:52.630+0530] {processor.py:914} INFO - Processing file /Users/bhavishyachallagolla/Desktop/RetailSense/.venv/lib/python3.12/site-packages/airflow/example_dags/tutorial_taskflow_api.py for tasks to queue
[2026-07-17T22:36:52.631+0530] {logging_mixin.py:190} INFO - [2026-07-17T22:36:52.631+0530] {dagbag.py:588} INFO - Filling up the DagBag from /Users/bhavishyachallagolla/Desktop/RetailSense/.venv/lib/python3.12/site-packages/airflow/example_dags/tutorial_taskflow_api.py
[2026-07-17T22:36:52.642+0530] {processor.py:925} INFO - DAG(s) 'tutorial_taskflow_api' retrieved from /Users/bhavishyachallagolla/Desktop/RetailSense/.venv/lib/python3.12/site-packages/airflow/example_dags/tutorial_taskflow_api.py
[2026-07-17T22:36:52.665+0530] {logging_mixin.py:190} INFO - [2026-07-17T22:36:52.665+0530] {dag.py:3239} INFO - Sync 1 DAGs
[2026-07-17T22:36:52.668+0530] {logging_mixin.py:190} INFO - [2026-07-17T22:36:52.668+0530] {dag.py:4180} INFO - Setting next_dagrun for tutorial_taskflow_api to None, run_after=None
[2026-07-17T22:36:52.673+0530] {processor.py:208} INFO - Processing /Users/bhavishyachallagolla/Desktop/RetailSense/.venv/lib/python3.12/site-packages/airflow/example_dags/tutorial_taskflow_api.py took 0.044 seconds
[2026-07-17T22:37:42.978+0530] {processor.py:186} INFO - Started process (PID=93496) to work on /Users/bhavishyachallagolla/Desktop/RetailSense/.venv/lib/python3.12/site-packages/airflow/example_dags/tutorial_taskflow_api.py
[2026-07-17T22:37:42.978+0530] {processor.py:914} INFO - Processing file /Users/bhavishyachallagolla/Desktop/RetailSense/.venv/lib/python3.12/site-packages/airflow/example_dags/tutorial_taskflow_api.py for tasks to queue
[2026-07-17T22:37:42.979+0530] {logging_mixin.py:190} INFO - [2026-07-17T22:37:42.979+0530] {dagbag.py:588} INFO - Filling up the DagBag from /Users/bhavishyachallagolla/Desktop/RetailSense/.venv/lib/python3.12/site-packages/airflow/example_dags/tutorial_taskflow_api.py
[2026-07-17T22:37:42.990+0530] {processor.py:925} INFO - DAG(s) 'tutorial_taskflow_api' retrieved from /Users/bhavishyachallagolla/Desktop/RetailSense/.venv/lib/python3.12/site-packages/airflow/example_dags/tutorial_taskflow_api.py
[2026-07-17T22:37:43.015+0530] {logging_mixin.py:190} INFO - [2026-07-17T22:37:43.015+0530] {dag.py:3239} INFO - Sync 1 DAGs
[2026-07-17T22:37:43.017+0530] {logging_mixin.py:190} INFO - [2026-07-17T22:37:43.017+0530] {dag.py:4180} INFO - Setting next_dagrun for tutorial_taskflow_api to None, run_after=None
[2026-07-17T22:37:43.022+0530] {processor.py:208} INFO - Processing /Users/bhavishyachallagolla/Desktop/RetailSense/.venv/lib/python3.12/site-packages/airflow/example_dags/tutorial_taskflow_api.py took 0.045 seconds
[2026-07-17T22:38:33.580+0530] {processor.py:186} INFO - Started process (PID=93571) to work on /Users/bhavishyachallagolla/Desktop/RetailSense/.venv/lib/python3.12/site-packages/airflow/example_dags/tutorial_taskflow_api.py
[2026-07-17T22:38:33.580+0530] {processor.py:914} INFO - Processing file /Users/bhavishyachallagolla/Desktop/RetailSense/.venv/lib/python3.12/site-packages/airflow/example_dags/tutorial_taskflow_api.py for tasks to queue
[2026-07-17T22:38:33.581+0530] {logging_mixin.py:190} INFO - [2026-07-17T22:38:33.581+0530] {dagbag.py:588} INFO - Filling up the DagBag from /Users/bhavishyachallagolla/Desktop/RetailSense/.venv/lib/python3.12/site-packages/airflow/example_dags/tutorial_taskflow_api.py
[2026-07-17T22:38:33.592+0530] {processor.py:925} INFO - DAG(s) 'tutorial_taskflow_api' retrieved from /Users/bhavishyachallagolla/Desktop/RetailSense/.venv/lib/python3.12/site-packages/airflow/example_dags/tutorial_taskflow_api.py
[2026-07-17T22:38:33.616+0530] {logging_mixin.py:190} INFO - [2026-07-17T22:38:33.616+0530] {dag.py:3239} INFO - Sync 1 DAGs
[2026-07-17T22:38:33.619+0530] {logging_mixin.py:190} INFO - [2026-07-17T22:38:33.619+0530] {dag.py:4180} INFO - Setting next_dagrun for tutorial_taskflow_api to None, run_after=None
[2026-07-17T22:38:33.624+0530] {processor.py:208} INFO - Processing /Users/bhavishyachallagolla/Desktop/RetailSense/.venv/lib/python3.12/site-packages/airflow/example_dags/tutorial_taskflow_api.py took 0.045 seconds
[2026-07-17T22:39:22.147+0530] {processor.py:186} INFO - Started process (PID=93645) to work on /Users/bhavishyachallagolla/Desktop/RetailSense/.venv/lib/python3.12/site-packages/airflow/example_dags/tutorial_taskflow_api.py
[2026-07-17T22:39:22.147+0530] {processor.py:914} INFO - Processing file /Users/bhavishyachallagolla/Desktop/RetailSense/.venv/lib/python3.12/site-packages/airflow/example_dags/tutorial_taskflow_api.py for tasks to queue
[2026-07-17T22:39:22.148+0530] {logging_mixin.py:190} INFO - [2026-07-17T22:39:22.148+0530] {dagbag.py:588} INFO - Filling up the DagBag from /Users/bhavishyachallagolla/Desktop/RetailSense/.venv/lib/python3.12/site-packages/airflow/example_dags/tutorial_taskflow_api.py
[2026-07-17T22:39:22.159+0530] {processor.py:925} INFO - DAG(s) 'tutorial_taskflow_api' retrieved from /Users/bhavishyachallagolla/Desktop/RetailSense/.venv/lib/python3.12/site-packages/airflow/example_dags/tutorial_taskflow_api.py
[2026-07-17T22:39:22.183+0530] {logging_mixin.py:190} INFO - [2026-07-17T22:39:22.183+0530] {dag.py:3239} INFO - Sync 1 DAGs
[2026-07-17T22:39:22.186+0530] {logging_mixin.py:190} INFO - [2026-07-17T22:39:22.186+0530] {dag.py:4180} INFO - Setting next_dagrun for tutorial_taskflow_api to None, run_after=None
[2026-07-17T22:39:22.191+0530] {processor.py:208} INFO - Processing /Users/bhavishyachallagolla/Desktop/RetailSense/.venv/lib/python3.12/site-packages/airflow/example_dags/tutorial_taskflow_api.py took 0.045 seconds
[2026-07-17T22:40:12.881+0530] {processor.py:186} INFO - Started process (PID=93719) to work on /Users/bhavishyachallagolla/Desktop/RetailSense/.venv/lib/python3.12/site-packages/airflow/example_dags/tutorial_taskflow_api.py
[2026-07-17T22:40:12.881+0530] {processor.py:914} INFO - Processing file /Users/bhavishyachallagolla/Desktop/RetailSense/.venv/lib/python3.12/site-packages/airflow/example_dags/tutorial_taskflow_api.py for tasks to queue
[2026-07-17T22:40:12.882+0530] {logging_mixin.py:190} INFO - [2026-07-17T22:40:12.882+0530] {dagbag.py:588} INFO - Filling up the DagBag from /Users/bhavishyachallagolla/Desktop/RetailSense/.venv/lib/python3.12/site-packages/airflow/example_dags/tutorial_taskflow_api.py
[2026-07-17T22:40:12.894+0530] {processor.py:925} INFO - DAG(s) 'tutorial_taskflow_api' retrieved from /Users/bhavishyachallagolla/Desktop/RetailSense/.venv/lib/python3.12/site-packages/airflow/example_dags/tutorial_taskflow_api.py
[2026-07-17T22:40:12.920+0530] {logging_mixin.py:190} INFO - [2026-07-17T22:40:12.920+0530] {dag.py:3239} INFO - Sync 1 DAGs
[2026-07-17T22:40:12.923+0530] {logging_mixin.py:190} INFO - [2026-07-17T22:40:12.923+0530] {dag.py:4180} INFO - Setting next_dagrun for tutorial_taskflow_api to None, run_after=None
[2026-07-17T22:40:12.928+0530] {processor.py:208} INFO - Processing /Users/bhavishyachallagolla/Desktop/RetailSense/.venv/lib/python3.12/site-packages/airflow/example_dags/tutorial_taskflow_api.py took 0.048 seconds
[2026-07-17T22:41:02.790+0530] {processor.py:186} INFO - Started process (PID=93795) to work on /Users/bhavishyachallagolla/Desktop/RetailSense/.venv/lib/python3.12/site-packages/airflow/example_dags/tutorial_taskflow_api.py
[2026-07-17T22:41:02.790+0530] {processor.py:914} INFO - Processing file /Users/bhavishyachallagolla/Desktop/RetailSense/.venv/lib/python3.12/site-packages/airflow/example_dags/tutorial_taskflow_api.py for tasks to queue
[2026-07-17T22:41:02.791+0530] {logging_mixin.py:190} INFO - [2026-07-17T22:41:02.791+0530] {dagbag.py:588} INFO - Filling up the DagBag from /Users/bhavishyachallagolla/Desktop/RetailSense/.venv/lib/python3.12/site-packages/airflow/example_dags/tutorial_taskflow_api.py
[2026-07-17T22:41:02.804+0530] {processor.py:925} INFO - DAG(s) 'tutorial_taskflow_api' retrieved from /Users/bhavishyachallagolla/Desktop/RetailSense/.venv/lib/python3.12/site-packages/airflow/example_dags/tutorial_taskflow_api.py
[2026-07-17T22:41:02.829+0530] {logging_mixin.py:190} INFO - [2026-07-17T22:41:02.829+0530] {dag.py:3239} INFO - Sync 1 DAGs
[2026-07-17T22:41:02.832+0530] {logging_mixin.py:190} INFO - [2026-07-17T22:41:02.832+0530] {dag.py:4180} INFO - Setting next_dagrun for tutorial_taskflow_api to None, run_after=None
[2026-07-17T22:41:02.837+0530] {processor.py:208} INFO - Processing /Users/bhavishyachallagolla/Desktop/RetailSense/.venv/lib/python3.12/site-packages/airflow/example_dags/tutorial_taskflow_api.py took 0.048 seconds
[2026-07-17T22:41:53.444+0530] {processor.py:186} INFO - Started process (PID=93869) to work on /Users/bhavishyachallagolla/Desktop/RetailSense/.venv/lib/python3.12/site-packages/airflow/example_dags/tutorial_taskflow_api.py
[2026-07-17T22:41:53.445+0530] {processor.py:914} INFO - Processing file /Users/bhavishyachallagolla/Desktop/RetailSense/.venv/lib/python3.12/site-packages/airflow/example_dags/tutorial_taskflow_api.py for tasks to queue
[2026-07-17T22:41:53.445+0530] {logging_mixin.py:190} INFO - [2026-07-17T22:41:53.445+0530] {dagbag.py:588} INFO - Filling up the DagBag from /Users/bhavishyachallagolla/Desktop/RetailSense/.venv/lib/python3.12/site-packages/airflow/example_dags/tutorial_taskflow_api.py
[2026-07-17T22:41:53.458+0530] {processor.py:925} INFO - DAG(s) 'tutorial_taskflow_api' retrieved from /Users/bhavishyachallagolla/Desktop/RetailSense/.venv/lib/python3.12/site-packages/airflow/example_dags/tutorial_taskflow_api.py
[2026-07-17T22:41:53.484+0530] {logging_mixin.py:190} INFO - [2026-07-17T22:41:53.484+0530] {dag.py:3239} INFO - Sync 1 DAGs
[2026-07-17T22:41:53.487+0530] {logging_mixin.py:190} INFO - [2026-07-17T22:41:53.487+0530] {dag.py:4180} INFO - Setting next_dagrun for tutorial_taskflow_api to None, run_after=None
[2026-07-17T22:41:53.492+0530] {processor.py:208} INFO - Processing /Users/bhavishyachallagolla/Desktop/RetailSense/.venv/lib/python3.12/site-packages/airflow/example_dags/tutorial_taskflow_api.py took 0.049 seconds
[2026-07-17T22:42:44.051+0530] {processor.py:186} INFO - Started process (PID=93946) to work on /Users/bhavishyachallagolla/Desktop/RetailSense/.venv/lib/python3.12/site-packages/airflow/example_dags/tutorial_taskflow_api.py
[2026-07-17T22:42:44.051+0530] {processor.py:914} INFO - Processing file /Users/bhavishyachallagolla/Desktop/RetailSense/.venv/lib/python3.12/site-packages/airflow/example_dags/tutorial_taskflow_api.py for tasks to queue
[2026-07-17T22:42:44.052+0530] {logging_mixin.py:190} INFO - [2026-07-17T22:42:44.052+0530] {dagbag.py:588} INFO - Filling up the DagBag from /Users/bhavishyachallagolla/Desktop/RetailSense/.venv/lib/python3.12/site-packages/airflow/example_dags/tutorial_taskflow_api.py
[2026-07-17T22:42:44.063+0530] {processor.py:925} INFO - DAG(s) 'tutorial_taskflow_api' retrieved from /Users/bhavishyachallagolla/Desktop/RetailSense/.venv/lib/python3.12/site-packages/airflow/example_dags/tutorial_taskflow_api.py
[2026-07-17T22:42:44.087+0530] {logging_mixin.py:190} INFO - [2026-07-17T22:42:44.087+0530] {dag.py:3239} INFO - Sync 1 DAGs
[2026-07-17T22:42:44.089+0530] {logging_mixin.py:190} INFO - [2026-07-17T22:42:44.089+0530] {dag.py:4180} INFO - Setting next_dagrun for tutorial_taskflow_api to None, run_after=None
[2026-07-17T22:42:44.094+0530] {processor.py:208} INFO - Processing /Users/bhavishyachallagolla/Desktop/RetailSense/.venv/lib/python3.12/site-packages/airflow/example_dags/tutorial_taskflow_api.py took 0.044 seconds
[2026-07-17T22:43:34.526+0530] {processor.py:186} INFO - Started process (PID=94021) to work on /Users/bhavishyachallagolla/Desktop/RetailSense/.venv/lib/python3.12/site-packages/airflow/example_dags/tutorial_taskflow_api.py
[2026-07-17T22:43:34.527+0530] {processor.py:914} INFO - Processing file /Users/bhavishyachallagolla/Desktop/RetailSense/.venv/lib/python3.12/site-packages/airflow/example_dags/tutorial_taskflow_api.py for tasks to queue
[2026-07-17T22:43:34.527+0530] {logging_mixin.py:190} INFO - [2026-07-17T22:43:34.527+0530] {dagbag.py:588} INFO - Filling up the DagBag from /Users/bhavishyachallagolla/Desktop/RetailSense/.venv/lib/python3.12/site-packages/airflow/example_dags/tutorial_taskflow_api.py
[2026-07-17T22:43:34.539+0530] {processor.py:925} INFO - DAG(s) 'tutorial_taskflow_api' retrieved from /Users/bhavishyachallagolla/Desktop/RetailSense/.venv/lib/python3.12/site-packages/airflow/example_dags/tutorial_taskflow_api.py
[2026-07-17T22:43:34.563+0530] {logging_mixin.py:190} INFO - [2026-07-17T22:43:34.562+0530] {dag.py:3239} INFO - Sync 1 DAGs
[2026-07-17T22:43:34.565+0530] {logging_mixin.py:190} INFO - [2026-07-17T22:43:34.565+0530] {dag.py:4180} INFO - Setting next_dagrun for tutorial_taskflow_api to None, run_after=None
[2026-07-17T22:43:34.570+0530] {processor.py:208} INFO - Processing /Users/bhavishyachallagolla/Desktop/RetailSense/.venv/lib/python3.12/site-packages/airflow/example_dags/tutorial_taskflow_api.py took 0.045 seconds
[2026-07-17T22:44:24.915+0530] {processor.py:186} INFO - Started process (PID=94096) to work on /Users/bhavishyachallagolla/Desktop/RetailSense/.venv/lib/python3.12/site-packages/airflow/example_dags/tutorial_taskflow_api.py
[2026-07-17T22:44:24.915+0530] {processor.py:914} INFO - Processing file /Users/bhavishyachallagolla/Desktop/RetailSense/.venv/lib/python3.12/site-packages/airflow/example_dags/tutorial_taskflow_api.py for tasks to queue
[2026-07-17T22:44:24.915+0530] {logging_mixin.py:190} INFO - [2026-07-17T22:44:24.915+0530] {dagbag.py:588} INFO - Filling up the DagBag from /Users/bhavishyachallagolla/Desktop/RetailSense/.venv/lib/python3.12/site-packages/airflow/example_dags/tutorial_taskflow_api.py
[2026-07-17T22:44:24.927+0530] {processor.py:925} INFO - DAG(s) 'tutorial_taskflow_api' retrieved from /Users/bhavishyachallagolla/Desktop/RetailSense/.venv/lib/python3.12/site-packages/airflow/example_dags/tutorial_taskflow_api.py
[2026-07-17T22:44:24.951+0530] {logging_mixin.py:190} INFO - [2026-07-17T22:44:24.951+0530] {dag.py:3239} INFO - Sync 1 DAGs
[2026-07-17T22:44:24.954+0530] {logging_mixin.py:190} INFO - [2026-07-17T22:44:24.954+0530] {dag.py:4180} INFO - Setting next_dagrun for tutorial_taskflow_api to None, run_after=None
[2026-07-17T22:44:24.959+0530] {processor.py:208} INFO - Processing /Users/bhavishyachallagolla/Desktop/RetailSense/.venv/lib/python3.12/site-packages/airflow/example_dags/tutorial_taskflow_api.py took 0.045 seconds
[2026-07-17T22:45:14.890+0530] {processor.py:186} INFO - Started process (PID=94170) to work on /Users/bhavishyachallagolla/Desktop/RetailSense/.venv/lib/python3.12/site-packages/airflow/example_dags/tutorial_taskflow_api.py
[2026-07-17T22:45:14.890+0530] {processor.py:914} INFO - Processing file /Users/bhavishyachallagolla/Desktop/RetailSense/.venv/lib/python3.12/site-packages/airflow/example_dags/tutorial_taskflow_api.py for tasks to queue
[2026-07-17T22:45:14.891+0530] {logging_mixin.py:190} INFO - [2026-07-17T22:45:14.891+0530] {dagbag.py:588} INFO - Filling up the DagBag from /Users/bhavishyachallagolla/Desktop/RetailSense/.venv/lib/python3.12/site-packages/airflow/example_dags/tutorial_taskflow_api.py
[2026-07-17T22:45:14.902+0530] {processor.py:925} INFO - DAG(s) 'tutorial_taskflow_api' retrieved from /Users/bhavishyachallagolla/Desktop/RetailSense/.venv/lib/python3.12/site-packages/airflow/example_dags/tutorial_taskflow_api.py
[2026-07-17T22:45:14.926+0530] {logging_mixin.py:190} INFO - [2026-07-17T22:45:14.926+0530] {dag.py:3239} INFO - Sync 1 DAGs
[2026-07-17T22:45:14.928+0530] {logging_mixin.py:190} INFO - [2026-07-17T22:45:14.928+0530] {dag.py:4180} INFO - Setting next_dagrun for tutorial_taskflow_api to None, run_after=None
[2026-07-17T22:45:14.933+0530] {processor.py:208} INFO - Processing /Users/bhavishyachallagolla/Desktop/RetailSense/.venv/lib/python3.12/site-packages/airflow/example_dags/tutorial_taskflow_api.py took 0.044 seconds
[2026-07-17T22:46:03.537+0530] {processor.py:186} INFO - Started process (PID=94245) to work on /Users/bhavishyachallagolla/Desktop/RetailSense/.venv/lib/python3.12/site-packages/airflow/example_dags/tutorial_taskflow_api.py
[2026-07-17T22:46:03.537+0530] {processor.py:914} INFO - Processing file /Users/bhavishyachallagolla/Desktop/RetailSense/.venv/lib/python3.12/site-packages/airflow/example_dags/tutorial_taskflow_api.py for tasks to queue
[2026-07-17T22:46:03.537+0530] {logging_mixin.py:190} INFO - [2026-07-17T22:46:03.537+0530] {dagbag.py:588} INFO - Filling up the DagBag from /Users/bhavishyachallagolla/Desktop/RetailSense/.venv/lib/python3.12/site-packages/airflow/example_dags/tutorial_taskflow_api.py
[2026-07-17T22:46:03.549+0530] {processor.py:925} INFO - DAG(s) 'tutorial_taskflow_api' retrieved from /Users/bhavishyachallagolla/Desktop/RetailSense/.venv/lib/python3.12/site-packages/airflow/example_dags/tutorial_taskflow_api.py
[2026-07-17T22:46:03.572+0530] {logging_mixin.py:190} INFO - [2026-07-17T22:46:03.572+0530] {dag.py:3239} INFO - Sync 1 DAGs
[2026-07-17T22:46:03.575+0530] {logging_mixin.py:190} INFO - [2026-07-17T22:46:03.575+0530] {dag.py:4180} INFO - Setting next_dagrun for tutorial_taskflow_api to None, run_after=None
[2026-07-17T22:46:03.579+0530] {processor.py:208} INFO - Processing /Users/bhavishyachallagolla/Desktop/RetailSense/.venv/lib/python3.12/site-packages/airflow/example_dags/tutorial_taskflow_api.py took 0.044 seconds
[2026-07-17T22:46:51.144+0530] {processor.py:186} INFO - Started process (PID=94316) to work on /Users/bhavishyachallagolla/Desktop/RetailSense/.venv/lib/python3.12/site-packages/airflow/example_dags/tutorial_taskflow_api.py
[2026-07-17T22:46:51.145+0530] {processor.py:914} INFO - Processing file /Users/bhavishyachallagolla/Desktop/RetailSense/.venv/lib/python3.12/site-packages/airflow/example_dags/tutorial_taskflow_api.py for tasks to queue
[2026-07-17T22:46:51.145+0530] {logging_mixin.py:190} INFO - [2026-07-17T22:46:51.145+0530] {dagbag.py:588} INFO - Filling up the DagBag from /Users/bhavishyachallagolla/Desktop/RetailSense/.venv/lib/python3.12/site-packages/airflow/example_dags/tutorial_taskflow_api.py
[2026-07-17T22:46:51.156+0530] {processor.py:925} INFO - DAG(s) 'tutorial_taskflow_api' retrieved from /Users/bhavishyachallagolla/Desktop/RetailSense/.venv/lib/python3.12/site-packages/airflow/example_dags/tutorial_taskflow_api.py
[2026-07-17T22:46:51.180+0530] {logging_mixin.py:190} INFO - [2026-07-17T22:46:51.180+0530] {dag.py:3239} INFO - Sync 1 DAGs
[2026-07-17T22:46:51.183+0530] {logging_mixin.py:190} INFO - [2026-07-17T22:46:51.183+0530] {dag.py:4180} INFO - Setting next_dagrun for tutorial_taskflow_api to None, run_after=None
[2026-07-17T22:46:51.187+0530] {processor.py:208} INFO - Processing /Users/bhavishyachallagolla/Desktop/RetailSense/.venv/lib/python3.12/site-packages/airflow/example_dags/tutorial_taskflow_api.py took 0.044 seconds
[2026-07-17T22:47:41.558+0530] {processor.py:186} INFO - Started process (PID=94392) to work on /Users/bhavishyachallagolla/Desktop/RetailSense/.venv/lib/python3.12/site-packages/airflow/example_dags/tutorial_taskflow_api.py
[2026-07-17T22:47:41.559+0530] {processor.py:914} INFO - Processing file /Users/bhavishyachallagolla/Desktop/RetailSense/.venv/lib/python3.12/site-packages/airflow/example_dags/tutorial_taskflow_api.py for tasks to queue
[2026-07-17T22:47:41.559+0530] {logging_mixin.py:190} INFO - [2026-07-17T22:47:41.559+0530] {dagbag.py:588} INFO - Filling up the DagBag from /Users/bhavishyachallagolla/Desktop/RetailSense/.venv/lib/python3.12/site-packages/airflow/example_dags/tutorial_taskflow_api.py
[2026-07-17T22:47:41.570+0530] {processor.py:925} INFO - DAG(s) 'tutorial_taskflow_api' retrieved from /Users/bhavishyachallagolla/Desktop/RetailSense/.venv/lib/python3.12/site-packages/airflow/example_dags/tutorial_taskflow_api.py
[2026-07-17T22:47:41.594+0530] {logging_mixin.py:190} INFO - [2026-07-17T22:47:41.594+0530] {dag.py:3239} INFO - Sync 1 DAGs
[2026-07-17T22:47:41.596+0530] {logging_mixin.py:190} INFO - [2026-07-17T22:47:41.596+0530] {dag.py:4180} INFO - Setting next_dagrun for tutorial_taskflow_api to None, run_after=None
[2026-07-17T22:47:41.601+0530] {processor.py:208} INFO - Processing /Users/bhavishyachallagolla/Desktop/RetailSense/.venv/lib/python3.12/site-packages/airflow/example_dags/tutorial_taskflow_api.py took 0.044 seconds
[2026-07-17T22:48:30.891+0530] {processor.py:186} INFO - Started process (PID=94467) to work on /Users/bhavishyachallagolla/Desktop/RetailSense/.venv/lib/python3.12/site-packages/airflow/example_dags/tutorial_taskflow_api.py
[2026-07-17T22:48:30.891+0530] {processor.py:914} INFO - Processing file /Users/bhavishyachallagolla/Desktop/RetailSense/.venv/lib/python3.12/site-packages/airflow/example_dags/tutorial_taskflow_api.py for tasks to queue
[2026-07-17T22:48:30.891+0530] {logging_mixin.py:190} INFO - [2026-07-17T22:48:30.891+0530] {dagbag.py:588} INFO - Filling up the DagBag from /Users/bhavishyachallagolla/Desktop/RetailSense/.venv/lib/python3.12/site-packages/airflow/example_dags/tutorial_taskflow_api.py
[2026-07-17T22:48:30.903+0530] {processor.py:925} INFO - DAG(s) 'tutorial_taskflow_api' retrieved from /Users/bhavishyachallagolla/Desktop/RetailSense/.venv/lib/python3.12/site-packages/airflow/example_dags/tutorial_taskflow_api.py
[2026-07-17T22:48:30.926+0530] {logging_mixin.py:190} INFO - [2026-07-17T22:48:30.926+0530] {dag.py:3239} INFO - Sync 1 DAGs
[2026-07-17T22:48:30.929+0530] {logging_mixin.py:190} INFO - [2026-07-17T22:48:30.929+0530] {dag.py:4180} INFO - Setting next_dagrun for tutorial_taskflow_api to None, run_after=None
[2026-07-17T22:48:30.934+0530] {processor.py:208} INFO - Processing /Users/bhavishyachallagolla/Desktop/RetailSense/.venv/lib/python3.12/site-packages/airflow/example_dags/tutorial_taskflow_api.py took 0.044 seconds
[2026-07-17T22:49:38.968+0530] {processor.py:186} INFO - Started process (PID=94548) to work on /Users/bhavishyachallagolla/Desktop/RetailSense/.venv/lib/python3.12/site-packages/airflow/example_dags/tutorial_taskflow_api.py
[2026-07-17T22:49:38.969+0530] {processor.py:914} INFO - Processing file /Users/bhavishyachallagolla/Desktop/RetailSense/.venv/lib/python3.12/site-packages/airflow/example_dags/tutorial_taskflow_api.py for tasks to queue
[2026-07-17T22:49:38.970+0530] {logging_mixin.py:190} INFO - [2026-07-17T22:49:38.970+0530] {dagbag.py:588} INFO - Filling up the DagBag from /Users/bhavishyachallagolla/Desktop/RetailSense/.venv/lib/python3.12/site-packages/airflow/example_dags/tutorial_taskflow_api.py
[2026-07-17T22:49:38.981+0530] {processor.py:925} INFO - DAG(s) 'tutorial_taskflow_api' retrieved from /Users/bhavishyachallagolla/Desktop/RetailSense/.venv/lib/python3.12/site-packages/airflow/example_dags/tutorial_taskflow_api.py
[2026-07-17T22:49:39.005+0530] {logging_mixin.py:190} INFO - [2026-07-17T22:49:39.005+0530] {dag.py:3239} INFO - Sync 1 DAGs
[2026-07-17T22:49:39.008+0530] {logging_mixin.py:190} INFO - [2026-07-17T22:49:39.008+0530] {dag.py:4180} INFO - Setting next_dagrun for tutorial_taskflow_api to None, run_after=None
[2026-07-17T22:49:39.012+0530] {processor.py:208} INFO - Processing /Users/bhavishyachallagolla/Desktop/RetailSense/.venv/lib/python3.12/site-packages/airflow/example_dags/tutorial_taskflow_api.py took 0.045 seconds
[2026-07-17T22:50:27.492+0530] {processor.py:186} INFO - Started process (PID=94621) to work on /Users/bhavishyachallagolla/Desktop/RetailSense/.venv/lib/python3.12/site-packages/airflow/example_dags/tutorial_taskflow_api.py
[2026-07-17T22:50:27.492+0530] {processor.py:914} INFO - Processing file /Users/bhavishyachallagolla/Desktop/RetailSense/.venv/lib/python3.12/site-packages/airflow/example_dags/tutorial_taskflow_api.py for tasks to queue
[2026-07-17T22:50:27.492+0530] {logging_mixin.py:190} INFO - [2026-07-17T22:50:27.492+0530] {dagbag.py:588} INFO - Filling up the DagBag from /Users/bhavishyachallagolla/Desktop/RetailSense/.venv/lib/python3.12/site-packages/airflow/example_dags/tutorial_taskflow_api.py
[2026-07-17T22:50:27.504+0530] {processor.py:925} INFO - DAG(s) 'tutorial_taskflow_api' retrieved from /Users/bhavishyachallagolla/Desktop/RetailSense/.venv/lib/python3.12/site-packages/airflow/example_dags/tutorial_taskflow_api.py
[2026-07-17T22:50:27.528+0530] {logging_mixin.py:190} INFO - [2026-07-17T22:50:27.528+0530] {dag.py:3239} INFO - Sync 1 DAGs
[2026-07-17T22:50:27.531+0530] {logging_mixin.py:190} INFO - [2026-07-17T22:50:27.531+0530] {dag.py:4180} INFO - Setting next_dagrun for tutorial_taskflow_api to None, run_after=None
[2026-07-17T22:50:27.536+0530] {processor.py:208} INFO - Processing /Users/bhavishyachallagolla/Desktop/RetailSense/.venv/lib/python3.12/site-packages/airflow/example_dags/tutorial_taskflow_api.py took 0.045 seconds
[2026-07-17T22:51:16.245+0530] {processor.py:186} INFO - Started process (PID=94698) to work on /Users/bhavishyachallagolla/Desktop/RetailSense/.venv/lib/python3.12/site-packages/airflow/example_dags/tutorial_taskflow_api.py
[2026-07-17T22:51:16.246+0530] {processor.py:914} INFO - Processing file /Users/bhavishyachallagolla/Desktop/RetailSense/.venv/lib/python3.12/site-packages/airflow/example_dags/tutorial_taskflow_api.py for tasks to queue
[2026-07-17T22:51:16.246+0530] {logging_mixin.py:190} INFO - [2026-07-17T22:51:16.246+0530] {dagbag.py:588} INFO - Filling up the DagBag from /Users/bhavishyachallagolla/Desktop/RetailSense/.venv/lib/python3.12/site-packages/airflow/example_dags/tutorial_taskflow_api.py
[2026-07-17T22:51:16.258+0530] {processor.py:925} INFO - DAG(s) 'tutorial_taskflow_api' retrieved from /Users/bhavishyachallagolla/Desktop/RetailSense/.venv/lib/python3.12/site-packages/airflow/example_dags/tutorial_taskflow_api.py
[2026-07-17T22:51:16.281+0530] {logging_mixin.py:190} INFO - [2026-07-17T22:51:16.281+0530] {dag.py:3239} INFO - Sync 1 DAGs
[2026-07-17T22:51:16.284+0530] {logging_mixin.py:190} INFO - [2026-07-17T22:51:16.284+0530] {dag.py:4180} INFO - Setting next_dagrun for tutorial_taskflow_api to None, run_after=None
[2026-07-17T22:51:16.288+0530] {processor.py:208} INFO - Processing /Users/bhavishyachallagolla/Desktop/RetailSense/.venv/lib/python3.12/site-packages/airflow/example_dags/tutorial_taskflow_api.py took 0.045 seconds
[2026-07-17T22:52:06.104+0530] {processor.py:186} INFO - Started process (PID=94774) to work on /Users/bhavishyachallagolla/Desktop/RetailSense/.venv/lib/python3.12/site-packages/airflow/example_dags/tutorial_taskflow_api.py
[2026-07-17T22:52:06.104+0530] {processor.py:914} INFO - Processing file /Users/bhavishyachallagolla/Desktop/RetailSense/.venv/lib/python3.12/site-packages/airflow/example_dags/tutorial_taskflow_api.py for tasks to queue
[2026-07-17T22:52:06.104+0530] {logging_mixin.py:190} INFO - [2026-07-17T22:52:06.104+0530] {dagbag.py:588} INFO - Filling up the DagBag from /Users/bhavishyachallagolla/Desktop/RetailSense/.venv/lib/python3.12/site-packages/airflow/example_dags/tutorial_taskflow_api.py
[2026-07-17T22:52:06.116+0530] {processor.py:925} INFO - DAG(s) 'tutorial_taskflow_api' retrieved from /Users/bhavishyachallagolla/Desktop/RetailSense/.venv/lib/python3.12/site-packages/airflow/example_dags/tutorial_taskflow_api.py
[2026-07-17T22:52:06.140+0530] {logging_mixin.py:190} INFO - [2026-07-17T22:52:06.140+0530] {dag.py:3239} INFO - Sync 1 DAGs
[2026-07-17T22:52:06.143+0530] {logging_mixin.py:190} INFO - [2026-07-17T22:52:06.143+0530] {dag.py:4180} INFO - Setting next_dagrun for tutorial_taskflow_api to None, run_after=None
[2026-07-17T22:52:06.148+0530] {processor.py:208} INFO - Processing /Users/bhavishyachallagolla/Desktop/RetailSense/.venv/lib/python3.12/site-packages/airflow/example_dags/tutorial_taskflow_api.py took 0.045 seconds
[2026-07-17T22:52:54.858+0530] {processor.py:186} INFO - Started process (PID=94849) to work on /Users/bhavishyachallagolla/Desktop/RetailSense/.venv/lib/python3.12/site-packages/airflow/example_dags/tutorial_taskflow_api.py
[2026-07-17T22:52:54.859+0530] {processor.py:914} INFO - Processing file /Users/bhavishyachallagolla/Desktop/RetailSense/.venv/lib/python3.12/site-packages/airflow/example_dags/tutorial_taskflow_api.py for tasks to queue
[2026-07-17T22:52:54.859+0530] {logging_mixin.py:190} INFO - [2026-07-17T22:52:54.859+0530] {dagbag.py:588} INFO - Filling up the DagBag from /Users/bhavishyachallagolla/Desktop/RetailSense/.venv/lib/python3.12/site-packages/airflow/example_dags/tutorial_taskflow_api.py
[2026-07-17T22:52:54.871+0530] {processor.py:925} INFO - DAG(s) 'tutorial_taskflow_api' retrieved from /Users/bhavishyachallagolla/Desktop/RetailSense/.venv/lib/python3.12/site-packages/airflow/example_dags/tutorial_taskflow_api.py
[2026-07-17T22:52:54.895+0530] {logging_mixin.py:190} INFO - [2026-07-17T22:52:54.895+0530] {dag.py:3239} INFO - Sync 1 DAGs
[2026-07-17T22:52:54.898+0530] {logging_mixin.py:190} INFO - [2026-07-17T22:52:54.898+0530] {dag.py:4180} INFO - Setting next_dagrun for tutorial_taskflow_api to None, run_after=None
[2026-07-17T22:52:54.902+0530] {processor.py:208} INFO - Processing /Users/bhavishyachallagolla/Desktop/RetailSense/.venv/lib/python3.12/site-packages/airflow/example_dags/tutorial_taskflow_api.py took 0.046 seconds
[2026-07-17T22:53:44.725+0530] {processor.py:186} INFO - Started process (PID=94926) to work on /Users/bhavishyachallagolla/Desktop/RetailSense/.venv/lib/python3.12/site-packages/airflow/example_dags/tutorial_taskflow_api.py
[2026-07-17T22:53:44.726+0530] {processor.py:914} INFO - Processing file /Users/bhavishyachallagolla/Desktop/RetailSense/.venv/lib/python3.12/site-packages/airflow/example_dags/tutorial_taskflow_api.py for tasks to queue
[2026-07-17T22:53:44.727+0530] {logging_mixin.py:190} INFO - [2026-07-17T22:53:44.727+0530] {dagbag.py:588} INFO - Filling up the DagBag from /Users/bhavishyachallagolla/Desktop/RetailSense/.venv/lib/python3.12/site-packages/airflow/example_dags/tutorial_taskflow_api.py
[2026-07-17T22:53:44.738+0530] {processor.py:925} INFO - DAG(s) 'tutorial_taskflow_api' retrieved from /Users/bhavishyachallagolla/Desktop/RetailSense/.venv/lib/python3.12/site-packages/airflow/example_dags/tutorial_taskflow_api.py
[2026-07-17T22:53:44.762+0530] {logging_mixin.py:190} INFO - [2026-07-17T22:53:44.762+0530] {dag.py:3239} INFO - Sync 1 DAGs
[2026-07-17T22:53:44.765+0530] {logging_mixin.py:190} INFO - [2026-07-17T22:53:44.765+0530] {dag.py:4180} INFO - Setting next_dagrun for tutorial_taskflow_api to None, run_after=None
[2026-07-17T22:53:44.769+0530] {processor.py:208} INFO - Processing /Users/bhavishyachallagolla/Desktop/RetailSense/.venv/lib/python3.12/site-packages/airflow/example_dags/tutorial_taskflow_api.py took 0.045 seconds
[2026-07-17T22:54:34.794+0530] {processor.py:186} INFO - Started process (PID=95000) to work on /Users/bhavishyachallagolla/Desktop/RetailSense/.venv/lib/python3.12/site-packages/airflow/example_dags/tutorial_taskflow_api.py
[2026-07-17T22:54:34.795+0530] {processor.py:914} INFO - Processing file /Users/bhavishyachallagolla/Desktop/RetailSense/.venv/lib/python3.12/site-packages/airflow/example_dags/tutorial_taskflow_api.py for tasks to queue
[2026-07-17T22:54:34.796+0530] {logging_mixin.py:190} INFO - [2026-07-17T22:54:34.796+0530] {dagbag.py:588} INFO - Filling up the DagBag from /Users/bhavishyachallagolla/Desktop/RetailSense/.venv/lib/python3.12/site-packages/airflow/example_dags/tutorial_taskflow_api.py
[2026-07-17T22:54:34.808+0530] {processor.py:925} INFO - DAG(s) 'tutorial_taskflow_api' retrieved from /Users/bhavishyachallagolla/Desktop/RetailSense/.venv/lib/python3.12/site-packages/airflow/example_dags/tutorial_taskflow_api.py
[2026-07-17T22:54:34.834+0530] {logging_mixin.py:190} INFO - [2026-07-17T22:54:34.833+0530] {dag.py:3239} INFO - Sync 1 DAGs
[2026-07-17T22:54:34.836+0530] {logging_mixin.py:190} INFO - [2026-07-17T22:54:34.836+0530] {dag.py:4180} INFO - Setting next_dagrun for tutorial_taskflow_api to None, run_after=None
[2026-07-17T22:54:34.841+0530] {processor.py:208} INFO - Processing /Users/bhavishyachallagolla/Desktop/RetailSense/.venv/lib/python3.12/site-packages/airflow/example_dags/tutorial_taskflow_api.py took 0.048 seconds
[2026-07-17T22:55:23.465+0530] {processor.py:186} INFO - Started process (PID=95072) to work on /Users/bhavishyachallagolla/Desktop/RetailSense/.venv/lib/python3.12/site-packages/airflow/example_dags/tutorial_taskflow_api.py
[2026-07-17T22:55:23.466+0530] {processor.py:914} INFO - Processing file /Users/bhavishyachallagolla/Desktop/RetailSense/.venv/lib/python3.12/site-packages/airflow/example_dags/tutorial_taskflow_api.py for tasks to queue
[2026-07-17T22:55:23.467+0530] {logging_mixin.py:190} INFO - [2026-07-17T22:55:23.467+0530] {dagbag.py:588} INFO - Filling up the DagBag from /Users/bhavishyachallagolla/Desktop/RetailSense/.venv/lib/python3.12/site-packages/airflow/example_dags/tutorial_taskflow_api.py
[2026-07-17T22:55:23.479+0530] {processor.py:925} INFO - DAG(s) 'tutorial_taskflow_api' retrieved from /Users/bhavishyachallagolla/Desktop/RetailSense/.venv/lib/python3.12/site-packages/airflow/example_dags/tutorial_taskflow_api.py
[2026-07-17T22:55:23.504+0530] {logging_mixin.py:190} INFO - [2026-07-17T22:55:23.504+0530] {dag.py:3239} INFO - Sync 1 DAGs
[2026-07-17T22:55:23.506+0530] {logging_mixin.py:190} INFO - [2026-07-17T22:55:23.506+0530] {dag.py:4180} INFO - Setting next_dagrun for tutorial_taskflow_api to None, run_after=None
[2026-07-17T22:55:23.511+0530] {processor.py:208} INFO - Processing /Users/bhavishyachallagolla/Desktop/RetailSense/.venv/lib/python3.12/site-packages/airflow/example_dags/tutorial_taskflow_api.py took 0.047 seconds
[2026-07-17T22:56:14.769+0530] {processor.py:186} INFO - Started process (PID=95149) to work on /Users/bhavishyachallagolla/Desktop/RetailSense/.venv/lib/python3.12/site-packages/airflow/example_dags/tutorial_taskflow_api.py
[2026-07-17T22:56:14.770+0530] {processor.py:914} INFO - Processing file /Users/bhavishyachallagolla/Desktop/RetailSense/.venv/lib/python3.12/site-packages/airflow/example_dags/tutorial_taskflow_api.py for tasks to queue
[2026-07-17T22:56:14.770+0530] {logging_mixin.py:190} INFO - [2026-07-17T22:56:14.770+0530] {dagbag.py:588} INFO - Filling up the DagBag from /Users/bhavishyachallagolla/Desktop/RetailSense/.venv/lib/python3.12/site-packages/airflow/example_dags/tutorial_taskflow_api.py
[2026-07-17T22:56:14.782+0530] {processor.py:925} INFO - DAG(s) 'tutorial_taskflow_api' retrieved from /Users/bhavishyachallagolla/Desktop/RetailSense/.venv/lib/python3.12/site-packages/airflow/example_dags/tutorial_taskflow_api.py
[2026-07-17T22:56:14.805+0530] {logging_mixin.py:190} INFO - [2026-07-17T22:56:14.805+0530] {dag.py:3239} INFO - Sync 1 DAGs
[2026-07-17T22:56:14.808+0530] {logging_mixin.py:190} INFO - [2026-07-17T22:56:14.808+0530] {dag.py:4180} INFO - Setting next_dagrun for tutorial_taskflow_api to None, run_after=None
[2026-07-17T22:56:14.813+0530] {processor.py:208} INFO - Processing /Users/bhavishyachallagolla/Desktop/RetailSense/.venv/lib/python3.12/site-packages/airflow/example_dags/tutorial_taskflow_api.py took 0.045 seconds
[2026-07-17T22:57:03.704+0530] {processor.py:186} INFO - Started process (PID=95222) to work on /Users/bhavishyachallagolla/Desktop/RetailSense/.venv/lib/python3.12/site-packages/airflow/example_dags/tutorial_taskflow_api.py
[2026-07-17T22:57:03.704+0530] {processor.py:914} INFO - Processing file /Users/bhavishyachallagolla/Desktop/RetailSense/.venv/lib/python3.12/site-packages/airflow/example_dags/tutorial_taskflow_api.py for tasks to queue
[2026-07-17T22:57:03.705+0530] {logging_mixin.py:190} INFO - [2026-07-17T22:57:03.705+0530] {dagbag.py:588} INFO - Filling up the DagBag from /Users/bhavishyachallagolla/Desktop/RetailSense/.venv/lib/python3.12/site-packages/airflow/example_dags/tutorial_taskflow_api.py
[2026-07-17T22:57:03.717+0530] {processor.py:925} INFO - DAG(s) 'tutorial_taskflow_api' retrieved from /Users/bhavishyachallagolla/Desktop/RetailSense/.venv/lib/python3.12/site-packages/airflow/example_dags/tutorial_taskflow_api.py
[2026-07-17T22:57:03.742+0530] {logging_mixin.py:190} INFO - [2026-07-17T22:57:03.742+0530] {dag.py:3239} INFO - Sync 1 DAGs
[2026-07-17T22:57:03.745+0530] {logging_mixin.py:190} INFO - [2026-07-17T22:57:03.745+0530] {dag.py:4180} INFO - Setting next_dagrun for tutorial_taskflow_api to None, run_after=None
[2026-07-17T22:57:03.749+0530] {processor.py:208} INFO - Processing /Users/bhavishyachallagolla/Desktop/RetailSense/.venv/lib/python3.12/site-packages/airflow/example_dags/tutorial_taskflow_api.py took 0.046 seconds
[2026-07-17T22:57:53.836+0530] {processor.py:186} INFO - Started process (PID=95299) to work on /Users/bhavishyachallagolla/Desktop/RetailSense/.venv/lib/python3.12/site-packages/airflow/example_dags/tutorial_taskflow_api.py
[2026-07-17T22:57:53.838+0530] {processor.py:914} INFO - Processing file /Users/bhavishyachallagolla/Desktop/RetailSense/.venv/lib/python3.12/site-packages/airflow/example_dags/tutorial_taskflow_api.py for tasks to queue
[2026-07-17T22:57:53.838+0530] {logging_mixin.py:190} INFO - [2026-07-17T22:57:53.838+0530] {dagbag.py:588} INFO - Filling up the DagBag from /Users/bhavishyachallagolla/Desktop/RetailSense/.venv/lib/python3.12/site-packages/airflow/example_dags/tutorial_taskflow_api.py
[2026-07-17T22:57:53.856+0530] {processor.py:925} INFO - DAG(s) 'tutorial_taskflow_api' retrieved from /Users/bhavishyachallagolla/Desktop/RetailSense/.venv/lib/python3.12/site-packages/airflow/example_dags/tutorial_taskflow_api.py
[2026-07-17T22:57:53.883+0530] {logging_mixin.py:190} INFO - [2026-07-17T22:57:53.883+0530] {dag.py:3239} INFO - Sync 1 DAGs
[2026-07-17T22:57:53.886+0530] {logging_mixin.py:190} INFO - [2026-07-17T22:57:53.886+0530] {dag.py:4180} INFO - Setting next_dagrun for tutorial_taskflow_api to None, run_after=None
[2026-07-17T22:57:53.893+0530] {processor.py:208} INFO - Processing /Users/bhavishyachallagolla/Desktop/RetailSense/.venv/lib/python3.12/site-packages/airflow/example_dags/tutorial_taskflow_api.py took 0.059 seconds
[2026-07-17T22:58:43.584+0530] {processor.py:186} INFO - Started process (PID=95387) to work on /Users/bhavishyachallagolla/Desktop/RetailSense/.venv/lib/python3.12/site-packages/airflow/example_dags/tutorial_taskflow_api.py
[2026-07-17T22:58:43.585+0530] {processor.py:914} INFO - Processing file /Users/bhavishyachallagolla/Desktop/RetailSense/.venv/lib/python3.12/site-packages/airflow/example_dags/tutorial_taskflow_api.py for tasks to queue
[2026-07-17T22:58:43.586+0530] {logging_mixin.py:190} INFO - [2026-07-17T22:58:43.586+0530] {dagbag.py:588} INFO - Filling up the DagBag from /Users/bhavishyachallagolla/Desktop/RetailSense/.venv/lib/python3.12/site-packages/airflow/example_dags/tutorial_taskflow_api.py
[2026-07-17T22:58:43.598+0530] {processor.py:925} INFO - DAG(s) 'tutorial_taskflow_api' retrieved from /Users/bhavishyachallagolla/Desktop/RetailSense/.venv/lib/python3.12/site-packages/airflow/example_dags/tutorial_taskflow_api.py
[2026-07-17T22:58:43.622+0530] {logging_mixin.py:190} INFO - [2026-07-17T22:58:43.622+0530] {dag.py:3239} INFO - Sync 1 DAGs
[2026-07-17T22:58:43.625+0530] {logging_mixin.py:190} INFO - [2026-07-17T22:58:43.625+0530] {dag.py:4180} INFO - Setting next_dagrun for tutorial_taskflow_api to None, run_after=None
[2026-07-17T22:58:43.630+0530] {processor.py:208} INFO - Processing /Users/bhavishyachallagolla/Desktop/RetailSense/.venv/lib/python3.12/site-packages/airflow/example_dags/tutorial_taskflow_api.py took 0.046 seconds
[2026-07-17T23:00:13.919+0530] {processor.py:186} INFO - Started process (PID=95492) to work on /Users/bhavishyachallagolla/Desktop/RetailSense/.venv/lib/python3.12/site-packages/airflow/example_dags/tutorial_taskflow_api.py
[2026-07-17T23:00:13.920+0530] {processor.py:914} INFO - Processing file /Users/bhavishyachallagolla/Desktop/RetailSense/.venv/lib/python3.12/site-packages/airflow/example_dags/tutorial_taskflow_api.py for tasks to queue
[2026-07-17T23:00:13.920+0530] {logging_mixin.py:190} INFO - [2026-07-17T23:00:13.920+0530] {dagbag.py:588} INFO - Filling up the DagBag from /Users/bhavishyachallagolla/Desktop/RetailSense/.venv/lib/python3.12/site-packages/airflow/example_dags/tutorial_taskflow_api.py
[2026-07-17T23:00:13.932+0530] {processor.py:925} INFO - DAG(s) 'tutorial_taskflow_api' retrieved from /Users/bhavishyachallagolla/Desktop/RetailSense/.venv/lib/python3.12/site-packages/airflow/example_dags/tutorial_taskflow_api.py
[2026-07-17T23:00:13.958+0530] {logging_mixin.py:190} INFO - [2026-07-17T23:00:13.958+0530] {dag.py:3239} INFO - Sync 1 DAGs
[2026-07-17T23:00:13.961+0530] {logging_mixin.py:190} INFO - [2026-07-17T23:00:13.961+0530] {dag.py:4180} INFO - Setting next_dagrun for tutorial_taskflow_api to None, run_after=None
[2026-07-17T23:00:13.966+0530] {processor.py:208} INFO - Processing /Users/bhavishyachallagolla/Desktop/RetailSense/.venv/lib/python3.12/site-packages/airflow/example_dags/tutorial_taskflow_api.py took 0.048 seconds
[2026-07-17T23:01:29.723+0530] {processor.py:186} INFO - Started process (PID=95619) to work on /Users/bhavishyachallagolla/Desktop/RetailSense/.venv/lib/python3.12/site-packages/airflow/example_dags/tutorial_taskflow_api.py
[2026-07-17T23:01:29.723+0530] {processor.py:914} INFO - Processing file /Users/bhavishyachallagolla/Desktop/RetailSense/.venv/lib/python3.12/site-packages/airflow/example_dags/tutorial_taskflow_api.py for tasks to queue
[2026-07-17T23:01:29.723+0530] {logging_mixin.py:190} INFO - [2026-07-17T23:01:29.723+0530] {dagbag.py:588} INFO - Filling up the DagBag from /Users/bhavishyachallagolla/Desktop/RetailSense/.venv/lib/python3.12/site-packages/airflow/example_dags/tutorial_taskflow_api.py
[2026-07-17T23:01:29.735+0530] {processor.py:925} INFO - DAG(s) 'tutorial_taskflow_api' retrieved from /Users/bhavishyachallagolla/Desktop/RetailSense/.venv/lib/python3.12/site-packages/airflow/example_dags/tutorial_taskflow_api.py
[2026-07-17T23:01:29.759+0530] {logging_mixin.py:190} INFO - [2026-07-17T23:01:29.759+0530] {dag.py:3239} INFO - Sync 1 DAGs
[2026-07-17T23:01:29.761+0530] {logging_mixin.py:190} INFO - [2026-07-17T23:01:29.761+0530] {dag.py:4180} INFO - Setting next_dagrun for tutorial_taskflow_api to None, run_after=None
[2026-07-17T23:01:29.766+0530] {processor.py:208} INFO - Processing /Users/bhavishyachallagolla/Desktop/RetailSense/.venv/lib/python3.12/site-packages/airflow/example_dags/tutorial_taskflow_api.py took 0.044 seconds
[2026-07-17T23:02:21.316+0530] {processor.py:186} INFO - Started process (PID=95716) to work on /Users/bhavishyachallagolla/Desktop/RetailSense/.venv/lib/python3.12/site-packages/airflow/example_dags/tutorial_taskflow_api.py
[2026-07-17T23:02:21.316+0530] {processor.py:914} INFO - Processing file /Users/bhavishyachallagolla/Desktop/RetailSense/.venv/lib/python3.12/site-packages/airflow/example_dags/tutorial_taskflow_api.py for tasks to queue
[2026-07-17T23:02:21.317+0530] {logging_mixin.py:190} INFO - [2026-07-17T23:02:21.316+0530] {dagbag.py:588} INFO - Filling up the DagBag from /Users/bhavishyachallagolla/Desktop/RetailSense/.venv/lib/python3.12/site-packages/airflow/example_dags/tutorial_taskflow_api.py
[2026-07-17T23:02:21.329+0530] {processor.py:925} INFO - DAG(s) 'tutorial_taskflow_api' retrieved from /Users/bhavishyachallagolla/Desktop/RetailSense/.venv/lib/python3.12/site-packages/airflow/example_dags/tutorial_taskflow_api.py
[2026-07-17T23:02:21.353+0530] {logging_mixin.py:190} INFO - [2026-07-17T23:02:21.353+0530] {dag.py:3239} INFO - Sync 1 DAGs
[2026-07-17T23:02:21.356+0530] {logging_mixin.py:190} INFO - [2026-07-17T23:02:21.356+0530] {dag.py:4180} INFO - Setting next_dagrun for tutorial_taskflow_api to None, run_after=None
[2026-07-17T23:02:21.361+0530] {processor.py:208} INFO - Processing /Users/bhavishyachallagolla/Desktop/RetailSense/.venv/lib/python3.12/site-packages/airflow/example_dags/tutorial_taskflow_api.py took 0.046 seconds
[2026-07-17T23:03:12.710+0530] {processor.py:186} INFO - Started process (PID=95796) to work on /Users/bhavishyachallagolla/Desktop/RetailSense/.venv/lib/python3.12/site-packages/airflow/example_dags/tutorial_taskflow_api.py
[2026-07-17T23:03:12.711+0530] {processor.py:914} INFO - Processing file /Users/bhavishyachallagolla/Desktop/RetailSense/.venv/lib/python3.12/site-packages/airflow/example_dags/tutorial_taskflow_api.py for tasks to queue
[2026-07-17T23:03:12.711+0530] {logging_mixin.py:190} INFO - [2026-07-17T23:03:12.711+0530] {dagbag.py:588} INFO - Filling up the DagBag from /Users/bhavishyachallagolla/Desktop/RetailSense/.venv/lib/python3.12/site-packages/airflow/example_dags/tutorial_taskflow_api.py
[2026-07-17T23:03:12.723+0530] {processor.py:925} INFO - DAG(s) 'tutorial_taskflow_api' retrieved from /Users/bhavishyachallagolla/Desktop/RetailSense/.venv/lib/python3.12/site-packages/airflow/example_dags/tutorial_taskflow_api.py
[2026-07-17T23:03:12.747+0530] {logging_mixin.py:190} INFO - [2026-07-17T23:03:12.747+0530] {dag.py:3239} INFO - Sync 1 DAGs
[2026-07-17T23:03:12.750+0530] {logging_mixin.py:190} INFO - [2026-07-17T23:03:12.750+0530] {dag.py:4180} INFO - Setting next_dagrun for tutorial_taskflow_api to None, run_after=None
[2026-07-17T23:03:12.755+0530] {processor.py:208} INFO - Processing /Users/bhavishyachallagolla/Desktop/RetailSense/.venv/lib/python3.12/site-packages/airflow/example_dags/tutorial_taskflow_api.py took 0.045 seconds
[2026-07-17T23:04:00.898+0530] {processor.py:186} INFO - Started process (PID=95869) to work on /Users/bhavishyachallagolla/Desktop/RetailSense/.venv/lib/python3.12/site-packages/airflow/example_dags/tutorial_taskflow_api.py
[2026-07-17T23:04:00.898+0530] {processor.py:914} INFO - Processing file /Users/bhavishyachallagolla/Desktop/RetailSense/.venv/lib/python3.12/site-packages/airflow/example_dags/tutorial_taskflow_api.py for tasks to queue
[2026-07-17T23:04:00.899+0530] {logging_mixin.py:190} INFO - [2026-07-17T23:04:00.899+0530] {dagbag.py:588} INFO - Filling up the DagBag from /Users/bhavishyachallagolla/Desktop/RetailSense/.venv/lib/python3.12/site-packages/airflow/example_dags/tutorial_taskflow_api.py
[2026-07-17T23:04:00.910+0530] {processor.py:925} INFO - DAG(s) 'tutorial_taskflow_api' retrieved from /Users/bhavishyachallagolla/Desktop/RetailSense/.venv/lib/python3.12/site-packages/airflow/example_dags/tutorial_taskflow_api.py
[2026-07-17T23:04:00.935+0530] {logging_mixin.py:190} INFO - [2026-07-17T23:04:00.935+0530] {dag.py:3239} INFO - Sync 1 DAGs
[2026-07-17T23:04:00.937+0530] {logging_mixin.py:190} INFO - [2026-07-17T23:04:00.937+0530] {dag.py:4180} INFO - Setting next_dagrun for tutorial_taskflow_api to None, run_after=None
[2026-07-17T23:04:00.942+0530] {processor.py:208} INFO - Processing /Users/bhavishyachallagolla/Desktop/RetailSense/.venv/lib/python3.12/site-packages/airflow/example_dags/tutorial_taskflow_api.py took 0.045 seconds
[2026-07-17T23:04:51.972+0530] {processor.py:186} INFO - Started process (PID=95943) to work on /Users/bhavishyachallagolla/Desktop/RetailSense/.venv/lib/python3.12/site-packages/airflow/example_dags/tutorial_taskflow_api.py
[2026-07-17T23:04:51.972+0530] {processor.py:914} INFO - Processing file /Users/bhavishyachallagolla/Desktop/RetailSense/.venv/lib/python3.12/site-packages/airflow/example_dags/tutorial_taskflow_api.py for tasks to queue
[2026-07-17T23:04:51.972+0530] {logging_mixin.py:190} INFO - [2026-07-17T23:04:51.972+0530] {dagbag.py:588} INFO - Filling up the DagBag from /Users/bhavishyachallagolla/Desktop/RetailSense/.venv/lib/python3.12/site-packages/airflow/example_dags/tutorial_taskflow_api.py
[2026-07-17T23:04:51.984+0530] {processor.py:925} INFO - DAG(s) 'tutorial_taskflow_api' retrieved from /Users/bhavishyachallagolla/Desktop/RetailSense/.venv/lib/python3.12/site-packages/airflow/example_dags/tutorial_taskflow_api.py
[2026-07-17T23:04:52.007+0530] {logging_mixin.py:190} INFO - [2026-07-17T23:04:52.007+0530] {dag.py:3239} INFO - Sync 1 DAGs
[2026-07-17T23:04:52.010+0530] {logging_mixin.py:190} INFO - [2026-07-17T23:04:52.010+0530] {dag.py:4180} INFO - Setting next_dagrun for tutorial_taskflow_api to None, run_after=None
[2026-07-17T23:04:52.014+0530] {processor.py:208} INFO - Processing /Users/bhavishyachallagolla/Desktop/RetailSense/.venv/lib/python3.12/site-packages/airflow/example_dags/tutorial_taskflow_api.py took 0.044 seconds
[2026-07-17T23:05:42.362+0530] {processor.py:186} INFO - Started process (PID=96021) to work on /Users/bhavishyachallagolla/Desktop/RetailSense/.venv/lib/python3.12/site-packages/airflow/example_dags/tutorial_taskflow_api.py
[2026-07-17T23:05:42.362+0530] {processor.py:914} INFO - Processing file /Users/bhavishyachallagolla/Desktop/RetailSense/.venv/lib/python3.12/site-packages/airflow/example_dags/tutorial_taskflow_api.py for tasks to queue
[2026-07-17T23:05:42.363+0530] {logging_mixin.py:190} INFO - [2026-07-17T23:05:42.363+0530] {dagbag.py:588} INFO - Filling up the DagBag from /Users/bhavishyachallagolla/Desktop/RetailSense/.venv/lib/python3.12/site-packages/airflow/example_dags/tutorial_taskflow_api.py
[2026-07-17T23:05:42.374+0530] {processor.py:925} INFO - DAG(s) 'tutorial_taskflow_api' retrieved from /Users/bhavishyachallagolla/Desktop/RetailSense/.venv/lib/python3.12/site-packages/airflow/example_dags/tutorial_taskflow_api.py
[2026-07-17T23:05:42.398+0530] {logging_mixin.py:190} INFO - [2026-07-17T23:05:42.398+0530] {dag.py:3239} INFO - Sync 1 DAGs
[2026-07-17T23:05:42.401+0530] {logging_mixin.py:190} INFO - [2026-07-17T23:05:42.401+0530] {dag.py:4180} INFO - Setting next_dagrun for tutorial_taskflow_api to None, run_after=None
[2026-07-17T23:05:42.406+0530] {processor.py:208} INFO - Processing /Users/bhavishyachallagolla/Desktop/RetailSense/.venv/lib/python3.12/site-packages/airflow/example_dags/tutorial_taskflow_api.py took 0.045 seconds
[2026-07-17T23:06:32.718+0530] {processor.py:186} INFO - Started process (PID=96095) to work on /Users/bhavishyachallagolla/Desktop/RetailSense/.venv/lib/python3.12/site-packages/airflow/example_dags/tutorial_taskflow_api.py
[2026-07-17T23:06:32.718+0530] {processor.py:914} INFO - Processing file /Users/bhavishyachallagolla/Desktop/RetailSense/.venv/lib/python3.12/site-packages/airflow/example_dags/tutorial_taskflow_api.py for tasks to queue
[2026-07-17T23:06:32.719+0530] {logging_mixin.py:190} INFO - [2026-07-17T23:06:32.719+0530] {dagbag.py:588} INFO - Filling up the DagBag from /Users/bhavishyachallagolla/Desktop/RetailSense/.venv/lib/python3.12/site-packages/airflow/example_dags/tutorial_taskflow_api.py
[2026-07-17T23:06:32.730+0530] {processor.py:925} INFO - DAG(s) 'tutorial_taskflow_api' retrieved from /Users/bhavishyachallagolla/Desktop/RetailSense/.venv/lib/python3.12/site-packages/airflow/example_dags/tutorial_taskflow_api.py
[2026-07-17T23:06:32.753+0530] {logging_mixin.py:190} INFO - [2026-07-17T23:06:32.753+0530] {dag.py:3239} INFO - Sync 1 DAGs
[2026-07-17T23:06:32.756+0530] {logging_mixin.py:190} INFO - [2026-07-17T23:06:32.756+0530] {dag.py:4180} INFO - Setting next_dagrun for tutorial_taskflow_api to None, run_after=None
[2026-07-17T23:06:32.762+0530] {processor.py:208} INFO - Processing /Users/bhavishyachallagolla/Desktop/RetailSense/.venv/lib/python3.12/site-packages/airflow/example_dags/tutorial_taskflow_api.py took 0.044 seconds
[2026-07-17T23:07:23.126+0530] {processor.py:186} INFO - Started process (PID=96171) to work on /Users/bhavishyachallagolla/Desktop/RetailSense/.venv/lib/python3.12/site-packages/airflow/example_dags/tutorial_taskflow_api.py
[2026-07-17T23:07:23.127+0530] {processor.py:914} INFO - Processing file /Users/bhavishyachallagolla/Desktop/RetailSense/.venv/lib/python3.12/site-packages/airflow/example_dags/tutorial_taskflow_api.py for tasks to queue
[2026-07-17T23:07:23.127+0530] {logging_mixin.py:190} INFO - [2026-07-17T23:07:23.127+0530] {dagbag.py:588} INFO - Filling up the DagBag from /Users/bhavishyachallagolla/Desktop/RetailSense/.venv/lib/python3.12/site-packages/airflow/example_dags/tutorial_taskflow_api.py
[2026-07-17T23:07:23.139+0530] {processor.py:925} INFO - DAG(s) 'tutorial_taskflow_api' retrieved from /Users/bhavishyachallagolla/Desktop/RetailSense/.venv/lib/python3.12/site-packages/airflow/example_dags/tutorial_taskflow_api.py
[2026-07-17T23:07:23.163+0530] {logging_mixin.py:190} INFO - [2026-07-17T23:07:23.162+0530] {dag.py:3239} INFO - Sync 1 DAGs
[2026-07-17T23:07:23.165+0530] {logging_mixin.py:190} INFO - [2026-07-17T23:07:23.165+0530] {dag.py:4180} INFO - Setting next_dagrun for tutorial_taskflow_api to None, run_after=None
[2026-07-17T23:07:23.170+0530] {processor.py:208} INFO - Processing /Users/bhavishyachallagolla/Desktop/RetailSense/.venv/lib/python3.12/site-packages/airflow/example_dags/tutorial_taskflow_api.py took 0.045 seconds
[2026-07-17T23:08:13.763+0530] {processor.py:186} INFO - Started process (PID=96255) to work on /Users/bhavishyachallagolla/Desktop/RetailSense/.venv/lib/python3.12/site-packages/airflow/example_dags/tutorial_taskflow_api.py
[2026-07-17T23:08:13.763+0530] {processor.py:914} INFO - Processing file /Users/bhavishyachallagolla/Desktop/RetailSense/.venv/lib/python3.12/site-packages/airflow/example_dags/tutorial_taskflow_api.py for tasks to queue
[2026-07-17T23:08:13.764+0530] {logging_mixin.py:190} INFO - [2026-07-17T23:08:13.764+0530] {dagbag.py:588} INFO - Filling up the DagBag from /Users/bhavishyachallagolla/Desktop/RetailSense/.venv/lib/python3.12/site-packages/airflow/example_dags/tutorial_taskflow_api.py
[2026-07-17T23:08:13.775+0530] {processor.py:925} INFO - DAG(s) 'tutorial_taskflow_api' retrieved from /Users/bhavishyachallagolla/Desktop/RetailSense/.venv/lib/python3.12/site-packages/airflow/example_dags/tutorial_taskflow_api.py
[2026-07-17T23:08:13.799+0530] {logging_mixin.py:190} INFO - [2026-07-17T23:08:13.799+0530] {dag.py:3239} INFO - Sync 1 DAGs
[2026-07-17T23:08:13.801+0530] {logging_mixin.py:190} INFO - [2026-07-17T23:08:13.801+0530] {dag.py:4180} INFO - Setting next_dagrun for tutorial_taskflow_api to None, run_after=None
[2026-07-17T23:08:13.806+0530] {processor.py:208} INFO - Processing /Users/bhavishyachallagolla/Desktop/RetailSense/.venv/lib/python3.12/site-packages/airflow/example_dags/tutorial_taskflow_api.py took 0.044 seconds
[2026-07-17T23:09:04.755+0530] {processor.py:186} INFO - Started process (PID=96332) to work on /Users/bhavishyachallagolla/Desktop/RetailSense/.venv/lib/python3.12/site-packages/airflow/example_dags/tutorial_taskflow_api.py
[2026-07-17T23:09:04.756+0530] {processor.py:914} INFO - Processing file /Users/bhavishyachallagolla/Desktop/RetailSense/.venv/lib/python3.12/site-packages/airflow/example_dags/tutorial_taskflow_api.py for tasks to queue
[2026-07-17T23:09:04.756+0530] {logging_mixin.py:190} INFO - [2026-07-17T23:09:04.756+0530] {dagbag.py:588} INFO - Filling up the DagBag from /Users/bhavishyachallagolla/Desktop/RetailSense/.venv/lib/python3.12/site-packages/airflow/example_dags/tutorial_taskflow_api.py
[2026-07-17T23:09:04.769+0530] {processor.py:925} INFO - DAG(s) 'tutorial_taskflow_api' retrieved from /Users/bhavishyachallagolla/Desktop/RetailSense/.venv/lib/python3.12/site-packages/airflow/example_dags/tutorial_taskflow_api.py
[2026-07-17T23:09:04.794+0530] {logging_mixin.py:190} INFO - [2026-07-17T23:09:04.794+0530] {dag.py:3239} INFO - Sync 1 DAGs
[2026-07-17T23:09:04.797+0530] {logging_mixin.py:190} INFO - [2026-07-17T23:09:04.797+0530] {dag.py:4180} INFO - Setting next_dagrun for tutorial_taskflow_api to None, run_after=None
[2026-07-17T23:09:04.802+0530] {processor.py:208} INFO - Processing /Users/bhavishyachallagolla/Desktop/RetailSense/.venv/lib/python3.12/site-packages/airflow/example_dags/tutorial_taskflow_api.py took 0.048 seconds
[2026-07-17T23:09:53.631+0530] {processor.py:186} INFO - Started process (PID=96404) to work on /Users/bhavishyachallagolla/Desktop/RetailSense/.venv/lib/python3.12/site-packages/airflow/example_dags/tutorial_taskflow_api.py
[2026-07-17T23:09:53.632+0530] {processor.py:914} INFO - Processing file /Users/bhavishyachallagolla/Desktop/RetailSense/.venv/lib/python3.12/site-packages/airflow/example_dags/tutorial_taskflow_api.py for tasks to queue
[2026-07-17T23:09:53.632+0530] {logging_mixin.py:190} INFO - [2026-07-17T23:09:53.632+0530] {dagbag.py:588} INFO - Filling up the DagBag from /Users/bhavishyachallagolla/Desktop/RetailSense/.venv/lib/python3.12/site-packages/airflow/example_dags/tutorial_taskflow_api.py
[2026-07-17T23:09:53.644+0530] {processor.py:925} INFO - DAG(s) 'tutorial_taskflow_api' retrieved from /Users/bhavishyachallagolla/Desktop/RetailSense/.venv/lib/python3.12/site-packages/airflow/example_dags/tutorial_taskflow_api.py
[2026-07-17T23:09:53.669+0530] {logging_mixin.py:190} INFO - [2026-07-17T23:09:53.669+0530] {dag.py:3239} INFO - Sync 1 DAGs
[2026-07-17T23:09:53.672+0530] {logging_mixin.py:190} INFO - [2026-07-17T23:09:53.672+0530] {dag.py:4180} INFO - Setting next_dagrun for tutorial_taskflow_api to None, run_after=None
[2026-07-17T23:09:53.679+0530] {processor.py:208} INFO - Processing /Users/bhavishyachallagolla/Desktop/RetailSense/.venv/lib/python3.12/site-packages/airflow/example_dags/tutorial_taskflow_api.py took 0.049 seconds
[2026-07-17T23:10:42.234+0530] {processor.py:186} INFO - Started process (PID=96479) to work on /Users/bhavishyachallagolla/Desktop/RetailSense/.venv/lib/python3.12/site-packages/airflow/example_dags/tutorial_taskflow_api.py
[2026-07-17T23:10:42.234+0530] {processor.py:914} INFO - Processing file /Users/bhavishyachallagolla/Desktop/RetailSense/.venv/lib/python3.12/site-packages/airflow/example_dags/tutorial_taskflow_api.py for tasks to queue
[2026-07-17T23:10:42.235+0530] {logging_mixin.py:190} INFO - [2026-07-17T23:10:42.235+0530] {dagbag.py:588} INFO - Filling up the DagBag from /Users/bhavishyachallagolla/Desktop/RetailSense/.venv/lib/python3.12/site-packages/airflow/example_dags/tutorial_taskflow_api.py
[2026-07-17T23:10:42.246+0530] {processor.py:925} INFO - DAG(s) 'tutorial_taskflow_api' retrieved from /Users/bhavishyachallagolla/Desktop/RetailSense/.venv/lib/python3.12/site-packages/airflow/example_dags/tutorial_taskflow_api.py
[2026-07-17T23:10:42.271+0530] {logging_mixin.py:190} INFO - [2026-07-17T23:10:42.271+0530] {dag.py:3239} INFO - Sync 1 DAGs
[2026-07-17T23:10:42.274+0530] {logging_mixin.py:190} INFO - [2026-07-17T23:10:42.274+0530] {dag.py:4180} INFO - Setting next_dagrun for tutorial_taskflow_api to None, run_after=None
[2026-07-17T23:10:42.279+0530] {processor.py:208} INFO - Processing /Users/bhavishyachallagolla/Desktop/RetailSense/.venv/lib/python3.12/site-packages/airflow/example_dags/tutorial_taskflow_api.py took 0.046 seconds
[2026-07-17T23:11:31.268+0530] {processor.py:186} INFO - Started process (PID=96552) to work on /Users/bhavishyachallagolla/Desktop/RetailSense/.venv/lib/python3.12/site-packages/airflow/example_dags/tutorial_taskflow_api.py
[2026-07-17T23:11:31.269+0530] {processor.py:914} INFO - Processing file /Users/bhavishyachallagolla/Desktop/RetailSense/.venv/lib/python3.12/site-packages/airflow/example_dags/tutorial_taskflow_api.py for tasks to queue
[2026-07-17T23:11:31.269+0530] {logging_mixin.py:190} INFO - [2026-07-17T23:11:31.269+0530] {dagbag.py:588} INFO - Filling up the DagBag from /Users/bhavishyachallagolla/Desktop/RetailSense/.venv/lib/python3.12/site-packages/airflow/example_dags/tutorial_taskflow_api.py
[2026-07-17T23:11:31.280+0530] {processor.py:925} INFO - DAG(s) 'tutorial_taskflow_api' retrieved from /Users/bhavishyachallagolla/Desktop/RetailSense/.venv/lib/python3.12/site-packages/airflow/example_dags/tutorial_taskflow_api.py
[2026-07-17T23:11:31.304+0530] {logging_mixin.py:190} INFO - [2026-07-17T23:11:31.304+0530] {dag.py:3239} INFO - Sync 1 DAGs
[2026-07-17T23:11:31.306+0530] {logging_mixin.py:190} INFO - [2026-07-17T23:11:31.306+0530] {dag.py:4180} INFO - Setting next_dagrun for tutorial_taskflow_api to None, run_after=None
[2026-07-17T23:11:31.311+0530] {processor.py:208} INFO - Processing /Users/bhavishyachallagolla/Desktop/RetailSense/.venv/lib/python3.12/site-packages/airflow/example_dags/tutorial_taskflow_api.py took 0.044 seconds
[2026-07-17T23:12:20.710+0530] {processor.py:186} INFO - Started process (PID=96681) to work on /Users/bhavishyachallagolla/Desktop/RetailSense/.venv/lib/python3.12/site-packages/airflow/example_dags/tutorial_taskflow_api.py
[2026-07-17T23:12:20.710+0530] {processor.py:914} INFO - Processing file /Users/bhavishyachallagolla/Desktop/RetailSense/.venv/lib/python3.12/site-packages/airflow/example_dags/tutorial_taskflow_api.py for tasks to queue
[2026-07-17T23:12:20.711+0530] {logging_mixin.py:190} INFO - [2026-07-17T23:12:20.711+0530] {dagbag.py:588} INFO - Filling up the DagBag from /Users/bhavishyachallagolla/Desktop/RetailSense/.venv/lib/python3.12/site-packages/airflow/example_dags/tutorial_taskflow_api.py
[2026-07-17T23:12:20.724+0530] {processor.py:925} INFO - DAG(s) 'tutorial_taskflow_api' retrieved from /Users/bhavishyachallagolla/Desktop/RetailSense/.venv/lib/python3.12/site-packages/airflow/example_dags/tutorial_taskflow_api.py
[2026-07-17T23:12:20.751+0530] {logging_mixin.py:190} INFO - [2026-07-17T23:12:20.751+0530] {dag.py:3239} INFO - Sync 1 DAGs
[2026-07-17T23:12:20.754+0530] {logging_mixin.py:190} INFO - [2026-07-17T23:12:20.754+0530] {dag.py:4180} INFO - Setting next_dagrun for tutorial_taskflow_api to None, run_after=None
[2026-07-17T23:12:20.759+0530] {processor.py:208} INFO - Processing /Users/bhavishyachallagolla/Desktop/RetailSense/.venv/lib/python3.12/site-packages/airflow/example_dags/tutorial_taskflow_api.py took 0.050 seconds
[2026-07-17T23:13:08.837+0530] {processor.py:186} INFO - Started process (PID=96769) to work on /Users/bhavishyachallagolla/Desktop/RetailSense/.venv/lib/python3.12/site-packages/airflow/example_dags/tutorial_taskflow_api.py
[2026-07-17T23:13:08.837+0530] {processor.py:914} INFO - Processing file /Users/bhavishyachallagolla/Desktop/RetailSense/.venv/lib/python3.12/site-packages/airflow/example_dags/tutorial_taskflow_api.py for tasks to queue
[2026-07-17T23:13:08.838+0530] {logging_mixin.py:190} INFO - [2026-07-17T23:13:08.838+0530] {dagbag.py:588} INFO - Filling up the DagBag from /Users/bhavishyachallagolla/Desktop/RetailSense/.venv/lib/python3.12/site-packages/airflow/example_dags/tutorial_taskflow_api.py
[2026-07-17T23:13:08.849+0530] {processor.py:925} INFO - DAG(s) 'tutorial_taskflow_api' retrieved from /Users/bhavishyachallagolla/Desktop/RetailSense/.venv/lib/python3.12/site-packages/airflow/example_dags/tutorial_taskflow_api.py
[2026-07-17T23:13:08.874+0530] {logging_mixin.py:190} INFO - [2026-07-17T23:13:08.874+0530] {dag.py:3239} INFO - Sync 1 DAGs
[2026-07-17T23:13:08.876+0530] {logging_mixin.py:190} INFO - [2026-07-17T23:13:08.876+0530] {dag.py:4180} INFO - Setting next_dagrun for tutorial_taskflow_api to None, run_after=None
[2026-07-17T23:13:08.881+0530] {processor.py:208} INFO - Processing /Users/bhavishyachallagolla/Desktop/RetailSense/.venv/lib/python3.12/site-packages/airflow/example_dags/tutorial_taskflow_api.py took 0.045 seconds
[2026-07-17T23:13:59.377+0530] {processor.py:186} INFO - Started process (PID=96845) to work on /Users/bhavishyachallagolla/Desktop/RetailSense/.venv/lib/python3.12/site-packages/airflow/example_dags/tutorial_taskflow_api.py
[2026-07-17T23:13:59.377+0530] {processor.py:914} INFO - Processing file /Users/bhavishyachallagolla/Desktop/RetailSense/.venv/lib/python3.12/site-packages/airflow/example_dags/tutorial_taskflow_api.py for tasks to queue
[2026-07-17T23:13:59.377+0530] {logging_mixin.py:190} INFO - [2026-07-17T23:13:59.377+0530] {dagbag.py:588} INFO - Filling up the DagBag from /Users/bhavishyachallagolla/Desktop/RetailSense/.venv/lib/python3.12/site-packages/airflow/example_dags/tutorial_taskflow_api.py
[2026-07-17T23:13:59.389+0530] {processor.py:925} INFO - DAG(s) 'tutorial_taskflow_api' retrieved from /Users/bhavishyachallagolla/Desktop/RetailSense/.venv/lib/python3.12/site-packages/airflow/example_dags/tutorial_taskflow_api.py
[2026-07-17T23:13:59.413+0530] {logging_mixin.py:190} INFO - [2026-07-17T23:13:59.413+0530] {dag.py:3239} INFO - Sync 1 DAGs
[2026-07-17T23:13:59.416+0530] {logging_mixin.py:190} INFO - [2026-07-17T23:13:59.416+0530] {dag.py:4180} INFO - Setting next_dagrun for tutorial_taskflow_api to None, run_after=None
[2026-07-17T23:13:59.421+0530] {processor.py:208} INFO - Processing /Users/bhavishyachallagolla/Desktop/RetailSense/.venv/lib/python3.12/site-packages/airflow/example_dags/tutorial_taskflow_api.py took 0.045 seconds
[2026-07-17T23:14:51.008+0530] {processor.py:186} INFO - Started process (PID=96932) to work on /Users/bhavishyachallagolla/Desktop/RetailSense/.venv/lib/python3.12/site-packages/airflow/example_dags/tutorial_taskflow_api.py
[2026-07-17T23:14:51.008+0530] {processor.py:914} INFO - Processing file /Users/bhavishyachallagolla/Desktop/RetailSense/.venv/lib/python3.12/site-packages/airflow/example_dags/tutorial_taskflow_api.py for tasks to queue
[2026-07-17T23:14:51.008+0530] {logging_mixin.py:190} INFO - [2026-07-17T23:14:51.008+0530] {dagbag.py:588} INFO - Filling up the DagBag from /Users/bhavishyachallagolla/Desktop/RetailSense/.venv/lib/python3.12/site-packages/airflow/example_dags/tutorial_taskflow_api.py
[2026-07-17T23:14:51.020+0530] {processor.py:925} INFO - DAG(s) 'tutorial_taskflow_api' retrieved from /Users/bhavishyachallagolla/Desktop/RetailSense/.venv/lib/python3.12/site-packages/airflow/example_dags/tutorial_taskflow_api.py
[2026-07-17T23:14:51.044+0530] {logging_mixin.py:190} INFO - [2026-07-17T23:14:51.044+0530] {dag.py:3239} INFO - Sync 1 DAGs
[2026-07-17T23:14:51.046+0530] {logging_mixin.py:190} INFO - [2026-07-17T23:14:51.046+0530] {dag.py:4180} INFO - Setting next_dagrun for tutorial_taskflow_api to None, run_after=None
[2026-07-17T23:14:51.051+0530] {processor.py:208} INFO - Processing /Users/bhavishyachallagolla/Desktop/RetailSense/.venv/lib/python3.12/site-packages/airflow/example_dags/tutorial_taskflow_api.py took 0.044 seconds
[2026-07-17T23:15:43.097+0530] {processor.py:186} INFO - Started process (PID=97016) to work on /Users/bhavishyachallagolla/Desktop/RetailSense/.venv/lib/python3.12/site-packages/airflow/example_dags/tutorial_taskflow_api.py
[2026-07-17T23:15:43.097+0530] {processor.py:914} INFO - Processing file /Users/bhavishyachallagolla/Desktop/RetailSense/.venv/lib/python3.12/site-packages/airflow/example_dags/tutorial_taskflow_api.py for tasks to queue
[2026-07-17T23:15:43.097+0530] {logging_mixin.py:190} INFO - [2026-07-17T23:15:43.097+0530] {dagbag.py:588} INFO - Filling up the DagBag from /Users/bhavishyachallagolla/Desktop/RetailSense/.venv/lib/python3.12/site-packages/airflow/example_dags/tutorial_taskflow_api.py
[2026-07-17T23:15:43.109+0530] {processor.py:925} INFO - DAG(s) 'tutorial_taskflow_api' retrieved from /Users/bhavishyachallagolla/Desktop/RetailSense/.venv/lib/python3.12/site-packages/airflow/example_dags/tutorial_taskflow_api.py
[2026-07-17T23:15:43.134+0530] {logging_mixin.py:190} INFO - [2026-07-17T23:15:43.133+0530] {dag.py:3239} INFO - Sync 1 DAGs
[2026-07-17T23:15:43.136+0530] {logging_mixin.py:190} INFO - [2026-07-17T23:15:43.136+0530] {dag.py:4180} INFO - Setting next_dagrun for tutorial_taskflow_api to None, run_after=None
[2026-07-17T23:15:43.141+0530] {processor.py:208} INFO - Processing /Users/bhavishyachallagolla/Desktop/RetailSense/.venv/lib/python3.12/site-packages/airflow/example_dags/tutorial_taskflow_api.py took 0.046 seconds
[2026-07-17T23:16:34.179+0530] {processor.py:186} INFO - Started process (PID=97134) to work on /Users/bhavishyachallagolla/Desktop/RetailSense/.venv/lib/python3.12/site-packages/airflow/example_dags/tutorial_taskflow_api.py
[2026-07-17T23:16:34.179+0530] {processor.py:914} INFO - Processing file /Users/bhavishyachallagolla/Desktop/RetailSense/.venv/lib/python3.12/site-packages/airflow/example_dags/tutorial_taskflow_api.py for tasks to queue
[2026-07-17T23:16:34.179+0530] {logging_mixin.py:190} INFO - [2026-07-17T23:16:34.179+0530] {dagbag.py:588} INFO - Filling up the DagBag from /Users/bhavishyachallagolla/Desktop/RetailSense/.venv/lib/python3.12/site-packages/airflow/example_dags/tutorial_taskflow_api.py
[2026-07-17T23:16:34.191+0530] {processor.py:925} INFO - DAG(s) 'tutorial_taskflow_api' retrieved from /Users/bhavishyachallagolla/Desktop/RetailSense/.venv/lib/python3.12/site-packages/airflow/example_dags/tutorial_taskflow_api.py
[2026-07-17T23:16:34.215+0530] {logging_mixin.py:190} INFO - [2026-07-17T23:16:34.215+0530] {dag.py:3239} INFO - Sync 1 DAGs
[2026-07-17T23:16:34.218+0530] {logging_mixin.py:190} INFO - [2026-07-17T23:16:34.218+0530] {dag.py:4180} INFO - Setting next_dagrun for tutorial_taskflow_api to None, run_after=None
[2026-07-17T23:16:34.223+0530] {processor.py:208} INFO - Processing /Users/bhavishyachallagolla/Desktop/RetailSense/.venv/lib/python3.12/site-packages/airflow/example_dags/tutorial_taskflow_api.py took 0.045 seconds
[2026-07-17T23:17:25.684+0530] {processor.py:186} INFO - Started process (PID=97237) to work on /Users/bhavishyachallagolla/Desktop/RetailSense/.venv/lib/python3.12/site-packages/airflow/example_dags/tutorial_taskflow_api.py
[2026-07-17T23:17:25.684+0530] {processor.py:914} INFO - Processing file /Users/bhavishyachallagolla/Desktop/RetailSense/.venv/lib/python3.12/site-packages/airflow/example_dags/tutorial_taskflow_api.py for tasks to queue
[2026-07-17T23:17:25.685+0530] {logging_mixin.py:190} INFO - [2026-07-17T23:17:25.684+0530] {dagbag.py:588} INFO - Filling up the DagBag from /Users/bhavishyachallagolla/Desktop/RetailSense/.venv/lib/python3.12/site-packages/airflow/example_dags/tutorial_taskflow_api.py
[2026-07-17T23:17:25.696+0530] {processor.py:925} INFO - DAG(s) 'tutorial_taskflow_api' retrieved from /Users/bhavishyachallagolla/Desktop/RetailSense/.venv/lib/python3.12/site-packages/airflow/example_dags/tutorial_taskflow_api.py
[2026-07-17T23:17:25.720+0530] {logging_mixin.py:190} INFO - [2026-07-17T23:17:25.720+0530] {dag.py:3239} INFO - Sync 1 DAGs
[2026-07-17T23:17:25.723+0530] {logging_mixin.py:190} INFO - [2026-07-17T23:17:25.723+0530] {dag.py:4180} INFO - Setting next_dagrun for tutorial_taskflow_api to None, run_after=None
[2026-07-17T23:17:25.727+0530] {processor.py:208} INFO - Processing /Users/bhavishyachallagolla/Desktop/RetailSense/.venv/lib/python3.12/site-packages/airflow/example_dags/tutorial_taskflow_api.py took 0.044 seconds
[2026-07-17T23:18:15.854+0530] {processor.py:186} INFO - Started process (PID=97348) to work on /Users/bhavishyachallagolla/Desktop/RetailSense/.venv/lib/python3.12/site-packages/airflow/example_dags/tutorial_taskflow_api.py
[2026-07-17T23:18:15.855+0530] {processor.py:914} INFO - Processing file /Users/bhavishyachallagolla/Desktop/RetailSense/.venv/lib/python3.12/site-packages/airflow/example_dags/tutorial_taskflow_api.py for tasks to queue
[2026-07-17T23:18:15.855+0530] {logging_mixin.py:190} INFO - [2026-07-17T23:18:15.855+0530] {dagbag.py:588} INFO - Filling up the DagBag from /Users/bhavishyachallagolla/Desktop/RetailSense/.venv/lib/python3.12/site-packages/airflow/example_dags/tutorial_taskflow_api.py
[2026-07-17T23:18:15.866+0530] {processor.py:925} INFO - DAG(s) 'tutorial_taskflow_api' retrieved from /Users/bhavishyachallagolla/Desktop/RetailSense/.venv/lib/python3.12/site-packages/airflow/example_dags/tutorial_taskflow_api.py
[2026-07-17T23:18:15.890+0530] {logging_mixin.py:190} INFO - [2026-07-17T23:18:15.890+0530] {dag.py:3239} INFO - Sync 1 DAGs
[2026-07-17T23:18:15.893+0530] {logging_mixin.py:190} INFO - [2026-07-17T23:18:15.893+0530] {dag.py:4180} INFO - Setting next_dagrun for tutorial_taskflow_api to None, run_after=None
[2026-07-17T23:18:15.898+0530] {processor.py:208} INFO - Processing /Users/bhavishyachallagolla/Desktop/RetailSense/.venv/lib/python3.12/site-packages/airflow/example_dags/tutorial_taskflow_api.py took 0.045 seconds
[2026-07-17T23:19:07.858+0530] {processor.py:186} INFO - Started process (PID=97425) to work on /Users/bhavishyachallagolla/Desktop/RetailSense/.venv/lib/python3.12/site-packages/airflow/example_dags/tutorial_taskflow_api.py
[2026-07-17T23:19:07.859+0530] {processor.py:914} INFO - Processing file /Users/bhavishyachallagolla/Desktop/RetailSense/.venv/lib/python3.12/site-packages/airflow/example_dags/tutorial_taskflow_api.py for tasks to queue
[2026-07-17T23:19:07.859+0530] {logging_mixin.py:190} INFO - [2026-07-17T23:19:07.859+0530] {dagbag.py:588} INFO - Filling up the DagBag from /Users/bhavishyachallagolla/Desktop/RetailSense/.venv/lib/python3.12/site-packages/airflow/example_dags/tutorial_taskflow_api.py
[2026-07-17T23:19:07.871+0530] {processor.py:925} INFO - DAG(s) 'tutorial_taskflow_api' retrieved from /Users/bhavishyachallagolla/Desktop/RetailSense/.venv/lib/python3.12/site-packages/airflow/example_dags/tutorial_taskflow_api.py
[2026-07-17T23:19:07.896+0530] {logging_mixin.py:190} INFO - [2026-07-17T23:19:07.895+0530] {dag.py:3239} INFO - Sync 1 DAGs
[2026-07-17T23:19:07.898+0530] {logging_mixin.py:190} INFO - [2026-07-17T23:19:07.898+0530] {dag.py:4180} INFO - Setting next_dagrun for tutorial_taskflow_api to None, run_after=None
[2026-07-17T23:19:07.903+0530] {processor.py:208} INFO - Processing /Users/bhavishyachallagolla/Desktop/RetailSense/.venv/lib/python3.12/site-packages/airflow/example_dags/tutorial_taskflow_api.py took 0.046 seconds
[2026-07-17T23:19:58.409+0530] {processor.py:186} INFO - Started process (PID=97500) to work on /Users/bhavishyachallagolla/Desktop/RetailSense/.venv/lib/python3.12/site-packages/airflow/example_dags/tutorial_taskflow_api.py
[2026-07-17T23:19:58.410+0530] {processor.py:914} INFO - Processing file /Users/bhavishyachallagolla/Desktop/RetailSense/.venv/lib/python3.12/site-packages/airflow/example_dags/tutorial_taskflow_api.py for tasks to queue
[2026-07-17T23:19:58.410+0530] {logging_mixin.py:190} INFO - [2026-07-17T23:19:58.410+0530] {dagbag.py:588} INFO - Filling up the DagBag from /Users/bhavishyachallagolla/Desktop/RetailSense/.venv/lib/python3.12/site-packages/airflow/example_dags/tutorial_taskflow_api.py
[2026-07-17T23:19:58.422+0530] {processor.py:925} INFO - DAG(s) 'tutorial_taskflow_api' retrieved from /Users/bhavishyachallagolla/Desktop/RetailSense/.venv/lib/python3.12/site-packages/airflow/example_dags/tutorial_taskflow_api.py
[2026-07-17T23:19:58.446+0530] {logging_mixin.py:190} INFO - [2026-07-17T23:19:58.446+0530] {dag.py:3239} INFO - Sync 1 DAGs
[2026-07-17T23:19:58.449+0530] {logging_mixin.py:190} INFO - [2026-07-17T23:19:58.449+0530] {dag.py:4180} INFO - Setting next_dagrun for tutorial_taskflow_api to None, run_after=None
[2026-07-17T23:19:58.454+0530] {processor.py:208} INFO - Processing /Users/bhavishyachallagolla/Desktop/RetailSense/.venv/lib/python3.12/site-packages/airflow/example_dags/tutorial_taskflow_api.py took 0.046 seconds
[2026-07-17T23:20:48.822+0530] {processor.py:186} INFO - Started process (PID=97576) to work on /Users/bhavishyachallagolla/Desktop/RetailSense/.venv/lib/python3.12/site-packages/airflow/example_dags/tutorial_taskflow_api.py
[2026-07-17T23:20:48.823+0530] {processor.py:914} INFO - Processing file /Users/bhavishyachallagolla/Desktop/RetailSense/.venv/lib/python3.12/site-packages/airflow/example_dags/tutorial_taskflow_api.py for tasks to queue
[2026-07-17T23:20:48.823+0530] {logging_mixin.py:190} INFO - [2026-07-17T23:20:48.823+0530] {dagbag.py:588} INFO - Filling up the DagBag from /Users/bhavishyachallagolla/Desktop/RetailSense/.venv/lib/python3.12/site-packages/airflow/example_dags/tutorial_taskflow_api.py
[2026-07-17T23:20:48.834+0530] {processor.py:925} INFO - DAG(s) 'tutorial_taskflow_api' retrieved from /Users/bhavishyachallagolla/Desktop/RetailSense/.venv/lib/python3.12/site-packages/airflow/example_dags/tutorial_taskflow_api.py
[2026-07-17T23:20:48.858+0530] {logging_mixin.py:190} INFO - [2026-07-17T23:20:48.858+0530] {dag.py:3239} INFO - Sync 1 DAGs
[2026-07-17T23:20:48.861+0530] {logging_mixin.py:190} INFO - [2026-07-17T23:20:48.861+0530] {dag.py:4180} INFO - Setting next_dagrun for tutorial_taskflow_api to None, run_after=None
[2026-07-17T23:20:48.865+0530] {processor.py:208} INFO - Processing /Users/bhavishyachallagolla/Desktop/RetailSense/.venv/lib/python3.12/site-packages/airflow/example_dags/tutorial_taskflow_api.py took 0.044 seconds
[2026-07-17T23:21:39.418+0530] {processor.py:186} INFO - Started process (PID=97651) to work on /Users/bhavishyachallagolla/Desktop/RetailSense/.venv/lib/python3.12/site-packages/airflow/example_dags/tutorial_taskflow_api.py
[2026-07-17T23:21:39.419+0530] {processor.py:914} INFO - Processing file /Users/bhavishyachallagolla/Desktop/RetailSense/.venv/lib/python3.12/site-packages/airflow/example_dags/tutorial_taskflow_api.py for tasks to queue
[2026-07-17T23:21:39.419+0530] {logging_mixin.py:190} INFO - [2026-07-17T23:21:39.419+0530] {dagbag.py:588} INFO - Filling up the DagBag from /Users/bhavishyachallagolla/Desktop/RetailSense/.venv/lib/python3.12/site-packages/airflow/example_dags/tutorial_taskflow_api.py
[2026-07-17T23:21:39.431+0530] {processor.py:925} INFO - DAG(s) 'tutorial_taskflow_api' retrieved from /Users/bhavishyachallagolla/Desktop/RetailSense/.venv/lib/python3.12/site-packages/airflow/example_dags/tutorial_taskflow_api.py
[2026-07-17T23:21:39.454+0530] {logging_mixin.py:190} INFO - [2026-07-17T23:21:39.454+0530] {dag.py:3239} INFO - Sync 1 DAGs
[2026-07-17T23:21:39.457+0530] {logging_mixin.py:190} INFO - [2026-07-17T23:21:39.457+0530] {dag.py:4180} INFO - Setting next_dagrun for tutorial_taskflow_api to None, run_after=None
[2026-07-17T23:21:39.462+0530] {processor.py:208} INFO - Processing /Users/bhavishyachallagolla/Desktop/RetailSense/.venv/lib/python3.12/site-packages/airflow/example_dags/tutorial_taskflow_api.py took 0.044 seconds
[2026-07-17T23:22:30.003+0530] {processor.py:186} INFO - Started process (PID=97727) to work on /Users/bhavishyachallagolla/Desktop/RetailSense/.venv/lib/python3.12/site-packages/airflow/example_dags/tutorial_taskflow_api.py
[2026-07-17T23:22:30.003+0530] {processor.py:914} INFO - Processing file /Users/bhavishyachallagolla/Desktop/RetailSense/.venv/lib/python3.12/site-packages/airflow/example_dags/tutorial_taskflow_api.py for tasks to queue
[2026-07-17T23:22:30.004+0530] {logging_mixin.py:190} INFO - [2026-07-17T23:22:30.004+0530] {dagbag.py:588} INFO - Filling up the DagBag from /Users/bhavishyachallagolla/Desktop/RetailSense/.venv/lib/python3.12/site-packages/airflow/example_dags/tutorial_taskflow_api.py
[2026-07-17T23:22:30.015+0530] {processor.py:925} INFO - DAG(s) 'tutorial_taskflow_api' retrieved from /Users/bhavishyachallagolla/Desktop/RetailSense/.venv/lib/python3.12/site-packages/airflow/example_dags/tutorial_taskflow_api.py
[2026-07-17T23:22:30.039+0530] {logging_mixin.py:190} INFO - [2026-07-17T23:22:30.039+0530] {dag.py:3239} INFO - Sync 1 DAGs
[2026-07-17T23:22:30.041+0530] {logging_mixin.py:190} INFO - [2026-07-17T23:22:30.041+0530] {dag.py:4180} INFO - Setting next_dagrun for tutorial_taskflow_api to None, run_after=None
[2026-07-17T23:22:30.046+0530] {processor.py:208} INFO - Processing /Users/bhavishyachallagolla/Desktop/RetailSense/.venv/lib/python3.12/site-packages/airflow/example_dags/tutorial_taskflow_api.py took 0.044 seconds
[2026-07-17T23:23:20.499+0530] {processor.py:186} INFO - Started process (PID=97803) to work on /Users/bhavishyachallagolla/Desktop/RetailSense/.venv/lib/python3.12/site-packages/airflow/example_dags/tutorial_taskflow_api.py
[2026-07-17T23:23:20.499+0530] {processor.py:914} INFO - Processing file /Users/bhavishyachallagolla/Desktop/RetailSense/.venv/lib/python3.12/site-packages/airflow/example_dags/tutorial_taskflow_api.py for tasks to queue
[2026-07-17T23:23:20.500+0530] {logging_mixin.py:190} INFO - [2026-07-17T23:23:20.499+0530] {dagbag.py:588} INFO - Filling up the DagBag from /Users/bhavishyachallagolla/Desktop/RetailSense/.venv/lib/python3.12/site-packages/airflow/example_dags/tutorial_taskflow_api.py
[2026-07-17T23:23:20.511+0530] {processor.py:925} INFO - DAG(s) 'tutorial_taskflow_api' retrieved from /Users/bhavishyachallagolla/Desktop/RetailSense/.venv/lib/python3.12/site-packages/airflow/example_dags/tutorial_taskflow_api.py
[2026-07-17T23:23:20.534+0530] {logging_mixin.py:190} INFO - [2026-07-17T23:23:20.534+0530] {dag.py:3239} INFO - Sync 1 DAGs
[2026-07-17T23:23:20.537+0530] {logging_mixin.py:190} INFO - [2026-07-17T23:23:20.537+0530] {dag.py:4180} INFO - Setting next_dagrun for tutorial_taskflow_api to None, run_after=None
[2026-07-17T23:23:20.542+0530] {processor.py:208} INFO - Processing /Users/bhavishyachallagolla/Desktop/RetailSense/.venv/lib/python3.12/site-packages/airflow/example_dags/tutorial_taskflow_api.py took 0.044 seconds
[2026-07-17T23:24:09.982+0530] {processor.py:186} INFO - Started process (PID=97878) to work on /Users/bhavishyachallagolla/Desktop/RetailSense/.venv/lib/python3.12/site-packages/airflow/example_dags/tutorial_taskflow_api.py
[2026-07-17T23:24:09.982+0530] {processor.py:914} INFO - Processing file /Users/bhavishyachallagolla/Desktop/RetailSense/.venv/lib/python3.12/site-packages/airflow/example_dags/tutorial_taskflow_api.py for tasks to queue
[2026-07-17T23:24:09.983+0530] {logging_mixin.py:190} INFO - [2026-07-17T23:24:09.983+0530] {dagbag.py:588} INFO - Filling up the DagBag from /Users/bhavishyachallagolla/Desktop/RetailSense/.venv/lib/python3.12/site-packages/airflow/example_dags/tutorial_taskflow_api.py
[2026-07-17T23:24:09.994+0530] {processor.py:925} INFO - DAG(s) 'tutorial_taskflow_api' retrieved from /Users/bhavishyachallagolla/Desktop/RetailSense/.venv/lib/python3.12/site-packages/airflow/example_dags/tutorial_taskflow_api.py
[2026-07-17T23:24:10.018+0530] {logging_mixin.py:190} INFO - [2026-07-17T23:24:10.017+0530] {dag.py:3239} INFO - Sync 1 DAGs
[2026-07-17T23:24:10.020+0530] {logging_mixin.py:190} INFO - [2026-07-17T23:24:10.020+0530] {dag.py:4180} INFO - Setting next_dagrun for tutorial_taskflow_api to None, run_after=None
[2026-07-17T23:24:10.025+0530] {processor.py:208} INFO - Processing /Users/bhavishyachallagolla/Desktop/RetailSense/.venv/lib/python3.12/site-packages/airflow/example_dags/tutorial_taskflow_api.py took 0.044 seconds
[2026-07-17T23:25:00.732+0530] {processor.py:186} INFO - Started process (PID=97954) to work on /Users/bhavishyachallagolla/Desktop/RetailSense/.venv/lib/python3.12/site-packages/airflow/example_dags/tutorial_taskflow_api.py
[2026-07-17T23:25:00.733+0530] {processor.py:914} INFO - Processing file /Users/bhavishyachallagolla/Desktop/RetailSense/.venv/lib/python3.12/site-packages/airflow/example_dags/tutorial_taskflow_api.py for tasks to queue
[2026-07-17T23:25:00.733+0530] {logging_mixin.py:190} INFO - [2026-07-17T23:25:00.733+0530] {dagbag.py:588} INFO - Filling up the DagBag from /Users/bhavishyachallagolla/Desktop/RetailSense/.venv/lib/python3.12/site-packages/airflow/example_dags/tutorial_taskflow_api.py
[2026-07-17T23:25:00.745+0530] {processor.py:925} INFO - DAG(s) 'tutorial_taskflow_api' retrieved from /Users/bhavishyachallagolla/Desktop/RetailSense/.venv/lib/python3.12/site-packages/airflow/example_dags/tutorial_taskflow_api.py
[2026-07-17T23:25:00.769+0530] {logging_mixin.py:190} INFO - [2026-07-17T23:25:00.769+0530] {dag.py:3239} INFO - Sync 1 DAGs
[2026-07-17T23:25:00.772+0530] {logging_mixin.py:190} INFO - [2026-07-17T23:25:00.772+0530] {dag.py:4180} INFO - Setting next_dagrun for tutorial_taskflow_api to None, run_after=None
[2026-07-17T23:25:00.777+0530] {processor.py:208} INFO - Processing /Users/bhavishyachallagolla/Desktop/RetailSense/.venv/lib/python3.12/site-packages/airflow/example_dags/tutorial_taskflow_api.py took 0.046 seconds
[2026-07-17T23:25:51.103+0530] {processor.py:186} INFO - Started process (PID=98029) to work on /Users/bhavishyachallagolla/Desktop/RetailSense/.venv/lib/python3.12/site-packages/airflow/example_dags/tutorial_taskflow_api.py
[2026-07-17T23:25:51.103+0530] {processor.py:914} INFO - Processing file /Users/bhavishyachallagolla/Desktop/RetailSense/.venv/lib/python3.12/site-packages/airflow/example_dags/tutorial_taskflow_api.py for tasks to queue
[2026-07-17T23:25:51.103+0530] {logging_mixin.py:190} INFO - [2026-07-17T23:25:51.103+0530] {dagbag.py:588} INFO - Filling up the DagBag from /Users/bhavishyachallagolla/Desktop/RetailSense/.venv/lib/python3.12/site-packages/airflow/example_dags/tutorial_taskflow_api.py
[2026-07-17T23:25:51.115+0530] {processor.py:925} INFO - DAG(s) 'tutorial_taskflow_api' retrieved from /Users/bhavishyachallagolla/Desktop/RetailSense/.venv/lib/python3.12/site-packages/airflow/example_dags/tutorial_taskflow_api.py
[2026-07-17T23:25:51.138+0530] {logging_mixin.py:190} INFO - [2026-07-17T23:25:51.138+0530] {dag.py:3239} INFO - Sync 1 DAGs
[2026-07-17T23:25:51.141+0530] {logging_mixin.py:190} INFO - [2026-07-17T23:25:51.141+0530] {dag.py:4180} INFO - Setting next_dagrun for tutorial_taskflow_api to None, run_after=None
[2026-07-17T23:25:51.146+0530] {processor.py:208} INFO - Processing /Users/bhavishyachallagolla/Desktop/RetailSense/.venv/lib/python3.12/site-packages/airflow/example_dags/tutorial_taskflow_api.py took 0.044 seconds
[2026-07-17T23:26:41.802+0530] {processor.py:186} INFO - Started process (PID=98104) to work on /Users/bhavishyachallagolla/Desktop/RetailSense/.venv/lib/python3.12/site-packages/airflow/example_dags/tutorial_taskflow_api.py
[2026-07-17T23:26:41.803+0530] {processor.py:914} INFO - Processing file /Users/bhavishyachallagolla/Desktop/RetailSense/.venv/lib/python3.12/site-packages/airflow/example_dags/tutorial_taskflow_api.py for tasks to queue
[2026-07-17T23:26:41.803+0530] {logging_mixin.py:190} INFO - [2026-07-17T23:26:41.803+0530] {dagbag.py:588} INFO - Filling up the DagBag from /Users/bhavishyachallagolla/Desktop/RetailSense/.venv/lib/python3.12/site-packages/airflow/example_dags/tutorial_taskflow_api.py
[2026-07-17T23:26:41.816+0530] {processor.py:925} INFO - DAG(s) 'tutorial_taskflow_api' retrieved from /Users/bhavishyachallagolla/Desktop/RetailSense/.venv/lib/python3.12/site-packages/airflow/example_dags/tutorial_taskflow_api.py
[2026-07-17T23:26:41.841+0530] {logging_mixin.py:190} INFO - [2026-07-17T23:26:41.841+0530] {dag.py:3239} INFO - Sync 1 DAGs
[2026-07-17T23:26:41.844+0530] {logging_mixin.py:190} INFO - [2026-07-17T23:26:41.844+0530] {dag.py:4180} INFO - Setting next_dagrun for tutorial_taskflow_api to None, run_after=None
[2026-07-17T23:26:41.850+0530] {processor.py:208} INFO - Processing /Users/bhavishyachallagolla/Desktop/RetailSense/.venv/lib/python3.12/site-packages/airflow/example_dags/tutorial_taskflow_api.py took 0.048 seconds
[2026-07-17T23:27:35.505+0530] {processor.py:186} INFO - Started process (PID=98189) to work on /Users/bhavishyachallagolla/Desktop/RetailSense/.venv/lib/python3.12/site-packages/airflow/example_dags/tutorial_taskflow_api.py
[2026-07-17T23:27:35.506+0530] {processor.py:914} INFO - Processing file /Users/bhavishyachallagolla/Desktop/RetailSense/.venv/lib/python3.12/site-packages/airflow/example_dags/tutorial_taskflow_api.py for tasks to queue
[2026-07-17T23:27:35.506+0530] {logging_mixin.py:190} INFO - [2026-07-17T23:27:35.506+0530] {dagbag.py:588} INFO - Filling up the DagBag from /Users/bhavishyachallagolla/Desktop/RetailSense/.venv/lib/python3.12/site-packages/airflow/example_dags/tutorial_taskflow_api.py
[2026-07-17T23:27:35.518+0530] {processor.py:925} INFO - DAG(s) 'tutorial_taskflow_api' retrieved from /Users/bhavishyachallagolla/Desktop/RetailSense/.venv/lib/python3.12/site-packages/airflow/example_dags/tutorial_taskflow_api.py
[2026-07-17T23:27:35.542+0530] {logging_mixin.py:190} INFO - [2026-07-17T23:27:35.541+0530] {dag.py:3239} INFO - Sync 1 DAGs
[2026-07-17T23:27:35.544+0530] {logging_mixin.py:190} INFO - [2026-07-17T23:27:35.544+0530] {dag.py:4180} INFO - Setting next_dagrun for tutorial_taskflow_api to None, run_after=None
[2026-07-17T23:27:35.549+0530] {processor.py:208} INFO - Processing /Users/bhavishyachallagolla/Desktop/RetailSense/.venv/lib/python3.12/site-packages/airflow/example_dags/tutorial_taskflow_api.py took 0.045 seconds
[2026-07-17T23:28:27.069+0530] {processor.py:186} INFO - Started process (PID=98269) to work on /Users/bhavishyachallagolla/Desktop/RetailSense/.venv/lib/python3.12/site-packages/airflow/example_dags/tutorial_taskflow_api.py
[2026-07-17T23:28:27.070+0530] {processor.py:914} INFO - Processing file /Users/bhavishyachallagolla/Desktop/RetailSense/.venv/lib/python3.12/site-packages/airflow/example_dags/tutorial_taskflow_api.py for tasks to queue
[2026-07-17T23:28:27.070+0530] {logging_mixin.py:190} INFO - [2026-07-17T23:28:27.070+0530] {dagbag.py:588} INFO - Filling up the DagBag from /Users/bhavishyachallagolla/Desktop/RetailSense/.venv/lib/python3.12/site-packages/airflow/example_dags/tutorial_taskflow_api.py
[2026-07-17T23:28:27.082+0530] {processor.py:925} INFO - DAG(s) 'tutorial_taskflow_api' retrieved from /Users/bhavishyachallagolla/Desktop/RetailSense/.venv/lib/python3.12/site-packages/airflow/example_dags/tutorial_taskflow_api.py
[2026-07-17T23:28:27.106+0530] {logging_mixin.py:190} INFO - [2026-07-17T23:28:27.105+0530] {dag.py:3239} INFO - Sync 1 DAGs
[2026-07-17T23:28:27.108+0530] {logging_mixin.py:190} INFO - [2026-07-17T23:28:27.108+0530] {dag.py:4180} INFO - Setting next_dagrun for tutorial_taskflow_api to None, run_after=None
[2026-07-17T23:28:27.113+0530] {processor.py:208} INFO - Processing /Users/bhavishyachallagolla/Desktop/RetailSense/.venv/lib/python3.12/site-packages/airflow/example_dags/tutorial_taskflow_api.py took 0.045 seconds
[2026-07-17T23:29:17.694+0530] {processor.py:186} INFO - Started process (PID=98343) to work on /Users/bhavishyachallagolla/Desktop/RetailSense/.venv/lib/python3.12/site-packages/airflow/example_dags/tutorial_taskflow_api.py
[2026-07-17T23:29:17.696+0530] {processor.py:914} INFO - Processing file /Users/bhavishyachallagolla/Desktop/RetailSense/.venv/lib/python3.12/site-packages/airflow/example_dags/tutorial_taskflow_api.py for tasks to queue
[2026-07-17T23:29:17.696+0530] {logging_mixin.py:190} INFO - [2026-07-17T23:29:17.696+0530] {dagbag.py:588} INFO - Filling up the DagBag from /Users/bhavishyachallagolla/Desktop/RetailSense/.venv/lib/python3.12/site-packages/airflow/example_dags/tutorial_taskflow_api.py
[2026-07-17T23:29:17.707+0530] {processor.py:925} INFO - DAG(s) 'tutorial_taskflow_api' retrieved from /Users/bhavishyachallagolla/Desktop/RetailSense/.venv/lib/python3.12/site-packages/airflow/example_dags/tutorial_taskflow_api.py
[2026-07-17T23:29:17.731+0530] {logging_mixin.py:190} INFO - [2026-07-17T23:29:17.731+0530] {dag.py:3239} INFO - Sync 1 DAGs
[2026-07-17T23:29:17.734+0530] {logging_mixin.py:190} INFO - [2026-07-17T23:29:17.734+0530] {dag.py:4180} INFO - Setting next_dagrun for tutorial_taskflow_api to None, run_after=None
[2026-07-17T23:29:17.739+0530] {processor.py:208} INFO - Processing /Users/bhavishyachallagolla/Desktop/RetailSense/.venv/lib/python3.12/site-packages/airflow/example_dags/tutorial_taskflow_api.py took 0.045 seconds
[2026-07-17T23:30:08.269+0530] {processor.py:186} INFO - Started process (PID=98445) to work on /Users/bhavishyachallagolla/Desktop/RetailSense/.venv/lib/python3.12/site-packages/airflow/example_dags/tutorial_taskflow_api.py
[2026-07-17T23:30:08.270+0530] {processor.py:914} INFO - Processing file /Users/bhavishyachallagolla/Desktop/RetailSense/.venv/lib/python3.12/site-packages/airflow/example_dags/tutorial_taskflow_api.py for tasks to queue
[2026-07-17T23:30:08.270+0530] {logging_mixin.py:190} INFO - [2026-07-17T23:30:08.270+0530] {dagbag.py:588} INFO - Filling up the DagBag from /Users/bhavishyachallagolla/Desktop/RetailSense/.venv/lib/python3.12/site-packages/airflow/example_dags/tutorial_taskflow_api.py
[2026-07-17T23:30:08.283+0530] {processor.py:925} INFO - DAG(s) 'tutorial_taskflow_api' retrieved from /Users/bhavishyachallagolla/Desktop/RetailSense/.venv/lib/python3.12/site-packages/airflow/example_dags/tutorial_taskflow_api.py
[2026-07-17T23:30:08.309+0530] {logging_mixin.py:190} INFO - [2026-07-17T23:30:08.309+0530] {dag.py:3239} INFO - Sync 1 DAGs
[2026-07-17T23:30:08.312+0530] {logging_mixin.py:190} INFO - [2026-07-17T23:30:08.312+0530] {dag.py:4180} INFO - Setting next_dagrun for tutorial_taskflow_api to None, run_after=None
[2026-07-17T23:30:08.317+0530] {processor.py:208} INFO - Processing /Users/bhavishyachallagolla/Desktop/RetailSense/.venv/lib/python3.12/site-packages/airflow/example_dags/tutorial_taskflow_api.py took 0.049 seconds
[2026-07-17T23:31:01.861+0530] {processor.py:186} INFO - Started process (PID=98545) to work on /Users/bhavishyachallagolla/Desktop/RetailSense/.venv/lib/python3.12/site-packages/airflow/example_dags/tutorial_taskflow_api.py
[2026-07-17T23:31:01.861+0530] {processor.py:914} INFO - Processing file /Users/bhavishyachallagolla/Desktop/RetailSense/.venv/lib/python3.12/site-packages/airflow/example_dags/tutorial_taskflow_api.py for tasks to queue
[2026-07-17T23:31:01.862+0530] {logging_mixin.py:190} INFO - [2026-07-17T23:31:01.862+0530] {dagbag.py:588} INFO - Filling up the DagBag from /Users/bhavishyachallagolla/Desktop/RetailSense/.venv/lib/python3.12/site-packages/airflow/example_dags/tutorial_taskflow_api.py
[2026-07-17T23:31:01.874+0530] {processor.py:925} INFO - DAG(s) 'tutorial_taskflow_api' retrieved from /Users/bhavishyachallagolla/Desktop/RetailSense/.venv/lib/python3.12/site-packages/airflow/example_dags/tutorial_taskflow_api.py
[2026-07-17T23:31:01.902+0530] {logging_mixin.py:190} INFO - [2026-07-17T23:31:01.901+0530] {dag.py:3239} INFO - Sync 1 DAGs
[2026-07-17T23:31:01.905+0530] {logging_mixin.py:190} INFO - [2026-07-17T23:31:01.904+0530] {dag.py:4180} INFO - Setting next_dagrun for tutorial_taskflow_api to None, run_after=None
[2026-07-17T23:31:01.910+0530] {processor.py:208} INFO - Processing /Users/bhavishyachallagolla/Desktop/RetailSense/.venv/lib/python3.12/site-packages/airflow/example_dags/tutorial_taskflow_api.py took 0.050 seconds
[2026-07-17T23:31:54.802+0530] {processor.py:186} INFO - Started process (PID=98621) to work on /Users/bhavishyachallagolla/Desktop/RetailSense/.venv/lib/python3.12/site-packages/airflow/example_dags/tutorial_taskflow_api.py
[2026-07-17T23:31:54.803+0530] {processor.py:914} INFO - Processing file /Users/bhavishyachallagolla/Desktop/RetailSense/.venv/lib/python3.12/site-packages/airflow/example_dags/tutorial_taskflow_api.py for tasks to queue
[2026-07-17T23:31:54.803+0530] {logging_mixin.py:190} INFO - [2026-07-17T23:31:54.803+0530] {dagbag.py:588} INFO - Filling up the DagBag from /Users/bhavishyachallagolla/Desktop/RetailSense/.venv/lib/python3.12/site-packages/airflow/example_dags/tutorial_taskflow_api.py
[2026-07-17T23:31:54.815+0530] {processor.py:925} INFO - DAG(s) 'tutorial_taskflow_api' retrieved from /Users/bhavishyachallagolla/Desktop/RetailSense/.venv/lib/python3.12/site-packages/airflow/example_dags/tutorial_taskflow_api.py
[2026-07-17T23:31:54.840+0530] {logging_mixin.py:190} INFO - [2026-07-17T23:31:54.839+0530] {dag.py:3239} INFO - Sync 1 DAGs
[2026-07-17T23:31:54.842+0530] {logging_mixin.py:190} INFO - [2026-07-17T23:31:54.842+0530] {dag.py:4180} INFO - Setting next_dagrun for tutorial_taskflow_api to None, run_after=None
[2026-07-17T23:31:54.847+0530] {processor.py:208} INFO - Processing /Users/bhavishyachallagolla/Desktop/RetailSense/.venv/lib/python3.12/site-packages/airflow/example_dags/tutorial_taskflow_api.py took 0.045 seconds
[2026-07-17T23:32:49.215+0530] {processor.py:186} INFO - Started process (PID=98709) to work on /Users/bhavishyachallagolla/Desktop/RetailSense/.venv/lib/python3.12/site-packages/airflow/example_dags/tutorial_taskflow_api.py
[2026-07-17T23:32:49.216+0530] {processor.py:914} INFO - Processing file /Users/bhavishyachallagolla/Desktop/RetailSense/.venv/lib/python3.12/site-packages/airflow/example_dags/tutorial_taskflow_api.py for tasks to queue
[2026-07-17T23:32:49.216+0530] {logging_mixin.py:190} INFO - [2026-07-17T23:32:49.216+0530] {dagbag.py:588} INFO - Filling up the DagBag from /Users/bhavishyachallagolla/Desktop/RetailSense/.venv/lib/python3.12/site-packages/airflow/example_dags/tutorial_taskflow_api.py
[2026-07-17T23:32:49.229+0530] {processor.py:925} INFO - DAG(s) 'tutorial_taskflow_api' retrieved from /Users/bhavishyachallagolla/Desktop/RetailSense/.venv/lib/python3.12/site-packages/airflow/example_dags/tutorial_taskflow_api.py
[2026-07-17T23:32:49.254+0530] {logging_mixin.py:190} INFO - [2026-07-17T23:32:49.254+0530] {dag.py:3239} INFO - Sync 1 DAGs
[2026-07-17T23:32:49.257+0530] {logging_mixin.py:190} INFO - [2026-07-17T23:32:49.257+0530] {dag.py:4180} INFO - Setting next_dagrun for tutorial_taskflow_api to None, run_after=None
[2026-07-17T23:32:49.262+0530] {processor.py:208} INFO - Processing /Users/bhavishyachallagolla/Desktop/RetailSense/.venv/lib/python3.12/site-packages/airflow/example_dags/tutorial_taskflow_api.py took 0.048 seconds
[2026-07-17T23:33:43.530+0530] {processor.py:186} INFO - Started process (PID=98791) to work on /Users/bhavishyachallagolla/Desktop/RetailSense/.venv/lib/python3.12/site-packages/airflow/example_dags/tutorial_taskflow_api.py
[2026-07-17T23:33:43.530+0530] {processor.py:914} INFO - Processing file /Users/bhavishyachallagolla/Desktop/RetailSense/.venv/lib/python3.12/site-packages/airflow/example_dags/tutorial_taskflow_api.py for tasks to queue
[2026-07-17T23:33:43.530+0530] {logging_mixin.py:190} INFO - [2026-07-17T23:33:43.530+0530] {dagbag.py:588} INFO - Filling up the DagBag from /Users/bhavishyachallagolla/Desktop/RetailSense/.venv/lib/python3.12/site-packages/airflow/example_dags/tutorial_taskflow_api.py
[2026-07-17T23:33:43.542+0530] {processor.py:925} INFO - DAG(s) 'tutorial_taskflow_api' retrieved from /Users/bhavishyachallagolla/Desktop/RetailSense/.venv/lib/python3.12/site-packages/airflow/example_dags/tutorial_taskflow_api.py
[2026-07-17T23:33:43.566+0530] {logging_mixin.py:190} INFO - [2026-07-17T23:33:43.566+0530] {dag.py:3239} INFO - Sync 1 DAGs
[2026-07-17T23:33:43.568+0530] {logging_mixin.py:190} INFO - [2026-07-17T23:33:43.568+0530] {dag.py:4180} INFO - Setting next_dagrun for tutorial_taskflow_api to None, run_after=None
[2026-07-17T23:33:43.573+0530] {processor.py:208} INFO - Processing /Users/bhavishyachallagolla/Desktop/RetailSense/.venv/lib/python3.12/site-packages/airflow/example_dags/tutorial_taskflow_api.py took 0.044 seconds
[2026-07-17T23:34:36.549+0530] {processor.py:186} INFO - Started process (PID=98881) to work on /Users/bhavishyachallagolla/Desktop/RetailSense/.venv/lib/python3.12/site-packages/airflow/example_dags/tutorial_taskflow_api.py
[2026-07-17T23:34:36.549+0530] {processor.py:914} INFO - Processing file /Users/bhavishyachallagolla/Desktop/RetailSense/.venv/lib/python3.12/site-packages/airflow/example_dags/tutorial_taskflow_api.py for tasks to queue
[2026-07-17T23:34:36.549+0530] {logging_mixin.py:190} INFO - [2026-07-17T23:34:36.549+0530] {dagbag.py:588} INFO - Filling up the DagBag from /Users/bhavishyachallagolla/Desktop/RetailSense/.venv/lib/python3.12/site-packages/airflow/example_dags/tutorial_taskflow_api.py
[2026-07-17T23:34:36.561+0530] {processor.py:925} INFO - DAG(s) 'tutorial_taskflow_api' retrieved from /Users/bhavishyachallagolla/Desktop/RetailSense/.venv/lib/python3.12/site-packages/airflow/example_dags/tutorial_taskflow_api.py
[2026-07-17T23:34:36.585+0530] {logging_mixin.py:190} INFO - [2026-07-17T23:34:36.585+0530] {dag.py:3239} INFO - Sync 1 DAGs
[2026-07-17T23:34:36.588+0530] {logging_mixin.py:190} INFO - [2026-07-17T23:34:36.588+0530] {dag.py:4180} INFO - Setting next_dagrun for tutorial_taskflow_api to None, run_after=None
[2026-07-17T23:34:36.593+0530] {processor.py:208} INFO - Processing /Users/bhavishyachallagolla/Desktop/RetailSense/.venv/lib/python3.12/site-packages/airflow/example_dags/tutorial_taskflow_api.py took 0.046 seconds
[2026-07-17T23:35:27.395+0530] {processor.py:186} INFO - Started process (PID=98958) to work on /Users/bhavishyachallagolla/Desktop/RetailSense/.venv/lib/python3.12/site-packages/airflow/example_dags/tutorial_taskflow_api.py
[2026-07-17T23:35:27.396+0530] {processor.py:914} INFO - Processing file /Users/bhavishyachallagolla/Desktop/RetailSense/.venv/lib/python3.12/site-packages/airflow/example_dags/tutorial_taskflow_api.py for tasks to queue
[2026-07-17T23:35:27.396+0530] {logging_mixin.py:190} INFO - [2026-07-17T23:35:27.396+0530] {dagbag.py:588} INFO - Filling up the DagBag from /Users/bhavishyachallagolla/Desktop/RetailSense/.venv/lib/python3.12/site-packages/airflow/example_dags/tutorial_taskflow_api.py
[2026-07-17T23:35:27.407+0530] {processor.py:925} INFO - DAG(s) 'tutorial_taskflow_api' retrieved from /Users/bhavishyachallagolla/Desktop/RetailSense/.venv/lib/python3.12/site-packages/airflow/example_dags/tutorial_taskflow_api.py
[2026-07-17T23:35:27.431+0530] {logging_mixin.py:190} INFO - [2026-07-17T23:35:27.431+0530] {dag.py:3239} INFO - Sync 1 DAGs
[2026-07-17T23:35:27.434+0530] {logging_mixin.py:190} INFO - [2026-07-17T23:35:27.434+0530] {dag.py:4180} INFO - Setting next_dagrun for tutorial_taskflow_api to None, run_after=None
[2026-07-17T23:35:27.439+0530] {processor.py:208} INFO - Processing /Users/bhavishyachallagolla/Desktop/RetailSense/.venv/lib/python3.12/site-packages/airflow/example_dags/tutorial_taskflow_api.py took 0.045 seconds
[2026-07-17T23:36:19.298+0530] {processor.py:186} INFO - Started process (PID=99036) to work on /Users/bhavishyachallagolla/Desktop/RetailSense/.venv/lib/python3.12/site-packages/airflow/example_dags/tutorial_taskflow_api.py
[2026-07-17T23:36:19.298+0530] {processor.py:914} INFO - Processing file /Users/bhavishyachallagolla/Desktop/RetailSense/.venv/lib/python3.12/site-packages/airflow/example_dags/tutorial_taskflow_api.py for tasks to queue
[2026-07-17T23:36:19.298+0530] {logging_mixin.py:190} INFO - [2026-07-17T23:36:19.298+0530] {dagbag.py:588} INFO - Filling up the DagBag from /Users/bhavishyachallagolla/Desktop/RetailSense/.venv/lib/python3.12/site-packages/airflow/example_dags/tutorial_taskflow_api.py
[2026-07-17T23:36:19.310+0530] {processor.py:925} INFO - DAG(s) 'tutorial_taskflow_api' retrieved from /Users/bhavishyachallagolla/Desktop/RetailSense/.venv/lib/python3.12/site-packages/airflow/example_dags/tutorial_taskflow_api.py
[2026-07-17T23:36:19.334+0530] {logging_mixin.py:190} INFO - [2026-07-17T23:36:19.334+0530] {dag.py:3239} INFO - Sync 1 DAGs
[2026-07-17T23:36:19.336+0530] {logging_mixin.py:190} INFO - [2026-07-17T23:36:19.336+0530] {dag.py:4180} INFO - Setting next_dagrun for tutorial_taskflow_api to None, run_after=None
[2026-07-17T23:36:19.341+0530] {processor.py:208} INFO - Processing /Users/bhavishyachallagolla/Desktop/RetailSense/.venv/lib/python3.12/site-packages/airflow/example_dags/tutorial_taskflow_api.py took 0.045 seconds
[2026-07-17T23:37:09.671+0530] {processor.py:186} INFO - Started process (PID=99111) to work on /Users/bhavishyachallagolla/Desktop/RetailSense/.venv/lib/python3.12/site-packages/airflow/example_dags/tutorial_taskflow_api.py
[2026-07-17T23:37:09.672+0530] {processor.py:914} INFO - Processing file /Users/bhavishyachallagolla/Desktop/RetailSense/.venv/lib/python3.12/site-packages/airflow/example_dags/tutorial_taskflow_api.py for tasks to queue
[2026-07-17T23:37:09.672+0530] {logging_mixin.py:190} INFO - [2026-07-17T23:37:09.672+0530] {dagbag.py:588} INFO - Filling up the DagBag from /Users/bhavishyachallagolla/Desktop/RetailSense/.venv/lib/python3.12/site-packages/airflow/example_dags/tutorial_taskflow_api.py
[2026-07-17T23:37:09.684+0530] {processor.py:925} INFO - DAG(s) 'tutorial_taskflow_api' retrieved from /Users/bhavishyachallagolla/Desktop/RetailSense/.venv/lib/python3.12/site-packages/airflow/example_dags/tutorial_taskflow_api.py
[2026-07-17T23:37:09.709+0530] {logging_mixin.py:190} INFO - [2026-07-17T23:37:09.709+0530] {dag.py:3239} INFO - Sync 1 DAGs
[2026-07-17T23:37:09.712+0530] {logging_mixin.py:190} INFO - [2026-07-17T23:37:09.712+0530] {dag.py:4180} INFO - Setting next_dagrun for tutorial_taskflow_api to None, run_after=None
[2026-07-17T23:37:09.716+0530] {processor.py:208} INFO - Processing /Users/bhavishyachallagolla/Desktop/RetailSense/.venv/lib/python3.12/site-packages/airflow/example_dags/tutorial_taskflow_api.py took 0.046 seconds
[2026-07-17T23:38:00.037+0530] {processor.py:186} INFO - Started process (PID=99188) to work on /Users/bhavishyachallagolla/Desktop/RetailSense/.venv/lib/python3.12/site-packages/airflow/example_dags/tutorial_taskflow_api.py
[2026-07-17T23:38:00.037+0530] {processor.py:914} INFO - Processing file /Users/bhavishyachallagolla/Desktop/RetailSense/.venv/lib/python3.12/site-packages/airflow/example_dags/tutorial_taskflow_api.py for tasks to queue
[2026-07-17T23:38:00.038+0530] {logging_mixin.py:190} INFO - [2026-07-17T23:38:00.038+0530] {dagbag.py:588} INFO - Filling up the DagBag from /Users/bhavishyachallagolla/Desktop/RetailSense/.venv/lib/python3.12/site-packages/airflow/example_dags/tutorial_taskflow_api.py
[2026-07-17T23:38:00.049+0530] {processor.py:925} INFO - DAG(s) 'tutorial_taskflow_api' retrieved from /Users/bhavishyachallagolla/Desktop/RetailSense/.venv/lib/python3.12/site-packages/airflow/example_dags/tutorial_taskflow_api.py
[2026-07-17T23:38:00.073+0530] {logging_mixin.py:190} INFO - [2026-07-17T23:38:00.073+0530] {dag.py:3239} INFO - Sync 1 DAGs
[2026-07-17T23:38:00.076+0530] {logging_mixin.py:190} INFO - [2026-07-17T23:38:00.076+0530] {dag.py:4180} INFO - Setting next_dagrun for tutorial_taskflow_api to None, run_after=None
[2026-07-17T23:38:00.081+0530] {processor.py:208} INFO - Processing /Users/bhavishyachallagolla/Desktop/RetailSense/.venv/lib/python3.12/site-packages/airflow/example_dags/tutorial_taskflow_api.py took 0.045 seconds
[2026-07-17T23:38:52.407+0530] {processor.py:186} INFO - Started process (PID=99273) to work on /Users/bhavishyachallagolla/Desktop/RetailSense/.venv/lib/python3.12/site-packages/airflow/example_dags/tutorial_taskflow_api.py
[2026-07-17T23:38:52.407+0530] {processor.py:914} INFO - Processing file /Users/bhavishyachallagolla/Desktop/RetailSense/.venv/lib/python3.12/site-packages/airflow/example_dags/tutorial_taskflow_api.py for tasks to queue
[2026-07-17T23:38:52.407+0530] {logging_mixin.py:190} INFO - [2026-07-17T23:38:52.407+0530] {dagbag.py:588} INFO - Filling up the DagBag from /Users/bhavishyachallagolla/Desktop/RetailSense/.venv/lib/python3.12/site-packages/airflow/example_dags/tutorial_taskflow_api.py
[2026-07-17T23:38:52.420+0530] {processor.py:925} INFO - DAG(s) 'tutorial_taskflow_api' retrieved from /Users/bhavishyachallagolla/Desktop/RetailSense/.venv/lib/python3.12/site-packages/airflow/example_dags/tutorial_taskflow_api.py
[2026-07-17T23:38:52.444+0530] {logging_mixin.py:190} INFO - [2026-07-17T23:38:52.444+0530] {dag.py:3239} INFO - Sync 1 DAGs
[2026-07-17T23:38:52.447+0530] {logging_mixin.py:190} INFO - [2026-07-17T23:38:52.447+0530] {dag.py:4180} INFO - Setting next_dagrun for tutorial_taskflow_api to None, run_after=None
[2026-07-17T23:38:52.451+0530] {processor.py:208} INFO - Processing /Users/bhavishyachallagolla/Desktop/RetailSense/.venv/lib/python3.12/site-packages/airflow/example_dags/tutorial_taskflow_api.py took 0.046 seconds
[2026-07-17T23:39:42.790+0530] {processor.py:186} INFO - Started process (PID=99348) to work on /Users/bhavishyachallagolla/Desktop/RetailSense/.venv/lib/python3.12/site-packages/airflow/example_dags/tutorial_taskflow_api.py
[2026-07-17T23:39:42.790+0530] {processor.py:914} INFO - Processing file /Users/bhavishyachallagolla/Desktop/RetailSense/.venv/lib/python3.12/site-packages/airflow/example_dags/tutorial_taskflow_api.py for tasks to queue
[2026-07-17T23:39:42.790+0530] {logging_mixin.py:190} INFO - [2026-07-17T23:39:42.790+0530] {dagbag.py:588} INFO - Filling up the DagBag from /Users/bhavishyachallagolla/Desktop/RetailSense/.venv/lib/python3.12/site-packages/airflow/example_dags/tutorial_taskflow_api.py
[2026-07-17T23:39:42.802+0530] {processor.py:925} INFO - DAG(s) 'tutorial_taskflow_api' retrieved from /Users/bhavishyachallagolla/Desktop/RetailSense/.venv/lib/python3.12/site-packages/airflow/example_dags/tutorial_taskflow_api.py
[2026-07-17T23:39:42.827+0530] {logging_mixin.py:190} INFO - [2026-07-17T23:39:42.826+0530] {dag.py:3239} INFO - Sync 1 DAGs
[2026-07-17T23:39:42.829+0530] {logging_mixin.py:190} INFO - [2026-07-17T23:39:42.829+0530] {dag.py:4180} INFO - Setting next_dagrun for tutorial_taskflow_api to None, run_after=None
[2026-07-17T23:39:42.834+0530] {processor.py:208} INFO - Processing /Users/bhavishyachallagolla/Desktop/RetailSense/.venv/lib/python3.12/site-packages/airflow/example_dags/tutorial_taskflow_api.py took 0.046 seconds
[2026-07-17T23:40:33.284+0530] {processor.py:186} INFO - Started process (PID=99427) to work on /Users/bhavishyachallagolla/Desktop/RetailSense/.venv/lib/python3.12/site-packages/airflow/example_dags/tutorial_taskflow_api.py
[2026-07-17T23:40:33.284+0530] {processor.py:914} INFO - Processing file /Users/bhavishyachallagolla/Desktop/RetailSense/.venv/lib/python3.12/site-packages/airflow/example_dags/tutorial_taskflow_api.py for tasks to queue
[2026-07-17T23:40:33.285+0530] {logging_mixin.py:190} INFO - [2026-07-17T23:40:33.284+0530] {dagbag.py:588} INFO - Filling up the DagBag from /Users/bhavishyachallagolla/Desktop/RetailSense/.venv/lib/python3.12/site-packages/airflow/example_dags/tutorial_taskflow_api.py
[2026-07-17T23:40:33.296+0530] {processor.py:925} INFO - DAG(s) 'tutorial_taskflow_api' retrieved from /Users/bhavishyachallagolla/Desktop/RetailSense/.venv/lib/python3.12/site-packages/airflow/example_dags/tutorial_taskflow_api.py
[2026-07-17T23:40:33.321+0530] {logging_mixin.py:190} INFO - [2026-07-17T23:40:33.321+0530] {dag.py:3239} INFO - Sync 1 DAGs
[2026-07-17T23:40:33.323+0530] {logging_mixin.py:190} INFO - [2026-07-17T23:40:33.323+0530] {dag.py:4180} INFO - Setting next_dagrun for tutorial_taskflow_api to None, run_after=None
[2026-07-17T23:40:33.328+0530] {processor.py:208} INFO - Processing /Users/bhavishyachallagolla/Desktop/RetailSense/.venv/lib/python3.12/site-packages/airflow/example_dags/tutorial_taskflow_api.py took 0.045 seconds
[2026-07-17T23:41:25.550+0530] {processor.py:186} INFO - Started process (PID=99504) to work on /Users/bhavishyachallagolla/Desktop/RetailSense/.venv/lib/python3.12/site-packages/airflow/example_dags/tutorial_taskflow_api.py
[2026-07-17T23:41:25.551+0530] {processor.py:914} INFO - Processing file /Users/bhavishyachallagolla/Desktop/RetailSense/.venv/lib/python3.12/site-packages/airflow/example_dags/tutorial_taskflow_api.py for tasks to queue
[2026-07-17T23:41:25.551+0530] {logging_mixin.py:190} INFO - [2026-07-17T23:41:25.551+0530] {dagbag.py:588} INFO - Filling up the DagBag from /Users/bhavishyachallagolla/Desktop/RetailSense/.venv/lib/python3.12/site-packages/airflow/example_dags/tutorial_taskflow_api.py
[2026-07-17T23:41:25.563+0530] {processor.py:925} INFO - DAG(s) 'tutorial_taskflow_api' retrieved from /Users/bhavishyachallagolla/Desktop/RetailSense/.venv/lib/python3.12/site-packages/airflow/example_dags/tutorial_taskflow_api.py
[2026-07-17T23:41:25.586+0530] {logging_mixin.py:190} INFO - [2026-07-17T23:41:25.586+0530] {dag.py:3239} INFO - Sync 1 DAGs
[2026-07-17T23:41:25.589+0530] {logging_mixin.py:190} INFO - [2026-07-17T23:41:25.589+0530] {dag.py:4180} INFO - Setting next_dagrun for tutorial_taskflow_api to None, run_after=None
[2026-07-17T23:41:25.593+0530] {processor.py:208} INFO - Processing /Users/bhavishyachallagolla/Desktop/RetailSense/.venv/lib/python3.12/site-packages/airflow/example_dags/tutorial_taskflow_api.py took 0.044 seconds
[2026-07-17T23:42:17.364+0530] {processor.py:186} INFO - Started process (PID=99585) to work on /Users/bhavishyachallagolla/Desktop/RetailSense/.venv/lib/python3.12/site-packages/airflow/example_dags/tutorial_taskflow_api.py
[2026-07-17T23:42:17.365+0530] {processor.py:914} INFO - Processing file /Users/bhavishyachallagolla/Desktop/RetailSense/.venv/lib/python3.12/site-packages/airflow/example_dags/tutorial_taskflow_api.py for tasks to queue
[2026-07-17T23:42:17.365+0530] {logging_mixin.py:190} INFO - [2026-07-17T23:42:17.365+0530] {dagbag.py:588} INFO - Filling up the DagBag from /Users/bhavishyachallagolla/Desktop/RetailSense/.venv/lib/python3.12/site-packages/airflow/example_dags/tutorial_taskflow_api.py
[2026-07-17T23:42:17.376+0530] {processor.py:925} INFO - DAG(s) 'tutorial_taskflow_api' retrieved from /Users/bhavishyachallagolla/Desktop/RetailSense/.venv/lib/python3.12/site-packages/airflow/example_dags/tutorial_taskflow_api.py
[2026-07-17T23:42:17.400+0530] {logging_mixin.py:190} INFO - [2026-07-17T23:42:17.400+0530] {dag.py:3239} INFO - Sync 1 DAGs
[2026-07-17T23:42:17.403+0530] {logging_mixin.py:190} INFO - [2026-07-17T23:42:17.403+0530] {dag.py:4180} INFO - Setting next_dagrun for tutorial_taskflow_api to None, run_after=None
[2026-07-17T23:42:17.407+0530] {processor.py:208} INFO - Processing /Users/bhavishyachallagolla/Desktop/RetailSense/.venv/lib/python3.12/site-packages/airflow/example_dags/tutorial_taskflow_api.py took 0.044 seconds
[2026-07-17T23:43:06.784+0530] {processor.py:186} INFO - Started process (PID=99662) to work on /Users/bhavishyachallagolla/Desktop/RetailSense/.venv/lib/python3.12/site-packages/airflow/example_dags/tutorial_taskflow_api.py
[2026-07-17T23:43:06.784+0530] {processor.py:914} INFO - Processing file /Users/bhavishyachallagolla/Desktop/RetailSense/.venv/lib/python3.12/site-packages/airflow/example_dags/tutorial_taskflow_api.py for tasks to queue
[2026-07-17T23:43:06.785+0530] {logging_mixin.py:190} INFO - [2026-07-17T23:43:06.785+0530] {dagbag.py:588} INFO - Filling up the DagBag from /Users/bhavishyachallagolla/Desktop/RetailSense/.venv/lib/python3.12/site-packages/airflow/example_dags/tutorial_taskflow_api.py
[2026-07-17T23:43:06.798+0530] {processor.py:925} INFO - DAG(s) 'tutorial_taskflow_api' retrieved from /Users/bhavishyachallagolla/Desktop/RetailSense/.venv/lib/python3.12/site-packages/airflow/example_dags/tutorial_taskflow_api.py
[2026-07-17T23:43:06.823+0530] {logging_mixin.py:190} INFO - [2026-07-17T23:43:06.822+0530] {dag.py:3239} INFO - Sync 1 DAGs
[2026-07-17T23:43:06.825+0530] {logging_mixin.py:190} INFO - [2026-07-17T23:43:06.825+0530] {dag.py:4180} INFO - Setting next_dagrun for tutorial_taskflow_api to None, run_after=None
[2026-07-17T23:43:06.830+0530] {processor.py:208} INFO - Processing /Users/bhavishyachallagolla/Desktop/RetailSense/.venv/lib/python3.12/site-packages/airflow/example_dags/tutorial_taskflow_api.py took 0.047 seconds
[2026-07-17T23:43:57.336+0530] {processor.py:186} INFO - Started process (PID=99738) to work on /Users/bhavishyachallagolla/Desktop/RetailSense/.venv/lib/python3.12/site-packages/airflow/example_dags/tutorial_taskflow_api.py
[2026-07-17T23:43:57.336+0530] {processor.py:914} INFO - Processing file /Users/bhavishyachallagolla/Desktop/RetailSense/.venv/lib/python3.12/site-packages/airflow/example_dags/tutorial_taskflow_api.py for tasks to queue
[2026-07-17T23:43:57.337+0530] {logging_mixin.py:190} INFO - [2026-07-17T23:43:57.337+0530] {dagbag.py:588} INFO - Filling up the DagBag from /Users/bhavishyachallagolla/Desktop/RetailSense/.venv/lib/python3.12/site-packages/airflow/example_dags/tutorial_taskflow_api.py
[2026-07-17T23:43:57.349+0530] {processor.py:925} INFO - DAG(s) 'tutorial_taskflow_api' retrieved from /Users/bhavishyachallagolla/Desktop/RetailSense/.venv/lib/python3.12/site-packages/airflow/example_dags/tutorial_taskflow_api.py
[2026-07-17T23:43:57.373+0530] {logging_mixin.py:190} INFO - [2026-07-17T23:43:57.372+0530] {dag.py:3239} INFO - Sync 1 DAGs
[2026-07-17T23:43:57.375+0530] {logging_mixin.py:190} INFO - [2026-07-17T23:43:57.375+0530] {dag.py:4180} INFO - Setting next_dagrun for tutorial_taskflow_api to None, run_after=None
[2026-07-17T23:43:57.380+0530] {processor.py:208} INFO - Processing /Users/bhavishyachallagolla/Desktop/RetailSense/.venv/lib/python3.12/site-packages/airflow/example_dags/tutorial_taskflow_api.py took 0.045 seconds
[2026-07-17T23:44:48.673+0530] {processor.py:186} INFO - Started process (PID=99816) to work on /Users/bhavishyachallagolla/Desktop/RetailSense/.venv/lib/python3.12/site-packages/airflow/example_dags/tutorial_taskflow_api.py
[2026-07-17T23:44:48.674+0530] {processor.py:914} INFO - Processing file /Users/bhavishyachallagolla/Desktop/RetailSense/.venv/lib/python3.12/site-packages/airflow/example_dags/tutorial_taskflow_api.py for tasks to queue
[2026-07-17T23:44:48.674+0530] {logging_mixin.py:190} INFO - [2026-07-17T23:44:48.674+0530] {dagbag.py:588} INFO - Filling up the DagBag from /Users/bhavishyachallagolla/Desktop/RetailSense/.venv/lib/python3.12/site-packages/airflow/example_dags/tutorial_taskflow_api.py
[2026-07-17T23:44:48.686+0530] {processor.py:925} INFO - DAG(s) 'tutorial_taskflow_api' retrieved from /Users/bhavishyachallagolla/Desktop/RetailSense/.venv/lib/python3.12/site-packages/airflow/example_dags/tutorial_taskflow_api.py
[2026-07-17T23:44:48.710+0530] {logging_mixin.py:190} INFO - [2026-07-17T23:44:48.710+0530] {dag.py:3239} INFO - Sync 1 DAGs
[2026-07-17T23:44:48.713+0530] {logging_mixin.py:190} INFO - [2026-07-17T23:44:48.713+0530] {dag.py:4180} INFO - Setting next_dagrun for tutorial_taskflow_api to None, run_after=None
[2026-07-17T23:44:48.718+0530] {processor.py:208} INFO - Processing /Users/bhavishyachallagolla/Desktop/RetailSense/.venv/lib/python3.12/site-packages/airflow/example_dags/tutorial_taskflow_api.py took 0.046 seconds
[2026-07-17T23:45:40.423+0530] {processor.py:186} INFO - Started process (PID=99895) to work on /Users/bhavishyachallagolla/Desktop/RetailSense/.venv/lib/python3.12/site-packages/airflow/example_dags/tutorial_taskflow_api.py
[2026-07-17T23:45:40.423+0530] {processor.py:914} INFO - Processing file /Users/bhavishyachallagolla/Desktop/RetailSense/.venv/lib/python3.12/site-packages/airflow/example_dags/tutorial_taskflow_api.py for tasks to queue
[2026-07-17T23:45:40.423+0530] {logging_mixin.py:190} INFO - [2026-07-17T23:45:40.423+0530] {dagbag.py:588} INFO - Filling up the DagBag from /Users/bhavishyachallagolla/Desktop/RetailSense/.venv/lib/python3.12/site-packages/airflow/example_dags/tutorial_taskflow_api.py
[2026-07-17T23:45:40.435+0530] {processor.py:925} INFO - DAG(s) 'tutorial_taskflow_api' retrieved from /Users/bhavishyachallagolla/Desktop/RetailSense/.venv/lib/python3.12/site-packages/airflow/example_dags/tutorial_taskflow_api.py
[2026-07-17T23:45:40.459+0530] {logging_mixin.py:190} INFO - [2026-07-17T23:45:40.459+0530] {dag.py:3239} INFO - Sync 1 DAGs
[2026-07-17T23:45:40.462+0530] {logging_mixin.py:190} INFO - [2026-07-17T23:45:40.462+0530] {dag.py:4180} INFO - Setting next_dagrun for tutorial_taskflow_api to None, run_after=None
[2026-07-17T23:45:40.466+0530] {processor.py:208} INFO - Processing /Users/bhavishyachallagolla/Desktop/RetailSense/.venv/lib/python3.12/site-packages/airflow/example_dags/tutorial_taskflow_api.py took 0.045 seconds
[2026-07-17T23:46:33.199+0530] {processor.py:186} INFO - Started process (PID=99976) to work on /Users/bhavishyachallagolla/Desktop/RetailSense/.venv/lib/python3.12/site-packages/airflow/example_dags/tutorial_taskflow_api.py
[2026-07-17T23:46:33.200+0530] {processor.py:914} INFO - Processing file /Users/bhavishyachallagolla/Desktop/RetailSense/.venv/lib/python3.12/site-packages/airflow/example_dags/tutorial_taskflow_api.py for tasks to queue
[2026-07-17T23:46:33.200+0530] {logging_mixin.py:190} INFO - [2026-07-17T23:46:33.200+0530] {dagbag.py:588} INFO - Filling up the DagBag from /Users/bhavishyachallagolla/Desktop/RetailSense/.venv/lib/python3.12/site-packages/airflow/example_dags/tutorial_taskflow_api.py
[2026-07-17T23:46:33.212+0530] {processor.py:925} INFO - DAG(s) 'tutorial_taskflow_api' retrieved from /Users/bhavishyachallagolla/Desktop/RetailSense/.venv/lib/python3.12/site-packages/airflow/example_dags/tutorial_taskflow_api.py
[2026-07-17T23:46:33.236+0530] {logging_mixin.py:190} INFO - [2026-07-17T23:46:33.236+0530] {dag.py:3239} INFO - Sync 1 DAGs
[2026-07-17T23:46:33.239+0530] {logging_mixin.py:190} INFO - [2026-07-17T23:46:33.239+0530] {dag.py:4180} INFO - Setting next_dagrun for tutorial_taskflow_api to None, run_after=None
[2026-07-17T23:46:33.244+0530] {processor.py:208} INFO - Processing /Users/bhavishyachallagolla/Desktop/RetailSense/.venv/lib/python3.12/site-packages/airflow/example_dags/tutorial_taskflow_api.py took 0.045 seconds
[2026-07-17T23:47:24.501+0530] {processor.py:186} INFO - Started process (PID=153) to work on /Users/bhavishyachallagolla/Desktop/RetailSense/.venv/lib/python3.12/site-packages/airflow/example_dags/tutorial_taskflow_api.py
[2026-07-17T23:47:24.502+0530] {processor.py:914} INFO - Processing file /Users/bhavishyachallagolla/Desktop/RetailSense/.venv/lib/python3.12/site-packages/airflow/example_dags/tutorial_taskflow_api.py for tasks to queue
[2026-07-17T23:47:24.502+0530] {logging_mixin.py:190} INFO - [2026-07-17T23:47:24.502+0530] {dagbag.py:588} INFO - Filling up the DagBag from /Users/bhavishyachallagolla/Desktop/RetailSense/.venv/lib/python3.12/site-packages/airflow/example_dags/tutorial_taskflow_api.py
[2026-07-17T23:47:24.514+0530] {processor.py:925} INFO - DAG(s) 'tutorial_taskflow_api' retrieved from /Users/bhavishyachallagolla/Desktop/RetailSense/.venv/lib/python3.12/site-packages/airflow/example_dags/tutorial_taskflow_api.py
[2026-07-17T23:47:24.539+0530] {logging_mixin.py:190} INFO - [2026-07-17T23:47:24.538+0530] {dag.py:3239} INFO - Sync 1 DAGs
[2026-07-17T23:47:24.541+0530] {logging_mixin.py:190} INFO - [2026-07-17T23:47:24.541+0530] {dag.py:4180} INFO - Setting next_dagrun for tutorial_taskflow_api to None, run_after=None
[2026-07-17T23:47:24.546+0530] {processor.py:208} INFO - Processing /Users/bhavishyachallagolla/Desktop/RetailSense/.venv/lib/python3.12/site-packages/airflow/example_dags/tutorial_taskflow_api.py took 0.046 seconds
[2026-07-17T23:48:32.753+0530] {processor.py:186} INFO - Started process (PID=261) to work on /Users/bhavishyachallagolla/Desktop/RetailSense/.venv/lib/python3.12/site-packages/airflow/example_dags/tutorial_taskflow_api.py
[2026-07-17T23:48:32.753+0530] {processor.py:914} INFO - Processing file /Users/bhavishyachallagolla/Desktop/RetailSense/.venv/lib/python3.12/site-packages/airflow/example_dags/tutorial_taskflow_api.py for tasks to queue
[2026-07-17T23:48:32.754+0530] {logging_mixin.py:190} INFO - [2026-07-17T23:48:32.754+0530] {dagbag.py:588} INFO - Filling up the DagBag from /Users/bhavishyachallagolla/Desktop/RetailSense/.venv/lib/python3.12/site-packages/airflow/example_dags/tutorial_taskflow_api.py
[2026-07-17T23:48:32.765+0530] {processor.py:925} INFO - DAG(s) 'tutorial_taskflow_api' retrieved from /Users/bhavishyachallagolla/Desktop/RetailSense/.venv/lib/python3.12/site-packages/airflow/example_dags/tutorial_taskflow_api.py
[2026-07-17T23:48:32.790+0530] {logging_mixin.py:190} INFO - [2026-07-17T23:48:32.789+0530] {dag.py:3239} INFO - Sync 1 DAGs
[2026-07-17T23:48:32.792+0530] {logging_mixin.py:190} INFO - [2026-07-17T23:48:32.792+0530] {dag.py:4180} INFO - Setting next_dagrun for tutorial_taskflow_api to None, run_after=None
[2026-07-17T23:48:32.797+0530] {processor.py:208} INFO - Processing /Users/bhavishyachallagolla/Desktop/RetailSense/.venv/lib/python3.12/site-packages/airflow/example_dags/tutorial_taskflow_api.py took 0.045 seconds
[2026-07-17T23:49:25.622+0530] {processor.py:186} INFO - Started process (PID=356) to work on /Users/bhavishyachallagolla/Desktop/RetailSense/.venv/lib/python3.12/site-packages/airflow/example_dags/tutorial_taskflow_api.py
[2026-07-17T23:49:25.622+0530] {processor.py:914} INFO - Processing file /Users/bhavishyachallagolla/Desktop/RetailSense/.venv/lib/python3.12/site-packages/airflow/example_dags/tutorial_taskflow_api.py for tasks to queue
[2026-07-17T23:49:25.622+0530] {logging_mixin.py:190} INFO - [2026-07-17T23:49:25.622+0530] {dagbag.py:588} INFO - Filling up the DagBag from /Users/bhavishyachallagolla/Desktop/RetailSense/.venv/lib/python3.12/site-packages/airflow/example_dags/tutorial_taskflow_api.py
[2026-07-17T23:49:25.634+0530] {processor.py:925} INFO - DAG(s) 'tutorial_taskflow_api' retrieved from /Users/bhavishyachallagolla/Desktop/RetailSense/.venv/lib/python3.12/site-packages/airflow/example_dags/tutorial_taskflow_api.py
[2026-07-17T23:49:25.657+0530] {logging_mixin.py:190} INFO - [2026-07-17T23:49:25.657+0530] {dag.py:3239} INFO - Sync 1 DAGs
[2026-07-17T23:49:25.660+0530] {logging_mixin.py:190} INFO - [2026-07-17T23:49:25.660+0530] {dag.py:4180} INFO - Setting next_dagrun for tutorial_taskflow_api to None, run_after=None
[2026-07-17T23:49:25.665+0530] {processor.py:208} INFO - Processing /Users/bhavishyachallagolla/Desktop/RetailSense/.venv/lib/python3.12/site-packages/airflow/example_dags/tutorial_taskflow_api.py took 0.044 seconds
[2026-07-17T23:50:17.131+0530] {processor.py:186} INFO - Started process (PID=474) to work on /Users/bhavishyachallagolla/Desktop/RetailSense/.venv/lib/python3.12/site-packages/airflow/example_dags/tutorial_taskflow_api.py
[2026-07-17T23:50:17.132+0530] {processor.py:914} INFO - Processing file /Users/bhavishyachallagolla/Desktop/RetailSense/.venv/lib/python3.12/site-packages/airflow/example_dags/tutorial_taskflow_api.py for tasks to queue
[2026-07-17T23:50:17.132+0530] {logging_mixin.py:190} INFO - [2026-07-17T23:50:17.132+0530] {dagbag.py:588} INFO - Filling up the DagBag from /Users/bhavishyachallagolla/Desktop/RetailSense/.venv/lib/python3.12/site-packages/airflow/example_dags/tutorial_taskflow_api.py
[2026-07-17T23:50:17.144+0530] {processor.py:925} INFO - DAG(s) 'tutorial_taskflow_api' retrieved from /Users/bhavishyachallagolla/Desktop/RetailSense/.venv/lib/python3.12/site-packages/airflow/example_dags/tutorial_taskflow_api.py
[2026-07-17T23:50:17.168+0530] {logging_mixin.py:190} INFO - [2026-07-17T23:50:17.168+0530] {dag.py:3239} INFO - Sync 1 DAGs
[2026-07-17T23:50:17.171+0530] {logging_mixin.py:190} INFO - [2026-07-17T23:50:17.171+0530] {dag.py:4180} INFO - Setting next_dagrun for tutorial_taskflow_api to None, run_after=None
[2026-07-17T23:50:17.176+0530] {processor.py:208} INFO - Processing /Users/bhavishyachallagolla/Desktop/RetailSense/.venv/lib/python3.12/site-packages/airflow/example_dags/tutorial_taskflow_api.py took 0.045 seconds
[2026-07-17T23:51:09.346+0530] {processor.py:186} INFO - Started process (PID=582) to work on /Users/bhavishyachallagolla/Desktop/RetailSense/.venv/lib/python3.12/site-packages/airflow/example_dags/tutorial_taskflow_api.py
[2026-07-17T23:51:09.347+0530] {processor.py:914} INFO - Processing file /Users/bhavishyachallagolla/Desktop/RetailSense/.venv/lib/python3.12/site-packages/airflow/example_dags/tutorial_taskflow_api.py for tasks to queue
[2026-07-17T23:51:09.347+0530] {logging_mixin.py:190} INFO - [2026-07-17T23:51:09.347+0530] {dagbag.py:588} INFO - Filling up the DagBag from /Users/bhavishyachallagolla/Desktop/RetailSense/.venv/lib/python3.12/site-packages/airflow/example_dags/tutorial_taskflow_api.py
[2026-07-17T23:51:09.359+0530] {processor.py:925} INFO - DAG(s) 'tutorial_taskflow_api' retrieved from /Users/bhavishyachallagolla/Desktop/RetailSense/.venv/lib/python3.12/site-packages/airflow/example_dags/tutorial_taskflow_api.py
[2026-07-17T23:51:09.383+0530] {logging_mixin.py:190} INFO - [2026-07-17T23:51:09.383+0530] {dag.py:3239} INFO - Sync 1 DAGs
[2026-07-17T23:51:09.386+0530] {logging_mixin.py:190} INFO - [2026-07-17T23:51:09.386+0530] {dag.py:4180} INFO - Setting next_dagrun for tutorial_taskflow_api to None, run_after=None
[2026-07-17T23:51:09.391+0530] {processor.py:208} INFO - Processing /Users/bhavishyachallagolla/Desktop/RetailSense/.venv/lib/python3.12/site-packages/airflow/example_dags/tutorial_taskflow_api.py took 0.046 seconds
[2026-07-17T23:52:01.117+0530] {processor.py:186} INFO - Started process (PID=717) to work on /Users/bhavishyachallagolla/Desktop/RetailSense/.venv/lib/python3.12/site-packages/airflow/example_dags/tutorial_taskflow_api.py
[2026-07-17T23:52:01.117+0530] {processor.py:914} INFO - Processing file /Users/bhavishyachallagolla/Desktop/RetailSense/.venv/lib/python3.12/site-packages/airflow/example_dags/tutorial_taskflow_api.py for tasks to queue
[2026-07-17T23:52:01.118+0530] {logging_mixin.py:190} INFO - [2026-07-17T23:52:01.118+0530] {dagbag.py:588} INFO - Filling up the DagBag from /Users/bhavishyachallagolla/Desktop/RetailSense/.venv/lib/python3.12/site-packages/airflow/example_dags/tutorial_taskflow_api.py
[2026-07-17T23:52:01.130+0530] {processor.py:925} INFO - DAG(s) 'tutorial_taskflow_api' retrieved from /Users/bhavishyachallagolla/Desktop/RetailSense/.venv/lib/python3.12/site-packages/airflow/example_dags/tutorial_taskflow_api.py
[2026-07-17T23:52:01.155+0530] {logging_mixin.py:190} INFO - [2026-07-17T23:52:01.154+0530] {dag.py:3239} INFO - Sync 1 DAGs
[2026-07-17T23:52:01.158+0530] {logging_mixin.py:190} INFO - [2026-07-17T23:52:01.157+0530] {dag.py:4180} INFO - Setting next_dagrun for tutorial_taskflow_api to None, run_after=None
[2026-07-17T23:52:01.162+0530] {processor.py:208} INFO - Processing /Users/bhavishyachallagolla/Desktop/RetailSense/.venv/lib/python3.12/site-packages/airflow/example_dags/tutorial_taskflow_api.py took 0.047 seconds
[2026-07-17T23:52:51.211+0530] {processor.py:186} INFO - Started process (PID=828) to work on /Users/bhavishyachallagolla/Desktop/RetailSense/.venv/lib/python3.12/site-packages/airflow/example_dags/tutorial_taskflow_api.py
[2026-07-17T23:52:51.212+0530] {processor.py:914} INFO - Processing file /Users/bhavishyachallagolla/Desktop/RetailSense/.venv/lib/python3.12/site-packages/airflow/example_dags/tutorial_taskflow_api.py for tasks to queue
[2026-07-17T23:52:51.212+0530] {logging_mixin.py:190} INFO - [2026-07-17T23:52:51.212+0530] {dagbag.py:588} INFO - Filling up the DagBag from /Users/bhavishyachallagolla/Desktop/RetailSense/.venv/lib/python3.12/site-packages/airflow/example_dags/tutorial_taskflow_api.py
[2026-07-17T23:52:51.224+0530] {processor.py:925} INFO - DAG(s) 'tutorial_taskflow_api' retrieved from /Users/bhavishyachallagolla/Desktop/RetailSense/.venv/lib/python3.12/site-packages/airflow/example_dags/tutorial_taskflow_api.py
[2026-07-17T23:52:51.249+0530] {logging_mixin.py:190} INFO - [2026-07-17T23:52:51.249+0530] {dag.py:3239} INFO - Sync 1 DAGs
[2026-07-17T23:52:51.252+0530] {logging_mixin.py:190} INFO - [2026-07-17T23:52:51.252+0530] {dag.py:4180} INFO - Setting next_dagrun for tutorial_taskflow_api to None, run_after=None
[2026-07-17T23:52:51.256+0530] {processor.py:208} INFO - Processing /Users/bhavishyachallagolla/Desktop/RetailSense/.venv/lib/python3.12/site-packages/airflow/example_dags/tutorial_taskflow_api.py took 0.046 seconds
[2026-07-17T23:53:50.934+0530] {processor.py:186} INFO - Started process (PID=951) to work on /Users/bhavishyachallagolla/Desktop/RetailSense/.venv/lib/python3.12/site-packages/airflow/example_dags/tutorial_taskflow_api.py
[2026-07-17T23:53:50.934+0530] {processor.py:914} INFO - Processing file /Users/bhavishyachallagolla/Desktop/RetailSense/.venv/lib/python3.12/site-packages/airflow/example_dags/tutorial_taskflow_api.py for tasks to queue
[2026-07-17T23:53:50.935+0530] {logging_mixin.py:190} INFO - [2026-07-17T23:53:50.935+0530] {dagbag.py:588} INFO - Filling up the DagBag from /Users/bhavishyachallagolla/Desktop/RetailSense/.venv/lib/python3.12/site-packages/airflow/example_dags/tutorial_taskflow_api.py
[2026-07-17T23:53:50.946+0530] {processor.py:925} INFO - DAG(s) 'tutorial_taskflow_api' retrieved from /Users/bhavishyachallagolla/Desktop/RetailSense/.venv/lib/python3.12/site-packages/airflow/example_dags/tutorial_taskflow_api.py
[2026-07-17T23:53:50.971+0530] {logging_mixin.py:190} INFO - [2026-07-17T23:53:50.971+0530] {dag.py:3239} INFO - Sync 1 DAGs
[2026-07-17T23:53:50.974+0530] {logging_mixin.py:190} INFO - [2026-07-17T23:53:50.974+0530] {dag.py:4180} INFO - Setting next_dagrun for tutorial_taskflow_api to None, run_after=None
[2026-07-17T23:53:50.978+0530] {processor.py:208} INFO - Processing /Users/bhavishyachallagolla/Desktop/RetailSense/.venv/lib/python3.12/site-packages/airflow/example_dags/tutorial_taskflow_api.py took 0.045 seconds
[2026-07-17T23:54:51.258+0530] {processor.py:186} INFO - Started process (PID=1048) to work on /Users/bhavishyachallagolla/Desktop/RetailSense/.venv/lib/python3.12/site-packages/airflow/example_dags/tutorial_taskflow_api.py
[2026-07-17T23:54:51.259+0530] {processor.py:914} INFO - Processing file /Users/bhavishyachallagolla/Desktop/RetailSense/.venv/lib/python3.12/site-packages/airflow/example_dags/tutorial_taskflow_api.py for tasks to queue
[2026-07-17T23:54:51.260+0530] {logging_mixin.py:190} INFO - [2026-07-17T23:54:51.260+0530] {dagbag.py:588} INFO - Filling up the DagBag from /Users/bhavishyachallagolla/Desktop/RetailSense/.venv/lib/python3.12/site-packages/airflow/example_dags/tutorial_taskflow_api.py
[2026-07-17T23:54:51.271+0530] {processor.py:925} INFO - DAG(s) 'tutorial_taskflow_api' retrieved from /Users/bhavishyachallagolla/Desktop/RetailSense/.venv/lib/python3.12/site-packages/airflow/example_dags/tutorial_taskflow_api.py
[2026-07-17T23:54:51.295+0530] {logging_mixin.py:190} INFO - [2026-07-17T23:54:51.295+0530] {dag.py:3239} INFO - Sync 1 DAGs
[2026-07-17T23:54:51.297+0530] {logging_mixin.py:190} INFO - [2026-07-17T23:54:51.297+0530] {dag.py:4180} INFO - Setting next_dagrun for tutorial_taskflow_api to None, run_after=None
[2026-07-17T23:54:51.302+0530] {processor.py:208} INFO - Processing /Users/bhavishyachallagolla/Desktop/RetailSense/.venv/lib/python3.12/site-packages/airflow/example_dags/tutorial_taskflow_api.py took 0.045 seconds
[2026-07-17T23:55:51.635+0530] {processor.py:186} INFO - Started process (PID=1156) to work on /Users/bhavishyachallagolla/Desktop/RetailSense/.venv/lib/python3.12/site-packages/airflow/example_dags/tutorial_taskflow_api.py
[2026-07-17T23:55:51.635+0530] {processor.py:914} INFO - Processing file /Users/bhavishyachallagolla/Desktop/RetailSense/.venv/lib/python3.12/site-packages/airflow/example_dags/tutorial_taskflow_api.py for tasks to queue
[2026-07-17T23:55:51.635+0530] {logging_mixin.py:190} INFO - [2026-07-17T23:55:51.635+0530] {dagbag.py:588} INFO - Filling up the DagBag from /Users/bhavishyachallagolla/Desktop/RetailSense/.venv/lib/python3.12/site-packages/airflow/example_dags/tutorial_taskflow_api.py
[2026-07-17T23:55:51.648+0530] {processor.py:925} INFO - DAG(s) 'tutorial_taskflow_api' retrieved from /Users/bhavishyachallagolla/Desktop/RetailSense/.venv/lib/python3.12/site-packages/airflow/example_dags/tutorial_taskflow_api.py
[2026-07-17T23:55:51.673+0530] {logging_mixin.py:190} INFO - [2026-07-17T23:55:51.673+0530] {dag.py:3239} INFO - Sync 1 DAGs
[2026-07-17T23:55:51.676+0530] {logging_mixin.py:190} INFO - [2026-07-17T23:55:51.676+0530] {dag.py:4180} INFO - Setting next_dagrun for tutorial_taskflow_api to None, run_after=None
[2026-07-17T23:55:51.681+0530] {processor.py:208} INFO - Processing /Users/bhavishyachallagolla/Desktop/RetailSense/.venv/lib/python3.12/site-packages/airflow/example_dags/tutorial_taskflow_api.py took 0.047 seconds
[2026-07-17T23:56:43.299+0530] {processor.py:186} INFO - Started process (PID=1233) to work on /Users/bhavishyachallagolla/Desktop/RetailSense/.venv/lib/python3.12/site-packages/airflow/example_dags/tutorial_taskflow_api.py
[2026-07-17T23:56:43.299+0530] {processor.py:914} INFO - Processing file /Users/bhavishyachallagolla/Desktop/RetailSense/.venv/lib/python3.12/site-packages/airflow/example_dags/tutorial_taskflow_api.py for tasks to queue
[2026-07-17T23:56:43.300+0530] {logging_mixin.py:190} INFO - [2026-07-17T23:56:43.300+0530] {dagbag.py:588} INFO - Filling up the DagBag from /Users/bhavishyachallagolla/Desktop/RetailSense/.venv/lib/python3.12/site-packages/airflow/example_dags/tutorial_taskflow_api.py
[2026-07-17T23:56:43.311+0530] {processor.py:925} INFO - DAG(s) 'tutorial_taskflow_api' retrieved from /Users/bhavishyachallagolla/Desktop/RetailSense/.venv/lib/python3.12/site-packages/airflow/example_dags/tutorial_taskflow_api.py
[2026-07-17T23:56:43.336+0530] {logging_mixin.py:190} INFO - [2026-07-17T23:56:43.336+0530] {dag.py:3239} INFO - Sync 1 DAGs
[2026-07-17T23:56:43.339+0530] {logging_mixin.py:190} INFO - [2026-07-17T23:56:43.339+0530] {dag.py:4180} INFO - Setting next_dagrun for tutorial_taskflow_api to None, run_after=None
[2026-07-17T23:56:43.343+0530] {processor.py:208} INFO - Processing /Users/bhavishyachallagolla/Desktop/RetailSense/.venv/lib/python3.12/site-packages/airflow/example_dags/tutorial_taskflow_api.py took 0.046 seconds
